sample	reference	read_id	start_0based	end_exclusive	strand	matching_bases	alignment_nt	cigar
AL	AL	SRR9034695.159	1892	2042	-	148	149	150M
AL	AL	SRR9034695.3740	2809	2959	+	148	150	150M
AL	AL	SRR9034695.8114	1539	1685	+	143	146	146M
AL	AL	SRR9034695.8172	656	806	+	150	150	150M
AL	AL	SRR9034695.8333	1539	1689	+	148	150	150M
AL	AL	SRR9034695.8618	159	309	-	149	150	150M
AL	AL	SRR9034695.11300	1702	1852	+	145	150	150M
AL	AL	SRR9034695.16917	3293	3443	-	146	150	150M
AL	AL	SRR9034695.20149	3721	3871	+	149	150	150M
AL	AL	SRR9034695.21801	1980	2130	-	150	150	150M
AL	AL	SRR9034695.21918	1980	2130	-	150	150	150M
AL	AL	SRR9034695.22367	3857	4007	+	150	150	150M
AL	AL	SRR9034695.22767	435	585	-	150	150	150M
AL	AL	SRR9034695.24506	2638	2788	+	148	150	150M
AL	AL	SRR9034695.24647	808	958	+	149	150	150M
AL	AL	SRR9034695.26654	3582	3732	+	149	150	150M
AL	AL	SRR9034695.29696	1444	1594	+	150	150	150M
AL	AL	SRR9034695.29826	1444	1594	+	146	150	150M
AL	AL	SRR9034695.32596	2886	3036	+	149	150	150M
AL	AL	SRR9034695.36325	3495	3645	+	150	150	150M
AL	AL	SRR9034695.40214	339	489	+	149	150	150M
AL	AL	SRR9034695.40339	2687	2837	-	150	150	150M
AL	AL	SRR9034695.43532	825	956	+	131	131	131M
AL	AL	SRR9034695.43817	3828	3978	-	148	150	150M
AL	AL	SRR9034695.44935	2374	2524	+	149	150	150M
AL	AL	SRR9034695.46044	1546	1696	-	149	150	150M
AL	AL	SRR9034695.47637	2836	2986	+	149	150	150M
AL	AL	SRR9034695.48327	1861	2011	-	150	150	150M
AL	AL	SRR9034695.53308	888	1038	-	150	150	150M
AL	AL	SRR9034695.53435	1702	1852	+	150	150	150M
AL	AL	SRR9034695.54306	1433	1583	+	150	150	150M
AL	AL	SRR9034695.57193	1331	1481	+	150	150	150M
AL	AL	SRR9034695.58650	1433	1583	+	150	150	150M
AL	AL	SRR9034695.59473	1331	1481	+	150	150	150M
AL	AL	SRR9034695.59520	2282	2432	+	149	150	150M
AL	AL	SRR9034695.62666	518	668	+	148	150	150M
AL	AL	SRR9034695.62810	1204	1354	+	150	150	150M
AL	AL	SRR9034695.64852	2224	2374	-	149	150	150M
AL	AL	SRR9034695.65991	2691	2841	-	150	150	150M
AL	AL	SRR9034695.66879	2234	2379	-	139	146	61M1I2M1D81M
AL	AL	SRR9034695.69543	1313	1463	-	150	150	150M
AL	AL	SRR9034695.72714	3064	3214	+	150	150	150M
AL	AL	SRR9034695.74742	2527	2677	+	150	150	150M
AL	AL	SRR9034695.76680	2687	2837	+	150	150	150M
AL	AL	SRR9034695.78275	3579	3729	-	150	150	150M
AL	AL	SRR9034695.81018	1011	1161	+	150	150	150M
AL	AL	SRR9034695.87347	1584	1734	-	150	150	150M
AL	AL	SRR9034695.87806	2582	2732	-	149	150	150M
AL	AL	SRR9034695.88993	3234	3384	+	150	150	150M
AL	AL	SRR9034695.90857	3146	3296	-	150	150	150M
AL	AL	SRR9034695.92628	3146	3296	-	150	150	150M
AL	AL	SRR9034695.95416	944	1094	+	150	150	150M
AL	AL	SRR9034695.98364	2876	3026	-	150	150	150M
AL	AL	SRR9034695.98589	3877	4008	+	131	131	131M
AL	AL	SRR9034695.99431	3877	4008	+	131	131	131M
AL	AL	SRR9034695.99911	3081	3231	+	150	150	150M
AL	AL	SRR9034695.100621	91	241	-	144	150	150M
AL	AL	SRR9034695.101340	1091	1241	-	150	150	150M
AL	AL	SRR9034695.101468	2075	2225	+	150	150	150M
AL	AL	SRR9034695.103432	2070	2220	-	150	150	150M
AL	AL	SRR9034695.105852	1835	1985	+	150	150	150M
AL	AL	SRR9034695.110032	1555	1705	+	149	150	150M
AL	AL	SRR9034695.113355	3175	3325	-	150	150	150M
AL	AL	SRR9034695.113699	2556	2706	-	150	150	150M
AL	AL	SRR9034695.113700	2556	2706	-	149	150	150M
AL	AL	SRR9034695.116239	2749	2899	-	150	150	150M
AL	AL	SRR9034695.117004	2240	2390	-	150	150	150M
AL	AL	SRR9034695.118890	2240	2390	-	150	150	150M
AL	AL	SRR9034695.118975	2393	2543	+	150	150	150M
AL	AL	SRR9034695.119711	1435	1585	+	150	150	150M
AL	AL	SRR9034695.124581	2223	2373	-	150	150	150M
AL	AL	SRR9034695.136743	2075	2225	+	149	150	150M
AL	AL	SRR9034695.139369	529	679	+	150	150	150M
AL	AL	SRR9034695.140106	3568	3718	+	150	150	150M
AL	AL	SRR9034695.141136	3579	3729	+	150	150	150M
AL	AL	SRR9034695.143250	3201	3351	-	150	150	150M
AL	AL	SRR9034695.147619	2420	2570	+	150	150	150M
AL	AL	SRR9034695.148863	1323	1473	-	150	150	150M
AL	AL	SRR9034695.153892	744	894	+	150	150	150M
AL	AL	SRR9034695.157339	1655	1805	-	150	150	150M
AL	AL	SRR9034695.157618	3454	3604	+	150	150	150M
AL	AL	SRR9034695.159810	1978	2128	+	150	150	150M
AL	AL	SRR9034695.160643	499	649	-	150	150	150M
AL	AL	SRR9034695.161416	3609	3759	+	149	150	150M
AL	AL	SRR9034695.162337	1859	2009	+	150	150	150M
AL	AL	SRR9034695.163113	2957	3107	+	150	150	150M
AL	AL	SRR9034695.166788	756	906	-	150	150	150M
AL	AL	SRR9034695.166980	2926	3076	-	150	150	150M
AL	AL	SRR9034695.168786	435	585	-	150	150	150M
AL	AL	SRR9034695.172826	903	1053	+	142	150	150M
AL	AL	SRR9034695.172885	437	587	+	149	150	150M
AL	AL	SRR9034695.174445	2766	2916	-	149	150	150M
AL	AL	SRR9034695.174552	1879	2029	+	150	150	150M
AL	AL	SRR9034695.175779	1805	1955	+	150	150	150M
AL	AL	SRR9034695.176248	3494	3644	+	150	150	150M
AL	AL	SRR9034695.178759	3222	3372	-	150	150	150M
AL	AL	SRR9034695.181736	1725	1875	-	150	150	150M
AL	AL	SRR9034695.181895	2137	2287	+	149	150	150M
AL	AL	SRR9034695.182300	1532	1682	-	150	150	150M
AL	AL	SRR9034695.182408	3165	3315	-	150	150	150M
AL	AL	SRR9034695.182713	3046	3196	+	150	150	150M
AL	AL	SRR9034695.184278	3222	3372	-	150	150	150M
AL	AL	SRR9034695.184821	3222	3372	-	150	150	150M
AL	AL	SRR9034695.185748	2661	2811	+	150	150	150M
AL	AL	SRR9034695.188655	1515	1665	-	150	150	150M
AL	AL	SRR9034695.191458	3005	3155	+	150	150	150M
AL	AL	SRR9034695.198736	2428	2578	-	150	150	150M
AL	AL	SRR9034695.201348	2495	2645	-	150	150	150M
AL	AL	SRR9034695.204264	3543	3693	-	150	150	150M
AL	AL	SRR9034695.204919	3305	3455	-	150	150	150M
AL	AL	SRR9034695.205415	3079	3229	-	150	150	150M
AL	AL	SRR9034695.209120	704	854	+	150	150	150M
AL	AL	SRR9034695.210681	1975	2125	+	150	150	150M
AL	AL	SRR9034695.211707	1458	1608	-	150	150	150M
AL	AL	SRR9034695.212628	2199	2349	-	150	150	150M
AL	AL	SRR9034695.214117	1997	2147	+	150	150	150M
AL	AL	SRR9034695.216377	3868	4008	+	140	140	140M
AL	AL	SRR9034695.219585	1890	2040	-	150	150	150M
AL	AL	SRR9034695.230850	2771	2921	+	150	150	150M
AL	AL	SRR9034695.232770	3141	3291	-	150	150	150M
AL	AL	SRR9034695.234324	2143	2293	-	149	150	150M
AL	AL	SRR9034695.234519	50	200	-	150	150	150M
AL	AL	SRR9034695.234819	50	200	-	150	150	150M
AL	AL	SRR9034695.236665	3380	3530	-	150	150	150M
AL	AL	SRR9034695.236875	259	405	-	146	146	146M
AL	AL	SRR9034695.238179	658	808	+	150	150	150M
AL	AL	SRR9034695.239176	3170	3320	-	150	150	150M
AL	AL	SRR9034695.239427	2273	2423	+	150	150	150M
AL	AL	SRR9034695.239848	364	514	+	150	150	150M
AL	AL	SRR9034695.241475	3292	3442	-	150	150	150M
AL	AL	SRR9034695.242007	1482	1632	+	150	150	150M
AL	AL	SRR9034695.242173	1347	1497	+	150	150	150M
AL	AL	SRR9034695.246141	73	223	-	150	150	150M
AL	AL	SRR9034695.246867	3630	3780	-	150	150	150M
AL	AL	SRR9034695.247641	1807	1957	+	150	150	150M
AL	AL	SRR9034695.248540	2355	2505	+	150	150	150M
AL	AL	SRR9034695.249446	1901	2051	+	150	150	150M
AL	AL	SRR9034695.253394	1801	1951	+	150	150	150M
AL	AL	SRR9034695.253941	2984	3134	+	150	150	150M
AL	AL	SRR9034695.255796	2138	2288	+	150	150	150M
AL	AL	SRR9034695.258050	2984	3134	+	150	150	150M
AL	AL	SRR9034695.260532	2774	2924	+	150	150	150M
AL	AL	SRR9034695.260669	2774	2924	+	150	150	150M
AL	AL	SRR9034695.265850	3554	3704	+	146	150	150M
AL	AL	SRR9034695.268007	3385	3535	+	150	150	150M
AL	AL	SRR9034695.275101	3169	3319	-	150	150	150M
AL	AL	SRR9034695.275391	2014	2164	-	148	150	150M
AL	AL	SRR9034695.277043	2499	2649	-	150	150	150M
AL	AL	SRR9034695.277731	3415	3565	-	150	150	150M
AL	AL	SRR9034695.278594	3415	3565	-	150	150	150M
AL	AL	SRR9034695.279536	2741	2891	-	150	150	150M
AL	AL	SRR9034695.280322	3156	3306	-	150	150	150M
AL	AL	SRR9034695.281060	2852	3002	-	150	150	150M
AL	AL	SRR9034695.283282	2852	3002	-	150	150	150M
AL	AL	SRR9034695.284612	3141	3291	-	149	150	150M
AL	AL	SRR9034695.287093	1803	1953	+	150	150	150M
AL	AL	SRR9034695.287143	2741	2891	-	150	150	150M
AL	AL	SRR9034695.287367	764	914	-	150	150	150M
AL	AL	SRR9034695.287797	2040	2190	-	150	150	150M
AL	AL	SRR9034695.289377	2822	2972	+	149	150	150M
AL	AL	SRR9034695.289662	2822	2972	+	149	150	150M
AL	AL	SRR9034695.289833	1967	2117	+	150	150	150M
AL	AL	SRR9034695.290385	2822	2972	+	149	150	150M
AL	AL	SRR9034695.291264	1061	1211	-	150	150	150M
AL	AL	SRR9034695.292167	1976	2126	-	150	150	150M
AL	AL	SRR9034695.292590	1967	2117	+	150	150	150M
AL	AL	SRR9034695.293166	54	204	+	150	150	150M
AL	AL	SRR9034695.301792	2229	2379	-	150	150	150M
AL	AL	SRR9034695.304335	3722	3872	+	150	150	150M
AL	AL	SRR9034695.305266	2663	2813	+	150	150	150M
AL	AL	SRR9034695.307467	986	1136	+	150	150	150M
AL	AL	SRR9034695.308321	2593	2743	+	150	150	150M
AL	AL	SRR9034695.308342	2826	2976	-	150	150	150M
AL	AL	SRR9034695.313133	202	352	-	150	150	150M
AL	AL	SRR9034695.313483	1286	1436	-	150	150	150M
AL	AL	SRR9034695.313604	3047	3197	+	150	150	150M
AL	AL	SRR9034695.313702	3771	3921	+	150	150	150M
AL	AL	SRR9034695.318290	2034	2184	-	149	150	150M
AL	AL	SRR9034695.318363	2979	3129	+	150	150	150M
AL	AL	SRR9034695.321856	1118	1268	+	149	150	150M
AL	AL	SRR9034695.326292	3394	3544	-	150	150	150M
AL	AL	SRR9034695.328711	2624	2774	-	150	150	150M
AL	AL	SRR9034695.330785	1128	1278	-	150	150	150M
AL	AL	SRR9034695.331103	1128	1278	-	150	150	150M
AL	AL	SRR9034695.335990	851	1001	+	150	150	150M
AL	AL	SRR9034695.341141	532	682	-	150	150	150M
AL	AL	SRR9034695.342126	3057	3207	+	150	150	150M
AL	AL	SRR9034695.344568	3317	3467	-	150	150	150M
AL	AL	SRR9034695.344796	2244	2394	+	150	150	150M
AL	AL	SRR9034695.346473	1288	1438	+	150	150	150M
AL	AL	SRR9034695.347213	1879	2029	-	150	150	150M
AL	AL	SRR9034695.347517	2244	2394	+	150	150	150M
AL	AL	SRR9034695.349671	3827	3977	+	150	150	150M
AL	AL	SRR9034695.350057	1527	1677	+	150	150	150M
AL	AL	SRR9034695.351069	1580	1730	-	150	150	150M
AL	AL	SRR9034695.352868	39	189	-	150	150	150M
AL	AL	SRR9034695.353202	3622	3772	-	150	150	150M
AL	AL	SRR9034695.355061	3721	3871	-	150	150	150M
AL	AL	SRR9034695.355402	1546	1696	-	150	150	150M
AL	AL	SRR9034695.357321	2588	2738	-	150	150	150M
AL	AL	SRR9034695.358216	3378	3528	-	150	150	150M
AL	AL	SRR9034695.366323	1282	1419	+	137	137	137M
AL	AL	SRR9034695.367674	2952	3102	-	150	150	150M
AL	AL	SRR9034695.369393	1038	1188	-	150	150	150M
AL	AL	SRR9034695.373857	2749	2899	-	150	150	150M
AL	AL	SRR9034695.379219	2959	3109	-	150	150	150M
AL	AL	SRR9034695.379929	1682	1832	-	150	150	150M
AL	AL	SRR9034695.383082	3472	3622	+	150	150	150M
AL	AL	SRR9034695.384337	3423	3573	+	150	150	150M
AL	AL	SRR9034695.387285	256	405	+	149	150	3M1I146M
AL	AL	SRR9034695.387688	686	836	-	150	150	150M
AL	AL	SRR9034695.388813	440	590	-	149	150	150M
AL	AL	SRR9034695.389727	542	692	-	150	150	150M
AL	AL	SRR9034695.389879	11	161	-	149	150	150M
AL	AL	SRR9034695.391567	2013	2163	-	149	150	150M
AL	AL	SRR9034695.391968	710	860	+	150	150	150M
AL	AL	SRR9034695.392833	1184	1334	-	146	150	150M
AL	AL	SRR9034695.395635	440	590	-	149	150	150M
AL	AL	SRR9034695.397112	817	967	+	150	150	150M
AL	AL	SRR9034695.397353	2800	2943	+	143	143	143M
AL	AL	SRR9034695.397553	2656	2790	-	134	134	134M
AL	AL	SRR9034695.398470	3496	3646	+	150	150	150M
AL	AL	SRR9034695.398835	2647	2797	+	150	150	150M
AL	AL	SRR9034695.399729	360	510	+	150	150	150M
AL	AL	SRR9034695.400265	3091	3241	+	150	150	150M
AL	AL	SRR9034695.403505	3318	3468	-	150	150	150M
AL	AL	SRR9034695.404585	2267	2417	-	150	150	150M
AL	AL	SRR9034695.405011	1028	1178	+	150	150	150M
AL	AL	SRR9034695.407472	3755	3905	-	150	150	150M
AL	AL	SRR9034695.408463	3136	3285	+	149	150	77M1I72M
AL	AL	SRR9034695.410944	3081	3231	+	150	150	150M
AL	AL	SRR9034695.412480	3607	3757	-	150	150	150M
AL	AL	SRR9034695.412758	3607	3757	-	150	150	150M
AL	AL	SRR9034695.414501	2273	2423	+	150	150	150M
AL	AL	SRR9034695.414835	3780	3930	+	150	150	150M
AL	AL	SRR9034695.417263	1570	1720	-	150	150	150M
AL	AL	SRR9034695.417424	1570	1720	-	150	150	150M
AL	AL	SRR9034695.418366	3496	3646	+	150	150	150M
AL	AL	SRR9034695.418544	1497	1647	-	149	150	150M
AL	AL	SRR9034695.419739	3310	3460	+	149	150	150M
AL	AL	SRR9034695.420243	3352	3502	+	150	150	150M
AL	AL	SRR9034695.421567	2588	2738	-	150	150	150M
AL	AL	SRR9034695.421800	3444	3594	+	150	150	150M
AL	AL	SRR9034695.424211	912	1062	-	150	150	150M
AL	AL	SRR9034695.425843	3662	3812	+	150	150	150M
AL	AL	SRR9034695.426035	3709	3859	-	150	150	150M
AL	AL	SRR9034695.427467	2952	3102	-	150	150	150M
AL	AL	SRR9034695.435146	1119	1269	+	150	150	150M
AL	AL	SRR9034695.435856	1584	1734	+	150	150	150M
AL	AL	SRR9034695.436124	1191	1341	+	150	150	150M
AL	AL	SRR9034695.438757	3244	3394	+	150	150	150M
AL	AL	SRR9034695.439936	3696	3846	-	150	150	150M
AL	AL	SRR9034695.440839	3325	3475	+	150	150	150M
AL	AL	SRR9034695.442591	2227	2377	+	150	150	150M
AL	AL	SRR9034695.445238	1274	1424	+	150	150	150M
AL	AL	SRR9034695.445802	1313	1463	-	150	150	150M
AL	AL	SRR9034695.447832	3805	3955	-	150	150	150M
AL	AL	SRR9034695.451643	2891	3041	+	150	150	150M
AL	AL	SRR9034695.452081	2427	2577	-	150	150	150M
AL	AL	SRR9034695.454211	39	189	-	150	150	150M
AL	AL	SRR9034695.455014	2837	2987	-	150	150	150M
AL	AL	SRR9034695.459121	411	561	+	149	150	150M
AL	AL	SRR9034695.460715	3577	3727	-	149	150	150M
AL	AL	SRR9034695.462080	2403	2553	+	149	150	150M
AL	AL	SRR9034695.465863	3458	3608	+	150	150	150M
AL	AL	SRR9034695.469264	1655	1805	-	150	150	150M
AL	AL	SRR9034695.471463	2994	3144	+	150	150	150M
AL	AL	SRR9034695.474642	3632	3782	-	150	150	150M
AL	AL	SRR9034695.475734	2953	3103	+	150	150	150M
AL	AL	SRR9034695.476118	435	585	+	149	150	150M
AL	AL	SRR9034695.476768	1858	2008	-	150	150	150M
AL	AL	SRR9034695.477825	1858	2008	-	149	150	150M
AL	AL	SRR9034695.480400	2950	3100	+	150	150	150M
AL	AL	SRR9034695.482388	3562	3712	+	148	150	150M
AL	AL	SRR9034695.482457	3188	3338	-	150	150	150M
AL	AL	SRR9034695.484668	3835	3985	-	150	150	150M
AL	AL	SRR9034695.487795	84	231	-	139	147	147M
AL	AL	SRR9034695.488497	87	231	-	139	144	144M
AL	AL	SRR9034695.488746	88	231	-	137	143	143M
AL	AL	SRR9034695.489014	3332	3482	+	146	150	150M
AL	AL	SRR9034695.489308	39	189	-	150	150	150M
AL	AL	SRR9034695.491391	2637	2776	-	131	139	139M
AL	AL	SRR9034695.493336	2054	2204	+	143	150	150M
AL	AL	SRR9034695.496286	1905	2055	-	150	150	150M
AL	AL	SRR9034695.496655	440	590	-	150	150	150M
AL	AL	SRR9034695.497723	1905	2055	-	149	150	150M
AL	AL	SRR9034695.499124	2176	2326	-	150	150	150M
AL	AL	SRR9034695.504587	3081	3231	+	140	150	150M
AL	AL	SRR9034695.506825	1596	1746	-	149	150	150M
AL	AL	SRR9034695.508474	1004	1154	-	150	150	150M
AL	AL	SRR9034695.510382	1596	1746	-	150	150	150M
AL	AL	SRR9034695.510998	1596	1746	-	142	150	150M
AL	AL	SRR9034695.510999	1596	1746	-	150	150	150M
AL	AL	SRR9034695.513370	1839	1989	-	143	150	150M
AL	AL	SRR9034695.519113	2179	2329	+	147	150	150M
AL	AL	SRR9034695.525276	56	193	-	135	137	137M
AL	AL	SRR9034695.528922	3633	3783	-	148	150	150M
AL	AL	SRR9034695.530499	2429	2579	-	149	150	150M
AL	AL	SRR9034695.531227	1291	1441	+	150	150	150M
AL	AL	SRR9034695.531228	1291	1441	+	149	150	150M
AL	AL	SRR9034695.536360	3843	3993	-	147	150	150M
AL	AL	SRR9034695.537699	2513	2663	+	149	149	150M
AL	AL	SRR9034695.541012	2985	3135	+	138	150	150M
AL	AL	SRR9034695.541015	2985	3135	+	146	150	150M
AL	AL	SRR9034695.542572	3067	3217	+	147	150	150M
AL	AL	SRR9034695.549939	3776	3926	+	149	150	150M
AL	AL	SRR9034695.549942	2670	2820	-	150	150	150M
AL	AL	SRR9034695.551724	2708	2858	-	149	150	150M
AL	AL	SRR9034695.551863	2708	2858	-	147	150	150M
AL	AL	SRR9034695.553773	2148	2294	-	145	146	146M
AL	AL	SRR9034695.553899	3806	3956	-	150	150	150M
AL	AL	SRR9034695.554045	3806	3956	-	150	150	150M
AL	AL	SRR9034695.554742	2016	2166	+	150	150	150M
AL	AL	SRR9034695.554821	1308	1458	-	143	150	150M
AL	AL	SRR9034695.558759	3309	3459	+	149	150	150M
AL	AL	SRR9034695.560874	3079	3229	-	150	150	150M
AL	AL	SRR9034695.563180	2253	2403	-	149	150	150M
AL	AL	SRR9034695.563683	2727	2877	-	146	150	150M
AL	AL	SRR9034695.564302	2253	2403	-	150	150	150M
AL	AL	SRR9034695.568166	2727	2877	-	149	150	150M
AL	AL	SRR9034695.568576	3334	3484	+	149	150	150M
AL	AL	SRR9034695.569684	2169	2319	-	150	150	150M
AL	AL	SRR9034695.570423	1485	1635	+	149	150	150M
AL	AL	SRR9034695.570699	2082	2232	-	149	150	150M
AL	AL	SRR9034695.570880	2687	2837	-	150	150	150M
AL	AL	SRR9034695.575672	1042	1192	-	142	150	150M
AL	AL	SRR9034695.576605	1592	1742	-	150	150	150M
AL	AL	SRR9034695.579697	986	1136	-	149	150	150M
AL	AL	SRR9034695.581672	1801	1951	+	149	150	150M
AL	AL	SRR9034695.582574	2809	2959	+	149	150	150M
AL	AL	SRR9034695.582737	3444	3594	-	150	150	150M
AL	AL	SRR9034695.582918	77	227	+	150	150	150M
AL	AL	SRR9034695.583713	3458	3608	+	149	150	150M
AL	AL	SRR9034695.584600	1871	2021	+	148	150	150M
AL	AL	SRR9034695.587784	1857	2007	+	149	150	150M
AL	AL	SRR9034695.588378	1909	2059	-	150	150	150M
AL	AL	SRR9034695.588781	2174	2324	-	149	150	150M
AL	AL	SRR9034695.591874	1658	1808	+	150	150	150M
AL	AL	SRR9034695.594019	3392	3542	-	150	150	150M
AL	AL	SRR9034695.595022	3392	3542	-	150	150	150M
AL	AL	SRR9034695.596357	3148	3298	-	149	150	150M
AL	AL	SRR9034695.597372	2148	2298	-	147	150	150M
AL	AL	SRR9034695.598585	999	1149	-	149	150	150M
AL	AL	SRR9034695.602319	3830	3980	-	149	150	150M
AL	AL	SRR9034695.605260	2367	2517	-	150	150	150M
AL	AL	SRR9034695.608382	1986	2136	+	150	150	150M
AL	AL	SRR9034695.609036	3619	3769	-	150	150	150M
AL	AL	SRR9034695.609058	2241	2391	+	150	150	150M
AL	AL	SRR9034695.615290	614	764	-	150	150	150M
AL	AL	SRR9034695.618406	2815	2965	+	150	150	150M
AL	AL	SRR9034695.620345	2815	2965	+	150	150	150M
AL	AL	SRR9034695.620654	2382	2532	-	147	150	150M
AL	AL	SRR9034695.620868	2027	2177	-	150	150	150M
AL	AL	SRR9034695.623017	1922	2072	-	149	150	150M
AL	AL	SRR9034695.623669	3332	3482	+	150	150	150M
AL	AL	SRR9034695.626090	3530	3680	+	150	150	150M
AL	AL	SRR9034695.626512	528	678	+	150	150	150M
AL	AL	SRR9034695.628830	2025	2175	-	149	150	150M
AL	AL	SRR9034695.629693	1117	1267	-	150	150	150M
AL	AL	SRR9034695.632194	3627	3777	+	150	150	150M
AL	AL	SRR9034695.633155	2525	2675	-	150	150	150M
AL	AL	SRR9034695.638461	3197	3347	-	150	150	150M
AL	AL	SRR9034695.640842	3505	3655	-	150	150	150M
AL	AL	SRR9034695.643617	1977	2127	-	150	150	150M
AL	AL	SRR9034695.644398	3551	3701	-	150	150	150M
AL	AL	SRR9034695.649927	2255	2405	+	150	150	150M
AL	AL	SRR9034695.651090	2255	2405	+	150	150	150M
AL	AL	SRR9034695.651101	1648	1798	-	150	150	150M
AL	AL	SRR9034695.651370	2255	2405	+	150	150	150M
AL	AL	SRR9034695.654098	3073	3223	+	150	150	150M
AL	AL	SRR9034695.655249	2207	2357	-	150	150	150M
AL	AL	SRR9034695.657313	2316	2466	+	150	150	150M
AL	AL	SRR9034695.657451	2316	2466	+	150	150	150M
AL	AL	SRR9034695.657665	3851	4001	-	150	150	150M
AL	AL	SRR9034695.658673	3218	3368	-	150	150	150M
AL	AL	SRR9034695.660513	874	1024	-	150	150	150M
AL	AL	SRR9034695.661655	3658	3808	+	149	150	150M
AL	AL	SRR9034695.663894	3460	3610	+	150	150	150M
AL	AL	SRR9034695.666117	874	1024	-	150	150	150M
AL	AL	SRR9034695.667721	1427	1577	-	150	150	150M
AL	AL	SRR9034695.669478	3686	3836	+	150	150	150M
AL	AL	SRR9034695.672399	3866	4008	+	142	142	142M
AL	AL	SRR9034695.673139	2131	2281	-	150	150	150M
AL	AL	SRR9034695.678993	3702	3852	+	150	150	150M
AL	AL	SRR9034695.679255	3702	3852	+	150	150	150M
AL	AL	SRR9034695.680928	919	1069	-	150	150	150M
AL	AL	SRR9034695.685459	3696	3846	-	150	150	150M
AL	AL	SRR9034695.686261	3499	3650	+	150	151	140M1D10M
AL	AL	SRR9034695.691609	1433	1583	+	150	150	150M
AL	AL	SRR9034695.691658	2106	2256	+	150	150	150M
AL	AL	SRR9034695.692841	3841	3991	-	150	150	150M
AL	AL	SRR9034695.696590	528	678	+	150	150	150M
AL	AL	SRR9034695.698645	3146	3296	-	150	150	150M
AL	AL	SRR9034695.698757	3837	3987	-	150	150	150M
AL	AL	SRR9034695.700449	3300	3450	-	150	150	150M
AL	AL	SRR9034695.703122	3300	3450	-	150	150	150M
AL	AL	SRR9034695.707448	3385	3535	-	150	150	150M
AL	AL	SRR9034695.707762	1967	2117	+	150	150	150M
AL	AL	SRR9034695.708225	1204	1354	+	150	150	150M
AL	AL	SRR9034695.708900	1216	1366	+	150	150	150M
AL	AL	SRR9034695.709300	359	509	+	149	150	150M
AL	AL	SRR9034695.710671	3451	3601	-	150	150	150M
AL	AL	SRR9034695.711628	891	1041	+	150	150	150M
AL	AL	SRR9034695.714316	2412	2562	-	150	150	150M
AL	AL	SRR9034695.714827	1400	1550	-	150	150	150M
AL	AL	SRR9034695.718572	2387	2537	-	150	150	150M
AL	AL	SRR9034695.719262	1883	2033	-	150	150	150M
AL	AL	SRR9034695.719378	2533	2683	+	150	150	150M
AL	AL	SRR9034695.720809	1883	2033	-	150	150	150M
AL	AL	SRR9034695.724018	2042	2192	+	150	150	150M
AL	AL	SRR9034695.724964	1686	1836	-	150	150	150M
AL	AL	SRR9034695.726127	3356	3506	-	150	150	150M
AL	AL	SRR9034695.726130	3091	3241	+	150	150	150M
AL	AL	SRR9034695.732332	2179	2329	+	150	150	150M
AL	AL	SRR9034695.734052	3258	3408	+	149	150	150M
AL	AL	SRR9034695.735730	3392	3542	+	150	150	150M
AL	AL	SRR9034695.739318	659	809	-	149	150	150M
AL	AL	SRR9034695.740146	2427	2577	-	150	150	150M
AL	AL	SRR9034695.740683	3447	3597	-	150	150	150M
AL	AL	SRR9034695.741092	2795	2945	+	150	150	150M
AL	AL	SRR9034695.743534	2898	3048	-	150	150	150M
AL	AL	SRR9034695.745644	2053	2203	-	150	150	150M
AL	AL	SRR9034695.746134	1091	1241	+	150	150	150M
AL	AL	SRR9034695.747032	1266	1416	-	148	150	150M
AL	AL	SRR9034695.751615	1076	1218	-	142	142	142M
AL	AL	SRR9034695.753277	2865	2992	-	127	127	127M
AL	AL	SRR9034695.757054	1874	2024	+	150	150	150M
AL	AL	SRR9034695.757451	2480	2630	-	150	150	150M
AL	AL	SRR9034695.757588	2534	2684	+	150	150	150M
AL	AL	SRR9034695.760216	1189	1339	+	150	150	150M
AL	AL	SRR9034695.760432	390	540	+	149	150	150M
AL	AL	SRR9034695.764980	699	849	+	150	150	150M
AL	AL	SRR9034695.770455	2480	2630	-	150	150	150M
AL	AL	SRR9034695.770601	3309	3459	+	150	150	150M
AL	AL	SRR9034695.770865	335	485	+	150	150	150M
AL	AL	SRR9034695.771029	1890	2040	-	150	150	150M
AL	AL	SRR9034695.771717	1355	1505	+	150	150	150M
AL	AL	SRR9034695.772354	3719	3869	-	150	150	150M
AL	AL	SRR9034695.781790	246	366	+	120	120	120M
AL	AL	SRR9034695.784210	706	856	+	150	150	150M
AL	AL	SRR9034695.784886	3792	3942	-	150	150	150M
AL	AL	SRR9034695.785640	3792	3942	-	150	150	150M
AL	AL	SRR9034695.788203	306	454	-	148	148	148M
AL	AL	SRR9034695.789379	1526	1676	-	150	150	150M
AL	AL	SRR9034695.790360	2284	2434	+	150	150	150M
AL	AL	SRR9034695.790661	2325	2475	+	150	150	150M
AL	AL	SRR9034695.791368	3594	3744	+	150	150	150M
AL	AL	SRR9034695.791908	3014	3164	+	149	150	150M
AL	AL	SRR9034695.793490	2089	2239	-	147	150	150M
AL	AL	SRR9034695.794429	3669	3819	+	150	150	150M
AL	AL	SRR9034695.795712	1616	1766	-	150	150	150M
AL	AL	SRR9034695.796318	3669	3819	+	150	150	150M
AL	AL	SRR9034695.799844	3711	3860	+	149	150	46M1I103M
AL	AL	SRR9034695.799988	3377	3527	+	150	150	150M
AL	AL	SRR9034695.800548	2609	2759	-	150	150	150M
AL	AL	SRR9034695.805666	2411	2561	-	142	150	150M
AL	AL	SRR9034695.806694	2658	2808	+	150	150	150M
AL	AL	SRR9034695.809728	1716	1866	+	150	150	150M
AL	AL	SRR9034695.814970	2799	2949	+	150	150	150M
AL	AL	SRR9034695.815747	3195	3337	+	139	142	142M
AL	AL	SRR9034695.815962	2965	3102	+	137	137	137M
AL	AL	SRR9034695.819005	2043	2193	-	149	150	150M
AL	AL	SRR9034695.820702	2043	2193	-	149	150	150M
AL	AL	SRR9034695.821089	3857	4007	+	150	150	150M
AL	AL	SRR9034695.824300	2999	3149	+	150	150	150M
AL	AL	SRR9034695.825301	2395	2545	+	150	150	150M
AL	AL	SRR9034695.829972	2953	3103	-	150	150	150M
AL	AL	SRR9034695.831684	2449	2599	-	150	150	150M
AL	AL	SRR9034695.831980	598	748	+	150	150	150M
AL	AL	SRR9034695.832145	2278	2428	+	150	150	150M
AL	AL	SRR9034695.832983	758	908	-	150	150	150M
AL	AL	SRR9034695.833271	758	908	-	150	150	150M
AL	AL	SRR9034695.835742	2382	2532	+	150	150	150M
AL	AL	SRR9034695.839148	3451	3601	+	150	150	150M
AL	AL	SRR9034695.839635	3511	3661	+	150	150	150M
AL	AL	SRR9034695.847349	430	580	-	150	150	150M
AL	AL	SRR9034695.847367	834	984	+	150	150	150M
AL	AL	SRR9034695.847763	390	540	-	149	150	150M
AL	AL	SRR9034695.848619	834	984	+	150	150	150M
AL	AL	SRR9034695.851125	2100	2250	-	149	150	150M
AL	AL	SRR9034695.851838	3530	3680	+	150	150	150M
AL	AL	SRR9034695.852434	887	1037	-	150	150	150M
AL	AL	SRR9034695.852539	2388	2538	-	150	150	150M
AL	AL	SRR9034695.854529	1668	1818	-	150	150	150M
AL	AL	SRR9034695.856981	3374	3524	+	150	150	150M
AL	AL	SRR9034695.858751	1962	2112	+	150	150	150M
AL	AL	SRR9034695.865040	2812	2962	+	150	150	150M
AL	AL	SRR9034695.866114	73	223	-	150	150	150M
AL	AL	SRR9034695.869888	1831	1981	+	150	150	150M
AL	AL	SRR9034695.870411	3466	3616	-	150	150	150M
AL	AL	SRR9034695.876441	3620	3769	+	149	150	66M1I83M
AL	AL	SRR9034695.878222	1975	2125	+	150	150	150M
AL	AL	SRR9034695.879023	2075	2225	-	150	150	150M
AL	AL	SRR9034695.879150	184	334	+	150	150	150M
AL	AL	SRR9034695.880840	3489	3639	+	150	150	150M
AL	AL	SRR9034695.881750	652	802	+	150	150	150M
AL	AL	SRR9034695.884261	483	633	-	150	150	150M
AL	AL	SRR9034695.887843	1286	1436	-	150	150	150M
AL	AL	SRR9034695.888310	2264	2414	-	150	150	150M
AL	AL	SRR9034695.891108	2964	3114	+	150	150	150M
AL	AL	SRR9034695.891998	2999	3149	+	150	150	150M
AL	AL	SRR9034695.893302	3685	3835	+	150	150	150M
AL	AL	SRR9034695.893825	1286	1436	-	150	150	150M
AL	AL	SRR9034695.893947	3524	3674	-	150	150	150M
AL	AL	SRR9034695.894398	3063	3213	+	150	150	150M
AL	AL	SRR9034695.896449	2606	2756	-	150	150	150M
AL	AL	SRR9034695.897083	3685	3835	+	150	150	150M
AL	AL	SRR9034695.898977	1656	1806	+	150	150	150M
AL	AL	SRR9034695.900376	1656	1806	+	150	150	150M
AL	AL	SRR9034695.902674	2689	2839	-	138	138	150M
AL	AL	SRR9034695.903324	3229	3379	+	150	150	150M
AL	AL	SRR9034695.903539	3442	3592	-	150	150	150M
AL	AL	SRR9034695.904777	3066	3216	+	150	150	150M
AL	AL	SRR9034695.905909	3114	3264	+	150	150	150M
AL	AL	SRR9034695.910485	3447	3597	-	150	150	150M
AL	AL	SRR9034695.913607	3686	3836	+	150	150	150M
AL	AL	SRR9034695.914336	895	1045	+	150	150	150M
AL	AL	SRR9034695.916368	2050	2200	-	149	150	150M
AL	AL	SRR9034695.917706	3849	3999	-	150	150	150M
AL	AL	SRR9034695.919677	1909	2059	-	150	150	150M
AL	AL	SRR9034695.919793	3849	3999	-	150	150	150M
AL	AL	SRR9034695.920749	3662	3812	+	150	150	150M
AL	AL	SRR9034695.921167	3628	3778	-	150	150	150M
AL	AL	SRR9034695.921652	2911	3061	+	149	150	150M
AL	AL	SRR9034695.922112	2651	2801	+	150	150	150M
AL	AL	SRR9034695.925423	2911	3061	+	149	150	150M
AL	AL	SRR9034695.925480	3161	3311	+	150	150	150M
AL	AL	SRR9034695.926426	885	1035	-	150	150	150M
AL	AL	SRR9034695.930240	2554	2704	+	150	150	150M
AL	AL	SRR9034695.933828	3689	3838	+	149	150	68M1I81M
AL	AL	SRR9034695.933829	3689	3838	+	149	150	68M1I81M
AL	AL	SRR9034695.935857	2375	2525	-	150	150	150M
AL	AL	SRR9034695.936059	3139	3289	+	150	150	150M
AL	AL	SRR9034695.938078	2860	3010	-	150	150	150M
AL	AL	SRR9034695.942568	3372	3522	-	150	150	150M
AL	AL	SRR9034695.944353	1422	1572	+	150	150	150M
AL	AL	SRR9034695.951924	390	540	+	149	150	150M
AL	AL	SRR9034695.952746	3827	3977	-	150	150	150M
AL	AL	SRR9034695.953351	2000	2150	+	149	150	150M
AL	AL	SRR9034695.962223	2104	2254	+	149	150	150M
AL	AL	SRR9034695.964437	1082	1232	-	150	150	150M
AL	AL	SRR9034695.965775	1082	1232	-	150	150	150M
AL	AL	SRR9034695.968647	569	719	+	149	150	150M
AL	AL	SRR9034695.969151	569	719	+	150	150	150M
AL	AL	SRR9034695.969501	2273	2423	+	150	150	150M
AL	AL	SRR9034695.971274	2287	2437	-	150	150	150M
AL	AL	SRR9034695.972762	3708	3858	-	150	150	150M
AL	AL	SRR9034695.973018	2661	2811	-	149	150	150M
AL	AL	SRR9034695.973263	2287	2437	-	150	150	150M
AL	AL	SRR9034695.974395	38	188	+	150	150	150M
AL	AL	SRR9034695.975390	435	585	-	150	150	150M
AL	AL	SRR9034695.977264	1124	1274	-	149	150	150M
AL	AL	SRR9034695.977610	3708	3858	-	150	150	150M
AL	AL	SRR9034695.977935	1461	1611	-	150	150	150M
AL	AL	SRR9034695.980079	3777	3927	-	150	150	150M
AL	AL	SRR9034695.984048	2337	2487	-	150	150	150M
AL	AL	SRR9034695.984130	447	597	+	150	150	150M
AL	AL	SRR9034695.984488	2337	2487	-	150	150	150M
AL	AL	SRR9034695.992553	1883	2033	-	150	150	150M
AL	AL	SRR9034695.992694	3292	3442	+	149	150	150M
AL	AL	SRR9034695.993592	2169	2319	+	150	150	150M
AL	AL	SRR9034695.993661	2240	2390	+	150	150	150M
AL	AL	SRR9034695.993828	1848	1998	-	150	150	150M
AL	AL	SRR9034695.994050	3879	4008	+	129	129	129M
AL	AL	SRR9034695.995550	3594	3744	+	150	150	150M
AL	AL	SRR9034695.997123	3705	3855	+	150	150	150M
AL	AL	SRR9034695.997661	1128	1278	-	150	150	150M
AL	AL	SRR9034695.997965	2229	2379	-	150	150	150M
AL	AL	SRR9034695.999575	3445	3595	+	150	150	150M
AL	AL	SRR9034695.999740	1723	1873	+	150	150	150M
AL	AL	SRR9034695.1002641	757	907	-	150	150	150M
AL	AL	SRR9034695.1005980	3702	3852	+	150	150	150M
AL	AL	SRR9034695.1006352	779	929	+	150	150	150M
AL	AL	SRR9034695.1006886	3156	3306	-	150	150	150M
AL	AL	SRR9034695.1007754	3156	3306	-	150	150	150M
AL	AL	SRR9034695.1008318	3156	3306	-	150	150	150M
AL	AL	SRR9034695.1013718	999	1149	+	150	150	150M
AL	AL	SRR9034695.1016657	1410	1560	-	150	150	150M
AL	AL	SRR9034695.1016776	1410	1560	-	150	150	150M
AL	AL	SRR9034695.1021585	2633	2783	+	150	150	150M
AL	AL	SRR9034695.1027126	914	1064	+	150	150	150M
AL	AL	SRR9034695.1027820	2770	2920	+	150	150	150M
AL	AL	SRR9034695.1036305	1806	1956	+	150	150	150M
AL	AL	SRR9034695.1038020	2697	2847	-	150	150	150M
AL	AL	SRR9034695.1038818	1280	1430	-	150	150	150M
AL	AL	SRR9034695.1038862	1649	1799	-	150	150	150M
AL	AL	SRR9034695.1038944	2186	2336	-	150	150	150M
AL	AL	SRR9034695.1039377	2826	2976	-	150	150	150M
AL	AL	SRR9034695.1040465	2091	2241	+	149	150	150M
AL	AL	SRR9034695.1042061	2091	2241	+	149	150	150M
AL	AL	SRR9034695.1042314	1527	1677	+	150	150	150M
AL	AL	SRR9034695.1043909	3206	3356	-	150	150	150M
AL	AL	SRR9034695.1044070	3681	3831	-	150	150	150M
AL	AL	SRR9034695.1046046	2739	2889	-	150	150	150M
AL	AL	SRR9034695.1047346	679	829	-	150	150	150M
AL	AL	SRR9034695.1048309	679	829	-	150	150	150M
AL	AL	SRR9034695.1048891	3509	3659	+	150	150	150M
AL	AL	SRR9034695.1050521	3220	3370	-	150	150	150M
AL	AL	SRR9034695.1050571	2067	2217	+	150	150	150M
AL	AL	SRR9034695.1050605	2128	2278	-	149	150	150M
AL	AL	SRR9034695.1050994	3813	3963	-	150	150	150M
AL	AL	SRR9034695.1053125	3136	3286	-	150	150	150M
AL	AL	SRR9034695.1057408	2660	2810	+	150	150	150M
AL	AL	SRR9034695.1065113	1909	2059	-	150	150	150M
AL	AL	SRR9034695.1065180	262	412	+	150	150	150M
AL	AL	SRR9034695.1065182	262	412	+	150	150	150M
AL	AL	SRR9034695.1066996	7	157	+	150	150	150M
AL	AL	SRR9034695.1069946	402	552	+	149	150	150M
AL	AL	SRR9034695.1071152	3169	3319	-	150	150	150M
AL	AL	SRR9034695.1071883	3287	3437	+	150	150	150M
AL	AL	SRR9034695.1075881	2387	2537	+	150	150	150M
AL	AL	SRR9034695.1080203	2422	2572	+	150	150	150M
AL	AL	SRR9034695.1081406	3845	3995	-	150	150	150M
AL	AL	SRR9034695.1081981	3845	3995	-	150	150	150M
AL	AL	SRR9034695.1085994	876	1026	+	150	150	150M
AL	AL	SRR9034695.1086258	876	1026	+	150	150	150M
AL	AL	SRR9034695.1086564	876	1026	+	150	150	150M
AL	AL	SRR9034695.1089458	3836	3986	-	150	150	150M
AL	AL	SRR9034695.1090752	3836	3986	-	150	150	150M
AL	AL	SRR9034695.1090855	3570	3720	-	150	150	150M
AL	AL	SRR9034695.1097549	3228	3378	-	150	150	150M
AL	AL	SRR9034695.1100464	3468	3618	-	150	150	150M
AL	AL	SRR9034695.1100552	1038	1188	+	150	150	150M
AL	AL	SRR9034695.1100909	2078	2228	+	150	150	150M
AL	AL	SRR9034695.1101245	3213	3363	+	150	150	150M
AL	AL	SRR9034695.1102618	71	221	-	150	150	150M
AL	AL	SRR9034695.1110109	2296	2446	-	149	150	150M
AL	AL	SRR9034695.1110156	3584	3734	-	150	150	150M
AL	AL	SRR9034695.1112566	2197	2347	+	149	150	150M
AL	AL	SRR9034695.1113885	218	367	-	149	150	41M1I108M
AL	AL	SRR9034695.1114209	2943	3093	-	150	150	150M
AL	AL	SRR9034695.1121212	2234	2384	-	150	150	150M
AL	AL	SRR9034695.1122102	895	1015	+	120	120	120M
AL	AL	SRR9034695.1124819	3447	3597	-	149	149	150M
AL	AL	SRR9034695.1125402	3447	3597	-	149	149	150M
AL	AL	SRR9034695.1126512	574	724	+	149	149	150M
AL	AL	SRR9034695.1126972	2817	2967	+	150	150	150M
AL	AL	SRR9034695.1127974	3447	3597	-	150	150	150M
AL	AL	SRR9034695.1128254	3818	3968	-	145	150	150M
AL	AL	SRR9034695.1128327	2360	2510	-	150	150	150M
AL	AL	SRR9034695.1129199	2013	2163	-	149	150	150M
AL	AL	SRR9034695.1131186	3818	3968	-	150	150	150M
AL	AL	SRR9034695.1131201	3828	3978	-	150	150	150M
AL	AL	SRR9034695.1133272	897	1047	+	150	150	150M
AL	AL	SRR9034695.1135652	1771	1921	+	150	150	150M
AL	AL	SRR9034695.1137104	3381	3531	+	150	150	150M
AL	AL	SRR9034695.1137423	3284	3434	-	150	150	150M
AL	AL	SRR9034695.1146525	435	585	-	150	150	150M
AL	AL	SRR9034695.1148965	2858	3008	+	149	150	150M
AL	AL	SRR9034695.1152106	3837	3987	+	150	150	150M
AL	AL	SRR9034695.1152120	494	644	+	150	150	150M
AL	AL	SRR9034695.1155326	1579	1710	+	131	131	131M
AL	AL	SRR9034695.1157272	3813	3963	-	150	150	150M
AL	AL	SRR9034695.1157483	2717	2867	+	150	150	150M
AL	AL	SRR9034695.1160391	388	538	+	149	150	150M
AL	AL	SRR9034695.1163493	3849	3999	-	150	150	150M
AL	AL	SRR9034695.1164023	1080	1230	+	146	150	150M
AL	AL	SRR9034695.1165036	97	247	+	150	150	150M
AL	AL	SRR9034695.1167561	3159	3309	-	150	150	150M
AL	AL	SRR9034695.1167822	1896	2046	-	150	150	150M
AL	AL	SRR9034695.1176816	574	724	+	150	150	150M
AL	AL	SRR9034695.1177355	2081	2231	+	149	150	150M
AL	AL	SRR9034695.1178106	3855	4005	+	150	150	150M
AL	AL	SRR9034695.1178438	3074	3224	+	150	150	150M
AL	AL	SRR9034695.1180109	2506	2656	+	150	150	150M
AL	AL	SRR9034695.1183881	3736	3886	+	150	150	150M
AL	AL	SRR9034695.1183886	803	953	+	148	150	150M
AL	AL	SRR9034695.1184496	1922	2072	-	150	150	150M
AL	AL	SRR9034695.1187550	803	953	+	150	150	150M
AL	AL	SRR9034695.1189573	336	486	-	150	150	150M
AL	AL	SRR9034695.1189680	2808	2958	+	150	150	150M
AL	AL	SRR9034695.1190112	803	953	+	150	150	150M
AL	AL	SRR9034695.1203422	2876	3026	-	143	150	150M
AL	AL	SRR9034695.1204760	568	718	-	150	150	150M
AL	AL	SRR9034695.1209058	3325	3475	+	150	150	150M
AL	AL	SRR9034695.1209276	2650	2800	+	150	150	150M
AL	AL	SRR9034695.1212442	701	851	-	150	150	150M
AL	AL	SRR9034695.1213947	1553	1703	-	150	150	150M
AL	AL	SRR9034695.1214189	2188	2338	-	150	150	150M
AL	AL	SRR9034695.1214235	1342	1463	+	121	121	121M
AL	AL	SRR9034695.1217257	2907	3057	-	150	150	150M
AL	AL	SRR9034695.1217326	3290	3440	-	150	150	150M
AL	AL	SRR9034695.1218149	2439	2589	+	150	150	150M
AL	AL	SRR9034695.1220425	3083	3233	+	150	150	150M
AL	AL	SRR9034695.1223510	1342	1463	+	121	121	121M
AL	AL	SRR9034695.1224740	3222	3372	-	150	150	150M
AL	AL	SRR9034695.1230376	1374	1524	-	150	150	150M
AL	AL	SRR9034695.1230993	1274	1424	-	150	150	150M
AL	AL	SRR9034695.1235117	1883	2033	-	150	150	150M
AL	AL	SRR9034695.1236454	1596	1746	-	150	150	150M
AL	AL	SRR9034695.1238560	3454	3604	-	150	150	150M
AL	AL	SRR9034695.1240634	329	479	-	150	150	150M
AL	AL	SRR9034695.1240987	3324	3474	-	146	150	150M
AL	AL	SRR9034695.1245456	1308	1458	-	150	150	150M
AL	AL	SRR9034695.1245603	2752	2902	+	150	150	150M
AL	AL	SRR9034695.1245732	2752	2902	+	150	150	150M
AL	AL	SRR9034695.1254934	565	715	+	150	150	150M
AL	AL	SRR9034695.1255120	598	748	+	150	150	150M
AL	AL	SRR9034695.1258498	1682	1832	+	150	150	150M
AL	AL	SRR9034695.1261561	3295	3445	+	150	150	150M
AL	AL	SRR9034695.1262095	3102	3252	-	150	150	150M
AL	AL	SRR9034695.1262642	3137	3287	-	150	150	150M
AL	AL	SRR9034695.1263301	3137	3287	-	150	150	150M
AL	AL	SRR9034695.1263743	1861	2011	+	150	150	150M
AL	AL	SRR9034695.1263862	3828	3978	-	150	150	150M
AL	AL	SRR9034695.1264911	3169	3319	-	150	150	150M
AL	AL	SRR9034695.1265161	3321	3471	+	150	150	150M
AL	AL	SRR9034695.1266196	3137	3287	-	149	150	150M
AL	AL	SRR9034695.1266480	3845	3995	-	150	150	150M
AL	AL	SRR9034695.1267721	2744	2894	-	150	150	150M
AL	AL	SRR9034695.1270320	1509	1659	-	150	150	150M
AL	AL	SRR9034695.1270470	3102	3252	-	150	150	150M
AL	AL	SRR9034695.1271879	2229	2379	-	147	150	150M
AL	AL	SRR9034695.1278518	1445	1595	+	150	150	150M
AL	AL	SRR9034695.1279039	2004	2154	+	150	150	150M
AL	AL	SRR9034695.1281067	3197	3347	-	150	150	150M
AL	AL	SRR9034695.1284256	1274	1424	+	150	150	150M
AL	AL	SRR9034695.1284919	1841	1991	-	149	150	150M
AL	AL	SRR9034695.1285835	1713	1863	-	150	150	150M
AL	AL	SRR9034695.1286121	833	983	+	150	150	150M
AL	AL	SRR9034695.1286252	833	983	+	150	150	150M
AL	AL	SRR9034695.1286674	1841	1991	-	149	150	150M
AL	AL	SRR9034695.1288292	3505	3655	-	150	150	150M
AL	AL	SRR9034695.1290446	3857	4007	+	150	150	150M
AL	AL	SRR9034695.1292400	3636	3786	-	150	150	150M
AL	AL	SRR9034695.1297347	2973	3123	+	149	150	150M
AL	AL	SRR9034695.1299572	1883	2033	-	150	150	150M
AL	AL	SRR9034695.1299769	287	437	-	150	150	150M
AL	AL	SRR9034695.1306622	3146	3296	-	150	150	150M
AL	AL	SRR9034695.1309340	3214	3364	+	150	150	150M
AL	AL	SRR9034695.1312641	1526	1676	+	150	150	150M
AL	AL	SRR9034695.1312955	3728	3878	+	150	150	150M
AL	AL	SRR9034695.1315792	3828	3978	-	150	150	150M
AL	AL	SRR9034695.1316836	1756	1906	+	150	150	150M
AL	AL	SRR9034695.1317234	2143	2293	+	149	150	150M
AL	AL	SRR9034695.1320115	1665	1815	-	150	150	150M
AL	AL	SRR9034695.1324292	2995	3145	+	150	150	150M
AL	AL	SRR9034695.1324855	3169	3319	-	150	150	150M
AL	AL	SRR9034695.1327780	1268	1418	+	150	150	150M
AL	AL	SRR9034695.1328707	3713	3863	-	150	150	150M
AL	AL	SRR9034695.1330337	2733	2883	+	150	150	150M
AL	AL	SRR9034695.1332411	1470	1620	+	150	150	150M
AL	AL	SRR9034695.1337139	2208	2358	-	150	150	150M
AL	AL	SRR9034695.1337209	2895	3045	+	150	150	150M
AL	AL	SRR9034695.1338044	2400	2550	-	150	150	150M
AL	AL	SRR9034695.1340112	818	968	+	150	150	150M
AL	AL	SRR9034695.1340113	818	968	+	150	150	150M
AL	AL	SRR9034695.1341943	1467	1617	-	150	150	150M
AL	AL	SRR9034695.1345067	15	165	+	149	150	150M
AL	AL	SRR9034695.1345112	2176	2326	-	150	150	150M
AL	AL	SRR9034695.1345696	2176	2326	-	150	150	150M
AL	AL	SRR9034695.1346402	3352	3502	+	150	150	150M
AL	AL	SRR9034695.1348322	2411	2561	-	150	150	150M
AL	AL	SRR9034695.1348323	2411	2561	-	150	150	150M
AL	AL	SRR9034695.1350619	2092	2242	+	150	150	150M
AL	AL	SRR9034695.1356883	3325	3475	+	150	150	150M
AL	AL	SRR9034695.1357575	3325	3475	+	150	150	150M
AL	AL	SRR9034695.1360782	3163	3313	-	150	150	150M
AL	AL	SRR9034695.1360793	3777	3927	-	150	150	150M
AL	AL	SRR9034695.1360981	39	189	-	150	150	150M
AL	AL	SRR9034695.1362036	3777	3927	-	150	150	150M
AL	AL	SRR9034695.1362888	1544	1694	+	150	150	150M
AL	AL	SRR9034695.1363040	2143	2293	-	150	150	150M
AL	AL	SRR9034695.1365152	1201	1351	-	150	150	150M
AL	AL	SRR9034695.1365536	2584	2734	-	150	150	150M
AL	AL	SRR9034695.1366704	2645	2795	+	150	150	150M
AL	AL	SRR9034695.1366980	241	391	+	150	150	150M
AL	AL	SRR9034695.1367123	832	982	+	150	150	150M
AL	AL	SRR9034695.1368558	1416	1566	+	150	150	150M
AL	AL	SRR9034695.1368559	1416	1566	+	150	150	150M
AL	AL	SRR9034695.1369200	3213	3363	+	150	150	150M
AL	AL	SRR9034695.1371056	3392	3542	-	150	150	150M
AL	AL	SRR9034695.1371473	139	289	+	150	150	150M
AL	AL	SRR9034695.1371848	3694	3844	+	150	150	150M
AL	AL	SRR9034695.1372350	3392	3542	-	150	150	150M
AL	AL	SRR9034695.1373148	427	577	-	149	150	150M
AL	AL	SRR9034695.1373283	1281	1431	+	150	150	150M
AL	AL	SRR9034695.1373462	894	1044	+	150	150	150M
AL	AL	SRR9034695.1373829	1203	1353	+	149	150	150M
AL	AL	SRR9034695.1374255	3262	3412	-	150	150	150M
AL	AL	SRR9034695.1374740	3385	3535	+	150	150	150M
AL	AL	SRR9034695.1374963	3262	3412	-	148	150	150M
AL	AL	SRR9034695.1375924	299	449	-	150	150	150M
AL	AL	SRR9034695.1376863	2263	2413	+	150	150	150M
AL	AL	SRR9034695.1377835	373	523	-	150	150	150M
AL	AL	SRR9034695.1378264	1203	1353	+	149	150	150M
AL	AL	SRR9034695.1378706	2367	2517	-	150	150	150M
AL	AL	SRR9034695.1383355	869	1019	+	150	150	150M
AL	AL	SRR9034695.1383666	3503	3653	+	150	150	150M
AL	AL	SRR9034695.1384370	2067	2217	+	150	150	150M
AL	AL	SRR9034695.1384939	2067	2217	+	150	150	150M
AL	AL	SRR9034695.1385516	1909	2059	-	149	150	150M
AL	AL	SRR9034695.1389715	2207	2357	-	150	150	150M
AL	AL	SRR9034695.1391540	869	1019	+	150	150	150M
AL	AL	SRR9034695.1395638	2141	2291	+	149	150	150M
AL	AL	SRR9034695.1396297	2227	2377	-	150	150	150M
AL	AL	SRR9034695.1399100	1577	1727	-	150	150	150M
AL	AL	SRR9034695.1400135	1402	1549	-	147	147	147M
AL	AL	SRR9034695.1400137	1402	1549	-	147	147	147M
AL	AL	SRR9034695.1400414	1402	1549	-	147	147	147M
AL	AL	SRR9034695.1400800	986	1136	-	150	150	150M
AL	AL	SRR9034695.1403856	1770	1920	+	150	150	150M
AL	AL	SRR9034695.1404230	1632	1782	-	150	150	150M
AL	AL	SRR9034695.1405547	55	205	-	150	150	150M
AL	AL	SRR9034695.1405690	1427	1560	-	133	133	133M
AL	AL	SRR9034695.1405723	2624	2774	-	150	150	150M
AL	AL	SRR9034695.1410082	936	1086	-	150	150	150M
AL	AL	SRR9034695.1410256	2024	2174	+	150	150	150M
AL	AL	SRR9034695.1410687	936	1086	-	150	150	150M
AL	AL	SRR9034695.1411886	2584	2734	-	150	150	150M
AL	AL	SRR9034695.1412750	1930	2080	+	150	150	150M
AL	AL	SRR9034695.1413456	1930	2080	+	150	150	150M
AL	AL	SRR9034695.1414417	2663	2813	-	150	150	150M
AL	AL	SRR9034695.1415455	3787	3937	-	150	150	150M
AL	AL	SRR9034695.1416418	2663	2813	-	150	150	150M
AL	AL	SRR9034695.1419163	350	500	+	150	150	150M
AL	AL	SRR9034695.1419873	3152	3302	+	150	150	150M
AL	AL	SRR9034695.1422380	1089	1239	-	150	150	150M
AL	AL	SRR9034695.1422611	3159	3309	-	150	150	150M
AL	AL	SRR9034695.1423687	1203	1353	+	150	150	150M
AL	AL	SRR9034695.1424202	2082	2232	-	149	150	150M
AL	AL	SRR9034695.1425435	592	742	+	150	150	150M
AL	AL	SRR9034695.1425704	3844	3994	+	150	150	150M
AL	AL	SRR9034695.1426227	2898	3048	-	150	150	150M
AL	AL	SRR9034695.1426647	166	316	+	150	150	150M
AL	AL	SRR9034695.1429191	1515	1665	-	150	150	150M
AL	AL	SRR9034695.1431446	3724	3874	+	147	150	150M
AL	AL	SRR9034695.1431861	1883	2033	-	150	150	150M
AL	AL	SRR9034695.1435324	3196	3346	-	148	150	150M
AL	AL	SRR9034695.1436334	113	263	-	138	150	150M
AL	AL	SRR9034695.1436654	3845	3995	-	150	150	150M
AL	AL	SRR9034695.1437634	3728	3878	+	150	150	150M
AL	AL	SRR9034695.1440208	2066	2216	+	150	150	150M
AL	AL	SRR9034695.1444800	1709	1859	-	150	150	150M
AL	AL	SRR9034695.1445151	3093	3243	+	149	150	150M
AL	AL	SRR9034695.1448069	41	191	-	149	150	150M
AL	AL	SRR9034695.1448754	41	191	-	150	150	150M
AL	AL	SRR9034695.1453596	3807	3957	+	150	150	150M
AL	AL	SRR9034695.1453617	3521	3671	-	150	150	150M
AL	AL	SRR9034695.1454182	3521	3671	-	150	150	150M
AL	AL	SRR9034695.1455128	3031	3181	+	150	150	150M
AL	AL	SRR9034695.1458345	3804	3954	-	150	150	150M
AL	AL	SRR9034695.1459132	3392	3542	-	149	150	150M
AL	AL	SRR9034695.1460060	2110	2260	-	150	150	150M
AL	AL	SRR9034695.1460549	1155	1305	+	150	150	150M
AL	AL	SRR9034695.1463105	895	1045	+	150	150	150M
AL	AL	SRR9034695.1465964	3195	3345	+	150	150	150M
AL	AL	SRR9034695.1469498	1155	1305	-	149	150	150M
AL	AL	SRR9034695.1470741	1421	1571	+	150	150	150M
AL	AL	SRR9034695.1472478	2186	2336	+	150	150	150M
AL	AL	SRR9034695.1472590	3382	3532	-	150	150	150M
AL	AL	SRR9034695.1473447	289	439	-	150	150	150M
AL	AL	SRR9034695.1476317	1191	1341	+	149	150	150M
AL	AL	SRR9034695.1477811	2179	2329	+	150	150	150M
AL	AL	SRR9034695.1479690	1980	2130	-	150	150	150M
AL	AL	SRR9034695.1482850	3844	3994	+	150	150	150M
AL	AL	SRR9034695.1483700	227	377	+	150	150	150M
AL	AL	SRR9034695.1484689	2862	3012	+	150	150	150M
AL	AL	SRR9034695.1486927	697	847	+	150	150	150M
AL	AL	SRR9034695.1487579	2055	2180	-	124	125	125M
AL	AL	SRR9034695.1487985	269	419	+	150	150	150M
AL	AL	SRR9034695.1488393	3411	3561	-	150	150	150M
AL	AL	SRR9034695.1489203	181	331	-	150	150	150M
AL	AL	SRR9034695.1490558	2229	2379	-	150	150	150M
AL	AL	SRR9034695.1494164	2229	2379	-	150	150	150M
AL	AL	SRR9034695.1494337	3702	3836	+	134	134	134M
AL	AL	SRR9034695.1497871	3562	3712	-	150	150	150M
AL	AL	SRR9034695.1500621	3689	3839	-	150	150	150M
AL	AL	SRR9034695.1503375	2024	2174	+	149	150	150M
AL	AL	SRR9034695.1504021	3578	3728	-	150	150	150M
AL	AL	SRR9034695.1510438	2739	2889	-	150	150	150M
AL	AL	SRR9034695.1511293	3793	3943	-	150	150	150M
AL	AL	SRR9034695.1512446	2638	2761	-	123	123	123M
AL	AL	SRR9034695.1514573	2963	3113	-	150	150	150M
AL	AL	SRR9034695.1514818	81	231	-	150	150	150M
AL	AL	SRR9034695.1517235	2229	2379	-	150	150	150M
AL	AL	SRR9034695.1517985	2229	2379	-	150	150	150M
AL	AL	SRR9034695.1518836	3146	3296	-	150	150	150M
AL	AL	SRR9034695.1519797	834	984	+	150	150	150M
AL	AL	SRR9034695.1521371	29	179	-	150	150	150M
AL	AL	SRR9034695.1521372	29	179	-	150	150	150M
AL	AL	SRR9034695.1524554	1145	1295	+	149	150	150M
AL	AL	SRR9034695.1525077	1145	1295	+	149	150	150M
AL	AL	SRR9034695.1526108	2229	2379	-	150	150	150M
AL	AL	SRR9034695.1528233	2021	2171	-	150	150	150M
AL	AL	SRR9034695.1528378	2021	2171	-	150	150	150M
AL	AL	SRR9034695.1529063	2213	2363	+	150	150	150M
AL	AL	SRR9034695.1529986	3620	3770	-	150	150	150M
AL	AL	SRR9034695.1533166	2241	2391	+	150	150	150M
AL	AL	SRR9034695.1536501	3554	3704	+	149	150	150M
AL	AL	SRR9034695.1539684	2769	2919	+	150	150	150M
AL	AL	SRR9034695.1541788	3473	3623	+	150	150	150M
AL	AL	SRR9034695.1542867	3473	3623	+	150	150	150M
AL	AL	SRR9034695.1543515	7	156	+	148	150	19M1I130M
AL	AL	SRR9034695.1545594	3213	3363	+	149	150	150M
AL	AL	SRR9034695.1547546	3236	3386	+	150	150	150M
AL	AL	SRR9034695.1550428	3274	3424	-	150	150	150M
AL	AL	SRR9034695.1550526	3195	3345	+	150	150	150M
AL	AL	SRR9034695.1552726	1909	2059	-	150	150	150M
AL	AL	SRR9034695.1557967	2731	2881	-	150	150	150M
AL	AL	SRR9034695.1560072	2067	2217	+	150	150	150M
AL	AL	SRR9034695.1562141	2410	2560	+	150	150	150M
AL	AL	SRR9034695.1562154	2407	2557	-	150	150	150M
AL	AL	SRR9034695.1562496	3309	3459	+	150	150	150M
AL	AL	SRR9034695.1564770	3276	3426	-	148	150	150M
AL	AL	SRR9034695.1567593	2816	2966	+	150	150	150M
AL	AL	SRR9034695.1569665	185	335	+	150	150	150M
AL	AL	SRR9034695.1569930	1128	1278	-	150	150	150M
AL	AL	SRR9034695.1570617	809	959	-	149	150	150M
AL	AL	SRR9034695.1570949	263	413	-	150	150	150M
AL	AL	SRR9034695.1571517	394	544	+	149	150	150M
AL	AL	SRR9034695.1572928	2393	2543	-	150	150	150M
AL	AL	SRR9034695.1574360	2652	2802	-	150	150	150M
AL	AL	SRR9034695.1578034	1893	2043	-	147	150	150M
AL	AL	SRR9034695.1580426	3385	3536	+	150	151	38M1D112M
AL	AL	SRR9034695.1583545	2936	3086	-	150	150	150M
AL	AL	SRR9034695.1584078	2906	3056	-	150	150	150M
AL	AL	SRR9034695.1584379	2906	3056	-	150	150	150M
AL	AL	SRR9034695.1587518	3221	3371	-	148	150	150M
AL	AL	SRR9034695.1591540	3504	3649	-	145	145	145M
AL	AL	SRR9034695.1592215	493	643	+	150	150	150M
AL	AL	SRR9034695.1599224	2039	2189	-	149	150	150M
AL	AL	SRR9034695.1602516	1923	2073	+	150	150	150M
AL	AL	SRR9034695.1607004	3603	3753	+	147	150	150M
AL	AL	SRR9034695.1607769	2200	2350	-	150	150	150M
AL	AL	SRR9034695.1608059	2200	2350	-	150	150	150M
AL	AL	SRR9034695.1610364	3424	3574	-	150	150	150M
AL	AL	SRR9034695.1612273	3424	3574	-	150	150	150M
AL	AL	SRR9034695.1614221	2523	2673	-	150	150	150M
AL	AL	SRR9034695.1620363	1492	1642	+	150	150	150M
AL	AL	SRR9034695.1622216	1492	1642	+	150	150	150M
AL	AL	SRR9034695.1623084	3079	3229	-	149	150	150M
AL	AL	SRR9034695.1625698	1004	1154	+	150	150	150M
AL	AL	SRR9034695.1626436	1004	1154	+	150	150	150M
AL	AL	SRR9034695.1627375	1938	2088	+	150	150	150M
AL	AL	SRR9034695.1627716	3849	3999	-	150	150	150M
AL	AL	SRR9034695.1627837	2331	2481	+	150	150	150M
AL	AL	SRR9034695.1627992	509	659	-	150	150	150M
AL	AL	SRR9034695.1628633	3686	3836	+	150	150	150M
AL	AL	SRR9034695.1630031	1035	1185	+	150	150	150M
AL	AL	SRR9034695.1634878	3746	3895	+	149	150	11M1I138M
AL	AL	SRR9034695.1637085	479	629	+	150	150	150M
AL	AL	SRR9034695.1639708	1828	1978	+	150	150	150M
AL	AL	SRR9034695.1639730	1282	1432	+	150	150	150M
AL	AL	SRR9034695.1645189	3458	3608	+	150	150	150M
AL	AL	SRR9034695.1646484	3458	3608	+	150	150	150M
AL	AL	SRR9034695.1647052	2705	2855	-	150	150	150M
AL	AL	SRR9034695.1647703	3511	3661	+	150	150	150M
AL	AL	SRR9034695.1648549	3250	3400	+	150	150	150M
AL	AL	SRR9034695.1649038	3583	3733	-	150	150	150M
AL	AL	SRR9034695.1651223	2948	3098	+	149	150	150M
AL	AL	SRR9034695.1651510	2156	2306	-	150	150	150M
AL	AL	SRR9034695.1651845	3583	3733	-	150	150	150M
AL	AL	SRR9034695.1653048	3031	3181	-	150	150	150M
AL	AL	SRR9034695.1657147	3328	3478	+	150	150	150M
AL	AL	SRR9034695.1659676	3654	3804	+	150	150	150M
AL	AL	SRR9034695.1660221	2128	2278	-	150	150	150M
AL	AL	SRR9034695.1662334	2951	3101	+	150	150	150M
AL	AL	SRR9034695.1663974	1878	2028	-	150	150	150M
AL	AL	SRR9034695.1664108	1878	2028	-	150	150	150M
AL	AL	SRR9034695.1664544	2058	2208	-	150	150	150M
AL	AL	SRR9034695.1668774	3388	3538	+	150	150	150M
AL	AL	SRR9034695.1672836	2067	2217	+	149	150	150M
AL	AL	SRR9034695.1678830	1861	2011	+	150	150	150M
AL	AL	SRR9034695.1679533	1909	2059	-	150	150	150M
AL	AL	SRR9034695.1680557	2832	2982	+	150	150	150M
AL	AL	SRR9034695.1681397	3724	3873	+	149	150	33M1I116M
AL	AL	SRR9034695.1681830	50	200	-	150	150	150M
AL	AL	SRR9034695.1682280	50	200	-	150	150	150M
AL	AL	SRR9034695.1683158	1203	1353	+	149	150	150M
AL	AL	SRR9034695.1688958	3309	3459	+	147	150	150M
AL	AL	SRR9034695.1690574	1548	1698	+	150	150	150M
AL	AL	SRR9034695.1692853	1168	1318	+	150	150	150M
AL	AL	SRR9034695.1695161	977	1127	-	150	150	150M
AL	AL	SRR9034695.1695309	3764	3914	+	150	150	150M
AL	AL	SRR9034695.1697763	1398	1548	-	150	150	150M
AL	AL	SRR9034695.1697845	2966	3116	-	150	150	150M
AL	AL	SRR9034695.1699729	977	1127	-	150	150	150M
AL	AL	SRR9034695.1700385	2672	2822	+	150	150	150M
AL	AL	SRR9034695.1701913	2020	2170	-	149	150	150M
AL	AL	SRR9034695.1706673	827	977	+	150	150	150M
AL	AL	SRR9034695.1710849	1495	1645	+	149	149	150M
AL	AL	SRR9034695.1711271	73	223	-	145	149	150M
AL	AL	SRR9034695.1716522	2248	2398	+	150	150	150M
AL	AL	SRR9034695.1716939	3613	3762	-	149	150	73M1I76M
AL	AL	SRR9034695.1716945	3520	3670	+	149	150	150M
AL	AL	SRR9034695.1719608	944	1094	+	150	150	150M
AL	AL	SRR9034695.1723297	2046	2196	-	149	150	150M
AL	AL	SRR9034695.1727476	887	1037	+	150	150	150M
AL	AL	SRR9034695.1727477	1868	2018	+	150	150	150M
AL	AL	SRR9034695.1727589	3872	4008	+	136	136	136M
AL	AL	SRR9034695.1728487	2411	2561	-	150	150	150M
AL	AL	SRR9034695.1729279	2794	2944	+	150	150	150M
AL	AL	SRR9034695.1729951	918	1068	-	150	150	150M
AL	AL	SRR9034695.1730648	3872	4008	+	136	136	136M
AL	AL	SRR9034695.1731401	2007	2157	+	149	150	150M
AL	AL	SRR9034695.1739281	3438	3588	-	150	150	150M
AL	AL	SRR9034695.1741408	3438	3588	-	150	150	150M
AL	AL	SRR9034695.1741880	1429	1579	+	150	150	150M
AL	AL	SRR9034695.1741934	2670	2820	-	150	150	150M
AL	AL	SRR9034695.1742115	2387	2537	+	150	150	150M
AL	AL	SRR9034695.1742116	2387	2537	+	150	150	150M
AL	AL	SRR9034695.1742129	2180	2330	+	150	150	150M
AL	AL	SRR9034695.1742158	234	360	-	126	127	25M1I101M
AL	AL	SRR9034695.1742507	2253	2403	+	150	150	150M
AL	AL	SRR9034695.1743290	3018	3168	-	150	150	150M
AL	AL	SRR9034695.1747185	2394	2544	+	150	150	150M
AL	AL	SRR9034695.1748347	979	1129	-	150	150	150M
AL	AL	SRR9034695.1749025	3517	3667	+	150	150	150M
AL	AL	SRR9034695.1755580	1355	1505	+	143	150	150M
AL	AL	SRR9034695.1756388	986	1136	+	150	150	150M
AL	AL	SRR9034695.1756389	986	1136	+	150	150	150M
AL	AL	SRR9034695.1759099	3169	3319	-	150	150	150M
AL	AL	SRR9034695.1763926	291	441	-	150	150	150M
AL	AL	SRR9034695.1764043	2627	2777	+	150	150	150M
AL	AL	SRR9034695.1770865	3845	3995	-	148	150	150M
AL	AL	SRR9034695.1772029	435	585	-	150	150	150M
AL	AL	SRR9034695.1773143	333	483	+	150	150	150M
AL	AL	SRR9034695.1778944	3264	3414	-	150	150	150M
AL	AL	SRR9034695.1778961	2922	3072	+	150	150	150M
AL	AL	SRR9034695.1780536	547	697	-	150	150	150M
AL	AL	SRR9034695.1781476	349	499	+	149	150	150M
AL	AL	SRR9034695.1785979	2960	3100	+	140	140	140M
AL	AL	SRR9034695.1790416	1115	1265	+	149	150	150M
AL	AL	SRR9034695.1791865	435	585	-	148	150	150M
AL	AL	SRR9034695.1791880	3827	3977	+	150	150	150M
AL	AL	SRR9034695.1792309	3827	3977	+	150	150	150M
AL	AL	SRR9034695.1792847	3354	3504	-	150	150	150M
AL	AL	SRR9034695.1793052	3506	3656	-	150	150	150M
AL	AL	SRR9034695.1793170	3827	3977	+	150	150	150M
AL	AL	SRR9034695.1794440	3444	3594	+	150	150	150M
AL	AL	SRR9034695.1798199	2529	2679	+	149	150	150M
AL	AL	SRR9034695.1798776	3046	3196	+	150	150	150M
AL	AL	SRR9034695.1799950	1737	1887	+	150	150	150M
AL	AL	SRR9034695.1801745	3403	3553	+	150	150	150M
AL	AL	SRR9034695.1801882	854	1004	+	150	150	150M
AL	AL	SRR9034695.1803077	1909	2059	-	150	150	150M
AL	AL	SRR9034695.1804582	268	418	-	150	150	150M
AL	AL	SRR9034695.1806943	1009	1159	+	150	150	150M
AL	AL	SRR9034695.1808235	1009	1159	+	150	150	150M
AL	AL	SRR9034695.1808458	3581	3731	+	150	150	150M
AL	AL	SRR9034695.1813176	3500	3650	+	150	150	150M
AL	AL	SRR9034695.1814354	3292	3442	-	150	150	150M
AL	AL	SRR9034695.1816544	1193	1343	+	145	150	150M
AL	AL	SRR9034695.1817402	1660	1810	-	150	150	150M
AL	AL	SRR9034695.1817403	1660	1810	-	150	150	150M
AL	AL	SRR9034695.1819176	1609	1759	+	150	150	150M
AL	AL	SRR9034695.1823183	3076	3226	+	150	150	150M
AL	AL	SRR9034695.1824928	1483	1633	+	150	150	150M
AL	AL	SRR9034695.1825090	1483	1633	+	150	150	150M
AL	AL	SRR9034695.1825403	1483	1633	+	150	150	150M
AL	AL	SRR9034695.1826341	579	729	-	150	150	150M
AL	AL	SRR9034695.1826358	1531	1681	+	150	150	150M
AL	AL	SRR9034695.1827223	1338	1488	+	150	150	150M
AL	AL	SRR9034695.1830879	3624	3774	-	150	150	150M
AL	AL	SRR9034695.1831091	1801	1951	+	150	150	150M
AL	AL	SRR9034695.1836856	687	837	-	150	150	150M
AL	AL	SRR9034695.1837093	1193	1343	+	149	150	150M
AL	AL	SRR9034695.1839472	2241	2391	+	150	150	150M
AL	AL	SRR9034695.1839649	3543	3693	-	150	150	150M
AL	AL	SRR9034695.1841384	1900	2050	-	150	150	150M
AL	AL	SRR9034695.1842036	3617	3767	-	150	150	150M
AL	AL	SRR9034695.1842736	2067	2217	+	150	150	150M
AL	AL	SRR9034695.1843665	3543	3693	-	150	150	150M
AL	AL	SRR9034695.1844457	3840	3990	-	150	150	150M
AL	AL	SRR9034695.1845352	979	1129	-	150	150	150M
AL	AL	SRR9034695.1845504	979	1129	-	150	150	150M
AL	AL	SRR9034695.1845786	3398	3548	+	150	150	150M
AL	AL	SRR9034695.1847519	2030	2180	-	149	150	150M
AL	AL	SRR9034695.1850055	2749	2899	-	150	150	150M
AL	AL	SRR9034695.1850872	862	1012	-	150	150	150M
AL	AL	SRR9034695.1850932	3220	3370	-	150	150	150M
AL	AL	SRR9034695.1851360	3220	3370	-	150	150	150M
AL	AL	SRR9034695.1852274	862	1012	-	150	150	150M
AL	AL	SRR9034695.1852544	512	662	+	150	150	150M
AL	AL	SRR9034695.1853260	3830	3980	-	150	150	150M
AL	AL	SRR9034695.1854400	3468	3618	-	150	150	150M
AL	AL	SRR9034695.1855273	2051	2201	+	150	150	150M
AL	AL	SRR9034695.1855705	1342	1492	+	150	150	150M
AL	AL	SRR9034695.1857356	1088	1238	-	150	150	150M
AL	AL	SRR9034695.1857619	3038	3188	-	150	150	150M
AL	AL	SRR9034695.1858468	1996	2146	+	148	150	150M
AL	AL	SRR9034695.1859587	65	215	-	150	150	150M
AL	AL	SRR9034695.1860457	659	809	-	150	150	150M
AL	AL	SRR9034695.1861384	146	296	+	150	150	150M
AL	AL	SRR9034695.1863431	2412	2562	-	150	150	150M
AL	AL	SRR9034695.1865266	1967	2117	+	150	150	150M
AL	AL	SRR9034695.1870271	2533	2683	-	150	150	150M
AL	AL	SRR9034695.1874059	2004	2154	+	150	150	150M
AL	AL	SRR9034695.1875846	896	1046	+	150	150	150M
AL	AL	SRR9034695.1876297	3038	3188	-	150	150	150M
AL	AL	SRR9034695.1877711	3027	3177	+	150	150	150M
AL	AL	SRR9034695.1880294	2962	3112	+	150	150	150M
AL	AL	SRR9034695.1888001	2411	2561	-	150	150	150M
AL	AL	SRR9034695.1895478	1863	2013	+	150	150	150M
AL	AL	SRR9034695.1900135	427	577	-	150	150	150M
AL	AL	SRR9034695.1905500	345	495	-	149	150	150M
AL	AL	SRR9034695.1905686	2118	2268	+	149	150	150M
AL	AL	SRR9034695.1906993	3459	3609	+	150	150	150M
AL	AL	SRR9034695.1908969	1344	1494	+	147	150	150M
AL	AL	SRR9034695.1910006	1533	1683	-	150	150	150M
AL	AL	SRR9034695.1911081	1204	1354	+	150	150	150M
AL	AL	SRR9034695.1913089	2378	2528	+	150	150	150M
AL	AL	SRR9034695.1915369	2467	2617	-	150	150	150M
AL	AL	SRR9034695.1918415	994	1144	+	150	150	150M
AL	AL	SRR9034695.1918765	1608	1758	-	150	150	150M
AL	AL	SRR9034695.1923134	3548	3698	-	150	150	150M
AL	AL	SRR9034695.1926947	2842	2992	+	150	150	150M
AL	AL	SRR9034695.1928497	162	296	+	134	134	134M
AL	AL	SRR9034695.1928498	162	296	+	134	134	134M
AL	AL	SRR9034695.1928764	3392	3542	+	150	150	150M
AL	AL	SRR9034695.1931001	1281	1431	-	150	150	150M
AL	AL	SRR9034695.1931291	1189	1339	+	150	150	150M
AL	AL	SRR9034695.1931671	896	1046	+	150	150	150M
AL	AL	SRR9034695.1934107	2374	2524	+	149	150	150M
AL	AL	SRR9034695.1934287	3073	3223	+	147	150	150M
AL	AL	SRR9034695.1934956	2650	2800	+	148	150	150M
AL	AL	SRR9034695.1935450	1501	1651	+	150	150	150M
AL	AL	SRR9034695.1936751	2052	2202	-	143	150	150M
AL	AL	SRR9034695.1939428	782	932	+	149	150	150M
AL	AL	SRR9034695.1940099	48	198	+	150	150	150M
AL	AL	SRR9034695.1940538	2245	2395	+	150	150	150M
AL	AL	SRR9034695.1944937	1394	1544	-	150	150	150M
AL	AL	SRR9034695.1951933	2171	2321	+	149	150	150M
AL	AL	SRR9034695.1958926	3837	3987	-	150	150	150M
AL	AL	SRR9034695.1960588	2165	2315	+	150	150	150M
AL	AL	SRR9034695.1962024	9	159	-	150	150	150M
AL	AL	SRR9034695.1962468	1234	1384	+	147	150	150M
AL	AL	SRR9034695.1962891	244	394	-	147	150	150M
AL	AL	SRR9034695.1965031	1533	1683	-	149	150	150M
AL	AL	SRR9034695.1966260	3216	3366	-	150	150	150M
AL	AL	SRR9034695.1967051	1198	1348	-	149	150	150M
AL	AL	SRR9034695.1968670	1561	1711	+	150	150	150M
AL	AL	SRR9034695.1969077	2539	2689	-	150	150	150M
AL	AL	SRR9034695.1971290	3554	3704	+	150	150	150M
AL	AL	SRR9034695.1981310	3214	3364	-	150	150	150M
AL	AL	SRR9034695.1981351	2367	2517	-	148	150	150M
AL	AL	SRR9034695.1984356	3156	3306	-	150	150	150M
AL	AL	SRR9034695.1984618	185	335	+	150	150	150M
AL	AL	SRR9034695.1984930	185	335	+	150	150	150M
AL	AL	SRR9034695.1985365	2504	2654	-	148	150	150M
AL	AL	SRR9034695.1986241	3036	3186	-	150	150	150M
AL	AL	SRR9034695.1987286	3662	3812	+	150	150	150M
AL	AL	SRR9034695.1987840	3526	3676	+	150	150	150M
AL	AL	SRR9034695.1988392	2820	2970	-	150	150	150M
AL	AL	SRR9034695.1988528	1702	1852	+	150	150	150M
AL	AL	SRR9034695.1989208	2658	2808	+	150	150	150M
AL	AL	SRR9034695.1989406	2570	2720	-	150	150	150M
AL	AL	SRR9034695.1989865	3526	3676	+	149	150	150M
AL	AL	SRR9034695.1990485	3613	3763	+	150	150	150M
AL	AL	SRR9034695.1990581	3446	3596	+	150	150	150M
AL	AL	SRR9034695.1991258	3282	3432	+	150	150	150M
AL	AL	SRR9034695.1992360	3070	3220	-	149	150	150M
AL	AL	SRR9034695.1992469	92	242	-	149	150	150M
AL	AL	SRR9034695.1992507	3070	3220	-	150	150	150M
AL	AL	SRR9034695.1992807	635	785	+	150	150	150M
AL	AL	SRR9034695.1993747	3244	3394	+	150	150	150M
AL	AL	SRR9034695.1994512	3885	4008	+	123	123	123M
AL	AL	SRR9034695.1996182	2653	2803	+	149	150	150M
AL	AL	SRR9034695.1998072	3216	3366	-	149	150	150M
AL	AL	SRR9034695.1998592	1916	2066	+	149	150	150M
AD	AL	SRR9034696.14372	1803	1953	+	146	150	150M
AD	AL	SRR9034696.16092	2990	3140	-	148	150	150M
AD	AL	SRR9034696.67635	245	388	+	141	144	14M1I129M
AD	AL	SRR9034696.106359	3630	3780	-	149	150	150M
AD	AL	SRR9034696.138515	1887	2037	+	150	150	150M
AD	AL	SRR9034696.153345	2633	2783	-	145	150	150M
AD	AL	SRR9034696.173922	2918	3068	+	150	150	150M
AD	AL	SRR9034696.192618	2148	2295	-	144	147	147M
AD	AL	SRR9034696.249299	2296	2446	-	148	150	150M
AD	AL	SRR9034696.311343	1905	2055	+	149	150	150M
AD	AL	SRR9034696.376144	465	615	+	149	150	150M
AD	AL	SRR9034696.387493	3363	3513	-	145	150	150M
AD	AL	SRR9034696.422544	864	1014	+	148	150	150M
AD	AL	SRR9034696.424996	864	1014	+	148	150	150M
AD	AL	SRR9034696.530254	2797	2947	-	144	150	150M
AD	AL	SRR9034696.539481	3728	3876	+	135	148	148M
AD	AL	SRR9034696.545021	3648	3798	+	142	150	150M
AD	AL	SRR9034696.615046	3617	3767	-	145	150	150M
AD	AL	SRR9034696.697814	2148	2295	-	142	147	147M
AD	AL	SRR9034696.734377	598	748	+	149	150	150M
AD	AL	SRR9034696.735420	2980	3130	+	150	150	150M
AD	AL	SRR9034696.777560	3081	3231	+	149	150	150M
AD	AL	SRR9034696.860725	3223	3373	-	149	150	150M
AD	AL	SRR9034696.870482	2728	2878	+	147	150	150M
AD	AL	SRR9034696.889106	1982	2132	+	150	150	150M
AD	AL	SRR9034696.900526	1203	1362	+	148	159	66M6D63M3D21M
AD	AL	SRR9034696.902896	588	738	+	150	150	150M
AD	AL	SRR9034696.924944	2896	3046	+	150	150	150M
AD	AL	SRR9034696.951308	1452	1602	+	149	150	150M
AD	AL	SRR9034696.951731	1452	1602	+	149	150	150M
AD	AL	SRR9034696.952148	2137	2287	-	147	150	150M
AD	AL	SRR9034696.971067	3830	3980	+	147	150	150M
AD	AL	SRR9034696.1010533	127	277	+	148	150	150M
AD	AL	SRR9034696.1122299	3505	3655	-	150	150	150M
AD	AL	SRR9034696.1143298	1686	1836	+	147	150	150M
AD	AL	SRR9034696.1175672	3309	3459	+	148	150	150M
AD	AL	SRR9034696.1175946	3309	3459	+	148	150	150M
AD	AL	SRR9034696.1195454	3860	4008	-	146	148	148M
AD	AL	SRR9034696.1222105	230	380	-	147	150	150M
AD	AL	SRR9034696.1238364	3303	3444	-	139	141	141M
AD	AL	SRR9034696.1241121	3717	3867	+	149	150	150M
AD	AL	SRR9034696.1270840	417	567	-	149	150	150M
AD	AL	SRR9034696.1319242	2839	2989	+	149	150	150M
AD	AL	SRR9034696.1380452	238	387	-	147	150	21M1I128M
AD	AL	SRR9034696.1404999	2000	2150	+	148	150	150M
AD	AL	SRR9034696.1426986	2243	2393	-	147	150	150M
AD	AL	SRR9034696.1501430	2735	2885	+	147	150	150M
AD	AL	SRR9034696.1572197	3548	3698	+	150	150	150M
AD	AL	SRR9034696.1580995	1421	1571	+	149	150	150M
AD	AL	SRR9034696.1735779	2740	2890	-	147	150	150M
AD	AL	SRR9034696.1779762	2337	2487	-	150	150	150M
AD	AL	SRR9034696.1824129	895	1045	-	147	150	150M
AD	AL	SRR9034696.1827195	1909	2059	-	150	150	150M
AD	AL	SRR9034696.1926817	2946	3096	+	150	150	150M
AL	AD	SRR9034695.159	1883	2033	-	147	149	150M
AL	AD	SRR9034695.3740	2800	2950	+	147	150	150M
AL	AD	SRR9034695.8114	1530	1676	+	142	146	146M
AL	AD	SRR9034695.8172	656	806	+	148	150	150M
AL	AD	SRR9034695.8333	1530	1680	+	147	150	150M
AL	AD	SRR9034695.8618	159	309	-	148	150	150M
AL	AD	SRR9034695.11300	1693	1843	+	141	150	150M
AL	AD	SRR9034695.16917	3284	3434	-	144	150	150M
AL	AD	SRR9034695.20149	3712	3862	+	148	150	150M
AL	AD	SRR9034695.21801	1971	2121	-	150	150	150M
AL	AD	SRR9034695.21918	1971	2121	-	150	150	150M
AL	AD	SRR9034695.22367	3848	3998	+	148	150	150M
AL	AD	SRR9034695.22767	435	585	-	149	150	150M
AL	AD	SRR9034695.24506	2629	2779	+	144	150	150M
AL	AD	SRR9034695.24647	808	958	+	149	150	150M
AL	AD	SRR9034695.26654	3573	3723	+	146	150	150M
AL	AD	SRR9034695.29696	1435	1585	+	149	150	150M
AL	AD	SRR9034695.29826	1435	1585	+	145	150	150M
AL	AD	SRR9034695.32596	2877	3027	+	149	150	150M
AL	AD	SRR9034695.36325	3495	3636	+	140	141	141M
AL	AD	SRR9034695.40214	339	489	+	147	150	150M
AL	AD	SRR9034695.40339	2678	2828	-	148	150	150M
AL	AD	SRR9034695.43532	825	956	+	131	131	131M
AL	AD	SRR9034695.43817	3819	3969	-	145	150	150M
AL	AD	SRR9034695.44935	2365	2515	+	147	150	150M
AL	AD	SRR9034695.46044	1537	1687	-	148	150	150M
AL	AD	SRR9034695.47637	2827	2977	+	148	150	150M
AL	AD	SRR9034695.48327	1852	2002	-	149	150	150M
AL	AD	SRR9034695.53308	888	1038	-	146	150	150M
AL	AD	SRR9034695.53435	1693	1843	+	146	150	150M
AL	AD	SRR9034695.54306	1424	1574	+	149	150	150M
AL	AD	SRR9034695.57193	1325	1472	+	143	150	7M3I140M
AL	AD	SRR9034695.58650	1424	1574	+	149	150	150M
AL	AD	SRR9034695.59473	1325	1472	+	143	150	7M3I140M
AL	AD	SRR9034695.59520	2273	2423	+	146	150	150M
AL	AD	SRR9034695.62666	518	668	+	147	150	150M
AL	AD	SRR9034695.62810	1204	1345	+	141	150	65M6I63M3I13M
AL	AD	SRR9034695.64852	2215	2365	-	147	150	150M
AL	AD	SRR9034695.65991	2682	2832	-	148	150	150M
AL	AD	SRR9034695.66879	2225	2370	-	138	145	145M
AL	AD	SRR9034695.69543	1307	1454	-	143	150	25M3I122M
AL	AD	SRR9034695.72714	3055	3205	+	149	150	150M
AL	AD	SRR9034695.74742	2518	2668	+	145	150	150M
AL	AD	SRR9034695.76680	2678	2828	+	148	150	150M
AL	AD	SRR9034695.78275	3570	3720	-	147	150	150M
AL	AD	SRR9034695.81018	1011	1161	+	148	150	150M
AL	AD	SRR9034695.87347	1575	1725	-	148	150	150M
AL	AD	SRR9034695.87806	2573	2723	-	145	150	150M
AL	AD	SRR9034695.88993	3225	3375	+	148	150	150M
AL	AD	SRR9034695.90857	3137	3287	-	148	150	150M
AL	AD	SRR9034695.92628	3137	3287	-	148	150	150M
AL	AD	SRR9034695.95416	944	1094	+	145	150	150M
AL	AD	SRR9034695.98364	2867	3017	-	150	150	150M
AL	AD	SRR9034695.98589	3868	3999	+	129	131	131M
AL	AD	SRR9034695.99431	3868	3999	+	129	131	131M
AL	AD	SRR9034695.99911	3072	3222	+	149	150	150M
AL	AD	SRR9034695.100621	91	241	-	144	150	150M
AL	AD	SRR9034695.101340	1091	1241	-	150	150	150M
AL	AD	SRR9034695.101468	2066	2216	+	148	150	150M
AL	AD	SRR9034695.103432	2061	2211	-	148	150	150M
AL	AD	SRR9034695.105852	1826	1976	+	149	150	150M
AL	AD	SRR9034695.110032	1546	1696	+	148	150	150M
AL	AD	SRR9034695.113355	3166	3316	-	149	150	150M
AL	AD	SRR9034695.113699	2547	2697	-	145	150	150M
AL	AD	SRR9034695.113700	2547	2697	-	144	150	150M
AL	AD	SRR9034695.116239	2740	2890	-	148	150	150M
AL	AD	SRR9034695.117004	2231	2381	-	148	150	150M
AL	AD	SRR9034695.118890	2231	2381	-	148	150	150M
AL	AD	SRR9034695.118975	2384	2534	+	148	150	150M
AL	AD	SRR9034695.119711	1426	1576	+	149	150	150M
AL	AD	SRR9034695.124581	2214	2364	-	148	150	150M
AL	AD	SRR9034695.136743	2066	2216	+	147	150	150M
AL	AD	SRR9034695.139369	529	679	+	150	150	150M
AL	AD	SRR9034695.140106	3559	3709	+	147	150	150M
AL	AD	SRR9034695.141136	3570	3720	+	147	150	150M
AL	AD	SRR9034695.143250	3192	3342	-	148	150	150M
AL	AD	SRR9034695.147619	2411	2561	+	149	150	150M
AL	AD	SRR9034695.148863	1317	1464	-	143	150	15M3I132M
AL	AD	SRR9034695.153892	744	894	+	148	150	150M
AL	AD	SRR9034695.157339	1646	1796	-	148	150	150M
AL	AD	SRR9034695.157618	3445	3595	+	146	150	150M
AL	AD	SRR9034695.159810	1969	2119	+	150	150	150M
AL	AD	SRR9034695.160643	499	649	-	149	150	150M
AL	AD	SRR9034695.161416	3600	3750	+	147	150	150M
AL	AD	SRR9034695.162337	1850	2000	+	149	150	150M
AL	AD	SRR9034695.163113	2948	3098	+	150	150	150M
AL	AD	SRR9034695.166788	756	906	-	149	150	150M
AL	AD	SRR9034695.166980	2917	3067	-	150	150	150M
AL	AD	SRR9034695.168786	435	585	-	149	150	150M
AL	AD	SRR9034695.172885	437	587	+	148	150	150M
AL	AD	SRR9034695.174445	2757	2907	-	148	150	150M
AL	AD	SRR9034695.174552	1870	2020	+	149	150	150M
AL	AD	SRR9034695.175779	1796	1946	+	147	150	150M
AL	AD	SRR9034695.176248	3495	3635	+	139	140	140M
AL	AD	SRR9034695.178759	3213	3363	-	148	150	150M
AL	AD	SRR9034695.181736	1716	1866	-	146	150	150M
AL	AD	SRR9034695.181895	2128	2278	+	147	150	150M
AL	AD	SRR9034695.182300	1523	1673	-	149	150	150M
AL	AD	SRR9034695.182408	3156	3306	-	149	150	150M
AL	AD	SRR9034695.182713	3037	3187	+	149	150	150M
AL	AD	SRR9034695.184278	3213	3363	-	148	150	150M
AL	AD	SRR9034695.184821	3213	3363	-	148	150	150M
AL	AD	SRR9034695.185748	2652	2802	+	147	150	150M
AL	AD	SRR9034695.188655	1506	1656	-	149	150	150M
AL	AD	SRR9034695.191458	2996	3146	+	150	150	150M
AL	AD	SRR9034695.198736	2419	2569	-	148	150	150M
AL	AD	SRR9034695.201348	2486	2636	-	147	150	150M
AL	AD	SRR9034695.204264	3534	3684	-	148	150	150M
AL	AD	SRR9034695.204919	3296	3446	-	148	150	150M
AL	AD	SRR9034695.205415	3070	3220	-	149	150	150M
AL	AD	SRR9034695.209120	704	854	+	148	150	150M
AL	AD	SRR9034695.210681	1966	2116	+	150	150	150M
AL	AD	SRR9034695.211707	1449	1599	-	150	150	150M
AL	AD	SRR9034695.212628	2190	2340	-	148	150	150M
AL	AD	SRR9034695.214117	1988	2138	+	150	150	150M
AL	AD	SRR9034695.216377	3859	3999	+	138	140	140M
AL	AD	SRR9034695.219585	1881	2031	-	149	150	150M
AL	AD	SRR9034695.230850	2762	2912	+	149	150	150M
AL	AD	SRR9034695.232770	3132	3282	-	148	150	150M
AL	AD	SRR9034695.234324	2134	2284	-	147	150	150M
AL	AD	SRR9034695.234519	50	200	-	150	150	150M
AL	AD	SRR9034695.234819	50	200	-	150	150	150M
AL	AD	SRR9034695.236665	3371	3521	-	146	150	150M
AL	AD	SRR9034695.236875	259	405	-	145	146	146M
AL	AD	SRR9034695.238179	658	808	+	148	150	150M
AL	AD	SRR9034695.239176	3161	3311	-	149	150	150M
AL	AD	SRR9034695.239427	2264	2414	+	147	150	150M
AL	AD	SRR9034695.239848	364	514	+	148	150	150M
AL	AD	SRR9034695.241475	3283	3433	-	148	150	150M
AL	AD	SRR9034695.242007	1473	1623	+	150	150	150M
AL	AD	SRR9034695.242173	1338	1488	+	146	150	150M
AL	AD	SRR9034695.246141	73	223	-	150	150	150M
AL	AD	SRR9034695.246867	3621	3771	-	148	150	150M
AL	AD	SRR9034695.247641	1798	1948	+	147	150	150M
AL	AD	SRR9034695.248540	2346	2496	+	148	150	150M
AL	AD	SRR9034695.249446	1892	2042	+	149	150	150M
AL	AD	SRR9034695.253394	1792	1942	+	147	150	150M
AL	AD	SRR9034695.253941	2975	3125	+	150	150	150M
AL	AD	SRR9034695.255796	2129	2279	+	148	150	150M
AL	AD	SRR9034695.258050	2975	3125	+	150	150	150M
AL	AD	SRR9034695.260532	2765	2915	+	149	150	150M
AL	AD	SRR9034695.260669	2765	2915	+	149	150	150M
AL	AD	SRR9034695.265850	3545	3695	+	146	150	150M
AL	AD	SRR9034695.268007	3376	3526	+	146	150	150M
AL	AD	SRR9034695.275101	3160	3310	-	149	150	150M
AL	AD	SRR9034695.275391	2005	2155	-	147	150	150M
AL	AD	SRR9034695.277043	2490	2640	-	147	150	150M
AL	AD	SRR9034695.277731	3406	3556	-	147	150	150M
AL	AD	SRR9034695.278594	3406	3556	-	147	150	150M
AL	AD	SRR9034695.279536	2732	2882	-	148	150	150M
AL	AD	SRR9034695.280322	3147	3297	-	148	150	150M
AL	AD	SRR9034695.281060	2843	2993	-	150	150	150M
AL	AD	SRR9034695.283282	2843	2993	-	150	150	150M
AL	AD	SRR9034695.284612	3132	3282	-	147	150	150M
AL	AD	SRR9034695.287093	1794	1944	+	147	150	150M
AL	AD	SRR9034695.287143	2732	2882	-	148	150	150M
AL	AD	SRR9034695.287367	764	914	-	150	150	150M
AL	AD	SRR9034695.287797	2031	2181	-	148	150	150M
AL	AD	SRR9034695.289377	2813	2963	+	148	150	150M
AL	AD	SRR9034695.289662	2813	2963	+	148	150	150M
AL	AD	SRR9034695.289833	1958	2108	+	150	150	150M
AL	AD	SRR9034695.290385	2813	2963	+	148	150	150M
AL	AD	SRR9034695.291264	1061	1211	-	149	150	150M
AL	AD	SRR9034695.292167	1967	2117	-	150	150	150M
AL	AD	SRR9034695.292590	1958	2108	+	150	150	150M
AL	AD	SRR9034695.293166	54	204	+	150	150	150M
AL	AD	SRR9034695.301792	2220	2370	-	148	150	150M
AL	AD	SRR9034695.304335	3713	3863	+	149	150	150M
AL	AD	SRR9034695.305266	2654	2804	+	147	150	150M
AL	AD	SRR9034695.307467	990	1136	+	144	146	146M
AL	AD	SRR9034695.308321	2584	2734	+	145	150	150M
AL	AD	SRR9034695.308342	2817	2967	-	149	150	150M
AL	AD	SRR9034695.313133	202	352	-	149	150	150M
AL	AD	SRR9034695.313483	1280	1427	-	144	150	52M3I95M
AL	AD	SRR9034695.313604	3038	3188	+	149	150	150M
AL	AD	SRR9034695.313702	3762	3912	+	148	150	150M
AL	AD	SRR9034695.318290	2025	2175	-	147	150	150M
AL	AD	SRR9034695.318363	2970	3120	+	150	150	150M
AL	AD	SRR9034695.321856	1118	1268	+	149	150	150M
AL	AD	SRR9034695.326292	3385	3535	-	146	150	150M
AL	AD	SRR9034695.328711	2615	2765	-	146	150	150M
AL	AD	SRR9034695.330785	1128	1270	-	142	142	142M
AL	AD	SRR9034695.331103	1128	1270	-	142	142	142M
AL	AD	SRR9034695.335990	851	1001	+	147	150	150M
AL	AD	SRR9034695.341141	532	682	-	150	150	150M
AL	AD	SRR9034695.342126	3048	3198	+	149	150	150M
AL	AD	SRR9034695.344568	3308	3458	-	148	150	150M
AL	AD	SRR9034695.344796	2235	2385	+	147	150	150M
AL	AD	SRR9034695.346473	1282	1429	+	144	150	50M3I97M
AL	AD	SRR9034695.347213	1870	2020	-	149	150	150M
AL	AD	SRR9034695.347517	2235	2385	+	147	150	150M
AL	AD	SRR9034695.349671	3818	3968	+	147	150	150M
AL	AD	SRR9034695.350057	1518	1668	+	149	150	150M
AL	AD	SRR9034695.351069	1571	1721	-	148	150	150M
AL	AD	SRR9034695.352868	39	189	-	150	150	150M
AL	AD	SRR9034695.353202	3613	3763	-	148	150	150M
AL	AD	SRR9034695.355061	3712	3862	-	149	150	150M
AL	AD	SRR9034695.355402	1537	1687	-	149	150	150M
AL	AD	SRR9034695.357321	2579	2729	-	146	150	150M
AL	AD	SRR9034695.358216	3369	3519	-	146	150	150M
AL	AD	SRR9034695.366323	1276	1411	+	133	138	56M3I79M
AL	AD	SRR9034695.367674	2943	3093	-	150	150	150M
AL	AD	SRR9034695.369393	1038	1188	-	149	150	150M
AL	AD	SRR9034695.373857	2740	2890	-	148	150	150M
AL	AD	SRR9034695.379219	2950	3100	-	150	150	150M
AL	AD	SRR9034695.379929	1673	1823	-	146	150	150M
AL	AD	SRR9034695.383082	3463	3613	+	146	150	150M
AL	AD	SRR9034695.384337	3414	3564	+	147	150	150M
AL	AD	SRR9034695.387285	256	405	+	148	150	3M1I146M
AL	AD	SRR9034695.387688	686	836	-	148	150	150M
AL	AD	SRR9034695.388813	440	590	-	148	150	150M
AL	AD	SRR9034695.389727	542	692	-	150	150	150M
AL	AD	SRR9034695.389879	11	161	-	149	150	150M
AL	AD	SRR9034695.391567	2004	2154	-	148	150	150M
AL	AD	SRR9034695.391968	710	860	+	148	150	150M
AL	AD	SRR9034695.392833	1184	1328	-	140	150	85M6I59M
AL	AD	SRR9034695.395635	440	590	-	148	150	150M
AL	AD	SRR9034695.397112	817	967	+	150	150	150M
AL	AD	SRR9034695.397353	2791	2934	+	142	143	143M
AL	AD	SRR9034695.397553	2655	2781	-	124	126	126M
AL	AD	SRR9034695.398470	3495	3637	+	141	142	142M
AL	AD	SRR9034695.398835	2638	2788	+	146	150	150M
AL	AD	SRR9034695.399729	360	510	+	148	150	150M
AL	AD	SRR9034695.400265	3082	3232	+	149	150	150M
AL	AD	SRR9034695.403505	3309	3459	-	148	150	150M
AL	AD	SRR9034695.404585	2258	2408	-	147	150	150M
AL	AD	SRR9034695.405011	1028	1178	+	149	150	150M
AL	AD	SRR9034695.407472	3746	3896	-	148	150	150M
AL	AD	SRR9034695.408463	3127	3276	+	148	150	77M1I72M
AL	AD	SRR9034695.410944	3072	3222	+	149	150	150M
AL	AD	SRR9034695.412480	3598	3748	-	148	150	150M
AL	AD	SRR9034695.412758	3598	3748	-	148	150	150M
AL	AD	SRR9034695.414501	2264	2414	+	147	150	150M
AL	AD	SRR9034695.414835	3771	3921	+	148	150	150M
AL	AD	SRR9034695.417263	1561	1711	-	149	150	150M
AL	AD	SRR9034695.417424	1561	1711	-	149	150	150M
AL	AD	SRR9034695.418366	3495	3637	+	141	142	142M
AL	AD	SRR9034695.418544	1488	1638	-	148	150	150M
AL	AD	SRR9034695.419739	3301	3451	+	147	150	150M
AL	AD	SRR9034695.420243	3343	3488	+	144	145	145M
AL	AD	SRR9034695.421567	2579	2729	-	146	150	150M
AL	AD	SRR9034695.421800	3435	3585	+	146	150	150M
AL	AD	SRR9034695.424211	912	1062	-	145	150	150M
AL	AD	SRR9034695.425843	3653	3803	+	148	150	150M
AL	AD	SRR9034695.426035	3700	3850	-	149	150	150M
AL	AD	SRR9034695.427467	2943	3093	-	150	150	150M
AL	AD	SRR9034695.435146	1119	1269	+	150	150	150M
AL	AD	SRR9034695.435856	1575	1725	+	148	150	150M
AL	AD	SRR9034695.436124	1191	1336	+	144	151	78M6I63M1D3M
AL	AD	SRR9034695.438757	3235	3385	+	148	150	150M
AL	AD	SRR9034695.439936	3687	3837	-	149	150	150M
AL	AD	SRR9034695.440839	3316	3466	+	148	150	150M
AL	AD	SRR9034695.442591	2218	2368	+	148	150	150M
AL	AD	SRR9034695.445238	1268	1415	+	143	150	64M3I83M
AL	AD	SRR9034695.445802	1307	1454	-	143	150	25M3I122M
AL	AD	SRR9034695.447832	3796	3946	-	148	150	150M
AL	AD	SRR9034695.451643	2882	3032	+	150	150	150M
AL	AD	SRR9034695.452081	2418	2568	-	148	150	150M
AL	AD	SRR9034695.454211	39	189	-	150	150	150M
AL	AD	SRR9034695.455014	2828	2978	-	149	150	150M
AL	AD	SRR9034695.459121	411	561	+	147	150	150M
AL	AD	SRR9034695.460715	3568	3718	-	146	150	150M
AL	AD	SRR9034695.462080	2394	2544	+	148	150	150M
AL	AD	SRR9034695.465863	3449	3599	+	146	150	150M
AL	AD	SRR9034695.469264	1646	1796	-	148	150	150M
AL	AD	SRR9034695.471463	2985	3135	+	150	150	150M
AL	AD	SRR9034695.474642	3623	3773	-	148	150	150M
AL	AD	SRR9034695.475734	2944	3094	+	150	150	150M
AL	AD	SRR9034695.476118	435	585	+	148	150	150M
AL	AD	SRR9034695.476768	1849	1999	-	149	150	150M
AL	AD	SRR9034695.477825	1849	1999	-	148	150	150M
AL	AD	SRR9034695.480400	2941	3091	+	150	150	150M
AL	AD	SRR9034695.482388	3553	3703	+	145	150	150M
AL	AD	SRR9034695.482457	3179	3329	-	148	150	150M
AL	AD	SRR9034695.484668	3826	3976	-	147	150	150M
AL	AD	SRR9034695.487795	84	231	-	139	147	147M
AL	AD	SRR9034695.488497	87	231	-	139	144	144M
AL	AD	SRR9034695.488746	88	231	-	137	143	143M
AL	AD	SRR9034695.489014	3323	3473	+	145	150	150M
AL	AD	SRR9034695.489308	39	189	-	150	150	150M
AL	AD	SRR9034695.493336	2045	2195	+	141	150	150M
AL	AD	SRR9034695.496286	1896	2046	-	149	150	150M
AL	AD	SRR9034695.496655	440	590	-	149	150	150M
AL	AD	SRR9034695.497723	1896	2046	-	148	150	150M
AL	AD	SRR9034695.499124	2167	2317	-	147	150	150M
AL	AD	SRR9034695.504587	3072	3222	+	140	150	150M
AL	AD	SRR9034695.506825	1587	1737	-	147	150	150M
AL	AD	SRR9034695.508474	1004	1154	-	148	150	150M
AL	AD	SRR9034695.510382	1587	1737	-	148	150	150M
AL	AD	SRR9034695.510998	1587	1737	-	140	150	150M
AL	AD	SRR9034695.510999	1587	1737	-	148	150	150M
AL	AD	SRR9034695.513370	1830	1980	-	142	150	150M
AL	AD	SRR9034695.519113	2170	2320	+	144	150	150M
AL	AD	SRR9034695.525276	56	193	-	135	137	137M
AL	AD	SRR9034695.528922	3624	3774	-	146	150	150M
AL	AD	SRR9034695.530499	2420	2570	-	147	150	150M
AL	AD	SRR9034695.531227	1285	1432	+	144	150	47M3I100M
AL	AD	SRR9034695.531228	1285	1432	+	143	150	47M3I100M
AL	AD	SRR9034695.536360	3834	3984	-	144	150	150M
AL	AD	SRR9034695.537699	2504	2654	+	145	149	150M
AL	AD	SRR9034695.541012	2976	3126	+	138	150	150M
AL	AD	SRR9034695.541015	2976	3126	+	146	150	150M
AL	AD	SRR9034695.542572	3058	3208	+	146	150	150M
AL	AD	SRR9034695.549939	3767	3917	+	147	150	150M
AL	AD	SRR9034695.549942	2661	2811	-	148	150	150M
AL	AD	SRR9034695.551724	2699	2849	-	146	150	150M
AL	AD	SRR9034695.551863	2699	2849	-	144	150	150M
AL	AD	SRR9034695.553773	2140	2285	-	143	145	145M
AL	AD	SRR9034695.553899	3797	3947	-	148	150	150M
AL	AD	SRR9034695.554045	3797	3947	-	148	150	150M
AL	AD	SRR9034695.554742	2007	2157	+	149	150	150M
AL	AD	SRR9034695.554821	1302	1449	-	136	150	30M3I117M
AL	AD	SRR9034695.558759	3300	3450	+	147	150	150M
AL	AD	SRR9034695.560874	3070	3220	-	149	150	150M
AL	AD	SRR9034695.563180	2244	2394	-	146	150	150M
AL	AD	SRR9034695.563683	2718	2868	-	144	150	150M
AL	AD	SRR9034695.564302	2244	2394	-	147	150	150M
AL	AD	SRR9034695.568166	2718	2868	-	146	150	150M
AL	AD	SRR9034695.568576	3325	3475	+	148	150	150M
AL	AD	SRR9034695.569684	2160	2310	-	147	150	150M
AL	AD	SRR9034695.570423	1476	1626	+	149	150	150M
AL	AD	SRR9034695.570699	2073	2223	-	147	150	150M
AL	AD	SRR9034695.570880	2678	2828	-	148	150	150M
AL	AD	SRR9034695.575672	1042	1192	-	141	150	150M
AL	AD	SRR9034695.576605	1583	1733	-	148	150	150M
AL	AD	SRR9034695.579697	990	1136	-	143	146	146M
AL	AD	SRR9034695.581672	1792	1942	+	146	150	150M
AL	AD	SRR9034695.582574	2800	2950	+	148	150	150M
AL	AD	SRR9034695.582737	3435	3585	-	146	150	150M
AL	AD	SRR9034695.582918	77	227	+	150	150	150M
AL	AD	SRR9034695.583713	3449	3599	+	145	150	150M
AL	AD	SRR9034695.584600	1862	2012	+	147	150	150M
AL	AD	SRR9034695.587784	1848	1998	+	148	150	150M
AL	AD	SRR9034695.588378	1900	2050	-	149	150	150M
AL	AD	SRR9034695.588781	2165	2315	-	146	150	150M
AL	AD	SRR9034695.591874	1649	1799	+	148	150	150M
AL	AD	SRR9034695.594019	3383	3533	-	146	150	150M
AL	AD	SRR9034695.595022	3383	3533	-	146	150	150M
AL	AD	SRR9034695.596357	3139	3289	-	147	150	150M
AL	AD	SRR9034695.597372	2152	2286	-	133	134	134M
AL	AD	SRR9034695.598585	999	1149	-	147	150	150M
AL	AD	SRR9034695.602319	3821	3971	-	146	150	150M
AL	AD	SRR9034695.605260	2358	2508	-	148	150	150M
AL	AD	SRR9034695.608382	1977	2127	+	150	150	150M
AL	AD	SRR9034695.609036	3610	3760	-	148	150	150M
AL	AD	SRR9034695.609058	2232	2382	+	148	150	150M
AL	AD	SRR9034695.615290	614	764	-	148	150	150M
AL	AD	SRR9034695.618406	2806	2956	+	149	150	150M
AL	AD	SRR9034695.620345	2806	2956	+	149	150	150M
AL	AD	SRR9034695.620654	2385	2523	-	137	138	138M
AL	AD	SRR9034695.620868	2018	2168	-	149	150	150M
AL	AD	SRR9034695.623017	1913	2063	-	148	150	150M
AL	AD	SRR9034695.623669	3323	3473	+	149	150	150M
AL	AD	SRR9034695.626090	3521	3671	+	148	150	150M
AL	AD	SRR9034695.626512	528	678	+	150	150	150M
AL	AD	SRR9034695.628830	2016	2166	-	148	150	150M
AL	AD	SRR9034695.629693	1117	1267	-	150	150	150M
AL	AD	SRR9034695.632194	3618	3768	+	148	150	150M
AL	AD	SRR9034695.633155	2516	2666	-	145	150	150M
AL	AD	SRR9034695.638461	3188	3338	-	148	150	150M
AL	AD	SRR9034695.640842	3496	3646	-	149	150	150M
AL	AD	SRR9034695.643617	1968	2118	-	150	150	150M
AL	AD	SRR9034695.644398	3542	3692	-	148	150	150M
AL	AD	SRR9034695.649927	2246	2396	+	147	150	150M
AL	AD	SRR9034695.651090	2246	2396	+	147	150	150M
AL	AD	SRR9034695.651101	1639	1789	-	149	150	150M
AL	AD	SRR9034695.651370	2246	2396	+	147	150	150M
AL	AD	SRR9034695.654098	3064	3214	+	149	150	150M
AL	AD	SRR9034695.655249	2198	2348	-	148	150	150M
AL	AD	SRR9034695.657313	2307	2457	+	148	150	150M
AL	AD	SRR9034695.657451	2307	2457	+	148	150	150M
AL	AD	SRR9034695.657665	3842	3992	-	148	150	150M
AL	AD	SRR9034695.658673	3209	3359	-	148	150	150M
AL	AD	SRR9034695.660513	874	1024	-	146	150	150M
AL	AD	SRR9034695.661655	3649	3799	+	147	150	150M
AL	AD	SRR9034695.663894	3451	3601	+	146	150	150M
AL	AD	SRR9034695.666117	874	1024	-	146	150	150M
AL	AD	SRR9034695.667721	1418	1568	-	149	150	150M
AL	AD	SRR9034695.669478	3677	3827	+	149	150	150M
AL	AD	SRR9034695.672399	3857	3999	+	140	142	142M
AL	AD	SRR9034695.673139	2122	2272	-	148	150	150M
AL	AD	SRR9034695.678993	3693	3843	+	148	150	150M
AL	AD	SRR9034695.679255	3693	3843	+	148	150	150M
AL	AD	SRR9034695.680928	919	1069	-	145	150	150M
AL	AD	SRR9034695.685459	3687	3837	-	149	150	150M
AL	AD	SRR9034695.686261	3491	3641	+	148	151	4M1I135M1D10M
AL	AD	SRR9034695.691609	1424	1574	+	149	150	150M
AL	AD	SRR9034695.691658	2097	2247	+	148	150	150M
AL	AD	SRR9034695.692841	3832	3982	-	147	150	150M
AL	AD	SRR9034695.696590	528	678	+	150	150	150M
AL	AD	SRR9034695.698645	3137	3287	-	148	150	150M
AL	AD	SRR9034695.698757	3828	3978	-	147	150	150M
AL	AD	SRR9034695.700449	3291	3441	-	148	150	150M
AL	AD	SRR9034695.703122	3291	3441	-	148	150	150M
AL	AD	SRR9034695.707448	3376	3526	-	146	150	150M
AL	AD	SRR9034695.707762	1958	2108	+	150	150	150M
AL	AD	SRR9034695.708225	1204	1345	+	141	150	65M6I63M3I13M
AL	AD	SRR9034695.708900	1216	1357	+	139	150	53M6I63M3I25M
AL	AD	SRR9034695.709300	359	509	+	147	150	150M
AL	AD	SRR9034695.710671	3442	3592	-	146	150	150M
AL	AD	SRR9034695.711628	891	1041	+	146	150	150M
AL	AD	SRR9034695.714316	2403	2553	-	149	150	150M
AL	AD	SRR9034695.714827	1391	1541	-	148	150	150M
AL	AD	SRR9034695.718572	2378	2528	-	148	150	150M
AL	AD	SRR9034695.719262	1874	2024	-	149	150	150M
AL	AD	SRR9034695.719378	2524	2674	+	145	150	150M
AL	AD	SRR9034695.720809	1874	2024	-	149	150	150M
AL	AD	SRR9034695.724018	2033	2183	+	148	150	150M
AL	AD	SRR9034695.724964	1677	1827	-	146	150	150M
AL	AD	SRR9034695.726127	3347	3488	-	140	141	141M
AL	AD	SRR9034695.726130	3082	3232	+	149	150	150M
AL	AD	SRR9034695.732332	2170	2320	+	147	150	150M
AL	AD	SRR9034695.734052	3249	3399	+	146	150	150M
AL	AD	SRR9034695.735730	3383	3533	+	146	150	150M
AL	AD	SRR9034695.739318	659	809	-	147	150	150M
AL	AD	SRR9034695.740146	2418	2568	-	148	150	150M
AL	AD	SRR9034695.740683	3438	3588	-	146	150	150M
AL	AD	SRR9034695.741092	2786	2936	+	149	150	150M
AL	AD	SRR9034695.743534	2889	3039	-	150	150	150M
AL	AD	SRR9034695.745644	2044	2194	-	148	150	150M
AL	AD	SRR9034695.746134	1091	1241	+	150	150	150M
AL	AD	SRR9034695.747032	1269	1407	-	135	141	63M3I75M
AL	AD	SRR9034695.751615	1076	1218	-	142	142	142M
AL	AD	SRR9034695.753277	2856	2983	-	127	127	127M
AL	AD	SRR9034695.757054	1865	2015	+	149	150	150M
AL	AD	SRR9034695.757451	2471	2621	-	147	150	150M
AL	AD	SRR9034695.757588	2525	2675	+	145	150	150M
AL	AD	SRR9034695.760216	1189	1333	+	143	150	80M6I64M
AL	AD	SRR9034695.760432	390	540	+	147	150	150M
AL	AD	SRR9034695.764980	699	849	+	148	150	150M
AL	AD	SRR9034695.770455	2471	2621	-	147	150	150M
AL	AD	SRR9034695.770601	3300	3450	+	148	150	150M
AL	AD	SRR9034695.770865	335	485	+	148	150	150M
AL	AD	SRR9034695.771029	1881	2031	-	149	150	150M
AL	AD	SRR9034695.771717	1350	1496	+	144	146	146M
AL	AD	SRR9034695.772354	3710	3860	-	149	150	150M
AL	AD	SRR9034695.781790	246	366	+	119	120	120M
AL	AD	SRR9034695.784210	706	856	+	148	150	150M
AL	AD	SRR9034695.784886	3783	3933	-	148	150	150M
AL	AD	SRR9034695.785640	3783	3933	-	148	150	150M
AL	AD	SRR9034695.788203	306	454	-	146	148	148M
AL	AD	SRR9034695.789379	1517	1667	-	149	150	150M
AL	AD	SRR9034695.790360	2275	2425	+	147	150	150M
AL	AD	SRR9034695.790661	2316	2466	+	148	150	150M
AL	AD	SRR9034695.791368	3585	3735	+	148	150	150M
AL	AD	SRR9034695.791908	3005	3155	+	148	150	150M
AL	AD	SRR9034695.793490	2080	2230	-	145	150	150M
AL	AD	SRR9034695.794429	3660	3810	+	149	150	150M
AL	AD	SRR9034695.795712	1607	1757	-	148	150	150M
AL	AD	SRR9034695.796318	3660	3810	+	149	150	150M
AL	AD	SRR9034695.799844	3702	3851	+	148	150	46M1I103M
AL	AD	SRR9034695.799988	3368	3518	+	146	150	150M
AL	AD	SRR9034695.800548	2600	2750	-	145	150	150M
AL	AD	SRR9034695.805666	2402	2552	-	141	150	150M
AL	AD	SRR9034695.806694	2649	2799	+	146	150	150M
AL	AD	SRR9034695.809728	1707	1857	+	146	150	150M
AL	AD	SRR9034695.814970	2790	2940	+	149	150	150M
AL	AD	SRR9034695.815747	3186	3328	+	137	142	142M
AL	AD	SRR9034695.815962	2956	3093	+	137	137	137M
AL	AD	SRR9034695.819005	2034	2184	-	147	150	150M
AL	AD	SRR9034695.820702	2034	2184	-	147	150	150M
AL	AD	SRR9034695.821089	3848	3998	+	148	150	150M
AL	AD	SRR9034695.824300	2990	3140	+	150	150	150M
AL	AD	SRR9034695.825301	2386	2536	+	149	150	150M
AL	AD	SRR9034695.829972	2944	3094	-	150	150	150M
AL	AD	SRR9034695.831684	2440	2590	-	148	150	150M
AL	AD	SRR9034695.831980	598	748	+	149	150	150M
AL	AD	SRR9034695.832145	2269	2419	+	147	150	150M
AL	AD	SRR9034695.832983	758	908	-	149	150	150M
AL	AD	SRR9034695.833271	758	908	-	149	150	150M
AL	AD	SRR9034695.835742	2373	2523	+	148	150	150M
AL	AD	SRR9034695.839148	3442	3592	+	146	150	150M
AL	AD	SRR9034695.839635	3502	3652	+	149	150	150M
AL	AD	SRR9034695.847349	430	580	-	149	150	150M
AL	AD	SRR9034695.847367	834	984	+	149	150	150M
AL	AD	SRR9034695.847763	390	540	-	147	150	150M
AL	AD	SRR9034695.848619	834	984	+	149	150	150M
AL	AD	SRR9034695.851125	2091	2241	-	147	150	150M
AL	AD	SRR9034695.851838	3521	3671	+	148	150	150M
AL	AD	SRR9034695.852434	887	1037	-	146	150	150M
AL	AD	SRR9034695.852539	2379	2529	-	148	150	150M
AL	AD	SRR9034695.854529	1659	1809	-	147	150	150M
AL	AD	SRR9034695.856981	3365	3515	+	146	150	150M
AL	AD	SRR9034695.858751	1953	2103	+	150	150	150M
AL	AD	SRR9034695.865040	2803	2953	+	149	150	150M
AL	AD	SRR9034695.866114	73	223	-	150	150	150M
AL	AD	SRR9034695.869888	1822	1972	+	149	150	150M
AL	AD	SRR9034695.870411	3457	3607	-	146	150	150M
AL	AD	SRR9034695.876441	3611	3760	+	147	150	66M1I83M
AL	AD	SRR9034695.878222	1966	2116	+	150	150	150M
AL	AD	SRR9034695.879023	2066	2216	-	148	150	150M
AL	AD	SRR9034695.879150	184	334	+	149	150	150M
AL	AD	SRR9034695.880840	3480	3630	+	146	150	150M
AL	AD	SRR9034695.881750	652	802	+	148	150	150M
AL	AD	SRR9034695.884261	483	633	-	149	150	150M
AL	AD	SRR9034695.887843	1280	1427	-	144	150	52M3I95M
AL	AD	SRR9034695.888310	2255	2405	-	147	150	150M
AL	AD	SRR9034695.891108	2955	3105	+	150	150	150M
AL	AD	SRR9034695.891998	2990	3140	+	150	150	150M
AL	AD	SRR9034695.893302	3676	3826	+	149	150	150M
AL	AD	SRR9034695.893825	1280	1427	-	144	150	52M3I95M
AL	AD	SRR9034695.893947	3515	3665	-	148	150	150M
AL	AD	SRR9034695.894398	3054	3204	+	149	150	150M
AL	AD	SRR9034695.896449	2597	2747	-	145	150	150M
AL	AD	SRR9034695.897083	3676	3826	+	149	150	150M
AL	AD	SRR9034695.898977	1647	1797	+	148	150	150M
AL	AD	SRR9034695.900376	1647	1797	+	148	150	150M
AL	AD	SRR9034695.903324	3220	3370	+	148	150	150M
AL	AD	SRR9034695.903539	3433	3583	-	146	150	150M
AL	AD	SRR9034695.904777	3057	3207	+	149	150	150M
AL	AD	SRR9034695.905909	3105	3255	+	149	150	150M
AL	AD	SRR9034695.910485	3438	3588	-	146	150	150M
AL	AD	SRR9034695.913607	3677	3827	+	149	150	150M
AL	AD	SRR9034695.914336	895	1045	+	146	150	150M
AL	AD	SRR9034695.916368	2041	2191	-	147	150	150M
AL	AD	SRR9034695.917706	3840	3990	-	148	150	150M
AL	AD	SRR9034695.919677	1900	2050	-	149	150	150M
AL	AD	SRR9034695.919793	3840	3990	-	148	150	150M
AL	AD	SRR9034695.920749	3653	3803	+	148	150	150M
AL	AD	SRR9034695.921167	3619	3769	-	148	150	150M
AL	AD	SRR9034695.921652	2902	3052	+	149	150	150M
AL	AD	SRR9034695.922112	2642	2792	+	146	150	150M
AL	AD	SRR9034695.925423	2902	3052	+	149	150	150M
AL	AD	SRR9034695.925480	3152	3302	+	148	150	150M
AL	AD	SRR9034695.926426	885	1035	-	146	150	150M
AL	AD	SRR9034695.930240	2545	2695	+	145	150	150M
AL	AD	SRR9034695.933828	3680	3829	+	148	150	68M1I81M
AL	AD	SRR9034695.933829	3680	3829	+	148	150	68M1I81M
AL	AD	SRR9034695.935857	2366	2516	-	148	150	150M
AL	AD	SRR9034695.936059	3130	3280	+	149	150	150M
AL	AD	SRR9034695.938078	2851	3001	-	150	150	150M
AL	AD	SRR9034695.942568	3363	3513	-	146	150	150M
AL	AD	SRR9034695.944353	1413	1563	+	149	150	150M
AL	AD	SRR9034695.951924	390	540	+	147	150	150M
AL	AD	SRR9034695.952746	3818	3968	-	147	150	150M
AL	AD	SRR9034695.953351	1991	2138	+	147	147	147M
AL	AD	SRR9034695.962223	2095	2245	+	147	150	150M
AL	AD	SRR9034695.964437	1082	1232	-	150	150	150M
AL	AD	SRR9034695.965775	1082	1232	-	150	150	150M
AL	AD	SRR9034695.968647	569	719	+	149	150	150M
AL	AD	SRR9034695.969151	569	719	+	150	150	150M
AL	AD	SRR9034695.969501	2264	2414	+	147	150	150M
AL	AD	SRR9034695.971274	2278	2428	-	147	150	150M
AL	AD	SRR9034695.972762	3699	3849	-	149	150	150M
AL	AD	SRR9034695.973018	2652	2802	-	146	150	150M
AL	AD	SRR9034695.973263	2278	2428	-	147	150	150M
AL	AD	SRR9034695.974395	38	188	+	150	150	150M
AL	AD	SRR9034695.975390	435	585	-	149	150	150M
AL	AD	SRR9034695.977264	1124	1270	-	145	146	146M
AL	AD	SRR9034695.977610	3699	3849	-	149	150	150M
AL	AD	SRR9034695.977935	1452	1602	-	150	150	150M
AL	AD	SRR9034695.980079	3768	3918	-	148	150	150M
AL	AD	SRR9034695.984048	2328	2478	-	148	150	150M
AL	AD	SRR9034695.984130	447	597	+	149	150	150M
AL	AD	SRR9034695.984488	2328	2478	-	148	150	150M
AL	AD	SRR9034695.992553	1874	2024	-	149	150	150M
AL	AD	SRR9034695.992694	3283	3433	+	147	150	150M
AL	AD	SRR9034695.993592	2160	2310	+	147	150	150M
AL	AD	SRR9034695.993661	2231	2381	+	148	150	150M
AL	AD	SRR9034695.993828	1839	1989	-	149	150	150M
AL	AD	SRR9034695.994050	3870	3999	+	127	129	129M
AL	AD	SRR9034695.995550	3585	3735	+	148	150	150M
AL	AD	SRR9034695.997123	3696	3846	+	149	150	150M
AL	AD	SRR9034695.997661	1128	1270	-	142	142	142M
AL	AD	SRR9034695.997965	2220	2370	-	148	150	150M
AL	AD	SRR9034695.999575	3436	3586	+	146	150	150M
AL	AD	SRR9034695.999740	1714	1864	+	146	150	150M
AL	AD	SRR9034695.1002641	757	907	-	149	150	150M
AL	AD	SRR9034695.1005980	3693	3843	+	148	150	150M
AL	AD	SRR9034695.1006352	779	929	+	150	150	150M
AL	AD	SRR9034695.1006886	3147	3297	-	148	150	150M
AL	AD	SRR9034695.1007754	3147	3297	-	148	150	150M
AL	AD	SRR9034695.1008318	3147	3297	-	148	150	150M
AL	AD	SRR9034695.1013718	999	1149	+	148	150	150M
AL	AD	SRR9034695.1016657	1401	1551	-	148	150	150M
AL	AD	SRR9034695.1016776	1401	1551	-	148	150	150M
AL	AD	SRR9034695.1021585	2624	2774	+	146	150	150M
AL	AD	SRR9034695.1027126	914	1064	+	145	150	150M
AL	AD	SRR9034695.1027820	2761	2911	+	149	150	150M
AL	AD	SRR9034695.1036305	1797	1947	+	147	150	150M
AL	AD	SRR9034695.1038020	2688	2838	-	147	150	150M
AL	AD	SRR9034695.1038818	1274	1421	-	144	150	58M3I89M
AL	AD	SRR9034695.1038862	1640	1790	-	149	150	150M
AL	AD	SRR9034695.1038944	2177	2327	-	148	150	150M
AL	AD	SRR9034695.1039377	2817	2967	-	149	150	150M
AL	AD	SRR9034695.1040465	2082	2232	+	147	150	150M
AL	AD	SRR9034695.1042061	2082	2232	+	147	150	150M
AL	AD	SRR9034695.1042314	1518	1668	+	149	150	150M
AL	AD	SRR9034695.1043909	3197	3347	-	148	150	150M
AL	AD	SRR9034695.1044070	3672	3822	-	149	150	150M
AL	AD	SRR9034695.1046046	2730	2880	-	148	150	150M
AL	AD	SRR9034695.1047346	679	829	-	148	150	150M
AL	AD	SRR9034695.1048309	679	829	-	148	150	150M
AL	AD	SRR9034695.1048891	3500	3650	+	149	150	150M
AL	AD	SRR9034695.1050521	3211	3361	-	148	150	150M
AL	AD	SRR9034695.1050571	2058	2208	+	148	150	150M
AL	AD	SRR9034695.1050605	2119	2269	-	147	150	150M
AL	AD	SRR9034695.1050994	3804	3954	-	148	150	150M
AL	AD	SRR9034695.1053125	3127	3277	-	149	150	150M
AL	AD	SRR9034695.1057408	2655	2801	+	144	146	146M
AL	AD	SRR9034695.1065113	1900	2050	-	149	150	150M
AL	AD	SRR9034695.1065180	262	412	+	149	150	150M
AL	AD	SRR9034695.1065182	262	412	+	149	150	150M
AL	AD	SRR9034695.1066996	7	157	+	150	150	150M
AL	AD	SRR9034695.1069946	402	552	+	147	150	150M
AL	AD	SRR9034695.1071152	3160	3310	-	149	150	150M
AL	AD	SRR9034695.1071883	3278	3428	+	147	150	150M
AL	AD	SRR9034695.1075881	2378	2528	+	148	150	150M
AL	AD	SRR9034695.1080203	2413	2563	+	149	150	150M
AL	AD	SRR9034695.1081406	3836	3986	-	147	150	150M
AL	AD	SRR9034695.1081981	3836	3986	-	147	150	150M
AL	AD	SRR9034695.1085994	876	1026	+	146	150	150M
AL	AD	SRR9034695.1086258	876	1026	+	146	150	150M
AL	AD	SRR9034695.1086564	876	1026	+	146	150	150M
AL	AD	SRR9034695.1089458	3827	3977	-	147	150	150M
AL	AD	SRR9034695.1090752	3827	3977	-	147	150	150M
AL	AD	SRR9034695.1090855	3561	3711	-	147	150	150M
AL	AD	SRR9034695.1097549	3219	3369	-	148	150	150M
AL	AD	SRR9034695.1100464	3459	3609	-	146	150	150M
AL	AD	SRR9034695.1100552	1038	1188	+	149	150	150M
AL	AD	SRR9034695.1100909	2069	2219	+	148	150	150M
AL	AD	SRR9034695.1101245	3204	3354	+	148	150	150M
AL	AD	SRR9034695.1102618	71	221	-	150	150	150M
AL	AD	SRR9034695.1110109	2287	2437	-	147	150	150M
AL	AD	SRR9034695.1110156	3575	3725	-	147	150	150M
AL	AD	SRR9034695.1112566	2188	2338	+	147	150	150M
AL	AD	SRR9034695.1113885	218	367	-	148	150	41M1I108M
AL	AD	SRR9034695.1114209	2934	3084	-	150	150	150M
AL	AD	SRR9034695.1121212	2225	2375	-	148	150	150M
AL	AD	SRR9034695.1122102	895	1015	+	117	120	120M
AL	AD	SRR9034695.1124819	3438	3588	-	145	149	150M
AL	AD	SRR9034695.1125402	3438	3588	-	145	149	150M
AL	AD	SRR9034695.1126512	574	724	+	149	149	150M
AL	AD	SRR9034695.1126972	2808	2958	+	149	150	150M
AL	AD	SRR9034695.1127974	3438	3588	-	146	150	150M
AL	AD	SRR9034695.1128254	3809	3959	-	143	150	150M
AL	AD	SRR9034695.1128327	2351	2501	-	148	150	150M
AL	AD	SRR9034695.1129199	2004	2154	-	148	150	150M
AL	AD	SRR9034695.1131186	3809	3959	-	148	150	150M
AL	AD	SRR9034695.1131201	3819	3969	-	147	150	150M
AL	AD	SRR9034695.1133272	897	1047	+	146	150	150M
AL	AD	SRR9034695.1135652	1762	1912	+	147	150	150M
AL	AD	SRR9034695.1137104	3372	3522	+	146	150	150M
AL	AD	SRR9034695.1137423	3275	3425	-	147	150	150M
AL	AD	SRR9034695.1146525	435	585	-	149	150	150M
AL	AD	SRR9034695.1148965	2849	2999	+	149	150	150M
AL	AD	SRR9034695.1152106	3828	3978	+	147	150	150M
AL	AD	SRR9034695.1152120	494	644	+	149	150	150M
AL	AD	SRR9034695.1155326	1570	1701	+	130	131	131M
AL	AD	SRR9034695.1157272	3804	3954	-	148	150	150M
AL	AD	SRR9034695.1157483	2708	2858	+	147	150	150M
AL	AD	SRR9034695.1160391	388	538	+	147	150	150M
AL	AD	SRR9034695.1163493	3840	3990	-	148	150	150M
AL	AD	SRR9034695.1164023	1080	1230	+	146	150	150M
AL	AD	SRR9034695.1165036	97	247	+	150	150	150M
AL	AD	SRR9034695.1167561	3150	3300	-	148	150	150M
AL	AD	SRR9034695.1167822	1887	2037	-	149	150	150M
AL	AD	SRR9034695.1176816	574	724	+	150	150	150M
AL	AD	SRR9034695.1177355	2072	2222	+	147	150	150M
AL	AD	SRR9034695.1178106	3846	3996	+	148	150	150M
AL	AD	SRR9034695.1178438	3065	3215	+	149	150	150M
AL	AD	SRR9034695.1180109	2497	2647	+	147	150	150M
AL	AD	SRR9034695.1183881	3727	3877	+	148	150	150M
AL	AD	SRR9034695.1183886	803	953	+	148	150	150M
AL	AD	SRR9034695.1184496	1913	2063	-	149	150	150M
AL	AD	SRR9034695.1187550	803	953	+	150	150	150M
AL	AD	SRR9034695.1189573	336	486	-	148	150	150M
AL	AD	SRR9034695.1189680	2799	2949	+	149	150	150M
AL	AD	SRR9034695.1190112	803	953	+	150	150	150M
AL	AD	SRR9034695.1203422	2867	3017	-	143	150	150M
AL	AD	SRR9034695.1204760	568	718	-	150	150	150M
AL	AD	SRR9034695.1209058	3316	3466	+	148	150	150M
AL	AD	SRR9034695.1209276	2641	2791	+	146	150	150M
AL	AD	SRR9034695.1212442	701	851	-	148	150	150M
AL	AD	SRR9034695.1213947	1544	1694	-	149	150	150M
AL	AD	SRR9034695.1214189	2179	2329	-	148	150	150M
AL	AD	SRR9034695.1214235	1333	1454	+	117	121	121M
AL	AD	SRR9034695.1217257	2898	3048	-	150	150	150M
AL	AD	SRR9034695.1217326	3281	3431	-	147	150	150M
AL	AD	SRR9034695.1218149	2430	2580	+	148	150	150M
AL	AD	SRR9034695.1220425	3074	3224	+	149	150	150M
AL	AD	SRR9034695.1223510	1333	1454	+	117	121	121M
AL	AD	SRR9034695.1224740	3213	3363	-	148	150	150M
AL	AD	SRR9034695.1230376	1365	1515	-	148	150	150M
AL	AD	SRR9034695.1230993	1268	1415	-	143	150	64M3I83M
AL	AD	SRR9034695.1235117	1874	2024	-	149	150	150M
AL	AD	SRR9034695.1236454	1587	1737	-	148	150	150M
AL	AD	SRR9034695.1238560	3445	3595	-	146	150	150M
AL	AD	SRR9034695.1240634	329	479	-	148	150	150M
AL	AD	SRR9034695.1240987	3315	3465	-	144	150	150M
AL	AD	SRR9034695.1245456	1302	1449	-	143	150	30M3I117M
AL	AD	SRR9034695.1245603	2743	2893	+	148	150	150M
AL	AD	SRR9034695.1245732	2743	2893	+	148	150	150M
AL	AD	SRR9034695.1254934	565	715	+	150	150	150M
AL	AD	SRR9034695.1255120	598	748	+	149	150	150M
AL	AD	SRR9034695.1258498	1673	1823	+	146	150	150M
AL	AD	SRR9034695.1261561	3286	3436	+	148	150	150M
AL	AD	SRR9034695.1262095	3093	3243	-	149	150	150M
AL	AD	SRR9034695.1262642	3128	3278	-	149	150	150M
AL	AD	SRR9034695.1263301	3128	3278	-	149	150	150M
AL	AD	SRR9034695.1263743	1852	2002	+	149	150	150M
AL	AD	SRR9034695.1263862	3819	3969	-	147	150	150M
AL	AD	SRR9034695.1264911	3160	3310	-	149	150	150M
AL	AD	SRR9034695.1265161	3312	3462	+	148	150	150M
AL	AD	SRR9034695.1266196	3128	3278	-	148	150	150M
AL	AD	SRR9034695.1266480	3836	3986	-	147	150	150M
AL	AD	SRR9034695.1267721	2735	2885	-	148	150	150M
AL	AD	SRR9034695.1270320	1500	1650	-	149	150	150M
AL	AD	SRR9034695.1270470	3093	3243	-	149	150	150M
AL	AD	SRR9034695.1271879	2220	2370	-	145	150	150M
AL	AD	SRR9034695.1278518	1436	1586	+	149	150	150M
AL	AD	SRR9034695.1279039	1995	2145	+	149	150	150M
AL	AD	SRR9034695.1281067	3188	3338	-	148	150	150M
AL	AD	SRR9034695.1284256	1268	1415	+	143	150	64M3I83M
AL	AD	SRR9034695.1284919	1832	1982	-	148	150	150M
AL	AD	SRR9034695.1285835	1704	1854	-	146	150	150M
AL	AD	SRR9034695.1286121	833	983	+	149	150	150M
AL	AD	SRR9034695.1286252	833	983	+	149	150	150M
AL	AD	SRR9034695.1286674	1832	1982	-	148	150	150M
AL	AD	SRR9034695.1288292	3496	3646	-	149	150	150M
AL	AD	SRR9034695.1290446	3848	3998	+	148	150	150M
AL	AD	SRR9034695.1292400	3627	3777	-	148	150	150M
AL	AD	SRR9034695.1297347	2964	3114	+	149	150	150M
AL	AD	SRR9034695.1299572	1874	2024	-	149	150	150M
AL	AD	SRR9034695.1299769	287	437	-	148	150	150M
AL	AD	SRR9034695.1306622	3137	3287	-	148	150	150M
AL	AD	SRR9034695.1309340	3205	3355	+	148	150	150M
AL	AD	SRR9034695.1312641	1517	1667	+	149	150	150M
AL	AD	SRR9034695.1312955	3719	3869	+	149	150	150M
AL	AD	SRR9034695.1315792	3819	3969	-	147	150	150M
AL	AD	SRR9034695.1316836	1747	1897	+	147	150	150M
AL	AD	SRR9034695.1317234	2134	2284	+	147	150	150M
AL	AD	SRR9034695.1320115	1656	1806	-	148	150	150M
AL	AD	SRR9034695.1324292	2986	3136	+	150	150	150M
AL	AD	SRR9034695.1324855	3160	3310	-	149	150	150M
AL	AD	SRR9034695.1327780	1269	1409	+	138	143	63M3I77M
AL	AD	SRR9034695.1328707	3704	3854	-	149	150	150M
AL	AD	SRR9034695.1330337	2724	2874	+	147	150	150M
AL	AD	SRR9034695.1332411	1461	1611	+	150	150	150M
AL	AD	SRR9034695.1337139	2199	2349	-	148	150	150M
AL	AD	SRR9034695.1337209	2886	3036	+	150	150	150M
AL	AD	SRR9034695.1338044	2391	2541	-	149	150	150M
AL	AD	SRR9034695.1340112	818	968	+	150	150	150M
AL	AD	SRR9034695.1340113	818	968	+	150	150	150M
AL	AD	SRR9034695.1341943	1458	1608	-	150	150	150M
AL	AD	SRR9034695.1345067	15	165	+	149	150	150M
AL	AD	SRR9034695.1345112	2167	2317	-	147	150	150M
AL	AD	SRR9034695.1345696	2167	2317	-	147	150	150M
AL	AD	SRR9034695.1346402	3343	3488	+	144	145	145M
AL	AD	SRR9034695.1348322	2402	2552	-	149	150	150M
AL	AD	SRR9034695.1348323	2402	2552	-	149	150	150M
AL	AD	SRR9034695.1350619	2083	2233	+	148	150	150M
AL	AD	SRR9034695.1356883	3316	3466	+	148	150	150M
AL	AD	SRR9034695.1357575	3316	3466	+	148	150	150M
AL	AD	SRR9034695.1360782	3154	3304	-	149	150	150M
AL	AD	SRR9034695.1360793	3768	3918	-	148	150	150M
AL	AD	SRR9034695.1360981	39	189	-	150	150	150M
AL	AD	SRR9034695.1362036	3768	3918	-	148	150	150M
AL	AD	SRR9034695.1362888	1535	1685	+	149	150	150M
AL	AD	SRR9034695.1363040	2134	2284	-	148	150	150M
AL	AD	SRR9034695.1365152	1201	1342	-	141	150	68M6I63M3I10M
AL	AD	SRR9034695.1365536	2575	2725	-	146	150	150M
AL	AD	SRR9034695.1366704	2636	2786	+	146	150	150M
AL	AD	SRR9034695.1366980	241	391	+	148	150	150M
AL	AD	SRR9034695.1367123	832	982	+	149	150	150M
AL	AD	SRR9034695.1368558	1407	1557	+	148	150	150M
AL	AD	SRR9034695.1368559	1407	1557	+	148	150	150M
AL	AD	SRR9034695.1369200	3204	3354	+	148	150	150M
AL	AD	SRR9034695.1371056	3383	3533	-	146	150	150M
AL	AD	SRR9034695.1371473	139	289	+	149	150	150M
AL	AD	SRR9034695.1371848	3685	3835	+	149	150	150M
AL	AD	SRR9034695.1372350	3383	3533	-	146	150	150M
AL	AD	SRR9034695.1373148	427	577	-	148	150	150M
AL	AD	SRR9034695.1373283	1275	1422	+	144	150	57M3I90M
AL	AD	SRR9034695.1373462	894	1044	+	146	150	150M
AL	AD	SRR9034695.1373829	1203	1344	+	140	150	66M6I63M3I12M
AL	AD	SRR9034695.1374255	3253	3403	-	147	150	150M
AL	AD	SRR9034695.1374740	3376	3526	+	146	150	150M
AL	AD	SRR9034695.1374963	3253	3403	-	145	150	150M
AL	AD	SRR9034695.1375924	299	449	-	148	150	150M
AL	AD	SRR9034695.1376863	2254	2404	+	147	150	150M
AL	AD	SRR9034695.1377835	373	523	-	147	150	150M
AL	AD	SRR9034695.1378264	1203	1344	+	140	150	66M6I63M3I12M
AL	AD	SRR9034695.1378706	2358	2508	-	148	150	150M
AL	AD	SRR9034695.1383355	869	1019	+	147	150	150M
AL	AD	SRR9034695.1383666	3494	3644	+	148	150	150M
AL	AD	SRR9034695.1384370	2058	2208	+	148	150	150M
AL	AD	SRR9034695.1384939	2058	2208	+	148	150	150M
AL	AD	SRR9034695.1385516	1900	2050	-	148	150	150M
AL	AD	SRR9034695.1389715	2198	2348	-	148	150	150M
AL	AD	SRR9034695.1391540	869	1019	+	147	150	150M
AL	AD	SRR9034695.1395638	2132	2282	+	147	150	150M
AL	AD	SRR9034695.1396297	2218	2368	-	148	150	150M
AL	AD	SRR9034695.1399100	1568	1718	-	149	150	150M
AL	AD	SRR9034695.1400135	1393	1540	-	145	147	147M
AL	AD	SRR9034695.1400137	1393	1540	-	145	147	147M
AL	AD	SRR9034695.1400414	1393	1540	-	145	147	147M
AL	AD	SRR9034695.1400800	990	1136	-	144	146	146M
AL	AD	SRR9034695.1403856	1761	1911	+	147	150	150M
AL	AD	SRR9034695.1404230	1623	1773	-	148	150	150M
AL	AD	SRR9034695.1405547	55	205	-	150	150	150M
AL	AD	SRR9034695.1405690	1418	1551	-	132	133	133M
AL	AD	SRR9034695.1405723	2615	2765	-	146	150	150M
AL	AD	SRR9034695.1410082	936	1086	-	145	150	150M
AL	AD	SRR9034695.1410256	2015	2165	+	149	150	150M
AL	AD	SRR9034695.1410687	936	1086	-	145	150	150M
AL	AD	SRR9034695.1411886	2575	2725	-	146	150	150M
AL	AD	SRR9034695.1412750	1921	2071	+	149	150	150M
AL	AD	SRR9034695.1413456	1921	2071	+	149	150	150M
AL	AD	SRR9034695.1414417	2654	2804	-	147	150	150M
AL	AD	SRR9034695.1415455	3778	3928	-	148	150	150M
AL	AD	SRR9034695.1416418	2654	2804	-	147	150	150M
AL	AD	SRR9034695.1419163	350	500	+	148	150	150M
AL	AD	SRR9034695.1419873	3143	3293	+	148	150	150M
AL	AD	SRR9034695.1422380	1089	1239	-	150	150	150M
AL	AD	SRR9034695.1422611	3150	3300	-	148	150	150M
AL	AD	SRR9034695.1423687	1203	1344	+	141	150	66M6I63M3I12M
AL	AD	SRR9034695.1424202	2073	2223	-	147	150	150M
AL	AD	SRR9034695.1425435	592	742	+	150	150	150M
AL	AD	SRR9034695.1425704	3835	3985	+	147	150	150M
AL	AD	SRR9034695.1426227	2889	3039	-	150	150	150M
AL	AD	SRR9034695.1426647	166	316	+	149	150	150M
AL	AD	SRR9034695.1429191	1506	1656	-	149	150	150M
AL	AD	SRR9034695.1431446	3715	3865	+	146	150	150M
AL	AD	SRR9034695.1431861	1874	2024	-	149	150	150M
AL	AD	SRR9034695.1435324	3187	3337	-	146	150	150M
AL	AD	SRR9034695.1436334	113	263	-	137	150	150M
AL	AD	SRR9034695.1436654	3836	3986	-	147	150	150M
AL	AD	SRR9034695.1437634	3719	3869	+	149	150	150M
AL	AD	SRR9034695.1440208	2057	2207	+	148	150	150M
AL	AD	SRR9034695.1444800	1700	1850	-	146	150	150M
AL	AD	SRR9034695.1445151	3084	3234	+	148	150	150M
AL	AD	SRR9034695.1448069	41	191	-	149	150	150M
AL	AD	SRR9034695.1448754	41	191	-	150	150	150M
AL	AD	SRR9034695.1453596	3798	3948	+	148	150	150M
AL	AD	SRR9034695.1453617	3512	3662	-	148	150	150M
AL	AD	SRR9034695.1454182	3512	3662	-	148	150	150M
AL	AD	SRR9034695.1455128	3022	3172	+	149	150	150M
AL	AD	SRR9034695.1458345	3795	3945	-	148	150	150M
AL	AD	SRR9034695.1459132	3383	3533	-	145	150	150M
AL	AD	SRR9034695.1460060	2101	2251	-	148	150	150M
AL	AD	SRR9034695.1460549	1155	1299	+	144	150	114M6I30M
AL	AD	SRR9034695.1463105	895	1045	+	146	150	150M
AL	AD	SRR9034695.1465964	3186	3336	+	148	150	150M
AL	AD	SRR9034695.1469498	1155	1299	-	143	150	114M6I30M
AL	AD	SRR9034695.1470741	1412	1562	+	149	150	150M
AL	AD	SRR9034695.1472478	2177	2327	+	148	150	150M
AL	AD	SRR9034695.1472590	3373	3523	-	146	150	150M
AL	AD	SRR9034695.1473447	289	439	-	148	150	150M
AL	AD	SRR9034695.1476317	1191	1336	+	143	151	78M6I63M1D3M
AL	AD	SRR9034695.1477811	2170	2320	+	147	150	150M
AL	AD	SRR9034695.1479690	1971	2121	-	150	150	150M
AL	AD	SRR9034695.1482850	3835	3985	+	147	150	150M
AL	AD	SRR9034695.1483700	227	377	+	149	150	150M
AL	AD	SRR9034695.1484689	2853	3003	+	150	150	150M
AL	AD	SRR9034695.1486927	697	847	+	148	150	150M
AL	AD	SRR9034695.1487579	2046	2171	-	122	125	125M
AL	AD	SRR9034695.1487985	269	419	+	148	150	150M
AL	AD	SRR9034695.1488393	3402	3552	-	147	150	150M
AL	AD	SRR9034695.1489203	181	331	-	149	150	150M
AL	AD	SRR9034695.1490558	2220	2370	-	148	150	150M
AL	AD	SRR9034695.1494164	2220	2370	-	148	150	150M
AL	AD	SRR9034695.1494337	3693	3827	+	133	134	134M
AL	AD	SRR9034695.1497871	3553	3703	-	147	150	150M
AL	AD	SRR9034695.1500621	3680	3830	-	149	150	150M
AL	AD	SRR9034695.1503375	2015	2165	+	148	150	150M
AL	AD	SRR9034695.1504021	3569	3719	-	147	150	150M
AL	AD	SRR9034695.1510438	2730	2880	-	148	150	150M
AL	AD	SRR9034695.1511293	3784	3934	-	148	150	150M
AL	AD	SRR9034695.1512446	2629	2752	-	119	123	123M
AL	AD	SRR9034695.1514573	2954	3104	-	150	150	150M
AL	AD	SRR9034695.1514818	81	231	-	150	150	150M
AL	AD	SRR9034695.1517235	2220	2370	-	148	150	150M
AL	AD	SRR9034695.1517985	2220	2370	-	148	150	150M
AL	AD	SRR9034695.1518836	3137	3287	-	148	150	150M
AL	AD	SRR9034695.1519797	834	984	+	149	150	150M
AL	AD	SRR9034695.1521371	29	179	-	150	150	150M
AL	AD	SRR9034695.1521372	29	179	-	150	150	150M
AL	AD	SRR9034695.1524554	1145	1289	+	143	150	124M6I20M
AL	AD	SRR9034695.1525077	1145	1289	+	143	150	124M6I20M
AL	AD	SRR9034695.1526108	2220	2370	-	148	150	150M
AL	AD	SRR9034695.1528233	2012	2162	-	149	150	150M
AL	AD	SRR9034695.1528378	2012	2162	-	149	150	150M
AL	AD	SRR9034695.1529063	2204	2354	+	148	150	150M
AL	AD	SRR9034695.1529986	3611	3761	-	148	150	150M
AL	AD	SRR9034695.1533166	2232	2382	+	148	150	150M
AL	AD	SRR9034695.1536501	3545	3695	+	147	150	150M
AL	AD	SRR9034695.1539684	2760	2910	+	149	150	150M
AL	AD	SRR9034695.1541788	3464	3614	+	146	150	150M
AL	AD	SRR9034695.1542867	3464	3614	+	146	150	150M
AL	AD	SRR9034695.1543515	7	156	+	148	150	19M1I130M
AL	AD	SRR9034695.1545594	3204	3354	+	147	150	150M
AL	AD	SRR9034695.1547546	3227	3377	+	148	150	150M
AL	AD	SRR9034695.1550428	3265	3415	-	147	150	150M
AL	AD	SRR9034695.1550526	3186	3336	+	148	150	150M
AL	AD	SRR9034695.1552726	1900	2050	-	149	150	150M
AL	AD	SRR9034695.1557967	2722	2872	-	147	150	150M
AL	AD	SRR9034695.1560072	2058	2208	+	148	150	150M
AL	AD	SRR9034695.1562141	2401	2551	+	149	150	150M
AL	AD	SRR9034695.1562154	2398	2548	-	149	150	150M
AL	AD	SRR9034695.1562496	3300	3450	+	148	150	150M
AL	AD	SRR9034695.1564770	3267	3417	-	145	150	150M
AL	AD	SRR9034695.1567593	2807	2957	+	149	150	150M
AL	AD	SRR9034695.1569665	185	335	+	149	150	150M
AL	AD	SRR9034695.1569930	1128	1270	-	142	142	142M
AL	AD	SRR9034695.1570617	809	959	-	149	150	150M
AL	AD	SRR9034695.1570949	263	413	-	149	150	150M
AL	AD	SRR9034695.1571517	394	544	+	147	150	150M
AL	AD	SRR9034695.1572928	2384	2534	-	148	150	150M
AL	AD	SRR9034695.1574360	2643	2793	-	146	150	150M
AL	AD	SRR9034695.1578034	1884	2034	-	146	150	150M
AL	AD	SRR9034695.1580426	3376	3527	+	146	151	38M1D112M
AL	AD	SRR9034695.1583545	2927	3077	-	150	150	150M
AL	AD	SRR9034695.1584078	2897	3047	-	150	150	150M
AL	AD	SRR9034695.1584379	2897	3047	-	150	150	150M
AL	AD	SRR9034695.1587518	3212	3362	-	146	150	150M
AL	AD	SRR9034695.1591540	3494	3640	-	145	146	146M
AL	AD	SRR9034695.1592215	493	643	+	149	150	150M
AL	AD	SRR9034695.1599224	2030	2180	-	147	150	150M
AL	AD	SRR9034695.1602516	1914	2064	+	149	150	150M
AL	AD	SRR9034695.1607004	3594	3744	+	147	150	150M
AL	AD	SRR9034695.1607769	2191	2341	-	148	150	150M
AL	AD	SRR9034695.1608059	2191	2341	-	148	150	150M
AL	AD	SRR9034695.1610364	3415	3565	-	147	150	150M
AL	AD	SRR9034695.1612273	3415	3565	-	147	150	150M
AL	AD	SRR9034695.1614221	2514	2664	-	145	150	150M
AL	AD	SRR9034695.1620363	1483	1633	+	150	150	150M
AL	AD	SRR9034695.1622216	1483	1633	+	150	150	150M
AL	AD	SRR9034695.1623084	3070	3220	-	148	150	150M
AL	AD	SRR9034695.1625698	1004	1154	+	148	150	150M
AL	AD	SRR9034695.1626436	1004	1154	+	148	150	150M
AL	AD	SRR9034695.1627375	1929	2079	+	150	150	150M
AL	AD	SRR9034695.1627716	3840	3990	-	148	150	150M
AL	AD	SRR9034695.1627837	2322	2472	+	148	150	150M
AL	AD	SRR9034695.1627992	509	659	-	149	150	150M
AL	AD	SRR9034695.1628633	3677	3827	+	149	150	150M
AL	AD	SRR9034695.1630031	1035	1185	+	149	150	150M
AL	AD	SRR9034695.1634878	3737	3886	+	147	150	11M1I138M
AL	AD	SRR9034695.1637085	479	629	+	149	150	150M
AL	AD	SRR9034695.1639708	1819	1969	+	149	150	150M
AL	AD	SRR9034695.1639730	1276	1423	+	144	150	56M3I91M
AL	AD	SRR9034695.1645189	3449	3599	+	146	150	150M
AL	AD	SRR9034695.1646484	3449	3599	+	146	150	150M
AL	AD	SRR9034695.1647052	2696	2846	-	147	150	150M
AL	AD	SRR9034695.1647703	3502	3652	+	149	150	150M
AL	AD	SRR9034695.1648549	3241	3391	+	147	150	150M
AL	AD	SRR9034695.1649038	3574	3724	-	147	150	150M
AL	AD	SRR9034695.1651223	2939	3089	+	149	150	150M
AL	AD	SRR9034695.1651510	2147	2297	-	147	150	150M
AL	AD	SRR9034695.1651845	3574	3724	-	147	150	150M
AL	AD	SRR9034695.1653048	3022	3172	-	149	150	150M
AL	AD	SRR9034695.1657147	3319	3469	+	148	150	150M
AL	AD	SRR9034695.1659676	3645	3795	+	148	150	150M
AL	AD	SRR9034695.1660221	2119	2269	-	148	150	150M
AL	AD	SRR9034695.1662334	2942	3092	+	150	150	150M
AL	AD	SRR9034695.1663974	1869	2019	-	149	150	150M
AL	AD	SRR9034695.1664108	1869	2019	-	149	150	150M
AL	AD	SRR9034695.1664544	2049	2199	-	148	150	150M
AL	AD	SRR9034695.1668774	3379	3529	+	146	150	150M
AL	AD	SRR9034695.1672836	2058	2208	+	147	150	150M
AL	AD	SRR9034695.1678830	1852	2002	+	149	150	150M
AL	AD	SRR9034695.1679533	1900	2050	-	149	150	150M
AL	AD	SRR9034695.1680557	2823	2973	+	149	150	150M
AL	AD	SRR9034695.1681397	3715	3864	+	148	150	33M1I116M
AL	AD	SRR9034695.1681830	50	200	-	150	150	150M
AL	AD	SRR9034695.1682280	50	200	-	150	150	150M
AL	AD	SRR9034695.1683158	1203	1344	+	140	150	66M6I63M3I12M
AL	AD	SRR9034695.1688958	3300	3450	+	145	150	150M
AL	AD	SRR9034695.1690574	1539	1689	+	149	150	150M
AL	AD	SRR9034695.1692853	1168	1312	+	144	150	101M6I43M
AL	AD	SRR9034695.1695161	977	1127	-	146	150	150M
AL	AD	SRR9034695.1695309	3755	3905	+	148	150	150M
AL	AD	SRR9034695.1697763	1389	1539	-	148	150	150M
AL	AD	SRR9034695.1697845	2957	3107	-	150	150	150M
AL	AD	SRR9034695.1699729	977	1127	-	146	150	150M
AL	AD	SRR9034695.1700385	2663	2813	+	148	150	150M
AL	AD	SRR9034695.1701913	2011	2161	-	148	150	150M
AL	AD	SRR9034695.1706673	827	977	+	149	150	150M
AL	AD	SRR9034695.1710849	1486	1636	+	149	149	150M
AL	AD	SRR9034695.1711271	73	223	-	145	149	150M
AL	AD	SRR9034695.1716522	2239	2389	+	147	150	150M
AL	AD	SRR9034695.1716939	3604	3753	-	147	150	73M1I76M
AL	AD	SRR9034695.1716945	3511	3661	+	147	150	150M
AL	AD	SRR9034695.1719608	944	1094	+	145	150	150M
AL	AD	SRR9034695.1723297	2037	2187	-	147	150	150M
AL	AD	SRR9034695.1727476	887	1037	+	146	150	150M
AL	AD	SRR9034695.1727477	1859	2009	+	149	150	150M
AL	AD	SRR9034695.1727589	3863	3999	+	134	136	136M
AL	AD	SRR9034695.1728487	2402	2552	-	149	150	150M
AL	AD	SRR9034695.1729279	2785	2935	+	149	150	150M
AL	AD	SRR9034695.1729951	918	1068	-	145	150	150M
AL	AD	SRR9034695.1730648	3863	3999	+	134	136	136M
AL	AD	SRR9034695.1731401	1998	2148	+	148	150	150M
AL	AD	SRR9034695.1739281	3429	3579	-	146	150	150M
AL	AD	SRR9034695.1741408	3429	3579	-	146	150	150M
AL	AD	SRR9034695.1741880	1420	1570	+	149	150	150M
AL	AD	SRR9034695.1741934	2661	2811	-	148	150	150M
AL	AD	SRR9034695.1742115	2378	2528	+	148	150	150M
AL	AD	SRR9034695.1742116	2378	2528	+	148	150	150M
AL	AD	SRR9034695.1742129	2171	2321	+	148	150	150M
AL	AD	SRR9034695.1742158	234	360	-	125	127	25M1I101M
AL	AD	SRR9034695.1742507	2244	2394	+	147	150	150M
AL	AD	SRR9034695.1743290	3009	3159	-	149	150	150M
AL	AD	SRR9034695.1747185	2385	2535	+	149	150	150M
AL	AD	SRR9034695.1748347	979	1129	-	146	150	150M
AL	AD	SRR9034695.1749025	3508	3658	+	148	150	150M
AL	AD	SRR9034695.1755580	1350	1496	+	137	146	146M
AL	AD	SRR9034695.1756388	990	1136	+	144	146	146M
AL	AD	SRR9034695.1756389	990	1136	+	144	146	146M
AL	AD	SRR9034695.1759099	3160	3310	-	149	150	150M
AL	AD	SRR9034695.1763926	291	441	-	148	150	150M
AL	AD	SRR9034695.1764043	2618	2768	+	146	150	150M
AL	AD	SRR9034695.1770865	3836	3986	-	145	150	150M
AL	AD	SRR9034695.1772029	435	585	-	149	150	150M
AL	AD	SRR9034695.1773143	333	483	+	148	150	150M
AL	AD	SRR9034695.1778944	3255	3405	-	147	150	150M
AL	AD	SRR9034695.1778961	2913	3063	+	150	150	150M
AL	AD	SRR9034695.1780536	547	697	-	150	150	150M
AL	AD	SRR9034695.1781476	349	499	+	147	150	150M
AL	AD	SRR9034695.1785979	2951	3091	+	140	140	140M
AL	AD	SRR9034695.1790416	1115	1265	+	149	150	150M
AL	AD	SRR9034695.1791865	435	585	-	147	150	150M
AL	AD	SRR9034695.1791880	3818	3968	+	147	150	150M
AL	AD	SRR9034695.1792309	3818	3968	+	147	150	150M
AL	AD	SRR9034695.1792847	3345	3488	-	142	143	143M
AL	AD	SRR9034695.1793052	3497	3647	-	149	150	150M
AL	AD	SRR9034695.1793170	3818	3968	+	147	150	150M
AL	AD	SRR9034695.1794440	3435	3585	+	146	150	150M
AL	AD	SRR9034695.1798199	2520	2670	+	144	150	150M
AL	AD	SRR9034695.1798776	3037	3187	+	149	150	150M
AL	AD	SRR9034695.1799950	1728	1878	+	147	150	150M
AL	AD	SRR9034695.1801745	3394	3544	+	147	150	150M
AL	AD	SRR9034695.1801882	854	1004	+	147	150	150M
AL	AD	SRR9034695.1803077	1900	2050	-	149	150	150M
AL	AD	SRR9034695.1804582	268	418	-	148	150	150M
AL	AD	SRR9034695.1806943	1009	1159	+	148	150	150M
AL	AD	SRR9034695.1808235	1009	1159	+	148	150	150M
AL	AD	SRR9034695.1808458	3572	3722	+	147	150	150M
AL	AD	SRR9034695.1813176	3492	3641	+	148	150	3M1I146M
AL	AD	SRR9034695.1814354	3283	3433	-	148	150	150M
AL	AD	SRR9034695.1816544	1193	1330	+	134	143	76M6I61M
AL	AD	SRR9034695.1817402	1651	1801	-	148	150	150M
AL	AD	SRR9034695.1817403	1651	1801	-	148	150	150M
AL	AD	SRR9034695.1819176	1600	1750	+	148	150	150M
AL	AD	SRR9034695.1823183	3067	3217	+	149	150	150M
AL	AD	SRR9034695.1824928	1474	1624	+	150	150	150M
AL	AD	SRR9034695.1825090	1474	1624	+	150	150	150M
AL	AD	SRR9034695.1825403	1474	1624	+	150	150	150M
AL	AD	SRR9034695.1826341	579	729	-	150	150	150M
AL	AD	SRR9034695.1826358	1522	1672	+	149	150	150M
AL	AD	SRR9034695.1827223	1332	1479	+	143	147	147M
AL	AD	SRR9034695.1830879	3615	3765	-	148	150	150M
AL	AD	SRR9034695.1831091	1792	1942	+	147	150	150M
AL	AD	SRR9034695.1836856	687	837	-	148	150	150M
AL	AD	SRR9034695.1837093	1193	1332	+	138	145	76M6I63M
AL	AD	SRR9034695.1839472	2232	2382	+	148	150	150M
AL	AD	SRR9034695.1839649	3534	3684	-	148	150	150M
AL	AD	SRR9034695.1841384	1891	2041	-	149	150	150M
AL	AD	SRR9034695.1842036	3608	3758	-	148	150	150M
AL	AD	SRR9034695.1842736	2058	2208	+	148	150	150M
AL	AD	SRR9034695.1843665	3534	3684	-	148	150	150M
AL	AD	SRR9034695.1844457	3831	3981	-	147	150	150M
AL	AD	SRR9034695.1845352	979	1129	-	146	150	150M
AL	AD	SRR9034695.1845504	979	1129	-	146	150	150M
AL	AD	SRR9034695.1845786	3389	3539	+	146	150	150M
AL	AD	SRR9034695.1847519	2021	2171	-	147	150	150M
AL	AD	SRR9034695.1850055	2740	2890	-	148	150	150M
AL	AD	SRR9034695.1850872	862	1012	-	147	150	150M
AL	AD	SRR9034695.1850932	3211	3361	-	148	150	150M
AL	AD	SRR9034695.1851360	3211	3361	-	148	150	150M
AL	AD	SRR9034695.1852274	862	1012	-	147	150	150M
AL	AD	SRR9034695.1852544	512	662	+	149	150	150M
AL	AD	SRR9034695.1853260	3821	3971	-	147	150	150M
AL	AD	SRR9034695.1854400	3459	3609	-	146	150	150M
AL	AD	SRR9034695.1855273	2042	2192	+	148	150	150M
AL	AD	SRR9034695.1855705	1333	1483	+	146	150	150M
AL	AD	SRR9034695.1857356	1088	1238	-	150	150	150M
AL	AD	SRR9034695.1857619	3029	3179	-	149	150	150M
AL	AD	SRR9034695.1858468	1987	2137	+	148	150	150M
AL	AD	SRR9034695.1859587	65	215	-	150	150	150M
AL	AD	SRR9034695.1860457	659	809	-	148	150	150M
AL	AD	SRR9034695.1861384	146	296	+	149	150	150M
AL	AD	SRR9034695.1863431	2403	2553	-	149	150	150M
AL	AD	SRR9034695.1865266	1958	2108	+	150	150	150M
AL	AD	SRR9034695.1870271	2524	2674	-	145	150	150M
AL	AD	SRR9034695.1874059	1995	2145	+	149	150	150M
AL	AD	SRR9034695.1875846	896	1046	+	146	150	150M
AL	AD	SRR9034695.1876297	3029	3179	-	149	150	150M
AL	AD	SRR9034695.1877711	3018	3168	+	149	150	150M
AL	AD	SRR9034695.1880294	2953	3103	+	150	150	150M
AL	AD	SRR9034695.1888001	2402	2552	-	149	150	150M
AL	AD	SRR9034695.1895478	1854	2004	+	149	150	150M
AL	AD	SRR9034695.1900135	427	577	-	149	150	150M
AL	AD	SRR9034695.1905500	345	495	-	147	150	150M
AL	AD	SRR9034695.1905686	2109	2259	+	147	150	150M
AL	AD	SRR9034695.1906993	3450	3600	+	146	150	150M
AL	AD	SRR9034695.1908969	1335	1485	+	143	150	150M
AL	AD	SRR9034695.1910006	1524	1674	-	149	150	150M
AL	AD	SRR9034695.1911081	1204	1345	+	141	150	65M6I63M3I13M
AL	AD	SRR9034695.1913089	2369	2519	+	148	150	150M
AL	AD	SRR9034695.1915369	2458	2608	-	148	150	150M
AL	AD	SRR9034695.1918415	994	1144	+	148	150	150M
AL	AD	SRR9034695.1918765	1599	1749	-	148	150	150M
AL	AD	SRR9034695.1923134	3539	3689	-	148	150	150M
AL	AD	SRR9034695.1926947	2833	2983	+	149	150	150M
AL	AD	SRR9034695.1928497	162	296	+	133	134	134M
AL	AD	SRR9034695.1928498	162	296	+	133	134	134M
AL	AD	SRR9034695.1928764	3383	3533	+	146	150	150M
AL	AD	SRR9034695.1931001	1275	1422	-	144	150	57M3I90M
AL	AD	SRR9034695.1931291	1189	1333	+	143	150	80M6I64M
AL	AD	SRR9034695.1931671	896	1046	+	146	150	150M
AL	AD	SRR9034695.1934107	2365	2515	+	147	150	150M
AL	AD	SRR9034695.1934287	3064	3214	+	146	150	150M
AL	AD	SRR9034695.1934956	2641	2791	+	144	150	150M
AL	AD	SRR9034695.1935450	1492	1642	+	149	150	150M
AL	AD	SRR9034695.1936751	2043	2193	-	141	150	150M
AL	AD	SRR9034695.1939428	782	932	+	149	150	150M
AL	AD	SRR9034695.1940099	48	198	+	150	150	150M
AL	AD	SRR9034695.1940538	2236	2386	+	147	150	150M
AL	AD	SRR9034695.1944937	1385	1535	-	148	150	150M
AL	AD	SRR9034695.1951933	2162	2312	+	146	150	150M
AL	AD	SRR9034695.1958926	3828	3978	-	147	150	150M
AL	AD	SRR9034695.1960588	2156	2306	+	147	150	150M
AL	AD	SRR9034695.1962024	9	159	-	150	150	150M
AL	AD	SRR9034695.1962468	1234	1375	+	136	150	35M6I63M3I43M
AL	AD	SRR9034695.1962891	244	394	-	145	150	150M
AL	AD	SRR9034695.1965031	1524	1674	-	148	150	150M
AL	AD	SRR9034695.1966260	3207	3357	-	148	150	150M
AL	AD	SRR9034695.1967051	1198	1339	-	140	150	71M6I63M3I7M
AL	AD	SRR9034695.1968670	1552	1702	+	149	150	150M
AL	AD	SRR9034695.1969077	2530	2680	-	145	150	150M
AL	AD	SRR9034695.1971290	3545	3695	+	148	150	150M
AL	AD	SRR9034695.1981310	3205	3355	-	148	150	150M
AL	AD	SRR9034695.1981351	2358	2508	-	146	150	150M
AL	AD	SRR9034695.1984356	3147	3297	-	148	150	150M
AL	AD	SRR9034695.1984618	185	335	+	149	150	150M
AL	AD	SRR9034695.1984930	185	335	+	149	150	150M
AL	AD	SRR9034695.1985365	2495	2645	-	145	150	150M
AL	AD	SRR9034695.1986241	3027	3177	-	149	150	150M
AL	AD	SRR9034695.1987286	3653	3803	+	148	150	150M
AL	AD	SRR9034695.1987840	3517	3667	+	148	150	150M
AL	AD	SRR9034695.1988392	2811	2961	-	149	150	150M
AL	AD	SRR9034695.1988528	1693	1843	+	146	150	150M
AL	AD	SRR9034695.1989208	2649	2799	+	146	150	150M
AL	AD	SRR9034695.1989406	2561	2711	-	145	150	150M
AL	AD	SRR9034695.1989865	3517	3667	+	147	150	150M
AL	AD	SRR9034695.1990485	3604	3754	+	148	150	150M
AL	AD	SRR9034695.1990581	3437	3587	+	146	150	150M
AL	AD	SRR9034695.1991258	3273	3423	+	147	150	150M
AL	AD	SRR9034695.1992360	3061	3211	-	148	150	150M
AL	AD	SRR9034695.1992469	92	242	-	149	150	150M
AL	AD	SRR9034695.1992507	3061	3211	-	149	150	150M
AL	AD	SRR9034695.1992807	635	785	+	148	150	150M
AL	AD	SRR9034695.1993747	3235	3385	+	148	150	150M
AL	AD	SRR9034695.1994512	3876	3999	+	122	123	123M
AL	AD	SRR9034695.1996182	2644	2794	+	145	150	150M
AL	AD	SRR9034695.1998072	3207	3357	-	147	150	150M
AL	AD	SRR9034695.1998592	1907	2057	+	148	150	150M
AD	AD	SRR9034696.14372	1794	1944	+	147	150	150M
AD	AD	SRR9034696.16092	2981	3131	-	148	150	150M
AD	AD	SRR9034696.67635	245	388	+	143	144	14M1I129M
AD	AD	SRR9034696.106359	3621	3771	-	149	150	150M
AD	AD	SRR9034696.138515	1878	2028	+	149	150	150M
AD	AD	SRR9034696.153345	2624	2774	-	149	150	150M
AD	AD	SRR9034696.173922	2909	3059	+	150	150	150M
AD	AD	SRR9034696.192618	2139	2289	-	149	150	150M
AD	AD	SRR9034696.249299	2287	2437	-	150	150	150M
AD	AD	SRR9034696.311343	1896	2046	+	148	150	150M
AD	AD	SRR9034696.376144	465	615	+	150	150	150M
AD	AD	SRR9034696.387493	3354	3504	-	149	150	150M
AD	AD	SRR9034696.422544	864	1014	+	149	150	150M
AD	AD	SRR9034696.424996	864	1014	+	149	150	150M
AD	AD	SRR9034696.530254	2788	2938	-	145	150	150M
AD	AD	SRR9034696.539481	3719	3867	+	136	148	148M
AD	AD	SRR9034696.545021	3639	3789	+	142	150	150M
AD	AD	SRR9034696.615046	3608	3758	-	145	150	150M
AD	AD	SRR9034696.697814	2139	2289	-	147	150	150M
AD	AD	SRR9034696.734377	598	748	+	150	150	150M
AD	AD	SRR9034696.735420	2971	3121	+	150	150	150M
AD	AD	SRR9034696.777560	3072	3222	+	150	150	150M
AD	AD	SRR9034696.860725	3214	3364	-	149	150	150M
AD	AD	SRR9034696.870482	2719	2869	+	150	150	150M
AD	AD	SRR9034696.889106	1973	2123	+	150	150	150M
AD	AD	SRR9034696.900526	1203	1353	+	150	150	150M
AD	AD	SRR9034696.902896	588	738	+	150	150	150M
AD	AD	SRR9034696.924944	2887	3037	+	150	150	150M
AD	AD	SRR9034696.951308	1443	1593	+	150	150	150M
AD	AD	SRR9034696.951731	1443	1593	+	150	150	150M
AD	AD	SRR9034696.952148	2128	2278	-	149	150	150M
AD	AD	SRR9034696.971067	3821	3971	+	150	150	150M
AD	AD	SRR9034696.1010533	127	277	+	149	150	150M
AD	AD	SRR9034696.1122299	3496	3646	-	149	150	150M
AD	AD	SRR9034696.1143298	1677	1827	+	149	150	150M
AD	AD	SRR9034696.1175672	3300	3450	+	150	150	150M
AD	AD	SRR9034696.1175946	3300	3450	+	150	150	150M
AD	AD	SRR9034696.1195454	3851	3999	-	148	148	148M
AD	AD	SRR9034696.1222105	230	380	-	149	150	150M
AD	AD	SRR9034696.1238364	3294	3435	-	141	141	141M
AD	AD	SRR9034696.1241121	3708	3858	+	150	150	150M
AD	AD	SRR9034696.1270840	417	567	-	150	150	150M
AD	AD	SRR9034696.1319242	2830	2980	+	150	150	150M
AD	AD	SRR9034696.1380452	238	387	-	149	150	21M1I128M
AD	AD	SRR9034696.1404999	1991	2141	+	149	150	150M
AD	AD	SRR9034696.1426986	2234	2384	-	149	150	150M
AD	AD	SRR9034696.1501430	2726	2876	+	150	150	150M
AD	AD	SRR9034696.1572197	3539	3689	+	148	150	150M
AD	AD	SRR9034696.1580995	1412	1562	+	150	150	150M
AD	AD	SRR9034696.1735779	2731	2881	-	149	150	150M
AD	AD	SRR9034696.1779762	2328	2478	-	148	150	150M
AD	AD	SRR9034696.1824129	895	1045	-	149	150	150M
AD	AD	SRR9034696.1827195	1900	2050	-	149	150	150M
AD	AD	SRR9034696.1926817	2937	3087	+	150	150	150M
