category	species	gene_parent	product
cytochrome_P450	Apis_laboriosa	gene-LOC122717567	cytochrome P450 18a1
cytochrome_P450	Apis_laboriosa	gene-LOC122717599	cytochrome P450 302a1, mitochondrial, transcript variant X1
cytochrome_P450	Apis_laboriosa	gene-LOC122720345	cytochrome P450 306a1
cytochrome_P450	Apis_laboriosa	gene-LOC122711037	cytochrome P450 307a1-like
cytochrome_P450	Apis_laboriosa	gene-LOC122712384	cytochrome P450 315a1, mitochondrial, transcript variant X1
cytochrome_P450	Apis_laboriosa	gene-LOC122716271	cytochrome P450 4C1-like
cytochrome_P450	Apis_laboriosa	gene-LOC122715191	cytochrome P450 4c3-like
cytochrome_P450	Apis_laboriosa	gene-LOC122711712	cytochrome P450 4g15
cytochrome_P450	Apis_laboriosa	gene-LOC122718621	cytochrome P450 6a9-like
cytochrome_P450	Apis_laboriosa	gene-LOC122716422	cytochrome P450 6k1-like
cytochrome_P450	Apis_laboriosa	gene-LOC122721014	cytochrome P450 6k1-like
cytochrome_P450	Apis_laboriosa	gene-LOC122719280	cytochrome P450 6k1-like, transcript variant X1
cytochrome_P450	Apis_laboriosa	gene-LOC122710962	cytochrome P450 9e2-like
cytochrome_P450	Apis_laboriosa	gene-LOC122710964	cytochrome P450 9e2-like
cytochrome_P450	Apis_laboriosa	gene-LOC122710965	cytochrome P450 9e2-like
cytochrome_P450	Apis_laboriosa	gene-LOC122710966	cytochrome P450 9e2-like
cytochrome_P450	Apis_laboriosa	gene-LOC122719736	cytochrome P450 9e2-like
cytochrome_P450	Apis_laboriosa	gene-LOC122710963	cytochrome P450 9e2-like, transcript variant X1
cytochrome_P450	Apis_laboriosa	gene-LOC122717272	NADPH--cytochrome P450 reductase, transcript variant X1
cytochrome_P450	Apis_laboriosa	gene-LOC122713465	probable cytochrome P450 12a5, mitochondrial, transcript variant X1
cytochrome_P450	Apis_laboriosa	gene-LOC122718756	probable cytochrome P450 301a1, mitochondrial, transcript variant X1
cytochrome_P450	Apis_laboriosa	gene-LOC122710674	probable cytochrome P450 304a1
cytochrome_P450	Apis_laboriosa	gene-LOC122721170	probable cytochrome P450 305a1
cytochrome_P450	Apis_laboriosa	gene-LOC122718757	probable cytochrome P450 49a1, transcript variant X1
cytochrome_P450	Apis_laboriosa	gene-LOC122719679	probable cytochrome P450 4aa1, transcript variant X1
cytochrome_P450	Apis_laboriosa	gene-LOC122712182	probable cytochrome P450 6a13
cytochrome_P450	Apis_laboriosa	gene-LOC122712183	probable cytochrome P450 6a13
cytochrome_P450	Apis_laboriosa	gene-LOC122715206	probable cytochrome P450 6a13
cytochrome_P450	Apis_laboriosa	gene-LOC122712185	probable cytochrome P450 6a14
cytochrome_P450	Apis_laboriosa	gene-LOC122712186	probable cytochrome P450 6a14
cytochrome_P450	Apis_laboriosa	gene-LOC122719533	probable cytochrome P450 6a14
cytochrome_P450	Apis_laboriosa	gene-LOC122712180	probable cytochrome P450 6a14, transcript variant X1
cytochrome_P450	Apis_laboriosa	gene-LOC122712184	probable cytochrome P450 6a14, transcript variant X1
cytochrome_P450	Apis_laboriosa	gene-LOC122715570	probable cytochrome P450 6a14, transcript variant X1
cytochrome_P450	Apis_dorsata	gene-LOC102673424	cytochrome P450 18a1, transcript variant X1
cytochrome_P450	Apis_dorsata	gene-LOC102676488	cytochrome P450 302a1, mitochondrial
cytochrome_P450	Apis_dorsata	gene-LOC102674219	cytochrome P450 306a1
cytochrome_P450	Apis_dorsata	gene-LOC102680693	cytochrome P450 307a1-like
cytochrome_P450	Apis_dorsata	gene-LOC102671068	cytochrome P450 315a1, mitochondrial, transcript variant X1
cytochrome_P450	Apis_dorsata	gene-LOC102670848	cytochrome P450 4C1-like
cytochrome_P450	Apis_dorsata	gene-LOC102680304	cytochrome P450 4C1-like
cytochrome_P450	Apis_dorsata	gene-LOC102671368	cytochrome P450 4c3-like
cytochrome_P450	Apis_dorsata	gene-LOC102675085	cytochrome P450 4g15
cytochrome_P450	Apis_dorsata	gene-LOC102672340	cytochrome P450 6A1-like
cytochrome_P450	Apis_dorsata	gene-LOC102671064	cytochrome P450 6A1-like, transcript variant X1
cytochrome_P450	Apis_dorsata	gene-LOC102681329	cytochrome P450 6a8-like
cytochrome_P450	Apis_dorsata	gene-LOC102671546	cytochrome P450 6k1-like
cytochrome_P450	Apis_dorsata	gene-LOC102676140	cytochrome P450 6k1-like, transcript variant X1
cytochrome_P450	Apis_dorsata	gene-LOC102680110	cytochrome P450 6k1-like, transcript variant X1
cytochrome_P450	Apis_dorsata	gene-LOC102672975	cytochrome P450 9e2-like
cytochrome_P450	Apis_dorsata	gene-LOC102673451	cytochrome P450 9e2-like
cytochrome_P450	Apis_dorsata	gene-LOC102675790	cytochrome P450 9e2-like
cytochrome_P450	Apis_dorsata	gene-LOC102672653	cytochrome P450 9e2-like, transcript variant X1
cytochrome_P450	Apis_dorsata	gene-LOC102673102	cytochrome P450 9e2-like, transcript variant X1
cytochrome_P450	Apis_dorsata	gene-LOC102675206	NADPH--cytochrome P450 reductase, transcript variant X1
cytochrome_P450	Apis_dorsata	gene-LOC102675073	probable cytochrome P450 12a5, mitochondrial
cytochrome_P450	Apis_dorsata	gene-LOC102681346	probable cytochrome P450 301a1, mitochondrial
cytochrome_P450	Apis_dorsata	gene-LOC102672041	probable cytochrome P450 303a1, transcript variant X1
cytochrome_P450	Apis_dorsata	gene-LOC102678902	probable cytochrome P450 304a1
cytochrome_P450	Apis_dorsata	gene-LOC102681845	probable cytochrome P450 305a1
cytochrome_P450	Apis_dorsata	gene-LOC102673224	probable cytochrome P450 49a1
cytochrome_P450	Apis_dorsata	gene-LOC102679928	probable cytochrome P450 4aa1, transcript variant X1
cytochrome_P450	Apis_dorsata	gene-LOC102672059	probable cytochrome P450 6a13
cytochrome_P450	Apis_dorsata	gene-LOC102673154	probable cytochrome P450 6a13
cytochrome_P450	Apis_dorsata	gene-LOC102680980	probable cytochrome P450 6a13
cytochrome_P450	Apis_dorsata	gene-LOC102671838	probable cytochrome P450 6a13, transcript variant X1
cytochrome_P450	Apis_dorsata	gene-LOC102681345	probable cytochrome P450 6a14
cytochrome_P450	Apis_dorsata	gene-LOC102681589	probable cytochrome P450 6a14
cytochrome_P450	Apis_dorsata	gene-LOC116185414	probable cytochrome P450 6a14
cytochrome_P450	Apis_dorsata	gene-LOC102681730	probable cytochrome P450 6a14, transcript variant X1
cytochrome_P450	Apis_mellifera	gene-LOC410405	cytochrome P450 18a1
cytochrome_P450	Apis_mellifera	gene-LOC727118	cytochrome P450 302a1, mitochondrial, transcript variant X1
cytochrome_P450	Apis_mellifera	gene-LOC408398	cytochrome P450 306a1, transcript variant X1
cytochrome_P450	Apis_mellifera	gene-LOC410495	cytochrome P450 307a1
cytochrome_P450	Apis_mellifera	gene-Cyp314a1	cytochrome P450 314A1
cytochrome_P450	Apis_mellifera	gene-LOC411893	cytochrome P450 315a1, mitochondrial, transcript variant X1
cytochrome_P450	Apis_mellifera	gene-LOC100577883	cytochrome P450 4aa1-like
cytochrome_P450	Apis_mellifera	gene-LOC413833	cytochrome P450 4C1
cytochrome_P450	Apis_mellifera	gene-LOC552679	cytochrome P450 4c3
cytochrome_P450	Apis_mellifera	gene-Cyp4g11	cytochrome P450 4G11
cytochrome_P450	Apis_mellifera	gene-LOC413908	cytochrome P450 6A1, transcript variant X1
cytochrome_P450	Apis_mellifera	gene-LOC112939925	cytochrome P450 6a13-like
cytochrome_P450	Apis_mellifera	gene-LOC112935903	cytochrome P450 6a14-like
cytochrome_P450	Apis_mellifera	gene-LOC551028	cytochrome P450 6a14-like
cytochrome_P450	Apis_mellifera	gene-LOC724946	cytochrome P450 6a14-like
cytochrome_P450	Apis_mellifera	gene-CYP6AQ1	cytochrome P450 6AQ1
cytochrome_P450	Apis_mellifera	gene-Cyp6as5	cytochrome P450 6AS5
cytochrome_P450	Apis_mellifera	gene-LOC551560	cytochrome P450 6k1
cytochrome_P450	Apis_mellifera	gene-LOC552418	cytochrome P450 6k1, transcript variant X1
cytochrome_P450	Apis_mellifera	gene-LOC408452	cytochrome P450 9e2
cytochrome_P450	Apis_mellifera	gene-LOC408453	cytochrome P450 9e2
cytochrome_P450	Apis_mellifera	gene-LOC410492	cytochrome P450 9e2
cytochrome_P450	Apis_mellifera	gene-LOC724211	cytochrome P450 9e2
cytochrome_P450	Apis_mellifera	gene-LOC102656882	cytochrome P450 9e2-like
cytochrome_P450	Apis_mellifera	gene-LOC724870	NADPH--cytochrome P450 reductase, transcript variant X1
cytochrome_P450	Apis_mellifera	gene-LOC725335	probable cytochrome P450 12a5, mitochondrial, transcript variant X1
cytochrome_P450	Apis_mellifera	gene-LOC413730	probable cytochrome P450 301a1, mitochondrial
cytochrome_P450	Apis_mellifera	gene-LOC724860	probable cytochrome P450 301a1, mitochondrial
cytochrome_P450	Apis_mellifera	gene-LOC724175	probable cytochrome P450 304a1
cytochrome_P450	Apis_mellifera	gene-LOC551223	probable cytochrome P450 305a1
cytochrome_P450	Apis_mellifera	gene-LOC102653899	probable cytochrome P450 6a13
cytochrome_P450	Apis_mellifera	gene-LOC551197	probable cytochrome P450 6a13
cytochrome_P450	Apis_mellifera	gene-LOC726646	probable cytochrome P450 6a13
cytochrome_P450	Apis_mellifera	gene-LOC727598	probable cytochrome P450 6a13, transcript variant X1
cytochrome_P450	Apis_mellifera	gene-LOC107965400	probable cytochrome P450 6a14
cytochrome_P450	Apis_mellifera	gene-LOC550965	probable cytochrome P450 6a14
cytochrome_P450	Apis_mellifera	gene-LOC725087	probable cytochrome P450 6a14
cytochrome_P450	Apis_mellifera	gene-LOC725159	probable cytochrome P450 6a14
cytochrome_P450	Apis_mellifera	gene-LOC726690	probable cytochrome P450 6a14
cytochrome_P450	Apis_mellifera	gene-LOC413083	probable cytochrome P450 6a14, transcript variant X1
cytochrome_P450	Apis_mellifera	gene-LOC113219203	probable cytochrome P450 6a17
cytochrome_P450	Apis_mellifera	gene-LOC412209	probable cytochrome P450 6a17
cytochrome_P450	Apis_cerana	gene-Cyp18a1	Cytochrome P450 18a1, transcript variant X1
cytochrome_P450	Apis_cerana	gene-dib	Cytochrome P450 302a1, mitochondrial, transcript variant X1
cytochrome_P450	Apis_cerana	gene-LOC107998656	cytochrome P450 307a1
cytochrome_P450	Apis_cerana	gene-LOC107997769	cytochrome P450 4C1, transcript variant X1
cytochrome_P450	Apis_cerana	gene-LOC107997710	cytochrome P450 4C1-like
cytochrome_P450	Apis_cerana	gene-LOC107997912	cytochrome P450 4c3, transcript variant X1
cytochrome_P450	Apis_cerana	gene-Cyp4g15	Cytochrome P450 4g15
cytochrome_P450	Apis_cerana	gene-LOC108003995	cytochrome P450 6A1
cytochrome_P450	Apis_cerana	gene-LOC108003994	cytochrome P450 6a2
cytochrome_P450	Apis_cerana	gene-CYP6AQ1	cytochrome P450 6AQ1, transcript variant X1
cytochrome_P450	Apis_cerana	gene-LOC107997701	cytochrome P450 6k1
cytochrome_P450	Apis_cerana	gene-LOC133665734	cytochrome P450 6k1, transcript variant X1
cytochrome_P450	Apis_cerana	gene-LOC108002715	cytochrome P450 9e2
cytochrome_P450	Apis_cerana	gene-LOC108003159	cytochrome P450 9e2
cytochrome_P450	Apis_cerana	gene-LOC108004120	cytochrome P450 9e2
cytochrome_P450	Apis_cerana	gene-LOC108004123	cytochrome P450 9e2
cytochrome_P450	Apis_cerana	gene-LOC108004124	cytochrome P450 9e2
cytochrome_P450	Apis_cerana	gene-phtm	cytochrome P450 enzyme phantom, transcript variant X1
cytochrome_P450	Apis_cerana	gene-shd	cytochrome P450 family 24 subfamily A member shade, transcript variant X1
cytochrome_P450	Apis_cerana	gene-sad	Cytochrome P450 family protein sad, transcript variant X1
cytochrome_P450	Apis_cerana	gene-Cpr	Cytochrome P450 reductase, transcript variant 1
cytochrome_P450	Apis_cerana	gene-Cyp301a1	Probable cytochrome P450 301a1, mitochondrial, transcript variant X1
cytochrome_P450	Apis_cerana	gene-Cyp303a1	Probable cytochrome P450 303a1
cytochrome_P450	Apis_cerana	gene-Cyp304a1	Probable cytochrome P450 304a1
cytochrome_P450	Apis_cerana	gene-Cyp4aa1	Probable cytochrome P450 4aa1, transcript variant X1
cytochrome_P450	Apis_cerana	gene-LOC107992849	putative cytochrome P450 12a5, mitochondrial, transcript variant X1
cytochrome_P450	Apis_cerana	gene-LOC107994177	putative cytochrome P450 301a1, mitochondrial, transcript variant X1
cytochrome_P450	Apis_cerana	gene-LOC107999234	putative cytochrome P450 305a1, transcript variant X1
cytochrome_P450	Apis_cerana	gene-LOC107994953	putative cytochrome P450 6a13
cytochrome_P450	Apis_cerana	gene-LOC108004402	putative cytochrome P450 6a13
cytochrome_P450	Apis_cerana	gene-LOC108001423	putative cytochrome P450 6a14
cytochrome_P450	Apis_cerana	gene-LOC108003999	putative cytochrome P450 6a14
cytochrome_P450	Apis_cerana	gene-LOC108004038	putative cytochrome P450 6a14
cytochrome_P450	Apis_cerana	gene-LOC108003996	putative cytochrome P450 6a14, transcript variant X1
cytochrome_P450	Apis_cerana	gene-LOC108003993	putative cytochrome P450 6a17
cytochrome_P450	Apis_florea	gene-Cyp18a1	Cytochrome P450 18a1
cytochrome_P450	Apis_florea	gene-dib	Cytochrome P450 302a1, mitochondrial
cytochrome_P450	Apis_florea	gene-LOC100866453	cytochrome P450 305M2
cytochrome_P450	Apis_florea	gene-LOC100871047	cytochrome P450 307a1
cytochrome_P450	Apis_florea	gene-LOC100866172	cytochrome P450 4C1
cytochrome_P450	Apis_florea	gene-LOC100868500	cytochrome P450 4c3
cytochrome_P450	Apis_florea	gene-Cyp4g15	Cytochrome P450 4g15
cytochrome_P450	Apis_florea	gene-LOC100869830	cytochrome P450 6A1, transcript variant X1
cytochrome_P450	Apis_florea	gene-LOC100869112	cytochrome P450 6A1-like
cytochrome_P450	Apis_florea	gene-CYP6AQ1	cytochrome P450 6AQ1
cytochrome_P450	Apis_florea	gene-Cyp6as5	cytochrome P450 6AS5
cytochrome_P450	Apis_florea	gene-LOC116414519	cytochrome P450 6B1-like, transcript variant X1
cytochrome_P450	Apis_florea	gene-LOC100866134	cytochrome P450 6j1
cytochrome_P450	Apis_florea	gene-LOC100872351	cytochrome P450 6k1, transcript variant X1
cytochrome_P450	Apis_florea	gene-LOC100863119	cytochrome P450 9e2
cytochrome_P450	Apis_florea	gene-LOC100867070	cytochrome P450 9e2
cytochrome_P450	Apis_florea	gene-LOC100867380	cytochrome P450 9e2
cytochrome_P450	Apis_florea	gene-LOC147657501	cytochrome P450 9e2
cytochrome_P450	Apis_florea	gene-LOC116415142	cytochrome P450 9e2 pseudogene
cytochrome_P450	Apis_florea	gene-LOC147657500	cytochrome P450 9e2 pseudogene
cytochrome_P450	Apis_florea	gene-LOC100867182	cytochrome P450 9e2 pseudogene, transcript variant X1
cytochrome_P450	Apis_florea	gene-phtm	cytochrome P450 enzyme phantom, transcript variant X1
cytochrome_P450	Apis_florea	gene-shd	cytochrome P450 family 24 subfamily A member shade, transcript variant X1
cytochrome_P450	Apis_florea	gene-sad	Cytochrome P450 family protein sad, transcript variant X1
cytochrome_P450	Apis_florea	gene-Cpr	Cytochrome P450 reductase, transcript variant 1
cytochrome_P450	Apis_florea	gene-Cyp301a1	Probable cytochrome P450 301a1, mitochondrial, transcript variant X1
cytochrome_P450	Apis_florea	gene-Cyp303a1	Probable cytochrome P450 303a1, transcript variant X1
cytochrome_P450	Apis_florea	gene-Cyp304a1	Probable cytochrome P450 304a1
cytochrome_P450	Apis_florea	gene-Cyp4aa1	Probable cytochrome P450 4aa1, transcript variant X1
cytochrome_P450	Apis_florea	gene-LOC100871403	putative cytochrome P450 12a5, mitochondrial
cytochrome_P450	Apis_florea	gene-LOC100869228	putative cytochrome P450 49a1, transcript variant X1
cytochrome_P450	Apis_florea	gene-LOC147656606	putative cytochrome P450 6a13
cytochrome_P450	Apis_florea	gene-LOC147656607	putative cytochrome P450 6a13
cytochrome_P450	Apis_florea	gene-LOC100863455	putative cytochrome P450 6a14
cytochrome_P450	Apis_florea	gene-LOC100868853	putative cytochrome P450 6a14
cytochrome_P450	Apis_florea	gene-LOC100870478	putative cytochrome P450 6a14
cytochrome_P450	Apis_florea	gene-LOC100871819	putative cytochrome P450 6a14
cytochrome_P450	Apis_florea	gene-LOC100872193	putative cytochrome P450 6a14
cytochrome_P450	Apis_florea	gene-LOC147656611	putative cytochrome P450 6a14
cytochrome_P450	Apis_florea	gene-LOC100863222	putative cytochrome P450 6a14, transcript variant X1
cytochrome_P450	Apis_florea	gene-LOC100863338	putative cytochrome P450 6a14, transcript variant X1
cytochrome_P450	Apis_florea	gene-LOC100864129	putative cytochrome P450 6a14, transcript variant X1
cytochrome_P450	Apis_florea	gene-LOC100864243	putative cytochrome P450 6a14, transcript variant X1
cytochrome_P450	Apis_florea	gene-LOC105735702	putative cytochrome P450 6a14, transcript variant X1
cytochrome_P450	Apis_florea	gene-LOC100864361	putative cytochrome P450 6a17
cytochrome_P450	Bombus_terrestris	gene-LOC100642897	cytochrome P450 18a1, transcript variant X1
cytochrome_P450	Bombus_terrestris	gene-LOC100649492	cytochrome P450 302a1, mitochondrial, transcript variant X1
cytochrome_P450	Bombus_terrestris	gene-LOC100650054	cytochrome P450 306a1, transcript variant X1
cytochrome_P450	Bombus_terrestris	gene-LOC100642619	cytochrome P450 307a1
cytochrome_P450	Bombus_terrestris	gene-LOC100644009	cytochrome P450 315a1, mitochondrial
cytochrome_P450	Bombus_terrestris	gene-LOC100651255	cytochrome P450 4C1
cytochrome_P450	Bombus_terrestris	gene-LOC100644743	cytochrome P450 4c3, transcript variant X1
cytochrome_P450	Bombus_terrestris	gene-LOC100652170	cytochrome P450 4g15
cytochrome_P450	Bombus_terrestris	gene-LOC100647609	cytochrome P450 4g15-like
cytochrome_P450	Bombus_terrestris	gene-LOC100649469	cytochrome P450 6A1
cytochrome_P450	Bombus_terrestris	gene-LOC100646434	cytochrome P450 6a2
cytochrome_P450	Bombus_terrestris	gene-LOC100647785	cytochrome P450 6a2, transcript variant X1
cytochrome_P450	Bombus_terrestris	gene-LOC100651291	cytochrome P450 6a2, transcript variant X1
cytochrome_P450	Bombus_terrestris	gene-LOC110119312	cytochrome P450 6a2-like
cytochrome_P450	Bombus_terrestris	gene-LOC100648939	cytochrome P450 6B1-like
cytochrome_P450	Bombus_terrestris	gene-LOC100651693	cytochrome P450 6B5, transcript variant X1
cytochrome_P450	Bombus_terrestris	gene-LOC100642816	cytochrome P450 6k1
cytochrome_P450	Bombus_terrestris	gene-LOC100642936	cytochrome P450 6k1
cytochrome_P450	Bombus_terrestris	gene-LOC100643678	cytochrome P450 6k1
cytochrome_P450	Bombus_terrestris	gene-LOC100648391	cytochrome P450 6k1
cytochrome_P450	Bombus_terrestris	gene-LOC100648995	cytochrome P450 6k1
cytochrome_P450	Bombus_terrestris	gene-LOC105666343	cytochrome P450 6k1
cytochrome_P450	Bombus_terrestris	gene-LOC105666367	cytochrome P450 6k1
cytochrome_P450	Bombus_terrestris	gene-LOC100647803	cytochrome P450 6k1, transcript variant X1
cytochrome_P450	Bombus_terrestris	gene-LOC100649110	cytochrome P450 6k1, transcript variant X1
cytochrome_P450	Bombus_terrestris	gene-LOC100650427	cytochrome P450 6k1-like
cytochrome_P450	Bombus_terrestris	gene-LOC105666366	cytochrome P450 6k1-like
cytochrome_P450	Bombus_terrestris	gene-LOC100647251	cytochrome P450 9e2
cytochrome_P450	Bombus_terrestris	gene-LOC100647368	cytochrome P450 9e2
cytochrome_P450	Bombus_terrestris	gene-LOC100647566	cytochrome P450 9e2
cytochrome_P450	Bombus_terrestris	gene-LOC100648545	cytochrome P450 9e2
cytochrome_P450	Bombus_terrestris	gene-LOC100649760	cytochrome P450 9e2
cytochrome_P450	Bombus_terrestris	gene-LOC100649871	cytochrome P450 9e2
cytochrome_P450	Bombus_terrestris	gene-LOC100649988	cytochrome P450 9e2
cytochrome_P450	Bombus_terrestris	gene-LOC100650309	cytochrome P450 9e2
cytochrome_P450	Bombus_terrestris	gene-LOC100647886	cytochrome P450 9e2-like
cytochrome_P450	Bombus_terrestris	gene-LOC110119162	cytochrome P450 9e2-like
cytochrome_P450	Bombus_terrestris	gene-LOC100652262	NADPH--cytochrome P450 reductase
cytochrome_P450	Bombus_terrestris	gene-LOC100645879	probable cytochrome P450 12a5, mitochondrial
cytochrome_P450	Bombus_terrestris	gene-LOC100649441	probable cytochrome P450 28d1
cytochrome_P450	Bombus_terrestris	gene-LOC100646342	probable cytochrome P450 301a1, mitochondrial
cytochrome_P450	Bombus_terrestris	gene-LOC100645445	probable cytochrome P450 301a1, mitochondrial, transcript variant X1
cytochrome_P450	Bombus_terrestris	gene-LOC100648323	probable cytochrome P450 303a1, transcript variant X1
cytochrome_P450	Bombus_terrestris	gene-LOC100651206	probable cytochrome P450 304a1
cytochrome_P450	Bombus_terrestris	gene-LOC100647578	probable cytochrome P450 305a1
cytochrome_P450	Bombus_terrestris	gene-LOC100648944	probable cytochrome P450 4aa1, transcript variant X1
cytochrome_P450	Bombus_terrestris	gene-LOC100646677	probable cytochrome P450 6a13
cytochrome_P450	Bombus_terrestris	gene-LOC100647234	probable cytochrome P450 6a14
cytochrome_P450	Bombus_terrestris	gene-LOC100648029	probable cytochrome P450 6a14, transcript variant X1
cytochrome_P450	Bombus_terrestris	gene-LOC100648257	probable cytochrome P450 6a14, transcript variant X1
UDP_glycosyltransferase	Apis_laboriosa	gene-LOC122716781	UDP-glucuronosyltransferase 2B4-like, transcript variant X1
UDP_glycosyltransferase	Apis_laboriosa	gene-LOC122710818	UDP-glycosyltransferase UGT5-like
UDP_glycosyltransferase	Apis_laboriosa	gene-LOC122720016	UDP-glycosyltransferase UGT5-like
UDP_glycosyltransferase	Apis_laboriosa	gene-LOC122721150	UDP-glycosyltransferase UGT5-like
UDP_glycosyltransferase	Apis_dorsata	gene-LOC102672082	UDP-glucuronosyltransferase 1-3-like
UDP_glycosyltransferase	Apis_dorsata	gene-LOC116186509	UDP-glucuronosyltransferase 1-6-like
UDP_glycosyltransferase	Apis_dorsata	gene-LOC102679579	UDP-glucuronosyltransferase 1-8-like
UDP_glycosyltransferase	Apis_dorsata	gene-LOC102675836	UDP-glucuronosyltransferase 2B1-like
UDP_glycosyltransferase	Apis_dorsata	gene-LOC102678306	UDP-glucuronosyltransferase 2B17-like
UDP_glycosyltransferase	Apis_dorsata	gene-LOC102678247	UDP-glucuronosyltransferase 2B18-like
UDP_glycosyltransferase	Apis_dorsata	gene-LOC102675525	UDP-glucuronosyltransferase 2B19-like, transcript variant X1
UDP_glycosyltransferase	Apis_dorsata	gene-LOC102672741	UDP-glucuronosyltransferase 2C1-like
UDP_glycosyltransferase	Apis_dorsata	gene-LOC102676530	UDP-glucuronosyltransferase 2C1-like
UDP_glycosyltransferase	Apis_mellifera	gene-LOC107965199	UDP-glucuronosyltransferase 1-1, transcript variant X1
UDP_glycosyltransferase	Apis_mellifera	gene-LOC408788	UDP-glucuronosyltransferase 1-3
UDP_glycosyltransferase	Apis_mellifera	gene-LOC413043	UDP-glucuronosyltransferase 1-3
UDP_glycosyltransferase	Apis_mellifera	gene-LOC725106	UDP-glucuronosyltransferase 1-8
UDP_glycosyltransferase	Apis_mellifera	gene-LOC409203	UDP-glucuronosyltransferase 2A3, transcript variant X1
UDP_glycosyltransferase	Apis_mellifera	gene-LOC725017	UDP-glucuronosyltransferase 2B15, transcript variant X1
UDP_glycosyltransferase	Apis_mellifera	gene-LOC113218830	UDP-glucuronosyltransferase 2B17-like
UDP_glycosyltransferase	Apis_mellifera	gene-LOC411021	UDP-glucuronosyltransferase 2B18, transcript variant X1
UDP_glycosyltransferase	Apis_mellifera	gene-LOC100577140	UDP-glucuronosyltransferase 2B19, transcript variant X1
UDP_glycosyltransferase	Apis_mellifera	gene-LOC411298	UDP-glucuronosyltransferase 2C1
UDP_glycosyltransferase	Apis_mellifera	gene-LOC725997	UDP-glucuronosyltransferase 2C1
UDP_glycosyltransferase	Apis_mellifera	gene-LOC727593	UDP-glucuronosyltransferase 2C1
UDP_glycosyltransferase	Apis_cerana	gene-LOC108001852	UDP-glucuronosyltransferase 2B20, transcript variant X1
UDP_glycosyltransferase	Apis_cerana	gene-Ugt50B3	UDP-glycosyltransferase family 50 member B3, transcript variant X1
UDP_glycosyltransferase	Apis_cerana	gene-LOC107998322	UDP-glycosyltransferase UGT5
UDP_glycosyltransferase	Apis_cerana	gene-LOC108001967	UDP-glycosyltransferase UGT5
UDP_glycosyltransferase	Apis_cerana	gene-LOC108000060	UDP-glycosyltransferase UGT5, transcript variant X1
UDP_glycosyltransferase	Apis_florea	gene-LOC100865194	UDP-glucuronosyltransferase 2B20, transcript variant X1
UDP_glycosyltransferase	Apis_florea	gene-Ugt50B3	UDP-glycosyltransferase family 50 member B3, transcript variant X1
UDP_glycosyltransferase	Apis_florea	gene-LOC100870638	UDP-glycosyltransferase UGT4
UDP_glycosyltransferase	Apis_florea	gene-LOC100866154	UDP-glycosyltransferase UGT5
UDP_glycosyltransferase	Apis_florea	gene-LOC100870565	UDP-glycosyltransferase UGT5
UDP_glycosyltransferase	Apis_florea	gene-LOC147656508	UDP-glycosyltransferase UGT5
UDP_glycosyltransferase	Apis_florea	gene-LOC100870046	UDP-glycosyltransferase UGT5, transcript variant X1
UDP_glycosyltransferase	Bombus_terrestris	gene-LOC100645384	UDP-glucuronosyltransferase 1-7C, transcript variant X1
UDP_glycosyltransferase	Bombus_terrestris	gene-LOC100642358	UDP-glucuronosyltransferase 1-8, transcript variant X1
UDP_glycosyltransferase	Bombus_terrestris	gene-LOC100647883	UDP-glucuronosyltransferase 2B15
UDP_glycosyltransferase	Bombus_terrestris	gene-LOC100648003	UDP-glucuronosyltransferase 2B15
UDP_glycosyltransferase	Bombus_terrestris	gene-LOC100647646	UDP-glucuronosyltransferase 2B15-like
UDP_glycosyltransferase	Bombus_terrestris	gene-LOC100646290	UDP-glucuronosyltransferase 2B17
UDP_glycosyltransferase	Bombus_terrestris	gene-LOC100649407	UDP-glucuronosyltransferase 2B20
UDP_glycosyltransferase	Bombus_terrestris	gene-LOC100645683	UDP-glucuronosyltransferase 2B30
UDP_glycosyltransferase	Bombus_terrestris	gene-LOC100645567	UDP-glucuronosyltransferase 2C1
glutathione_S_transferase	Apis_laboriosa	gene-LOC122712459	glutathione S-transferase 1-1, transcript variant X1
glutathione_S_transferase	Apis_laboriosa	gene-LOC122714585	glutathione S-transferase 1-1-like
glutathione_S_transferase	Apis_laboriosa	gene-LOC122717538	glutathione S-transferase C-terminal domain-containing protein homolog
glutathione_S_transferase	Apis_laboriosa	gene-LOC122718979	glutathione S-transferase theta-3-like
glutathione_S_transferase	Apis_laboriosa	gene-LOC122712562	glutathione S-transferase-like
glutathione_S_transferase	Apis_laboriosa	gene-LOC122720326	glutathione S-transferase-like, transcript variant X1
glutathione_S_transferase	Apis_laboriosa	gene-LOC122720119	microsomal glutathione S-transferase 1-like
glutathione_S_transferase	Apis_dorsata	gene-LOC102674411	glutathione S-transferase 1-1
glutathione_S_transferase	Apis_dorsata	gene-LOC102670639	glutathione S-transferase 1-1-like, transcript variant X1
glutathione_S_transferase	Apis_dorsata	gene-LOC102681959	glutathione S-transferase 1-1-like, transcript variant X1
glutathione_S_transferase	Apis_dorsata	gene-LOC102676270	glutathione S-transferase C-terminal domain-containing protein homolog
glutathione_S_transferase	Apis_dorsata	gene-LOC102671497	glutathione S-transferase theta-3-like
glutathione_S_transferase	Apis_dorsata	gene-LOC102680400	glutathione S-transferase-like
glutathione_S_transferase	Apis_dorsata	gene-LOC102673906	glutathione S-transferase-like, transcript variant X1
glutathione_S_transferase	Apis_dorsata	gene-LOC102676770	microsomal glutathione S-transferase 1-like
glutathione_S_transferase	Apis_mellifera	gene-LOC725942	glutathione S-transferase 1-1
glutathione_S_transferase	Apis_mellifera	gene-GstD1	glutathione S-transferase D1
glutathione_S_transferase	Apis_mellifera	gene-GstS1	glutathione S-transferase S1
glutathione_S_transferase	Apis_mellifera	gene-GstS4	glutathione S-transferase S4
glutathione_S_transferase	Apis_mellifera	gene-LOC552314	glutathione S-transferase theta-3
glutathione_S_transferase	Apis_mellifera	gene-Gstcd	glutathione S-transferase, C-terminal domain containing
glutathione_S_transferase	Apis_mellifera	gene-LOC410837	microsomal glutathione S-transferase 1
glutathione_S_transferase	Apis_cerana	gene-LOC107997424	glutathione S-transferase 1-1-like, transcript variant X1
glutathione_S_transferase	Apis_cerana	gene-GstD1	glutathione S-transferase D1, transcript variant X1
glutathione_S_transferase	Apis_cerana	gene-GstS1	glutathione S-transferase S1
glutathione_S_transferase	Apis_cerana	gene-GstS4	glutathione S-transferase S4
glutathione_S_transferase	Apis_cerana	gene-LOC114577014	glutathione S-transferase theta-3, transcript variant X1
glutathione_S_transferase	Apis_cerana	gene-Gstcd	glutathione S-transferase, C-terminal domain containing
glutathione_S_transferase	Apis_cerana	gene-LOC107995433	glutathione S-transferase, transcript variant X1
glutathione_S_transferase	Apis_cerana	gene-LOC108002764	microsomal glutathione S-transferase 1, transcript variant X1
glutathione_S_transferase	Apis_florea	gene-LOC147658369	glutathione S-transferase 1-1-like
glutathione_S_transferase	Apis_florea	gene-LOC100863627	glutathione S-transferase 1-1-like, transcript variant X1
glutathione_S_transferase	Apis_florea	gene-LOC100872123	glutathione S-transferase D1, transcript variant X1
glutathione_S_transferase	Apis_florea	gene-GstS1	glutathione S-transferase S1, transcript variant X1
glutathione_S_transferase	Apis_florea	gene-GstS4	glutathione S-transferase S4, transcript variant X1
glutathione_S_transferase	Apis_florea	gene-LOC100870147	glutathione S-transferase theta-1, transcript variant X1
glutathione_S_transferase	Apis_florea	gene-Gstcd	glutathione S-transferase, C-terminal domain containing
glutathione_S_transferase	Apis_florea	gene-LOC100863967	glutathione S-transferase, transcript variant X1
glutathione_S_transferase	Apis_florea	gene-LOC147658313	glutathione S-transferase-like, transcript variant X1
glutathione_S_transferase	Apis_florea	gene-LOC100863266	microsomal glutathione S-transferase 1
glutathione_S_transferase	Bombus_terrestris	gene-LOC100650722	glutathione S-transferase
glutathione_S_transferase	Bombus_terrestris	gene-LOC100650878	glutathione S-transferase
glutathione_S_transferase	Bombus_terrestris	gene-LOC100651035	glutathione S-transferase
glutathione_S_transferase	Bombus_terrestris	gene-LOC100644200	glutathione S-transferase 1
glutathione_S_transferase	Bombus_terrestris	gene-LOC105667074	glutathione S-transferase 1
glutathione_S_transferase	Bombus_terrestris	gene-LOC100646355	glutathione S-transferase 1, transcript variant X1
glutathione_S_transferase	Bombus_terrestris	gene-LOC100645775	glutathione S-transferase 1-1, transcript variant X1
glutathione_S_transferase	Bombus_terrestris	gene-LOC100642308	glutathione S-transferase C-terminal domain-containing protein homolog
glutathione_S_transferase	Bombus_terrestris	gene-LOC105667024	glutathione S-transferase D7
glutathione_S_transferase	Bombus_terrestris	gene-LOC105667063	glutathione S-transferase D7-like
glutathione_S_transferase	Bombus_terrestris	gene-LOC100651606	glutathione S-transferase theta-1
glutathione_S_transferase	Bombus_terrestris	gene-LOC100651245	glutathione S-transferase, transcript variant X1
glutathione_S_transferase	Bombus_terrestris	gene-LOC100652331	microsomal glutathione S-transferase 1
ABC_or_multidrug_transporter	Apis_laboriosa	gene-LOC122712601	ABC transporter A family member 1-like, transcript variant X1
ABC_or_multidrug_transporter	Apis_laboriosa	gene-LOC122718887	ABC transporter F family member 4-like
ABC_or_multidrug_transporter	Apis_laboriosa	gene-LOC122716455	ABC transporter G family member 14, transcript variant X1
ABC_or_multidrug_transporter	Apis_laboriosa	gene-LOC122719847	ABC transporter G family member 18-like
ABC_or_multidrug_transporter	Apis_laboriosa	gene-LOC122713038	ABC transporter G family member 20, transcript variant X1
ABC_or_multidrug_transporter	Apis_laboriosa	gene-LOC122713757	ABC transporter G family member 20-like
ABC_or_multidrug_transporter	Apis_laboriosa	gene-LOC122713974	ABC transporter G family member 20-like, transcript variant X1
ABC_or_multidrug_transporter	Apis_laboriosa	gene-LOC122718260	ABC transporter G family member 3-like
ABC_or_multidrug_transporter	Apis_laboriosa	gene-LOC122717982	ATP-binding cassette sub-family B member 10, mitochondrial
ABC_or_multidrug_transporter	Apis_laboriosa	gene-LOC122711022	ATP-binding cassette sub-family B member 6
ABC_or_multidrug_transporter	Apis_laboriosa	gene-LOC122719830	ATP-binding cassette sub-family C member 10, transcript variant X1
ABC_or_multidrug_transporter	Apis_laboriosa	gene-LOC122713028	ATP-binding cassette sub-family C member 4-like
ABC_or_multidrug_transporter	Apis_laboriosa	gene-LOC122717937	ATP-binding cassette sub-family C member 4-like
ABC_or_multidrug_transporter	Apis_laboriosa	gene-LOC122717983	ATP-binding cassette sub-family C member 4-like, transcript variant X1
ABC_or_multidrug_transporter	Apis_laboriosa	gene-LOC122712331	ATP-binding cassette sub-family C member Sur, transcript variant X1
ABC_or_multidrug_transporter	Apis_laboriosa	gene-LOC122710475	ATP-binding cassette sub-family D member
ABC_or_multidrug_transporter	Apis_laboriosa	gene-LOC122716949	ATP-binding cassette sub-family D member 3, transcript variant X1
ABC_or_multidrug_transporter	Apis_laboriosa	gene-LOC122716361	ATP-binding cassette sub-family F member 1
ABC_or_multidrug_transporter	Apis_laboriosa	gene-LOC122711398	ATP-binding cassette sub-family F member 2
ABC_or_multidrug_transporter	Apis_laboriosa	gene-LOC122717138	ATP-binding cassette sub-family F member 3, transcript variant X1
ABC_or_multidrug_transporter	Apis_laboriosa	gene-LOC122716896	ATP-binding cassette sub-family G member 1
ABC_or_multidrug_transporter	Apis_laboriosa	gene-LOC122711105	ATP-binding cassette sub-family G member 1-like
ABC_or_multidrug_transporter	Apis_laboriosa	gene-LOC122719983	ATP-binding cassette sub-family G member 1-like, transcript variant X1
ABC_or_multidrug_transporter	Apis_laboriosa	gene-LOC122716754	ATP-binding cassette sub-family G member 4, transcript variant X1
ABC_or_multidrug_transporter	Apis_laboriosa	gene-LOC122716756	ATP-binding cassette sub-family G member 4-like, transcript variant X1
ABC_or_multidrug_transporter	Apis_laboriosa	gene-LOC122716895	ATP-binding cassette sub-family G member 4-like, transcript variant X1
ABC_or_multidrug_transporter	Apis_laboriosa	gene-LOC122717367	ATP-binding cassette sub-family G member 5
ABC_or_multidrug_transporter	Apis_laboriosa	gene-LOC122717049	ATP-binding cassette sub-family G member 5, transcript variant X1
ABC_or_multidrug_transporter	Apis_laboriosa	gene-LOC122718638	multidrug resistance protein homolog 49, transcript variant X1
ABC_or_multidrug_transporter	Apis_laboriosa	gene-LOC122710824	multidrug resistance-associated protein 1, transcript variant X1
ABC_or_multidrug_transporter	Apis_laboriosa	gene-LOC122715980	multidrug resistance-associated protein 5-like, transcript variant X1
ABC_or_multidrug_transporter	Apis_laboriosa	gene-LOC122718161	probable multidrug resistance-associated protein lethal(2)03659
ABC_or_multidrug_transporter	Apis_laboriosa	gene-LOC122719184	probable multidrug resistance-associated protein lethal(2)03659, transcript variant X1
ABC_or_multidrug_transporter	Apis_dorsata	gene-LOC102677473	ABC transporter F family member 4-like
ABC_or_multidrug_transporter	Apis_dorsata	gene-LOC102678903	ABC transporter G family member 20, transcript variant X1
ABC_or_multidrug_transporter	Apis_dorsata	gene-LOC102673909	ABC transporter G family member 20-like
ABC_or_multidrug_transporter	Apis_dorsata	gene-LOC102674302	ABC transporter G family member 20-like
ABC_or_multidrug_transporter	Apis_dorsata	gene-LOC102675736	ABC transporter G family member 22, transcript variant X1
ABC_or_multidrug_transporter	Apis_dorsata	gene-LOC102676157	ABC transporter G family member 3-like
ABC_or_multidrug_transporter	Apis_dorsata	gene-LOC102673872	ATP-binding cassette sub-family A member 13
ABC_or_multidrug_transporter	Apis_dorsata	gene-LOC102672879	ATP-binding cassette sub-family A member 2-like
ABC_or_multidrug_transporter	Apis_dorsata	gene-LOC102674594	ATP-binding cassette sub-family A member 5-like, transcript variant X1
ABC_or_multidrug_transporter	Apis_dorsata	gene-LOC102675561	ATP-binding cassette sub-family B member 10, mitochondrial
ABC_or_multidrug_transporter	Apis_dorsata	gene-LOC102681460	ATP-binding cassette sub-family B member 6, mitochondrial
ABC_or_multidrug_transporter	Apis_dorsata	gene-LOC102672391	ATP-binding cassette sub-family B member 7, mitochondrial
ABC_or_multidrug_transporter	Apis_dorsata	gene-LOC102675223	ATP-binding cassette sub-family B member 8, mitochondrial, transcript variant X1
ABC_or_multidrug_transporter	Apis_dorsata	gene-LOC102678461	ATP-binding cassette sub-family C member Sur, transcript variant X1
ABC_or_multidrug_transporter	Apis_dorsata	gene-LOC102672407	ATP-binding cassette sub-family D member
ABC_or_multidrug_transporter	Apis_dorsata	gene-LOC102674550	ATP-binding cassette sub-family D member 3
ABC_or_multidrug_transporter	Apis_dorsata	gene-LOC102674209	ATP-binding cassette sub-family E member 1
ABC_or_multidrug_transporter	Apis_dorsata	gene-LOC102675366	ATP-binding cassette sub-family F member 1
ABC_or_multidrug_transporter	Apis_dorsata	gene-LOC102675890	ATP-binding cassette sub-family F member 2, transcript variant X1
ABC_or_multidrug_transporter	Apis_dorsata	gene-LOC102670580	ATP-binding cassette sub-family F member 3, transcript variant X1
ABC_or_multidrug_transporter	Apis_dorsata	gene-LOC102676364	ATP-binding cassette sub-family G member 1, transcript variant X1
ABC_or_multidrug_transporter	Apis_dorsata	gene-LOC102681104	ATP-binding cassette sub-family G member 1-like
ABC_or_multidrug_transporter	Apis_dorsata	gene-LOC102677606	ATP-binding cassette sub-family G member 1-like, transcript variant X1
ABC_or_multidrug_transporter	Apis_dorsata	gene-LOC102676814	ATP-binding cassette sub-family G member 4
ABC_or_multidrug_transporter	Apis_dorsata	gene-LOC102680489	ATP-binding cassette sub-family G member 4, transcript variant X1
ABC_or_multidrug_transporter	Apis_dorsata	gene-LOC102679638	ATP-binding cassette sub-family G member 4-like, transcript variant X1
ABC_or_multidrug_transporter	Apis_dorsata	gene-LOC102680101	ATP-binding cassette sub-family G member 4-like, transcript variant X1
ABC_or_multidrug_transporter	Apis_dorsata	gene-LOC102676209	ATP-binding cassette sub-family G member 5
ABC_or_multidrug_transporter	Apis_dorsata	gene-LOC102676355	ATP-binding cassette sub-family G member 5, transcript variant X1
ABC_or_multidrug_transporter	Apis_dorsata	gene-LOC102673741	multidrug resistance protein homolog 49
ABC_or_multidrug_transporter	Apis_dorsata	gene-LOC102672882	multidrug resistance-associated protein 1
ABC_or_multidrug_transporter	Apis_dorsata	gene-LOC102681300	multidrug resistance-associated protein 4-like
ABC_or_multidrug_transporter	Apis_dorsata	gene-LOC102678608	multidrug resistance-associated protein 4-like, transcript variant X1
ABC_or_multidrug_transporter	Apis_dorsata	gene-LOC102680017	multidrug resistance-associated protein 4-like, transcript variant X1
ABC_or_multidrug_transporter	Apis_dorsata	gene-LOC102680579	multidrug resistance-associated protein 7
ABC_or_multidrug_transporter	Apis_dorsata	gene-LOC116186356	probable multidrug resistance-associated protein lethal(2)03659
ABC_or_multidrug_transporter	Apis_dorsata	gene-LOC102671280	probable multidrug resistance-associated protein lethal(2)03659, transcript variant X1
ABC_or_multidrug_transporter	Apis_dorsata	gene-LOC102676402	probable multidrug resistance-associated protein lethal(2)03659, transcript variant X1
ABC_or_multidrug_transporter	Apis_mellifera	gene-LOC414029	ABC transporter A family member 1
ABC_or_multidrug_transporter	Apis_mellifera	gene-LOC550941	ABC transporter G family member 20
ABC_or_multidrug_transporter	Apis_mellifera	gene-LOC409666	ABC transporter G family member 20, transcript variant X1
ABC_or_multidrug_transporter	Apis_mellifera	gene-LOC724865	ABC transporter G family member 20, transcript variant X1
ABC_or_multidrug_transporter	Apis_mellifera	gene-LOC410967	ABC transporter G family member 22, transcript variant X1
ABC_or_multidrug_transporter	Apis_mellifera	gene-LOC726508	ABC transporter G family member 3
ABC_or_multidrug_transporter	Apis_mellifera	gene-LOC726941	ATP-binding cassette sub-family A member 2, transcript variant X1
ABC_or_multidrug_transporter	Apis_mellifera	gene-LOC552744	ATP-binding cassette sub-family B member 10, mitochondrial
ABC_or_multidrug_transporter	Apis_mellifera	gene-LOC726867	ATP-binding cassette sub-family B member 6, mitochondrial
ABC_or_multidrug_transporter	Apis_mellifera	gene-LOC412749	ATP-binding cassette sub-family B member 7, mitochondrial, transcript variant X1
ABC_or_multidrug_transporter	Apis_mellifera	gene-LOC552433	ATP-binding cassette sub-family B member 8, mitochondrial
ABC_or_multidrug_transporter	Apis_mellifera	gene-LOC410944	ATP-binding cassette sub-family C member Sur, transcript variant X1
ABC_or_multidrug_transporter	Apis_mellifera	gene-LOC411685	ATP-binding cassette sub-family D member 1
ABC_or_multidrug_transporter	Apis_mellifera	gene-LOC552495	ATP-binding cassette sub-family D member 3
ABC_or_multidrug_transporter	Apis_mellifera	gene-LOC551235	ATP-binding cassette sub-family E member 1
ABC_or_multidrug_transporter	Apis_mellifera	gene-LOC413390	ATP-binding cassette sub-family F member 1
ABC_or_multidrug_transporter	Apis_mellifera	gene-LOC413252	ATP-binding cassette sub-family F member 2, transcript variant X1
ABC_or_multidrug_transporter	Apis_mellifera	gene-LOC413652	ATP-binding cassette sub-family F member 3, transcript variant X1
ABC_or_multidrug_transporter	Apis_mellifera	gene-LOC412748	ATP-binding cassette sub-family G member 1
ABC_or_multidrug_transporter	Apis_mellifera	gene-LOC414051	ATP-binding cassette sub-family G member 1, transcript variant X1
ABC_or_multidrug_transporter	Apis_mellifera	gene-LOC724304	ATP-binding cassette sub-family G member 1, transcript variant X1
ABC_or_multidrug_transporter	Apis_mellifera	gene-LOC411997	ATP-binding cassette sub-family G member 4, transcript variant X1
ABC_or_multidrug_transporter	Apis_mellifera	gene-LOC550918	ATP-binding cassette sub-family G member 4, transcript variant X1
ABC_or_multidrug_transporter	Apis_mellifera	gene-LOC552371	ATP-binding cassette sub-family G member 4, transcript variant X1
ABC_or_multidrug_transporter	Apis_mellifera	gene-LOC726944	ATP-binding cassette sub-family G member 4, transcript variant X1
ABC_or_multidrug_transporter	Apis_mellifera	gene-LOC413844	ATP-binding cassette sub-family G member 5
ABC_or_multidrug_transporter	Apis_mellifera	gene-LOC726513	ATP-binding cassette sub-family G member 5, transcript variant X1
ABC_or_multidrug_transporter	Apis_mellifera	gene-LOC551167	multidrug resistance protein homolog 49, transcript variant X1
ABC_or_multidrug_transporter	Apis_mellifera	gene-LOC412217	multidrug resistance-associated protein 1, transcript variant X1
ABC_or_multidrug_transporter	Apis_mellifera	gene-LOC413959	multidrug resistance-associated protein 4
ABC_or_multidrug_transporter	Apis_mellifera	gene-LOC551061	multidrug resistance-associated protein 4, transcript variant X1
ABC_or_multidrug_transporter	Apis_mellifera	gene-LOC725051	multidrug resistance-associated protein 4, transcript variant X1
ABC_or_multidrug_transporter	Apis_mellifera	gene-LOC725993	multidrug resistance-associated protein 7, transcript variant X1
ABC_or_multidrug_transporter	Apis_mellifera	gene-LOC410269	probable multidrug resistance-associated protein lethal(2)03659
ABC_or_multidrug_transporter	Apis_mellifera	gene-LOC409897	probable multidrug resistance-associated protein lethal(2)03659, transcript variant X1
ABC_or_multidrug_transporter	Apis_cerana	gene-Hmt-1	ABC transporter ATP-binding protein/permease Hmt-1
ABC_or_multidrug_transporter	Apis_cerana	gene-Atet	ABC transporter expressed in trachea, transcript variant X1
ABC_or_multidrug_transporter	Apis_cerana	gene-LOC108003733	ABC transporter G family member 20
ABC_or_multidrug_transporter	Apis_cerana	gene-LOC108003738	ABC transporter G family member 20
ABC_or_multidrug_transporter	Apis_cerana	gene-LOC107994082	ABC transporter G family member 3
ABC_or_multidrug_transporter	Apis_cerana	gene-E23	ABC transporter G family member E23, transcript variant X1
ABC_or_multidrug_transporter	Apis_cerana	gene-LOC107995924	ATP-binding cassette sub-family B member 10, mitochondrial
ABC_or_multidrug_transporter	Apis_cerana	gene-LOC107996119	ATP-binding cassette sub-family C member 10, transcript variant X1
ABC_or_multidrug_transporter	Apis_cerana	gene-LOC108001091	ATP-binding cassette sub-family C member 4
ABC_or_multidrug_transporter	Apis_cerana	gene-LOC107995947	ATP-binding cassette sub-family C member 4, transcript variant X1
ABC_or_multidrug_transporter	Apis_cerana	gene-LOC107995966	ATP-binding cassette sub-family C member 4, transcript variant X1
ABC_or_multidrug_transporter	Apis_cerana	gene-LOC107993272	ATP-binding cassette sub-family C member 5, transcript variant X1
ABC_or_multidrug_transporter	Apis_cerana	gene-pix	ATP-binding cassette sub-family E member 1 pix
ABC_or_multidrug_transporter	Apis_cerana	gene-LOC107997110	ATP-binding cassette sub-family F member 1
ABC_or_multidrug_transporter	Apis_cerana	gene-LOC108003461	ATP-binding cassette sub-family F member 2, transcript variant X1
ABC_or_multidrug_transporter	Apis_cerana	gene-LOC108003912	ATP-binding cassette sub-family F member 3, transcript variant X1
ABC_or_multidrug_transporter	Apis_cerana	gene-LOC108001803	ATP-binding cassette sub-family G member 1
ABC_or_multidrug_transporter	Apis_cerana	gene-LOC108000872	ATP-binding cassette sub-family G member 1, transcript variant X1
ABC_or_multidrug_transporter	Apis_cerana	gene-LOC108000874	ATP-binding cassette sub-family G member 1, transcript variant X1
ABC_or_multidrug_transporter	Apis_cerana	gene-LOC107999913	ATP-binding cassette sub-family G member 1-like
ABC_or_multidrug_transporter	Apis_cerana	gene-LOC108001763	ATP-binding cassette sub-family G member 4, transcript variant X1
ABC_or_multidrug_transporter	Apis_cerana	gene-LOC108001802	ATP-binding cassette sub-family G member 4, transcript variant X1
ABC_or_multidrug_transporter	Apis_cerana	gene-LOC108001851	ATP-binding cassette sub-family G member 4, transcript variant X1
ABC_or_multidrug_transporter	Apis_cerana	gene-LOC108001727	ATP-binding cassette sub-family G member 5
ABC_or_multidrug_transporter	Apis_cerana	gene-LOC108001728	ATP-binding cassette sub-family G member 5, transcript variant X1
ABC_or_multidrug_transporter	Apis_cerana	gene-LOC107995785	putative multidrug resistance-associated protein lethal(2)03659, transcript variant X1
ABC_or_multidrug_transporter	Apis_cerana	gene-LOC107996097	putative multidrug resistance-associated protein lethal(2)03659, transcript variant X1
ABC_or_multidrug_transporter	Apis_florea	gene-Hmt-1	ABC transporter ATP-binding protein/permease Hmt-1, transcript variant X1
ABC_or_multidrug_transporter	Apis_florea	gene-Atet	ABC transporter expressed in trachea, transcript variant X1
ABC_or_multidrug_transporter	Apis_florea	gene-LOC100865150	ABC transporter G family member 20, transcript variant X1
ABC_or_multidrug_transporter	Apis_florea	gene-LOC100863417	ABC transporter G family member 23
ABC_or_multidrug_transporter	Apis_florea	gene-E23	ABC transporter G family member E23
ABC_or_multidrug_transporter	Apis_florea	gene-LOC100871211	ATP-binding cassette sub-family A member 17, transcript variant X1
ABC_or_multidrug_transporter	Apis_florea	gene-LOC105734925	ATP-binding cassette sub-family B member 10, mitochondrial
ABC_or_multidrug_transporter	Apis_florea	gene-LOC100863456	ATP-binding cassette sub-family C member 10, transcript variant X1
ABC_or_multidrug_transporter	Apis_florea	gene-LOC100866883	ATP-binding cassette sub-family C member 4
ABC_or_multidrug_transporter	Apis_florea	gene-LOC100867124	ATP-binding cassette sub-family C member 4
ABC_or_multidrug_transporter	Apis_florea	gene-LOC100872958	ATP-binding cassette sub-family C member 4, transcript variant X1
ABC_or_multidrug_transporter	Apis_florea	gene-pix	ATP-binding cassette sub-family E member 1 pix
ABC_or_multidrug_transporter	Apis_florea	gene-LOC100863242	ATP-binding cassette sub-family F member 1
ABC_or_multidrug_transporter	Apis_florea	gene-LOC100865945	ATP-binding cassette sub-family F member 2, transcript variant X1
ABC_or_multidrug_transporter	Apis_florea	gene-LOC100864909	ATP-binding cassette sub-family F member 3, transcript variant X1
ABC_or_multidrug_transporter	Apis_florea	gene-LOC100867712	ATP-binding cassette sub-family G member 1, transcript variant X1
ABC_or_multidrug_transporter	Apis_florea	gene-LOC100867929	ATP-binding cassette sub-family G member 1, transcript variant X1
ABC_or_multidrug_transporter	Apis_florea	gene-LOC100865973	ATP-binding cassette sub-family G member 4
ABC_or_multidrug_transporter	Apis_florea	gene-LOC100864009	ATP-binding cassette sub-family G member 4, transcript variant X1
ABC_or_multidrug_transporter	Apis_florea	gene-LOC100867439	ATP-binding cassette sub-family G member 4, transcript variant X1
ABC_or_multidrug_transporter	Apis_florea	gene-LOC100867808	ATP-binding cassette sub-family G member 4, transcript variant X1
ABC_or_multidrug_transporter	Apis_florea	gene-LOC100872012	ATP-binding cassette sub-family G member 4, transcript variant X1
ABC_or_multidrug_transporter	Apis_florea	gene-LOC100870311	ATP-binding cassette sub-family G member 5
ABC_or_multidrug_transporter	Apis_florea	gene-LOC100871104	ATP-binding cassette sub-family G member 5
ABC_or_multidrug_transporter	Apis_florea	gene-LOC100864601	putative multidrug resistance-associated protein lethal(2)03659, transcript variant X1
ABC_or_multidrug_transporter	Apis_florea	gene-LOC100865424	putative multidrug resistance-associated protein lethal(2)03659, transcript variant X1
ABC_or_multidrug_transporter	Bombus_terrestris	gene-LOC100645470	ABC transporter G family member 20
ABC_or_multidrug_transporter	Bombus_terrestris	gene-LOC100645221	ABC transporter G family member 20, transcript variant X1
ABC_or_multidrug_transporter	Bombus_terrestris	gene-LOC100649393	ABC transporter G family member 20, transcript variant X1
ABC_or_multidrug_transporter	Bombus_terrestris	gene-LOC100648854	ABC transporter G family member 22, transcript variant X1
ABC_or_multidrug_transporter	Bombus_terrestris	gene-LOC100646233	ABC transporter G family member 3
ABC_or_multidrug_transporter	Bombus_terrestris	gene-LOC100647302	ATP-binding cassette sub-family A member 1, transcript variant X1
ABC_or_multidrug_transporter	Bombus_terrestris	gene-LOC100650392	ATP-binding cassette sub-family A member 13
ABC_or_multidrug_transporter	Bombus_terrestris	gene-LOC100645517	ATP-binding cassette sub-family A member 5
ABC_or_multidrug_transporter	Bombus_terrestris	gene-LOC100650335	ATP-binding cassette sub-family B member 10, mitochondrial
ABC_or_multidrug_transporter	Bombus_terrestris	gene-LOC100652256	ATP-binding cassette sub-family B member 6, mitochondrial
ABC_or_multidrug_transporter	Bombus_terrestris	gene-LOC100649698	ATP-binding cassette sub-family B member 7, mitochondrial, transcript variant X1
ABC_or_multidrug_transporter	Bombus_terrestris	gene-LOC100649886	ATP-binding cassette sub-family B member 8, mitochondrial
ABC_or_multidrug_transporter	Bombus_terrestris	gene-LOC100644751	ATP-binding cassette sub-family C member Sur, transcript variant X1
ABC_or_multidrug_transporter	Bombus_terrestris	gene-LOC100643487	ATP-binding cassette sub-family D member 1
ABC_or_multidrug_transporter	Bombus_terrestris	gene-LOC100646327	ATP-binding cassette sub-family D member 3
ABC_or_multidrug_transporter	Bombus_terrestris	gene-LOC100644595	ATP-binding cassette sub-family E member 1
ABC_or_multidrug_transporter	Bombus_terrestris	gene-LOC100648932	ATP-binding cassette sub-family F member 1
ABC_or_multidrug_transporter	Bombus_terrestris	gene-LOC100651511	ATP-binding cassette sub-family F member 2, transcript variant X1
ABC_or_multidrug_transporter	Bombus_terrestris	gene-LOC100650667	ATP-binding cassette sub-family F member 3, transcript variant X1
ABC_or_multidrug_transporter	Bombus_terrestris	gene-LOC100644848	ATP-binding cassette sub-family G member 1
ABC_or_multidrug_transporter	Bombus_terrestris	gene-LOC100644723	ATP-binding cassette sub-family G member 1, transcript variant X1
ABC_or_multidrug_transporter	Bombus_terrestris	gene-LOC100644744	ATP-binding cassette sub-family G member 1, transcript variant X1
ABC_or_multidrug_transporter	Bombus_terrestris	gene-LOC100644985	ATP-binding cassette sub-family G member 1, transcript variant X1
ABC_or_multidrug_transporter	Bombus_terrestris	gene-LOC100644403	ATP-binding cassette sub-family G member 4
ABC_or_multidrug_transporter	Bombus_terrestris	gene-LOC100644506	ATP-binding cassette sub-family G member 4
ABC_or_multidrug_transporter	Bombus_terrestris	gene-LOC100644523	ATP-binding cassette sub-family G member 4, transcript variant X1
ABC_or_multidrug_transporter	Bombus_terrestris	gene-LOC100646359	ATP-binding cassette sub-family G member 4, transcript variant X1
ABC_or_multidrug_transporter	Bombus_terrestris	gene-LOC100643668	ATP-binding cassette sub-family G member 5
ABC_or_multidrug_transporter	Bombus_terrestris	gene-LOC100648840	ATP-binding cassette sub-family G member 5
ABC_or_multidrug_transporter	Bombus_terrestris	gene-LOC100650108	multidrug resistance protein homolog 49
ABC_or_multidrug_transporter	Bombus_terrestris	gene-LOC100646583	multidrug resistance-associated protein 1
ABC_or_multidrug_transporter	Bombus_terrestris	gene-LOC100645338	multidrug resistance-associated protein 4
ABC_or_multidrug_transporter	Bombus_terrestris	gene-LOC100645209	multidrug resistance-associated protein 4, transcript variant X1
ABC_or_multidrug_transporter	Bombus_terrestris	gene-LOC100651734	multidrug resistance-associated protein 4, transcript variant X1
ABC_or_multidrug_transporter	Bombus_terrestris	gene-LOC105666350	multidrug resistance-associated protein 5, transcript variant X1
ABC_or_multidrug_transporter	Bombus_terrestris	gene-LOC100651558	multidrug resistance-associated protein 7, transcript variant X1
ABC_or_multidrug_transporter	Bombus_terrestris	gene-LOC100644974	probable multidrug resistance-associated protein lethal(2)03659
ABC_or_multidrug_transporter	Bombus_terrestris	gene-LOC100650642	probable multidrug resistance-associated protein lethal(2)03659, transcript variant X1
sulfotransferase	Apis_laboriosa	gene-LOC122717746	bifunctional heparan sulfate N-deacetylase/N-sulfotransferase, transcript variant X1
sulfotransferase	Apis_laboriosa	gene-LOC122710447	carbohydrate sulfotransferase 11
sulfotransferase	Apis_laboriosa	gene-LOC122711420	carbohydrate sulfotransferase 11, transcript variant X1
sulfotransferase	Apis_laboriosa	gene-LOC122711902	carbohydrate sulfotransferase 11-like
sulfotransferase	Apis_laboriosa	gene-LOC122718738	carbohydrate sulfotransferase 11-like
sulfotransferase	Apis_laboriosa	gene-LOC122717072	carbohydrate sulfotransferase 4-like, transcript variant X1
sulfotransferase	Apis_laboriosa	gene-LOC122718220	carbohydrate sulfotransferase 9-like
sulfotransferase	Apis_laboriosa	gene-LOC122715500	heparan sulfate 2-O-sulfotransferase pipe, transcript variant X1
sulfotransferase	Apis_laboriosa	gene-LOC122720848	heparan sulfate glucosamine 3-O-sulfotransferase 1
sulfotransferase	Apis_laboriosa	gene-LOC122716146	heparan sulfate glucosamine 3-O-sulfotransferase 6
sulfotransferase	Apis_laboriosa	gene-LOC122716274	heparan-sulfate 6-O-sulfotransferase 1-B
sulfotransferase	Apis_laboriosa	gene-LOC122714523	heparin sulfate O-sulfotransferase-like
sulfotransferase	Apis_laboriosa	gene-LOC122712227	protein-tyrosine sulfotransferase, transcript variant X1
sulfotransferase	Apis_laboriosa	gene-LOC122712349	sulfotransferase 1E1-like
sulfotransferase	Apis_laboriosa	gene-LOC122714393	uronyl 2-sulfotransferase-like, transcript variant X1
sulfotransferase	Apis_dorsata	gene-LOC102681503	bifunctional heparan sulfate N-deacetylase/N-sulfotransferase, transcript variant X1
sulfotransferase	Apis_dorsata	gene-LOC102675773	carbohydrate sulfotransferase 11, transcript variant X1
sulfotransferase	Apis_dorsata	gene-LOC102675908	carbohydrate sulfotransferase 11, transcript variant X1
sulfotransferase	Apis_dorsata	gene-LOC102673087	carbohydrate sulfotransferase 11-like
sulfotransferase	Apis_dorsata	gene-LOC102672198	carbohydrate sulfotransferase 11-like, transcript variant X1
sulfotransferase	Apis_dorsata	gene-LOC102678336	carbohydrate sulfotransferase 4-like, transcript variant X1
sulfotransferase	Apis_dorsata	gene-LOC102674453	carbohydrate sulfotransferase 9-like
sulfotransferase	Apis_dorsata	gene-LOC102675694	heparan sulfate 2-O-sulfotransferase 1-like
sulfotransferase	Apis_dorsata	gene-LOC102681980	heparan sulfate 2-O-sulfotransferase pipe, transcript variant X1
sulfotransferase	Apis_dorsata	gene-LOC102676775	heparan sulfate glucosamine 3-O-sulfotransferase 5
sulfotransferase	Apis_dorsata	gene-LOC102679750	heparan sulfate glucosamine 3-O-sulfotransferase 6
sulfotransferase	Apis_dorsata	gene-LOC102680218	heparan-sulfate 6-O-sulfotransferase 1-B
sulfotransferase	Apis_dorsata	gene-LOC102678460	heparin sulfate O-sulfotransferase-like
sulfotransferase	Apis_dorsata	gene-LOC102680347	protein-tyrosine sulfotransferase, transcript variant X1
sulfotransferase	Apis_dorsata	gene-LOC102674211	sulfotransferase 1E1
sulfotransferase	Apis_dorsata	gene-LOC102679064	sulfotransferase 1E1
sulfotransferase	Apis_dorsata	gene-LOC102674570	sulfotransferase 4A1-like
sulfotransferase	Apis_mellifera	gene-LOC413242	bifunctional heparan sulfate N-deacetylase/N-sulfotransferase, transcript variant X1
sulfotransferase	Apis_mellifera	gene-LOC727202	carbohydrate sulfotransferase 11
sulfotransferase	Apis_mellifera	gene-LOC413914	carbohydrate sulfotransferase 11, transcript variant X1
sulfotransferase	Apis_mellifera	gene-LOC550998	carbohydrate sulfotransferase 11, transcript variant X1
sulfotransferase	Apis_mellifera	gene-LOC100576099	carbohydrate sulfotransferase 11-like, transcript variant X1
sulfotransferase	Apis_mellifera	gene-LOC412612	carbohydrate sulfotransferase 4, transcript variant X1
sulfotransferase	Apis_mellifera	gene-LOC724878	carbohydrate sulfotransferase 9
sulfotransferase	Apis_mellifera	gene-LOC411376	estrogen sulfotransferase
sulfotransferase	Apis_mellifera	gene-LOC412996	estrogen sulfotransferase
sulfotransferase	Apis_mellifera	gene-LOC411665	heparan sulfate 2-O-sulfotransferase pipe, transcript variant X1
sulfotransferase	Apis_mellifera	gene-LOC412956	heparan sulfate glucosamine 3-O-sulfotransferase 1, transcript variant X1
sulfotransferase	Apis_mellifera	gene-LOC413133	heparan sulfate glucosamine 3-O-sulfotransferase 6
sulfotransferase	Apis_mellifera	gene-LOC412762	heparan-sulfate 6-O-sulfotransferase 1-B
sulfotransferase	Apis_mellifera	gene-LOC551445	heparin sulfate O-sulfotransferase
sulfotransferase	Apis_mellifera	gene-LOC552278	protein-tyrosine sulfotransferase, transcript variant X1
sulfotransferase	Apis_mellifera	gene-LOC726863	sulfotransferase 4A1
sulfotransferase	Apis_mellifera	gene-LOC100576508	uronyl 2-sulfotransferase, transcript variant X1
sulfotransferase	Apis_cerana	gene-LOC107992444	carbohydrate sulfotransferase 11
sulfotransferase	Apis_cerana	gene-LOC107994156	carbohydrate sulfotransferase 11, transcript variant X1
sulfotransferase	Apis_cerana	gene-LOC107996877	carbohydrate sulfotransferase 11, transcript variant X1
sulfotransferase	Apis_cerana	gene-LOC108001222	carbohydrate sulfotransferase 11, transcript variant X1
sulfotransferase	Apis_cerana	gene-LOC107996501	carbohydrate sulfotransferase 4, transcript variant X1
sulfotransferase	Apis_cerana	gene-LOC107995965	carbohydrate sulfotransferase 9
sulfotransferase	Apis_cerana	gene-pip	heparan sulfate 2-O-sulfotransferase pipe, transcript variant X1
sulfotransferase	Apis_cerana	gene-Hs3st-A	Heparan sulfate 3-O sulfotransferase-A, transcript variant X1
sulfotransferase	Apis_cerana	gene-Hs3st-B	Heparan sulfate 3-O sulfotransferase-B
sulfotransferase	Apis_cerana	gene-Hs6st	heparan sulfate 6-O-sulfotransferase
sulfotransferase	Apis_cerana	gene-LOC107996008	heparin sulfate O-sulfotransferase
sulfotransferase	Apis_cerana	gene-sfl	N-deacetylase and N-sulfotransferase sfl, transcript variant X1
sulfotransferase	Apis_cerana	gene-LOC107998241	sulfotransferase 1E1
sulfotransferase	Apis_cerana	gene-Tpst	tyrosylprotein sulfotransferase, transcript variant X1
sulfotransferase	Apis_cerana	gene-LOC108002623	uronyl 2-sulfotransferase
sulfotransferase	Apis_florea	gene-LOC100871652	carbohydrate sulfotransferase 1, transcript variant X1
sulfotransferase	Apis_florea	gene-LOC100864447	carbohydrate sulfotransferase 11
sulfotransferase	Apis_florea	gene-LOC100870662	carbohydrate sulfotransferase 11
sulfotransferase	Apis_florea	gene-LOC100872538	carbohydrate sulfotransferase 11
sulfotransferase	Apis_florea	gene-LOC100866603	carbohydrate sulfotransferase 11, transcript variant X1
sulfotransferase	Apis_florea	gene-LOC100872689	carbohydrate sulfotransferase 9
sulfotransferase	Apis_florea	gene-pip	heparan sulfate 2-O-sulfotransferase pipe, transcript variant X1
sulfotransferase	Apis_florea	gene-Hs3st-A	Heparan sulfate 3-O sulfotransferase-A
sulfotransferase	Apis_florea	gene-Hs3st-B	Heparan sulfate 3-O sulfotransferase-B, transcript variant X1
sulfotransferase	Apis_florea	gene-Hs6st	heparan sulfate 6-O-sulfotransferase
sulfotransferase	Apis_florea	gene-LOC100864377	heparin sulfate O-sulfotransferase, transcript variant X1
sulfotransferase	Apis_florea	gene-LOC105736247	luciferin sulfotransferase
sulfotransferase	Apis_florea	gene-sfl	N-deacetylase and N-sulfotransferase sfl, transcript variant X1
sulfotransferase	Apis_florea	gene-LOC100865167	sulfotransferase 1E1
sulfotransferase	Apis_florea	gene-St2	Sulfotransferase 2
sulfotransferase	Apis_florea	gene-Tpst	tyrosylprotein sulfotransferase, transcript variant X1
sulfotransferase	Apis_florea	gene-LOC100864962	uronyl 2-sulfotransferase
sulfotransferase	Bombus_terrestris	gene-LOC100643169	bifunctional heparan sulfate N-deacetylase/N-sulfotransferase
sulfotransferase	Bombus_terrestris	gene-LOC100642459	carbohydrate sulfotransferase 11
sulfotransferase	Bombus_terrestris	gene-LOC100644556	carbohydrate sulfotransferase 11
sulfotransferase	Bombus_terrestris	gene-LOC100648751	carbohydrate sulfotransferase 11, transcript variant X1
sulfotransferase	Bombus_terrestris	gene-LOC100652007	carbohydrate sulfotransferase 11, transcript variant X1
sulfotransferase	Bombus_terrestris	gene-LOC100645143	carbohydrate sulfotransferase 4
sulfotransferase	Bombus_terrestris	gene-LOC100650120	carbohydrate sulfotransferase 9, transcript variant X1
sulfotransferase	Bombus_terrestris	gene-LOC100646485	estrogen sulfotransferase
sulfotransferase	Bombus_terrestris	gene-LOC100642453	heparan sulfate 2-O-sulfotransferase pipe
sulfotransferase	Bombus_terrestris	gene-LOC100645554	heparan sulfate glucosamine 3-O-sulfotransferase 5, transcript variant X1
sulfotransferase	Bombus_terrestris	gene-LOC100642292	heparan sulfate glucosamine 3-O-sulfotransferase 6, transcript variant X1
sulfotransferase	Bombus_terrestris	gene-LOC100645496	heparan-sulfate 6-O-sulfotransferase 1-B
sulfotransferase	Bombus_terrestris	gene-LOC100650546	heparin sulfate O-sulfotransferase, transcript variant X1
sulfotransferase	Bombus_terrestris	gene-LOC100648160	protein-tyrosine sulfotransferase
sulfotransferase	Bombus_terrestris	gene-LOC100642559	sulfotransferase 4A1, transcript variant X1
sulfotransferase	Bombus_terrestris	gene-LOC100647199	sulfotransferase 4A1-like
sulfotransferase	Bombus_terrestris	gene-LOC100646841	uronyl 2-sulfotransferase
carboxylesterase_or_esterase	Apis_laboriosa	gene-LOC122720056	1-phosphatidylinositol 4,5-bisphosphate phosphodiesterase classes I and II, transcript variant X1
carboxylesterase_or_esterase	Apis_laboriosa	gene-LOC122720058	1-phosphatidylinositol 4,5-bisphosphate phosphodiesterase epsilon-1-like, transcript variant X1
carboxylesterase_or_esterase	Apis_laboriosa	gene-LOC122711003	1-phosphatidylinositol 4,5-bisphosphate phosphodiesterase gamma-1
carboxylesterase_or_esterase	Apis_laboriosa	gene-LOC122710734	1-phosphatidylinositol 4,5-bisphosphate phosphodiesterase-like
carboxylesterase_or_esterase	Apis_laboriosa	gene-LOC122713509	1-phosphatidylinositol 4,5-bisphosphate phosphodiesterase-like, transcript variant X1
carboxylesterase_or_esterase	Apis_laboriosa	gene-LOC122713293	2',5'-phosphodiesterase 12
carboxylesterase_or_esterase	Apis_laboriosa	gene-LOC122717278	acetylcholinesterase-like
carboxylesterase_or_esterase	Apis_laboriosa	gene-LOC122717894	acetylcholinesterase-like, transcript variant X1
carboxylesterase_or_esterase	Apis_laboriosa	gene-LOC122714582	acid sphingomyelinase-like phosphodiesterase 3a, transcript variant X1
carboxylesterase_or_esterase	Apis_laboriosa	gene-LOC122716867	acyl-coenzyme A thioesterase 13
carboxylesterase_or_esterase	Apis_laboriosa	gene-LOC122712022	acyl-protein thioesterase 1
carboxylesterase_or_esterase	Apis_laboriosa	gene-LOC122718470	calcium/calmodulin-dependent 3',5'-cyclic nucleotide phosphodiesterase 1-like, transcript variant X1
carboxylesterase_or_esterase	Apis_laboriosa	gene-LOC122717208	cAMP-specific 3',5'-cyclic phosphodiesterase, transcript variant X1
carboxylesterase_or_esterase	Apis_laboriosa	gene-LOC122717478	carboxylesterase 1C-like, transcript variant X1
carboxylesterase_or_esterase	Apis_laboriosa	gene-LOC122718974	cGMP-dependent 3',5'-cyclic phosphodiesterase-like, transcript variant X1
carboxylesterase_or_esterase	Apis_laboriosa	gene-LOC122713715	cGMP-specific 3',5'-cyclic phosphodiesterase, transcript variant X1
carboxylesterase_or_esterase	Apis_laboriosa	gene-LOC122712030	dual 3',5'-cyclic-AMP and -GMP phosphodiesterase 11-like, transcript variant X1
carboxylesterase_or_esterase	Apis_laboriosa	gene-LOC122717450	esterase CG5412, transcript variant X1
carboxylesterase_or_esterase	Apis_laboriosa	gene-LOC122714236	esterase E4-like
carboxylesterase_or_esterase	Apis_laboriosa	gene-LOC122716011	esterase E4-like
carboxylesterase_or_esterase	Apis_laboriosa	gene-LOC122716051	esterase E4-like
carboxylesterase_or_esterase	Apis_laboriosa	gene-LOC122719444	esterase E4-like
carboxylesterase_or_esterase	Apis_laboriosa	gene-LOC122712577	esterase FE4-like
carboxylesterase_or_esterase	Apis_laboriosa	gene-LOC122712378	glycerophosphocholine phosphodiesterase GPCPD1-like, transcript variant X1
carboxylesterase_or_esterase	Apis_laboriosa	gene-LOC122712014	glycerophosphodiester phosphodiesterase 1
carboxylesterase_or_esterase	Apis_laboriosa	gene-LOC122720575	high affinity cAMP-specific and IBMX-insensitive 3',5'-cyclic phosphodiesterase 8-like, transcript variant X1
carboxylesterase_or_esterase	Apis_laboriosa	gene-LOC122721013	high affinity cGMP-specific 3',5'-cyclic phosphodiesterase 9A, transcript variant X1
carboxylesterase_or_esterase	Apis_laboriosa	gene-LOC122716456	juvenile hormone esterase-like
carboxylesterase_or_esterase	Apis_laboriosa	gene-LOC122716884	juvenile hormone esterase-like
carboxylesterase_or_esterase	Apis_laboriosa	gene-LOC122716921	juvenile hormone esterase-like
carboxylesterase_or_esterase	Apis_laboriosa	gene-LOC122717196	juvenile hormone esterase-like
carboxylesterase_or_esterase	Apis_laboriosa	gene-LOC122719445	juvenile hormone esterase-like
carboxylesterase_or_esterase	Apis_laboriosa	gene-LOC122716088	lysosomal thioesterase PPT2 homolog, transcript variant X1
carboxylesterase_or_esterase	Apis_laboriosa	gene-LOC122715035	metallophosphoesterase 1 homolog
carboxylesterase_or_esterase	Apis_laboriosa	gene-LOC122718202	metallophosphoesterase 1, transcript variant X1
carboxylesterase_or_esterase	Apis_laboriosa	gene-LOC122716507	metallophosphoesterase MPPED2
carboxylesterase_or_esterase	Apis_laboriosa	gene-LOC122716396	neuropathy target esterase sws, transcript variant X1
carboxylesterase_or_esterase	Apis_laboriosa	gene-LOC122715770	palmitoleoyl-protein carboxylesterase NOTUM
carboxylesterase_or_esterase	Apis_laboriosa	gene-LOC122712491	palmitoyl-protein thioesterase 1
carboxylesterase_or_esterase	Apis_laboriosa	gene-LOC122710432	phosphotriesterase-related protein
carboxylesterase_or_esterase	Apis_laboriosa	gene-LOC122717555	probable tyrosyl-DNA phosphodiesterase, transcript variant X1
carboxylesterase_or_esterase	Apis_laboriosa	gene-LOC122715794	protein phosphatase methylesterase 1
carboxylesterase_or_esterase	Apis_laboriosa	gene-LOC122718380	resistance to inhibitors of cholinesterase protein 3, transcript variant X1
carboxylesterase_or_esterase	Apis_laboriosa	gene-LOC122711062	retinal rod rhodopsin-sensitive cGMP 3',5'-cyclic phosphodiesterase subunit delta
carboxylesterase_or_esterase	Apis_laboriosa	gene-LOC122716976	sphingomyelin phosphodiesterase 1-like
carboxylesterase_or_esterase	Apis_laboriosa	gene-LOC122712651	sphingomyelin phosphodiesterase 4, transcript variant X1
carboxylesterase_or_esterase	Apis_laboriosa	gene-LOC122717541	sphingomyelin phosphodiesterase, transcript variant X1
carboxylesterase_or_esterase	Apis_laboriosa	gene-LOC122719659	U6 snRNA phosphodiesterase, transcript variant X1
carboxylesterase_or_esterase	Apis_laboriosa	gene-LOC122711466	ubiquitin thioesterase OTU1
carboxylesterase_or_esterase	Apis_laboriosa	gene-LOC122714743	ubiquitin thioesterase otubain-like
carboxylesterase_or_esterase	Apis_laboriosa	gene-LOC122710473	ubiquitin thioesterase trabid, transcript variant X1
carboxylesterase_or_esterase	Apis_laboriosa	gene-LOC122720843	venom carboxylesterase-6
carboxylesterase_or_esterase	Apis_laboriosa	gene-LOC122712419	venom carboxylesterase-6-like
carboxylesterase_or_esterase	Apis_dorsata	gene-LOC102675518	1-phosphatidylinositol 4,5-bisphosphate phosphodiesterase classes I and II, transcript variant X1
carboxylesterase_or_esterase	Apis_dorsata	gene-LOC102679861	1-phosphatidylinositol 4,5-bisphosphate phosphodiesterase epsilon-1-like
carboxylesterase_or_esterase	Apis_dorsata	gene-LOC102673857	1-phosphatidylinositol 4,5-bisphosphate phosphodiesterase gamma-1
carboxylesterase_or_esterase	Apis_dorsata	gene-LOC102670651	1-phosphatidylinositol 4,5-bisphosphate phosphodiesterase-like, transcript variant X1
carboxylesterase_or_esterase	Apis_dorsata	gene-LOC102678652	1-phosphatidylinositol 4,5-bisphosphate phosphodiesterase-like, transcript variant X1
carboxylesterase_or_esterase	Apis_dorsata	gene-LOC102672782	2',5'-phosphodiesterase 12-like
carboxylesterase_or_esterase	Apis_dorsata	gene-LOC102672310	acetylcholinesterase-like, transcript variant X1
carboxylesterase_or_esterase	Apis_dorsata	gene-LOC102675877	acetylcholinesterase-like, transcript variant X1
carboxylesterase_or_esterase	Apis_dorsata	gene-LOC102670772	acid sphingomyelinase-like phosphodiesterase 3b, transcript variant X1
carboxylesterase_or_esterase	Apis_dorsata	gene-LOC102679393	acyl-coenzyme A thioesterase 13-like
carboxylesterase_or_esterase	Apis_dorsata	gene-LOC102676792	acyl-protein thioesterase 1
carboxylesterase_or_esterase	Apis_dorsata	gene-LOC102673578	calcium/calmodulin-dependent 3',5'-cyclic nucleotide phosphodiesterase 1-like
carboxylesterase_or_esterase	Apis_dorsata	gene-LOC102675631	cAMP-specific 3',5'-cyclic phosphodiesterase, transcript variant X1
carboxylesterase_or_esterase	Apis_dorsata	gene-LOC102680968	carboxylesterase 1C-like
carboxylesterase_or_esterase	Apis_dorsata	gene-LOC102679065	cGMP-dependent 3',5'-cyclic phosphodiesterase-like
carboxylesterase_or_esterase	Apis_dorsata	gene-LOC102675983	cGMP-specific 3',5'-cyclic phosphodiesterase, transcript variant X1
carboxylesterase_or_esterase	Apis_dorsata	gene-LOC102674392	dual 3',5'-cyclic-AMP and -GMP phosphodiesterase 11-like
carboxylesterase_or_esterase	Apis_dorsata	gene-LOC102674548	esterase CG5412
carboxylesterase_or_esterase	Apis_dorsata	gene-LOC102670630	esterase E4-like
carboxylesterase_or_esterase	Apis_dorsata	gene-LOC102676399	esterase E4-like
carboxylesterase_or_esterase	Apis_dorsata	gene-LOC102678586	esterase E4-like
carboxylesterase_or_esterase	Apis_dorsata	gene-LOC102673276	esterase FE4-like
carboxylesterase_or_esterase	Apis_dorsata	gene-LOC102674083	esterase FE4-like
carboxylesterase_or_esterase	Apis_dorsata	gene-LOC102674804	esterase FE4-like
carboxylesterase_or_esterase	Apis_dorsata	gene-LOC116184845	esterase FE4-like
carboxylesterase_or_esterase	Apis_dorsata	gene-LOC102681354	glycerophosphocholine phosphodiesterase GPCPD1-like, transcript variant X1
carboxylesterase_or_esterase	Apis_dorsata	gene-LOC102677129	glycerophosphodiester phosphodiesterase 1
carboxylesterase_or_esterase	Apis_dorsata	gene-LOC102681023	high affinity cAMP-specific and IBMX-insensitive 3',5'-cyclic phosphodiesterase 8, transcript variant X1
carboxylesterase_or_esterase	Apis_dorsata	gene-LOC102672920	high affinity cGMP-specific 3',5'-cyclic phosphodiesterase 9A
carboxylesterase_or_esterase	Apis_dorsata	gene-LOC116186898	juvenile hormone esterase-like
carboxylesterase_or_esterase	Apis_dorsata	gene-LOC102679403	lysosomal thioesterase PPT2 homolog, transcript variant X1
carboxylesterase_or_esterase	Apis_dorsata	gene-LOC102678865	metallophosphoesterase 1 homolog, transcript variant X1
carboxylesterase_or_esterase	Apis_dorsata	gene-LOC102674449	metallophosphoesterase domain-containing protein 1
carboxylesterase_or_esterase	Apis_dorsata	gene-LOC102671794	neuropathy target esterase sws, transcript variant X1
carboxylesterase_or_esterase	Apis_dorsata	gene-LOC102674999	palmitoleoyl-protein carboxylesterase NOTUM
carboxylesterase_or_esterase	Apis_dorsata	gene-LOC102672108	palmitoyl-protein thioesterase 1
carboxylesterase_or_esterase	Apis_dorsata	gene-LOC102681025	phosphotriesterase-related protein, transcript variant X1
carboxylesterase_or_esterase	Apis_dorsata	gene-LOC102674316	probable tyrosyl-DNA phosphodiesterase, transcript variant X1
carboxylesterase_or_esterase	Apis_dorsata	gene-LOC102676548	protein phosphatase methylesterase 1
carboxylesterase_or_esterase	Apis_dorsata	gene-LOC102677783	retinal rod rhodopsin-sensitive cGMP 3',5'-cyclic phosphodiesterase subunit delta
carboxylesterase_or_esterase	Apis_dorsata	gene-LOC102671468	sphingomyelin phosphodiesterase 1-like
carboxylesterase_or_esterase	Apis_dorsata	gene-LOC102673794	sphingomyelin phosphodiesterase 4, transcript variant X1
carboxylesterase_or_esterase	Apis_dorsata	gene-LOC102671725	sphingomyelin phosphodiesterase, transcript variant X1
carboxylesterase_or_esterase	Apis_dorsata	gene-LOC102672557	U6 snRNA phosphodiesterase, transcript variant X1
carboxylesterase_or_esterase	Apis_dorsata	gene-LOC102673206	ubiquitin thioesterase OTU1
carboxylesterase_or_esterase	Apis_dorsata	gene-LOC102681600	ubiquitin thioesterase otubain-like
carboxylesterase_or_esterase	Apis_dorsata	gene-LOC102674177	ubiquitin thioesterase trabid, transcript variant X1
carboxylesterase_or_esterase	Apis_dorsata	gene-LOC102679574	venom carboxylesterase-6, transcript variant X1
carboxylesterase_or_esterase	Apis_dorsata	gene-LOC116185860	venom carboxylesterase-6, transcript variant X1
carboxylesterase_or_esterase	Apis_dorsata	gene-LOC102672496	venom carboxylesterase-6-like
carboxylesterase_or_esterase	Apis_mellifera	gene-LOC408791	1-phosphatidylinositol 4,5-bisphosphate phosphodiesterase classes I and II, transcript variant X1
carboxylesterase_or_esterase	Apis_mellifera	gene-LOC408804	1-phosphatidylinositol 4,5-bisphosphate phosphodiesterase epsilon-1, transcript variant X1
carboxylesterase_or_esterase	Apis_mellifera	gene-LOC551709	1-phosphatidylinositol 4,5-bisphosphate phosphodiesterase gamma-1, transcript variant X1
carboxylesterase_or_esterase	Apis_mellifera	gene-LOC408996	1-phosphatidylinositol 4,5-bisphosphate phosphodiesterase, transcript variant X1
carboxylesterase_or_esterase	Apis_mellifera	gene-LOC724471	1-phosphatidylinositol 4,5-bisphosphate phosphodiesterase-like
carboxylesterase_or_esterase	Apis_mellifera	gene-LOC725486	2',5'-phosphodiesterase 12
carboxylesterase_or_esterase	Apis_mellifera	gene-AChE-2	acetylcholinesterase 2
carboxylesterase_or_esterase	Apis_mellifera	gene-LOC410270	acetylcholinesterase, transcript variant X1
carboxylesterase_or_esterase	Apis_mellifera	gene-LOC410577	acid sphingomyelinase-like phosphodiesterase 3a, transcript variant X1
carboxylesterase_or_esterase	Apis_mellifera	gene-LOC107964507	acyl-coenzyme A thioesterase 13
carboxylesterase_or_esterase	Apis_mellifera	gene-LOC409201	acyl-protein thioesterase 1
carboxylesterase_or_esterase	Apis_mellifera	gene-LOC724389	calcium/calmodulin-dependent 3',5'-cyclic nucleotide phosphodiesterase 1C, transcript variant X1
carboxylesterase_or_esterase	Apis_mellifera	gene-LOC411288	cAMP-specific 3',5'-cyclic phosphodiesterase, transcript variant X1
carboxylesterase_or_esterase	Apis_mellifera	gene-LOC726134	carboxylesterase
carboxylesterase_or_esterase	Apis_mellifera	gene-LOC413247	carboxylesterase clade I, member 1
carboxylesterase_or_esterase	Apis_mellifera	gene-LOC412573	cGMP-dependent 3',5'-cyclic phosphodiesterase
carboxylesterase_or_esterase	Apis_mellifera	gene-LOC410630	cGMP-specific 3',5'-cyclic phosphodiesterase, transcript variant X1
carboxylesterase_or_esterase	Apis_mellifera	gene-LOC100577138	dual 3',5'-cyclic-AMP and -GMP phosphodiesterase 11, transcript variant X1
carboxylesterase_or_esterase	Apis_mellifera	gene-LOC406105	esterase A2
carboxylesterase_or_esterase	Apis_mellifera	gene-LOC107965163	esterase B1
carboxylesterase_or_esterase	Apis_mellifera	gene-LOC552229	esterase B1
carboxylesterase_or_esterase	Apis_mellifera	gene-LOC100576898	esterase CG5412
carboxylesterase_or_esterase	Apis_mellifera	gene-LOC409801	esterase E4
carboxylesterase_or_esterase	Apis_mellifera	gene-LOC410187	esterase E4
carboxylesterase_or_esterase	Apis_mellifera	gene-LOC113219221	esterase E4-like
carboxylesterase_or_esterase	Apis_mellifera	gene-LOC409173	esterase FE4
carboxylesterase_or_esterase	Apis_mellifera	gene-LOC409171	esterase FE4, transcript variant X1
carboxylesterase_or_esterase	Apis_mellifera	gene-LOC411223	esterase FE4, transcript variant X1
carboxylesterase_or_esterase	Apis_mellifera	gene-LOC410117	glycerophosphocholine phosphodiesterase GPCPD1, transcript variant X1
carboxylesterase_or_esterase	Apis_mellifera	gene-LOC726389	glycerophosphodiester phosphodiesterase 1, transcript variant X1
carboxylesterase_or_esterase	Apis_mellifera	gene-LOC408699	high affinity cAMP-specific and IBMX-insensitive 3',5'-cyclic phosphodiesterase 8, transcript variant X1
carboxylesterase_or_esterase	Apis_mellifera	gene-Jhe	juvenile hormone esterase
carboxylesterase_or_esterase	Apis_mellifera	gene-LOC408426	lysosomal thioesterase PPT2 homolog, transcript variant X1
carboxylesterase_or_esterase	Apis_mellifera	gene-LOC552716	metallophosphoesterase 1 homolog
carboxylesterase_or_esterase	Apis_mellifera	gene-LOC724218	metallophosphoesterase 1 homolog, transcript variant X1
carboxylesterase_or_esterase	Apis_mellifera	gene-LOC410665	metallophosphoesterase domain-containing protein 1
carboxylesterase_or_esterase	Apis_mellifera	gene-LOC724510	neuropathy target esterase sws, transcript variant X1
carboxylesterase_or_esterase	Apis_mellifera	gene-LOC107963993	palmitoleoyl-protein carboxylesterase NOTUM
carboxylesterase_or_esterase	Apis_mellifera	gene-LOC551664	palmitoyl-protein thioesterase 1
carboxylesterase_or_esterase	Apis_mellifera	gene-LOC411691	phosphotriesterase-related protein, transcript variant X1
carboxylesterase_or_esterase	Apis_mellifera	gene-LOC408668	probable tyrosyl-DNA phosphodiesterase, transcript variant X1
carboxylesterase_or_esterase	Apis_mellifera	gene-LOC550901	protein phosphatase methylesterase 1
carboxylesterase_or_esterase	Apis_mellifera	gene-LOC551494	resistance to inhibitors of cholinesterase protein 3, transcript variant X1
carboxylesterase_or_esterase	Apis_mellifera	gene-LOC410525	retinal rod rhodopsin-sensitive cGMP 3',5'-cyclic phosphodiesterase subunit delta
carboxylesterase_or_esterase	Apis_mellifera	gene-LOC726315	sphingomyelin phosphodiesterase 1
carboxylesterase_or_esterase	Apis_mellifera	gene-LOC551484	sphingomyelin phosphodiesterase 4
carboxylesterase_or_esterase	Apis_mellifera	gene-LOC727146	sphingomyelin phosphodiesterase, transcript variant X1
carboxylesterase_or_esterase	Apis_mellifera	gene-LOC724953	U6 snRNA phosphodiesterase, transcript variant X1
carboxylesterase_or_esterase	Apis_mellifera	gene-LOC552263	ubiquitin thioesterase OTU1
carboxylesterase_or_esterase	Apis_mellifera	gene-LOC725744	ubiquitin thioesterase otubain-like
carboxylesterase_or_esterase	Apis_mellifera	gene-LOC413699	ubiquitin thioesterase trabid, transcript variant X1
carboxylesterase_or_esterase	Apis_mellifera	gene-Est-6	venom carboxylesterase-6
carboxylesterase_or_esterase	Apis_mellifera	gene-LOC413047	venom carboxylesterase-6-like
carboxylesterase_or_esterase	Apis_mellifera	gene-LOC408395	venom carboxylesterase-6-like, transcript variant X1
carboxylesterase_or_esterase	Apis_cerana	gene-LOC107999048	1-phosphatidylinositol 4,5-bisphosphate phosphodiesterase epsilon-1, transcript variant X1
carboxylesterase_or_esterase	Apis_cerana	gene-LOC107995208	1-phosphatidylinositol 4,5-bisphosphate phosphodiesterase, transcript variant X1
carboxylesterase_or_esterase	Apis_cerana	gene-LOC108002373	1-phosphatidylinositol 4,5-bisphosphate phosphodiesterase, transcript variant X1
carboxylesterase_or_esterase	Apis_cerana	gene-LOC107992714	2',5'-phosphodiesterase 12, transcript variant X1
carboxylesterase_or_esterase	Apis_cerana	gene-LOC107994210	acetylcholinesterase, transcript variant X1
carboxylesterase_or_esterase	Apis_cerana	gene-LOC108003899	acetylcholinesterase, transcript variant X1
carboxylesterase_or_esterase	Apis_cerana	gene-LOC107997376	acid sphingomyelinase-like phosphodiesterase 3a
carboxylesterase_or_esterase	Apis_cerana	gene-LOC108001755	acyl-coenzyme A thioesterase 13, transcript variant X1
carboxylesterase_or_esterase	Apis_cerana	gene-Apt1	Acyl-protein thioesterase 1
carboxylesterase_or_esterase	Apis_cerana	gene-LOC107993699	carboxylesterase 5A
carboxylesterase_or_esterase	Apis_cerana	gene-LOC107999683	cGMP-dependent 3',5'-cyclic phosphodiesterase, transcript variant X1
carboxylesterase_or_esterase	Apis_cerana	gene-LOC108001458	dual 3',5'-cyclic-AMP and -GMP phosphodiesterase 11, transcript variant X1
carboxylesterase_or_esterase	Apis_cerana	gene-LOC107993618	dual specificity calcium/calmodulin-dependent 3',5'-cyclic nucleotide phosphodiesterase 1, transcript variant X1
carboxylesterase_or_esterase	Apis_cerana	gene-LOC108000073	esterase CG5412
carboxylesterase_or_esterase	Apis_cerana	gene-LOC107998473	esterase E4
carboxylesterase_or_esterase	Apis_cerana	gene-LOC108001511	esterase E4
carboxylesterase_or_esterase	Apis_cerana	gene-LOC107994635	esterase FE4
carboxylesterase_or_esterase	Apis_cerana	gene-LOC107998176	glycerophosphocholine phosphodiesterase GPCPD1, transcript variant X1
carboxylesterase_or_esterase	Apis_cerana	gene-LOC107999538	glycerophosphodiester phosphodiesterase 1
carboxylesterase_or_esterase	Apis_cerana	gene-Jhe	juvenile hormone esterase
carboxylesterase_or_esterase	Apis_cerana	gene-LOC107997716	juvenile hormone esterase
carboxylesterase_or_esterase	Apis_cerana	gene-LOC108002590	juvenile hormone esterase
carboxylesterase_or_esterase	Apis_cerana	gene-LOC107992790	metallophosphoesterase domain-containing protein 1, transcript variant X1
carboxylesterase_or_esterase	Apis_cerana	gene-Mppe	Metallophosphoesterase, transcript variant X1
carboxylesterase_or_esterase	Apis_cerana	gene-Notum	palmitoleoyl-protein carboxylesterase notum, transcript variant X1
carboxylesterase_or_esterase	Apis_cerana	gene-Ppt1	Palmitoyl-protein thioesterase 1, transcript variant X1
carboxylesterase_or_esterase	Apis_cerana	gene-Ppt2	palmitoyl-protein thioesterase 2, transcript variant X1
carboxylesterase_or_esterase	Apis_cerana	gene-cnn	phosphodiesterase 4D interacting protein centrosomin, transcript variant X1
carboxylesterase_or_esterase	Apis_cerana	gene-Pde6	phosphodiesterase 6, transcript variant X1
carboxylesterase_or_esterase	Apis_cerana	gene-Pde8	phosphodiesterase 8, transcript variant X1
carboxylesterase_or_esterase	Apis_cerana	gene-Pde9	phosphodiesterase 9, transcript variant X1
carboxylesterase_or_esterase	Apis_cerana	gene-dnc	phosphodiesterase dunce, transcript variant X1
carboxylesterase_or_esterase	Apis_cerana	gene-LOC108001209	phosphotriesterase-related protein
carboxylesterase_or_esterase	Apis_cerana	gene-LOC107995258	protein phosphatase methylesterase 1
carboxylesterase_or_esterase	Apis_cerana	gene-LOC107999949	sphingomyelin phosphodiesterase 1
carboxylesterase_or_esterase	Apis_cerana	gene-LOC108002416	sphingomyelin phosphodiesterase 4
carboxylesterase_or_esterase	Apis_cerana	gene-LOC107996942	sphingomyelin phosphodiesterase, transcript variant X1
carboxylesterase_or_esterase	Apis_cerana	gene-gkt	tyrosyl-DNA phosphodiesterase glaikit, transcript variant X1
carboxylesterase_or_esterase	Apis_cerana	gene-LOC107994526	U6 snRNA phosphodiesterase 1, transcript variant X1
carboxylesterase_or_esterase	Apis_cerana	gene-LOC107997854	ubiquitin thioesterase otubain-like
carboxylesterase_or_esterase	Apis_cerana	gene-trbd	ubiquitin thioesterase trabid, transcript variant X1
carboxylesterase_or_esterase	Apis_cerana	gene-Est-6	venom carboxylesterase-6, transcript variant X1
carboxylesterase_or_esterase	Apis_florea	gene-LOC100866822	1-phosphatidylinositol 4,5-bisphosphate phosphodiesterase
carboxylesterase_or_esterase	Apis_florea	gene-LOC100870548	1-phosphatidylinositol 4,5-bisphosphate phosphodiesterase epsilon-1
carboxylesterase_or_esterase	Apis_florea	gene-LOC100867350	1-phosphatidylinositol 4,5-bisphosphate phosphodiesterase, transcript variant X1
carboxylesterase_or_esterase	Apis_florea	gene-LOC100866209	2',5'-phosphodiesterase 12
carboxylesterase_or_esterase	Apis_florea	gene-LOC100868916	acetylcholinesterase, transcript variant X1
carboxylesterase_or_esterase	Apis_florea	gene-LOC105735605	acetylcholinesterase-like, transcript variant X1
carboxylesterase_or_esterase	Apis_florea	gene-LOC100863175	acyl-coenzyme A thioesterase 13
carboxylesterase_or_esterase	Apis_florea	gene-Apt1	Acyl-protein thioesterase 1
carboxylesterase_or_esterase	Apis_florea	gene-LOC100864453	carboxylesterase 1C
carboxylesterase_or_esterase	Apis_florea	gene-LOC100866450	cGMP-dependent 3',5'-cyclic phosphodiesterase, transcript variant X1
carboxylesterase_or_esterase	Apis_florea	gene-LOC100864782	cyclic GMP-AMP phosphodiesterase SMPDL3A, transcript variant X1
carboxylesterase_or_esterase	Apis_florea	gene-LOC100863053	dual 3',5'-cyclic-AMP and -GMP phosphodiesterase 11, transcript variant X1
carboxylesterase_or_esterase	Apis_florea	gene-LOC100869740	dual specificity calcium/calmodulin-dependent 3',5'-cyclic nucleotide phosphodiesterase 1, transcript variant X1
carboxylesterase_or_esterase	Apis_florea	gene-LOC100867933	esterase CG5412
carboxylesterase_or_esterase	Apis_florea	gene-LOC100863027	esterase E4
carboxylesterase_or_esterase	Apis_florea	gene-LOC100871631	esterase E4
carboxylesterase_or_esterase	Apis_florea	gene-LOC100873051	esterase E4-like
carboxylesterase_or_esterase	Apis_florea	gene-LOC100866205	esterase FE4
carboxylesterase_or_esterase	Apis_florea	gene-LOC100864160	esterase FE4, transcript variant X1
carboxylesterase_or_esterase	Apis_florea	gene-LOC100869344	esterase FE4, transcript variant X1
carboxylesterase_or_esterase	Apis_florea	gene-LOC100863281	glycerophosphocholine phosphodiesterase GPCPD1, transcript variant X1
carboxylesterase_or_esterase	Apis_florea	gene-LOC100865444	glycerophosphodiester phosphodiesterase 1
carboxylesterase_or_esterase	Apis_florea	gene-Jhe	juvenile hormone esterase
carboxylesterase_or_esterase	Apis_florea	gene-LOC100869585	juvenile hormone esterase
carboxylesterase_or_esterase	Apis_florea	gene-LOC105735420	juvenile hormone esterase
carboxylesterase_or_esterase	Apis_florea	gene-LOC147657491	juvenile hormone esterase
carboxylesterase_or_esterase	Apis_florea	gene-LOC100865786	juvenile hormone esterase, transcript variant X1
carboxylesterase_or_esterase	Apis_florea	gene-LOC116414351	juvenile hormone esterase, transcript variant X1
carboxylesterase_or_esterase	Apis_florea	gene-LOC100868789	metallophosphoesterase domain-containing protein 1
carboxylesterase_or_esterase	Apis_florea	gene-Mppe	Metallophosphoesterase, transcript variant X1
carboxylesterase_or_esterase	Apis_florea	gene-Notum	palmitoleoyl-protein carboxylesterase notum
carboxylesterase_or_esterase	Apis_florea	gene-Ppt1	Palmitoyl-protein thioesterase 1
carboxylesterase_or_esterase	Apis_florea	gene-Ppt2	palmitoyl-protein thioesterase 2, transcript variant X1
carboxylesterase_or_esterase	Apis_florea	gene-cnn	phosphodiesterase 4D interacting protein centrosomin, transcript variant X1
carboxylesterase_or_esterase	Apis_florea	gene-Pde6	phosphodiesterase 6, transcript variant X1
carboxylesterase_or_esterase	Apis_florea	gene-Pde8	phosphodiesterase 8, transcript variant X1
carboxylesterase_or_esterase	Apis_florea	gene-Pde9	phosphodiesterase 9, transcript variant X1
carboxylesterase_or_esterase	Apis_florea	gene-dnc	phosphodiesterase dunce, transcript variant X1
carboxylesterase_or_esterase	Apis_florea	gene-LOC100869419	phosphotriesterase-related protein
carboxylesterase_or_esterase	Apis_florea	gene-LOC100866694	protein phosphatase methylesterase 1
carboxylesterase_or_esterase	Apis_florea	gene-LOC100862939	sphingomyelin phosphodiesterase 1
carboxylesterase_or_esterase	Apis_florea	gene-LOC100863197	sphingomyelin phosphodiesterase 4, transcript variant X1
carboxylesterase_or_esterase	Apis_florea	gene-LOC100870668	sphingomyelin phosphodiesterase, transcript variant X1
carboxylesterase_or_esterase	Apis_florea	gene-gkt	tyrosyl-DNA phosphodiesterase glaikit, transcript variant X1
carboxylesterase_or_esterase	Apis_florea	gene-LOC100866871	U6 snRNA phosphodiesterase 1
carboxylesterase_or_esterase	Apis_florea	gene-LOC100871117	ubiquitin thioesterase otubain-like
carboxylesterase_or_esterase	Apis_florea	gene-trbd	ubiquitin thioesterase trabid, transcript variant X1
carboxylesterase_or_esterase	Apis_florea	gene-Est-6	venom carboxylesterase-6
carboxylesterase_or_esterase	Bombus_terrestris	gene-LOC100642628	1-phosphatidylinositol 4,5-bisphosphate phosphodiesterase
carboxylesterase_or_esterase	Bombus_terrestris	gene-LOC100649981	1-phosphatidylinositol 4,5-bisphosphate phosphodiesterase classes I and II, transcript variant X1
carboxylesterase_or_esterase	Bombus_terrestris	gene-LOC100649725	1-phosphatidylinositol 4,5-bisphosphate phosphodiesterase epsilon-1
carboxylesterase_or_esterase	Bombus_terrestris	gene-LOC100647687	1-phosphatidylinositol 4,5-bisphosphate phosphodiesterase gamma-1
carboxylesterase_or_esterase	Bombus_terrestris	gene-LOC100644023	1-phosphatidylinositol 4,5-bisphosphate phosphodiesterase, transcript variant X1
carboxylesterase_or_esterase	Bombus_terrestris	gene-LOC100649538	2',5'-phosphodiesterase 12, transcript variant X1
carboxylesterase_or_esterase	Bombus_terrestris	gene-LOC100647481	acetylcholinesterase
carboxylesterase_or_esterase	Bombus_terrestris	gene-LOC100644218	acetylcholinesterase, transcript variant X1
carboxylesterase_or_esterase	Bombus_terrestris	gene-LOC100651405	acetylcholinesterase-like, transcript variant X1
carboxylesterase_or_esterase	Bombus_terrestris	gene-LOC100643218	acid sphingomyelinase-like phosphodiesterase 3a, transcript variant X1
carboxylesterase_or_esterase	Bombus_terrestris	gene-LOC100643808	acyl-coenzyme A thioesterase 13
carboxylesterase_or_esterase	Bombus_terrestris	gene-LOC100651959	acyl-protein thioesterase 2, transcript variant X1
carboxylesterase_or_esterase	Bombus_terrestris	gene-LOC100643404	calcium/calmodulin-dependent 3',5'-cyclic nucleotide phosphodiesterase 1, transcript variant X1
carboxylesterase_or_esterase	Bombus_terrestris	gene-LOC100648035	cAMP-specific 3',5'-cyclic phosphodiesterase, transcript variant X1
carboxylesterase_or_esterase	Bombus_terrestris	gene-LOC100643269	cGMP-dependent 3',5'-cyclic phosphodiesterase, transcript variant X1
carboxylesterase_or_esterase	Bombus_terrestris	gene-LOC100650502	cGMP-specific 3',5'-cyclic phosphodiesterase
carboxylesterase_or_esterase	Bombus_terrestris	gene-LOC100644613	cholinesterase, transcript variant X1
carboxylesterase_or_esterase	Bombus_terrestris	gene-LOC100644530	dual 3',5'-cyclic-AMP and -GMP phosphodiesterase 11, transcript variant X1
carboxylesterase_or_esterase	Bombus_terrestris	gene-LOC100644369	esterase FE4
carboxylesterase_or_esterase	Bombus_terrestris	gene-LOC100646291	esterase FE4
carboxylesterase_or_esterase	Bombus_terrestris	gene-LOC100647100	esterase FE4
carboxylesterase_or_esterase	Bombus_terrestris	gene-LOC100644814	esterase FE4, transcript variant X1
carboxylesterase_or_esterase	Bombus_terrestris	gene-LOC100647220	esterase FE4, transcript variant X1
carboxylesterase_or_esterase	Bombus_terrestris	gene-LOC100650906	esterase FE4, transcript variant X1
carboxylesterase_or_esterase	Bombus_terrestris	gene-LOC100646222	esterase OVCA2, transcript variant X1
carboxylesterase_or_esterase	Bombus_terrestris	gene-LOC100645227	glycerophosphocholine phosphodiesterase GPCPD1, transcript variant X1
carboxylesterase_or_esterase	Bombus_terrestris	gene-LOC100644729	glycerophosphodiester phosphodiesterase 1
carboxylesterase_or_esterase	Bombus_terrestris	gene-LOC100645282	glycerophosphodiester phosphodiesterase domain-containing protein 1-like, transcript variant X1
carboxylesterase_or_esterase	Bombus_terrestris	gene-LOC100648878	high affinity cGMP-specific 3',5'-cyclic phosphodiesterase 9A, transcript variant X1
carboxylesterase_or_esterase	Bombus_terrestris	gene-LOC100643780	lysosomal thioesterase PPT2 homolog
carboxylesterase_or_esterase	Bombus_terrestris	gene-LOC100643006	metallophosphoesterase 1
carboxylesterase_or_esterase	Bombus_terrestris	gene-LOC100642388	metallophosphoesterase 1 homolog, transcript variant X1
carboxylesterase_or_esterase	Bombus_terrestris	gene-LOC100650117	metallophosphoesterase domain-containing protein 1, transcript variant X1
carboxylesterase_or_esterase	Bombus_terrestris	gene-LOC100643112	neuropathy target esterase sws, transcript variant X1
carboxylesterase_or_esterase	Bombus_terrestris	gene-LOC100652269	palmitoleoyl-protein carboxylesterase NOTUM
carboxylesterase_or_esterase	Bombus_terrestris	gene-LOC100645499	palmitoyl-protein thioesterase 1, transcript variant X1
carboxylesterase_or_esterase	Bombus_terrestris	gene-LOC100649849	phosphotriesterase-related protein, transcript variant X1
carboxylesterase_or_esterase	Bombus_terrestris	gene-LOC100649989	probable tyrosyl-DNA phosphodiesterase
carboxylesterase_or_esterase	Bombus_terrestris	gene-LOC100643963	protein phosphatase methylesterase 1, transcript variant X1
carboxylesterase_or_esterase	Bombus_terrestris	gene-LOC100651384	retinal rod rhodopsin-sensitive cGMP 3',5'-cyclic phosphodiesterase subunit delta, transcript variant X1
carboxylesterase_or_esterase	Bombus_terrestris	gene-LOC100651586	sphingomyelin phosphodiesterase 1, transcript variant X1
carboxylesterase_or_esterase	Bombus_terrestris	gene-LOC100650875	sphingomyelin phosphodiesterase 4, transcript variant X1
carboxylesterase_or_esterase	Bombus_terrestris	gene-LOC100651097	sphingomyelin phosphodiesterase, transcript variant X1
carboxylesterase_or_esterase	Bombus_terrestris	gene-LOC100648525	U6 snRNA phosphodiesterase
carboxylesterase_or_esterase	Bombus_terrestris	gene-LOC100651488	ubiquitin thioesterase OTU1
carboxylesterase_or_esterase	Bombus_terrestris	gene-LOC105665614	ubiquitin thioesterase otubain-like
carboxylesterase_or_esterase	Bombus_terrestris	gene-LOC100644296	ubiquitin thioesterase trabid, transcript variant X1
carboxylesterase_or_esterase	Bombus_terrestris	gene-LOC100652071	venom carboxylesterase-6
carboxylesterase_or_esterase	Bombus_terrestris	gene-LOC100652311	venom carboxylesterase-6
carboxylesterase_or_esterase	Bombus_terrestris	gene-LOC100647870	venom carboxylesterase-6, transcript variant X1
carboxylesterase_or_esterase	Bombus_terrestris	gene-LOC100652190	venom carboxylesterase-6, transcript variant X1
epoxide_hydrolase	Apis_laboriosa	gene-LOC122720518	epoxide hydrolase 4-like
epoxide_hydrolase	Apis_laboriosa	gene-LOC122713468	juvenile hormone epoxide hydrolase 1-like
epoxide_hydrolase	Apis_dorsata	gene-LOC102678396	epoxide hydrolase 4-like
epoxide_hydrolase	Apis_dorsata	gene-LOC102675847	juvenile hormone epoxide hydrolase 1-like
epoxide_hydrolase	Apis_mellifera	gene-LOC410878	epoxide hydrolase 4, transcript variant X1
epoxide_hydrolase	Apis_mellifera	gene-LOC406152	juvenile hormone epoxide hydrolase 1
epoxide_hydrolase	Apis_cerana	gene-LOC107996715	epoxide hydrolase 4, transcript variant X1
epoxide_hydrolase	Apis_cerana	gene-LOC108003695	juvenile hormone epoxide hydrolase 1
epoxide_hydrolase	Apis_florea	gene-LOC100863366	epoxide hydrolase 4, transcript variant X1
epoxide_hydrolase	Apis_florea	gene-LOC100866794	juvenile hormone epoxide hydrolase 1
epoxide_hydrolase	Bombus_terrestris	gene-LOC100650802	epoxide hydrolase 4
epoxide_hydrolase	Bombus_terrestris	gene-LOC100648328	juvenile hormone epoxide hydrolase 1
aldo_keto_reductase	Apis_laboriosa	gene-LOC122715285	aldo-keto reductase family 1 member A1-like, transcript variant X1
aldo_keto_reductase	Apis_laboriosa	gene-LOC122714012	aldo-keto reductase family 1 member B1-like
aldo_keto_reductase	Apis_dorsata	gene-LOC102672508	aldo-keto reductase family 1 member A1-like, transcript variant X1
aldo_keto_reductase	Apis_dorsata	gene-LOC102676195	aldo-keto reductase family 1 member B1-like
aldo_keto_reductase	Apis_dorsata	gene-LOC102676740	aldo-keto reductase family 1 member B1-like, transcript variant X1
aldo_keto_reductase	Apis_cerana	gene-LOC108001737	aldo-keto reductase family 1 member A1
aldo_keto_reductase	Apis_cerana	gene-LOC107996296	aldo-keto reductase family 1 member B1, transcript variant X1
aldo_keto_reductase	Apis_florea	gene-LOC100871037	aldo-keto reductase 1B, transcript variant X1
aldo_keto_reductase	Apis_florea	gene-LOC147658409	aldo-keto reductase 1B, transcript variant X1
aldo_keto_reductase	Apis_florea	gene-LOC100870516	aldo-keto reductase family 1 member A1, transcript variant X1
aldo_keto_reductase	Apis_florea	gene-LOC100871157	aldo-keto reductase family 1 member B1
short_chain_dehydrogenase	Apis_laboriosa	gene-LOC122713514	short-chain dehydrogenase/reductase family 16C member 6
short_chain_dehydrogenase	Apis_laboriosa	gene-LOC122717850	short-chain dehydrogenase/reductase family 16C member 6-like
short_chain_dehydrogenase	Apis_dorsata	gene-LOC102677182	short-chain dehydrogenase/reductase family 16C member 6-like
short_chain_dehydrogenase	Apis_mellifera	gene-LOC406147	short-chain dehydrogenase/reductase
short_chain_dehydrogenase	Apis_mellifera	gene-LOC724348	short-chain dehydrogenase/reductase
short_chain_dehydrogenase	Apis_mellifera	gene-LOC411340	short-chain dehydrogenase/reductase family 16C member 6
short_chain_dehydrogenase	Apis_mellifera	gene-LOC409260	short-chain dehydrogenase/reductase family 16C member 6, transcript variant X1
short_chain_dehydrogenase	Apis_cerana	gene-LOC107995023	short-chain dehydrogenase/reductase family 16C member 6
short_chain_dehydrogenase	Apis_florea	gene-LOC100866833	short-chain dehydrogenase/reductase family 16C member 6, transcript variant X1
short_chain_dehydrogenase	Apis_florea	gene-LOC147656342	short-chain dehydrogenase/reductase family 16C member 6, transcript variant X1
short_chain_dehydrogenase	Apis_florea	gene-LOC100865958	short-chain dehydrogenase/reductase, transcript variant X1
short_chain_dehydrogenase	Bombus_terrestris	gene-LOC100645459	short-chain dehydrogenase/reductase family 16C member 6, transcript variant X1
organic_anion_transporter	Apis_laboriosa	gene-LOC122714185	solute carrier organic anion transporter family member 1A5-like, transcript variant X1
organic_anion_transporter	Apis_laboriosa	gene-LOC122710891	solute carrier organic anion transporter family member 4A1, transcript variant X1
organic_anion_transporter	Apis_laboriosa	gene-LOC122710879	solute carrier organic anion transporter family member 5A1, transcript variant X1
organic_anion_transporter	Apis_laboriosa	gene-LOC122713366	solute carrier organic anion transporter family member 74D, transcript variant X1
organic_anion_transporter	Apis_laboriosa	gene-LOC122714194	solute carrier organic anion transporter family member 74D, transcript variant X1
organic_anion_transporter	Apis_laboriosa	gene-LOC122714205	solute carrier organic anion transporter family member 74D, transcript variant X1
organic_anion_transporter	Apis_dorsata	gene-LOC102680902	solute carrier organic anion transporter family member 1A5-like
organic_anion_transporter	Apis_dorsata	gene-LOC102674815	solute carrier organic anion transporter family member 4A1, transcript variant X1
organic_anion_transporter	Apis_dorsata	gene-LOC102674330	solute carrier organic anion transporter family member 5A1, transcript variant X1
organic_anion_transporter	Apis_dorsata	gene-LOC102670847	solute carrier organic anion transporter family member 74D, transcript variant X1
organic_anion_transporter	Apis_dorsata	gene-LOC102679526	solute carrier organic anion transporter family member 74D, transcript variant X1
organic_anion_transporter	Apis_dorsata	gene-LOC102671071	solute carrier organic anion transporter family member 74D-like, transcript variant X1
organic_anion_transporter	Apis_mellifera	gene-LOC726470	solute carrier organic anion transporter family member 1A5, transcript variant X1
organic_anion_transporter	Apis_mellifera	gene-LOC409650	solute carrier organic anion transporter family member 2A1, transcript variant X1
organic_anion_transporter	Apis_mellifera	gene-LOC100577409	solute carrier organic anion transporter family member 3A1
organic_anion_transporter	Apis_mellifera	gene-LOC107965041	solute carrier organic anion transporter family member 4A1-like, transcript variant X1
organic_anion_transporter	Apis_mellifera	gene-LOC409649	solute carrier organic anion transporter family member 5A1, transcript variant X1
organic_anion_transporter	Apis_cerana	gene-LOC107994922	organic anion transporter 3, transcript variant X1
organic_anion_transporter	Apis_cerana	gene-LOC108001520	solute carrier organic anion transporter family member 1A5, transcript variant X1
organic_anion_transporter	Apis_florea	gene-LOC100866726	solute carrier organic anion transporter family member 1A5
organic_anion_transporter	Bombus_terrestris	gene-LOC100652127	solute carrier organic anion transporter family member 1A5, transcript variant X1
organic_anion_transporter	Bombus_terrestris	gene-LOC100651334	solute carrier organic anion transporter family member 2A1
organic_anion_transporter	Bombus_terrestris	gene-LOC100642848	solute carrier organic anion transporter family member 3A1, transcript variant X1
organic_anion_transporter	Bombus_terrestris	gene-LOC100648480	solute carrier organic anion transporter family member 4A1, transcript variant X1
organic_anion_transporter	Bombus_terrestris	gene-LOC100642340	solute carrier organic anion transporter family member 5A1, transcript variant X1
organic_anion_transporter	Bombus_terrestris	gene-LOC100648366	solute carrier organic anion transporter family member 5A1, transcript variant X1
major_facilitator_transporter	Apis_laboriosa	gene-LOC122715846	major facilitator superfamily domain-containing protein 1-like
major_facilitator_transporter	Apis_laboriosa	gene-LOC122712846	major facilitator superfamily domain-containing protein 10, transcript variant X1
major_facilitator_transporter	Apis_laboriosa	gene-LOC122716902	major facilitator superfamily domain-containing protein 12-like
major_facilitator_transporter	Apis_laboriosa	gene-LOC122718407	major facilitator superfamily domain-containing protein 12-like
major_facilitator_transporter	Apis_laboriosa	gene-LOC122710305	major facilitator superfamily domain-containing protein 6, transcript variant X1
major_facilitator_transporter	Apis_laboriosa	gene-LOC122712949	major facilitator superfamily domain-containing protein 6, transcript variant X1
major_facilitator_transporter	Apis_laboriosa	gene-LOC122713946	major facilitator superfamily domain-containing protein 6, transcript variant X1
major_facilitator_transporter	Apis_laboriosa	gene-LOC122710406	major facilitator superfamily domain-containing protein 8, transcript variant X1
major_facilitator_transporter	Apis_dorsata	gene-LOC102680851	major facilitator superfamily domain-containing protein 1-like
major_facilitator_transporter	Apis_dorsata	gene-LOC102673495	major facilitator superfamily domain-containing protein 10, transcript variant X1
major_facilitator_transporter	Apis_dorsata	gene-LOC102672361	major facilitator superfamily domain-containing protein 12-like
major_facilitator_transporter	Apis_dorsata	gene-LOC102677696	major facilitator superfamily domain-containing protein 12-like
major_facilitator_transporter	Apis_dorsata	gene-LOC102677913	major facilitator superfamily domain-containing protein 6
major_facilitator_transporter	Apis_dorsata	gene-LOC102675013	major facilitator superfamily domain-containing protein 6, transcript variant X1
major_facilitator_transporter	Apis_dorsata	gene-LOC102674265	major facilitator superfamily domain-containing protein 6-like
major_facilitator_transporter	Apis_dorsata	gene-LOC102678905	major facilitator superfamily domain-containing protein 6-like, transcript variant X1
major_facilitator_transporter	Apis_dorsata	gene-LOC102675903	major facilitator superfamily domain-containing protein 8
major_facilitator_transporter	Apis_mellifera	gene-LOC408634	major facilitator superfamily domain-containing protein 1
major_facilitator_transporter	Apis_mellifera	gene-LOC552708	major facilitator superfamily domain-containing protein 10, transcript variant X1
major_facilitator_transporter	Apis_mellifera	gene-LOC408674	major facilitator superfamily domain-containing protein 12
major_facilitator_transporter	Apis_mellifera	gene-LOC551665	major facilitator superfamily domain-containing protein 12
major_facilitator_transporter	Apis_mellifera	gene-LOC411196	major facilitator superfamily domain-containing protein 6
major_facilitator_transporter	Apis_mellifera	gene-LOC410613	major facilitator superfamily domain-containing protein 6, transcript variant X1
major_facilitator_transporter	Apis_mellifera	gene-LOC412430	major facilitator superfamily domain-containing protein 6, transcript variant X1
major_facilitator_transporter	Apis_mellifera	gene-LOC725192	major facilitator superfamily domain-containing protein 6-A, transcript variant X1
major_facilitator_transporter	Apis_mellifera	gene-LOC552144	major facilitator superfamily domain-containing protein 8, transcript variant X1
major_facilitator_transporter	Apis_cerana	gene-LOC108002099	major facilitator superfamily domain-containing protein 1
major_facilitator_transporter	Apis_cerana	gene-LOC108002860	major facilitator superfamily domain-containing protein 12
major_facilitator_transporter	Apis_cerana	gene-LOC108004254	major facilitator superfamily domain-containing protein 12
major_facilitator_transporter	Apis_cerana	gene-jef	major facilitator superfamily domain-containing protein 6 jef, transcript variant X1
major_facilitator_transporter	Apis_cerana	gene-LOC108000755	major facilitator superfamily domain-containing protein 6, transcript variant X1
major_facilitator_transporter	Apis_cerana	gene-rtet	major facilitator superfamily domain-containing protein rtet, transcript variant X1
major_facilitator_transporter	Apis_cerana	gene-MFS10	major facilitator superfamily transporter 10, transcript variant X1
major_facilitator_transporter	Apis_cerana	gene-MFS16	major facilitator superfamily transporter 16, transcript variant X1
major_facilitator_transporter	Apis_cerana	gene-MFS18	major facilitator superfamily transporter 18, transcript variant X1
major_facilitator_transporter	Apis_cerana	gene-MFS3	major facilitator superfamily transporter 3
major_facilitator_transporter	Apis_cerana	gene-MFS9	major facilitator superfamily transporter 9, transcript variant X1
major_facilitator_transporter	Apis_florea	gene-LOC100871986	major facilitator superfamily domain-containing protein 12
major_facilitator_transporter	Apis_florea	gene-LOC100868934	major facilitator superfamily domain-containing protein 12, transcript variant X1
major_facilitator_transporter	Apis_florea	gene-jef	major facilitator superfamily domain-containing protein 6 jef, transcript variant X1
major_facilitator_transporter	Apis_florea	gene-LOC100866506	major facilitator superfamily domain-containing protein 6, transcript variant X1
major_facilitator_transporter	Apis_florea	gene-rtet	major facilitator superfamily domain-containing protein rtet, transcript variant X1
major_facilitator_transporter	Apis_florea	gene-MFS10	major facilitator superfamily transporter 10
major_facilitator_transporter	Apis_florea	gene-MFS16	major facilitator superfamily transporter 16, transcript variant X1
major_facilitator_transporter	Apis_florea	gene-MFS18	major facilitator superfamily transporter 18, transcript variant X1
major_facilitator_transporter	Apis_florea	gene-MFS3	major facilitator superfamily transporter 3
major_facilitator_transporter	Apis_florea	gene-MFS9	major facilitator superfamily transporter 9, transcript variant X1
major_facilitator_transporter	Bombus_terrestris	gene-LOC100651709	major facilitator superfamily domain-containing protein 1
major_facilitator_transporter	Bombus_terrestris	gene-LOC100648145	major facilitator superfamily domain-containing protein 10
major_facilitator_transporter	Bombus_terrestris	gene-LOC100642988	major facilitator superfamily domain-containing protein 12, transcript variant X1
major_facilitator_transporter	Bombus_terrestris	gene-LOC100643640	major facilitator superfamily domain-containing protein 12, transcript variant X1
major_facilitator_transporter	Bombus_terrestris	gene-LOC100648477	major facilitator superfamily domain-containing protein 6, transcript variant X1
major_facilitator_transporter	Bombus_terrestris	gene-LOC100651054	major facilitator superfamily domain-containing protein 6, transcript variant X1
major_facilitator_transporter	Bombus_terrestris	gene-LOC100652175	major facilitator superfamily domain-containing protein 6, transcript variant X1
major_facilitator_transporter	Bombus_terrestris	gene-LOC100648831	major facilitator superfamily domain-containing protein 8, transcript variant X1
aquaporin	Apis_laboriosa	gene-LOC122720404	aquaporin AQPAe.a-like
aquaporin	Apis_laboriosa	gene-LOC122710404	aquaporin AQPAn.G-like, transcript variant X1
aquaporin	Apis_laboriosa	gene-LOC122720057	aquaporin AQPAn.G-like, transcript variant X1
aquaporin	Apis_laboriosa	gene-LOC122710743	aquaporin-11
aquaporin	Apis_laboriosa	gene-LOC122717163	aquaporin-like, transcript variant X1
aquaporin	Apis_dorsata	gene-LOC102681154	aquaporin AQPAe.a-like
aquaporin	Apis_dorsata	gene-LOC102679301	aquaporin AQPAn.G, transcript variant X1
aquaporin	Apis_dorsata	gene-LOC102679924	aquaporin AQPAn.G-like, transcript variant X1
aquaporin	Apis_dorsata	gene-LOC102681139	aquaporin-like, transcript variant X1
aquaporin	Apis_dorsata	gene-LOC102681264	aquaporin-like, transcript variant X1
aquaporin	Apis_mellifera	gene-LOC725165	aquaporin AQPAe.a, transcript variant X1
aquaporin	Apis_mellifera	gene-LOC410915	aquaporin AQPAn.G, transcript variant X1
aquaporin	Apis_mellifera	gene-LOC552149	aquaporin AQPAn.G, transcript variant X1
aquaporin	Apis_mellifera	gene-LOC551806	aquaporin, transcript variant X1
aquaporin	Apis_mellifera	gene-LOC107964089	aquaporin-11
aquaporin	Apis_cerana	gene-AQP	aquaporin
aquaporin	Apis_cerana	gene-LOC107996665	aquaporin AQPAe.a, transcript variant X1
aquaporin	Apis_cerana	gene-LOC108001076	aquaporin AQPAn.G, transcript variant X1
aquaporin	Apis_cerana	gene-LOC108001077	aquaporin AQPAn.G, transcript variant X1
aquaporin	Apis_cerana	gene-LOC108001732	aquaporin, transcript variant X1
aquaporin	Apis_florea	gene-LOC100867232	aquaporin AQPAn.G, transcript variant X1
aquaporin	Apis_florea	gene-LOC100868157	aquaporin AQPAn.G, transcript variant X1
aquaporin	Apis_florea	gene-LOC100872956	aquaporin AQPAn.G, transcript variant X1
aquaporin	Apis_florea	gene-AQP	aquaporin, transcript variant X1
aquaporin	Apis_florea	gene-LOC100863295	aquaporin, transcript variant X1
aquaporin	Apis_florea	gene-LOC100863529	aquaporin-like, transcript variant X1
aquaporin	Bombus_terrestris	gene-LOC100643968	aquaporin AQPAe.a-like
aquaporin	Bombus_terrestris	gene-LOC100647412	aquaporin AQPAn.G, transcript variant X1
aquaporin	Bombus_terrestris	gene-LOC100647837	aquaporin AQPAn.G, transcript variant X1
aquaporin	Bombus_terrestris	gene-LOC100648732	aquaporin AQPcic
aquaporin	Bombus_terrestris	gene-LOC100650947	aquaporin, transcript variant X1
aquaporin	Bombus_terrestris	gene-LOC105666529	aquaporin-11, transcript variant X1
lipocalin	Apis_cerana	gene-Karl	lipocalin/cytosolic fatty acid-binding protein Karl
lipocalin	Apis_florea	gene-Karl	lipocalin/cytosolic fatty acid-binding protein Karl
lipophorin	Apis_laboriosa	gene-LOC122718571	apolipophorins
lipophorin	Apis_dorsata	gene-LOC102677924	apolipophorins
lipophorin	Apis_mellifera	gene-A4	apolipophorin-III-like protein
lipophorin	Apis_mellifera	gene-LOC408961	apolipophorins
lipophorin	Apis_mellifera	gene-LOC412401	lipophorin receptor, transcript variant X1
lipophorin	Apis_cerana	gene-A4	apolipophorin-III-like protein
lipophorin	Apis_cerana	gene-apolpp	retinoid- and fatty-acid binding glycoprotein apolipophorin
lipophorin	Apis_florea	gene-A4	apolipophorin-III-like protein
lipophorin	Apis_florea	gene-apolpp	retinoid- and fatty-acid binding glycoprotein apolipophorin
lipophorin	Bombus_terrestris	gene-LOC100647222	apolipophorins
