run_accession	assembly	focal_AL_position	role	coding_base	genomic_position	codon_call_status	expected_genomic_genotype	bcftools_genotype	bcftools_depth	bcftools_gq	bcftools_alleles	bcftools_allele_depths	comparison
SRR23343438	AL_Shangrila	254	primary	1	656082	PASS	A/A	A/A	36	127	G,A	0,36	agree
SRR23343438	AL_Shangrila	254	primary	2	656081	PASS	A/A	A/A	36		A	36	agree
SRR23343438	AL_Shangrila	254	primary	3	656080	PASS	A/A	A/A	42		A	42	agree
SRR23343438	AL_Shangrila	452	within_species_comparison	1	655180	PASS	T/T	T/T	46		T	46	agree
SRR23343438	AL_Shangrila	452	within_species_comparison	2	655179	PASS	G/G	G/G	46		G	46	agree
SRR23343438	AL_Shangrila	452	within_species_comparison	3	655178	PASS	C/C	C/C	41	127	T,C	0,41	agree
SRR23343438	AL_Shangrila	474	secondary	1	655114	PASS	T/T	T/T	45	127	G,T	0,45	agree
SRR23343438	AL_Shangrila	474	secondary	2	655113	PASS	T/T	T/T	42		T	42	agree
SRR23343438	AL_Shangrila	474	secondary	3	655112	PASS	T/T	T/T	42		T	42	agree
SRR23343438	AL_Shangrila	549	primary	1	654770	PASS	A/A	A/A	45		A	45	agree
SRR23343438	AL_Shangrila	549	primary	2	654769	PASS	A/A	A/A	45		A	45	agree
SRR23343438	AL_Shangrila	549	primary	3	654768	PASS	A/A	A/A	42	127	C,A	0,42	agree
SRR23343438	AL_Shangrila	717	secondary	1	654111	PASS	T/T	T/T	37	127	C,T	0,37	agree
SRR23343438	AL_Shangrila	717	secondary	2	654110	PASS	G/G	G/G	31		G	31	agree
SRR23343438	AL_Shangrila	717	secondary	3	654109	PASS	A/A	A/A	39		A	39	agree
SRR23343438	AL_Shangrila	727	secondary	1	653986	PASS	C/C	C/C	44		C	44	agree
SRR23343438	AL_Shangrila	727	secondary	2	653985	PASS	A/A	A/A	52	127	G,A	0,52	agree
SRR23343438	AL_Shangrila	727	secondary	3	653984	PASS	A/A	A/A	54		A	54	agree
SRR23343438	AL_Shangrila	766	secondary	1	653869	PASS	A/A	A/A	44	127	G,A	0,44	agree
SRR23343438	AL_Shangrila	766	secondary	2	653868	PASS	A/A	A/A	43		A	43	agree
SRR23343438	AL_Shangrila	766	secondary	3	653867	PASS	A/A	A/A	44	127	G,A	0,44	agree
SRR23343438	AL_Shangrila	822	within_species_comparison	1	653625	PASS	T/T	T/T	58		T	58	agree
SRR23343438	AL_Shangrila	822	within_species_comparison	2	653624	PASS	A/A	A/A	56		A	56	agree
SRR23343438	AL_Shangrila	822	within_species_comparison	3	653623	PASS	T/T	T/T	54		T	54	agree
SRR23343438	AL_Shangrila	1134	primary	1	652446	PASS	G/G	G/G	45	127	A,G	0,45	agree
SRR23343438	AL_Shangrila	1134	primary	2	652445	PASS	A/A	A/A	41		A	41	agree
SRR23343438	AL_Shangrila	1134	primary	3	652444	PASS	A/A	A/A	43		A	43	agree
SRR23343439	AL_Shangrila	254	primary	1	656082	PASS	A/A	A/A	27	127	G,A	0,27	agree
SRR23343439	AL_Shangrila	254	primary	2	656081	PASS	A/A	A/A	27		A	27	agree
SRR23343439	AL_Shangrila	254	primary	3	656080	PASS	A/A	A/A	30		A	30	agree
SRR23343439	AL_Shangrila	452	within_species_comparison	1	655180	PASS	T/T	T/T	29		T	29	agree
SRR23343439	AL_Shangrila	452	within_species_comparison	2	655179	PASS	G/G	G/G	31		G	31	agree
SRR23343439	AL_Shangrila	452	within_species_comparison	3	655178	PASS	C/C	C/C	27	127	T,C	0,27	agree
SRR23343439	AL_Shangrila	474	secondary	1	655114	PASS	T/T	T/T	37	127	G,T	0,37	agree
SRR23343439	AL_Shangrila	474	secondary	2	655113	PASS	T/T	T/T	34		T	34	agree
SRR23343439	AL_Shangrila	474	secondary	3	655112	PASS	T/T	T/T	36		T	36	agree
SRR23343439	AL_Shangrila	549	primary	1	654770	PASS	A/A	A/A	28		A	28	agree
SRR23343439	AL_Shangrila	549	primary	2	654769	PASS	A/A	A/A	28		A	28	agree
SRR23343439	AL_Shangrila	549	primary	3	654768	PASS	A/A	A/A	31	127	C,A	0,31	agree
SRR23343439	AL_Shangrila	717	secondary	1	654111	PASS	T/T	T/T	29	127	C,T	0,29	agree
SRR23343439	AL_Shangrila	717	secondary	2	654110	PASS	G/G	G/G	27		G	27	agree
SRR23343439	AL_Shangrila	717	secondary	3	654109	PASS	A/A	A/A	34		A	34	agree
SRR23343439	AL_Shangrila	727	secondary	1	653986	PASS	C/C	C/C	32		C	32	agree
SRR23343439	AL_Shangrila	727	secondary	2	653985	PASS	A/A	A/A	31	127	G,A	0,31	agree
SRR23343439	AL_Shangrila	727	secondary	3	653984	PASS	A/A	A/A	33		A	33	agree
SRR23343439	AL_Shangrila	766	secondary	1	653869	PASS	A/A	A/A	38	127	G,A	0,38	agree
SRR23343439	AL_Shangrila	766	secondary	2	653868	PASS	A/A	A/A	34		A	34	agree
SRR23343439	AL_Shangrila	766	secondary	3	653867	PASS	A/A	A/A	37	127	G,A	0,37	agree
SRR23343439	AL_Shangrila	822	within_species_comparison	1	653625	PASS	T/T	T/T	37		T	37	agree
SRR23343439	AL_Shangrila	822	within_species_comparison	2	653624	PASS	A/A	A/A	36		A	36	agree
SRR23343439	AL_Shangrila	822	within_species_comparison	3	653623	PASS	T/T	T/T	35		T	35	agree
SRR23343439	AL_Shangrila	1134	primary	1	652446	PASS	G/G	G/G	44	127	A,G	0,44	agree
SRR23343439	AL_Shangrila	1134	primary	2	652445	PASS	A/A	A/A	40		A	40	agree
SRR23343439	AL_Shangrila	1134	primary	3	652444	PASS	A/A	A/A	42		A	42	agree
SRR23343440	AL_Shangrila	254	primary	1	656082	PASS	A/A	A/A	33	127	G,A	0,33	agree
SRR23343440	AL_Shangrila	254	primary	2	656081	PASS	A/A	A/A	34		A	34	agree
SRR23343440	AL_Shangrila	254	primary	3	656080	PASS	A/A	A/A	35		A	35	agree
SRR23343440	AL_Shangrila	452	within_species_comparison	1	655180	PASS	T/T	T/T	28		T	28	agree
SRR23343440	AL_Shangrila	452	within_species_comparison	2	655179	PASS	G/G	G/G	25		G	25	agree
SRR23343440	AL_Shangrila	452	within_species_comparison	3	655178	PASS	C/C	C/C	26	127	T,C	0,26	agree
SRR23343440	AL_Shangrila	474	secondary	1	655114	PASS	T/T	T/T	28	127	G,T	0,28	agree
SRR23343440	AL_Shangrila	474	secondary	2	655113	PASS	T/T	T/T	23		T	23	agree
SRR23343440	AL_Shangrila	474	secondary	3	655112	PASS	T/T	T/T	24		T	24	agree
SRR23343440	AL_Shangrila	549	primary	1	654770	one_strand_only	A/A	A/A	16		A	16	codon_call_filtered
SRR23343440	AL_Shangrila	549	primary	2	654769	one_strand_only	A/A	A/A	16		A	16	codon_call_filtered
SRR23343440	AL_Shangrila	549	primary	3	654768	one_strand_only	A/A	A/A	17	127	C,A	0,17	codon_call_filtered
SRR23343440	AL_Shangrila	717	secondary	1	654111	PASS	T/T	T/T	23	127	C,T	0,23	agree
SRR23343440	AL_Shangrila	717	secondary	2	654110	PASS	G/G	G/G	21		G	21	agree
SRR23343440	AL_Shangrila	717	secondary	3	654109	PASS	A/A	A/A	25		A	25	agree
SRR23343440	AL_Shangrila	727	secondary	1	653986	PASS	C/C	C/C	26		C	26	agree
SRR23343440	AL_Shangrila	727	secondary	2	653985	PASS	A/A	A/A	31	127	G,A	0,31	agree
SRR23343440	AL_Shangrila	727	secondary	3	653984	PASS	A/A	A/A	30		A	30	agree
SRR23343440	AL_Shangrila	766	secondary	1	653869	PASS	A/A	A/A	34	127	G,A	0,34	agree
SRR23343440	AL_Shangrila	766	secondary	2	653868	PASS	A/A	A/A	31		A	31	agree
SRR23343440	AL_Shangrila	766	secondary	3	653867	PASS	A/A	A/A	34	127	G,A	0,34	agree
SRR23343440	AL_Shangrila	822	within_species_comparison	1	653625	PASS	T/T	T/T	34		T	34	agree
SRR23343440	AL_Shangrila	822	within_species_comparison	2	653624	PASS	A/A	A/A	32		A	32	agree
SRR23343440	AL_Shangrila	822	within_species_comparison	3	653623	PASS	T/T	T/T	32		T	32	agree
SRR23343440	AL_Shangrila	1134	primary	1	652446	PASS	G/G	G/G	41	127	A,G	0,41	agree
SRR23343440	AL_Shangrila	1134	primary	2	652445	PASS	A/A	A/A	31		A	31	agree
SRR23343440	AL_Shangrila	1134	primary	3	652444	PASS	A/A	A/A	40		A	40	agree
SRR23343441	AL_Shangrila	254	primary	1	656082	PASS	A/A	A/A	27	127	G,A	0,27	agree
SRR23343441	AL_Shangrila	254	primary	2	656081	PASS	A/A	A/A	29		A	29	agree
SRR23343441	AL_Shangrila	254	primary	3	656080	PASS	A/A	A/A	31		A	31	agree
SRR23343441	AL_Shangrila	452	within_species_comparison	1	655180	PASS	T/T	T/T	28		T	28	agree
SRR23343441	AL_Shangrila	452	within_species_comparison	2	655179	PASS	G/G	G/G	30		G	30	agree
SRR23343441	AL_Shangrila	452	within_species_comparison	3	655178	PASS	C/C	C/C	28	127	T,C	0,28	agree
SRR23343441	AL_Shangrila	474	secondary	1	655114	PASS	T/T	T/T	23	127	G,T	0,23	agree
SRR23343441	AL_Shangrila	474	secondary	2	655113	PASS	T/T	T/T	23		T	23	agree
SRR23343441	AL_Shangrila	474	secondary	3	655112	PASS	T/T	T/T	21		T	21	agree
SRR23343441	AL_Shangrila	549	primary	1	654770	PASS	A/A	A/A	27		A	27	agree
SRR23343441	AL_Shangrila	549	primary	2	654769	PASS	A/A	A/A	29		A	29	agree
SRR23343441	AL_Shangrila	549	primary	3	654768	PASS	A/A	A/A	32	127	C,A	0,32	agree
SRR23343441	AL_Shangrila	717	secondary	1	654111	PASS	T/T	T/T	28	127	C,T	0,28	agree
SRR23343441	AL_Shangrila	717	secondary	2	654110	PASS	G/G	G/G	25		G	25	agree
SRR23343441	AL_Shangrila	717	secondary	3	654109	PASS	A/A	A/A	25		A	25	agree
SRR23343441	AL_Shangrila	727	secondary	1	653986	PASS	C/C	C/C	25		C	25	agree
SRR23343441	AL_Shangrila	727	secondary	2	653985	PASS	A/A	A/A	29	127	G,A	0,29	agree
SRR23343441	AL_Shangrila	727	secondary	3	653984	PASS	A/A	A/A	30		A	30	agree
SRR23343441	AL_Shangrila	766	secondary	1	653869	PASS	A/A	A/A	21	127	G,A	0,21	agree
SRR23343441	AL_Shangrila	766	secondary	2	653868	PASS	A/A	A/A	23		A	23	agree
SRR23343441	AL_Shangrila	766	secondary	3	653867	PASS	A/A	A/A	25	127	G,A	0,25	agree
SRR23343441	AL_Shangrila	822	within_species_comparison	1	653625	PASS	T/T	T/T	24		T	24	agree
SRR23343441	AL_Shangrila	822	within_species_comparison	2	653624	PASS	A/A	A/A	28		A	28	agree
SRR23343441	AL_Shangrila	822	within_species_comparison	3	653623	PASS	T/T	T/T	26		T	26	agree
SRR23343441	AL_Shangrila	1134	primary	1	652446	PASS	G/G	G/G	34	127	A,G	0,34	agree
SRR23343441	AL_Shangrila	1134	primary	2	652445	PASS	A/A	A/A	32		A	32	agree
SRR23343441	AL_Shangrila	1134	primary	3	652444	PASS	A/A	A/A	35		A	35	agree
SRR23343442	AL_Shangrila	254	primary	1	656082	PASS	G/G	G/G	35		G	35	agree
SRR23343442	AL_Shangrila	254	primary	2	656081	PASS	A/A	A/A	32		A	32	agree
SRR23343442	AL_Shangrila	254	primary	3	656080	PASS	A/A	A/A	35		A	35	agree
SRR23343442	AL_Shangrila	452	within_species_comparison	1	655180	PASS	T/T	T/T	76		T	76	agree
SRR23343442	AL_Shangrila	452	within_species_comparison	2	655179	PASS	G/G	G/G	76		G	76	agree
SRR23343442	AL_Shangrila	452	within_species_comparison	3	655178	PASS	T/T	T/T	74		T	74	agree
SRR23343442	AL_Shangrila	474	secondary	1	655114	PASS	G/G	G/G	72		G	72	agree
SRR23343442	AL_Shangrila	474	secondary	2	655113	PASS	T/T	T/T	73		T	73	agree
SRR23343442	AL_Shangrila	474	secondary	3	655112	PASS	T/T	T/T	67		T	67	agree
SRR23343442	AL_Shangrila	549	primary	1	654770	PASS	A/A	A/A	47		A	47	agree
SRR23343442	AL_Shangrila	549	primary	2	654769	PASS	A/A	A/A	50		A	50	agree
SRR23343442	AL_Shangrila	549	primary	3	654768	PASS	C/C	C/C	50		C	50	agree
SRR23343442	AL_Shangrila	717	secondary	1	654111	PASS	C/C	C/C	50		C	50	agree
SRR23343442	AL_Shangrila	717	secondary	2	654110	PASS	G/G	G/G	46		G	46	agree
SRR23343442	AL_Shangrila	717	secondary	3	654109	PASS	A/A	A/A	51		A	51	agree
SRR23343442	AL_Shangrila	727	secondary	1	653986	PASS	C/C	C/C	37		C	37	agree
SRR23343442	AL_Shangrila	727	secondary	2	653985	PASS	G/G	G/G	35		G	35	agree
SRR23343442	AL_Shangrila	727	secondary	3	653984	PASS	A/A	A/A	41		A	41	agree
SRR23343442	AL_Shangrila	766	secondary	1	653869	PASS	G/G	G/G	51		G	51	agree
SRR23343442	AL_Shangrila	766	secondary	2	653868	PASS	A/A	A/A	50		A	50	agree
SRR23343442	AL_Shangrila	766	secondary	3	653867	PASS	G/G	G/G	50		G	50	agree
SRR23343442	AL_Shangrila	822	within_species_comparison	1	653625	PASS	T/T	T/T	52		T	52	agree
SRR23343442	AL_Shangrila	822	within_species_comparison	2	653624	PASS	A/A	A/A	54		A	54	agree
SRR23343442	AL_Shangrila	822	within_species_comparison	3	653623	PASS	T/T	T/T	52		T	52	agree
SRR23343442	AL_Shangrila	1134	primary	1	652446	PASS	A/A	A/A	57		A	57	agree
SRR23343442	AL_Shangrila	1134	primary	2	652445	PASS	A/A	A/A	56		A	56	agree
SRR23343442	AL_Shangrila	1134	primary	3	652444	PASS	A/A	A/A	62		A	62	agree
SRR23343443	AL_Shangrila	254	primary	1	656082	PASS	G/G	G/G	23		G	23	agree
SRR23343443	AL_Shangrila	254	primary	2	656081	PASS	A/A	A/A	25		A	25	agree
SRR23343443	AL_Shangrila	254	primary	3	656080	PASS	A/A	A/A	24		A	24	agree
SRR23343443	AL_Shangrila	452	within_species_comparison	1	655180	PASS	T/T	T/T	29		T	29	agree
SRR23343443	AL_Shangrila	452	within_species_comparison	2	655179	PASS	G/G	G/G	27		G	27	agree
SRR23343443	AL_Shangrila	452	within_species_comparison	3	655178	PASS	T/T	T/T	28		T	28	agree
SRR23343443	AL_Shangrila	474	secondary	1	655114	PASS	G/G	G/G	23		G	23	agree
SRR23343443	AL_Shangrila	474	secondary	2	655113	PASS	T/T	T/T	24		T	24	agree
SRR23343443	AL_Shangrila	474	secondary	3	655112	PASS	T/T	T/T	22		T	22	agree
SRR23343443	AL_Shangrila	549	primary	1	654770	PASS	A/A	A/A	24		A	24	agree
SRR23343443	AL_Shangrila	549	primary	2	654769	PASS	A/A	A/A	25		A	25	agree
SRR23343443	AL_Shangrila	549	primary	3	654768	PASS	C/C	C/C	25		C	25	agree
SRR23343443	AL_Shangrila	717	secondary	1	654111	PASS	C/C	C/C	22		C	22	agree
SRR23343443	AL_Shangrila	717	secondary	2	654110	PASS	G/G	G/G	24		G	24	agree
SRR23343443	AL_Shangrila	717	secondary	3	654109	PASS	A/A	A/A	25		A	25	agree
SRR23343443	AL_Shangrila	727	secondary	1	653986	PASS	C/C	C/C	24		C	24	agree
SRR23343443	AL_Shangrila	727	secondary	2	653985	PASS	G/G	G/G	19		G	19	agree
SRR23343443	AL_Shangrila	727	secondary	3	653984	PASS	A/A	A/A	22		A	22	agree
SRR23343443	AL_Shangrila	766	secondary	1	653869	PASS	G/G	G/G	29		G	29	agree
SRR23343443	AL_Shangrila	766	secondary	2	653868	PASS	A/A	A/A	31		A	31	agree
SRR23343443	AL_Shangrila	766	secondary	3	653867	PASS	G/G	G/G	29		G	29	agree
SRR23343443	AL_Shangrila	822	within_species_comparison	1	653625	PASS	T/T	T/T	30		T	30	agree
SRR23343443	AL_Shangrila	822	within_species_comparison	2	653624	PASS	A/A	A/A	32		A	32	agree
SRR23343443	AL_Shangrila	822	within_species_comparison	3	653623	PASS	T/T	T/T	29		T	29	agree
SRR23343443	AL_Shangrila	1134	primary	1	652446	PASS	A/A	A/A	26		A	26	agree
SRR23343443	AL_Shangrila	1134	primary	2	652445	PASS	A/A	A/A	27		A	27	agree
SRR23343443	AL_Shangrila	1134	primary	3	652444	PASS	A/A	A/A	27		A	27	agree
SRR23343444	AL_Shangrila	254	primary	1	656082	PASS	G/G	G/G	26		G	26	agree
SRR23343444	AL_Shangrila	254	primary	2	656081	PASS	A/A	A/A	26		A	26	agree
SRR23343444	AL_Shangrila	254	primary	3	656080	PASS	A/A	A/A	27		A	27	agree
SRR23343444	AL_Shangrila	452	within_species_comparison	1	655180	PASS	T/T	T/T	27		T	27	agree
SRR23343444	AL_Shangrila	452	within_species_comparison	2	655179	PASS	G/G	G/G	25		G	25	agree
SRR23343444	AL_Shangrila	452	within_species_comparison	3	655178	PASS	T/T	T/T	27		T	27	agree
SRR23343444	AL_Shangrila	474	secondary	1	655114	PASS	G/G	G/G	21		G	21	agree
SRR23343444	AL_Shangrila	474	secondary	2	655113	PASS	T/T	T/T	19		T	19	agree
SRR23343444	AL_Shangrila	474	secondary	3	655112	PASS	T/T	T/T	19		T	19	agree
SRR23343444	AL_Shangrila	549	primary	1	654770	PASS	A/A	A/A	19		A	19	agree
SRR23343444	AL_Shangrila	549	primary	2	654769	PASS	A/A	A/A	19		A	19	agree
SRR23343444	AL_Shangrila	549	primary	3	654768	PASS	C/C	C/C	15		C	15	agree
SRR23343444	AL_Shangrila	717	secondary	1	654111	PASS	C/C	C/C	16		C	16	agree
SRR23343444	AL_Shangrila	717	secondary	2	654110	PASS	G/G	G/G	16		G	16	agree
SRR23343444	AL_Shangrila	717	secondary	3	654109	PASS	A/A	A/A	19		A	19	agree
SRR23343444	AL_Shangrila	727	secondary	1	653986	PASS	C/C	C/C	23		C	23	agree
SRR23343444	AL_Shangrila	727	secondary	2	653985	PASS	G/G	G/G	23		G	23	agree
SRR23343444	AL_Shangrila	727	secondary	3	653984	PASS	A/A	A/A	23		A	23	agree
SRR23343444	AL_Shangrila	766	secondary	1	653869	PASS	G/G	G/G	14		G	14	agree
SRR23343444	AL_Shangrila	766	secondary	2	653868	PASS	A/A	A/A	16		A	16	agree
SRR23343444	AL_Shangrila	766	secondary	3	653867	PASS	G/G	G/G	16		G	16	agree
SRR23343444	AL_Shangrila	822	within_species_comparison	1	653625	PASS	T/T	T/T	21		T	21	agree
SRR23343444	AL_Shangrila	822	within_species_comparison	2	653624	PASS	A/A	A/A	20		A	20	agree
SRR23343444	AL_Shangrila	822	within_species_comparison	3	653623	PASS	T/T	T/T	20		T	20	agree
SRR23343444	AL_Shangrila	1134	primary	1	652446	PASS	A/A	A/A	34		A	34	agree
SRR23343444	AL_Shangrila	1134	primary	2	652445	PASS	A/A	A/A	30		A	30	agree
SRR23343444	AL_Shangrila	1134	primary	3	652444	PASS	A/A	A/A	37		A	37	agree
SRR23343445	AL_Shangrila	254	primary	1	656082	PASS	G/G	G/G	44		G	44	agree
SRR23343445	AL_Shangrila	254	primary	2	656081	PASS	A/A	A/A	48		A	48	agree
SRR23343445	AL_Shangrila	254	primary	3	656080	PASS	A/A	A/A	47		A	47	agree
SRR23343445	AL_Shangrila	452	within_species_comparison	1	655180	PASS	T/T	T/T	40		T	40	agree
SRR23343445	AL_Shangrila	452	within_species_comparison	2	655179	PASS	G/G	G/G	38		G	38	agree
SRR23343445	AL_Shangrila	452	within_species_comparison	3	655178	PASS	T/T	T/T	38		T	38	agree
SRR23343445	AL_Shangrila	474	secondary	1	655114	PASS	G/G	G/G	46		G	46	agree
SRR23343445	AL_Shangrila	474	secondary	2	655113	PASS	T/T	T/T	47		T	47	agree
SRR23343445	AL_Shangrila	474	secondary	3	655112	PASS	T/T	T/T	45		T	45	agree
SRR23343445	AL_Shangrila	549	primary	1	654770	PASS	A/A	A/A	39		A	39	agree
SRR23343445	AL_Shangrila	549	primary	2	654769	PASS	A/A	A/A	41		A	41	agree
SRR23343445	AL_Shangrila	549	primary	3	654768	PASS	C/C	C/C	37		C	37	agree
SRR23343445	AL_Shangrila	717	secondary	1	654111	PASS	C/C	C/C	37		C	37	agree
SRR23343445	AL_Shangrila	717	secondary	2	654110	PASS	G/G	G/G	35		G	35	agree
SRR23343445	AL_Shangrila	717	secondary	3	654109	PASS	A/A	A/A	38		A	38	agree
SRR23343445	AL_Shangrila	727	secondary	1	653986	PASS	C/C	C/C	38		C	38	agree
SRR23343445	AL_Shangrila	727	secondary	2	653985	PASS	G/G	G/G	36		G	36	agree
SRR23343445	AL_Shangrila	727	secondary	3	653984	PASS	A/A	A/A	37		A	37	agree
SRR23343445	AL_Shangrila	766	secondary	1	653869	PASS	G/G	G/G	45		G	45	agree
SRR23343445	AL_Shangrila	766	secondary	2	653868	PASS	A/A	A/A	47		A	47	agree
SRR23343445	AL_Shangrila	766	secondary	3	653867	PASS	G/G	G/G	46		G	46	agree
SRR23343445	AL_Shangrila	822	within_species_comparison	1	653625	PASS	T/T	T/T	54		T	54	agree
SRR23343445	AL_Shangrila	822	within_species_comparison	2	653624	PASS	A/A	A/A	51		A	51	agree
SRR23343445	AL_Shangrila	822	within_species_comparison	3	653623	PASS	T/T	T/T	51		T	51	agree
SRR23343445	AL_Shangrila	1134	primary	1	652446	PASS	A/A	A/A	39		A	39	agree
SRR23343445	AL_Shangrila	1134	primary	2	652445	PASS	A/A	A/A	41		A	41	agree
SRR23343445	AL_Shangrila	1134	primary	3	652444	PASS	A/A	A/A	44		A	44	agree
SRR23343446	AL_Shangrila	254	primary	1	656082	PASS	G/G	G/G	20		G	20	agree
SRR23343446	AL_Shangrila	254	primary	2	656081	PASS	A/A	A/A	24		A	24	agree
SRR23343446	AL_Shangrila	254	primary	3	656080	PASS	A/A	A/A	22		A	22	agree
SRR23343446	AL_Shangrila	452	within_species_comparison	1	655180	PASS	T/T	T/T	29		T	29	agree
SRR23343446	AL_Shangrila	452	within_species_comparison	2	655179	PASS	G/G	G/G	31		G	31	agree
SRR23343446	AL_Shangrila	452	within_species_comparison	3	655178	PASS	T/T	T/T	31		T	31	agree
SRR23343446	AL_Shangrila	474	secondary	1	655114	PASS	G/G	G/G	33		G	33	agree
SRR23343446	AL_Shangrila	474	secondary	2	655113	PASS	T/T	T/T	31		T	31	agree
SRR23343446	AL_Shangrila	474	secondary	3	655112	PASS	T/T	T/T	25		T	25	agree
SRR23343446	AL_Shangrila	549	primary	1	654770	PASS	A/A	A/A	32		A	32	agree
SRR23343446	AL_Shangrila	549	primary	2	654769	PASS	A/A	A/A	30		A	30	agree
SRR23343446	AL_Shangrila	549	primary	3	654768	PASS	C/C	C/C	31		C	31	agree
SRR23343446	AL_Shangrila	717	secondary	1	654111	PASS	C/C	C/C	20		C	20	agree
SRR23343446	AL_Shangrila	717	secondary	2	654110	PASS	G/G	G/G	19		G	19	agree
SRR23343446	AL_Shangrila	717	secondary	3	654109	PASS	A/A	A/A	21		A	21	agree
SRR23343446	AL_Shangrila	727	secondary	1	653986	PASS	C/C	C/C	27		C	27	agree
SRR23343446	AL_Shangrila	727	secondary	2	653985	PASS	G/G	G/G	28		G	28	agree
SRR23343446	AL_Shangrila	727	secondary	3	653984	PASS	A/A	A/A	29		A	29	agree
SRR23343446	AL_Shangrila	766	secondary	1	653869	PASS	G/G	G/G	31		G	31	agree
SRR23343446	AL_Shangrila	766	secondary	2	653868	PASS	A/A	A/A	29		A	29	agree
SRR23343446	AL_Shangrila	766	secondary	3	653867	PASS	G/G	G/G	29		G	29	agree
SRR23343446	AL_Shangrila	822	within_species_comparison	1	653625	PASS	T/T	T/T	27		T	27	agree
SRR23343446	AL_Shangrila	822	within_species_comparison	2	653624	PASS	A/A	A/A	29		A	29	agree
SRR23343446	AL_Shangrila	822	within_species_comparison	3	653623	PASS	T/T	T/T	28		T	28	agree
SRR23343446	AL_Shangrila	1134	primary	1	652446	PASS	A/A	A/A	24		A	24	agree
SRR23343446	AL_Shangrila	1134	primary	2	652445	PASS	A/A	A/A	24		A	24	agree
SRR23343446	AL_Shangrila	1134	primary	3	652444	PASS	A/A	A/A	25		A	25	agree
SRR23343447	AL_Shangrila	254	primary	1	656082	PASS	G/G	G/G	31		G	31	agree
SRR23343447	AL_Shangrila	254	primary	2	656081	PASS	A/A	A/A	29		A	29	agree
SRR23343447	AL_Shangrila	254	primary	3	656080	PASS	A/A	A/A	29		A	29	agree
SRR23343447	AL_Shangrila	452	within_species_comparison	1	655180	PASS	T/T	T/T	45		T	45	agree
SRR23343447	AL_Shangrila	452	within_species_comparison	2	655179	PASS	G/G	G/G	43		G	43	agree
SRR23343447	AL_Shangrila	452	within_species_comparison	3	655178	PASS	T/T	T/T	42		T	42	agree
SRR23343447	AL_Shangrila	474	secondary	1	655114	PASS	G/G	G/G	36		G	36	agree
SRR23343447	AL_Shangrila	474	secondary	2	655113	PASS	T/T	T/T	36		T	36	agree
SRR23343447	AL_Shangrila	474	secondary	3	655112	PASS	T/T	T/T	35		T	35	agree
SRR23343447	AL_Shangrila	549	primary	1	654770	PASS	A/A	A/A	27		A	27	agree
SRR23343447	AL_Shangrila	549	primary	2	654769	PASS	A/A	A/A	28		A	28	agree
SRR23343447	AL_Shangrila	549	primary	3	654768	PASS	C/C	C/C	28		C	28	agree
SRR23343447	AL_Shangrila	717	secondary	1	654111	PASS	C/C	C/C	27		C	27	agree
SRR23343447	AL_Shangrila	717	secondary	2	654110	PASS	G/G	G/G	26		G	26	agree
SRR23343447	AL_Shangrila	717	secondary	3	654109	PASS	A/A	A/A	28		A	28	agree
SRR23343447	AL_Shangrila	727	secondary	1	653986	PASS	C/C	C/C	35		C	35	agree
SRR23343447	AL_Shangrila	727	secondary	2	653985	PASS	G/G	G/G	28		G	28	agree
SRR23343447	AL_Shangrila	727	secondary	3	653984	PASS	A/A	A/A	38		A	38	agree
SRR23343447	AL_Shangrila	766	secondary	1	653869	PASS	G/G	G/G	39		G	39	agree
SRR23343447	AL_Shangrila	766	secondary	2	653868	PASS	A/A	A/A	37		A	37	agree
SRR23343447	AL_Shangrila	766	secondary	3	653867	PASS	G/G	G/G	39		G	39	agree
SRR23343447	AL_Shangrila	822	within_species_comparison	1	653625	PASS	T/T	T/T	44		T	44	agree
SRR23343447	AL_Shangrila	822	within_species_comparison	2	653624	PASS	A/A	A/A	47		A	47	agree
SRR23343447	AL_Shangrila	822	within_species_comparison	3	653623	PASS	T/T	T/T	44		T	44	agree
SRR23343447	AL_Shangrila	1134	primary	1	652446	PASS	A/A	A/A	40		A	40	agree
SRR23343447	AL_Shangrila	1134	primary	2	652445	PASS	A/A	A/A	42		A	42	agree
SRR23343447	AL_Shangrila	1134	primary	3	652444	PASS	A/A	A/A	43		A	43	agree
SRR23343448	AL_Shangrila	254	primary	1	656082	PASS	G/G	G/G	35		G	35	agree
SRR23343448	AL_Shangrila	254	primary	2	656081	PASS	A/A	A/A	38		A	38	agree
SRR23343448	AL_Shangrila	254	primary	3	656080	PASS	A/A	A/A	39		A	39	agree
SRR23343448	AL_Shangrila	452	within_species_comparison	1	655180	PASS	T/T	T/T	21		T	21	agree
SRR23343448	AL_Shangrila	452	within_species_comparison	2	655179	PASS	G/G	G/G	21		G	21	agree
SRR23343448	AL_Shangrila	452	within_species_comparison	3	655178	PASS	T/T	T/T	22		T	22	agree
SRR23343448	AL_Shangrila	474	secondary	1	655114	PASS	G/G	G/G	32		G	32	agree
SRR23343448	AL_Shangrila	474	secondary	2	655113	PASS	T/T	T/T	32		T	32	agree
SRR23343448	AL_Shangrila	474	secondary	3	655112	PASS	T/T	T/T	29		T	29	agree
SRR23343448	AL_Shangrila	549	primary	1	654770	PASS	A/A	A/A	26		A	26	agree
SRR23343448	AL_Shangrila	549	primary	2	654769	PASS	A/A	A/A	27		A	27	agree
SRR23343448	AL_Shangrila	549	primary	3	654768	PASS	C/C	C/C	25		C	25	agree
SRR23343448	AL_Shangrila	717	secondary	1	654111	PASS	C/C	C/C	14		C	14	agree
SRR23343448	AL_Shangrila	717	secondary	2	654110	PASS	G/G	G/G	13		G	13	agree
SRR23343448	AL_Shangrila	717	secondary	3	654109	PASS	A/A	A/A	17		A	17	agree
SRR23343448	AL_Shangrila	727	secondary	1	653986	PASS	C/C	C/C	22		C	22	agree
SRR23343448	AL_Shangrila	727	secondary	2	653985	PASS	G/G	G/G	24		G	24	agree
SRR23343448	AL_Shangrila	727	secondary	3	653984	PASS	A/A	A/A	26		A	26	agree
SRR23343448	AL_Shangrila	766	secondary	1	653869	PASS	G/G	G/G	25		G	25	agree
SRR23343448	AL_Shangrila	766	secondary	2	653868	PASS	A/A	A/A	25		A	25	agree
SRR23343448	AL_Shangrila	766	secondary	3	653867	PASS	G/G	G/G	24		G	24	agree
SRR23343448	AL_Shangrila	822	within_species_comparison	1	653625	PASS	T/T	T/T	28		T	28	agree
SRR23343448	AL_Shangrila	822	within_species_comparison	2	653624	PASS	A/A	A/A	29		A	29	agree
SRR23343448	AL_Shangrila	822	within_species_comparison	3	653623	PASS	T/T	T/T	29		T	29	agree
SRR23343448	AL_Shangrila	1134	primary	1	652446	PASS	A/A	A/A	26		A	26	agree
SRR23343448	AL_Shangrila	1134	primary	2	652445	PASS	A/A	A/A	28		A	28	agree
SRR23343448	AL_Shangrila	1134	primary	3	652444	PASS	A/A	A/A	30		A	30	agree
SRR23343449	AL_Shangrila	254	primary	1	656082	PASS	A/A	A/A	21	127	G,A	0,21	agree
SRR23343449	AL_Shangrila	254	primary	2	656081	PASS	A/A	A/A	25		A	25	agree
SRR23343449	AL_Shangrila	254	primary	3	656080	PASS	A/A	A/A	26		A	26	agree
SRR23343449	AL_Shangrila	452	within_species_comparison	1	655180	PASS	T/T	T/T	24		T	24	agree
SRR23343449	AL_Shangrila	452	within_species_comparison	2	655179	PASS	G/G	G/G	25		G	25	agree
SRR23343449	AL_Shangrila	452	within_species_comparison	3	655178	PASS	C/C	C/C	19	127	T,C	0,19	agree
SRR23343449	AL_Shangrila	474	secondary	1	655114	PASS	T/T	T/T	26	127	G,T	0,26	agree
SRR23343449	AL_Shangrila	474	secondary	2	655113	PASS	T/T	T/T	22		T	22	agree
SRR23343449	AL_Shangrila	474	secondary	3	655112	PASS	T/T	T/T	24		T	24	agree
SRR23343449	AL_Shangrila	549	primary	1	654770	PASS	A/A	A/A	26		A	26	agree
SRR23343449	AL_Shangrila	549	primary	2	654769	PASS	A/A	A/A	28		A	28	agree
SRR23343449	AL_Shangrila	549	primary	3	654768	PASS	A/A	A/A	30	127	C,A	0,30	agree
SRR23343449	AL_Shangrila	717	secondary	1	654111	PASS	T/T	T/T	17	127	C,T	0,17	agree
SRR23343449	AL_Shangrila	717	secondary	2	654110	PASS	G/G	G/G	15		G	15	agree
SRR23343449	AL_Shangrila	717	secondary	3	654109	PASS	A/A	A/A	18		A	18	agree
SRR23343449	AL_Shangrila	727	secondary	1	653986	PASS	C/C	C/C	25		C	25	agree
SRR23343449	AL_Shangrila	727	secondary	2	653985	PASS	A/A	A/A	26	127	G,A	0,26	agree
SRR23343449	AL_Shangrila	727	secondary	3	653984	PASS	A/A	A/A	23		A	23	agree
SRR23343449	AL_Shangrila	766	secondary	1	653869	PASS	A/A	A/A	31	127	G,A	0,31	agree
SRR23343449	AL_Shangrila	766	secondary	2	653868	PASS	A/A	A/A	32		A	32	agree
SRR23343449	AL_Shangrila	766	secondary	3	653867	PASS	A/A	A/A	31	127	G,A	0,31	agree
SRR23343449	AL_Shangrila	822	within_species_comparison	1	653625	PASS	T/T	T/T	24		T	24	agree
SRR23343449	AL_Shangrila	822	within_species_comparison	2	653624	PASS	A/A	A/A	22		A	22	agree
SRR23343449	AL_Shangrila	822	within_species_comparison	3	653623	PASS	T/T	T/T	23		T	23	agree
SRR23343449	AL_Shangrila	1134	primary	1	652446	PASS	G/G	G/G	34	127	A,G	0,34	agree
SRR23343449	AL_Shangrila	1134	primary	2	652445	PASS	A/A	A/A	30		A	30	agree
SRR23343449	AL_Shangrila	1134	primary	3	652444	PASS	A/A	A/A	34		A	34	agree
SRR23343450	AL_Shangrila	254	primary	1	656082	PASS	G/G	G/G	38		G	38	agree
SRR23343450	AL_Shangrila	254	primary	2	656081	PASS	A/A	A/A	38		A	38	agree
SRR23343450	AL_Shangrila	254	primary	3	656080	PASS	A/A	A/A	38		A	38	agree
SRR23343450	AL_Shangrila	452	within_species_comparison	1	655180	PASS	T/T	T/T	37		T	37	agree
SRR23343450	AL_Shangrila	452	within_species_comparison	2	655179	PASS	G/G	G/G	33		G	33	agree
SRR23343450	AL_Shangrila	452	within_species_comparison	3	655178	PASS	T/T	T/T	38		T	38	agree
SRR23343450	AL_Shangrila	474	secondary	1	655114	PASS	G/G	G/G	36		G	36	agree
SRR23343450	AL_Shangrila	474	secondary	2	655113	PASS	T/T	T/T	33		T	33	agree
SRR23343450	AL_Shangrila	474	secondary	3	655112	PASS	T/T	T/T	33		T	33	agree
SRR23343450	AL_Shangrila	549	primary	1	654770	PASS	A/A	A/A	40		A	40	agree
SRR23343450	AL_Shangrila	549	primary	2	654769	PASS	A/A	A/A	44		A	44	agree
SRR23343450	AL_Shangrila	549	primary	3	654768	PASS	C/C	C/C	40		C	40	agree
SRR23343450	AL_Shangrila	717	secondary	1	654111	PASS	C/C	C/C	21		C	21	agree
SRR23343450	AL_Shangrila	717	secondary	2	654110	PASS	G/G	G/G	20		G	20	agree
SRR23343450	AL_Shangrila	717	secondary	3	654109	PASS	A/A	A/A	20		A	20	agree
SRR23343450	AL_Shangrila	727	secondary	1	653986	PASS	C/C	C/C	26		C	26	agree
SRR23343450	AL_Shangrila	727	secondary	2	653985	PASS	G/G	G/G	25		G	25	agree
SRR23343450	AL_Shangrila	727	secondary	3	653984	PASS	A/A	A/A	25		A	25	agree
SRR23343450	AL_Shangrila	766	secondary	1	653869	PASS	G/G	G/G	35		G	35	agree
SRR23343450	AL_Shangrila	766	secondary	2	653868	PASS	A/A	A/A	35		A	35	agree
SRR23343450	AL_Shangrila	766	secondary	3	653867	PASS	G/G	G/G	33		G	33	agree
SRR23343450	AL_Shangrila	822	within_species_comparison	1	653625	PASS	T/T	T/T	36		T	36	agree
SRR23343450	AL_Shangrila	822	within_species_comparison	2	653624	PASS	A/A	A/A	36		A	36	agree
SRR23343450	AL_Shangrila	822	within_species_comparison	3	653623	PASS	T/T	T/T	35		T	35	agree
SRR23343450	AL_Shangrila	1134	primary	1	652446	PASS	A/A	A/A	33		A	33	agree
SRR23343450	AL_Shangrila	1134	primary	2	652445	PASS	A/A	A/A	31		A	31	agree
SRR23343450	AL_Shangrila	1134	primary	3	652444	PASS	A/A	A/A	32		A	32	agree
SRR23343451	AL_Shangrila	254	primary	1	656082	PASS	G/G	G/G	26		G	26	agree
SRR23343451	AL_Shangrila	254	primary	2	656081	PASS	A/A	A/A	29		A	29	agree
SRR23343451	AL_Shangrila	254	primary	3	656080	PASS	A/A	A/A	28		A	28	agree
SRR23343451	AL_Shangrila	452	within_species_comparison	1	655180	PASS	T/T	T/T	36		T	36	agree
SRR23343451	AL_Shangrila	452	within_species_comparison	2	655179	PASS	G/G	G/G	36		G	36	agree
SRR23343451	AL_Shangrila	452	within_species_comparison	3	655178	PASS	T/T	T/T	34		T	34	agree
SRR23343451	AL_Shangrila	474	secondary	1	655114	PASS	G/G	G/G	33		G	33	agree
SRR23343451	AL_Shangrila	474	secondary	2	655113	PASS	T/T	T/T	32		T	32	agree
SRR23343451	AL_Shangrila	474	secondary	3	655112	PASS	T/T	T/T	30		T	30	agree
SRR23343451	AL_Shangrila	549	primary	1	654770	PASS	A/A	A/A	24		A	24	agree
SRR23343451	AL_Shangrila	549	primary	2	654769	PASS	A/A	A/A	26		A	25	agree
SRR23343451	AL_Shangrila	549	primary	3	654768	PASS	C/C	C/C	25		C	25	agree
SRR23343451	AL_Shangrila	717	secondary	1	654111	PASS	C/C	C/C	23		C	23	agree
SRR23343451	AL_Shangrila	717	secondary	2	654110	PASS	G/G	G/G	24		G	24	agree
SRR23343451	AL_Shangrila	717	secondary	3	654109	PASS	A/A	A/A	23		A	23	agree
SRR23343451	AL_Shangrila	727	secondary	1	653986	PASS	C/C	C/C	23		C	23	agree
SRR23343451	AL_Shangrila	727	secondary	2	653985	PASS	G/G	G/G	23		G	23	agree
SRR23343451	AL_Shangrila	727	secondary	3	653984	PASS	A/A	A/A	24		A	24	agree
SRR23343451	AL_Shangrila	766	secondary	1	653869	PASS	G/G	G/G	24		G	24	agree
SRR23343451	AL_Shangrila	766	secondary	2	653868	PASS	A/A	A/A	24		A	24	agree
SRR23343451	AL_Shangrila	766	secondary	3	653867	PASS	G/G	G/G	23		G	23	agree
SRR23343451	AL_Shangrila	822	within_species_comparison	1	653625	PASS	T/T	T/T	23		T	23	agree
SRR23343451	AL_Shangrila	822	within_species_comparison	2	653624	PASS	A/A	A/A	23		A	23	agree
SRR23343451	AL_Shangrila	822	within_species_comparison	3	653623	PASS	T/T	T/T	23		T	23	agree
SRR23343451	AL_Shangrila	1134	primary	1	652446	PASS	A/A	A/A	22		A	22	agree
SRR23343451	AL_Shangrila	1134	primary	2	652445	PASS	A/A	A/A	22		A	22	agree
SRR23343451	AL_Shangrila	1134	primary	3	652444	PASS	A/A	A/A	26		A	26	agree
SRR23343452	AL_Shangrila	254	primary	1	656082	PASS	G/G	G/G	29		G	29	agree
SRR23343452	AL_Shangrila	254	primary	2	656081	PASS	A/A	A/A	28		A	28	agree
SRR23343452	AL_Shangrila	254	primary	3	656080	PASS	A/A	A/A	26		A	26	agree
SRR23343452	AL_Shangrila	452	within_species_comparison	1	655180	PASS	T/T	T/T	51		T	51	agree
SRR23343452	AL_Shangrila	452	within_species_comparison	2	655179	PASS	G/G	G/G	49		G	49	agree
SRR23343452	AL_Shangrila	452	within_species_comparison	3	655178	PASS	T/T	T/T	49		T	49	agree
SRR23343452	AL_Shangrila	474	secondary	1	655114	PASS	G/G	G/G	45		G	45	agree
SRR23343452	AL_Shangrila	474	secondary	2	655113	PASS	T/T	T/T	44		T	44	agree
SRR23343452	AL_Shangrila	474	secondary	3	655112	PASS	T/T	T/T	40		T	40	agree
SRR23343452	AL_Shangrila	549	primary	1	654770	PASS	A/A	A/A	32		A	32	agree
SRR23343452	AL_Shangrila	549	primary	2	654769	PASS	A/A	A/A	34		A	34	agree
SRR23343452	AL_Shangrila	549	primary	3	654768	PASS	C/C	C/C	32		C	32	agree
SRR23343452	AL_Shangrila	717	secondary	1	654111	PASS	C/C	C/C	31		C	31	agree
SRR23343452	AL_Shangrila	717	secondary	2	654110	PASS	G/G	G/G	37		G	37	agree
SRR23343452	AL_Shangrila	717	secondary	3	654109	PASS	A/A	A/A	34		A	34	agree
SRR23343452	AL_Shangrila	727	secondary	1	653986	PASS	C/C	C/C	44		C	44	agree
SRR23343452	AL_Shangrila	727	secondary	2	653985	PASS	G/G	G/G	43		G	43	agree
SRR23343452	AL_Shangrila	727	secondary	3	653984	PASS	A/A	A/A	45		A	45	agree
SRR23343452	AL_Shangrila	766	secondary	1	653869	PASS	G/G	G/G	37		G	37	agree
SRR23343452	AL_Shangrila	766	secondary	2	653868	PASS	A/A	A/A	36		A	36	agree
SRR23343452	AL_Shangrila	766	secondary	3	653867	PASS	G/G	G/G	35		G	35	agree
SRR23343452	AL_Shangrila	822	within_species_comparison	1	653625	PASS	T/T	T/T	36		T	36	agree
SRR23343452	AL_Shangrila	822	within_species_comparison	2	653624	PASS	A/A	A/A	39		A	39	agree
SRR23343452	AL_Shangrila	822	within_species_comparison	3	653623	PASS	T/T	T/T	36		T	36	agree
SRR23343452	AL_Shangrila	1134	primary	1	652446	PASS	A/A	A/A	35		A	35	agree
SRR23343452	AL_Shangrila	1134	primary	2	652445	PASS	A/A	A/A	38		A	38	agree
SRR23343452	AL_Shangrila	1134	primary	3	652444	PASS	A/A	A/A	39		A	39	agree
SRR23343453	AL_Shangrila	254	primary	1	656082	PASS	G/G	G/G	13		G	13	agree
SRR23343453	AL_Shangrila	254	primary	2	656081	PASS	A/A	A/A	12		A	12	agree
SRR23343453	AL_Shangrila	254	primary	3	656080	PASS	A/A	A/A	13		A	13	agree
SRR23343453	AL_Shangrila	452	within_species_comparison	1	655180	PASS	T/T	T/T	14		T	14	agree
SRR23343453	AL_Shangrila	452	within_species_comparison	2	655179	PASS	G/G	G/G	15		G	15	agree
SRR23343453	AL_Shangrila	452	within_species_comparison	3	655178	PASS	T/T	T/T	15		T	15	agree
SRR23343453	AL_Shangrila	474	secondary	1	655114	PASS	G/G	G/G	18		G	18	agree
SRR23343453	AL_Shangrila	474	secondary	2	655113	PASS	T/T	T/T	19		T	19	agree
SRR23343453	AL_Shangrila	474	secondary	3	655112	PASS	T/T	T/T	17		T	17	agree
SRR23343453	AL_Shangrila	549	primary	1	654770	PASS	A/A	A/A	18		A	18	agree
SRR23343453	AL_Shangrila	549	primary	2	654769	PASS	A/A	A/A	18		A	18	agree
SRR23343453	AL_Shangrila	549	primary	3	654768	PASS	C/C	C/C	17		C	17	agree
SRR23343453	AL_Shangrila	717	secondary	1	654111	PASS	C/C	C/C	22		C	22	agree
SRR23343453	AL_Shangrila	717	secondary	2	654110	PASS	G/G	G/G	21		G	21	agree
SRR23343453	AL_Shangrila	717	secondary	3	654109	PASS	A/A	A/A	20		A	20	agree
SRR23343453	AL_Shangrila	727	secondary	1	653986	low_depth;low_genotype_quality	C/C	C/C	10		C	10	codon_call_filtered
SRR23343453	AL_Shangrila	727	secondary	2	653985	low_depth;low_genotype_quality	G/G	G/G	9		G	9	codon_call_filtered
SRR23343453	AL_Shangrila	727	secondary	3	653984	low_depth;low_genotype_quality	A/A	A/A	10		A	10	codon_call_filtered
SRR23343453	AL_Shangrila	766	secondary	1	653869	PASS	G/G	G/G	19		G	19	agree
SRR23343453	AL_Shangrila	766	secondary	2	653868	PASS	A/A	A/A	19		A	19	agree
SRR23343453	AL_Shangrila	766	secondary	3	653867	PASS	G/G	G/G	19		G	19	agree
SRR23343453	AL_Shangrila	822	within_species_comparison	1	653625	PASS	T/T	T/T	21		T	21	agree
SRR23343453	AL_Shangrila	822	within_species_comparison	2	653624	PASS	A/A	A/A	22		A	22	agree
SRR23343453	AL_Shangrila	822	within_species_comparison	3	653623	PASS	T/T	T/T	21		T	21	agree
SRR23343453	AL_Shangrila	1134	primary	1	652446	PASS	A/A	A/A	23		A	23	agree
SRR23343453	AL_Shangrila	1134	primary	2	652445	PASS	A/A	A/A	23		A	23	agree
SRR23343453	AL_Shangrila	1134	primary	3	652444	PASS	A/A	A/A	25		A	25	agree
SRR23343454	AL_Shangrila	254	primary	1	656082	PASS	G/G	G/G	32		G	32	agree
SRR23343454	AL_Shangrila	254	primary	2	656081	PASS	A/A	A/A	32		A	32	agree
SRR23343454	AL_Shangrila	254	primary	3	656080	PASS	A/A	A/A	36		A	36	agree
SRR23343454	AL_Shangrila	452	within_species_comparison	1	655180	PASS	T/T	T/T	34		T	34	agree
SRR23343454	AL_Shangrila	452	within_species_comparison	2	655179	PASS	G/G	G/G	33		G	33	agree
SRR23343454	AL_Shangrila	452	within_species_comparison	3	655178	PASS	T/T	T/T	34		T	34	agree
SRR23343454	AL_Shangrila	474	secondary	1	655114	PASS	G/G	G/G	32		G	32	agree
SRR23343454	AL_Shangrila	474	secondary	2	655113	PASS	T/T	T/T	33		T	33	agree
SRR23343454	AL_Shangrila	474	secondary	3	655112	PASS	T/T	T/T	26		T	26	agree
SRR23343454	AL_Shangrila	549	primary	1	654770	PASS	A/A	A/A	28		A	28	agree
SRR23343454	AL_Shangrila	549	primary	2	654769	PASS	A/A	A/A	28		A	28	agree
SRR23343454	AL_Shangrila	549	primary	3	654768	PASS	C/C	C/C	26		C	26	agree
SRR23343454	AL_Shangrila	717	secondary	1	654111	PASS	C/C	C/C	29		C	29	agree
SRR23343454	AL_Shangrila	717	secondary	2	654110	PASS	G/G	G/G	29		G	29	agree
SRR23343454	AL_Shangrila	717	secondary	3	654109	PASS	A/A	A/A	30		A	30	agree
SRR23343454	AL_Shangrila	727	secondary	1	653986	PASS	C/C	C/C	20		C	20	agree
SRR23343454	AL_Shangrila	727	secondary	2	653985	PASS	G/G	G/G	21		G	21	agree
SRR23343454	AL_Shangrila	727	secondary	3	653984	PASS	A/A	A/A	20		A	20	agree
SRR23343454	AL_Shangrila	766	secondary	1	653869	PASS	G/G	G/G	18		G	18	agree
SRR23343454	AL_Shangrila	766	secondary	2	653868	PASS	A/A	A/A	18		A	18	agree
SRR23343454	AL_Shangrila	766	secondary	3	653867	PASS	G/G	G/G	17		G	17	agree
SRR23343454	AL_Shangrila	822	within_species_comparison	1	653625	PASS	T/T	T/T	27		T	27	agree
SRR23343454	AL_Shangrila	822	within_species_comparison	2	653624	PASS	A/A	A/A	32		A	32	agree
SRR23343454	AL_Shangrila	822	within_species_comparison	3	653623	PASS	T/T	T/T	32		T	32	agree
SRR23343454	AL_Shangrila	1134	primary	1	652446	PASS	A/A	A/A	27		A	27	agree
SRR23343454	AL_Shangrila	1134	primary	2	652445	PASS	A/A	A/A	25		A	25	agree
SRR23343454	AL_Shangrila	1134	primary	3	652444	PASS	A/A	A/A	29		A	29	agree
SRR23343455	AL_Shangrila	254	primary	1	656082	low_depth;low_genotype_quality;one_strand_only	G/G	G/G	3		G	3	codon_call_filtered
SRR23343455	AL_Shangrila	254	primary	2	656081	low_depth;low_genotype_quality;one_strand_only	A/A	A/A	3		A	3	codon_call_filtered
SRR23343455	AL_Shangrila	254	primary	3	656080	low_depth;low_genotype_quality;one_strand_only	A/A	A/A	3		A	3	codon_call_filtered
SRR23343455	AL_Shangrila	452	within_species_comparison	1	655180	low_depth;heterozygote_balance	T/T	T/T	6		T	6	codon_call_filtered
SRR23343455	AL_Shangrila	452	within_species_comparison	2	655179	low_depth;heterozygote_balance	C/G	C/G	4	67	G,C	2,2	codon_call_filtered
SRR23343455	AL_Shangrila	452	within_species_comparison	3	655178	low_depth;heterozygote_balance	T/T	T/T	6		T	6	codon_call_filtered
SRR23343455	AL_Shangrila	474	secondary	1	655114	low_depth;low_genotype_quality	G/G	G/G	3		G	3	codon_call_filtered
SRR23343455	AL_Shangrila	474	secondary	2	655113	low_depth;low_genotype_quality	T/T	T/T	4		T	4	codon_call_filtered
SRR23343455	AL_Shangrila	474	secondary	3	655112	low_depth;low_genotype_quality	T/T	T/T	4		T	4	codon_call_filtered
SRR23343455	AL_Shangrila	549	primary	1	654770	low_depth;low_genotype_quality	A/A	A/A	7		A	7	codon_call_filtered
SRR23343455	AL_Shangrila	549	primary	2	654769	low_depth;low_genotype_quality	A/A	A/A	7		A	7	codon_call_filtered
SRR23343455	AL_Shangrila	549	primary	3	654768	low_depth;low_genotype_quality	C/C	C/C	7		C	7	codon_call_filtered
SRR23343455	AL_Shangrila	717	secondary	1	654111	low_depth;low_genotype_quality;one_strand_only	C/C	C/C	1		C	1	codon_call_filtered
SRR23343455	AL_Shangrila	717	secondary	2	654110	low_depth;low_genotype_quality;one_strand_only	G/G	G/G	1		G	1	codon_call_filtered
SRR23343455	AL_Shangrila	717	secondary	3	654109	low_depth;low_genotype_quality;one_strand_only	A/A	A/A	1		A	1	codon_call_filtered
SRR23343455	AL_Shangrila	727	secondary	1	653986	low_depth;low_genotype_quality	C/C	C/C	5		C	5	codon_call_filtered
SRR23343455	AL_Shangrila	727	secondary	2	653985	low_depth;low_genotype_quality	G/G	G/G	5		G	5	codon_call_filtered
SRR23343455	AL_Shangrila	727	secondary	3	653984	low_depth;low_genotype_quality	A/A	A/A	5		A	5	codon_call_filtered
SRR23343455	AL_Shangrila	766	secondary	1	653869	low_depth;low_genotype_quality;one_strand_only	G/G	G/G	6		G	6	codon_call_filtered
SRR23343455	AL_Shangrila	766	secondary	2	653868	low_depth;low_genotype_quality;one_strand_only	A/A	A/A	7		A	7	codon_call_filtered
SRR23343455	AL_Shangrila	766	secondary	3	653867	low_depth;low_genotype_quality;one_strand_only	G/G	G/G	7		G	7	codon_call_filtered
SRR23343455	AL_Shangrila	822	within_species_comparison	1	653625	low_depth;low_genotype_quality;one_strand_only	T/T	T/T	1		T	1	codon_call_filtered
SRR23343455	AL_Shangrila	822	within_species_comparison	2	653624	low_depth;low_genotype_quality;one_strand_only	A/A	A/A	1		A	1	codon_call_filtered
SRR23343455	AL_Shangrila	822	within_species_comparison	3	653623	low_depth;low_genotype_quality;one_strand_only	T/T	T/T	1		T	1	codon_call_filtered
SRR23343455	AL_Shangrila	1134	primary	1	652446	low_depth;low_genotype_quality	A/A	A/A	2		A	2	codon_call_filtered
SRR23343455	AL_Shangrila	1134	primary	2	652445	low_depth;low_genotype_quality	A/A	A/A	3		A	3	codon_call_filtered
SRR23343455	AL_Shangrila	1134	primary	3	652444	low_depth;low_genotype_quality	A/A	A/A	2		A	2	codon_call_filtered
SRR23343456	AL_Shangrila	254	primary	1	656082	PASS	G/G	G/G	26		G	26	agree
SRR23343456	AL_Shangrila	254	primary	2	656081	PASS	A/A	A/A	27		A	27	agree
SRR23343456	AL_Shangrila	254	primary	3	656080	PASS	A/A	A/A	29		A	29	agree
SRR23343456	AL_Shangrila	452	within_species_comparison	1	655180	PASS	T/T	T/T	23		T	23	agree
SRR23343456	AL_Shangrila	452	within_species_comparison	2	655179	PASS	C/G	C/G	26	127	G,C	19,7	agree
SRR23343456	AL_Shangrila	452	within_species_comparison	3	655178	PASS	T/T	T/T	25		T	25	agree
SRR23343456	AL_Shangrila	474	secondary	1	655114	PASS	G/G	G/G	26		G	26	agree
SRR23343456	AL_Shangrila	474	secondary	2	655113	PASS	T/T	T/T	26		T	26	agree
SRR23343456	AL_Shangrila	474	secondary	3	655112	PASS	T/T	T/T	24		T	24	agree
SRR23343456	AL_Shangrila	549	primary	1	654770	PASS	A/A	A/A	25		A	25	agree
SRR23343456	AL_Shangrila	549	primary	2	654769	PASS	A/A	A/A	25		A	25	agree
SRR23343456	AL_Shangrila	549	primary	3	654768	PASS	C/C	C/C	24		C	24	agree
SRR23343456	AL_Shangrila	717	secondary	1	654111	PASS	C/C	C/C	26		C	26	agree
SRR23343456	AL_Shangrila	717	secondary	2	654110	PASS	G/G	G/G	26		G	26	agree
SRR23343456	AL_Shangrila	717	secondary	3	654109	PASS	A/A	A/A	27		A	27	agree
SRR23343456	AL_Shangrila	727	secondary	1	653986	PASS	C/C	C/C	30		C	30	agree
SRR23343456	AL_Shangrila	727	secondary	2	653985	PASS	G/G	G/G	25		G	25	agree
SRR23343456	AL_Shangrila	727	secondary	3	653984	PASS	A/A	A/A	30		A	30	agree
SRR23343456	AL_Shangrila	766	secondary	1	653869	PASS	G/G	G/G	40		G	40	agree
SRR23343456	AL_Shangrila	766	secondary	2	653868	PASS	A/A	A/A	40		A	40	agree
SRR23343456	AL_Shangrila	766	secondary	3	653867	PASS	G/G	G/G	38		G	38	agree
SRR23343456	AL_Shangrila	822	within_species_comparison	1	653625	PASS	T/T	T/T	40		T	40	agree
SRR23343456	AL_Shangrila	822	within_species_comparison	2	653624	PASS	A/A	A/A	41		A	41	agree
SRR23343456	AL_Shangrila	822	within_species_comparison	3	653623	PASS	T/T	T/T	41		T	41	agree
SRR23343456	AL_Shangrila	1134	primary	1	652446	PASS	A/A	A/A	28		A	28	agree
SRR23343456	AL_Shangrila	1134	primary	2	652445	PASS	A/A	A/A	31		A	31	agree
SRR23343456	AL_Shangrila	1134	primary	3	652444	PASS	A/A	A/A	32		A	32	agree
SRR23343457	AL_Shangrila	254	primary	1	656082	PASS	G/G	G/G	32		G	32	agree
SRR23343457	AL_Shangrila	254	primary	2	656081	PASS	A/A	A/A	31		A	31	agree
SRR23343457	AL_Shangrila	254	primary	3	656080	PASS	A/A	A/A	35		A	35	agree
SRR23343457	AL_Shangrila	452	within_species_comparison	1	655180	PASS	T/T	T/T	37		T	37	agree
SRR23343457	AL_Shangrila	452	within_species_comparison	2	655179	PASS	G/G	G/G	38		G	38	agree
SRR23343457	AL_Shangrila	452	within_species_comparison	3	655178	PASS	T/T	T/T	36		T	36	agree
SRR23343457	AL_Shangrila	474	secondary	1	655114	PASS	G/G	G/G	31		G	31	agree
SRR23343457	AL_Shangrila	474	secondary	2	655113	PASS	T/T	T/T	29		T	29	agree
SRR23343457	AL_Shangrila	474	secondary	3	655112	PASS	T/T	T/T	30		T	30	agree
SRR23343457	AL_Shangrila	549	primary	1	654770	PASS	A/A	A/A	36		A	36	agree
SRR23343457	AL_Shangrila	549	primary	2	654769	PASS	A/A	A/A	37		A	37	agree
SRR23343457	AL_Shangrila	549	primary	3	654768	PASS	C/C	C/C	35		C	35	agree
SRR23343457	AL_Shangrila	717	secondary	1	654111	PASS	C/C	C/C	19		C	19	agree
SRR23343457	AL_Shangrila	717	secondary	2	654110	PASS	G/G	G/G	20		G	20	agree
SRR23343457	AL_Shangrila	717	secondary	3	654109	PASS	A/A	A/A	20		A	20	agree
SRR23343457	AL_Shangrila	727	secondary	1	653986	PASS	C/C	C/C	27		C	27	agree
SRR23343457	AL_Shangrila	727	secondary	2	653985	PASS	G/G	G/G	27		G	27	agree
SRR23343457	AL_Shangrila	727	secondary	3	653984	PASS	A/A	A/A	29		A	29	agree
SRR23343457	AL_Shangrila	766	secondary	1	653869	PASS	G/G	G/G	38		G	38	agree
SRR23343457	AL_Shangrila	766	secondary	2	653868	PASS	A/A	A/A	38		A	38	agree
SRR23343457	AL_Shangrila	766	secondary	3	653867	PASS	G/G	G/G	37		G	37	agree
SRR23343457	AL_Shangrila	822	within_species_comparison	1	653625	PASS	T/T	T/T	35		T	35	agree
SRR23343457	AL_Shangrila	822	within_species_comparison	2	653624	PASS	A/A	A/A	34		A	34	agree
SRR23343457	AL_Shangrila	822	within_species_comparison	3	653623	PASS	T/T	T/T	33		T	33	agree
SRR23343457	AL_Shangrila	1134	primary	1	652446	PASS	A/A	A/A	34		A	34	agree
SRR23343457	AL_Shangrila	1134	primary	2	652445	PASS	A/A	A/A	33		A	33	agree
SRR23343457	AL_Shangrila	1134	primary	3	652444	PASS	A/A	A/A	36		A	36	agree
SRR23343458	AL_Shangrila	254	primary	1	656082	PASS	G/G	G/G	34		G	34	agree
SRR23343458	AL_Shangrila	254	primary	2	656081	PASS	A/A	A/A	35		A	35	agree
SRR23343458	AL_Shangrila	254	primary	3	656080	PASS	A/A	A/A	36		A	36	agree
SRR23343458	AL_Shangrila	452	within_species_comparison	1	655180	PASS	T/T	T/T	49		T	49	agree
SRR23343458	AL_Shangrila	452	within_species_comparison	2	655179	PASS	G/G	G/G	51		G	51	agree
SRR23343458	AL_Shangrila	452	within_species_comparison	3	655178	PASS	T/T	T/T	53		T	53	agree
SRR23343458	AL_Shangrila	474	secondary	1	655114	PASS	G/G	G/G	42		G	42	agree
SRR23343458	AL_Shangrila	474	secondary	2	655113	PASS	T/T	T/T	45		T	45	agree
SRR23343458	AL_Shangrila	474	secondary	3	655112	PASS	T/T	T/T	42		T	42	agree
SRR23343458	AL_Shangrila	549	primary	1	654770	PASS	A/A	A/A	38		A	38	agree
SRR23343458	AL_Shangrila	549	primary	2	654769	PASS	A/A	A/A	41		A	41	agree
SRR23343458	AL_Shangrila	549	primary	3	654768	PASS	C/C	C/C	38		C	38	agree
SRR23343458	AL_Shangrila	717	secondary	1	654111	PASS	C/C	C/C	26		C	26	agree
SRR23343458	AL_Shangrila	717	secondary	2	654110	PASS	G/G	G/G	26		G	26	agree
SRR23343458	AL_Shangrila	717	secondary	3	654109	PASS	A/A	A/A	26		A	26	agree
SRR23343458	AL_Shangrila	727	secondary	1	653986	PASS	C/C	C/C	27		C	27	agree
SRR23343458	AL_Shangrila	727	secondary	2	653985	PASS	G/G	G/G	27		G	27	agree
SRR23343458	AL_Shangrila	727	secondary	3	653984	PASS	A/A	A/A	28		A	28	agree
SRR23343458	AL_Shangrila	766	secondary	1	653869	PASS	G/G	G/G	42		G	42	agree
SRR23343458	AL_Shangrila	766	secondary	2	653868	PASS	A/A	A/A	44		A	44	agree
SRR23343458	AL_Shangrila	766	secondary	3	653867	PASS	G/G	G/G	45		G	45	agree
SRR23343458	AL_Shangrila	822	within_species_comparison	1	653625	PASS	T/T	T/T	45		T	45	agree
SRR23343458	AL_Shangrila	822	within_species_comparison	2	653624	PASS	A/A	A/A	43		A	43	agree
SRR23343458	AL_Shangrila	822	within_species_comparison	3	653623	PASS	T/T	T/T	45		T	45	agree
SRR23343458	AL_Shangrila	1134	primary	1	652446	PASS	A/A	A/A	39		A	39	agree
SRR23343458	AL_Shangrila	1134	primary	2	652445	PASS	A/A	A/A	41		A	41	agree
SRR23343458	AL_Shangrila	1134	primary	3	652444	PASS	A/A	A/A	41		A	41	agree
SRR23343459	AL_Shangrila	254	primary	1	656082	PASS	G/G	G/G	22		G	22	agree
SRR23343459	AL_Shangrila	254	primary	2	656081	PASS	A/A	A/A	21		A	21	agree
SRR23343459	AL_Shangrila	254	primary	3	656080	PASS	A/A	A/A	21		A	21	agree
SRR23343459	AL_Shangrila	452	within_species_comparison	1	655180	PASS	T/T	T/T	24		T	24	agree
SRR23343459	AL_Shangrila	452	within_species_comparison	2	655179	PASS	G/G	G/G	22		G	22	agree
SRR23343459	AL_Shangrila	452	within_species_comparison	3	655178	PASS	T/T	T/T	27		T	27	agree
SRR23343459	AL_Shangrila	474	secondary	1	655114	PASS	G/G	G/G	22		G	22	agree
SRR23343459	AL_Shangrila	474	secondary	2	655113	PASS	T/T	T/T	25		T	25	agree
SRR23343459	AL_Shangrila	474	secondary	3	655112	PASS	T/T	T/T	25		T	25	agree
SRR23343459	AL_Shangrila	549	primary	1	654770	PASS	A/A	A/A	24		A	24	agree
SRR23343459	AL_Shangrila	549	primary	2	654769	PASS	A/A	A/A	24		A	24	agree
SRR23343459	AL_Shangrila	549	primary	3	654768	PASS	C/C	C/C	25		C	25	agree
SRR23343459	AL_Shangrila	717	secondary	1	654111	PASS	C/C	C/C	10		C	10	agree
SRR23343459	AL_Shangrila	717	secondary	2	654110	PASS	G/G	G/G	10		G	10	agree
SRR23343459	AL_Shangrila	717	secondary	3	654109	PASS	A/A	A/A	12		A	12	agree
SRR23343459	AL_Shangrila	727	secondary	1	653986	PASS	C/C	C/C	20		C	20	agree
SRR23343459	AL_Shangrila	727	secondary	2	653985	PASS	G/G	G/G	23		G	23	agree
SRR23343459	AL_Shangrila	727	secondary	3	653984	PASS	A/A	A/A	24		A	24	agree
SRR23343459	AL_Shangrila	766	secondary	1	653869	PASS	G/G	G/G	27		G	27	agree
SRR23343459	AL_Shangrila	766	secondary	2	653868	PASS	A/A	A/A	27		A	27	agree
SRR23343459	AL_Shangrila	766	secondary	3	653867	PASS	G/G	G/G	26		G	26	agree
SRR23343459	AL_Shangrila	822	within_species_comparison	1	653625	PASS	T/T	T/T	28		T	28	agree
SRR23343459	AL_Shangrila	822	within_species_comparison	2	653624	PASS	A/A	A/A	27		A	27	agree
SRR23343459	AL_Shangrila	822	within_species_comparison	3	653623	PASS	T/T	T/T	28		T	28	agree
SRR23343459	AL_Shangrila	1134	primary	1	652446	PASS	A/A	A/A	22		A	22	agree
SRR23343459	AL_Shangrila	1134	primary	2	652445	PASS	A/A	A/A	21		A	21	agree
SRR23343459	AL_Shangrila	1134	primary	3	652444	PASS	A/A	A/A	22		A	22	agree
SRR23343460	AL_Shangrila	254	primary	1	656082	PASS	A/A	A/A	28	127	G,A	0,28	agree
SRR23343460	AL_Shangrila	254	primary	2	656081	PASS	A/A	A/A	25		A	25	agree
SRR23343460	AL_Shangrila	254	primary	3	656080	PASS	A/A	A/A	30		A	30	agree
SRR23343460	AL_Shangrila	452	within_species_comparison	1	655180	PASS	T/T	T/T	29		T	29	agree
SRR23343460	AL_Shangrila	452	within_species_comparison	2	655179	PASS	G/G	G/G	33		G	33	agree
SRR23343460	AL_Shangrila	452	within_species_comparison	3	655178	PASS	C/C	C/C	32	127	T,C	0,32	agree
SRR23343460	AL_Shangrila	474	secondary	1	655114	PASS	T/T	T/T	34	127	G,T	0,34	agree
SRR23343460	AL_Shangrila	474	secondary	2	655113	PASS	T/T	T/T	33		T	33	agree
SRR23343460	AL_Shangrila	474	secondary	3	655112	PASS	T/T	T/T	31		T	31	agree
SRR23343460	AL_Shangrila	549	primary	1	654770	low_genotype_quality	A/A	A/A	20		A	20	codon_call_filtered
SRR23343460	AL_Shangrila	549	primary	2	654769	low_genotype_quality	A/A	A/A	19		A	19	codon_call_filtered
SRR23343460	AL_Shangrila	549	primary	3	654768	low_genotype_quality	A/A	A/A	21	127	C,A	1,20	codon_call_filtered
SRR23343460	AL_Shangrila	717	secondary	1	654111	PASS	T/T	T/T	22	127	C,T	0,22	agree
SRR23343460	AL_Shangrila	717	secondary	2	654110	PASS	G/G	G/G	18		G	18	agree
SRR23343460	AL_Shangrila	717	secondary	3	654109	PASS	A/A	A/A	24		A	24	agree
SRR23343460	AL_Shangrila	727	secondary	1	653986	PASS	C/C	C/C	21		C	21	agree
SRR23343460	AL_Shangrila	727	secondary	2	653985	PASS	A/A	A/A	23	127	G,A	0,23	agree
SRR23343460	AL_Shangrila	727	secondary	3	653984	PASS	A/A	A/A	25		A	25	agree
SRR23343460	AL_Shangrila	766	secondary	1	653869	PASS	A/A	A/A	27	127	G,A	0,27	agree
SRR23343460	AL_Shangrila	766	secondary	2	653868	PASS	A/A	A/A	30		A	30	agree
SRR23343460	AL_Shangrila	766	secondary	3	653867	PASS	A/A	A/A	28	127	G,A	0,28	agree
SRR23343460	AL_Shangrila	822	within_species_comparison	1	653625	PASS	T/T	T/T	31		T	31	agree
SRR23343460	AL_Shangrila	822	within_species_comparison	2	653624	PASS	A/A	A/A	35		A	35	agree
SRR23343460	AL_Shangrila	822	within_species_comparison	3	653623	PASS	T/T	T/T	32		T	32	agree
SRR23343460	AL_Shangrila	1134	primary	1	652446	PASS	G/G	G/G	46	127	A,G	0,46	agree
SRR23343460	AL_Shangrila	1134	primary	2	652445	PASS	A/A	A/A	42		A	42	agree
SRR23343460	AL_Shangrila	1134	primary	3	652444	PASS	A/A	A/A	47		A	47	agree
SRR23343461	AL_Shangrila	254	primary	1	656082	PASS	G/G	G/G	31		G	31	agree
SRR23343461	AL_Shangrila	254	primary	2	656081	PASS	A/A	A/A	35		A	35	agree
SRR23343461	AL_Shangrila	254	primary	3	656080	PASS	A/A	A/A	36		A	36	agree
SRR23343461	AL_Shangrila	452	within_species_comparison	1	655180	PASS	T/T	T/T	32		T	32	agree
SRR23343461	AL_Shangrila	452	within_species_comparison	2	655179	PASS	C/C	C/C	32	127	G,C	0,32	agree
SRR23343461	AL_Shangrila	452	within_species_comparison	3	655178	PASS	T/T	T/T	32		T	32	agree
SRR23343461	AL_Shangrila	474	secondary	1	655114	PASS	G/G	G/G	34		G	34	agree
SRR23343461	AL_Shangrila	474	secondary	2	655113	PASS	T/T	T/T	33		T	33	agree
SRR23343461	AL_Shangrila	474	secondary	3	655112	PASS	T/T	T/T	32		T	32	agree
SRR23343461	AL_Shangrila	549	primary	1	654770	PASS	A/A	A/A	21		A	21	agree
SRR23343461	AL_Shangrila	549	primary	2	654769	PASS	A/A	A/A	23		A	23	agree
SRR23343461	AL_Shangrila	549	primary	3	654768	PASS	C/C	C/C	25		C	25	agree
SRR23343461	AL_Shangrila	717	secondary	1	654111	PASS	C/C	C/C	20		C	20	agree
SRR23343461	AL_Shangrila	717	secondary	2	654110	PASS	G/G	G/G	21		G	21	agree
SRR23343461	AL_Shangrila	717	secondary	3	654109	PASS	A/A	A/A	18		A	18	agree
SRR23343461	AL_Shangrila	727	secondary	1	653986	PASS	C/C	C/C	34		C	34	agree
SRR23343461	AL_Shangrila	727	secondary	2	653985	PASS	G/G	G/G	32		G	32	agree
SRR23343461	AL_Shangrila	727	secondary	3	653984	PASS	A/A	A/A	31		A	31	agree
SRR23343461	AL_Shangrila	766	secondary	1	653869	PASS	G/G	G/G	36		G	36	agree
SRR23343461	AL_Shangrila	766	secondary	2	653868	PASS	A/A	A/A	33		A	33	agree
SRR23343461	AL_Shangrila	766	secondary	3	653867	PASS	G/G	G/G	35		G	35	agree
SRR23343461	AL_Shangrila	822	within_species_comparison	1	653625	PASS	T/T	T/T	37		T	37	agree
SRR23343461	AL_Shangrila	822	within_species_comparison	2	653624	PASS	A/A	A/A	37		A	37	agree
SRR23343461	AL_Shangrila	822	within_species_comparison	3	653623	PASS	T/T	T/T	35		T	35	agree
SRR23343461	AL_Shangrila	1134	primary	1	652446	PASS	A/A	A/A	34		A	34	agree
SRR23343461	AL_Shangrila	1134	primary	2	652445	PASS	A/A	A/A	34		A	34	agree
SRR23343461	AL_Shangrila	1134	primary	3	652444	PASS	A/A	A/A	34		A	34	agree
SRR23343462	AL_Shangrila	254	primary	1	656082	PASS	G/G	G/G	45		G	45	agree
SRR23343462	AL_Shangrila	254	primary	2	656081	PASS	A/A	A/A	44		A	44	agree
SRR23343462	AL_Shangrila	254	primary	3	656080	PASS	A/A	A/A	44		A	44	agree
SRR23343462	AL_Shangrila	452	within_species_comparison	1	655180	PASS	T/T	T/T	50		T	50	agree
SRR23343462	AL_Shangrila	452	within_species_comparison	2	655179	PASS	C/G	C/G	52	127	G,C	27,25	agree
SRR23343462	AL_Shangrila	452	within_species_comparison	3	655178	PASS	T/T	T/T	52		T	52	agree
SRR23343462	AL_Shangrila	474	secondary	1	655114	PASS	G/G	G/G	61		G	61	agree
SRR23343462	AL_Shangrila	474	secondary	2	655113	PASS	T/T	T/T	63		T	63	agree
SRR23343462	AL_Shangrila	474	secondary	3	655112	PASS	T/T	T/T	61		T	61	agree
SRR23343462	AL_Shangrila	549	primary	1	654770	PASS	A/A	A/A	33		A	33	agree
SRR23343462	AL_Shangrila	549	primary	2	654769	PASS	A/A	A/A	32		A	32	agree
SRR23343462	AL_Shangrila	549	primary	3	654768	PASS	C/C	C/C	30		C	30	agree
SRR23343462	AL_Shangrila	717	secondary	1	654111	PASS	C/C	C/C	44		C	44	agree
SRR23343462	AL_Shangrila	717	secondary	2	654110	PASS	G/G	G/G	41		G	41	agree
SRR23343462	AL_Shangrila	717	secondary	3	654109	PASS	A/A	A/A	41		A	41	agree
SRR23343462	AL_Shangrila	727	secondary	1	653986	PASS	C/C	C/C	37		C	37	agree
SRR23343462	AL_Shangrila	727	secondary	2	653985	PASS	G/G	G/G	37		G	37	agree
SRR23343462	AL_Shangrila	727	secondary	3	653984	PASS	A/A	A/A	39		A	39	agree
SRR23343462	AL_Shangrila	766	secondary	1	653869	PASS	G/G	G/G	50		G	50	agree
SRR23343462	AL_Shangrila	766	secondary	2	653868	PASS	A/A	A/A	51		A	51	agree
SRR23343462	AL_Shangrila	766	secondary	3	653867	PASS	G/G	G/G	51		G	51	agree
SRR23343462	AL_Shangrila	822	within_species_comparison	1	653625	PASS	T/T	T/T	58		T	58	agree
SRR23343462	AL_Shangrila	822	within_species_comparison	2	653624	PASS	A/A	A/A	57		A	57	agree
SRR23343462	AL_Shangrila	822	within_species_comparison	3	653623	PASS	T/T	T/T	58		T	58	agree
SRR23343462	AL_Shangrila	1134	primary	1	652446	PASS	A/A	A/A	48		A	48	agree
SRR23343462	AL_Shangrila	1134	primary	2	652445	PASS	A/A	A/A	47		A	47	agree
SRR23343462	AL_Shangrila	1134	primary	3	652444	PASS	A/A	A/A	47		A	47	agree
SRR23343463	AL_Shangrila	254	primary	1	656082	PASS	G/G	G/G	27		G	27	agree
SRR23343463	AL_Shangrila	254	primary	2	656081	PASS	A/A	A/A	28		A	28	agree
SRR23343463	AL_Shangrila	254	primary	3	656080	PASS	A/A	A/A	29		A	29	agree
SRR23343463	AL_Shangrila	452	within_species_comparison	1	655180	PASS	T/T	T/T	46		T	46	agree
SRR23343463	AL_Shangrila	452	within_species_comparison	2	655179	PASS	G/G	G/G	45		G	45	agree
SRR23343463	AL_Shangrila	452	within_species_comparison	3	655178	PASS	T/T	T/T	44		T	44	agree
SRR23343463	AL_Shangrila	474	secondary	1	655114	PASS	G/G	G/G	40		G	40	agree
SRR23343463	AL_Shangrila	474	secondary	2	655113	PASS	T/T	T/T	42		T	42	agree
SRR23343463	AL_Shangrila	474	secondary	3	655112	PASS	T/T	T/T	39		T	39	agree
SRR23343463	AL_Shangrila	549	primary	1	654770	PASS	A/A	A/A	28		A	28	agree
SRR23343463	AL_Shangrila	549	primary	2	654769	PASS	A/A	A/A	32		A	32	agree
SRR23343463	AL_Shangrila	549	primary	3	654768	PASS	C/C	C/C	31		C	31	agree
SRR23343463	AL_Shangrila	717	secondary	1	654111	PASS	C/C	C/C	18		C	18	agree
SRR23343463	AL_Shangrila	717	secondary	2	654110	PASS	G/G	G/G	17		G	17	agree
SRR23343463	AL_Shangrila	717	secondary	3	654109	PASS	A/A	A/A	17		A	17	agree
SRR23343463	AL_Shangrila	727	secondary	1	653986	PASS	C/C	C/C	27		C	27	agree
SRR23343463	AL_Shangrila	727	secondary	2	653985	PASS	G/G	G/G	27		G	27	agree
SRR23343463	AL_Shangrila	727	secondary	3	653984	PASS	A/A	A/A	25		A	24	agree
SRR23343463	AL_Shangrila	766	secondary	1	653869	PASS	G/G	G/G	36		G	36	agree
SRR23343463	AL_Shangrila	766	secondary	2	653868	PASS	A/A	A/A	38		A	38	agree
SRR23343463	AL_Shangrila	766	secondary	3	653867	PASS	G/G	G/G	38		G	38	agree
SRR23343463	AL_Shangrila	822	within_species_comparison	1	653625	PASS	T/T	T/T	42		T	42	agree
SRR23343463	AL_Shangrila	822	within_species_comparison	2	653624	PASS	A/A	A/A	42		A	42	agree
SRR23343463	AL_Shangrila	822	within_species_comparison	3	653623	PASS	T/T	T/T	39		T	39	agree
SRR23343463	AL_Shangrila	1134	primary	1	652446	PASS	A/A	A/A	37		A	37	agree
SRR23343463	AL_Shangrila	1134	primary	2	652445	PASS	A/A	A/A	33		A	33	agree
SRR23343463	AL_Shangrila	1134	primary	3	652444	PASS	A/A	A/A	36		A	36	agree
SRR23343464	AL_Shangrila	254	primary	1	656082	PASS	G/G	G/G	25		G	25	agree
SRR23343464	AL_Shangrila	254	primary	2	656081	PASS	A/A	A/A	27		A	27	agree
SRR23343464	AL_Shangrila	254	primary	3	656080	PASS	A/A	A/A	29		A	29	agree
SRR23343464	AL_Shangrila	452	within_species_comparison	1	655180	PASS	T/T	T/T	32		T	32	agree
SRR23343464	AL_Shangrila	452	within_species_comparison	2	655179	PASS	G/G	G/G	31		G	31	agree
SRR23343464	AL_Shangrila	452	within_species_comparison	3	655178	PASS	T/T	T/T	32		T	32	agree
SRR23343464	AL_Shangrila	474	secondary	1	655114	PASS	G/G	G/G	27		G	27	agree
SRR23343464	AL_Shangrila	474	secondary	2	655113	PASS	T/T	T/T	31		T	31	agree
SRR23343464	AL_Shangrila	474	secondary	3	655112	PASS	T/T	T/T	29		T	29	agree
SRR23343464	AL_Shangrila	549	primary	1	654770	PASS	A/A	A/A	29		A	29	agree
SRR23343464	AL_Shangrila	549	primary	2	654769	PASS	A/A	A/A	31		A	31	agree
SRR23343464	AL_Shangrila	549	primary	3	654768	PASS	C/C	C/C	30		C	30	agree
SRR23343464	AL_Shangrila	717	secondary	1	654111	PASS	C/C	C/C	19		C	19	agree
SRR23343464	AL_Shangrila	717	secondary	2	654110	PASS	G/G	G/G	17		G	17	agree
SRR23343464	AL_Shangrila	717	secondary	3	654109	PASS	A/A	A/A	19		A	19	agree
SRR23343464	AL_Shangrila	727	secondary	1	653986	PASS	C/C	C/C	31		C	31	agree
SRR23343464	AL_Shangrila	727	secondary	2	653985	PASS	G/G	G/G	31		G	31	agree
SRR23343464	AL_Shangrila	727	secondary	3	653984	PASS	A/A	A/A	35		A	35	agree
SRR23343464	AL_Shangrila	766	secondary	1	653869	PASS	G/G	G/G	35		G	35	agree
SRR23343464	AL_Shangrila	766	secondary	2	653868	PASS	A/A	A/A	37		A	37	agree
SRR23343464	AL_Shangrila	766	secondary	3	653867	PASS	G/G	G/G	36		G	36	agree
SRR23343464	AL_Shangrila	822	within_species_comparison	1	653625	PASS	T/T	T/T	45		T	45	agree
SRR23343464	AL_Shangrila	822	within_species_comparison	2	653624	PASS	A/A	A/A	44		A	44	agree
SRR23343464	AL_Shangrila	822	within_species_comparison	3	653623	PASS	T/T	T/T	45		T	45	agree
SRR23343464	AL_Shangrila	1134	primary	1	652446	PASS	A/A	A/A	32		A	32	agree
SRR23343464	AL_Shangrila	1134	primary	2	652445	PASS	A/A	A/A	32		A	32	agree
SRR23343464	AL_Shangrila	1134	primary	3	652444	PASS	A/A	A/A	35		A	35	agree
SRR23343465	AL_Shangrila	254	primary	1	656082	PASS	G/G	G/G	13		G	13	agree
SRR23343465	AL_Shangrila	254	primary	2	656081	PASS	A/A	A/A	16		A	16	agree
SRR23343465	AL_Shangrila	254	primary	3	656080	PASS	A/A	A/A	15		A	15	agree
SRR23343465	AL_Shangrila	452	within_species_comparison	1	655180	low_depth;low_genotype_quality	T/T	T/T	14		T	14	codon_call_filtered
SRR23343465	AL_Shangrila	452	within_species_comparison	2	655179	low_depth;low_genotype_quality	G/G	G/G	11		G	11	codon_call_filtered
SRR23343465	AL_Shangrila	452	within_species_comparison	3	655178	low_depth;low_genotype_quality	T/T	T/T	12		T	12	codon_call_filtered
SRR23343465	AL_Shangrila	474	secondary	1	655114	PASS	G/G	G/G	24		G	24	agree
SRR23343465	AL_Shangrila	474	secondary	2	655113	PASS	T/T	T/T	22		T	22	agree
SRR23343465	AL_Shangrila	474	secondary	3	655112	PASS	T/T	T/T	23		T	23	agree
SRR23343465	AL_Shangrila	549	primary	1	654770	PASS	A/A	A/A	25		A	25	agree
SRR23343465	AL_Shangrila	549	primary	2	654769	PASS	A/A	A/A	25		A	25	agree
SRR23343465	AL_Shangrila	549	primary	3	654768	PASS	C/C	C/C	25		C	25	agree
SRR23343465	AL_Shangrila	717	secondary	1	654111	PASS	C/C	C/C	23		C	23	agree
SRR23343465	AL_Shangrila	717	secondary	2	654110	PASS	G/G	G/G	19		G	19	agree
SRR23343465	AL_Shangrila	717	secondary	3	654109	PASS	A/A	A/A	18		A	18	agree
SRR23343465	AL_Shangrila	727	secondary	1	653986	PASS	C/C	C/C	22		C	22	agree
SRR23343465	AL_Shangrila	727	secondary	2	653985	PASS	G/G	G/G	19		G	19	agree
SRR23343465	AL_Shangrila	727	secondary	3	653984	PASS	A/A	A/A	23		A	23	agree
SRR23343465	AL_Shangrila	766	secondary	1	653869	PASS	G/G	G/G	19		G	19	agree
SRR23343465	AL_Shangrila	766	secondary	2	653868	PASS	A/A	A/A	15		A	15	agree
SRR23343465	AL_Shangrila	766	secondary	3	653867	PASS	G/G	G/G	18		G	18	agree
SRR23343465	AL_Shangrila	822	within_species_comparison	1	653625	PASS	T/T	T/T	28		T	28	agree
SRR23343465	AL_Shangrila	822	within_species_comparison	2	653624	PASS	A/A	A/A	27		A	27	agree
SRR23343465	AL_Shangrila	822	within_species_comparison	3	653623	PASS	T/T	T/T	25		T	25	agree
SRR23343465	AL_Shangrila	1134	primary	1	652446	PASS	A/A	A/A	17		A	17	agree
SRR23343465	AL_Shangrila	1134	primary	2	652445	PASS	A/A	A/A	21		A	21	agree
SRR23343465	AL_Shangrila	1134	primary	3	652444	PASS	A/A	A/A	20		A	20	agree
SRR23343466	AL_Shangrila	254	primary	1	656082	PASS	G/G	G/G	31		G	31	agree
SRR23343466	AL_Shangrila	254	primary	2	656081	PASS	A/A	A/A	31		A	31	agree
SRR23343466	AL_Shangrila	254	primary	3	656080	PASS	A/A	A/A	33		A	33	agree
SRR23343466	AL_Shangrila	452	within_species_comparison	1	655180	PASS	T/T	T/T	24		T	24	agree
SRR23343466	AL_Shangrila	452	within_species_comparison	2	655179	PASS	G/G	G/G	24		G	24	agree
SRR23343466	AL_Shangrila	452	within_species_comparison	3	655178	PASS	T/T	T/T	27		T	27	agree
SRR23343466	AL_Shangrila	474	secondary	1	655114	PASS	G/G	G/G	32		G	32	agree
SRR23343466	AL_Shangrila	474	secondary	2	655113	PASS	T/T	T/T	30		T	30	agree
SRR23343466	AL_Shangrila	474	secondary	3	655112	PASS	T/T	T/T	27		T	27	agree
SRR23343466	AL_Shangrila	549	primary	1	654770	PASS	A/A	A/A	24		A	24	agree
SRR23343466	AL_Shangrila	549	primary	2	654769	PASS	A/A	A/A	26		A	26	agree
SRR23343466	AL_Shangrila	549	primary	3	654768	PASS	C/C	C/C	26		C	26	agree
SRR23343466	AL_Shangrila	717	secondary	1	654111	PASS	C/C	C/C	23		C	23	agree
SRR23343466	AL_Shangrila	717	secondary	2	654110	PASS	G/G	G/G	24		G	24	agree
SRR23343466	AL_Shangrila	717	secondary	3	654109	PASS	A/A	A/A	25		A	25	agree
SRR23343466	AL_Shangrila	727	secondary	1	653986	PASS	C/C	C/C	20		C	20	agree
SRR23343466	AL_Shangrila	727	secondary	2	653985	PASS	G/G	G/G	18		G	18	agree
SRR23343466	AL_Shangrila	727	secondary	3	653984	PASS	A/A	A/A	20		A	20	agree
SRR23343466	AL_Shangrila	766	secondary	1	653869	PASS	G/G	G/G	21		G	21	agree
SRR23343466	AL_Shangrila	766	secondary	2	653868	PASS	A/A	A/A	22		A	22	agree
SRR23343466	AL_Shangrila	766	secondary	3	653867	PASS	G/G	G/G	21		G	21	agree
SRR23343466	AL_Shangrila	822	within_species_comparison	1	653625	PASS	T/T	T/T	19		T	19	agree
SRR23343466	AL_Shangrila	822	within_species_comparison	2	653624	PASS	A/A	A/A	19		A	19	agree
SRR23343466	AL_Shangrila	822	within_species_comparison	3	653623	PASS	T/T	T/T	19		T	19	agree
SRR23343466	AL_Shangrila	1134	primary	1	652446	PASS	A/A	A/A	35		A	35	agree
SRR23343466	AL_Shangrila	1134	primary	2	652445	PASS	A/A	A/A	35		A	35	agree
SRR23343466	AL_Shangrila	1134	primary	3	652444	PASS	A/A	A/A	33		A	33	agree
SRR23343467	AL_Shangrila	254	primary	1	656082	PASS	G/G	G/G	33		G	33	agree
SRR23343467	AL_Shangrila	254	primary	2	656081	PASS	A/A	A/A	33		A	33	agree
SRR23343467	AL_Shangrila	254	primary	3	656080	PASS	A/A	A/A	37		A	37	agree
SRR23343467	AL_Shangrila	452	within_species_comparison	1	655180	PASS	T/T	T/T	41		T	41	agree
SRR23343467	AL_Shangrila	452	within_species_comparison	2	655179	PASS	G/G	G/G	41		G	41	agree
SRR23343467	AL_Shangrila	452	within_species_comparison	3	655178	PASS	T/T	T/T	42		T	42	agree
SRR23343467	AL_Shangrila	474	secondary	1	655114	PASS	G/G	G/G	37		G	37	agree
SRR23343467	AL_Shangrila	474	secondary	2	655113	PASS	T/T	T/T	35		T	35	agree
SRR23343467	AL_Shangrila	474	secondary	3	655112	PASS	T/T	T/T	34		T	34	agree
SRR23343467	AL_Shangrila	549	primary	1	654770	PASS	A/A	A/A	28		A	28	agree
SRR23343467	AL_Shangrila	549	primary	2	654769	PASS	A/A	A/A	29		A	29	agree
SRR23343467	AL_Shangrila	549	primary	3	654768	PASS	C/C	C/C	32		C	32	agree
SRR23343467	AL_Shangrila	717	secondary	1	654111	PASS	C/C	C/C	22		C	22	agree
SRR23343467	AL_Shangrila	717	secondary	2	654110	PASS	G/G	G/G	20		G	20	agree
SRR23343467	AL_Shangrila	717	secondary	3	654109	PASS	A/A	A/A	22		A	22	agree
SRR23343467	AL_Shangrila	727	secondary	1	653986	PASS	C/C	C/C	20		C	20	agree
SRR23343467	AL_Shangrila	727	secondary	2	653985	PASS	G/G	G/G	18		G	18	agree
SRR23343467	AL_Shangrila	727	secondary	3	653984	PASS	A/A	A/A	24		A	24	agree
SRR23343467	AL_Shangrila	766	secondary	1	653869	PASS	G/G	G/G	25		G	25	agree
SRR23343467	AL_Shangrila	766	secondary	2	653868	PASS	A/A	A/A	24		A	24	agree
SRR23343467	AL_Shangrila	766	secondary	3	653867	PASS	G/G	G/G	23		G	23	agree
SRR23343467	AL_Shangrila	822	within_species_comparison	1	653625	PASS	T/T	T/T	27		T	27	agree
SRR23343467	AL_Shangrila	822	within_species_comparison	2	653624	PASS	A/A	A/A	29		A	29	agree
SRR23343467	AL_Shangrila	822	within_species_comparison	3	653623	PASS	T/T	T/T	25		T	25	agree
SRR23343467	AL_Shangrila	1134	primary	1	652446	PASS	A/A	A/A	44		A	44	agree
SRR23343467	AL_Shangrila	1134	primary	2	652445	PASS	A/A	A/A	43		A	43	agree
SRR23343467	AL_Shangrila	1134	primary	3	652444	PASS	A/A	A/A	46		A	46	agree
SRR23343468	AL_Shangrila	254	primary	1	656082	PASS	G/G	G/G	27		G	27	agree
SRR23343468	AL_Shangrila	254	primary	2	656081	PASS	A/A	A/A	29		A	29	agree
SRR23343468	AL_Shangrila	254	primary	3	656080	PASS	A/A	A/A	31		A	31	agree
SRR23343468	AL_Shangrila	452	within_species_comparison	1	655180	PASS	T/T	T/T	36		T	36	agree
SRR23343468	AL_Shangrila	452	within_species_comparison	2	655179	PASS	G/G	G/G	36		G	36	agree
SRR23343468	AL_Shangrila	452	within_species_comparison	3	655178	PASS	T/T	T/T	37		T	37	agree
SRR23343468	AL_Shangrila	474	secondary	1	655114	PASS	G/G	G/G	39		G	39	agree
SRR23343468	AL_Shangrila	474	secondary	2	655113	PASS	T/T	T/T	39		T	39	agree
SRR23343468	AL_Shangrila	474	secondary	3	655112	PASS	T/T	T/T	38		T	38	agree
SRR23343468	AL_Shangrila	549	primary	1	654770	PASS	A/A	A/A	22		A	22	agree
SRR23343468	AL_Shangrila	549	primary	2	654769	PASS	A/A	A/A	20		A	20	agree
SRR23343468	AL_Shangrila	549	primary	3	654768	PASS	C/C	C/C	20		C	20	agree
SRR23343468	AL_Shangrila	717	secondary	1	654111	PASS	C/C	C/C	28		C	28	agree
SRR23343468	AL_Shangrila	717	secondary	2	654110	PASS	G/G	G/G	23		G	23	agree
SRR23343468	AL_Shangrila	717	secondary	3	654109	PASS	A/A	A/A	29		A	29	agree
SRR23343468	AL_Shangrila	727	secondary	1	653986	PASS	C/C	C/C	28		C	28	agree
SRR23343468	AL_Shangrila	727	secondary	2	653985	PASS	G/G	G/G	28		G	28	agree
SRR23343468	AL_Shangrila	727	secondary	3	653984	PASS	A/A	A/A	30		A	30	agree
SRR23343468	AL_Shangrila	766	secondary	1	653869	PASS	G/G	G/G	32		G	32	agree
SRR23343468	AL_Shangrila	766	secondary	2	653868	PASS	A/A	A/A	35		A	35	agree
SRR23343468	AL_Shangrila	766	secondary	3	653867	PASS	G/G	G/G	33		G	33	agree
SRR23343468	AL_Shangrila	822	within_species_comparison	1	653625	PASS	T/T	T/T	31		T	31	agree
SRR23343468	AL_Shangrila	822	within_species_comparison	2	653624	PASS	A/A	A/A	30		A	30	agree
SRR23343468	AL_Shangrila	822	within_species_comparison	3	653623	PASS	T/T	T/T	32		T	32	agree
SRR23343468	AL_Shangrila	1134	primary	1	652446	PASS	A/A	A/A	49		A	49	agree
SRR23343468	AL_Shangrila	1134	primary	2	652445	PASS	A/A	A/A	45		A	45	agree
SRR23343468	AL_Shangrila	1134	primary	3	652444	PASS	A/A	A/A	50		A	50	agree
SRR23343469	AL_Shangrila	254	primary	1	656082	PASS	G/G	G/G	19		G	19	agree
SRR23343469	AL_Shangrila	254	primary	2	656081	PASS	A/A	A/A	23		A	23	agree
SRR23343469	AL_Shangrila	254	primary	3	656080	PASS	A/A	A/A	22		A	22	agree
SRR23343469	AL_Shangrila	452	within_species_comparison	1	655180	PASS	T/T	T/T	36		T	36	agree
SRR23343469	AL_Shangrila	452	within_species_comparison	2	655179	PASS	G/G	G/G	34		G	34	agree
SRR23343469	AL_Shangrila	452	within_species_comparison	3	655178	PASS	T/T	T/T	38		T	38	agree
SRR23343469	AL_Shangrila	474	secondary	1	655114	PASS	G/G	G/G	37		G	37	agree
SRR23343469	AL_Shangrila	474	secondary	2	655113	PASS	T/T	T/T	37		T	37	agree
SRR23343469	AL_Shangrila	474	secondary	3	655112	PASS	T/T	T/T	34		T	34	agree
SRR23343469	AL_Shangrila	549	primary	1	654770	PASS	A/A	A/A	26		A	26	agree
SRR23343469	AL_Shangrila	549	primary	2	654769	PASS	A/A	A/A	27		A	27	agree
SRR23343469	AL_Shangrila	549	primary	3	654768	PASS	C/C	C/C	29		C	29	agree
SRR23343469	AL_Shangrila	717	secondary	1	654111	PASS	C/C	C/C	26		C	26	agree
SRR23343469	AL_Shangrila	717	secondary	2	654110	PASS	G/G	G/G	21		G	21	agree
SRR23343469	AL_Shangrila	717	secondary	3	654109	PASS	A/A	A/A	24		A	24	agree
SRR23343469	AL_Shangrila	727	secondary	1	653986	PASS	C/C	C/C	32		C	32	agree
SRR23343469	AL_Shangrila	727	secondary	2	653985	PASS	G/G	G/G	29		G	29	agree
SRR23343469	AL_Shangrila	727	secondary	3	653984	PASS	A/A	A/A	31		A	31	agree
SRR23343469	AL_Shangrila	766	secondary	1	653869	PASS	G/G	G/G	27		G	27	agree
SRR23343469	AL_Shangrila	766	secondary	2	653868	PASS	A/A	A/A	29		A	29	agree
SRR23343469	AL_Shangrila	766	secondary	3	653867	PASS	G/G	G/G	28		G	28	agree
SRR23343469	AL_Shangrila	822	within_species_comparison	1	653625	PASS	T/T	T/T	36		T	36	agree
SRR23343469	AL_Shangrila	822	within_species_comparison	2	653624	PASS	A/A	A/A	36		A	36	agree
SRR23343469	AL_Shangrila	822	within_species_comparison	3	653623	PASS	T/T	T/T	37		T	37	agree
SRR23343469	AL_Shangrila	1134	primary	1	652446	PASS	A/A	A/A	30		A	30	agree
SRR23343469	AL_Shangrila	1134	primary	2	652445	PASS	A/A	A/A	35		A	35	agree
SRR23343469	AL_Shangrila	1134	primary	3	652444	PASS	A/A	A/A	34		A	34	agree
SRR23343470	AL_Shangrila	254	primary	1	656082	PASS	G/G	G/G	25		G	25	agree
SRR23343470	AL_Shangrila	254	primary	2	656081	PASS	A/A	A/A	22		A	22	agree
SRR23343470	AL_Shangrila	254	primary	3	656080	PASS	A/A	A/A	22		A	22	agree
SRR23343470	AL_Shangrila	452	within_species_comparison	1	655180	PASS	T/T	T/T	20		T	20	agree
SRR23343470	AL_Shangrila	452	within_species_comparison	2	655179	PASS	G/G	G/G	22		G	22	agree
SRR23343470	AL_Shangrila	452	within_species_comparison	3	655178	PASS	T/T	T/T	22		T	22	agree
SRR23343470	AL_Shangrila	474	secondary	1	655114	PASS	G/G	G/G	22		G	22	agree
SRR23343470	AL_Shangrila	474	secondary	2	655113	PASS	T/T	T/T	23		T	23	agree
SRR23343470	AL_Shangrila	474	secondary	3	655112	PASS	T/T	T/T	24		T	24	agree
SRR23343470	AL_Shangrila	549	primary	1	654770	PASS	A/A	A/A	26		A	26	agree
SRR23343470	AL_Shangrila	549	primary	2	654769	PASS	A/A	A/A	26		A	26	agree
SRR23343470	AL_Shangrila	549	primary	3	654768	PASS	C/C	C/C	28		C	28	agree
SRR23343470	AL_Shangrila	717	secondary	1	654111	PASS	C/C	C/C	14		C	14	agree
SRR23343470	AL_Shangrila	717	secondary	2	654110	PASS	G/G	G/G	14		G	14	agree
SRR23343470	AL_Shangrila	717	secondary	3	654109	PASS	A/A	A/A	17		A	17	agree
SRR23343470	AL_Shangrila	727	secondary	1	653986	PASS	C/C	C/C	20		C	20	agree
SRR23343470	AL_Shangrila	727	secondary	2	653985	PASS	G/G	G/G	18		G	18	agree
SRR23343470	AL_Shangrila	727	secondary	3	653984	PASS	A/A	A/A	20		A	20	agree
SRR23343470	AL_Shangrila	766	secondary	1	653869	low_genotype_quality;heterozygote_balance	A/G	G/G	23		G	22	codon_call_filtered
SRR23343470	AL_Shangrila	766	secondary	2	653868	low_genotype_quality;heterozygote_balance	A/A	A/A	23		A	23	codon_call_filtered
SRR23343470	AL_Shangrila	766	secondary	3	653867	low_genotype_quality;heterozygote_balance	A/G	G/G	21		G	20	codon_call_filtered
SRR23343470	AL_Shangrila	822	within_species_comparison	1	653625	PASS	T/T	T/T	25		T	25	agree
SRR23343470	AL_Shangrila	822	within_species_comparison	2	653624	PASS	A/A	A/A	27		A	27	agree
SRR23343470	AL_Shangrila	822	within_species_comparison	3	653623	PASS	T/T	T/T	27		T	27	agree
SRR23343470	AL_Shangrila	1134	primary	1	652446	PASS	A/A	A/A	24		A	24	agree
SRR23343470	AL_Shangrila	1134	primary	2	652445	PASS	A/A	A/A	25		A	25	agree
SRR23343470	AL_Shangrila	1134	primary	3	652444	PASS	A/A	A/A	26		A	26	agree
SRR23343471	AL_Shangrila	254	primary	1	656082	PASS	A/A	A/A	19	127	G,A	0,19	agree
SRR23343471	AL_Shangrila	254	primary	2	656081	PASS	A/A	A/A	21		A	21	agree
SRR23343471	AL_Shangrila	254	primary	3	656080	PASS	A/A	A/A	22		A	22	agree
SRR23343471	AL_Shangrila	452	within_species_comparison	1	655180	PASS	T/T	T/T	27		T	27	agree
SRR23343471	AL_Shangrila	452	within_species_comparison	2	655179	PASS	G/G	G/G	26		G	26	agree
SRR23343471	AL_Shangrila	452	within_species_comparison	3	655178	PASS	C/C	C/C	25	127	T,C	0,25	agree
SRR23343471	AL_Shangrila	474	secondary	1	655114	PASS	T/T	T/T	21	127	G,T	0,21	agree
SRR23343471	AL_Shangrila	474	secondary	2	655113	PASS	T/T	T/T	21		T	21	agree
SRR23343471	AL_Shangrila	474	secondary	3	655112	PASS	T/T	T/T	21		T	21	agree
SRR23343471	AL_Shangrila	549	primary	1	654770	PASS	A/A	A/A	13		A	13	agree
SRR23343471	AL_Shangrila	549	primary	2	654769	PASS	A/A	A/A	18		A	18	agree
SRR23343471	AL_Shangrila	549	primary	3	654768	PASS	A/A	A/A	18	127	C,A	0,18	agree
SRR23343471	AL_Shangrila	717	secondary	1	654111	PASS	T/T	T/T	21	127	C,T	0,21	agree
SRR23343471	AL_Shangrila	717	secondary	2	654110	PASS	G/G	G/G	19		G	19	agree
SRR23343471	AL_Shangrila	717	secondary	3	654109	PASS	A/A	A/A	21		A	21	agree
SRR23343471	AL_Shangrila	727	secondary	1	653986	PASS	C/C	C/C	31		C	31	agree
SRR23343471	AL_Shangrila	727	secondary	2	653985	PASS	A/A	A/A	31	127	G,A	0,31	agree
SRR23343471	AL_Shangrila	727	secondary	3	653984	PASS	A/A	A/A	31		A	31	agree
SRR23343471	AL_Shangrila	766	secondary	1	653869	PASS	A/A	A/A	21	127	G,A	0,21	agree
SRR23343471	AL_Shangrila	766	secondary	2	653868	PASS	A/A	A/A	26		A	26	agree
SRR23343471	AL_Shangrila	766	secondary	3	653867	PASS	A/A	A/A	23	127	G,A	0,23	agree
SRR23343471	AL_Shangrila	822	within_species_comparison	1	653625	PASS	T/T	T/T	28		T	28	agree
SRR23343471	AL_Shangrila	822	within_species_comparison	2	653624	PASS	A/A	A/A	27		A	27	agree
SRR23343471	AL_Shangrila	822	within_species_comparison	3	653623	PASS	T/T	T/T	26		T	26	agree
SRR23343471	AL_Shangrila	1134	primary	1	652446	PASS	G/G	G/G	39	127	A,G	0,39	agree
SRR23343471	AL_Shangrila	1134	primary	2	652445	PASS	A/A	A/A	38		A	38	agree
SRR23343471	AL_Shangrila	1134	primary	3	652444	PASS	A/A	A/A	43		A	43	agree
SRR23343472	AL_Shangrila	254	primary	1	656082	PASS	G/G	G/G	23		G	23	agree
SRR23343472	AL_Shangrila	254	primary	2	656081	PASS	A/A	A/A	26		A	26	agree
SRR23343472	AL_Shangrila	254	primary	3	656080	PASS	A/A	A/A	27		A	27	agree
SRR23343472	AL_Shangrila	452	within_species_comparison	1	655180	PASS	T/T	T/T	33		T	33	agree
SRR23343472	AL_Shangrila	452	within_species_comparison	2	655179	PASS	G/G	G/G	32		G	32	agree
SRR23343472	AL_Shangrila	452	within_species_comparison	3	655178	PASS	T/T	T/T	33		T	33	agree
SRR23343472	AL_Shangrila	474	secondary	1	655114	PASS	G/G	G/G	23		G	23	agree
SRR23343472	AL_Shangrila	474	secondary	2	655113	PASS	T/T	T/T	24		T	24	agree
SRR23343472	AL_Shangrila	474	secondary	3	655112	PASS	T/T	T/T	19		T	19	agree
SRR23343472	AL_Shangrila	549	primary	1	654770	PASS	A/A	A/A	20		A	20	agree
SRR23343472	AL_Shangrila	549	primary	2	654769	PASS	A/A	A/A	20		A	20	agree
SRR23343472	AL_Shangrila	549	primary	3	654768	PASS	C/C	C/C	21		C	21	agree
SRR23343472	AL_Shangrila	717	secondary	1	654111	PASS	C/C	C/C	32		C	32	agree
SRR23343472	AL_Shangrila	717	secondary	2	654110	PASS	G/G	G/G	31		G	31	agree
SRR23343472	AL_Shangrila	717	secondary	3	654109	PASS	A/A	A/A	30		A	30	agree
SRR23343472	AL_Shangrila	727	secondary	1	653986	PASS	C/C	C/C	33		C	33	agree
SRR23343472	AL_Shangrila	727	secondary	2	653985	PASS	G/G	G/G	37		G	37	agree
SRR23343472	AL_Shangrila	727	secondary	3	653984	PASS	A/A	A/A	37		A	37	agree
SRR23343472	AL_Shangrila	766	secondary	1	653869	PASS	G/G	G/G	36		G	36	agree
SRR23343472	AL_Shangrila	766	secondary	2	653868	PASS	A/A	A/A	34		A	34	agree
SRR23343472	AL_Shangrila	766	secondary	3	653867	PASS	G/G	G/G	33		G	33	agree
SRR23343472	AL_Shangrila	822	within_species_comparison	1	653625	PASS	T/T	T/T	25		T	25	agree
SRR23343472	AL_Shangrila	822	within_species_comparison	2	653624	PASS	A/A	A/A	25		A	25	agree
SRR23343472	AL_Shangrila	822	within_species_comparison	3	653623	PASS	T/T	T/T	25		T	25	agree
SRR23343472	AL_Shangrila	1134	primary	1	652446	PASS	A/A	A/A	33		A	33	agree
SRR23343472	AL_Shangrila	1134	primary	2	652445	PASS	A/A	A/A	36		A	36	agree
SRR23343472	AL_Shangrila	1134	primary	3	652444	PASS	A/A	A/A	37		A	37	agree
SRR23343473	AL_Shangrila	254	primary	1	656082	PASS	G/G	G/G	51		G	51	agree
SRR23343473	AL_Shangrila	254	primary	2	656081	PASS	A/A	A/A	51		A	51	agree
SRR23343473	AL_Shangrila	254	primary	3	656080	PASS	A/A	A/A	50		A	50	agree
SRR23343473	AL_Shangrila	452	within_species_comparison	1	655180	PASS	T/T	T/T	63		T	63	agree
SRR23343473	AL_Shangrila	452	within_species_comparison	2	655179	PASS	G/G	G/G	66		G	66	agree
SRR23343473	AL_Shangrila	452	within_species_comparison	3	655178	PASS	T/T	T/T	65		T	65	agree
SRR23343473	AL_Shangrila	474	secondary	1	655114	PASS	G/G	G/G	77		G	77	agree
SRR23343473	AL_Shangrila	474	secondary	2	655113	PASS	T/T	T/T	72		T	72	agree
SRR23343473	AL_Shangrila	474	secondary	3	655112	PASS	T/T	T/T	70		T	70	agree
SRR23343473	AL_Shangrila	549	primary	1	654770	PASS	A/A	A/A	61		A	61	agree
SRR23343473	AL_Shangrila	549	primary	2	654769	PASS	A/A	A/A	66		A	66	agree
SRR23343473	AL_Shangrila	549	primary	3	654768	PASS	C/C	C/C	61		C	61	agree
SRR23343473	AL_Shangrila	717	secondary	1	654111	PASS	C/C	C/C	53		C	53	agree
SRR23343473	AL_Shangrila	717	secondary	2	654110	PASS	G/G	G/G	50		G	50	agree
SRR23343473	AL_Shangrila	717	secondary	3	654109	PASS	A/A	A/A	56		A	56	agree
SRR23343473	AL_Shangrila	727	secondary	1	653986	PASS	C/C	C/C	53		C	53	agree
SRR23343473	AL_Shangrila	727	secondary	2	653985	PASS	G/G	G/G	58		G	58	agree
SRR23343473	AL_Shangrila	727	secondary	3	653984	PASS	A/A	A/A	57		A	57	agree
SRR23343473	AL_Shangrila	766	secondary	1	653869	PASS	G/G	G/G	63		G	63	agree
SRR23343473	AL_Shangrila	766	secondary	2	653868	PASS	A/A	A/A	66		A	66	agree
SRR23343473	AL_Shangrila	766	secondary	3	653867	PASS	G/G	G/G	58		G	58	agree
SRR23343473	AL_Shangrila	822	within_species_comparison	1	653625	PASS	T/T	T/T	69		T	69	agree
SRR23343473	AL_Shangrila	822	within_species_comparison	2	653624	PASS	A/A	A/A	72		A	72	agree
SRR23343473	AL_Shangrila	822	within_species_comparison	3	653623	PASS	T/T	T/T	70		T	70	agree
SRR23343473	AL_Shangrila	1134	primary	1	652446	PASS	A/A	A/A	67		A	67	agree
SRR23343473	AL_Shangrila	1134	primary	2	652445	PASS	A/A	A/A	64		A	64	agree
SRR23343473	AL_Shangrila	1134	primary	3	652444	PASS	A/A	A/A	68		A	68	agree
SRR23343474	AL_Shangrila	254	primary	1	656082	PASS	A/A	A/A	18	127	G,A	0,18	agree
SRR23343474	AL_Shangrila	254	primary	2	656081	PASS	A/A	A/A	21		A	21	agree
SRR23343474	AL_Shangrila	254	primary	3	656080	PASS	A/A	A/A	20		A	20	agree
SRR23343474	AL_Shangrila	452	within_species_comparison	1	655180	PASS	T/T	T/T	30		T	30	agree
SRR23343474	AL_Shangrila	452	within_species_comparison	2	655179	PASS	G/G	G/G	30		G	30	agree
SRR23343474	AL_Shangrila	452	within_species_comparison	3	655178	PASS	C/C	C/C	31	127	T,C	0,31	agree
SRR23343474	AL_Shangrila	474	secondary	1	655114	PASS	T/T	T/T	29	127	G,T	0,29	agree
SRR23343474	AL_Shangrila	474	secondary	2	655113	PASS	T/T	T/T	26		T	26	agree
SRR23343474	AL_Shangrila	474	secondary	3	655112	PASS	T/T	T/T	29		T	29	agree
SRR23343474	AL_Shangrila	549	primary	1	654770	PASS	A/A	A/A	16		A	16	agree
SRR23343474	AL_Shangrila	549	primary	2	654769	PASS	A/A	A/A	19		A	19	agree
SRR23343474	AL_Shangrila	549	primary	3	654768	PASS	A/A	A/A	18	127	C,A	0,18	agree
SRR23343474	AL_Shangrila	717	secondary	1	654111	PASS	T/T	T/T	20	127	C,T	0,20	agree
SRR23343474	AL_Shangrila	717	secondary	2	654110	PASS	G/G	G/G	18		G	18	agree
SRR23343474	AL_Shangrila	717	secondary	3	654109	PASS	A/A	A/A	19		A	19	agree
SRR23343474	AL_Shangrila	727	secondary	1	653986	PASS	C/C	C/C	24		C	24	agree
SRR23343474	AL_Shangrila	727	secondary	2	653985	PASS	A/A	A/A	18	127	G,A	0,18	agree
SRR23343474	AL_Shangrila	727	secondary	3	653984	PASS	A/A	A/A	26		A	26	agree
SRR23343474	AL_Shangrila	766	secondary	1	653869	PASS	A/A	A/A	29	127	G,A	0,29	agree
SRR23343474	AL_Shangrila	766	secondary	2	653868	PASS	A/A	A/A	27		A	27	agree
SRR23343474	AL_Shangrila	766	secondary	3	653867	PASS	A/A	A/A	25	127	G,A	0,25	agree
SRR23343474	AL_Shangrila	822	within_species_comparison	1	653625	PASS	T/T	T/T	34		T	34	agree
SRR23343474	AL_Shangrila	822	within_species_comparison	2	653624	PASS	A/A	A/A	35		A	35	agree
SRR23343474	AL_Shangrila	822	within_species_comparison	3	653623	PASS	T/T	T/T	35		T	35	agree
SRR23343474	AL_Shangrila	1134	primary	1	652446	PASS	G/G	G/G	32	127	A,G	0,32	agree
SRR23343474	AL_Shangrila	1134	primary	2	652445	PASS	A/A	A/A	33		A	33	agree
SRR23343474	AL_Shangrila	1134	primary	3	652444	PASS	A/A	A/A	32		A	32	agree
SRR23343475	AL_Shangrila	254	primary	1	656082	PASS	A/A	A/A	40	127	G,A	0,40	agree
SRR23343475	AL_Shangrila	254	primary	2	656081	PASS	A/A	A/A	41		A	41	agree
SRR23343475	AL_Shangrila	254	primary	3	656080	PASS	A/A	A/A	43		A	43	agree
SRR23343475	AL_Shangrila	452	within_species_comparison	1	655180	PASS	T/T	T/T	40		T	40	agree
SRR23343475	AL_Shangrila	452	within_species_comparison	2	655179	PASS	G/G	G/G	38		G	38	agree
SRR23343475	AL_Shangrila	452	within_species_comparison	3	655178	PASS	C/C	C/C	36	127	T,C	0,36	agree
SRR23343475	AL_Shangrila	474	secondary	1	655114	PASS	T/T	T/T	39	127	G,T	0,39	agree
SRR23343475	AL_Shangrila	474	secondary	2	655113	PASS	T/T	T/T	38		T	38	agree
SRR23343475	AL_Shangrila	474	secondary	3	655112	PASS	T/T	T/T	34		T	34	agree
SRR23343475	AL_Shangrila	549	primary	1	654770	PASS	A/A	A/A	19		A	19	agree
SRR23343475	AL_Shangrila	549	primary	2	654769	PASS	A/A	A/A	20		A	20	agree
SRR23343475	AL_Shangrila	549	primary	3	654768	PASS	A/A	A/A	22	127	C,A	0,22	agree
SRR23343475	AL_Shangrila	717	secondary	1	654111	PASS	T/T	T/T	35	127	C,T	0,35	agree
SRR23343475	AL_Shangrila	717	secondary	2	654110	PASS	G/G	G/G	30		G	30	agree
SRR23343475	AL_Shangrila	717	secondary	3	654109	PASS	A/A	A/A	36		A	36	agree
SRR23343475	AL_Shangrila	727	secondary	1	653986	PASS	C/C	C/C	13		C	13	agree
SRR23343475	AL_Shangrila	727	secondary	2	653985	PASS	A/A	A/A	14	127	G,A	0,14	agree
SRR23343475	AL_Shangrila	727	secondary	3	653984	PASS	A/A	A/A	16		A	16	agree
SRR23343475	AL_Shangrila	766	secondary	1	653869	PASS	A/A	A/A	26	127	G,A	0,26	agree
SRR23343475	AL_Shangrila	766	secondary	2	653868	PASS	A/A	A/A	25		A	25	agree
SRR23343475	AL_Shangrila	766	secondary	3	653867	PASS	A/A	A/A	26	127	G,A	0,26	agree
SRR23343475	AL_Shangrila	822	within_species_comparison	1	653625	PASS	T/T	T/T	37		T	37	agree
SRR23343475	AL_Shangrila	822	within_species_comparison	2	653624	PASS	A/A	A/A	37		A	37	agree
SRR23343475	AL_Shangrila	822	within_species_comparison	3	653623	PASS	T/T	T/T	36		T	36	agree
SRR23343475	AL_Shangrila	1134	primary	1	652446	PASS	G/G	G/G	32	127	A,G	0,32	agree
SRR23343475	AL_Shangrila	1134	primary	2	652445	PASS	A/A	A/A	29		A	29	agree
SRR23343475	AL_Shangrila	1134	primary	3	652444	PASS	A/A	A/A	28		A	28	agree
SRR23343476	AL_Shangrila	254	primary	1	656082	low_genotype_quality	A/A	A/A	19	127	G,A	0,19	codon_call_filtered
SRR23343476	AL_Shangrila	254	primary	2	656081	low_genotype_quality	A/A	A/A	17		A	17	codon_call_filtered
SRR23343476	AL_Shangrila	254	primary	3	656080	low_genotype_quality	A/A	A/A	18		A	17	codon_call_filtered
SRR23343476	AL_Shangrila	452	within_species_comparison	1	655180	PASS	T/T	T/T	22		T	22	agree
SRR23343476	AL_Shangrila	452	within_species_comparison	2	655179	PASS	G/G	G/G	25		G	25	agree
SRR23343476	AL_Shangrila	452	within_species_comparison	3	655178	PASS	C/C	C/C	25	127	T,C	0,25	agree
SRR23343476	AL_Shangrila	474	secondary	1	655114	PASS	T/T	T/T	24	127	G,T	0,24	agree
SRR23343476	AL_Shangrila	474	secondary	2	655113	PASS	T/T	T/T	24		T	24	agree
SRR23343476	AL_Shangrila	474	secondary	3	655112	PASS	T/T	T/T	23		T	23	agree
SRR23343476	AL_Shangrila	549	primary	1	654770	PASS	A/A	A/A	20		A	20	agree
SRR23343476	AL_Shangrila	549	primary	2	654769	PASS	A/A	A/A	24		A	24	agree
SRR23343476	AL_Shangrila	549	primary	3	654768	PASS	A/A	A/A	24	127	C,A	0,24	agree
SRR23343476	AL_Shangrila	717	secondary	1	654111	PASS	T/T	T/T	15	127	C,T	0,15	agree
SRR23343476	AL_Shangrila	717	secondary	2	654110	PASS	G/G	G/G	12		G	12	agree
SRR23343476	AL_Shangrila	717	secondary	3	654109	PASS	A/A	A/A	14		A	14	agree
SRR23343476	AL_Shangrila	727	secondary	1	653986	PASS	C/C	C/C	15		C	15	agree
SRR23343476	AL_Shangrila	727	secondary	2	653985	PASS	A/A	A/A	17	127	G,A	0,17	agree
SRR23343476	AL_Shangrila	727	secondary	3	653984	PASS	A/A	A/A	17		A	17	agree
SRR23343476	AL_Shangrila	766	secondary	1	653869	PASS	A/A	A/A	24	127	G,A	0,24	agree
SRR23343476	AL_Shangrila	766	secondary	2	653868	PASS	A/A	A/A	26		A	26	agree
SRR23343476	AL_Shangrila	766	secondary	3	653867	PASS	A/A	A/A	25	127	G,A	0,25	agree
SRR23343476	AL_Shangrila	822	within_species_comparison	1	653625	PASS	T/T	T/T	19		T	19	agree
SRR23343476	AL_Shangrila	822	within_species_comparison	2	653624	PASS	A/A	A/A	19		A	19	agree
SRR23343476	AL_Shangrila	822	within_species_comparison	3	653623	PASS	T/T	T/T	19		T	19	agree
SRR23343476	AL_Shangrila	1134	primary	1	652446	PASS	G/G	G/G	19	127	A,G	0,19	agree
SRR23343476	AL_Shangrila	1134	primary	2	652445	PASS	A/A	A/A	22		A	22	agree
SRR23343476	AL_Shangrila	1134	primary	3	652444	PASS	A/A	A/A	24		A	24	agree
SRR23343477	AL_Shangrila	254	primary	1	656082	PASS	A/A	A/A	29	127	G,A	0,29	agree
SRR23343477	AL_Shangrila	254	primary	2	656081	PASS	A/A	A/A	30		A	30	agree
SRR23343477	AL_Shangrila	254	primary	3	656080	PASS	A/A	A/A	31		A	31	agree
SRR23343477	AL_Shangrila	452	within_species_comparison	1	655180	PASS	T/T	T/T	41		T	41	agree
SRR23343477	AL_Shangrila	452	within_species_comparison	2	655179	PASS	G/G	G/G	37		G	37	agree
SRR23343477	AL_Shangrila	452	within_species_comparison	3	655178	PASS	C/C	C/C	38	127	T,C	0,38	agree
SRR23343477	AL_Shangrila	474	secondary	1	655114	PASS	T/T	T/T	38	127	G,T	0,38	agree
SRR23343477	AL_Shangrila	474	secondary	2	655113	PASS	T/T	T/T	37		T	37	agree
SRR23343477	AL_Shangrila	474	secondary	3	655112	PASS	T/T	T/T	36		T	36	agree
SRR23343477	AL_Shangrila	549	primary	1	654770	PASS	A/A	A/A	27		A	27	agree
SRR23343477	AL_Shangrila	549	primary	2	654769	PASS	A/A	A/A	29		A	29	agree
SRR23343477	AL_Shangrila	549	primary	3	654768	PASS	A/A	A/A	28	127	C,A	0,28	agree
SRR23343477	AL_Shangrila	717	secondary	1	654111	PASS	T/T	T/T	35	127	C,T	0,35	agree
SRR23343477	AL_Shangrila	717	secondary	2	654110	PASS	G/G	G/G	33		G	33	agree
SRR23343477	AL_Shangrila	717	secondary	3	654109	PASS	A/A	A/A	35		A	35	agree
SRR23343477	AL_Shangrila	727	secondary	1	653986	PASS	C/C	C/C	32		C	32	agree
SRR23343477	AL_Shangrila	727	secondary	2	653985	PASS	A/A	A/A	32	127	G,A	0,32	agree
SRR23343477	AL_Shangrila	727	secondary	3	653984	PASS	A/A	A/A	35		A	35	agree
SRR23343477	AL_Shangrila	766	secondary	1	653869	PASS	A/A	A/A	37	127	G,A	0,37	agree
SRR23343477	AL_Shangrila	766	secondary	2	653868	PASS	A/A	A/A	38		A	38	agree
SRR23343477	AL_Shangrila	766	secondary	3	653867	PASS	A/A	A/A	36	127	G,A	0,36	agree
SRR23343477	AL_Shangrila	822	within_species_comparison	1	653625	PASS	T/T	T/T	34		T	34	agree
SRR23343477	AL_Shangrila	822	within_species_comparison	2	653624	PASS	A/A	A/A	37		A	37	agree
SRR23343477	AL_Shangrila	822	within_species_comparison	3	653623	PASS	T/T	T/T	39		T	39	agree
SRR23343477	AL_Shangrila	1134	primary	1	652446	PASS	G/G	G/G	38	127	A,G	0,38	agree
SRR23343477	AL_Shangrila	1134	primary	2	652445	PASS	A/A	A/A	35		A	35	agree
SRR23343477	AL_Shangrila	1134	primary	3	652444	PASS	A/A	A/A	38		A	38	agree
SRR23343478	AL_Shangrila	254	primary	1	656082	PASS	A/A	A/A	23	127	G,A	0,23	agree
SRR23343478	AL_Shangrila	254	primary	2	656081	PASS	A/A	A/A	24		A	24	agree
SRR23343478	AL_Shangrila	254	primary	3	656080	PASS	A/A	A/A	27		A	27	agree
SRR23343478	AL_Shangrila	452	within_species_comparison	1	655180	PASS	T/T	T/T	29		T	29	agree
SRR23343478	AL_Shangrila	452	within_species_comparison	2	655179	PASS	G/G	G/G	31		G	31	agree
SRR23343478	AL_Shangrila	452	within_species_comparison	3	655178	PASS	C/C	C/C	27	127	T,C	0,27	agree
SRR23343478	AL_Shangrila	474	secondary	1	655114	PASS	T/T	T/T	22	127	G,T	0,22	agree
SRR23343478	AL_Shangrila	474	secondary	2	655113	PASS	T/T	T/T	24		T	24	agree
SRR23343478	AL_Shangrila	474	secondary	3	655112	PASS	T/T	T/T	24		T	24	agree
SRR23343478	AL_Shangrila	549	primary	1	654770	PASS	A/A	A/A	17		A	17	agree
SRR23343478	AL_Shangrila	549	primary	2	654769	PASS	A/A	A/A	20		A	20	agree
SRR23343478	AL_Shangrila	549	primary	3	654768	PASS	A/A	A/A	19	127	C,A	0,19	agree
SRR23343478	AL_Shangrila	717	secondary	1	654111	PASS	T/T	T/T	27	127	C,T	0,27	agree
SRR23343478	AL_Shangrila	717	secondary	2	654110	PASS	G/G	G/G	29		G	29	agree
SRR23343478	AL_Shangrila	717	secondary	3	654109	PASS	A/A	A/A	34		A	34	agree
SRR23343478	AL_Shangrila	727	secondary	1	653986	PASS	C/C	C/C	21		C	21	agree
SRR23343478	AL_Shangrila	727	secondary	2	653985	PASS	A/A	A/A	27	127	G,A	0,27	agree
SRR23343478	AL_Shangrila	727	secondary	3	653984	PASS	A/A	A/A	25		A	25	agree
SRR23343478	AL_Shangrila	766	secondary	1	653869	PASS	A/A	A/A	31	127	G,A	0,31	agree
SRR23343478	AL_Shangrila	766	secondary	2	653868	PASS	A/A	A/A	32		A	32	agree
SRR23343478	AL_Shangrila	766	secondary	3	653867	PASS	A/A	A/A	33	127	G,A	0,33	agree
SRR23343478	AL_Shangrila	822	within_species_comparison	1	653625	PASS	T/T	T/T	36		T	36	agree
SRR23343478	AL_Shangrila	822	within_species_comparison	2	653624	PASS	A/A	A/A	35		A	35	agree
SRR23343478	AL_Shangrila	822	within_species_comparison	3	653623	PASS	T/T	T/T	35		T	35	agree
SRR23343478	AL_Shangrila	1134	primary	1	652446	PASS	G/G	G/G	28	127	A,G	0,28	agree
SRR23343478	AL_Shangrila	1134	primary	2	652445	PASS	A/A	A/A	28		A	28	agree
SRR23343478	AL_Shangrila	1134	primary	3	652444	PASS	A/A	A/A	28		A	28	agree
SRR23343479	AL_Shangrila	254	primary	1	656082	PASS	A/A	A/A	39	127	G,A	0,39	agree
SRR23343479	AL_Shangrila	254	primary	2	656081	PASS	A/A	A/A	37		A	37	agree
SRR23343479	AL_Shangrila	254	primary	3	656080	PASS	A/A	A/A	41		A	41	agree
SRR23343479	AL_Shangrila	452	within_species_comparison	1	655180	PASS	T/T	T/T	29		T	29	agree
SRR23343479	AL_Shangrila	452	within_species_comparison	2	655179	PASS	G/G	G/G	28		G	28	agree
SRR23343479	AL_Shangrila	452	within_species_comparison	3	655178	PASS	C/C	C/C	26	127	T,C	0,26	agree
SRR23343479	AL_Shangrila	474	secondary	1	655114	PASS	T/T	T/T	26	127	G,T	0,26	agree
SRR23343479	AL_Shangrila	474	secondary	2	655113	PASS	T/T	T/T	29		T	29	agree
SRR23343479	AL_Shangrila	474	secondary	3	655112	PASS	T/T	T/T	29		T	29	agree
SRR23343479	AL_Shangrila	549	primary	1	654770	PASS	A/A	A/A	33		A	33	agree
SRR23343479	AL_Shangrila	549	primary	2	654769	PASS	A/A	A/A	33		A	33	agree
SRR23343479	AL_Shangrila	549	primary	3	654768	PASS	A/A	A/A	37	127	C,A	0,37	agree
SRR23343479	AL_Shangrila	717	secondary	1	654111	PASS	T/T	T/T	29	127	C,T	0,29	agree
SRR23343479	AL_Shangrila	717	secondary	2	654110	PASS	G/G	G/G	30		G	30	agree
SRR23343479	AL_Shangrila	717	secondary	3	654109	PASS	A/A	A/A	31		A	31	agree
SRR23343479	AL_Shangrila	727	secondary	1	653986	PASS	C/C	C/C	16		C	16	agree
SRR23343479	AL_Shangrila	727	secondary	2	653985	PASS	A/A	A/A	22	127	G,A	0,22	agree
SRR23343479	AL_Shangrila	727	secondary	3	653984	PASS	A/A	A/A	21		A	21	agree
SRR23343479	AL_Shangrila	766	secondary	1	653869	PASS	A/A	A/A	31	127	G,A	0,31	agree
SRR23343479	AL_Shangrila	766	secondary	2	653868	PASS	A/A	A/A	27		A	27	agree
SRR23343479	AL_Shangrila	766	secondary	3	653867	PASS	A/A	A/A	30	127	G,A	0,30	agree
SRR23343479	AL_Shangrila	822	within_species_comparison	1	653625	PASS	T/T	T/T	22		T	22	agree
SRR23343479	AL_Shangrila	822	within_species_comparison	2	653624	PASS	A/A	A/A	24		A	24	agree
SRR23343479	AL_Shangrila	822	within_species_comparison	3	653623	PASS	T/T	T/T	26		T	26	agree
SRR23343479	AL_Shangrila	1134	primary	1	652446	PASS	G/G	G/G	27	127	A,G	0,27	agree
SRR23343479	AL_Shangrila	1134	primary	2	652445	PASS	A/A	A/A	26		A	26	agree
SRR23343479	AL_Shangrila	1134	primary	3	652444	PASS	A/A	A/A	25		A	25	agree
SRR23343480	AL_Shangrila	254	primary	1	656082	PASS	A/A	A/A	21	127	G,A	0,21	agree
SRR23343480	AL_Shangrila	254	primary	2	656081	PASS	A/A	A/A	22		A	22	agree
SRR23343480	AL_Shangrila	254	primary	3	656080	PASS	A/A	A/A	24		A	24	agree
SRR23343480	AL_Shangrila	452	within_species_comparison	1	655180	PASS	T/T	T/T	31		T	31	agree
SRR23343480	AL_Shangrila	452	within_species_comparison	2	655179	PASS	G/G	G/G	27		G	27	agree
SRR23343480	AL_Shangrila	452	within_species_comparison	3	655178	PASS	C/C	C/C	28	127	T,C	0,28	agree
SRR23343480	AL_Shangrila	474	secondary	1	655114	PASS	T/T	T/T	24	127	G,T	0,24	agree
SRR23343480	AL_Shangrila	474	secondary	2	655113	PASS	T/T	T/T	21		T	21	agree
SRR23343480	AL_Shangrila	474	secondary	3	655112	PASS	T/T	T/T	22		T	22	agree
SRR23343480	AL_Shangrila	549	primary	1	654770	PASS	A/A	A/A	16		A	16	agree
SRR23343480	AL_Shangrila	549	primary	2	654769	PASS	A/A	A/A	17		A	17	agree
SRR23343480	AL_Shangrila	549	primary	3	654768	PASS	A/A	A/A	18	127	C,A	0,18	agree
SRR23343480	AL_Shangrila	717	secondary	1	654111	PASS	T/T	T/T	27	127	C,T	0,27	agree
SRR23343480	AL_Shangrila	717	secondary	2	654110	PASS	G/G	G/G	27		G	27	agree
SRR23343480	AL_Shangrila	717	secondary	3	654109	PASS	A/A	A/A	27		A	27	agree
SRR23343480	AL_Shangrila	727	secondary	1	653986	PASS	C/C	C/C	30		C	30	agree
SRR23343480	AL_Shangrila	727	secondary	2	653985	PASS	A/A	A/A	28	127	G,A	0,28	agree
SRR23343480	AL_Shangrila	727	secondary	3	653984	PASS	A/A	A/A	26		A	26	agree
SRR23343480	AL_Shangrila	766	secondary	1	653869	PASS	A/A	A/A	30	127	G,A	0,30	agree
SRR23343480	AL_Shangrila	766	secondary	2	653868	PASS	A/A	A/A	30		A	30	agree
SRR23343480	AL_Shangrila	766	secondary	3	653867	PASS	A/A	A/A	28	127	G,A	0,28	agree
SRR23343480	AL_Shangrila	822	within_species_comparison	1	653625	PASS	T/T	T/T	40		T	40	agree
SRR23343480	AL_Shangrila	822	within_species_comparison	2	653624	PASS	A/A	A/A	41		A	41	agree
SRR23343480	AL_Shangrila	822	within_species_comparison	3	653623	PASS	T/T	T/T	41		T	41	agree
SRR23343480	AL_Shangrila	1134	primary	1	652446	PASS	G/G	G/G	36	127	A,G	0,36	agree
SRR23343480	AL_Shangrila	1134	primary	2	652445	PASS	A/A	A/A	34		A	34	agree
SRR23343480	AL_Shangrila	1134	primary	3	652444	PASS	A/A	A/A	33		A	33	agree
SRR23343481	AL_Shangrila	254	primary	1	656082	PASS	A/A	A/A	17	127	G,A	0,17	agree
SRR23343481	AL_Shangrila	254	primary	2	656081	PASS	A/A	A/A	20		A	20	agree
SRR23343481	AL_Shangrila	254	primary	3	656080	PASS	A/A	A/A	20		A	20	agree
SRR23343481	AL_Shangrila	452	within_species_comparison	1	655180	PASS	T/T	T/T	20		T	20	agree
SRR23343481	AL_Shangrila	452	within_species_comparison	2	655179	PASS	G/G	G/G	20		G	20	agree
SRR23343481	AL_Shangrila	452	within_species_comparison	3	655178	PASS	C/C	C/C	20	127	T,C	0,20	agree
SRR23343481	AL_Shangrila	474	secondary	1	655114	PASS	T/T	T/T	18	127	G,T	0,18	agree
SRR23343481	AL_Shangrila	474	secondary	2	655113	PASS	T/T	T/T	18		T	18	agree
SRR23343481	AL_Shangrila	474	secondary	3	655112	PASS	T/T	T/T	16		T	16	agree
SRR23343481	AL_Shangrila	549	primary	1	654770	PASS	A/A	A/A	12		A	12	agree
SRR23343481	AL_Shangrila	549	primary	2	654769	PASS	A/A	A/A	14		A	14	agree
SRR23343481	AL_Shangrila	549	primary	3	654768	PASS	A/A	A/A	14	127	C,A	0,14	agree
SRR23343481	AL_Shangrila	717	secondary	1	654111	PASS	T/T	T/T	28	127	C,T	0,28	agree
SRR23343481	AL_Shangrila	717	secondary	2	654110	PASS	G/G	G/G	24		G	24	agree
SRR23343481	AL_Shangrila	717	secondary	3	654109	PASS	A/A	A/A	27		A	27	agree
SRR23343481	AL_Shangrila	727	secondary	1	653986	PASS	C/C	C/C	28		C	28	agree
SRR23343481	AL_Shangrila	727	secondary	2	653985	PASS	A/A	A/A	34	127	G,A	0,34	agree
SRR23343481	AL_Shangrila	727	secondary	3	653984	PASS	A/A	A/A	35		A	35	agree
SRR23343481	AL_Shangrila	766	secondary	1	653869	PASS	A/A	A/A	32	127	G,A	0,32	agree
SRR23343481	AL_Shangrila	766	secondary	2	653868	PASS	A/A	A/A	33		A	33	agree
SRR23343481	AL_Shangrila	766	secondary	3	653867	PASS	A/A	A/A	35	127	G,A	0,35	agree
SRR23343481	AL_Shangrila	822	within_species_comparison	1	653625	PASS	T/T	T/T	29		T	29	agree
SRR23343481	AL_Shangrila	822	within_species_comparison	2	653624	PASS	A/A	A/A	29		A	29	agree
SRR23343481	AL_Shangrila	822	within_species_comparison	3	653623	PASS	T/T	T/T	30		T	30	agree
SRR23343481	AL_Shangrila	1134	primary	1	652446	PASS	G/G	G/G	27	127	A,G	0,27	agree
SRR23343481	AL_Shangrila	1134	primary	2	652445	PASS	A/A	A/A	26		A	26	agree
SRR23343481	AL_Shangrila	1134	primary	3	652444	PASS	A/A	A/A	27		A	27	agree
SRR23343482	AL_Shangrila	254	primary	1	656082	PASS	A/A	A/A	28	127	G,A	0,28	agree
SRR23343482	AL_Shangrila	254	primary	2	656081	PASS	A/A	A/A	28		A	28	agree
SRR23343482	AL_Shangrila	254	primary	3	656080	PASS	A/A	A/A	29		A	29	agree
SRR23343482	AL_Shangrila	452	within_species_comparison	1	655180	PASS	T/T	T/T	41		T	41	agree
SRR23343482	AL_Shangrila	452	within_species_comparison	2	655179	PASS	G/G	G/G	40		G	40	agree
SRR23343482	AL_Shangrila	452	within_species_comparison	3	655178	PASS	C/C	C/C	36	127	T,C	0,36	agree
SRR23343482	AL_Shangrila	474	secondary	1	655114	PASS	T/T	T/T	38	127	G,T	0,38	agree
SRR23343482	AL_Shangrila	474	secondary	2	655113	PASS	T/T	T/T	33		T	33	agree
SRR23343482	AL_Shangrila	474	secondary	3	655112	PASS	T/T	T/T	39		T	39	agree
SRR23343482	AL_Shangrila	549	primary	1	654770	PASS	A/A	A/A	26		A	26	agree
SRR23343482	AL_Shangrila	549	primary	2	654769	PASS	A/A	A/A	30		A	30	agree
SRR23343482	AL_Shangrila	549	primary	3	654768	PASS	A/A	A/A	30	127	C,A	0,30	agree
SRR23343482	AL_Shangrila	717	secondary	1	654111	PASS	T/T	T/T	28	127	C,T	0,28	agree
SRR23343482	AL_Shangrila	717	secondary	2	654110	PASS	G/G	G/G	25		G	25	agree
SRR23343482	AL_Shangrila	717	secondary	3	654109	PASS	A/A	A/A	28		A	28	agree
SRR23343482	AL_Shangrila	727	secondary	1	653986	PASS	C/C	C/C	29		C	29	agree
SRR23343482	AL_Shangrila	727	secondary	2	653985	PASS	A/A	A/A	30	127	G,A	0,30	agree
SRR23343482	AL_Shangrila	727	secondary	3	653984	PASS	A/A	A/A	31		A	31	agree
SRR23343482	AL_Shangrila	766	secondary	1	653869	PASS	A/A	A/A	30	127	G,A	0,30	agree
SRR23343482	AL_Shangrila	766	secondary	2	653868	PASS	A/A	A/A	27		A	27	agree
SRR23343482	AL_Shangrila	766	secondary	3	653867	PASS	A/A	A/A	30	127	G,A	0,30	agree
SRR23343482	AL_Shangrila	822	within_species_comparison	1	653625	PASS	T/T	T/T	41		T	41	agree
SRR23343482	AL_Shangrila	822	within_species_comparison	2	653624	PASS	A/A	A/A	41		A	41	agree
SRR23343482	AL_Shangrila	822	within_species_comparison	3	653623	PASS	T/T	T/T	42		T	42	agree
SRR23343482	AL_Shangrila	1134	primary	1	652446	PASS	G/G	G/G	31	127	A,G	0,31	agree
SRR23343482	AL_Shangrila	1134	primary	2	652445	PASS	A/A	A/A	27		A	27	agree
SRR23343482	AL_Shangrila	1134	primary	3	652444	PASS	A/A	A/A	31		A	31	agree
SRR23343483	AL_Shangrila	254	primary	1	656082	PASS	A/A	A/A	18	127	G,A	0,18	agree
SRR23343483	AL_Shangrila	254	primary	2	656081	PASS	A/A	A/A	21		A	21	agree
SRR23343483	AL_Shangrila	254	primary	3	656080	PASS	A/A	A/A	22		A	22	agree
SRR23343483	AL_Shangrila	452	within_species_comparison	1	655180	PASS	T/T	T/T	36		T	36	agree
SRR23343483	AL_Shangrila	452	within_species_comparison	2	655179	PASS	G/G	G/G	38		G	38	agree
SRR23343483	AL_Shangrila	452	within_species_comparison	3	655178	PASS	C/C	C/C	36	127	T,C	0,36	agree
SRR23343483	AL_Shangrila	474	secondary	1	655114	PASS	T/T	T/T	30	127	G,T	0,30	agree
SRR23343483	AL_Shangrila	474	secondary	2	655113	PASS	T/T	T/T	31		T	31	agree
SRR23343483	AL_Shangrila	474	secondary	3	655112	PASS	T/T	T/T	31		T	31	agree
SRR23343483	AL_Shangrila	549	primary	1	654770	PASS	A/A	A/A	28		A	28	agree
SRR23343483	AL_Shangrila	549	primary	2	654769	PASS	A/A	A/A	27		A	27	agree
SRR23343483	AL_Shangrila	549	primary	3	654768	PASS	A/A	A/A	32	127	C,A	0,32	agree
SRR23343483	AL_Shangrila	717	secondary	1	654111	PASS	T/T	T/T	38	127	C,T	0,38	agree
SRR23343483	AL_Shangrila	717	secondary	2	654110	PASS	G/G	G/G	32		G	32	agree
SRR23343483	AL_Shangrila	717	secondary	3	654109	PASS	A/A	A/A	36		A	36	agree
SRR23343483	AL_Shangrila	727	secondary	1	653986	PASS	C/C	C/C	29		C	29	agree
SRR23343483	AL_Shangrila	727	secondary	2	653985	PASS	A/A	A/A	30	127	G,A	0,30	agree
SRR23343483	AL_Shangrila	727	secondary	3	653984	PASS	A/A	A/A	31		A	31	agree
SRR23343483	AL_Shangrila	766	secondary	1	653869	PASS	A/A	A/A	31	127	G,A	0,31	agree
SRR23343483	AL_Shangrila	766	secondary	2	653868	PASS	A/A	A/A	33		A	33	agree
SRR23343483	AL_Shangrila	766	secondary	3	653867	PASS	A/A	A/A	35	127	G,A	0,35	agree
SRR23343483	AL_Shangrila	822	within_species_comparison	1	653625	PASS	T/T	T/T	33		T	33	agree
SRR23343483	AL_Shangrila	822	within_species_comparison	2	653624	PASS	A/A	A/A	32		A	32	agree
SRR23343483	AL_Shangrila	822	within_species_comparison	3	653623	PASS	T/T	T/T	34		T	34	agree
SRR23343483	AL_Shangrila	1134	primary	1	652446	PASS	G/G	G/G	31	127	A,G	0,31	agree
SRR23343483	AL_Shangrila	1134	primary	2	652445	PASS	A/A	A/A	24		A	24	agree
SRR23343483	AL_Shangrila	1134	primary	3	652444	PASS	A/A	A/A	28		A	28	agree
SRR23343484	AL_Shangrila	254	primary	1	656082	PASS	A/A	A/A	27	127	G,A	1,26	agree
SRR23343484	AL_Shangrila	254	primary	2	656081	PASS	A/A	A/A	28		A	28	agree
SRR23343484	AL_Shangrila	254	primary	3	656080	PASS	A/A	A/A	31		A	31	agree
SRR23343484	AL_Shangrila	452	within_species_comparison	1	655180	PASS	T/T	T/T	35		T	35	agree
SRR23343484	AL_Shangrila	452	within_species_comparison	2	655179	PASS	G/G	G/G	36		G	36	agree
SRR23343484	AL_Shangrila	452	within_species_comparison	3	655178	PASS	C/C	C/C	30	127	T,C	0,30	agree
SRR23343484	AL_Shangrila	474	secondary	1	655114	PASS	T/T	T/T	31	127	G,T	0,31	agree
SRR23343484	AL_Shangrila	474	secondary	2	655113	PASS	T/T	T/T	32		T	32	agree
SRR23343484	AL_Shangrila	474	secondary	3	655112	PASS	T/T	T/T	30		T	30	agree
SRR23343484	AL_Shangrila	549	primary	1	654770	PASS	A/A	A/A	39		A	39	agree
SRR23343484	AL_Shangrila	549	primary	2	654769	PASS	A/A	A/A	40		A	40	agree
SRR23343484	AL_Shangrila	549	primary	3	654768	PASS	A/A	A/A	41	127	C,A	0,41	agree
SRR23343484	AL_Shangrila	717	secondary	1	654111	PASS	T/T	T/T	16	127	C,T	0,16	agree
SRR23343484	AL_Shangrila	717	secondary	2	654110	PASS	G/G	G/G	15		G	15	agree
SRR23343484	AL_Shangrila	717	secondary	3	654109	PASS	A/A	A/A	16		A	16	agree
SRR23343484	AL_Shangrila	727	secondary	1	653986	PASS	C/C	C/C	21		C	21	agree
SRR23343484	AL_Shangrila	727	secondary	2	653985	PASS	A/A	A/A	22	127	G,A	0,22	agree
SRR23343484	AL_Shangrila	727	secondary	3	653984	PASS	A/A	A/A	23		A	23	agree
SRR23343484	AL_Shangrila	766	secondary	1	653869	PASS	A/A	A/A	35	127	G,A	0,35	agree
SRR23343484	AL_Shangrila	766	secondary	2	653868	PASS	A/A	A/A	35		A	35	agree
SRR23343484	AL_Shangrila	766	secondary	3	653867	PASS	A/A	A/A	32	127	G,A	0,32	agree
SRR23343484	AL_Shangrila	822	within_species_comparison	1	653625	PASS	T/T	T/T	57		T	57	agree
SRR23343484	AL_Shangrila	822	within_species_comparison	2	653624	PASS	A/A	A/A	57		A	57	agree
SRR23343484	AL_Shangrila	822	within_species_comparison	3	653623	PASS	T/T	T/T	55		T	55	agree
SRR23343484	AL_Shangrila	1134	primary	1	652446	PASS	G/G	G/G	54	127	A,G	0,54	agree
SRR23343484	AL_Shangrila	1134	primary	2	652445	PASS	A/A	A/A	57		A	57	agree
SRR23343484	AL_Shangrila	1134	primary	3	652444	PASS	A/A	A/A	57		A	57	agree
SRR23343485	AL_Shangrila	254	primary	1	656082	PASS	A/A	A/A	21	127	G,A	0,21	agree
SRR23343485	AL_Shangrila	254	primary	2	656081	PASS	A/A	A/A	24		A	24	agree
SRR23343485	AL_Shangrila	254	primary	3	656080	PASS	A/A	A/A	25		A	25	agree
SRR23343485	AL_Shangrila	452	within_species_comparison	1	655180	PASS	T/T	T/T	31		T	31	agree
SRR23343485	AL_Shangrila	452	within_species_comparison	2	655179	PASS	G/G	G/G	30		G	30	agree
SRR23343485	AL_Shangrila	452	within_species_comparison	3	655178	PASS	C/C	C/C	28	127	T,C	0,28	agree
SRR23343485	AL_Shangrila	474	secondary	1	655114	PASS	T/T	T/T	35	127	G,T	0,35	agree
SRR23343485	AL_Shangrila	474	secondary	2	655113	PASS	T/T	T/T	36		T	36	agree
SRR23343485	AL_Shangrila	474	secondary	3	655112	PASS	T/T	T/T	31		T	31	agree
SRR23343485	AL_Shangrila	549	primary	1	654770	PASS	A/A	A/A	25		A	25	agree
SRR23343485	AL_Shangrila	549	primary	2	654769	PASS	A/A	A/A	27		A	27	agree
SRR23343485	AL_Shangrila	549	primary	3	654768	PASS	A/A	A/A	29	127	C,A	0,29	agree
SRR23343485	AL_Shangrila	717	secondary	1	654111	PASS	T/T	T/T	31	127	C,T	0,31	agree
SRR23343485	AL_Shangrila	717	secondary	2	654110	PASS	G/G	G/G	28		G	28	agree
SRR23343485	AL_Shangrila	717	secondary	3	654109	PASS	A/A	A/A	34		A	34	agree
SRR23343485	AL_Shangrila	727	secondary	1	653986	PASS	C/C	C/C	19		C	19	agree
SRR23343485	AL_Shangrila	727	secondary	2	653985	PASS	A/A	A/A	22	127	G,A	0,22	agree
SRR23343485	AL_Shangrila	727	secondary	3	653984	PASS	A/A	A/A	24		A	24	agree
SRR23343485	AL_Shangrila	766	secondary	1	653869	PASS	A/A	A/A	24	127	G,A	0,24	agree
SRR23343485	AL_Shangrila	766	secondary	2	653868	PASS	A/A	A/A	29		A	29	agree
SRR23343485	AL_Shangrila	766	secondary	3	653867	PASS	A/A	A/A	29	127	G,A	0,29	agree
SRR23343485	AL_Shangrila	822	within_species_comparison	1	653625	PASS	C/T	C/T	33	127	T,C	10,23	agree
SRR23343485	AL_Shangrila	822	within_species_comparison	2	653624	PASS	A/A	A/A	33		A	33	agree
SRR23343485	AL_Shangrila	822	within_species_comparison	3	653623	PASS	T/T	T/T	32		T	32	agree
SRR23343485	AL_Shangrila	1134	primary	1	652446	PASS	G/G	G/G	25	127	A,G	0,25	agree
SRR23343485	AL_Shangrila	1134	primary	2	652445	PASS	A/A	A/A	24		A	24	agree
SRR23343485	AL_Shangrila	1134	primary	3	652444	PASS	A/A	A/A	24		A	24	agree
SRR23343486	AL_Shangrila	254	primary	1	656082	PASS	A/A	A/A	34	127	G,A	0,34	agree
SRR23343486	AL_Shangrila	254	primary	2	656081	PASS	A/A	A/A	38		A	38	agree
SRR23343486	AL_Shangrila	254	primary	3	656080	PASS	A/A	A/A	36		A	36	agree
SRR23343486	AL_Shangrila	452	within_species_comparison	1	655180	PASS	T/T	T/T	38		T	38	agree
SRR23343486	AL_Shangrila	452	within_species_comparison	2	655179	PASS	G/G	G/G	38		G	38	agree
SRR23343486	AL_Shangrila	452	within_species_comparison	3	655178	PASS	C/C	C/C	36	127	T,C	0,36	agree
SRR23343486	AL_Shangrila	474	secondary	1	655114	PASS	T/T	T/T	49	127	G,T	0,49	agree
SRR23343486	AL_Shangrila	474	secondary	2	655113	PASS	T/T	T/T	47		T	47	agree
SRR23343486	AL_Shangrila	474	secondary	3	655112	PASS	T/T	T/T	45		T	45	agree
SRR23343486	AL_Shangrila	549	primary	1	654770	PASS	A/A	A/A	36		A	36	agree
SRR23343486	AL_Shangrila	549	primary	2	654769	PASS	A/A	A/A	39		A	39	agree
SRR23343486	AL_Shangrila	549	primary	3	654768	PASS	A/A	A/A	41	127	C,A	0,41	agree
SRR23343486	AL_Shangrila	717	secondary	1	654111	PASS	T/T	T/T	28	127	C,T	0,28	agree
SRR23343486	AL_Shangrila	717	secondary	2	654110	PASS	G/G	G/G	28		G	28	agree
SRR23343486	AL_Shangrila	717	secondary	3	654109	PASS	A/A	A/A	29		A	29	agree
SRR23343486	AL_Shangrila	727	secondary	1	653986	PASS	C/C	C/C	24		C	24	agree
SRR23343486	AL_Shangrila	727	secondary	2	653985	PASS	A/A	A/A	26	127	G,A	0,26	agree
SRR23343486	AL_Shangrila	727	secondary	3	653984	PASS	A/A	A/A	27		A	27	agree
SRR23343486	AL_Shangrila	766	secondary	1	653869	PASS	A/A	A/A	27	127	G,A	0,27	agree
SRR23343486	AL_Shangrila	766	secondary	2	653868	PASS	A/A	A/A	32		A	32	agree
SRR23343486	AL_Shangrila	766	secondary	3	653867	PASS	A/A	A/A	32	127	G,A	0,32	agree
SRR23343486	AL_Shangrila	822	within_species_comparison	1	653625	PASS	T/T	T/T	27		T	27	agree
SRR23343486	AL_Shangrila	822	within_species_comparison	2	653624	PASS	A/A	A/A	29		A	29	agree
SRR23343486	AL_Shangrila	822	within_species_comparison	3	653623	PASS	T/T	T/T	26		T	26	agree
SRR23343486	AL_Shangrila	1134	primary	1	652446	PASS	G/G	G/G	36	127	A,G	0,36	agree
SRR23343486	AL_Shangrila	1134	primary	2	652445	PASS	A/A	A/A	33		A	33	agree
SRR23343486	AL_Shangrila	1134	primary	3	652444	PASS	A/A	A/A	34		A	34	agree
SRR23343487	AL_Shangrila	254	primary	1	656082	PASS	A/A	A/A	24	127	G,A	0,24	agree
SRR23343487	AL_Shangrila	254	primary	2	656081	PASS	A/A	A/A	28		A	28	agree
SRR23343487	AL_Shangrila	254	primary	3	656080	PASS	A/A	A/A	28		A	28	agree
SRR23343487	AL_Shangrila	452	within_species_comparison	1	655180	PASS	T/T	T/T	41		T	41	agree
SRR23343487	AL_Shangrila	452	within_species_comparison	2	655179	PASS	G/G	G/G	42		G	42	agree
SRR23343487	AL_Shangrila	452	within_species_comparison	3	655178	PASS	C/C	C/C	38	127	T,C	0,38	agree
SRR23343487	AL_Shangrila	474	secondary	1	655114	PASS	T/T	T/T	41	127	G,T	0,41	agree
SRR23343487	AL_Shangrila	474	secondary	2	655113	PASS	T/T	T/T	42		T	42	agree
SRR23343487	AL_Shangrila	474	secondary	3	655112	PASS	T/T	T/T	40		T	40	agree
SRR23343487	AL_Shangrila	549	primary	1	654770	PASS	A/A	A/A	38		A	38	agree
SRR23343487	AL_Shangrila	549	primary	2	654769	PASS	A/A	A/A	36		A	36	agree
SRR23343487	AL_Shangrila	549	primary	3	654768	PASS	A/A	A/A	37	127	C,A	0,37	agree
SRR23343487	AL_Shangrila	717	secondary	1	654111	PASS	T/T	T/T	24	127	C,T	0,24	agree
SRR23343487	AL_Shangrila	717	secondary	2	654110	PASS	G/G	G/G	25		G	25	agree
SRR23343487	AL_Shangrila	717	secondary	3	654109	PASS	A/A	A/A	28		A	28	agree
SRR23343487	AL_Shangrila	727	secondary	1	653986	PASS	C/C	C/C	30		C	30	agree
SRR23343487	AL_Shangrila	727	secondary	2	653985	PASS	A/A	A/A	36	127	G,A	0,36	agree
SRR23343487	AL_Shangrila	727	secondary	3	653984	PASS	A/A	A/A	35		A	35	agree
SRR23343487	AL_Shangrila	766	secondary	1	653869	PASS	A/A	A/A	29	127	G,A	0,29	agree
SRR23343487	AL_Shangrila	766	secondary	2	653868	PASS	A/A	A/A	30		A	30	agree
SRR23343487	AL_Shangrila	766	secondary	3	653867	PASS	A/A	A/A	29	127	G,A	0,29	agree
SRR23343487	AL_Shangrila	822	within_species_comparison	1	653625	PASS	T/T	T/T	35		T	35	agree
SRR23343487	AL_Shangrila	822	within_species_comparison	2	653624	PASS	A/A	A/A	35		A	35	agree
SRR23343487	AL_Shangrila	822	within_species_comparison	3	653623	PASS	T/T	T/T	32		T	32	agree
SRR23343487	AL_Shangrila	1134	primary	1	652446	PASS	G/G	G/G	36	127	A,G	0,36	agree
SRR23343487	AL_Shangrila	1134	primary	2	652445	PASS	A/A	A/A	35		A	35	agree
SRR23343487	AL_Shangrila	1134	primary	3	652444	PASS	A/A	A/A	36		A	36	agree
SRR23343488	AL_Shangrila	254	primary	1	656082	PASS	A/A	A/A	20	127	G,A	0,20	agree
SRR23343488	AL_Shangrila	254	primary	2	656081	PASS	A/A	A/A	19		A	19	agree
SRR23343488	AL_Shangrila	254	primary	3	656080	PASS	A/A	A/A	21		A	21	agree
SRR23343488	AL_Shangrila	452	within_species_comparison	1	655180	PASS	T/T	T/T	38		T	38	agree
SRR23343488	AL_Shangrila	452	within_species_comparison	2	655179	PASS	G/G	G/G	36		G	36	agree
SRR23343488	AL_Shangrila	452	within_species_comparison	3	655178	PASS	C/C	C/C	33	127	T,C	0,33	agree
SRR23343488	AL_Shangrila	474	secondary	1	655114	PASS	T/T	T/T	32	127	G,T	0,32	agree
SRR23343488	AL_Shangrila	474	secondary	2	655113	PASS	T/T	T/T	31		T	31	agree
SRR23343488	AL_Shangrila	474	secondary	3	655112	PASS	T/T	T/T	27		T	27	agree
SRR23343488	AL_Shangrila	549	primary	1	654770	PASS	A/A	A/A	32		A	32	agree
SRR23343488	AL_Shangrila	549	primary	2	654769	PASS	A/A	A/A	30		A	30	agree
SRR23343488	AL_Shangrila	549	primary	3	654768	PASS	A/A	A/A	36	127	C,A	0,36	agree
SRR23343488	AL_Shangrila	717	secondary	1	654111	PASS	T/T	T/T	28	127	C,T	0,28	agree
SRR23343488	AL_Shangrila	717	secondary	2	654110	PASS	G/G	G/G	25		G	25	agree
SRR23343488	AL_Shangrila	717	secondary	3	654109	PASS	A/A	A/A	31		A	31	agree
SRR23343488	AL_Shangrila	727	secondary	1	653986	PASS	C/C	C/C	21		C	21	agree
SRR23343488	AL_Shangrila	727	secondary	2	653985	PASS	A/A	A/A	23	127	G,A	0,23	agree
SRR23343488	AL_Shangrila	727	secondary	3	653984	PASS	A/A	A/A	23		A	23	agree
SRR23343488	AL_Shangrila	766	secondary	1	653869	PASS	A/A	A/A	31	127	G,A	0,31	agree
SRR23343488	AL_Shangrila	766	secondary	2	653868	PASS	A/A	A/A	29		A	29	agree
SRR23343488	AL_Shangrila	766	secondary	3	653867	PASS	A/A	A/A	30	127	G,A	0,30	agree
SRR23343488	AL_Shangrila	822	within_species_comparison	1	653625	PASS	C/T	C/T	24	127	T,C	8,16	agree
SRR23343488	AL_Shangrila	822	within_species_comparison	2	653624	PASS	A/A	A/A	23		A	23	agree
SRR23343488	AL_Shangrila	822	within_species_comparison	3	653623	PASS	T/T	T/T	24		T	24	agree
SRR23343488	AL_Shangrila	1134	primary	1	652446	PASS	G/G	G/G	28	127	A,G	0,28	agree
SRR23343488	AL_Shangrila	1134	primary	2	652445	PASS	A/A	A/A	27		A	27	agree
SRR23343488	AL_Shangrila	1134	primary	3	652444	PASS	A/A	A/A	28		A	28	agree
SRR23343489	AL_Shangrila	254	primary	1	656082	PASS	A/A	A/A	34	127	G,A	0,34	agree
SRR23343489	AL_Shangrila	254	primary	2	656081	PASS	A/A	A/A	35		A	35	agree
SRR23343489	AL_Shangrila	254	primary	3	656080	PASS	A/A	A/A	37		A	37	agree
SRR23343489	AL_Shangrila	452	within_species_comparison	1	655180	PASS	T/T	T/T	39		T	39	agree
SRR23343489	AL_Shangrila	452	within_species_comparison	2	655179	PASS	G/G	G/G	36		G	36	agree
SRR23343489	AL_Shangrila	452	within_species_comparison	3	655178	PASS	C/C	C/C	31	127	T,C	0,31	agree
SRR23343489	AL_Shangrila	474	secondary	1	655114	PASS	T/T	T/T	34	127	G,T	0,34	agree
SRR23343489	AL_Shangrila	474	secondary	2	655113	PASS	T/T	T/T	31		T	31	agree
SRR23343489	AL_Shangrila	474	secondary	3	655112	PASS	T/T	T/T	30		T	30	agree
SRR23343489	AL_Shangrila	549	primary	1	654770	PASS	A/A	A/A	34		A	34	agree
SRR23343489	AL_Shangrila	549	primary	2	654769	PASS	A/A	A/A	33		A	33	agree
SRR23343489	AL_Shangrila	549	primary	3	654768	PASS	A/A	A/A	35	127	C,A	0,35	agree
SRR23343489	AL_Shangrila	717	secondary	1	654111	PASS	T/T	T/T	24	127	C,T	0,24	agree
SRR23343489	AL_Shangrila	717	secondary	2	654110	PASS	G/G	G/G	22		G	22	agree
SRR23343489	AL_Shangrila	717	secondary	3	654109	PASS	A/A	A/A	30		A	30	agree
SRR23343489	AL_Shangrila	727	secondary	1	653986	PASS	C/C	C/C	32		C	32	agree
SRR23343489	AL_Shangrila	727	secondary	2	653985	PASS	A/A	A/A	37	127	G,A	0,37	agree
SRR23343489	AL_Shangrila	727	secondary	3	653984	PASS	A/A	A/A	40		A	40	agree
SRR23343489	AL_Shangrila	766	secondary	1	653869	PASS	A/A	A/A	29	127	G,A	0,29	agree
SRR23343489	AL_Shangrila	766	secondary	2	653868	PASS	A/A	A/A	38		A	38	agree
SRR23343489	AL_Shangrila	766	secondary	3	653867	PASS	A/A	A/A	38	127	G,A	0,38	agree
SRR23343489	AL_Shangrila	822	within_species_comparison	1	653625	PASS	T/T	T/T	33		T	33	agree
SRR23343489	AL_Shangrila	822	within_species_comparison	2	653624	PASS	A/A	A/A	34		A	34	agree
SRR23343489	AL_Shangrila	822	within_species_comparison	3	653623	PASS	T/T	T/T	31		T	31	agree
SRR23343489	AL_Shangrila	1134	primary	1	652446	PASS	G/G	G/G	36	127	A,G	0,36	agree
SRR23343489	AL_Shangrila	1134	primary	2	652445	PASS	A/A	A/A	37		A	37	agree
SRR23343489	AL_Shangrila	1134	primary	3	652444	PASS	A/A	A/A	39		A	39	agree
SRR23343490	AL_Shangrila	254	primary	1	656082	PASS	A/A	A/A	21	127	G,A	0,21	agree
SRR23343490	AL_Shangrila	254	primary	2	656081	PASS	A/A	A/A	25		A	25	agree
SRR23343490	AL_Shangrila	254	primary	3	656080	PASS	A/A	A/A	25		A	25	agree
SRR23343490	AL_Shangrila	452	within_species_comparison	1	655180	PASS	T/T	T/T	19		T	19	agree
SRR23343490	AL_Shangrila	452	within_species_comparison	2	655179	PASS	G/G	G/G	19		G	19	agree
SRR23343490	AL_Shangrila	452	within_species_comparison	3	655178	PASS	C/C	C/C	20	127	T,C	0,20	agree
SRR23343490	AL_Shangrila	474	secondary	1	655114	PASS	T/T	T/T	20	127	G,T	0,20	agree
SRR23343490	AL_Shangrila	474	secondary	2	655113	PASS	T/T	T/T	21		T	21	agree
SRR23343490	AL_Shangrila	474	secondary	3	655112	PASS	T/T	T/T	20		T	20	agree
SRR23343490	AL_Shangrila	549	primary	1	654770	PASS	A/A	A/A	28		A	28	agree
SRR23343490	AL_Shangrila	549	primary	2	654769	PASS	A/A	A/A	30		A	30	agree
SRR23343490	AL_Shangrila	549	primary	3	654768	PASS	A/A	A/A	31	127	C,A	0,31	agree
SRR23343490	AL_Shangrila	717	secondary	1	654111	PASS	T/T	T/T	14	127	C,T	0,14	agree
SRR23343490	AL_Shangrila	717	secondary	2	654110	PASS	G/G	G/G	18		G	18	agree
SRR23343490	AL_Shangrila	717	secondary	3	654109	PASS	A/A	A/A	19		A	19	agree
SRR23343490	AL_Shangrila	727	secondary	1	653986	PASS	C/C	C/C	23		C	23	agree
SRR23343490	AL_Shangrila	727	secondary	2	653985	PASS	A/A	A/A	26	127	G,A	0,26	agree
SRR23343490	AL_Shangrila	727	secondary	3	653984	PASS	A/A	A/A	28		A	28	agree
SRR23343490	AL_Shangrila	766	secondary	1	653869	PASS	A/A	A/A	27	127	G,A	0,27	agree
SRR23343490	AL_Shangrila	766	secondary	2	653868	PASS	A/A	A/A	26		A	26	agree
SRR23343490	AL_Shangrila	766	secondary	3	653867	PASS	A/A	A/A	27	127	G,A	0,27	agree
SRR23343490	AL_Shangrila	822	within_species_comparison	1	653625	PASS	C/T	C/T	35	127	T,C	22,13	agree
SRR23343490	AL_Shangrila	822	within_species_comparison	2	653624	PASS	A/A	A/A	34		A	34	agree
SRR23343490	AL_Shangrila	822	within_species_comparison	3	653623	PASS	T/T	T/T	32		T	32	agree
SRR23343490	AL_Shangrila	1134	primary	1	652446	PASS	G/G	G/G	24	127	A,G	0,24	agree
SRR23343490	AL_Shangrila	1134	primary	2	652445	PASS	A/A	A/A	23		A	23	agree
SRR23343490	AL_Shangrila	1134	primary	3	652444	PASS	A/A	A/A	25		A	25	agree
SRR23343491	AL_Shangrila	254	primary	1	656082	PASS	A/A	A/A	29	127	G,A	0,29	agree
SRR23343491	AL_Shangrila	254	primary	2	656081	PASS	A/A	A/A	31		A	31	agree
SRR23343491	AL_Shangrila	254	primary	3	656080	PASS	A/A	A/A	31		A	31	agree
SRR23343491	AL_Shangrila	452	within_species_comparison	1	655180	PASS	T/T	T/T	35		T	35	agree
SRR23343491	AL_Shangrila	452	within_species_comparison	2	655179	PASS	G/G	G/G	30		G	30	agree
SRR23343491	AL_Shangrila	452	within_species_comparison	3	655178	PASS	C/C	C/C	31	127	T,C	0,31	agree
SRR23343491	AL_Shangrila	474	secondary	1	655114	PASS	T/T	T/T	34	127	G,T	0,34	agree
SRR23343491	AL_Shangrila	474	secondary	2	655113	PASS	T/T	T/T	29		T	29	agree
SRR23343491	AL_Shangrila	474	secondary	3	655112	PASS	T/T	T/T	32		T	32	agree
SRR23343491	AL_Shangrila	549	primary	1	654770	PASS	A/A	A/A	26		A	26	agree
SRR23343491	AL_Shangrila	549	primary	2	654769	PASS	A/A	A/A	25		A	25	agree
SRR23343491	AL_Shangrila	549	primary	3	654768	PASS	A/A	A/A	26	127	C,A	0,26	agree
SRR23343491	AL_Shangrila	717	secondary	1	654111	PASS	T/T	T/T	25	127	C,T	0,25	agree
SRR23343491	AL_Shangrila	717	secondary	2	654110	PASS	G/G	G/G	21		G	21	agree
SRR23343491	AL_Shangrila	717	secondary	3	654109	PASS	A/A	A/A	25		A	25	agree
SRR23343491	AL_Shangrila	727	secondary	1	653986	PASS	C/C	C/C	17		C	17	agree
SRR23343491	AL_Shangrila	727	secondary	2	653985	PASS	A/A	A/A	19	127	G,A	0,19	agree
SRR23343491	AL_Shangrila	727	secondary	3	653984	PASS	A/A	A/A	22		A	22	agree
SRR23343491	AL_Shangrila	766	secondary	1	653869	PASS	A/A	A/A	28	127	G,A	0,28	agree
SRR23343491	AL_Shangrila	766	secondary	2	653868	PASS	A/A	A/A	29		A	29	agree
SRR23343491	AL_Shangrila	766	secondary	3	653867	PASS	A/A	A/A	31	127	G,A	0,31	agree
SRR23343491	AL_Shangrila	822	within_species_comparison	1	653625	PASS	T/T	T/T	20		T	20	agree
SRR23343491	AL_Shangrila	822	within_species_comparison	2	653624	PASS	A/A	A/A	20		A	20	agree
SRR23343491	AL_Shangrila	822	within_species_comparison	3	653623	PASS	T/T	T/T	21		T	21	agree
SRR23343491	AL_Shangrila	1134	primary	1	652446	PASS	G/G	G/G	27	127	A,G	0,27	agree
SRR23343491	AL_Shangrila	1134	primary	2	652445	PASS	A/A	A/A	23		A	23	agree
SRR23343491	AL_Shangrila	1134	primary	3	652444	PASS	A/A	A/A	26		A	26	agree
SRR23343492	AL_Shangrila	254	primary	1	656082	PASS	A/A	A/A	32	127	G,A	0,32	agree
SRR23343492	AL_Shangrila	254	primary	2	656081	PASS	A/A	A/A	41		A	41	agree
SRR23343492	AL_Shangrila	254	primary	3	656080	PASS	A/A	A/A	40		A	40	agree
SRR23343492	AL_Shangrila	452	within_species_comparison	1	655180	PASS	T/T	T/T	32		T	32	agree
SRR23343492	AL_Shangrila	452	within_species_comparison	2	655179	PASS	G/G	G/G	33		G	33	agree
SRR23343492	AL_Shangrila	452	within_species_comparison	3	655178	PASS	C/C	C/C	34	127	T,C	0,34	agree
SRR23343492	AL_Shangrila	474	secondary	1	655114	PASS	T/T	T/T	33	127	G,T	0,33	agree
SRR23343492	AL_Shangrila	474	secondary	2	655113	PASS	T/T	T/T	32		T	32	agree
SRR23343492	AL_Shangrila	474	secondary	3	655112	PASS	T/T	T/T	32		T	32	agree
SRR23343492	AL_Shangrila	549	primary	1	654770	PASS	A/A	A/A	21		A	21	agree
SRR23343492	AL_Shangrila	549	primary	2	654769	PASS	A/A	A/A	21		A	21	agree
SRR23343492	AL_Shangrila	549	primary	3	654768	PASS	A/A	A/A	22	127	C,A	0,22	agree
SRR23343492	AL_Shangrila	717	secondary	1	654111	PASS	T/T	T/T	33	127	C,T	0,33	agree
SRR23343492	AL_Shangrila	717	secondary	2	654110	PASS	G/G	G/G	30		G	30	agree
SRR23343492	AL_Shangrila	717	secondary	3	654109	PASS	A/A	A/A	31		A	31	agree
SRR23343492	AL_Shangrila	727	secondary	1	653986	PASS	C/C	C/C	32		C	32	agree
SRR23343492	AL_Shangrila	727	secondary	2	653985	PASS	A/A	A/A	31	127	G,A	0,31	agree
SRR23343492	AL_Shangrila	727	secondary	3	653984	PASS	A/A	A/A	30		A	30	agree
SRR23343492	AL_Shangrila	766	secondary	1	653869	PASS	A/A	A/A	39	127	G,A	0,39	agree
SRR23343492	AL_Shangrila	766	secondary	2	653868	PASS	A/A	A/A	37		A	37	agree
SRR23343492	AL_Shangrila	766	secondary	3	653867	PASS	A/A	A/A	34	127	G,A	0,34	agree
SRR23343492	AL_Shangrila	822	within_species_comparison	1	653625	PASS	T/T	T/T	22		T	22	agree
SRR23343492	AL_Shangrila	822	within_species_comparison	2	653624	PASS	A/A	A/A	22		A	22	agree
SRR23343492	AL_Shangrila	822	within_species_comparison	3	653623	PASS	T/T	T/T	22		T	22	agree
SRR23343492	AL_Shangrila	1134	primary	1	652446	PASS	G/G	G/G	39	127	A,G	0,39	agree
SRR23343492	AL_Shangrila	1134	primary	2	652445	PASS	A/A	A/A	35		A	35	agree
SRR23343492	AL_Shangrila	1134	primary	3	652444	PASS	A/A	A/A	37		A	37	agree
SRR23343493	AL_Shangrila	254	primary	1	656082	PASS	A/A	A/A	25	127	G,A	0,25	agree
SRR23343493	AL_Shangrila	254	primary	2	656081	PASS	A/A	A/A	22		A	22	agree
SRR23343493	AL_Shangrila	254	primary	3	656080	PASS	A/A	A/A	25		A	25	agree
SRR23343493	AL_Shangrila	452	within_species_comparison	1	655180	PASS	T/T	T/T	17		T	17	agree
SRR23343493	AL_Shangrila	452	within_species_comparison	2	655179	PASS	G/G	G/G	18		G	18	agree
SRR23343493	AL_Shangrila	452	within_species_comparison	3	655178	PASS	C/C	C/C	17	127	T,C	0,17	agree
SRR23343493	AL_Shangrila	474	secondary	1	655114	PASS	T/T	T/T	23	127	G,T	0,23	agree
SRR23343493	AL_Shangrila	474	secondary	2	655113	PASS	T/T	T/T	21		T	21	agree
SRR23343493	AL_Shangrila	474	secondary	3	655112	PASS	T/T	T/T	19		T	19	agree
SRR23343493	AL_Shangrila	549	primary	1	654770	PASS	A/A	A/A	20		A	20	agree
SRR23343493	AL_Shangrila	549	primary	2	654769	PASS	A/A	A/A	19		A	19	agree
SRR23343493	AL_Shangrila	549	primary	3	654768	PASS	A/A	A/A	19	127	C,A	0,19	agree
SRR23343493	AL_Shangrila	717	secondary	1	654111	PASS	T/T	T/T	23	127	C,T	0,23	agree
SRR23343493	AL_Shangrila	717	secondary	2	654110	PASS	G/G	G/G	22		G	22	agree
SRR23343493	AL_Shangrila	717	secondary	3	654109	PASS	A/A	A/A	20		A	20	agree
SRR23343493	AL_Shangrila	727	secondary	1	653986	PASS	C/C	C/C	20		C	20	agree
SRR23343493	AL_Shangrila	727	secondary	2	653985	PASS	A/A	A/A	22	127	G,A	0,22	agree
SRR23343493	AL_Shangrila	727	secondary	3	653984	PASS	A/A	A/A	23		A	23	agree
SRR23343493	AL_Shangrila	766	secondary	1	653869	low_genotype_quality	A/A	A/A	20	127	G,A	0,20	codon_call_filtered
SRR23343493	AL_Shangrila	766	secondary	2	653868	low_genotype_quality	A/A	A/A	21		A	20	codon_call_filtered
SRR23343493	AL_Shangrila	766	secondary	3	653867	low_genotype_quality	A/A	A/A	21	127	G,A	0,21	codon_call_filtered
SRR23343493	AL_Shangrila	822	within_species_comparison	1	653625	PASS	T/T	T/T	22		T	22	agree
SRR23343493	AL_Shangrila	822	within_species_comparison	2	653624	PASS	A/A	A/A	24		A	24	agree
SRR23343493	AL_Shangrila	822	within_species_comparison	3	653623	PASS	T/T	T/T	24		T	24	agree
SRR23343493	AL_Shangrila	1134	primary	1	652446	PASS	G/G	G/G	23	127	A,G	0,23	agree
SRR23343493	AL_Shangrila	1134	primary	2	652445	PASS	A/A	A/A	23		A	23	agree
SRR23343493	AL_Shangrila	1134	primary	3	652444	PASS	A/A	A/A	22		A	22	agree
SRR23343494	AL_Shangrila	254	primary	1	656082	PASS	A/A	A/A	26	127	G,A	0,26	agree
SRR23343494	AL_Shangrila	254	primary	2	656081	PASS	A/A	A/A	26		A	26	agree
SRR23343494	AL_Shangrila	254	primary	3	656080	PASS	A/A	A/A	29		A	29	agree
SRR23343494	AL_Shangrila	452	within_species_comparison	1	655180	PASS	T/T	T/T	31		T	31	agree
SRR23343494	AL_Shangrila	452	within_species_comparison	2	655179	PASS	G/G	G/G	30		G	30	agree
SRR23343494	AL_Shangrila	452	within_species_comparison	3	655178	PASS	C/C	C/C	27	127	T,C	0,27	agree
SRR23343494	AL_Shangrila	474	secondary	1	655114	PASS	T/T	T/T	30	127	G,T	0,30	agree
SRR23343494	AL_Shangrila	474	secondary	2	655113	PASS	T/T	T/T	28		T	28	agree
SRR23343494	AL_Shangrila	474	secondary	3	655112	PASS	T/T	T/T	30		T	30	agree
SRR23343494	AL_Shangrila	549	primary	1	654770	PASS	A/A	A/A	30		A	30	agree
SRR23343494	AL_Shangrila	549	primary	2	654769	PASS	A/A	A/A	31		A	31	agree
SRR23343494	AL_Shangrila	549	primary	3	654768	PASS	A/A	A/A	32	127	C,A	0,32	agree
SRR23343494	AL_Shangrila	717	secondary	1	654111	PASS	T/T	T/T	25	127	C,T	0,25	agree
SRR23343494	AL_Shangrila	717	secondary	2	654110	PASS	G/G	G/G	31		G	31	agree
SRR23343494	AL_Shangrila	717	secondary	3	654109	PASS	A/A	A/A	30		A	30	agree
SRR23343494	AL_Shangrila	727	secondary	1	653986	PASS	C/C	C/C	26		C	26	agree
SRR23343494	AL_Shangrila	727	secondary	2	653985	PASS	A/A	A/A	26	127	G,A	0,26	agree
SRR23343494	AL_Shangrila	727	secondary	3	653984	PASS	A/A	A/A	28		A	28	agree
SRR23343494	AL_Shangrila	766	secondary	1	653869	PASS	A/A	A/A	44	127	G,A	0,44	agree
SRR23343494	AL_Shangrila	766	secondary	2	653868	PASS	A/A	A/A	43		A	43	agree
SRR23343494	AL_Shangrila	766	secondary	3	653867	PASS	A/A	A/A	44	127	G,A	0,44	agree
SRR23343494	AL_Shangrila	822	within_species_comparison	1	653625	PASS	T/T	T/T	36		T	36	agree
SRR23343494	AL_Shangrila	822	within_species_comparison	2	653624	PASS	A/A	A/A	36		A	36	agree
SRR23343494	AL_Shangrila	822	within_species_comparison	3	653623	PASS	T/T	T/T	36		T	36	agree
SRR23343494	AL_Shangrila	1134	primary	1	652446	PASS	G/G	G/G	41	127	A,G	0,41	agree
SRR23343494	AL_Shangrila	1134	primary	2	652445	PASS	A/A	A/A	39		A	39	agree
SRR23343494	AL_Shangrila	1134	primary	3	652444	PASS	A/A	A/A	40		A	40	agree
SRR23343438	AD_Malaysia	254	primary	1	661513	PASS	A/A	A/A	36		A	36	agree
SRR23343438	AD_Malaysia	254	primary	2	661512	PASS	A/A	A/A	36		A	36	agree
SRR23343438	AD_Malaysia	254	primary	3	661511	PASS	A/A	A/A	40		A	40	agree
SRR23343438	AD_Malaysia	452	within_species_comparison	1	660645	PASS	T/T	T/T	48		T	48	agree
SRR23343438	AD_Malaysia	452	within_species_comparison	2	660644	PASS	G/G	G/G	48		G	48	agree
SRR23343438	AD_Malaysia	452	within_species_comparison	3	660643	PASS	C/C	C/C	49		C	49	agree
SRR23343438	AD_Malaysia	474	secondary	1	660579	PASS	T/T	T/T	48		T	48	agree
SRR23343438	AD_Malaysia	474	secondary	2	660578	PASS	T/T	T/T	44		T	44	agree
SRR23343438	AD_Malaysia	474	secondary	3	660577	PASS	T/T	T/T	44		T	44	agree
SRR23343438	AD_Malaysia	549	primary	1	660252	PASS	A/A	A/A	44		A	44	agree
SRR23343438	AD_Malaysia	549	primary	2	660251	PASS	A/A	A/A	44		A	44	agree
SRR23343438	AD_Malaysia	549	primary	3	660250	PASS	A/A	A/A	42		A	42	agree
SRR23343438	AD_Malaysia	717	secondary	1	659588	PASS	T/T	T/T	43		T	43	agree
SRR23343438	AD_Malaysia	717	secondary	2	659587	PASS	G/G	G/G	33		G	33	agree
SRR23343438	AD_Malaysia	717	secondary	3	659586	PASS	A/A	A/A	41		A	41	agree
SRR23343438	AD_Malaysia	727	secondary	1	659471	PASS	C/C	C/C	45		C	45	agree
SRR23343438	AD_Malaysia	727	secondary	2	659470	PASS	A/A	A/A	54		A	54	agree
SRR23343438	AD_Malaysia	727	secondary	3	659469	PASS	A/A	A/A	56		A	56	agree
SRR23343438	AD_Malaysia	766	secondary	1	659354	PASS	A/A	A/A	47		A	47	agree
SRR23343438	AD_Malaysia	766	secondary	2	659353	PASS	A/A	A/A	46		A	46	agree
SRR23343438	AD_Malaysia	766	secondary	3	659352	PASS	A/A	A/A	47		A	47	agree
SRR23343438	AD_Malaysia	822	within_species_comparison	1	659110	PASS	T/T	T/T	58	127	C,T	0,58	agree
SRR23343438	AD_Malaysia	822	within_species_comparison	2	659109	PASS	A/A	A/A	56		A	56	agree
SRR23343438	AD_Malaysia	822	within_species_comparison	3	659108	PASS	T/T	T/T	54		T	54	agree
SRR23343438	AD_Malaysia	1134	primary	1	657921	PASS	G/G	G/G	45		G	45	agree
SRR23343438	AD_Malaysia	1134	primary	2	657920	PASS	A/A	A/A	41		A	41	agree
SRR23343438	AD_Malaysia	1134	primary	3	657919	PASS	A/A	A/A	43		A	43	agree
SRR23343439	AD_Malaysia	254	primary	1	661513	PASS	A/A	A/A	29		A	29	agree
SRR23343439	AD_Malaysia	254	primary	2	661512	PASS	A/A	A/A	27		A	27	agree
SRR23343439	AD_Malaysia	254	primary	3	661511	PASS	A/A	A/A	30		A	30	agree
SRR23343439	AD_Malaysia	452	within_species_comparison	1	660645	PASS	T/T	T/T	30		T	30	agree
SRR23343439	AD_Malaysia	452	within_species_comparison	2	660644	PASS	G/G	G/G	33		G	33	agree
SRR23343439	AD_Malaysia	452	within_species_comparison	3	660643	PASS	C/C	C/C	29		C	29	agree
SRR23343439	AD_Malaysia	474	secondary	1	660579	PASS	T/T	T/T	37		T	37	agree
SRR23343439	AD_Malaysia	474	secondary	2	660578	PASS	T/T	T/T	34		T	34	agree
SRR23343439	AD_Malaysia	474	secondary	3	660577	PASS	T/T	T/T	36		T	36	agree
SRR23343439	AD_Malaysia	549	primary	1	660252	PASS	A/A	A/A	28		A	28	agree
SRR23343439	AD_Malaysia	549	primary	2	660251	PASS	A/A	A/A	28		A	28	agree
SRR23343439	AD_Malaysia	549	primary	3	660250	PASS	A/A	A/A	31		A	31	agree
SRR23343439	AD_Malaysia	717	secondary	1	659588	PASS	T/T	T/T	31		T	31	agree
SRR23343439	AD_Malaysia	717	secondary	2	659587	PASS	G/G	G/G	28		G	28	agree
SRR23343439	AD_Malaysia	717	secondary	3	659586	PASS	A/A	A/A	35		A	35	agree
SRR23343439	AD_Malaysia	727	secondary	1	659471	PASS	C/C	C/C	32		C	32	agree
SRR23343439	AD_Malaysia	727	secondary	2	659470	PASS	A/A	A/A	34		A	34	agree
SRR23343439	AD_Malaysia	727	secondary	3	659469	PASS	A/A	A/A	36		A	36	agree
SRR23343439	AD_Malaysia	766	secondary	1	659354	PASS	A/A	A/A	40		A	40	agree
SRR23343439	AD_Malaysia	766	secondary	2	659353	PASS	A/A	A/A	36		A	36	agree
SRR23343439	AD_Malaysia	766	secondary	3	659352	PASS	A/A	A/A	40		A	40	agree
SRR23343439	AD_Malaysia	822	within_species_comparison	1	659110	PASS	T/T	T/T	37	127	C,T	0,37	agree
SRR23343439	AD_Malaysia	822	within_species_comparison	2	659109	PASS	A/A	A/A	36		A	36	agree
SRR23343439	AD_Malaysia	822	within_species_comparison	3	659108	PASS	T/T	T/T	35		T	35	agree
SRR23343439	AD_Malaysia	1134	primary	1	657921	PASS	G/G	G/G	44		G	44	agree
SRR23343439	AD_Malaysia	1134	primary	2	657920	PASS	A/A	A/A	40		A	40	agree
SRR23343439	AD_Malaysia	1134	primary	3	657919	PASS	A/A	A/A	42		A	42	agree
SRR23343440	AD_Malaysia	254	primary	1	661513	PASS	A/A	A/A	33		A	33	agree
SRR23343440	AD_Malaysia	254	primary	2	661512	PASS	A/A	A/A	34		A	34	agree
SRR23343440	AD_Malaysia	254	primary	3	661511	PASS	A/A	A/A	35		A	35	agree
SRR23343440	AD_Malaysia	452	within_species_comparison	1	660645	PASS	T/T	T/T	28		T	28	agree
SRR23343440	AD_Malaysia	452	within_species_comparison	2	660644	PASS	G/G	G/G	26		G	26	agree
SRR23343440	AD_Malaysia	452	within_species_comparison	3	660643	PASS	C/C	C/C	28		C	28	agree
SRR23343440	AD_Malaysia	474	secondary	1	660579	PASS	T/T	T/T	29		T	29	agree
SRR23343440	AD_Malaysia	474	secondary	2	660578	PASS	T/T	T/T	23		T	23	agree
SRR23343440	AD_Malaysia	474	secondary	3	660577	PASS	T/T	T/T	24		T	24	agree
SRR23343440	AD_Malaysia	549	primary	1	660252	one_strand_only	A/A	A/A	16		A	16	codon_call_filtered
SRR23343440	AD_Malaysia	549	primary	2	660251	one_strand_only	A/A	A/A	16		A	16	codon_call_filtered
SRR23343440	AD_Malaysia	549	primary	3	660250	one_strand_only	A/A	A/A	17		A	17	codon_call_filtered
SRR23343440	AD_Malaysia	717	secondary	1	659588	PASS	T/T	T/T	24		T	24	agree
SRR23343440	AD_Malaysia	717	secondary	2	659587	PASS	G/G	G/G	22		G	22	agree
SRR23343440	AD_Malaysia	717	secondary	3	659586	PASS	A/A	A/A	25		A	25	agree
SRR23343440	AD_Malaysia	727	secondary	1	659471	PASS	C/C	C/C	30		C	30	agree
SRR23343440	AD_Malaysia	727	secondary	2	659470	PASS	A/A	A/A	35		A	35	agree
SRR23343440	AD_Malaysia	727	secondary	3	659469	PASS	A/A	A/A	34		A	34	agree
SRR23343440	AD_Malaysia	766	secondary	1	659354	PASS	A/A	A/A	34		A	34	agree
SRR23343440	AD_Malaysia	766	secondary	2	659353	PASS	A/A	A/A	31		A	31	agree
SRR23343440	AD_Malaysia	766	secondary	3	659352	PASS	A/A	A/A	34		A	34	agree
SRR23343440	AD_Malaysia	822	within_species_comparison	1	659110	PASS	T/T	T/T	34	127	C,T	0,34	agree
SRR23343440	AD_Malaysia	822	within_species_comparison	2	659109	PASS	A/A	A/A	32		A	32	agree
SRR23343440	AD_Malaysia	822	within_species_comparison	3	659108	PASS	T/T	T/T	32		T	32	agree
SRR23343440	AD_Malaysia	1134	primary	1	657921	PASS	G/G	G/G	41		G	41	agree
SRR23343440	AD_Malaysia	1134	primary	2	657920	PASS	A/A	A/A	31		A	31	agree
SRR23343440	AD_Malaysia	1134	primary	3	657919	PASS	A/A	A/A	40		A	40	agree
SRR23343441	AD_Malaysia	254	primary	1	661513	PASS	A/A	A/A	27		A	27	agree
SRR23343441	AD_Malaysia	254	primary	2	661512	PASS	A/A	A/A	29		A	29	agree
SRR23343441	AD_Malaysia	254	primary	3	661511	PASS	A/A	A/A	30		A	30	agree
SRR23343441	AD_Malaysia	452	within_species_comparison	1	660645	PASS	T/T	T/T	28		T	28	agree
SRR23343441	AD_Malaysia	452	within_species_comparison	2	660644	PASS	G/G	G/G	31		G	31	agree
SRR23343441	AD_Malaysia	452	within_species_comparison	3	660643	PASS	C/C	C/C	29		C	29	agree
SRR23343441	AD_Malaysia	474	secondary	1	660579	PASS	T/T	T/T	24		T	24	agree
SRR23343441	AD_Malaysia	474	secondary	2	660578	PASS	T/T	T/T	24		T	24	agree
SRR23343441	AD_Malaysia	474	secondary	3	660577	PASS	T/T	T/T	22		T	22	agree
SRR23343441	AD_Malaysia	549	primary	1	660252	PASS	A/A	A/A	27		A	27	agree
SRR23343441	AD_Malaysia	549	primary	2	660251	PASS	A/A	A/A	29		A	29	agree
SRR23343441	AD_Malaysia	549	primary	3	660250	PASS	A/A	A/A	32		A	32	agree
SRR23343441	AD_Malaysia	717	secondary	1	659588	PASS	T/T	T/T	29		T	29	agree
SRR23343441	AD_Malaysia	717	secondary	2	659587	PASS	G/G	G/G	25		G	25	agree
SRR23343441	AD_Malaysia	717	secondary	3	659586	PASS	A/A	A/A	26		A	26	agree
SRR23343441	AD_Malaysia	727	secondary	1	659471	PASS	C/C	C/C	27		C	27	agree
SRR23343441	AD_Malaysia	727	secondary	2	659470	PASS	A/A	A/A	32		A	32	agree
SRR23343441	AD_Malaysia	727	secondary	3	659469	PASS	A/A	A/A	32		A	32	agree
SRR23343441	AD_Malaysia	766	secondary	1	659354	PASS	A/A	A/A	21		A	21	agree
SRR23343441	AD_Malaysia	766	secondary	2	659353	PASS	A/A	A/A	23		A	23	agree
SRR23343441	AD_Malaysia	766	secondary	3	659352	PASS	A/A	A/A	25		A	25	agree
SRR23343441	AD_Malaysia	822	within_species_comparison	1	659110	PASS	T/T	T/T	24	127	C,T	0,24	agree
SRR23343441	AD_Malaysia	822	within_species_comparison	2	659109	PASS	A/A	A/A	28		A	28	agree
SRR23343441	AD_Malaysia	822	within_species_comparison	3	659108	PASS	T/T	T/T	26		T	26	agree
SRR23343441	AD_Malaysia	1134	primary	1	657921	PASS	G/G	G/G	34		G	34	agree
SRR23343441	AD_Malaysia	1134	primary	2	657920	PASS	A/A	A/A	32		A	32	agree
SRR23343441	AD_Malaysia	1134	primary	3	657919	PASS	A/A	A/A	35		A	35	agree
SRR23343442	AD_Malaysia	254	primary	1	661513	PASS	G/G	G/G	34	127	A,G	0,34	agree
SRR23343442	AD_Malaysia	254	primary	2	661512	PASS	A/A	A/A	32		A	32	agree
SRR23343442	AD_Malaysia	254	primary	3	661511	PASS	A/A	A/A	35		A	35	agree
SRR23343442	AD_Malaysia	452	within_species_comparison	1	660645	PASS	T/T	T/T	72		T	72	agree
SRR23343442	AD_Malaysia	452	within_species_comparison	2	660644	PASS	G/G	G/G	70		G	70	agree
SRR23343442	AD_Malaysia	452	within_species_comparison	3	660643	PASS	T/T	T/T	69	127	C,T	0,69	agree
SRR23343442	AD_Malaysia	474	secondary	1	660579	PASS	G/G	G/G	70	127	T,G	0,70	agree
SRR23343442	AD_Malaysia	474	secondary	2	660578	PASS	T/T	T/T	71		T	71	agree
SRR23343442	AD_Malaysia	474	secondary	3	660577	PASS	T/T	T/T	65		T	65	agree
SRR23343442	AD_Malaysia	549	primary	1	660252	PASS	A/A	A/A	47		A	47	agree
SRR23343442	AD_Malaysia	549	primary	2	660251	PASS	A/A	A/A	49		A	49	agree
SRR23343442	AD_Malaysia	549	primary	3	660250	PASS	C/C	C/C	49	127	A,C	0,49	agree
SRR23343442	AD_Malaysia	717	secondary	1	659588	PASS	C/C	C/C	47	127	T,C	0,47	agree
SRR23343442	AD_Malaysia	717	secondary	2	659587	PASS	G/G	G/G	44		G	44	agree
SRR23343442	AD_Malaysia	717	secondary	3	659586	PASS	A/A	A/A	52		A	52	agree
SRR23343442	AD_Malaysia	727	secondary	1	659471	PASS	C/C	C/C	38		C	38	agree
SRR23343442	AD_Malaysia	727	secondary	2	659470	PASS	G/G	G/G	36	127	A,G	0,36	agree
SRR23343442	AD_Malaysia	727	secondary	3	659469	PASS	A/A	A/A	41		A	41	agree
SRR23343442	AD_Malaysia	766	secondary	1	659354	PASS	G/G	G/G	49	127	A,G	0,49	agree
SRR23343442	AD_Malaysia	766	secondary	2	659353	PASS	A/A	A/A	48		A	48	agree
SRR23343442	AD_Malaysia	766	secondary	3	659352	PASS	G/G	G/G	48	127	A,G	0,48	agree
SRR23343442	AD_Malaysia	822	within_species_comparison	1	659110	PASS	T/T	T/T	52	127	C,T	0,52	agree
SRR23343442	AD_Malaysia	822	within_species_comparison	2	659109	PASS	A/A	A/A	54		A	54	agree
SRR23343442	AD_Malaysia	822	within_species_comparison	3	659108	PASS	T/T	T/T	52		T	52	agree
SRR23343442	AD_Malaysia	1134	primary	1	657921	PASS	A/A	A/A	56	127	G,A	0,56	agree
SRR23343442	AD_Malaysia	1134	primary	2	657920	PASS	A/A	A/A	56		A	56	agree
SRR23343442	AD_Malaysia	1134	primary	3	657919	PASS	A/A	A/A	62		A	62	agree
SRR23343443	AD_Malaysia	254	primary	1	661513	PASS	G/G	G/G	21	127	A,G	0,21	agree
SRR23343443	AD_Malaysia	254	primary	2	661512	PASS	A/A	A/A	23		A	23	agree
SRR23343443	AD_Malaysia	254	primary	3	661511	PASS	A/A	A/A	22		A	22	agree
SRR23343443	AD_Malaysia	452	within_species_comparison	1	660645	PASS	T/T	T/T	27		T	27	agree
SRR23343443	AD_Malaysia	452	within_species_comparison	2	660644	PASS	G/G	G/G	25		G	25	agree
SRR23343443	AD_Malaysia	452	within_species_comparison	3	660643	PASS	T/T	T/T	26	127	C,T	0,26	agree
SRR23343443	AD_Malaysia	474	secondary	1	660579	PASS	G/G	G/G	23	127	T,G	0,23	agree
SRR23343443	AD_Malaysia	474	secondary	2	660578	PASS	T/T	T/T	24		T	24	agree
SRR23343443	AD_Malaysia	474	secondary	3	660577	PASS	T/T	T/T	22		T	22	agree
SRR23343443	AD_Malaysia	549	primary	1	660252	PASS	A/A	A/A	20		A	20	agree
SRR23343443	AD_Malaysia	549	primary	2	660251	PASS	A/A	A/A	21		A	21	agree
SRR23343443	AD_Malaysia	549	primary	3	660250	PASS	C/C	C/C	22	127	A,C	0,22	agree
SRR23343443	AD_Malaysia	717	secondary	1	659588	PASS	C/C	C/C	21	127	T,C	0,21	agree
SRR23343443	AD_Malaysia	717	secondary	2	659587	PASS	G/G	G/G	23		G	23	agree
SRR23343443	AD_Malaysia	717	secondary	3	659586	PASS	A/A	A/A	24		A	24	agree
SRR23343443	AD_Malaysia	727	secondary	1	659471	PASS	C/C	C/C	23		C	23	agree
SRR23343443	AD_Malaysia	727	secondary	2	659470	PASS	G/G	G/G	18	127	A,G	0,18	agree
SRR23343443	AD_Malaysia	727	secondary	3	659469	PASS	A/A	A/A	21		A	21	agree
SRR23343443	AD_Malaysia	766	secondary	1	659354	PASS	G/G	G/G	29	127	A,G	0,29	agree
SRR23343443	AD_Malaysia	766	secondary	2	659353	PASS	A/A	A/A	31		A	31	agree
SRR23343443	AD_Malaysia	766	secondary	3	659352	PASS	G/G	G/G	29	127	A,G	0,29	agree
SRR23343443	AD_Malaysia	822	within_species_comparison	1	659110	PASS	T/T	T/T	30	127	C,T	0,30	agree
SRR23343443	AD_Malaysia	822	within_species_comparison	2	659109	PASS	A/A	A/A	32		A	32	agree
SRR23343443	AD_Malaysia	822	within_species_comparison	3	659108	PASS	T/T	T/T	29		T	29	agree
SRR23343443	AD_Malaysia	1134	primary	1	657921	PASS	A/A	A/A	26	127	G,A	0,26	agree
SRR23343443	AD_Malaysia	1134	primary	2	657920	PASS	A/A	A/A	27		A	27	agree
SRR23343443	AD_Malaysia	1134	primary	3	657919	PASS	A/A	A/A	27		A	27	agree
SRR23343444	AD_Malaysia	254	primary	1	661513	PASS	G/G	G/G	25	127	A,G	0,25	agree
SRR23343444	AD_Malaysia	254	primary	2	661512	PASS	A/A	A/A	26		A	26	agree
SRR23343444	AD_Malaysia	254	primary	3	661511	PASS	A/A	A/A	27		A	27	agree
SRR23343444	AD_Malaysia	452	within_species_comparison	1	660645	PASS	T/T	T/T	27		T	27	agree
SRR23343444	AD_Malaysia	452	within_species_comparison	2	660644	PASS	G/G	G/G	25		G	25	agree
SRR23343444	AD_Malaysia	452	within_species_comparison	3	660643	PASS	T/T	T/T	27	127	C,T	0,27	agree
SRR23343444	AD_Malaysia	474	secondary	1	660579	PASS	G/G	G/G	21	127	T,G	0,21	agree
SRR23343444	AD_Malaysia	474	secondary	2	660578	PASS	T/T	T/T	19		T	19	agree
SRR23343444	AD_Malaysia	474	secondary	3	660577	PASS	T/T	T/T	19		T	19	agree
SRR23343444	AD_Malaysia	549	primary	1	660252	PASS	A/A	A/A	18		A	18	agree
SRR23343444	AD_Malaysia	549	primary	2	660251	PASS	A/A	A/A	19		A	19	agree
SRR23343444	AD_Malaysia	549	primary	3	660250	PASS	C/C	C/C	14	127	A,C	0,14	agree
SRR23343444	AD_Malaysia	717	secondary	1	659588	PASS	C/C	C/C	16	127	T,C	0,16	agree
SRR23343444	AD_Malaysia	717	secondary	2	659587	PASS	G/G	G/G	15		G	15	agree
SRR23343444	AD_Malaysia	717	secondary	3	659586	PASS	A/A	A/A	18		A	18	agree
SRR23343444	AD_Malaysia	727	secondary	1	659471	PASS	C/C	C/C	24		C	24	agree
SRR23343444	AD_Malaysia	727	secondary	2	659470	PASS	G/G	G/G	23	127	A,G	0,23	agree
SRR23343444	AD_Malaysia	727	secondary	3	659469	PASS	A/A	A/A	23		A	23	agree
SRR23343444	AD_Malaysia	766	secondary	1	659354	PASS	G/G	G/G	13	127	A,G	0,13	agree
SRR23343444	AD_Malaysia	766	secondary	2	659353	PASS	A/A	A/A	15		A	15	agree
SRR23343444	AD_Malaysia	766	secondary	3	659352	PASS	G/G	G/G	15	127	A,G	0,15	agree
SRR23343444	AD_Malaysia	822	within_species_comparison	1	659110	PASS	T/T	T/T	21	127	C,T	0,21	agree
SRR23343444	AD_Malaysia	822	within_species_comparison	2	659109	PASS	A/A	A/A	20		A	20	agree
SRR23343444	AD_Malaysia	822	within_species_comparison	3	659108	PASS	T/T	T/T	20		T	20	agree
SRR23343444	AD_Malaysia	1134	primary	1	657921	PASS	A/A	A/A	34	127	G,A	0,34	agree
SRR23343444	AD_Malaysia	1134	primary	2	657920	PASS	A/A	A/A	30		A	30	agree
SRR23343444	AD_Malaysia	1134	primary	3	657919	PASS	A/A	A/A	37		A	37	agree
SRR23343445	AD_Malaysia	254	primary	1	661513	PASS	G/G	G/G	42	127	A,G	0,42	agree
SRR23343445	AD_Malaysia	254	primary	2	661512	PASS	A/A	A/A	46		A	46	agree
SRR23343445	AD_Malaysia	254	primary	3	661511	PASS	A/A	A/A	46		A	46	agree
SRR23343445	AD_Malaysia	452	within_species_comparison	1	660645	PASS	T/T	T/T	40		T	40	agree
SRR23343445	AD_Malaysia	452	within_species_comparison	2	660644	PASS	G/G	G/G	38		G	38	agree
SRR23343445	AD_Malaysia	452	within_species_comparison	3	660643	PASS	T/T	T/T	38	127	C,T	0,38	agree
SRR23343445	AD_Malaysia	474	secondary	1	660579	PASS	G/G	G/G	42	127	T,G	0,42	agree
SRR23343445	AD_Malaysia	474	secondary	2	660578	PASS	T/T	T/T	43		T	43	agree
SRR23343445	AD_Malaysia	474	secondary	3	660577	PASS	T/T	T/T	41		T	41	agree
SRR23343445	AD_Malaysia	549	primary	1	660252	PASS	A/A	A/A	35		A	35	agree
SRR23343445	AD_Malaysia	549	primary	2	660251	PASS	A/A	A/A	37		A	37	agree
SRR23343445	AD_Malaysia	549	primary	3	660250	PASS	C/C	C/C	34	127	A,C	0,34	agree
SRR23343445	AD_Malaysia	717	secondary	1	659588	PASS	C/C	C/C	36	127	T,C	0,36	agree
SRR23343445	AD_Malaysia	717	secondary	2	659587	PASS	G/G	G/G	32		G	32	agree
SRR23343445	AD_Malaysia	717	secondary	3	659586	PASS	A/A	A/A	35		A	35	agree
SRR23343445	AD_Malaysia	727	secondary	1	659471	PASS	C/C	C/C	38		C	38	agree
SRR23343445	AD_Malaysia	727	secondary	2	659470	PASS	G/G	G/G	35	127	A,G	0,35	agree
SRR23343445	AD_Malaysia	727	secondary	3	659469	PASS	A/A	A/A	36		A	36	agree
SRR23343445	AD_Malaysia	766	secondary	1	659354	PASS	G/G	G/G	43	127	A,G	0,43	agree
SRR23343445	AD_Malaysia	766	secondary	2	659353	PASS	A/A	A/A	44		A	44	agree
SRR23343445	AD_Malaysia	766	secondary	3	659352	PASS	G/G	G/G	43	127	A,G	0,43	agree
SRR23343445	AD_Malaysia	822	within_species_comparison	1	659110	PASS	T/T	T/T	54	127	C,T	0,54	agree
SRR23343445	AD_Malaysia	822	within_species_comparison	2	659109	PASS	A/A	A/A	51		A	51	agree
SRR23343445	AD_Malaysia	822	within_species_comparison	3	659108	PASS	T/T	T/T	51		T	51	agree
SRR23343445	AD_Malaysia	1134	primary	1	657921	PASS	A/A	A/A	39	127	G,A	0,39	agree
SRR23343445	AD_Malaysia	1134	primary	2	657920	PASS	A/A	A/A	41		A	41	agree
SRR23343445	AD_Malaysia	1134	primary	3	657919	PASS	A/A	A/A	44		A	44	agree
SRR23343446	AD_Malaysia	254	primary	1	661513	PASS	G/G	G/G	20	127	A,G	0,20	agree
SRR23343446	AD_Malaysia	254	primary	2	661512	PASS	A/A	A/A	24		A	24	agree
SRR23343446	AD_Malaysia	254	primary	3	661511	PASS	A/A	A/A	22		A	22	agree
SRR23343446	AD_Malaysia	452	within_species_comparison	1	660645	PASS	T/T	T/T	28		T	28	agree
SRR23343446	AD_Malaysia	452	within_species_comparison	2	660644	PASS	G/G	G/G	30		G	30	agree
SRR23343446	AD_Malaysia	452	within_species_comparison	3	660643	PASS	T/T	T/T	30	127	C,T	0,30	agree
SRR23343446	AD_Malaysia	474	secondary	1	660579	PASS	G/G	G/G	31	127	T,G	0,31	agree
SRR23343446	AD_Malaysia	474	secondary	2	660578	PASS	T/T	T/T	30		T	30	agree
SRR23343446	AD_Malaysia	474	secondary	3	660577	PASS	T/T	T/T	25		T	25	agree
SRR23343446	AD_Malaysia	549	primary	1	660252	PASS	A/A	A/A	31		A	31	agree
SRR23343446	AD_Malaysia	549	primary	2	660251	PASS	A/A	A/A	29		A	29	agree
SRR23343446	AD_Malaysia	549	primary	3	660250	PASS	C/C	C/C	30	127	A,C	0,30	agree
SRR23343446	AD_Malaysia	717	secondary	1	659588	PASS	C/C	C/C	20	127	T,C	0,20	agree
SRR23343446	AD_Malaysia	717	secondary	2	659587	PASS	G/G	G/G	19		G	19	agree
SRR23343446	AD_Malaysia	717	secondary	3	659586	PASS	A/A	A/A	22		A	22	agree
SRR23343446	AD_Malaysia	727	secondary	1	659471	PASS	C/C	C/C	27		C	27	agree
SRR23343446	AD_Malaysia	727	secondary	2	659470	PASS	G/G	G/G	27	127	A,G	0,27	agree
SRR23343446	AD_Malaysia	727	secondary	3	659469	PASS	A/A	A/A	27		A	27	agree
SRR23343446	AD_Malaysia	766	secondary	1	659354	PASS	G/G	G/G	29	127	A,G	0,29	agree
SRR23343446	AD_Malaysia	766	secondary	2	659353	PASS	A/A	A/A	27		A	27	agree
SRR23343446	AD_Malaysia	766	secondary	3	659352	PASS	G/G	G/G	27	127	A,G	0,27	agree
SRR23343446	AD_Malaysia	822	within_species_comparison	1	659110	PASS	T/T	T/T	27	127	C,T	0,27	agree
SRR23343446	AD_Malaysia	822	within_species_comparison	2	659109	PASS	A/A	A/A	29		A	29	agree
SRR23343446	AD_Malaysia	822	within_species_comparison	3	659108	PASS	T/T	T/T	28		T	28	agree
SRR23343446	AD_Malaysia	1134	primary	1	657921	PASS	A/A	A/A	24	127	G,A	0,24	agree
SRR23343446	AD_Malaysia	1134	primary	2	657920	PASS	A/A	A/A	24		A	24	agree
SRR23343446	AD_Malaysia	1134	primary	3	657919	PASS	A/A	A/A	25		A	25	agree
SRR23343447	AD_Malaysia	254	primary	1	661513	PASS	G/G	G/G	29	127	A,G	0,29	agree
SRR23343447	AD_Malaysia	254	primary	2	661512	PASS	A/A	A/A	28		A	28	agree
SRR23343447	AD_Malaysia	254	primary	3	661511	PASS	A/A	A/A	28		A	28	agree
SRR23343447	AD_Malaysia	452	within_species_comparison	1	660645	PASS	T/T	T/T	45		T	45	agree
SRR23343447	AD_Malaysia	452	within_species_comparison	2	660644	PASS	G/G	G/G	43		G	43	agree
SRR23343447	AD_Malaysia	452	within_species_comparison	3	660643	PASS	T/T	T/T	42	127	C,T	0,42	agree
SRR23343447	AD_Malaysia	474	secondary	1	660579	PASS	G/G	G/G	34	127	T,G	0,34	agree
SRR23343447	AD_Malaysia	474	secondary	2	660578	PASS	T/T	T/T	33		T	33	agree
SRR23343447	AD_Malaysia	474	secondary	3	660577	PASS	T/T	T/T	32		T	32	agree
SRR23343447	AD_Malaysia	549	primary	1	660252	PASS	A/A	A/A	27		A	27	agree
SRR23343447	AD_Malaysia	549	primary	2	660251	PASS	A/A	A/A	28		A	28	agree
SRR23343447	AD_Malaysia	549	primary	3	660250	PASS	C/C	C/C	28	127	A,C	0,28	agree
SRR23343447	AD_Malaysia	717	secondary	1	659588	PASS	C/C	C/C	26	127	T,C	0,26	agree
SRR23343447	AD_Malaysia	717	secondary	2	659587	PASS	G/G	G/G	25		G	25	agree
SRR23343447	AD_Malaysia	717	secondary	3	659586	PASS	A/A	A/A	27		A	27	agree
SRR23343447	AD_Malaysia	727	secondary	1	659471	PASS	C/C	C/C	36		C	36	agree
SRR23343447	AD_Malaysia	727	secondary	2	659470	PASS	G/G	G/G	29	127	A,G	0,29	agree
SRR23343447	AD_Malaysia	727	secondary	3	659469	PASS	A/A	A/A	37		A	37	agree
SRR23343447	AD_Malaysia	766	secondary	1	659354	PASS	G/G	G/G	39	127	A,G	0,39	agree
SRR23343447	AD_Malaysia	766	secondary	2	659353	PASS	A/A	A/A	37		A	37	agree
SRR23343447	AD_Malaysia	766	secondary	3	659352	PASS	G/G	G/G	39	127	A,G	0,39	agree
SRR23343447	AD_Malaysia	822	within_species_comparison	1	659110	PASS	T/T	T/T	44	127	C,T	0,44	agree
SRR23343447	AD_Malaysia	822	within_species_comparison	2	659109	PASS	A/A	A/A	47		A	47	agree
SRR23343447	AD_Malaysia	822	within_species_comparison	3	659108	PASS	T/T	T/T	44		T	44	agree
SRR23343447	AD_Malaysia	1134	primary	1	657921	PASS	A/A	A/A	40	127	G,A	0,40	agree
SRR23343447	AD_Malaysia	1134	primary	2	657920	PASS	A/A	A/A	42		A	42	agree
SRR23343447	AD_Malaysia	1134	primary	3	657919	PASS	A/A	A/A	43		A	43	agree
SRR23343448	AD_Malaysia	254	primary	1	661513	PASS	G/G	G/G	35	127	A,G	0,35	agree
SRR23343448	AD_Malaysia	254	primary	2	661512	PASS	A/A	A/A	38		A	38	agree
SRR23343448	AD_Malaysia	254	primary	3	661511	PASS	A/A	A/A	39		A	39	agree
SRR23343448	AD_Malaysia	452	within_species_comparison	1	660645	PASS	T/T	T/T	21		T	21	agree
SRR23343448	AD_Malaysia	452	within_species_comparison	2	660644	PASS	G/G	G/G	21		G	21	agree
SRR23343448	AD_Malaysia	452	within_species_comparison	3	660643	PASS	T/T	T/T	22	127	C,T	0,22	agree
SRR23343448	AD_Malaysia	474	secondary	1	660579	PASS	G/G	G/G	31	127	T,G	0,31	agree
SRR23343448	AD_Malaysia	474	secondary	2	660578	PASS	T/T	T/T	31		T	31	agree
SRR23343448	AD_Malaysia	474	secondary	3	660577	PASS	T/T	T/T	28		T	28	agree
SRR23343448	AD_Malaysia	549	primary	1	660252	PASS	A/A	A/A	26		A	26	agree
SRR23343448	AD_Malaysia	549	primary	2	660251	PASS	A/A	A/A	27		A	27	agree
SRR23343448	AD_Malaysia	549	primary	3	660250	PASS	C/C	C/C	25	127	A,C	0,25	agree
SRR23343448	AD_Malaysia	717	secondary	1	659588	PASS	C/C	C/C	13	127	T,C	0,13	agree
SRR23343448	AD_Malaysia	717	secondary	2	659587	PASS	G/G	G/G	12		G	12	agree
SRR23343448	AD_Malaysia	717	secondary	3	659586	PASS	A/A	A/A	17		A	17	agree
SRR23343448	AD_Malaysia	727	secondary	1	659471	PASS	C/C	C/C	23		C	23	agree
SRR23343448	AD_Malaysia	727	secondary	2	659470	PASS	G/G	G/G	25	127	A,G	0,25	agree
SRR23343448	AD_Malaysia	727	secondary	3	659469	PASS	A/A	A/A	27		A	27	agree
SRR23343448	AD_Malaysia	766	secondary	1	659354	PASS	G/G	G/G	25	127	A,G	0,25	agree
SRR23343448	AD_Malaysia	766	secondary	2	659353	PASS	A/A	A/A	25		A	25	agree
SRR23343448	AD_Malaysia	766	secondary	3	659352	PASS	G/G	G/G	24	127	A,G	0,24	agree
SRR23343448	AD_Malaysia	822	within_species_comparison	1	659110	PASS	T/T	T/T	28	127	C,T	0,28	agree
SRR23343448	AD_Malaysia	822	within_species_comparison	2	659109	PASS	A/A	A/A	29		A	29	agree
SRR23343448	AD_Malaysia	822	within_species_comparison	3	659108	PASS	T/T	T/T	29		T	29	agree
SRR23343448	AD_Malaysia	1134	primary	1	657921	PASS	A/A	A/A	26	127	G,A	0,26	agree
SRR23343448	AD_Malaysia	1134	primary	2	657920	PASS	A/A	A/A	28		A	28	agree
SRR23343448	AD_Malaysia	1134	primary	3	657919	PASS	A/A	A/A	30		A	30	agree
SRR23343449	AD_Malaysia	254	primary	1	661513	PASS	A/A	A/A	21		A	21	agree
SRR23343449	AD_Malaysia	254	primary	2	661512	PASS	A/A	A/A	25		A	25	agree
SRR23343449	AD_Malaysia	254	primary	3	661511	PASS	A/A	A/A	26		A	26	agree
SRR23343449	AD_Malaysia	452	within_species_comparison	1	660645	PASS	T/T	T/T	24		T	24	agree
SRR23343449	AD_Malaysia	452	within_species_comparison	2	660644	PASS	G/G	G/G	25		G	25	agree
SRR23343449	AD_Malaysia	452	within_species_comparison	3	660643	PASS	C/C	C/C	21		C	21	agree
SRR23343449	AD_Malaysia	474	secondary	1	660579	PASS	T/T	T/T	28		T	28	agree
SRR23343449	AD_Malaysia	474	secondary	2	660578	PASS	T/T	T/T	24		T	24	agree
SRR23343449	AD_Malaysia	474	secondary	3	660577	PASS	T/T	T/T	26		T	26	agree
SRR23343449	AD_Malaysia	549	primary	1	660252	PASS	A/A	A/A	26		A	26	agree
SRR23343449	AD_Malaysia	549	primary	2	660251	PASS	A/A	A/A	28		A	28	agree
SRR23343449	AD_Malaysia	549	primary	3	660250	PASS	A/A	A/A	30		A	30	agree
SRR23343449	AD_Malaysia	717	secondary	1	659588	PASS	T/T	T/T	19		T	19	agree
SRR23343449	AD_Malaysia	717	secondary	2	659587	PASS	G/G	G/G	16		G	16	agree
SRR23343449	AD_Malaysia	717	secondary	3	659586	PASS	A/A	A/A	21		A	21	agree
SRR23343449	AD_Malaysia	727	secondary	1	659471	PASS	C/C	C/C	26		C	26	agree
SRR23343449	AD_Malaysia	727	secondary	2	659470	PASS	A/A	A/A	28		A	28	agree
SRR23343449	AD_Malaysia	727	secondary	3	659469	PASS	A/A	A/A	25		A	25	agree
SRR23343449	AD_Malaysia	766	secondary	1	659354	PASS	A/A	A/A	31		A	31	agree
SRR23343449	AD_Malaysia	766	secondary	2	659353	PASS	A/A	A/A	32		A	32	agree
SRR23343449	AD_Malaysia	766	secondary	3	659352	PASS	A/A	A/A	31		A	31	agree
SRR23343449	AD_Malaysia	822	within_species_comparison	1	659110	PASS	T/T	T/T	24	127	C,T	0,24	agree
SRR23343449	AD_Malaysia	822	within_species_comparison	2	659109	PASS	A/A	A/A	22		A	22	agree
SRR23343449	AD_Malaysia	822	within_species_comparison	3	659108	PASS	T/T	T/T	23		T	23	agree
SRR23343449	AD_Malaysia	1134	primary	1	657921	PASS	G/G	G/G	34		G	34	agree
SRR23343449	AD_Malaysia	1134	primary	2	657920	PASS	A/A	A/A	30		A	30	agree
SRR23343449	AD_Malaysia	1134	primary	3	657919	PASS	A/A	A/A	34		A	34	agree
SRR23343450	AD_Malaysia	254	primary	1	661513	PASS	G/G	G/G	37	127	A,G	0,37	agree
SRR23343450	AD_Malaysia	254	primary	2	661512	PASS	A/A	A/A	38		A	38	agree
SRR23343450	AD_Malaysia	254	primary	3	661511	PASS	A/A	A/A	38		A	38	agree
SRR23343450	AD_Malaysia	452	within_species_comparison	1	660645	PASS	T/T	T/T	37		T	37	agree
SRR23343450	AD_Malaysia	452	within_species_comparison	2	660644	PASS	G/G	G/G	33		G	33	agree
SRR23343450	AD_Malaysia	452	within_species_comparison	3	660643	PASS	T/T	T/T	37	127	C,T	0,37	agree
SRR23343450	AD_Malaysia	474	secondary	1	660579	PASS	G/G	G/G	35	127	T,G	0,35	agree
SRR23343450	AD_Malaysia	474	secondary	2	660578	PASS	T/T	T/T	32		T	32	agree
SRR23343450	AD_Malaysia	474	secondary	3	660577	PASS	T/T	T/T	32		T	32	agree
SRR23343450	AD_Malaysia	549	primary	1	660252	PASS	A/A	A/A	39		A	39	agree
SRR23343450	AD_Malaysia	549	primary	2	660251	PASS	A/A	A/A	43		A	43	agree
SRR23343450	AD_Malaysia	549	primary	3	660250	PASS	C/C	C/C	40	127	A,C	0,40	agree
SRR23343450	AD_Malaysia	717	secondary	1	659588	PASS	C/C	C/C	19	127	T,C	0,19	agree
SRR23343450	AD_Malaysia	717	secondary	2	659587	PASS	G/G	G/G	19		G	19	agree
SRR23343450	AD_Malaysia	717	secondary	3	659586	PASS	A/A	A/A	20		A	20	agree
SRR23343450	AD_Malaysia	727	secondary	1	659471	PASS	C/C	C/C	26		C	26	agree
SRR23343450	AD_Malaysia	727	secondary	2	659470	PASS	G/G	G/G	25	127	A,G	0,25	agree
SRR23343450	AD_Malaysia	727	secondary	3	659469	PASS	A/A	A/A	25		A	25	agree
SRR23343450	AD_Malaysia	766	secondary	1	659354	PASS	G/G	G/G	33	127	A,G	0,33	agree
SRR23343450	AD_Malaysia	766	secondary	2	659353	PASS	A/A	A/A	33		A	33	agree
SRR23343450	AD_Malaysia	766	secondary	3	659352	PASS	G/G	G/G	31	127	A,G	0,31	agree
SRR23343450	AD_Malaysia	822	within_species_comparison	1	659110	PASS	T/T	T/T	36	127	C,T	0,36	agree
SRR23343450	AD_Malaysia	822	within_species_comparison	2	659109	PASS	A/A	A/A	36		A	36	agree
SRR23343450	AD_Malaysia	822	within_species_comparison	3	659108	PASS	T/T	T/T	35		T	35	agree
SRR23343450	AD_Malaysia	1134	primary	1	657921	PASS	A/A	A/A	33	127	G,A	0,33	agree
SRR23343450	AD_Malaysia	1134	primary	2	657920	PASS	A/A	A/A	31		A	31	agree
SRR23343450	AD_Malaysia	1134	primary	3	657919	PASS	A/A	A/A	32		A	32	agree
SRR23343451	AD_Malaysia	254	primary	1	661513	PASS	G/G	G/G	26	127	A,G	0,26	agree
SRR23343451	AD_Malaysia	254	primary	2	661512	PASS	A/A	A/A	28		A	28	agree
SRR23343451	AD_Malaysia	254	primary	3	661511	PASS	A/A	A/A	27		A	27	agree
SRR23343451	AD_Malaysia	452	within_species_comparison	1	660645	PASS	T/T	T/T	35		T	35	agree
SRR23343451	AD_Malaysia	452	within_species_comparison	2	660644	PASS	G/G	G/G	34		G	34	agree
SRR23343451	AD_Malaysia	452	within_species_comparison	3	660643	PASS	T/T	T/T	32	127	C,T	0,32	agree
SRR23343451	AD_Malaysia	474	secondary	1	660579	PASS	G/G	G/G	33	127	T,G	0,33	agree
SRR23343451	AD_Malaysia	474	secondary	2	660578	PASS	T/T	T/T	32		T	32	agree
SRR23343451	AD_Malaysia	474	secondary	3	660577	PASS	T/T	T/T	30		T	30	agree
SRR23343451	AD_Malaysia	549	primary	1	660252	PASS	A/A	A/A	24		A	24	agree
SRR23343451	AD_Malaysia	549	primary	2	660251	PASS	A/A	A/A	26		A	25	agree
SRR23343451	AD_Malaysia	549	primary	3	660250	PASS	C/C	C/C	25	127	A,C	0,25	agree
SRR23343451	AD_Malaysia	717	secondary	1	659588	PASS	C/C	C/C	22	127	T,C	0,22	agree
SRR23343451	AD_Malaysia	717	secondary	2	659587	PASS	G/G	G/G	23		G	23	agree
SRR23343451	AD_Malaysia	717	secondary	3	659586	PASS	A/A	A/A	23		A	23	agree
SRR23343451	AD_Malaysia	727	secondary	1	659471	PASS	C/C	C/C	23		C	23	agree
SRR23343451	AD_Malaysia	727	secondary	2	659470	PASS	G/G	G/G	22	127	A,G	0,22	agree
SRR23343451	AD_Malaysia	727	secondary	3	659469	PASS	A/A	A/A	23		A	23	agree
SRR23343451	AD_Malaysia	766	secondary	1	659354	PASS	G/G	G/G	23	127	A,G	0,23	agree
SRR23343451	AD_Malaysia	766	secondary	2	659353	PASS	A/A	A/A	23		A	23	agree
SRR23343451	AD_Malaysia	766	secondary	3	659352	PASS	G/G	G/G	22	127	A,G	0,22	agree
SRR23343451	AD_Malaysia	822	within_species_comparison	1	659110	PASS	T/T	T/T	23	127	C,T	0,23	agree
SRR23343451	AD_Malaysia	822	within_species_comparison	2	659109	PASS	A/A	A/A	23		A	23	agree
SRR23343451	AD_Malaysia	822	within_species_comparison	3	659108	PASS	T/T	T/T	23		T	23	agree
SRR23343451	AD_Malaysia	1134	primary	1	657921	PASS	A/A	A/A	22	127	G,A	0,22	agree
SRR23343451	AD_Malaysia	1134	primary	2	657920	PASS	A/A	A/A	22		A	22	agree
SRR23343451	AD_Malaysia	1134	primary	3	657919	PASS	A/A	A/A	26		A	26	agree
SRR23343452	AD_Malaysia	254	primary	1	661513	PASS	G/G	G/G	28	127	A,G	0,28	agree
SRR23343452	AD_Malaysia	254	primary	2	661512	PASS	A/A	A/A	27		A	27	agree
SRR23343452	AD_Malaysia	254	primary	3	661511	PASS	A/A	A/A	26		A	26	agree
SRR23343452	AD_Malaysia	452	within_species_comparison	1	660645	PASS	T/T	T/T	49		T	49	agree
SRR23343452	AD_Malaysia	452	within_species_comparison	2	660644	PASS	G/G	G/G	47		G	47	agree
SRR23343452	AD_Malaysia	452	within_species_comparison	3	660643	PASS	T/T	T/T	48	127	C,T	0,48	agree
SRR23343452	AD_Malaysia	474	secondary	1	660579	PASS	G/G	G/G	45	127	T,G	0,45	agree
SRR23343452	AD_Malaysia	474	secondary	2	660578	PASS	T/T	T/T	44		T	44	agree
SRR23343452	AD_Malaysia	474	secondary	3	660577	PASS	T/T	T/T	40		T	40	agree
SRR23343452	AD_Malaysia	549	primary	1	660252	PASS	A/A	A/A	31		A	31	agree
SRR23343452	AD_Malaysia	549	primary	2	660251	PASS	A/A	A/A	33		A	33	agree
SRR23343452	AD_Malaysia	549	primary	3	660250	PASS	C/C	C/C	32	127	A,C	0,32	agree
SRR23343452	AD_Malaysia	717	secondary	1	659588	PASS	C/C	C/C	27	127	T,C	0,27	agree
SRR23343452	AD_Malaysia	717	secondary	2	659587	PASS	G/G	G/G	33		G	33	agree
SRR23343452	AD_Malaysia	717	secondary	3	659586	PASS	A/A	A/A	31		A	31	agree
SRR23343452	AD_Malaysia	727	secondary	1	659471	PASS	C/C	C/C	42		C	42	agree
SRR23343452	AD_Malaysia	727	secondary	2	659470	PASS	G/G	G/G	40	127	A,G	0,40	agree
SRR23343452	AD_Malaysia	727	secondary	3	659469	PASS	A/A	A/A	41		A	41	agree
SRR23343452	AD_Malaysia	766	secondary	1	659354	PASS	G/G	G/G	36	127	A,G	0,36	agree
SRR23343452	AD_Malaysia	766	secondary	2	659353	PASS	A/A	A/A	35		A	35	agree
SRR23343452	AD_Malaysia	766	secondary	3	659352	PASS	G/G	G/G	34	127	A,G	0,34	agree
SRR23343452	AD_Malaysia	822	within_species_comparison	1	659110	PASS	T/T	T/T	36	127	C,T	0,36	agree
SRR23343452	AD_Malaysia	822	within_species_comparison	2	659109	PASS	A/A	A/A	39		A	39	agree
SRR23343452	AD_Malaysia	822	within_species_comparison	3	659108	PASS	T/T	T/T	36		T	36	agree
SRR23343452	AD_Malaysia	1134	primary	1	657921	PASS	A/A	A/A	35	127	G,A	0,35	agree
SRR23343452	AD_Malaysia	1134	primary	2	657920	PASS	A/A	A/A	38		A	38	agree
SRR23343452	AD_Malaysia	1134	primary	3	657919	PASS	A/A	A/A	39		A	39	agree
SRR23343453	AD_Malaysia	254	primary	1	661513	PASS	G/G	G/G	13	127	A,G	0,13	agree
SRR23343453	AD_Malaysia	254	primary	2	661512	PASS	A/A	A/A	12		A	12	agree
SRR23343453	AD_Malaysia	254	primary	3	661511	PASS	A/A	A/A	13		A	13	agree
SRR23343453	AD_Malaysia	452	within_species_comparison	1	660645	PASS	T/T	T/T	14		T	14	agree
SRR23343453	AD_Malaysia	452	within_species_comparison	2	660644	PASS	G/G	G/G	15		G	15	agree
SRR23343453	AD_Malaysia	452	within_species_comparison	3	660643	PASS	T/T	T/T	15	127	C,T	0,15	agree
SRR23343453	AD_Malaysia	474	secondary	1	660579	PASS	G/G	G/G	16	127	T,G	0,16	agree
SRR23343453	AD_Malaysia	474	secondary	2	660578	PASS	T/T	T/T	17		T	17	agree
SRR23343453	AD_Malaysia	474	secondary	3	660577	PASS	T/T	T/T	15		T	15	agree
SRR23343453	AD_Malaysia	549	primary	1	660252	PASS	A/A	A/A	17		A	17	agree
SRR23343453	AD_Malaysia	549	primary	2	660251	PASS	A/A	A/A	16		A	16	agree
SRR23343453	AD_Malaysia	549	primary	3	660250	PASS	C/C	C/C	16	127	A,C	0,16	agree
SRR23343453	AD_Malaysia	717	secondary	1	659588	PASS	C/C	C/C	21	127	T,C	0,21	agree
SRR23343453	AD_Malaysia	717	secondary	2	659587	PASS	G/G	G/G	20		G	20	agree
SRR23343453	AD_Malaysia	717	secondary	3	659586	PASS	A/A	A/A	19		A	19	agree
SRR23343453	AD_Malaysia	727	secondary	1	659471	low_depth;low_genotype_quality	C/C	C/C	11		C	11	codon_call_filtered
SRR23343453	AD_Malaysia	727	secondary	2	659470	low_depth;low_genotype_quality	G/G	G/G	9	127	A,G	0,9	codon_call_filtered
SRR23343453	AD_Malaysia	727	secondary	3	659469	low_depth;low_genotype_quality	A/A	A/A	10		A	10	codon_call_filtered
SRR23343453	AD_Malaysia	766	secondary	1	659354	PASS	G/G	G/G	19	127	A,G	0,19	agree
SRR23343453	AD_Malaysia	766	secondary	2	659353	PASS	A/A	A/A	19		A	19	agree
SRR23343453	AD_Malaysia	766	secondary	3	659352	PASS	G/G	G/G	19	127	A,G	0,19	agree
SRR23343453	AD_Malaysia	822	within_species_comparison	1	659110	PASS	T/T	T/T	21	127	C,T	0,21	agree
SRR23343453	AD_Malaysia	822	within_species_comparison	2	659109	PASS	A/A	A/A	22		A	22	agree
SRR23343453	AD_Malaysia	822	within_species_comparison	3	659108	PASS	T/T	T/T	21		T	21	agree
SRR23343453	AD_Malaysia	1134	primary	1	657921	PASS	A/A	A/A	23	127	G,A	0,23	agree
SRR23343453	AD_Malaysia	1134	primary	2	657920	PASS	A/A	A/A	23		A	23	agree
SRR23343453	AD_Malaysia	1134	primary	3	657919	PASS	A/A	A/A	25		A	25	agree
SRR23343454	AD_Malaysia	254	primary	1	661513	PASS	G/G	G/G	32	127	A,G	0,32	agree
SRR23343454	AD_Malaysia	254	primary	2	661512	PASS	A/A	A/A	32		A	32	agree
SRR23343454	AD_Malaysia	254	primary	3	661511	PASS	A/A	A/A	36		A	36	agree
SRR23343454	AD_Malaysia	452	within_species_comparison	1	660645	PASS	T/T	T/T	31		T	31	agree
SRR23343454	AD_Malaysia	452	within_species_comparison	2	660644	PASS	G/G	G/G	30		G	30	agree
SRR23343454	AD_Malaysia	452	within_species_comparison	3	660643	PASS	T/T	T/T	29	127	C,T	0,29	agree
SRR23343454	AD_Malaysia	474	secondary	1	660579	PASS	G/G	G/G	32	127	T,G	0,32	agree
SRR23343454	AD_Malaysia	474	secondary	2	660578	PASS	T/T	T/T	32		T	32	agree
SRR23343454	AD_Malaysia	474	secondary	3	660577	PASS	T/T	T/T	25		T	25	agree
SRR23343454	AD_Malaysia	549	primary	1	660252	PASS	A/A	A/A	25		A	25	agree
SRR23343454	AD_Malaysia	549	primary	2	660251	PASS	A/A	A/A	25		A	25	agree
SRR23343454	AD_Malaysia	549	primary	3	660250	PASS	C/C	C/C	23	127	A,C	0,23	agree
SRR23343454	AD_Malaysia	717	secondary	1	659588	PASS	C/C	C/C	28	127	T,C	0,28	agree
SRR23343454	AD_Malaysia	717	secondary	2	659587	PASS	G/G	G/G	28		G	28	agree
SRR23343454	AD_Malaysia	717	secondary	3	659586	PASS	A/A	A/A	31		A	31	agree
SRR23343454	AD_Malaysia	727	secondary	1	659471	PASS	C/C	C/C	22		C	22	agree
SRR23343454	AD_Malaysia	727	secondary	2	659470	PASS	G/G	G/G	22	127	A,G	0,22	agree
SRR23343454	AD_Malaysia	727	secondary	3	659469	PASS	A/A	A/A	21		A	21	agree
SRR23343454	AD_Malaysia	766	secondary	1	659354	PASS	G/G	G/G	18	127	A,G	0,18	agree
SRR23343454	AD_Malaysia	766	secondary	2	659353	PASS	A/A	A/A	18		A	18	agree
SRR23343454	AD_Malaysia	766	secondary	3	659352	PASS	G/G	G/G	17	127	A,G	0,17	agree
SRR23343454	AD_Malaysia	822	within_species_comparison	1	659110	PASS	T/T	T/T	27	127	C,T	0,27	agree
SRR23343454	AD_Malaysia	822	within_species_comparison	2	659109	PASS	A/A	A/A	32		A	32	agree
SRR23343454	AD_Malaysia	822	within_species_comparison	3	659108	PASS	T/T	T/T	32		T	32	agree
SRR23343454	AD_Malaysia	1134	primary	1	657921	PASS	A/A	A/A	27	127	G,A	0,27	agree
SRR23343454	AD_Malaysia	1134	primary	2	657920	PASS	A/A	A/A	25		A	25	agree
SRR23343454	AD_Malaysia	1134	primary	3	657919	PASS	A/A	A/A	29		A	29	agree
SRR23343455	AD_Malaysia	254	primary	1	661513	low_depth;low_genotype_quality;one_strand_only	G/G	G/G	3	127	A,G	0,3	codon_call_filtered
SRR23343455	AD_Malaysia	254	primary	2	661512	low_depth;low_genotype_quality;one_strand_only	A/A	A/A	3		A	3	codon_call_filtered
SRR23343455	AD_Malaysia	254	primary	3	661511	low_depth;low_genotype_quality;one_strand_only	A/A	A/A	3		A	3	codon_call_filtered
SRR23343455	AD_Malaysia	452	within_species_comparison	1	660645	low_depth;heterozygote_balance	T/T	T/T	6		T	6	codon_call_filtered
SRR23343455	AD_Malaysia	452	within_species_comparison	2	660644	low_depth;heterozygote_balance	C/G	C/G	4	45	G,C	2,2	codon_call_filtered
SRR23343455	AD_Malaysia	452	within_species_comparison	3	660643	low_depth;heterozygote_balance	T/T	T/T	6	127	C,T	0,6	codon_call_filtered
SRR23343455	AD_Malaysia	474	secondary	1	660579	low_depth;low_genotype_quality	G/G	G/G	3	127	T,G	0,3	codon_call_filtered
SRR23343455	AD_Malaysia	474	secondary	2	660578	low_depth;low_genotype_quality	T/T	T/T	4		T	4	codon_call_filtered
SRR23343455	AD_Malaysia	474	secondary	3	660577	low_depth;low_genotype_quality	T/T	T/T	4		T	4	codon_call_filtered
SRR23343455	AD_Malaysia	549	primary	1	660252	low_depth;low_genotype_quality	A/A	A/A	7		A	7	codon_call_filtered
SRR23343455	AD_Malaysia	549	primary	2	660251	low_depth;low_genotype_quality	A/A	A/A	7		A	7	codon_call_filtered
SRR23343455	AD_Malaysia	549	primary	3	660250	low_depth;low_genotype_quality	C/C	C/C	7	127	A,C	0,7	codon_call_filtered
SRR23343455	AD_Malaysia	717	secondary	1	659588	low_depth;low_genotype_quality;one_strand_only	C/C	C/C	1	127	T,C	0,1	codon_call_filtered
SRR23343455	AD_Malaysia	717	secondary	2	659587	low_depth;low_genotype_quality;one_strand_only	G/G	G/G	1		G	1	codon_call_filtered
SRR23343455	AD_Malaysia	717	secondary	3	659586	low_depth;low_genotype_quality;one_strand_only	A/A	A/A	1		A	1	codon_call_filtered
SRR23343455	AD_Malaysia	727	secondary	1	659471	low_depth;low_genotype_quality	C/C	C/C	5		C	5	codon_call_filtered
SRR23343455	AD_Malaysia	727	secondary	2	659470	low_depth;low_genotype_quality	G/G	G/G	5	127	A,G	0,5	codon_call_filtered
SRR23343455	AD_Malaysia	727	secondary	3	659469	low_depth;low_genotype_quality	A/A	A/A	5		A	5	codon_call_filtered
SRR23343455	AD_Malaysia	766	secondary	1	659354	low_depth;low_genotype_quality;one_strand_only	G/G	G/G	6	127	A,G	0,6	codon_call_filtered
SRR23343455	AD_Malaysia	766	secondary	2	659353	low_depth;low_genotype_quality;one_strand_only	A/A	A/A	7		A	7	codon_call_filtered
SRR23343455	AD_Malaysia	766	secondary	3	659352	low_depth;low_genotype_quality;one_strand_only	G/G	G/G	7	127	A,G	0,7	codon_call_filtered
SRR23343455	AD_Malaysia	822	within_species_comparison	1	659110	low_depth;low_genotype_quality;one_strand_only	T/T	T/T	1	127	C,T	0,1	codon_call_filtered
SRR23343455	AD_Malaysia	822	within_species_comparison	2	659109	low_depth;low_genotype_quality;one_strand_only	A/A	A/A	1		A	1	codon_call_filtered
SRR23343455	AD_Malaysia	822	within_species_comparison	3	659108	low_depth;low_genotype_quality;one_strand_only	T/T	T/T	1		T	1	codon_call_filtered
SRR23343455	AD_Malaysia	1134	primary	1	657921	low_depth;low_genotype_quality	A/A	A/A	2	127	G,A	0,2	codon_call_filtered
SRR23343455	AD_Malaysia	1134	primary	2	657920	low_depth;low_genotype_quality	A/A	A/A	3		A	3	codon_call_filtered
SRR23343455	AD_Malaysia	1134	primary	3	657919	low_depth;low_genotype_quality	A/A	A/A	2		A	2	codon_call_filtered
SRR23343456	AD_Malaysia	254	primary	1	661513	PASS	G/G	G/G	26	127	A,G	0,26	agree
SRR23343456	AD_Malaysia	254	primary	2	661512	PASS	A/A	A/A	27		A	27	agree
SRR23343456	AD_Malaysia	254	primary	3	661511	PASS	A/A	A/A	29		A	29	agree
SRR23343456	AD_Malaysia	452	within_species_comparison	1	660645	PASS	T/T	T/T	23		T	23	agree
SRR23343456	AD_Malaysia	452	within_species_comparison	2	660644	PASS	C/G	C/G	26	127	G,C	19,7	agree
SRR23343456	AD_Malaysia	452	within_species_comparison	3	660643	PASS	T/T	T/T	25	127	C,T	0,25	agree
SRR23343456	AD_Malaysia	474	secondary	1	660579	PASS	G/G	G/G	26	127	T,G	0,26	agree
SRR23343456	AD_Malaysia	474	secondary	2	660578	PASS	T/T	T/T	26		T	26	agree
SRR23343456	AD_Malaysia	474	secondary	3	660577	PASS	T/T	T/T	24		T	24	agree
SRR23343456	AD_Malaysia	549	primary	1	660252	PASS	A/A	A/A	24		A	24	agree
SRR23343456	AD_Malaysia	549	primary	2	660251	PASS	A/A	A/A	24		A	24	agree
SRR23343456	AD_Malaysia	549	primary	3	660250	PASS	C/C	C/C	23	127	A,C	0,23	agree
SRR23343456	AD_Malaysia	717	secondary	1	659588	PASS	C/C	C/C	26	127	T,C	0,26	agree
SRR23343456	AD_Malaysia	717	secondary	2	659587	PASS	G/G	G/G	27		G	27	agree
SRR23343456	AD_Malaysia	717	secondary	3	659586	PASS	A/A	A/A	28		A	28	agree
SRR23343456	AD_Malaysia	727	secondary	1	659471	PASS	C/C	C/C	28		C	28	agree
SRR23343456	AD_Malaysia	727	secondary	2	659470	PASS	G/G	G/G	23	127	A,G	0,23	agree
SRR23343456	AD_Malaysia	727	secondary	3	659469	PASS	A/A	A/A	28		A	28	agree
SRR23343456	AD_Malaysia	766	secondary	1	659354	PASS	G/G	G/G	40	127	A,G	0,40	agree
SRR23343456	AD_Malaysia	766	secondary	2	659353	PASS	A/A	A/A	40		A	40	agree
SRR23343456	AD_Malaysia	766	secondary	3	659352	PASS	G/G	G/G	38	127	A,G	0,38	agree
SRR23343456	AD_Malaysia	822	within_species_comparison	1	659110	PASS	T/T	T/T	39	127	C,T	0,39	agree
SRR23343456	AD_Malaysia	822	within_species_comparison	2	659109	PASS	A/A	A/A	41		A	41	agree
SRR23343456	AD_Malaysia	822	within_species_comparison	3	659108	PASS	T/T	T/T	41		T	41	agree
SRR23343456	AD_Malaysia	1134	primary	1	657921	PASS	A/A	A/A	28	127	G,A	0,28	agree
SRR23343456	AD_Malaysia	1134	primary	2	657920	PASS	A/A	A/A	31		A	31	agree
SRR23343456	AD_Malaysia	1134	primary	3	657919	PASS	A/A	A/A	32		A	32	agree
SRR23343457	AD_Malaysia	254	primary	1	661513	PASS	G/G	G/G	32	127	A,G	0,32	agree
SRR23343457	AD_Malaysia	254	primary	2	661512	PASS	A/A	A/A	31		A	31	agree
SRR23343457	AD_Malaysia	254	primary	3	661511	PASS	A/A	A/A	35		A	35	agree
SRR23343457	AD_Malaysia	452	within_species_comparison	1	660645	PASS	T/T	T/T	36		T	36	agree
SRR23343457	AD_Malaysia	452	within_species_comparison	2	660644	PASS	G/G	G/G	37		G	37	agree
SRR23343457	AD_Malaysia	452	within_species_comparison	3	660643	PASS	T/T	T/T	35	127	C,T	0,35	agree
SRR23343457	AD_Malaysia	474	secondary	1	660579	PASS	G/G	G/G	30	127	T,G	0,30	agree
SRR23343457	AD_Malaysia	474	secondary	2	660578	PASS	T/T	T/T	28		T	28	agree
SRR23343457	AD_Malaysia	474	secondary	3	660577	PASS	T/T	T/T	29		T	29	agree
SRR23343457	AD_Malaysia	549	primary	1	660252	PASS	A/A	A/A	32		A	32	agree
SRR23343457	AD_Malaysia	549	primary	2	660251	PASS	A/A	A/A	33		A	33	agree
SRR23343457	AD_Malaysia	549	primary	3	660250	PASS	C/C	C/C	31	127	A,C	0,31	agree
SRR23343457	AD_Malaysia	717	secondary	1	659588	PASS	C/C	C/C	18	127	T,C	0,18	agree
SRR23343457	AD_Malaysia	717	secondary	2	659587	PASS	G/G	G/G	19		G	19	agree
SRR23343457	AD_Malaysia	717	secondary	3	659586	PASS	A/A	A/A	21		A	21	agree
SRR23343457	AD_Malaysia	727	secondary	1	659471	PASS	C/C	C/C	29		C	29	agree
SRR23343457	AD_Malaysia	727	secondary	2	659470	PASS	G/G	G/G	29	127	A,G	0,29	agree
SRR23343457	AD_Malaysia	727	secondary	3	659469	PASS	A/A	A/A	31		A	31	agree
SRR23343457	AD_Malaysia	766	secondary	1	659354	PASS	G/G	G/G	36	127	A,G	0,36	agree
SRR23343457	AD_Malaysia	766	secondary	2	659353	PASS	A/A	A/A	36		A	36	agree
SRR23343457	AD_Malaysia	766	secondary	3	659352	PASS	G/G	G/G	35	127	A,G	0,35	agree
SRR23343457	AD_Malaysia	822	within_species_comparison	1	659110	PASS	T/T	T/T	35	127	C,T	0,35	agree
SRR23343457	AD_Malaysia	822	within_species_comparison	2	659109	PASS	A/A	A/A	34		A	34	agree
SRR23343457	AD_Malaysia	822	within_species_comparison	3	659108	PASS	T/T	T/T	33		T	33	agree
SRR23343457	AD_Malaysia	1134	primary	1	657921	PASS	A/A	A/A	34	127	G,A	0,34	agree
SRR23343457	AD_Malaysia	1134	primary	2	657920	PASS	A/A	A/A	33		A	33	agree
SRR23343457	AD_Malaysia	1134	primary	3	657919	PASS	A/A	A/A	36		A	36	agree
SRR23343458	AD_Malaysia	254	primary	1	661513	PASS	G/G	G/G	34	127	A,G	0,34	agree
SRR23343458	AD_Malaysia	254	primary	2	661512	PASS	A/A	A/A	35		A	35	agree
SRR23343458	AD_Malaysia	254	primary	3	661511	PASS	A/A	A/A	36		A	36	agree
SRR23343458	AD_Malaysia	452	within_species_comparison	1	660645	PASS	T/T	T/T	49		T	49	agree
SRR23343458	AD_Malaysia	452	within_species_comparison	2	660644	PASS	G/G	G/G	51		G	51	agree
SRR23343458	AD_Malaysia	452	within_species_comparison	3	660643	PASS	T/T	T/T	52	127	C,T	0,52	agree
SRR23343458	AD_Malaysia	474	secondary	1	660579	PASS	G/G	G/G	39	127	T,G	0,39	agree
SRR23343458	AD_Malaysia	474	secondary	2	660578	PASS	T/T	T/T	41		T	41	agree
SRR23343458	AD_Malaysia	474	secondary	3	660577	PASS	T/T	T/T	38		T	38	agree
SRR23343458	AD_Malaysia	549	primary	1	660252	PASS	A/A	A/A	38		A	38	agree
SRR23343458	AD_Malaysia	549	primary	2	660251	PASS	A/A	A/A	41		A	41	agree
SRR23343458	AD_Malaysia	549	primary	3	660250	PASS	C/C	C/C	38	127	A,C	0,38	agree
SRR23343458	AD_Malaysia	717	secondary	1	659588	PASS	C/C	C/C	26	127	T,C	0,26	agree
SRR23343458	AD_Malaysia	717	secondary	2	659587	PASS	G/G	G/G	26		G	26	agree
SRR23343458	AD_Malaysia	717	secondary	3	659586	PASS	A/A	A/A	26		A	26	agree
SRR23343458	AD_Malaysia	727	secondary	1	659471	PASS	C/C	C/C	27		C	27	agree
SRR23343458	AD_Malaysia	727	secondary	2	659470	PASS	G/G	G/G	26	127	A,G	0,26	agree
SRR23343458	AD_Malaysia	727	secondary	3	659469	PASS	A/A	A/A	27		A	27	agree
SRR23343458	AD_Malaysia	766	secondary	1	659354	PASS	G/G	G/G	41	127	A,G	0,41	agree
SRR23343458	AD_Malaysia	766	secondary	2	659353	PASS	A/A	A/A	42		A	42	agree
SRR23343458	AD_Malaysia	766	secondary	3	659352	PASS	G/G	G/G	43	127	A,G	0,43	agree
SRR23343458	AD_Malaysia	822	within_species_comparison	1	659110	PASS	T/T	T/T	45	127	C,T	0,45	agree
SRR23343458	AD_Malaysia	822	within_species_comparison	2	659109	PASS	A/A	A/A	43		A	43	agree
SRR23343458	AD_Malaysia	822	within_species_comparison	3	659108	PASS	T/T	T/T	45		T	45	agree
SRR23343458	AD_Malaysia	1134	primary	1	657921	PASS	A/A	A/A	38	127	G,A	0,38	agree
SRR23343458	AD_Malaysia	1134	primary	2	657920	PASS	A/A	A/A	40		A	40	agree
SRR23343458	AD_Malaysia	1134	primary	3	657919	PASS	A/A	A/A	40		A	40	agree
SRR23343459	AD_Malaysia	254	primary	1	661513	PASS	G/G	G/G	21	127	A,G	0,21	agree
SRR23343459	AD_Malaysia	254	primary	2	661512	PASS	A/A	A/A	20		A	20	agree
SRR23343459	AD_Malaysia	254	primary	3	661511	PASS	A/A	A/A	20		A	20	agree
SRR23343459	AD_Malaysia	452	within_species_comparison	1	660645	PASS	T/T	T/T	24		T	24	agree
SRR23343459	AD_Malaysia	452	within_species_comparison	2	660644	PASS	G/G	G/G	22		G	22	agree
SRR23343459	AD_Malaysia	452	within_species_comparison	3	660643	PASS	T/T	T/T	27	127	C,T	0,27	agree
SRR23343459	AD_Malaysia	474	secondary	1	660579	PASS	G/G	G/G	22	127	T,G	0,22	agree
SRR23343459	AD_Malaysia	474	secondary	2	660578	PASS	T/T	T/T	22		T	22	agree
SRR23343459	AD_Malaysia	474	secondary	3	660577	PASS	T/T	T/T	22		T	22	agree
SRR23343459	AD_Malaysia	549	primary	1	660252	PASS	A/A	A/A	22		A	22	agree
SRR23343459	AD_Malaysia	549	primary	2	660251	PASS	A/A	A/A	22		A	22	agree
SRR23343459	AD_Malaysia	549	primary	3	660250	PASS	C/C	C/C	23	127	A,C	0,23	agree
SRR23343459	AD_Malaysia	717	secondary	1	659588	PASS	C/C	C/C	8	127	T,C	0,8	agree
SRR23343459	AD_Malaysia	717	secondary	2	659587	PASS	G/G	G/G	8		G	8	agree
SRR23343459	AD_Malaysia	717	secondary	3	659586	PASS	A/A	A/A	11		A	11	agree
SRR23343459	AD_Malaysia	727	secondary	1	659471	PASS	C/C	C/C	21		C	21	agree
SRR23343459	AD_Malaysia	727	secondary	2	659470	PASS	G/G	G/G	23	127	A,G	0,23	agree
SRR23343459	AD_Malaysia	727	secondary	3	659469	PASS	A/A	A/A	25		A	25	agree
SRR23343459	AD_Malaysia	766	secondary	1	659354	PASS	G/G	G/G	25	127	A,G	0,25	agree
SRR23343459	AD_Malaysia	766	secondary	2	659353	PASS	A/A	A/A	25		A	25	agree
SRR23343459	AD_Malaysia	766	secondary	3	659352	PASS	G/G	G/G	25	127	A,G	0,25	agree
SRR23343459	AD_Malaysia	822	within_species_comparison	1	659110	PASS	T/T	T/T	28	127	C,T	0,28	agree
SRR23343459	AD_Malaysia	822	within_species_comparison	2	659109	PASS	A/A	A/A	27		A	27	agree
SRR23343459	AD_Malaysia	822	within_species_comparison	3	659108	PASS	T/T	T/T	28		T	28	agree
SRR23343459	AD_Malaysia	1134	primary	1	657921	PASS	A/A	A/A	22	127	G,A	0,22	agree
SRR23343459	AD_Malaysia	1134	primary	2	657920	PASS	A/A	A/A	21		A	21	agree
SRR23343459	AD_Malaysia	1134	primary	3	657919	PASS	A/A	A/A	22		A	22	agree
SRR23343460	AD_Malaysia	254	primary	1	661513	PASS	A/A	A/A	28		A	28	agree
SRR23343460	AD_Malaysia	254	primary	2	661512	PASS	A/A	A/A	25		A	25	agree
SRR23343460	AD_Malaysia	254	primary	3	661511	PASS	A/A	A/A	30		A	30	agree
SRR23343460	AD_Malaysia	452	within_species_comparison	1	660645	PASS	T/T	T/T	29		T	29	agree
SRR23343460	AD_Malaysia	452	within_species_comparison	2	660644	PASS	G/G	G/G	35		G	35	agree
SRR23343460	AD_Malaysia	452	within_species_comparison	3	660643	PASS	C/C	C/C	35		C	35	agree
SRR23343460	AD_Malaysia	474	secondary	1	660579	PASS	T/T	T/T	35		T	35	agree
SRR23343460	AD_Malaysia	474	secondary	2	660578	PASS	T/T	T/T	33		T	33	agree
SRR23343460	AD_Malaysia	474	secondary	3	660577	PASS	T/T	T/T	30		T	30	agree
SRR23343460	AD_Malaysia	549	primary	1	660252	low_genotype_quality	A/A	A/A	20		A	20	codon_call_filtered
SRR23343460	AD_Malaysia	549	primary	2	660251	low_genotype_quality	A/A	A/A	19		A	19	codon_call_filtered
SRR23343460	AD_Malaysia	549	primary	3	660250	low_genotype_quality	A/A	A/A	21		A	20	codon_call_filtered
SRR23343460	AD_Malaysia	717	secondary	1	659588	PASS	T/T	T/T	25		T	25	agree
SRR23343460	AD_Malaysia	717	secondary	2	659587	PASS	G/G	G/G	23		G	23	agree
SRR23343460	AD_Malaysia	717	secondary	3	659586	PASS	A/A	A/A	26		A	26	agree
SRR23343460	AD_Malaysia	727	secondary	1	659471	PASS	C/C	C/C	23		C	23	agree
SRR23343460	AD_Malaysia	727	secondary	2	659470	PASS	A/A	A/A	26		A	26	agree
SRR23343460	AD_Malaysia	727	secondary	3	659469	PASS	A/A	A/A	27		A	27	agree
SRR23343460	AD_Malaysia	766	secondary	1	659354	PASS	A/A	A/A	28		A	28	agree
SRR23343460	AD_Malaysia	766	secondary	2	659353	PASS	A/A	A/A	31		A	31	agree
SRR23343460	AD_Malaysia	766	secondary	3	659352	PASS	A/A	A/A	29		A	29	agree
SRR23343460	AD_Malaysia	822	within_species_comparison	1	659110	PASS	T/T	T/T	31	127	C,T	0,31	agree
SRR23343460	AD_Malaysia	822	within_species_comparison	2	659109	PASS	A/A	A/A	35		A	35	agree
SRR23343460	AD_Malaysia	822	within_species_comparison	3	659108	PASS	T/T	T/T	32		T	32	agree
SRR23343460	AD_Malaysia	1134	primary	1	657921	PASS	G/G	G/G	46		G	46	agree
SRR23343460	AD_Malaysia	1134	primary	2	657920	PASS	A/A	A/A	42		A	42	agree
SRR23343460	AD_Malaysia	1134	primary	3	657919	PASS	A/A	A/A	47		A	47	agree
SRR23343461	AD_Malaysia	254	primary	1	661513	PASS	G/G	G/G	31	127	A,G	0,31	agree
SRR23343461	AD_Malaysia	254	primary	2	661512	PASS	A/A	A/A	35		A	35	agree
SRR23343461	AD_Malaysia	254	primary	3	661511	PASS	A/A	A/A	36		A	36	agree
SRR23343461	AD_Malaysia	452	within_species_comparison	1	660645	PASS	T/T	T/T	27		T	27	agree
SRR23343461	AD_Malaysia	452	within_species_comparison	2	660644	PASS	C/C	C/C	28	127	G,C	0,28	agree
SRR23343461	AD_Malaysia	452	within_species_comparison	3	660643	PASS	T/T	T/T	28	127	C,T	0,28	agree
SRR23343461	AD_Malaysia	474	secondary	1	660579	PASS	G/G	G/G	33	127	T,G	0,33	agree
SRR23343461	AD_Malaysia	474	secondary	2	660578	PASS	T/T	T/T	32		T	32	agree
SRR23343461	AD_Malaysia	474	secondary	3	660577	PASS	T/T	T/T	31		T	31	agree
SRR23343461	AD_Malaysia	549	primary	1	660252	PASS	A/A	A/A	20		A	20	agree
SRR23343461	AD_Malaysia	549	primary	2	660251	PASS	A/A	A/A	22		A	22	agree
SRR23343461	AD_Malaysia	549	primary	3	660250	PASS	C/C	C/C	23	127	A,C	0,23	agree
SRR23343461	AD_Malaysia	717	secondary	1	659588	PASS	C/C	C/C	20	127	T,C	0,20	agree
SRR23343461	AD_Malaysia	717	secondary	2	659587	PASS	G/G	G/G	21		G	21	agree
SRR23343461	AD_Malaysia	717	secondary	3	659586	PASS	A/A	A/A	18		A	18	agree
SRR23343461	AD_Malaysia	727	secondary	1	659471	PASS	C/C	C/C	32		C	32	agree
SRR23343461	AD_Malaysia	727	secondary	2	659470	PASS	G/G	G/G	30	127	A,G	0,30	agree
SRR23343461	AD_Malaysia	727	secondary	3	659469	PASS	A/A	A/A	29		A	29	agree
SRR23343461	AD_Malaysia	766	secondary	1	659354	PASS	G/G	G/G	36	127	A,G	0,36	agree
SRR23343461	AD_Malaysia	766	secondary	2	659353	PASS	A/A	A/A	33		A	33	agree
SRR23343461	AD_Malaysia	766	secondary	3	659352	PASS	G/G	G/G	35	127	A,G	0,35	agree
SRR23343461	AD_Malaysia	822	within_species_comparison	1	659110	PASS	T/T	T/T	37	127	C,T	0,37	agree
SRR23343461	AD_Malaysia	822	within_species_comparison	2	659109	PASS	A/A	A/A	37		A	37	agree
SRR23343461	AD_Malaysia	822	within_species_comparison	3	659108	PASS	T/T	T/T	35		T	35	agree
SRR23343461	AD_Malaysia	1134	primary	1	657921	PASS	A/A	A/A	34	127	G,A	0,34	agree
SRR23343461	AD_Malaysia	1134	primary	2	657920	PASS	A/A	A/A	34		A	34	agree
SRR23343461	AD_Malaysia	1134	primary	3	657919	PASS	A/A	A/A	34		A	34	agree
SRR23343462	AD_Malaysia	254	primary	1	661513	PASS	G/G	G/G	44	127	A,G	0,44	agree
SRR23343462	AD_Malaysia	254	primary	2	661512	PASS	A/A	A/A	44		A	44	agree
SRR23343462	AD_Malaysia	254	primary	3	661511	PASS	A/A	A/A	44		A	44	agree
SRR23343462	AD_Malaysia	452	within_species_comparison	1	660645	PASS	T/T	T/T	49		T	49	agree
SRR23343462	AD_Malaysia	452	within_species_comparison	2	660644	PASS	C/G	C/G	51	127	G,C	27,24	agree
SRR23343462	AD_Malaysia	452	within_species_comparison	3	660643	PASS	T/T	T/T	51	127	C,T	0,51	agree
SRR23343462	AD_Malaysia	474	secondary	1	660579	PASS	G/G	G/G	59	127	T,G	0,59	agree
SRR23343462	AD_Malaysia	474	secondary	2	660578	PASS	T/T	T/T	61		T	61	agree
SRR23343462	AD_Malaysia	474	secondary	3	660577	PASS	T/T	T/T	58		T	58	agree
SRR23343462	AD_Malaysia	549	primary	1	660252	PASS	A/A	A/A	31		A	31	agree
SRR23343462	AD_Malaysia	549	primary	2	660251	PASS	A/A	A/A	30		A	30	agree
SRR23343462	AD_Malaysia	549	primary	3	660250	PASS	C/C	C/C	29	127	A,C	0,29	agree
SRR23343462	AD_Malaysia	717	secondary	1	659588	PASS	C/C	C/C	41	127	T,C	0,41	agree
SRR23343462	AD_Malaysia	717	secondary	2	659587	PASS	G/G	G/G	40		G	40	agree
SRR23343462	AD_Malaysia	717	secondary	3	659586	PASS	A/A	A/A	39		A	39	agree
SRR23343462	AD_Malaysia	727	secondary	1	659471	PASS	C/C	C/C	35		C	35	agree
SRR23343462	AD_Malaysia	727	secondary	2	659470	PASS	G/G	G/G	33	127	A,G	0,33	agree
SRR23343462	AD_Malaysia	727	secondary	3	659469	PASS	A/A	A/A	35		A	35	agree
SRR23343462	AD_Malaysia	766	secondary	1	659354	PASS	G/G	G/G	47	127	A,G	0,47	agree
SRR23343462	AD_Malaysia	766	secondary	2	659353	PASS	A/A	A/A	48		A	48	agree
SRR23343462	AD_Malaysia	766	secondary	3	659352	PASS	G/G	G/G	48	127	A,G	0,48	agree
SRR23343462	AD_Malaysia	822	within_species_comparison	1	659110	PASS	T/T	T/T	58	127	C,T	0,58	agree
SRR23343462	AD_Malaysia	822	within_species_comparison	2	659109	PASS	A/A	A/A	57		A	57	agree
SRR23343462	AD_Malaysia	822	within_species_comparison	3	659108	PASS	T/T	T/T	58		T	58	agree
SRR23343462	AD_Malaysia	1134	primary	1	657921	PASS	A/A	A/A	48	127	G,A	0,48	agree
SRR23343462	AD_Malaysia	1134	primary	2	657920	PASS	A/A	A/A	47		A	47	agree
SRR23343462	AD_Malaysia	1134	primary	3	657919	PASS	A/A	A/A	47		A	47	agree
SRR23343463	AD_Malaysia	254	primary	1	661513	PASS	G/G	G/G	27	127	A,G	0,27	agree
SRR23343463	AD_Malaysia	254	primary	2	661512	PASS	A/A	A/A	28		A	28	agree
SRR23343463	AD_Malaysia	254	primary	3	661511	PASS	A/A	A/A	29		A	29	agree
SRR23343463	AD_Malaysia	452	within_species_comparison	1	660645	PASS	T/T	T/T	44		T	44	agree
SRR23343463	AD_Malaysia	452	within_species_comparison	2	660644	PASS	G/G	G/G	41		G	41	agree
SRR23343463	AD_Malaysia	452	within_species_comparison	3	660643	PASS	T/T	T/T	40	127	C,T	0,40	agree
SRR23343463	AD_Malaysia	474	secondary	1	660579	PASS	G/G	G/G	36	127	T,G	0,36	agree
SRR23343463	AD_Malaysia	474	secondary	2	660578	PASS	T/T	T/T	39		T	39	agree
SRR23343463	AD_Malaysia	474	secondary	3	660577	PASS	T/T	T/T	37		T	37	agree
SRR23343463	AD_Malaysia	549	primary	1	660252	PASS	A/A	A/A	27		A	27	agree
SRR23343463	AD_Malaysia	549	primary	2	660251	PASS	A/A	A/A	30		A	30	agree
SRR23343463	AD_Malaysia	549	primary	3	660250	PASS	C/C	C/C	29	127	A,C	0,29	agree
SRR23343463	AD_Malaysia	717	secondary	1	659588	PASS	C/C	C/C	17	127	T,C	0,17	agree
SRR23343463	AD_Malaysia	717	secondary	2	659587	PASS	G/G	G/G	17		G	17	agree
SRR23343463	AD_Malaysia	717	secondary	3	659586	PASS	A/A	A/A	18		A	18	agree
SRR23343463	AD_Malaysia	727	secondary	1	659471	PASS	C/C	C/C	27		C	27	agree
SRR23343463	AD_Malaysia	727	secondary	2	659470	PASS	G/G	G/G	27	127	A,G	0,27	agree
SRR23343463	AD_Malaysia	727	secondary	3	659469	PASS	A/A	A/A	25		A	24	agree
SRR23343463	AD_Malaysia	766	secondary	1	659354	PASS	G/G	G/G	35	127	A,G	0,35	agree
SRR23343463	AD_Malaysia	766	secondary	2	659353	PASS	A/A	A/A	37		A	37	agree
SRR23343463	AD_Malaysia	766	secondary	3	659352	PASS	G/G	G/G	37	127	A,G	0,37	agree
SRR23343463	AD_Malaysia	822	within_species_comparison	1	659110	PASS	T/T	T/T	42	127	C,T	0,42	agree
SRR23343463	AD_Malaysia	822	within_species_comparison	2	659109	PASS	A/A	A/A	42		A	42	agree
SRR23343463	AD_Malaysia	822	within_species_comparison	3	659108	PASS	T/T	T/T	39		T	39	agree
SRR23343463	AD_Malaysia	1134	primary	1	657921	PASS	A/A	A/A	37	127	G,A	0,37	agree
SRR23343463	AD_Malaysia	1134	primary	2	657920	PASS	A/A	A/A	33		A	33	agree
SRR23343463	AD_Malaysia	1134	primary	3	657919	PASS	A/A	A/A	36		A	36	agree
SRR23343464	AD_Malaysia	254	primary	1	661513	PASS	G/G	G/G	25	127	A,G	0,25	agree
SRR23343464	AD_Malaysia	254	primary	2	661512	PASS	A/A	A/A	27		A	27	agree
SRR23343464	AD_Malaysia	254	primary	3	661511	PASS	A/A	A/A	29		A	29	agree
SRR23343464	AD_Malaysia	452	within_species_comparison	1	660645	PASS	T/T	T/T	29		T	29	agree
SRR23343464	AD_Malaysia	452	within_species_comparison	2	660644	PASS	G/G	G/G	28		G	28	agree
SRR23343464	AD_Malaysia	452	within_species_comparison	3	660643	PASS	T/T	T/T	28	127	C,T	0,28	agree
SRR23343464	AD_Malaysia	474	secondary	1	660579	PASS	G/G	G/G	26	127	T,G	0,26	agree
SRR23343464	AD_Malaysia	474	secondary	2	660578	PASS	T/T	T/T	28		T	28	agree
SRR23343464	AD_Malaysia	474	secondary	3	660577	PASS	T/T	T/T	27		T	27	agree
SRR23343464	AD_Malaysia	549	primary	1	660252	PASS	A/A	A/A	28		A	28	agree
SRR23343464	AD_Malaysia	549	primary	2	660251	PASS	A/A	A/A	30		A	30	agree
SRR23343464	AD_Malaysia	549	primary	3	660250	PASS	C/C	C/C	29	127	A,C	0,29	agree
SRR23343464	AD_Malaysia	717	secondary	1	659588	PASS	C/C	C/C	20	127	T,C	0,20	agree
SRR23343464	AD_Malaysia	717	secondary	2	659587	PASS	G/G	G/G	18		G	18	agree
SRR23343464	AD_Malaysia	717	secondary	3	659586	PASS	A/A	A/A	20		A	20	agree
SRR23343464	AD_Malaysia	727	secondary	1	659471	PASS	C/C	C/C	32		C	32	agree
SRR23343464	AD_Malaysia	727	secondary	2	659470	PASS	G/G	G/G	31	127	A,G	0,31	agree
SRR23343464	AD_Malaysia	727	secondary	3	659469	PASS	A/A	A/A	34		A	34	agree
SRR23343464	AD_Malaysia	766	secondary	1	659354	PASS	G/G	G/G	31	127	A,G	0,31	agree
SRR23343464	AD_Malaysia	766	secondary	2	659353	PASS	A/A	A/A	33		A	33	agree
SRR23343464	AD_Malaysia	766	secondary	3	659352	PASS	G/G	G/G	32	127	A,G	0,32	agree
SRR23343464	AD_Malaysia	822	within_species_comparison	1	659110	PASS	T/T	T/T	45	127	C,T	0,45	agree
SRR23343464	AD_Malaysia	822	within_species_comparison	2	659109	PASS	A/A	A/A	44		A	44	agree
SRR23343464	AD_Malaysia	822	within_species_comparison	3	659108	PASS	T/T	T/T	45		T	45	agree
SRR23343464	AD_Malaysia	1134	primary	1	657921	PASS	A/A	A/A	32	127	G,A	0,32	agree
SRR23343464	AD_Malaysia	1134	primary	2	657920	PASS	A/A	A/A	32		A	32	agree
SRR23343464	AD_Malaysia	1134	primary	3	657919	PASS	A/A	A/A	35		A	35	agree
SRR23343465	AD_Malaysia	254	primary	1	661513	PASS	G/G	G/G	13	127	A,G	0,13	agree
SRR23343465	AD_Malaysia	254	primary	2	661512	PASS	A/A	A/A	16		A	16	agree
SRR23343465	AD_Malaysia	254	primary	3	661511	PASS	A/A	A/A	15		A	15	agree
SRR23343465	AD_Malaysia	452	within_species_comparison	1	660645	low_depth;low_genotype_quality	T/T	T/T	14		T	14	codon_call_filtered
SRR23343465	AD_Malaysia	452	within_species_comparison	2	660644	low_depth;low_genotype_quality	G/G	G/G	11		G	11	codon_call_filtered
SRR23343465	AD_Malaysia	452	within_species_comparison	3	660643	low_depth;low_genotype_quality	T/T	T/T	12	127	C,T	0,12	codon_call_filtered
SRR23343465	AD_Malaysia	474	secondary	1	660579	PASS	G/G	G/G	22	127	T,G	0,22	agree
SRR23343465	AD_Malaysia	474	secondary	2	660578	PASS	T/T	T/T	21		T	21	agree
SRR23343465	AD_Malaysia	474	secondary	3	660577	PASS	T/T	T/T	22		T	22	agree
SRR23343465	AD_Malaysia	549	primary	1	660252	PASS	A/A	A/A	25		A	25	agree
SRR23343465	AD_Malaysia	549	primary	2	660251	PASS	A/A	A/A	25		A	25	agree
SRR23343465	AD_Malaysia	549	primary	3	660250	PASS	C/C	C/C	25	127	A,C	0,25	agree
SRR23343465	AD_Malaysia	717	secondary	1	659588	PASS	C/C	C/C	19	127	T,C	0,19	agree
SRR23343465	AD_Malaysia	717	secondary	2	659587	PASS	G/G	G/G	17		G	17	agree
SRR23343465	AD_Malaysia	717	secondary	3	659586	PASS	A/A	A/A	17		A	17	agree
SRR23343465	AD_Malaysia	727	secondary	1	659471	PASS	C/C	C/C	23		C	23	agree
SRR23343465	AD_Malaysia	727	secondary	2	659470	PASS	G/G	G/G	20	127	A,G	0,20	agree
SRR23343465	AD_Malaysia	727	secondary	3	659469	PASS	A/A	A/A	23		A	23	agree
SRR23343465	AD_Malaysia	766	secondary	1	659354	PASS	G/G	G/G	18	127	A,G	0,18	agree
SRR23343465	AD_Malaysia	766	secondary	2	659353	PASS	A/A	A/A	14		A	14	agree
SRR23343465	AD_Malaysia	766	secondary	3	659352	PASS	G/G	G/G	17	127	A,G	0,17	agree
SRR23343465	AD_Malaysia	822	within_species_comparison	1	659110	PASS	T/T	T/T	28	127	C,T	0,28	agree
SRR23343465	AD_Malaysia	822	within_species_comparison	2	659109	PASS	A/A	A/A	27		A	27	agree
SRR23343465	AD_Malaysia	822	within_species_comparison	3	659108	PASS	T/T	T/T	25		T	25	agree
SRR23343465	AD_Malaysia	1134	primary	1	657921	PASS	A/A	A/A	17	127	G,A	0,17	agree
SRR23343465	AD_Malaysia	1134	primary	2	657920	PASS	A/A	A/A	21		A	21	agree
SRR23343465	AD_Malaysia	1134	primary	3	657919	PASS	A/A	A/A	20		A	20	agree
SRR23343466	AD_Malaysia	254	primary	1	661513	PASS	G/G	G/G	30	127	A,G	0,30	agree
SRR23343466	AD_Malaysia	254	primary	2	661512	PASS	A/A	A/A	30		A	30	agree
SRR23343466	AD_Malaysia	254	primary	3	661511	PASS	A/A	A/A	32		A	32	agree
SRR23343466	AD_Malaysia	452	within_species_comparison	1	660645	PASS	T/T	T/T	24		T	24	agree
SRR23343466	AD_Malaysia	452	within_species_comparison	2	660644	PASS	G/G	G/G	24		G	24	agree
SRR23343466	AD_Malaysia	452	within_species_comparison	3	660643	PASS	T/T	T/T	25	127	C,T	0,25	agree
SRR23343466	AD_Malaysia	474	secondary	1	660579	PASS	G/G	G/G	30	127	T,G	0,30	agree
SRR23343466	AD_Malaysia	474	secondary	2	660578	PASS	T/T	T/T	28		T	28	agree
SRR23343466	AD_Malaysia	474	secondary	3	660577	PASS	T/T	T/T	25		T	25	agree
SRR23343466	AD_Malaysia	549	primary	1	660252	PASS	A/A	A/A	24		A	24	agree
SRR23343466	AD_Malaysia	549	primary	2	660251	PASS	A/A	A/A	26		A	26	agree
SRR23343466	AD_Malaysia	549	primary	3	660250	PASS	C/C	C/C	26	127	A,C	0,26	agree
SRR23343466	AD_Malaysia	717	secondary	1	659588	PASS	C/C	C/C	22	127	T,C	0,22	agree
SRR23343466	AD_Malaysia	717	secondary	2	659587	PASS	G/G	G/G	23		G	23	agree
SRR23343466	AD_Malaysia	717	secondary	3	659586	PASS	A/A	A/A	23		A	23	agree
SRR23343466	AD_Malaysia	727	secondary	1	659471	PASS	C/C	C/C	20		C	20	agree
SRR23343466	AD_Malaysia	727	secondary	2	659470	PASS	G/G	G/G	18	127	A,G	0,18	agree
SRR23343466	AD_Malaysia	727	secondary	3	659469	PASS	A/A	A/A	20		A	20	agree
SRR23343466	AD_Malaysia	766	secondary	1	659354	PASS	G/G	G/G	20	127	A,G	0,20	agree
SRR23343466	AD_Malaysia	766	secondary	2	659353	PASS	A/A	A/A	21		A	21	agree
SRR23343466	AD_Malaysia	766	secondary	3	659352	PASS	G/G	G/G	20	127	A,G	0,20	agree
SRR23343466	AD_Malaysia	822	within_species_comparison	1	659110	PASS	T/T	T/T	19	127	C,T	0,19	agree
SRR23343466	AD_Malaysia	822	within_species_comparison	2	659109	PASS	A/A	A/A	19		A	19	agree
SRR23343466	AD_Malaysia	822	within_species_comparison	3	659108	PASS	T/T	T/T	19		T	19	agree
SRR23343466	AD_Malaysia	1134	primary	1	657921	PASS	A/A	A/A	35	127	G,A	0,35	agree
SRR23343466	AD_Malaysia	1134	primary	2	657920	PASS	A/A	A/A	35		A	35	agree
SRR23343466	AD_Malaysia	1134	primary	3	657919	PASS	A/A	A/A	33		A	33	agree
SRR23343467	AD_Malaysia	254	primary	1	661513	PASS	G/G	G/G	33	127	A,G	0,33	agree
SRR23343467	AD_Malaysia	254	primary	2	661512	PASS	A/A	A/A	32		A	32	agree
SRR23343467	AD_Malaysia	254	primary	3	661511	PASS	A/A	A/A	36		A	36	agree
SRR23343467	AD_Malaysia	452	within_species_comparison	1	660645	PASS	T/T	T/T	40		T	40	agree
SRR23343467	AD_Malaysia	452	within_species_comparison	2	660644	PASS	G/G	G/G	41		G	41	agree
SRR23343467	AD_Malaysia	452	within_species_comparison	3	660643	PASS	T/T	T/T	41	127	C,T	0,41	agree
SRR23343467	AD_Malaysia	474	secondary	1	660579	PASS	G/G	G/G	37	127	T,G	0,37	agree
SRR23343467	AD_Malaysia	474	secondary	2	660578	PASS	T/T	T/T	35		T	35	agree
SRR23343467	AD_Malaysia	474	secondary	3	660577	PASS	T/T	T/T	34		T	34	agree
SRR23343467	AD_Malaysia	549	primary	1	660252	PASS	A/A	A/A	28		A	28	agree
SRR23343467	AD_Malaysia	549	primary	2	660251	PASS	A/A	A/A	29		A	29	agree
SRR23343467	AD_Malaysia	549	primary	3	660250	PASS	C/C	C/C	32	127	A,C	0,32	agree
SRR23343467	AD_Malaysia	717	secondary	1	659588	PASS	C/C	C/C	21	127	T,C	0,21	agree
SRR23343467	AD_Malaysia	717	secondary	2	659587	PASS	G/G	G/G	20		G	20	agree
SRR23343467	AD_Malaysia	717	secondary	3	659586	PASS	A/A	A/A	22		A	22	agree
SRR23343467	AD_Malaysia	727	secondary	1	659471	PASS	C/C	C/C	20		C	20	agree
SRR23343467	AD_Malaysia	727	secondary	2	659470	PASS	G/G	G/G	18	127	A,G	0,18	agree
SRR23343467	AD_Malaysia	727	secondary	3	659469	PASS	A/A	A/A	24		A	24	agree
SRR23343467	AD_Malaysia	766	secondary	1	659354	PASS	G/G	G/G	23	127	A,G	0,23	agree
SRR23343467	AD_Malaysia	766	secondary	2	659353	PASS	A/A	A/A	22		A	22	agree
SRR23343467	AD_Malaysia	766	secondary	3	659352	PASS	G/G	G/G	21	127	A,G	0,21	agree
SRR23343467	AD_Malaysia	822	within_species_comparison	1	659110	PASS	T/T	T/T	27	127	C,T	0,27	agree
SRR23343467	AD_Malaysia	822	within_species_comparison	2	659109	PASS	A/A	A/A	29		A	29	agree
SRR23343467	AD_Malaysia	822	within_species_comparison	3	659108	PASS	T/T	T/T	25		T	25	agree
SRR23343467	AD_Malaysia	1134	primary	1	657921	PASS	A/A	A/A	44	127	G,A	0,44	agree
SRR23343467	AD_Malaysia	1134	primary	2	657920	PASS	A/A	A/A	43		A	43	agree
SRR23343467	AD_Malaysia	1134	primary	3	657919	PASS	A/A	A/A	46		A	46	agree
SRR23343468	AD_Malaysia	254	primary	1	661513	PASS	G/G	G/G	26	127	A,G	0,26	agree
SRR23343468	AD_Malaysia	254	primary	2	661512	PASS	A/A	A/A	28		A	28	agree
SRR23343468	AD_Malaysia	254	primary	3	661511	PASS	A/A	A/A	31		A	31	agree
SRR23343468	AD_Malaysia	452	within_species_comparison	1	660645	PASS	T/T	T/T	36		T	36	agree
SRR23343468	AD_Malaysia	452	within_species_comparison	2	660644	PASS	G/G	G/G	36		G	36	agree
SRR23343468	AD_Malaysia	452	within_species_comparison	3	660643	PASS	T/T	T/T	36	127	C,T	0,36	agree
SRR23343468	AD_Malaysia	474	secondary	1	660579	PASS	G/G	G/G	34	127	T,G	0,34	agree
SRR23343468	AD_Malaysia	474	secondary	2	660578	PASS	T/T	T/T	36		T	36	agree
SRR23343468	AD_Malaysia	474	secondary	3	660577	PASS	T/T	T/T	34		T	34	agree
SRR23343468	AD_Malaysia	549	primary	1	660252	PASS	A/A	A/A	21		A	21	agree
SRR23343468	AD_Malaysia	549	primary	2	660251	PASS	A/A	A/A	19		A	19	agree
SRR23343468	AD_Malaysia	549	primary	3	660250	PASS	C/C	C/C	20	127	A,C	0,20	agree
SRR23343468	AD_Malaysia	717	secondary	1	659588	PASS	C/C	C/C	28	127	T,C	0,28	agree
SRR23343468	AD_Malaysia	717	secondary	2	659587	PASS	G/G	G/G	22		G	22	agree
SRR23343468	AD_Malaysia	717	secondary	3	659586	PASS	A/A	A/A	29		A	29	agree
SRR23343468	AD_Malaysia	727	secondary	1	659471	PASS	C/C	C/C	28		C	28	agree
SRR23343468	AD_Malaysia	727	secondary	2	659470	PASS	G/G	G/G	28	127	A,G	0,28	agree
SRR23343468	AD_Malaysia	727	secondary	3	659469	PASS	A/A	A/A	28		A	28	agree
SRR23343468	AD_Malaysia	766	secondary	1	659354	PASS	G/G	G/G	32	127	A,G	0,32	agree
SRR23343468	AD_Malaysia	766	secondary	2	659353	PASS	A/A	A/A	35		A	35	agree
SRR23343468	AD_Malaysia	766	secondary	3	659352	PASS	G/G	G/G	33	127	A,G	0,33	agree
SRR23343468	AD_Malaysia	822	within_species_comparison	1	659110	PASS	T/T	T/T	31	127	C,T	0,31	agree
SRR23343468	AD_Malaysia	822	within_species_comparison	2	659109	PASS	A/A	A/A	30		A	30	agree
SRR23343468	AD_Malaysia	822	within_species_comparison	3	659108	PASS	T/T	T/T	32		T	32	agree
SRR23343468	AD_Malaysia	1134	primary	1	657921	PASS	A/A	A/A	49	127	G,A	0,49	agree
SRR23343468	AD_Malaysia	1134	primary	2	657920	PASS	A/A	A/A	45		A	45	agree
SRR23343468	AD_Malaysia	1134	primary	3	657919	PASS	A/A	A/A	50		A	50	agree
SRR23343469	AD_Malaysia	254	primary	1	661513	PASS	G/G	G/G	18	127	A,G	0,18	agree
SRR23343469	AD_Malaysia	254	primary	2	661512	PASS	A/A	A/A	21		A	21	agree
SRR23343469	AD_Malaysia	254	primary	3	661511	PASS	A/A	A/A	21		A	21	agree
SRR23343469	AD_Malaysia	452	within_species_comparison	1	660645	PASS	T/T	T/T	35		T	35	agree
SRR23343469	AD_Malaysia	452	within_species_comparison	2	660644	PASS	G/G	G/G	33		G	33	agree
SRR23343469	AD_Malaysia	452	within_species_comparison	3	660643	PASS	T/T	T/T	37	127	C,T	0,37	agree
SRR23343469	AD_Malaysia	474	secondary	1	660579	PASS	G/G	G/G	36	127	T,G	0,36	agree
SRR23343469	AD_Malaysia	474	secondary	2	660578	PASS	T/T	T/T	36		T	36	agree
SRR23343469	AD_Malaysia	474	secondary	3	660577	PASS	T/T	T/T	33		T	33	agree
SRR23343469	AD_Malaysia	549	primary	1	660252	PASS	A/A	A/A	25		A	25	agree
SRR23343469	AD_Malaysia	549	primary	2	660251	PASS	A/A	A/A	26		A	26	agree
SRR23343469	AD_Malaysia	549	primary	3	660250	PASS	C/C	C/C	26	127	A,C	0,26	agree
SRR23343469	AD_Malaysia	717	secondary	1	659588	PASS	C/C	C/C	22	127	T,C	0,22	agree
SRR23343469	AD_Malaysia	717	secondary	2	659587	PASS	G/G	G/G	17		G	17	agree
SRR23343469	AD_Malaysia	717	secondary	3	659586	PASS	A/A	A/A	23		A	23	agree
SRR23343469	AD_Malaysia	727	secondary	1	659471	PASS	C/C	C/C	32		C	32	agree
SRR23343469	AD_Malaysia	727	secondary	2	659470	PASS	G/G	G/G	28	127	A,G	0,28	agree
SRR23343469	AD_Malaysia	727	secondary	3	659469	PASS	A/A	A/A	30		A	30	agree
SRR23343469	AD_Malaysia	766	secondary	1	659354	PASS	G/G	G/G	26	127	A,G	0,26	agree
SRR23343469	AD_Malaysia	766	secondary	2	659353	PASS	A/A	A/A	28		A	28	agree
SRR23343469	AD_Malaysia	766	secondary	3	659352	PASS	G/G	G/G	27	127	A,G	0,27	agree
SRR23343469	AD_Malaysia	822	within_species_comparison	1	659110	PASS	T/T	T/T	36	127	C,T	0,36	agree
SRR23343469	AD_Malaysia	822	within_species_comparison	2	659109	PASS	A/A	A/A	36		A	36	agree
SRR23343469	AD_Malaysia	822	within_species_comparison	3	659108	PASS	T/T	T/T	37		T	37	agree
SRR23343469	AD_Malaysia	1134	primary	1	657921	PASS	A/A	A/A	30	127	G,A	0,30	agree
SRR23343469	AD_Malaysia	1134	primary	2	657920	PASS	A/A	A/A	35		A	35	agree
SRR23343469	AD_Malaysia	1134	primary	3	657919	PASS	A/A	A/A	34		A	34	agree
SRR23343470	AD_Malaysia	254	primary	1	661513	PASS	G/G	G/G	25	127	A,G	0,25	agree
SRR23343470	AD_Malaysia	254	primary	2	661512	PASS	A/A	A/A	22		A	22	agree
SRR23343470	AD_Malaysia	254	primary	3	661511	PASS	A/A	A/A	22		A	22	agree
SRR23343470	AD_Malaysia	452	within_species_comparison	1	660645	PASS	T/T	T/T	20		T	20	agree
SRR23343470	AD_Malaysia	452	within_species_comparison	2	660644	PASS	G/G	G/G	21		G	21	agree
SRR23343470	AD_Malaysia	452	within_species_comparison	3	660643	PASS	T/T	T/T	20	127	C,T	0,20	agree
SRR23343470	AD_Malaysia	474	secondary	1	660579	PASS	G/G	G/G	22	127	T,G	0,22	agree
SRR23343470	AD_Malaysia	474	secondary	2	660578	PASS	T/T	T/T	23		T	23	agree
SRR23343470	AD_Malaysia	474	secondary	3	660577	PASS	T/T	T/T	24		T	24	agree
SRR23343470	AD_Malaysia	549	primary	1	660252	PASS	A/A	A/A	26		A	26	agree
SRR23343470	AD_Malaysia	549	primary	2	660251	PASS	A/A	A/A	25		A	25	agree
SRR23343470	AD_Malaysia	549	primary	3	660250	PASS	C/C	C/C	27	127	A,C	0,27	agree
SRR23343470	AD_Malaysia	717	secondary	1	659588	PASS	C/C	C/C	15	127	T,C	0,15	agree
SRR23343470	AD_Malaysia	717	secondary	2	659587	PASS	G/G	G/G	14		G	14	agree
SRR23343470	AD_Malaysia	717	secondary	3	659586	PASS	A/A	A/A	17		A	17	agree
SRR23343470	AD_Malaysia	727	secondary	1	659471	PASS	C/C	C/C	22		C	22	agree
SRR23343470	AD_Malaysia	727	secondary	2	659470	PASS	G/G	G/G	20	127	A,G	0,20	agree
SRR23343470	AD_Malaysia	727	secondary	3	659469	PASS	A/A	A/A	21		A	21	agree
SRR23343470	AD_Malaysia	766	secondary	1	659354	low_genotype_quality;heterozygote_balance	A/G	G/G	20	127	A,G	1,19	codon_call_filtered
SRR23343470	AD_Malaysia	766	secondary	2	659353	low_genotype_quality;heterozygote_balance	A/A	A/A	20		A	20	codon_call_filtered
SRR23343470	AD_Malaysia	766	secondary	3	659352	low_genotype_quality;heterozygote_balance	A/G	G/G	19	127	A,G	1,18	codon_call_filtered
SRR23343470	AD_Malaysia	822	within_species_comparison	1	659110	PASS	T/T	T/T	25	127	C,T	0,25	agree
SRR23343470	AD_Malaysia	822	within_species_comparison	2	659109	PASS	A/A	A/A	27		A	27	agree
SRR23343470	AD_Malaysia	822	within_species_comparison	3	659108	PASS	T/T	T/T	27		T	27	agree
SRR23343470	AD_Malaysia	1134	primary	1	657921	PASS	A/A	A/A	24	127	G,A	0,24	agree
SRR23343470	AD_Malaysia	1134	primary	2	657920	PASS	A/A	A/A	25		A	25	agree
SRR23343470	AD_Malaysia	1134	primary	3	657919	PASS	A/A	A/A	26		A	26	agree
SRR23343471	AD_Malaysia	254	primary	1	661513	PASS	A/A	A/A	19		A	19	agree
SRR23343471	AD_Malaysia	254	primary	2	661512	PASS	A/A	A/A	21		A	21	agree
SRR23343471	AD_Malaysia	254	primary	3	661511	PASS	A/A	A/A	22		A	22	agree
SRR23343471	AD_Malaysia	452	within_species_comparison	1	660645	PASS	T/T	T/T	27		T	27	agree
SRR23343471	AD_Malaysia	452	within_species_comparison	2	660644	PASS	G/G	G/G	26		G	26	agree
SRR23343471	AD_Malaysia	452	within_species_comparison	3	660643	PASS	C/C	C/C	28		C	28	agree
SRR23343471	AD_Malaysia	474	secondary	1	660579	PASS	T/T	T/T	23		T	23	agree
SRR23343471	AD_Malaysia	474	secondary	2	660578	PASS	T/T	T/T	23		T	23	agree
SRR23343471	AD_Malaysia	474	secondary	3	660577	PASS	T/T	T/T	23		T	23	agree
SRR23343471	AD_Malaysia	549	primary	1	660252	PASS	A/A	A/A	13		A	13	agree
SRR23343471	AD_Malaysia	549	primary	2	660251	PASS	A/A	A/A	18		A	18	agree
SRR23343471	AD_Malaysia	549	primary	3	660250	PASS	A/A	A/A	18		A	18	agree
SRR23343471	AD_Malaysia	717	secondary	1	659588	PASS	T/T	T/T	24		T	24	agree
SRR23343471	AD_Malaysia	717	secondary	2	659587	PASS	G/G	G/G	22		G	22	agree
SRR23343471	AD_Malaysia	717	secondary	3	659586	PASS	A/A	A/A	23		A	23	agree
SRR23343471	AD_Malaysia	727	secondary	1	659471	PASS	C/C	C/C	32		C	32	agree
SRR23343471	AD_Malaysia	727	secondary	2	659470	PASS	A/A	A/A	33		A	33	agree
SRR23343471	AD_Malaysia	727	secondary	3	659469	PASS	A/A	A/A	33		A	33	agree
SRR23343471	AD_Malaysia	766	secondary	1	659354	PASS	A/A	A/A	22		A	22	agree
SRR23343471	AD_Malaysia	766	secondary	2	659353	PASS	A/A	A/A	27		A	27	agree
SRR23343471	AD_Malaysia	766	secondary	3	659352	PASS	A/A	A/A	24		A	24	agree
SRR23343471	AD_Malaysia	822	within_species_comparison	1	659110	PASS	T/T	T/T	28	127	C,T	0,28	agree
SRR23343471	AD_Malaysia	822	within_species_comparison	2	659109	PASS	A/A	A/A	27		A	27	agree
SRR23343471	AD_Malaysia	822	within_species_comparison	3	659108	PASS	T/T	T/T	26		T	26	agree
SRR23343471	AD_Malaysia	1134	primary	1	657921	PASS	G/G	G/G	39		G	39	agree
SRR23343471	AD_Malaysia	1134	primary	2	657920	PASS	A/A	A/A	38		A	38	agree
SRR23343471	AD_Malaysia	1134	primary	3	657919	PASS	A/A	A/A	43		A	43	agree
SRR23343472	AD_Malaysia	254	primary	1	661513	PASS	G/G	G/G	22	127	A,G	0,22	agree
SRR23343472	AD_Malaysia	254	primary	2	661512	PASS	A/A	A/A	24		A	24	agree
SRR23343472	AD_Malaysia	254	primary	3	661511	PASS	A/A	A/A	24		A	24	agree
SRR23343472	AD_Malaysia	452	within_species_comparison	1	660645	PASS	T/T	T/T	32		T	32	agree
SRR23343472	AD_Malaysia	452	within_species_comparison	2	660644	PASS	G/G	G/G	31		G	31	agree
SRR23343472	AD_Malaysia	452	within_species_comparison	3	660643	PASS	T/T	T/T	31	127	C,T	0,31	agree
SRR23343472	AD_Malaysia	474	secondary	1	660579	PASS	G/G	G/G	21	127	T,G	0,21	agree
SRR23343472	AD_Malaysia	474	secondary	2	660578	PASS	T/T	T/T	21		T	21	agree
SRR23343472	AD_Malaysia	474	secondary	3	660577	PASS	T/T	T/T	17		T	17	agree
SRR23343472	AD_Malaysia	549	primary	1	660252	PASS	A/A	A/A	20		A	20	agree
SRR23343472	AD_Malaysia	549	primary	2	660251	PASS	A/A	A/A	20		A	20	agree
SRR23343472	AD_Malaysia	549	primary	3	660250	PASS	C/C	C/C	21	127	A,C	0,21	agree
SRR23343472	AD_Malaysia	717	secondary	1	659588	PASS	C/C	C/C	30	127	T,C	0,30	agree
SRR23343472	AD_Malaysia	717	secondary	2	659587	PASS	G/G	G/G	31		G	31	agree
SRR23343472	AD_Malaysia	717	secondary	3	659586	PASS	A/A	A/A	29		A	29	agree
SRR23343472	AD_Malaysia	727	secondary	1	659471	PASS	C/C	C/C	33		C	33	agree
SRR23343472	AD_Malaysia	727	secondary	2	659470	PASS	G/G	G/G	36	127	A,G	0,36	agree
SRR23343472	AD_Malaysia	727	secondary	3	659469	PASS	A/A	A/A	36		A	36	agree
SRR23343472	AD_Malaysia	766	secondary	1	659354	PASS	G/G	G/G	34	127	A,G	0,34	agree
SRR23343472	AD_Malaysia	766	secondary	2	659353	PASS	A/A	A/A	32		A	32	agree
SRR23343472	AD_Malaysia	766	secondary	3	659352	PASS	G/G	G/G	31	127	A,G	0,31	agree
SRR23343472	AD_Malaysia	822	within_species_comparison	1	659110	PASS	T/T	T/T	25	127	C,T	0,25	agree
SRR23343472	AD_Malaysia	822	within_species_comparison	2	659109	PASS	A/A	A/A	25		A	25	agree
SRR23343472	AD_Malaysia	822	within_species_comparison	3	659108	PASS	T/T	T/T	25		T	25	agree
SRR23343472	AD_Malaysia	1134	primary	1	657921	PASS	A/A	A/A	33	127	G,A	0,33	agree
SRR23343472	AD_Malaysia	1134	primary	2	657920	PASS	A/A	A/A	36		A	36	agree
SRR23343472	AD_Malaysia	1134	primary	3	657919	PASS	A/A	A/A	37		A	37	agree
SRR23343473	AD_Malaysia	254	primary	1	661513	PASS	G/G	G/G	49	127	A,G	0,49	agree
SRR23343473	AD_Malaysia	254	primary	2	661512	PASS	A/A	A/A	49		A	49	agree
SRR23343473	AD_Malaysia	254	primary	3	661511	PASS	A/A	A/A	48		A	48	agree
SRR23343473	AD_Malaysia	452	within_species_comparison	1	660645	PASS	T/T	T/T	61		T	61	agree
SRR23343473	AD_Malaysia	452	within_species_comparison	2	660644	PASS	G/G	G/G	63		G	63	agree
SRR23343473	AD_Malaysia	452	within_species_comparison	3	660643	PASS	T/T	T/T	62	127	C,T	0,62	agree
SRR23343473	AD_Malaysia	474	secondary	1	660579	PASS	G/G	G/G	73	127	T,G	0,73	agree
SRR23343473	AD_Malaysia	474	secondary	2	660578	PASS	T/T	T/T	69		T	69	agree
SRR23343473	AD_Malaysia	474	secondary	3	660577	PASS	T/T	T/T	67		T	67	agree
SRR23343473	AD_Malaysia	549	primary	1	660252	PASS	A/A	A/A	59		A	59	agree
SRR23343473	AD_Malaysia	549	primary	2	660251	PASS	A/A	A/A	64		A	64	agree
SRR23343473	AD_Malaysia	549	primary	3	660250	PASS	C/C	C/C	61	127	A,C	0,61	agree
SRR23343473	AD_Malaysia	717	secondary	1	659588	PASS	C/C	C/C	52	127	T,C	0,52	agree
SRR23343473	AD_Malaysia	717	secondary	2	659587	PASS	G/G	G/G	49		G	49	agree
SRR23343473	AD_Malaysia	717	secondary	3	659586	PASS	A/A	A/A	54		A	54	agree
SRR23343473	AD_Malaysia	727	secondary	1	659471	PASS	C/C	C/C	52		C	52	agree
SRR23343473	AD_Malaysia	727	secondary	2	659470	PASS	G/G	G/G	55	127	A,G	0,55	agree
SRR23343473	AD_Malaysia	727	secondary	3	659469	PASS	A/A	A/A	54		A	54	agree
SRR23343473	AD_Malaysia	766	secondary	1	659354	PASS	G/G	G/G	59	127	A,G	0,59	agree
SRR23343473	AD_Malaysia	766	secondary	2	659353	PASS	A/A	A/A	62		A	62	agree
SRR23343473	AD_Malaysia	766	secondary	3	659352	PASS	G/G	G/G	54	127	A,G	0,54	agree
SRR23343473	AD_Malaysia	822	within_species_comparison	1	659110	PASS	T/T	T/T	69	127	C,T	0,69	agree
SRR23343473	AD_Malaysia	822	within_species_comparison	2	659109	PASS	A/A	A/A	72		A	72	agree
SRR23343473	AD_Malaysia	822	within_species_comparison	3	659108	PASS	T/T	T/T	70		T	70	agree
SRR23343473	AD_Malaysia	1134	primary	1	657921	PASS	A/A	A/A	67	127	G,A	0,67	agree
SRR23343473	AD_Malaysia	1134	primary	2	657920	PASS	A/A	A/A	64		A	64	agree
SRR23343473	AD_Malaysia	1134	primary	3	657919	PASS	A/A	A/A	68		A	68	agree
SRR23343474	AD_Malaysia	254	primary	1	661513	PASS	A/A	A/A	18		A	18	agree
SRR23343474	AD_Malaysia	254	primary	2	661512	PASS	A/A	A/A	20		A	20	agree
SRR23343474	AD_Malaysia	254	primary	3	661511	PASS	A/A	A/A	19		A	19	agree
SRR23343474	AD_Malaysia	452	within_species_comparison	1	660645	PASS	T/T	T/T	30		T	30	agree
SRR23343474	AD_Malaysia	452	within_species_comparison	2	660644	PASS	G/G	G/G	31		G	31	agree
SRR23343474	AD_Malaysia	452	within_species_comparison	3	660643	PASS	C/C	C/C	34		C	34	agree
SRR23343474	AD_Malaysia	474	secondary	1	660579	PASS	T/T	T/T	31		T	31	agree
SRR23343474	AD_Malaysia	474	secondary	2	660578	PASS	T/T	T/T	27		T	27	agree
SRR23343474	AD_Malaysia	474	secondary	3	660577	PASS	T/T	T/T	30		T	30	agree
SRR23343474	AD_Malaysia	549	primary	1	660252	PASS	A/A	A/A	16		A	16	agree
SRR23343474	AD_Malaysia	549	primary	2	660251	PASS	A/A	A/A	19		A	19	agree
SRR23343474	AD_Malaysia	549	primary	3	660250	PASS	A/A	A/A	18		A	18	agree
SRR23343474	AD_Malaysia	717	secondary	1	659588	PASS	T/T	T/T	22		T	22	agree
SRR23343474	AD_Malaysia	717	secondary	2	659587	PASS	G/G	G/G	19		G	19	agree
SRR23343474	AD_Malaysia	717	secondary	3	659586	PASS	A/A	A/A	20		A	20	agree
SRR23343474	AD_Malaysia	727	secondary	1	659471	PASS	C/C	C/C	24		C	24	agree
SRR23343474	AD_Malaysia	727	secondary	2	659470	PASS	A/A	A/A	20		A	20	agree
SRR23343474	AD_Malaysia	727	secondary	3	659469	PASS	A/A	A/A	29		A	29	agree
SRR23343474	AD_Malaysia	766	secondary	1	659354	PASS	A/A	A/A	30		A	30	agree
SRR23343474	AD_Malaysia	766	secondary	2	659353	PASS	A/A	A/A	29		A	29	agree
SRR23343474	AD_Malaysia	766	secondary	3	659352	PASS	A/A	A/A	26		A	26	agree
SRR23343474	AD_Malaysia	822	within_species_comparison	1	659110	PASS	T/T	T/T	34	127	C,T	0,34	agree
SRR23343474	AD_Malaysia	822	within_species_comparison	2	659109	PASS	A/A	A/A	35		A	35	agree
SRR23343474	AD_Malaysia	822	within_species_comparison	3	659108	PASS	T/T	T/T	35		T	35	agree
SRR23343474	AD_Malaysia	1134	primary	1	657921	PASS	G/G	G/G	32		G	32	agree
SRR23343474	AD_Malaysia	1134	primary	2	657920	PASS	A/A	A/A	33		A	33	agree
SRR23343474	AD_Malaysia	1134	primary	3	657919	PASS	A/A	A/A	32		A	32	agree
SRR23343475	AD_Malaysia	254	primary	1	661513	PASS	A/A	A/A	40		A	40	agree
SRR23343475	AD_Malaysia	254	primary	2	661512	PASS	A/A	A/A	41		A	41	agree
SRR23343475	AD_Malaysia	254	primary	3	661511	PASS	A/A	A/A	44		A	44	agree
SRR23343475	AD_Malaysia	452	within_species_comparison	1	660645	PASS	T/T	T/T	40		T	40	agree
SRR23343475	AD_Malaysia	452	within_species_comparison	2	660644	PASS	G/G	G/G	38		G	38	agree
SRR23343475	AD_Malaysia	452	within_species_comparison	3	660643	PASS	C/C	C/C	36		C	36	agree
SRR23343475	AD_Malaysia	474	secondary	1	660579	PASS	T/T	T/T	41		T	41	agree
SRR23343475	AD_Malaysia	474	secondary	2	660578	PASS	T/T	T/T	40		T	40	agree
SRR23343475	AD_Malaysia	474	secondary	3	660577	PASS	T/T	T/T	36		T	36	agree
SRR23343475	AD_Malaysia	549	primary	1	660252	PASS	A/A	A/A	19		A	19	agree
SRR23343475	AD_Malaysia	549	primary	2	660251	PASS	A/A	A/A	20		A	20	agree
SRR23343475	AD_Malaysia	549	primary	3	660250	PASS	A/A	A/A	21		A	21	agree
SRR23343475	AD_Malaysia	717	secondary	1	659588	PASS	T/T	T/T	37		T	37	agree
SRR23343475	AD_Malaysia	717	secondary	2	659587	PASS	G/G	G/G	32		G	32	agree
SRR23343475	AD_Malaysia	717	secondary	3	659586	PASS	A/A	A/A	38		A	38	agree
SRR23343475	AD_Malaysia	727	secondary	1	659471	PASS	C/C	C/C	16		C	16	agree
SRR23343475	AD_Malaysia	727	secondary	2	659470	PASS	A/A	A/A	17		A	17	agree
SRR23343475	AD_Malaysia	727	secondary	3	659469	PASS	A/A	A/A	19		A	19	agree
SRR23343475	AD_Malaysia	766	secondary	1	659354	PASS	A/A	A/A	27		A	27	agree
SRR23343475	AD_Malaysia	766	secondary	2	659353	PASS	A/A	A/A	26		A	26	agree
SRR23343475	AD_Malaysia	766	secondary	3	659352	PASS	A/A	A/A	27		A	27	agree
SRR23343475	AD_Malaysia	822	within_species_comparison	1	659110	PASS	T/T	T/T	37	127	C,T	0,37	agree
SRR23343475	AD_Malaysia	822	within_species_comparison	2	659109	PASS	A/A	A/A	37		A	37	agree
SRR23343475	AD_Malaysia	822	within_species_comparison	3	659108	PASS	T/T	T/T	36		T	36	agree
SRR23343475	AD_Malaysia	1134	primary	1	657921	PASS	G/G	G/G	32		G	32	agree
SRR23343475	AD_Malaysia	1134	primary	2	657920	PASS	A/A	A/A	29		A	29	agree
SRR23343475	AD_Malaysia	1134	primary	3	657919	PASS	A/A	A/A	28		A	28	agree
SRR23343476	AD_Malaysia	254	primary	1	661513	low_genotype_quality	A/A	A/A	21		A	21	codon_call_filtered
SRR23343476	AD_Malaysia	254	primary	2	661512	low_genotype_quality	A/A	A/A	18		A	18	codon_call_filtered
SRR23343476	AD_Malaysia	254	primary	3	661511	low_genotype_quality	A/A	A/A	19		A	18	codon_call_filtered
SRR23343476	AD_Malaysia	452	within_species_comparison	1	660645	PASS	T/T	T/T	22		T	22	agree
SRR23343476	AD_Malaysia	452	within_species_comparison	2	660644	PASS	G/G	G/G	25		G	25	agree
SRR23343476	AD_Malaysia	452	within_species_comparison	3	660643	PASS	C/C	C/C	25		C	25	agree
SRR23343476	AD_Malaysia	474	secondary	1	660579	PASS	T/T	T/T	25		T	25	agree
SRR23343476	AD_Malaysia	474	secondary	2	660578	PASS	T/T	T/T	25		T	25	agree
SRR23343476	AD_Malaysia	474	secondary	3	660577	PASS	T/T	T/T	24		T	24	agree
SRR23343476	AD_Malaysia	549	primary	1	660252	PASS	A/A	A/A	20		A	20	agree
SRR23343476	AD_Malaysia	549	primary	2	660251	PASS	A/A	A/A	24		A	24	agree
SRR23343476	AD_Malaysia	549	primary	3	660250	PASS	A/A	A/A	24		A	24	agree
SRR23343476	AD_Malaysia	717	secondary	1	659588	PASS	T/T	T/T	15		T	15	agree
SRR23343476	AD_Malaysia	717	secondary	2	659587	PASS	G/G	G/G	13		G	13	agree
SRR23343476	AD_Malaysia	717	secondary	3	659586	PASS	A/A	A/A	13		A	13	agree
SRR23343476	AD_Malaysia	727	secondary	1	659471	PASS	C/C	C/C	17		C	17	agree
SRR23343476	AD_Malaysia	727	secondary	2	659470	PASS	A/A	A/A	20		A	20	agree
SRR23343476	AD_Malaysia	727	secondary	3	659469	PASS	A/A	A/A	20		A	20	agree
SRR23343476	AD_Malaysia	766	secondary	1	659354	PASS	A/A	A/A	24		A	24	agree
SRR23343476	AD_Malaysia	766	secondary	2	659353	PASS	A/A	A/A	26		A	26	agree
SRR23343476	AD_Malaysia	766	secondary	3	659352	PASS	A/A	A/A	25		A	25	agree
SRR23343476	AD_Malaysia	822	within_species_comparison	1	659110	PASS	T/T	T/T	19	127	C,T	0,19	agree
SRR23343476	AD_Malaysia	822	within_species_comparison	2	659109	PASS	A/A	A/A	19		A	19	agree
SRR23343476	AD_Malaysia	822	within_species_comparison	3	659108	PASS	T/T	T/T	19		T	19	agree
SRR23343476	AD_Malaysia	1134	primary	1	657921	PASS	G/G	G/G	19		G	19	agree
SRR23343476	AD_Malaysia	1134	primary	2	657920	PASS	A/A	A/A	22		A	22	agree
SRR23343476	AD_Malaysia	1134	primary	3	657919	PASS	A/A	A/A	24		A	24	agree
SRR23343477	AD_Malaysia	254	primary	1	661513	PASS	A/A	A/A	30		A	30	agree
SRR23343477	AD_Malaysia	254	primary	2	661512	PASS	A/A	A/A	31		A	31	agree
SRR23343477	AD_Malaysia	254	primary	3	661511	PASS	A/A	A/A	32		A	32	agree
SRR23343477	AD_Malaysia	452	within_species_comparison	1	660645	PASS	T/T	T/T	41		T	41	agree
SRR23343477	AD_Malaysia	452	within_species_comparison	2	660644	PASS	G/G	G/G	37		G	37	agree
SRR23343477	AD_Malaysia	452	within_species_comparison	3	660643	PASS	C/C	C/C	40		C	40	agree
SRR23343477	AD_Malaysia	474	secondary	1	660579	PASS	T/T	T/T	40		T	40	agree
SRR23343477	AD_Malaysia	474	secondary	2	660578	PASS	T/T	T/T	38		T	38	agree
SRR23343477	AD_Malaysia	474	secondary	3	660577	PASS	T/T	T/T	37		T	37	agree
SRR23343477	AD_Malaysia	549	primary	1	660252	PASS	A/A	A/A	27		A	27	agree
SRR23343477	AD_Malaysia	549	primary	2	660251	PASS	A/A	A/A	28		A	28	agree
SRR23343477	AD_Malaysia	549	primary	3	660250	PASS	A/A	A/A	28		A	28	agree
SRR23343477	AD_Malaysia	717	secondary	1	659588	PASS	T/T	T/T	37		T	37	agree
SRR23343477	AD_Malaysia	717	secondary	2	659587	PASS	G/G	G/G	33		G	33	agree
SRR23343477	AD_Malaysia	717	secondary	3	659586	PASS	A/A	A/A	36		A	36	agree
SRR23343477	AD_Malaysia	727	secondary	1	659471	PASS	C/C	C/C	35		C	35	agree
SRR23343477	AD_Malaysia	727	secondary	2	659470	PASS	A/A	A/A	36		A	36	agree
SRR23343477	AD_Malaysia	727	secondary	3	659469	PASS	A/A	A/A	40		A	40	agree
SRR23343477	AD_Malaysia	766	secondary	1	659354	PASS	A/A	A/A	38		A	38	agree
SRR23343477	AD_Malaysia	766	secondary	2	659353	PASS	A/A	A/A	39		A	39	agree
SRR23343477	AD_Malaysia	766	secondary	3	659352	PASS	A/A	A/A	37		A	37	agree
SRR23343477	AD_Malaysia	822	within_species_comparison	1	659110	PASS	T/T	T/T	34	127	C,T	0,34	agree
SRR23343477	AD_Malaysia	822	within_species_comparison	2	659109	PASS	A/A	A/A	37		A	37	agree
SRR23343477	AD_Malaysia	822	within_species_comparison	3	659108	PASS	T/T	T/T	39		T	39	agree
SRR23343477	AD_Malaysia	1134	primary	1	657921	PASS	G/G	G/G	38		G	38	agree
SRR23343477	AD_Malaysia	1134	primary	2	657920	PASS	A/A	A/A	35		A	35	agree
SRR23343477	AD_Malaysia	1134	primary	3	657919	PASS	A/A	A/A	38		A	38	agree
SRR23343478	AD_Malaysia	254	primary	1	661513	PASS	A/A	A/A	24		A	24	agree
SRR23343478	AD_Malaysia	254	primary	2	661512	PASS	A/A	A/A	25		A	25	agree
SRR23343478	AD_Malaysia	254	primary	3	661511	PASS	A/A	A/A	26		A	26	agree
SRR23343478	AD_Malaysia	452	within_species_comparison	1	660645	PASS	T/T	T/T	30		T	30	agree
SRR23343478	AD_Malaysia	452	within_species_comparison	2	660644	PASS	G/G	G/G	32		G	32	agree
SRR23343478	AD_Malaysia	452	within_species_comparison	3	660643	PASS	C/C	C/C	30		C	30	agree
SRR23343478	AD_Malaysia	474	secondary	1	660579	PASS	T/T	T/T	22		T	22	agree
SRR23343478	AD_Malaysia	474	secondary	2	660578	PASS	T/T	T/T	24		T	24	agree
SRR23343478	AD_Malaysia	474	secondary	3	660577	PASS	T/T	T/T	24		T	24	agree
SRR23343478	AD_Malaysia	549	primary	1	660252	PASS	A/A	A/A	17		A	17	agree
SRR23343478	AD_Malaysia	549	primary	2	660251	PASS	A/A	A/A	20		A	20	agree
SRR23343478	AD_Malaysia	549	primary	3	660250	PASS	A/A	A/A	19		A	19	agree
SRR23343478	AD_Malaysia	717	secondary	1	659588	PASS	T/T	T/T	29		T	29	agree
SRR23343478	AD_Malaysia	717	secondary	2	659587	PASS	G/G	G/G	30		G	30	agree
SRR23343478	AD_Malaysia	717	secondary	3	659586	PASS	A/A	A/A	35		A	35	agree
SRR23343478	AD_Malaysia	727	secondary	1	659471	PASS	C/C	C/C	24		C	24	agree
SRR23343478	AD_Malaysia	727	secondary	2	659470	PASS	A/A	A/A	31		A	31	agree
SRR23343478	AD_Malaysia	727	secondary	3	659469	PASS	A/A	A/A	28		A	28	agree
SRR23343478	AD_Malaysia	766	secondary	1	659354	PASS	A/A	A/A	31		A	31	agree
SRR23343478	AD_Malaysia	766	secondary	2	659353	PASS	A/A	A/A	32		A	32	agree
SRR23343478	AD_Malaysia	766	secondary	3	659352	PASS	A/A	A/A	33		A	33	agree
SRR23343478	AD_Malaysia	822	within_species_comparison	1	659110	PASS	T/T	T/T	36	127	C,T	0,36	agree
SRR23343478	AD_Malaysia	822	within_species_comparison	2	659109	PASS	A/A	A/A	35		A	35	agree
SRR23343478	AD_Malaysia	822	within_species_comparison	3	659108	PASS	T/T	T/T	35		T	35	agree
SRR23343478	AD_Malaysia	1134	primary	1	657921	PASS	G/G	G/G	28		G	28	agree
SRR23343478	AD_Malaysia	1134	primary	2	657920	PASS	A/A	A/A	28		A	28	agree
SRR23343478	AD_Malaysia	1134	primary	3	657919	PASS	A/A	A/A	28		A	28	agree
SRR23343479	AD_Malaysia	254	primary	1	661513	PASS	A/A	A/A	40		A	40	agree
SRR23343479	AD_Malaysia	254	primary	2	661512	PASS	A/A	A/A	38		A	38	agree
SRR23343479	AD_Malaysia	254	primary	3	661511	PASS	A/A	A/A	43		A	43	agree
SRR23343479	AD_Malaysia	452	within_species_comparison	1	660645	PASS	T/T	T/T	29		T	29	agree
SRR23343479	AD_Malaysia	452	within_species_comparison	2	660644	PASS	G/G	G/G	28		G	28	agree
SRR23343479	AD_Malaysia	452	within_species_comparison	3	660643	PASS	C/C	C/C	27		C	27	agree
SRR23343479	AD_Malaysia	474	secondary	1	660579	PASS	T/T	T/T	27		T	27	agree
SRR23343479	AD_Malaysia	474	secondary	2	660578	PASS	T/T	T/T	29		T	29	agree
SRR23343479	AD_Malaysia	474	secondary	3	660577	PASS	T/T	T/T	29		T	29	agree
SRR23343479	AD_Malaysia	549	primary	1	660252	PASS	A/A	A/A	33		A	33	agree
SRR23343479	AD_Malaysia	549	primary	2	660251	PASS	A/A	A/A	33		A	33	agree
SRR23343479	AD_Malaysia	549	primary	3	660250	PASS	A/A	A/A	37		A	37	agree
SRR23343479	AD_Malaysia	717	secondary	1	659588	PASS	T/T	T/T	29		T	29	agree
SRR23343479	AD_Malaysia	717	secondary	2	659587	PASS	G/G	G/G	30		G	30	agree
SRR23343479	AD_Malaysia	717	secondary	3	659586	PASS	A/A	A/A	31		A	31	agree
SRR23343479	AD_Malaysia	727	secondary	1	659471	PASS	C/C	C/C	17		C	17	agree
SRR23343479	AD_Malaysia	727	secondary	2	659470	PASS	A/A	A/A	25		A	25	agree
SRR23343479	AD_Malaysia	727	secondary	3	659469	PASS	A/A	A/A	25		A	25	agree
SRR23343479	AD_Malaysia	766	secondary	1	659354	PASS	A/A	A/A	30		A	30	agree
SRR23343479	AD_Malaysia	766	secondary	2	659353	PASS	A/A	A/A	26		A	26	agree
SRR23343479	AD_Malaysia	766	secondary	3	659352	PASS	A/A	A/A	29		A	29	agree
SRR23343479	AD_Malaysia	822	within_species_comparison	1	659110	PASS	T/T	T/T	22	127	C,T	0,22	agree
SRR23343479	AD_Malaysia	822	within_species_comparison	2	659109	PASS	A/A	A/A	24		A	24	agree
SRR23343479	AD_Malaysia	822	within_species_comparison	3	659108	PASS	T/T	T/T	26		T	26	agree
SRR23343479	AD_Malaysia	1134	primary	1	657921	PASS	G/G	G/G	27		G	27	agree
SRR23343479	AD_Malaysia	1134	primary	2	657920	PASS	A/A	A/A	26		A	26	agree
SRR23343479	AD_Malaysia	1134	primary	3	657919	PASS	A/A	A/A	25		A	25	agree
SRR23343480	AD_Malaysia	254	primary	1	661513	PASS	A/A	A/A	21		A	21	agree
SRR23343480	AD_Malaysia	254	primary	2	661512	PASS	A/A	A/A	22		A	22	agree
SRR23343480	AD_Malaysia	254	primary	3	661511	PASS	A/A	A/A	24		A	24	agree
SRR23343480	AD_Malaysia	452	within_species_comparison	1	660645	PASS	T/T	T/T	31		T	31	agree
SRR23343480	AD_Malaysia	452	within_species_comparison	2	660644	PASS	G/G	G/G	29		G	29	agree
SRR23343480	AD_Malaysia	452	within_species_comparison	3	660643	PASS	C/C	C/C	32		C	32	agree
SRR23343480	AD_Malaysia	474	secondary	1	660579	PASS	T/T	T/T	25		T	25	agree
SRR23343480	AD_Malaysia	474	secondary	2	660578	PASS	T/T	T/T	22		T	22	agree
SRR23343480	AD_Malaysia	474	secondary	3	660577	PASS	T/T	T/T	23		T	23	agree
SRR23343480	AD_Malaysia	549	primary	1	660252	PASS	A/A	A/A	16		A	16	agree
SRR23343480	AD_Malaysia	549	primary	2	660251	PASS	A/A	A/A	17		A	17	agree
SRR23343480	AD_Malaysia	549	primary	3	660250	PASS	A/A	A/A	18		A	18	agree
SRR23343480	AD_Malaysia	717	secondary	1	659588	PASS	T/T	T/T	30		T	30	agree
SRR23343480	AD_Malaysia	717	secondary	2	659587	PASS	G/G	G/G	29		G	29	agree
SRR23343480	AD_Malaysia	717	secondary	3	659586	PASS	A/A	A/A	29		A	29	agree
SRR23343480	AD_Malaysia	727	secondary	1	659471	PASS	C/C	C/C	33		C	33	agree
SRR23343480	AD_Malaysia	727	secondary	2	659470	PASS	A/A	A/A	31		A	31	agree
SRR23343480	AD_Malaysia	727	secondary	3	659469	PASS	A/A	A/A	29		A	29	agree
SRR23343480	AD_Malaysia	766	secondary	1	659354	PASS	A/A	A/A	32		A	32	agree
SRR23343480	AD_Malaysia	766	secondary	2	659353	PASS	A/A	A/A	32		A	32	agree
SRR23343480	AD_Malaysia	766	secondary	3	659352	PASS	A/A	A/A	30		A	30	agree
SRR23343480	AD_Malaysia	822	within_species_comparison	1	659110	PASS	T/T	T/T	40	127	C,T	0,40	agree
SRR23343480	AD_Malaysia	822	within_species_comparison	2	659109	PASS	A/A	A/A	41		A	41	agree
SRR23343480	AD_Malaysia	822	within_species_comparison	3	659108	PASS	T/T	T/T	41		T	41	agree
SRR23343480	AD_Malaysia	1134	primary	1	657921	PASS	G/G	G/G	36		G	36	agree
SRR23343480	AD_Malaysia	1134	primary	2	657920	PASS	A/A	A/A	34		A	34	agree
SRR23343480	AD_Malaysia	1134	primary	3	657919	PASS	A/A	A/A	33		A	33	agree
SRR23343481	AD_Malaysia	254	primary	1	661513	PASS	A/A	A/A	17		A	17	agree
SRR23343481	AD_Malaysia	254	primary	2	661512	PASS	A/A	A/A	19		A	19	agree
SRR23343481	AD_Malaysia	254	primary	3	661511	PASS	A/A	A/A	19		A	19	agree
SRR23343481	AD_Malaysia	452	within_species_comparison	1	660645	PASS	T/T	T/T	20		T	20	agree
SRR23343481	AD_Malaysia	452	within_species_comparison	2	660644	PASS	G/G	G/G	20		G	20	agree
SRR23343481	AD_Malaysia	452	within_species_comparison	3	660643	PASS	C/C	C/C	20		C	20	agree
SRR23343481	AD_Malaysia	474	secondary	1	660579	PASS	T/T	T/T	19		T	19	agree
SRR23343481	AD_Malaysia	474	secondary	2	660578	PASS	T/T	T/T	19		T	19	agree
SRR23343481	AD_Malaysia	474	secondary	3	660577	PASS	T/T	T/T	17		T	17	agree
SRR23343481	AD_Malaysia	549	primary	1	660252	PASS	A/A	A/A	12		A	12	agree
SRR23343481	AD_Malaysia	549	primary	2	660251	PASS	A/A	A/A	14		A	14	agree
SRR23343481	AD_Malaysia	549	primary	3	660250	PASS	A/A	A/A	14		A	14	agree
SRR23343481	AD_Malaysia	717	secondary	1	659588	PASS	T/T	T/T	31		T	31	agree
SRR23343481	AD_Malaysia	717	secondary	2	659587	PASS	G/G	G/G	26		G	26	agree
SRR23343481	AD_Malaysia	717	secondary	3	659586	PASS	A/A	A/A	30		A	30	agree
SRR23343481	AD_Malaysia	727	secondary	1	659471	PASS	C/C	C/C	30		C	30	agree
SRR23343481	AD_Malaysia	727	secondary	2	659470	PASS	A/A	A/A	37		A	37	agree
SRR23343481	AD_Malaysia	727	secondary	3	659469	PASS	A/A	A/A	36		A	36	agree
SRR23343481	AD_Malaysia	766	secondary	1	659354	PASS	A/A	A/A	33		A	33	agree
SRR23343481	AD_Malaysia	766	secondary	2	659353	PASS	A/A	A/A	33		A	33	agree
SRR23343481	AD_Malaysia	766	secondary	3	659352	PASS	A/A	A/A	36		A	36	agree
SRR23343481	AD_Malaysia	822	within_species_comparison	1	659110	PASS	T/T	T/T	30	127	C,T	0,30	agree
SRR23343481	AD_Malaysia	822	within_species_comparison	2	659109	PASS	A/A	A/A	30		A	30	agree
SRR23343481	AD_Malaysia	822	within_species_comparison	3	659108	PASS	T/T	T/T	31		T	31	agree
SRR23343481	AD_Malaysia	1134	primary	1	657921	PASS	G/G	G/G	27		G	27	agree
SRR23343481	AD_Malaysia	1134	primary	2	657920	PASS	A/A	A/A	26		A	26	agree
SRR23343481	AD_Malaysia	1134	primary	3	657919	PASS	A/A	A/A	27		A	27	agree
SRR23343482	AD_Malaysia	254	primary	1	661513	PASS	A/A	A/A	30		A	30	agree
SRR23343482	AD_Malaysia	254	primary	2	661512	PASS	A/A	A/A	30		A	30	agree
SRR23343482	AD_Malaysia	254	primary	3	661511	PASS	A/A	A/A	31		A	31	agree
SRR23343482	AD_Malaysia	452	within_species_comparison	1	660645	PASS	T/T	T/T	42		T	42	agree
SRR23343482	AD_Malaysia	452	within_species_comparison	2	660644	PASS	G/G	G/G	42		G	42	agree
SRR23343482	AD_Malaysia	452	within_species_comparison	3	660643	PASS	C/C	C/C	42		C	42	agree
SRR23343482	AD_Malaysia	474	secondary	1	660579	PASS	T/T	T/T	40		T	40	agree
SRR23343482	AD_Malaysia	474	secondary	2	660578	PASS	T/T	T/T	35		T	35	agree
SRR23343482	AD_Malaysia	474	secondary	3	660577	PASS	T/T	T/T	41		T	41	agree
SRR23343482	AD_Malaysia	549	primary	1	660252	PASS	A/A	A/A	27		A	27	agree
SRR23343482	AD_Malaysia	549	primary	2	660251	PASS	A/A	A/A	31		A	31	agree
SRR23343482	AD_Malaysia	549	primary	3	660250	PASS	A/A	A/A	31		A	31	agree
SRR23343482	AD_Malaysia	717	secondary	1	659588	PASS	T/T	T/T	28		T	28	agree
SRR23343482	AD_Malaysia	717	secondary	2	659587	PASS	G/G	G/G	24		G	24	agree
SRR23343482	AD_Malaysia	717	secondary	3	659586	PASS	A/A	A/A	29		A	29	agree
SRR23343482	AD_Malaysia	727	secondary	1	659471	PASS	C/C	C/C	31		C	31	agree
SRR23343482	AD_Malaysia	727	secondary	2	659470	PASS	A/A	A/A	32		A	32	agree
SRR23343482	AD_Malaysia	727	secondary	3	659469	PASS	A/A	A/A	33		A	33	agree
SRR23343482	AD_Malaysia	766	secondary	1	659354	PASS	A/A	A/A	33		A	33	agree
SRR23343482	AD_Malaysia	766	secondary	2	659353	PASS	A/A	A/A	30		A	30	agree
SRR23343482	AD_Malaysia	766	secondary	3	659352	PASS	A/A	A/A	33		A	33	agree
SRR23343482	AD_Malaysia	822	within_species_comparison	1	659110	PASS	T/T	T/T	41	127	C,T	0,41	agree
SRR23343482	AD_Malaysia	822	within_species_comparison	2	659109	PASS	A/A	A/A	41		A	41	agree
SRR23343482	AD_Malaysia	822	within_species_comparison	3	659108	PASS	T/T	T/T	42		T	42	agree
SRR23343482	AD_Malaysia	1134	primary	1	657921	PASS	G/G	G/G	31		G	31	agree
SRR23343482	AD_Malaysia	1134	primary	2	657920	PASS	A/A	A/A	27		A	27	agree
SRR23343482	AD_Malaysia	1134	primary	3	657919	PASS	A/A	A/A	31		A	31	agree
SRR23343483	AD_Malaysia	254	primary	1	661513	PASS	A/A	A/A	18		A	18	agree
SRR23343483	AD_Malaysia	254	primary	2	661512	PASS	A/A	A/A	21		A	21	agree
SRR23343483	AD_Malaysia	254	primary	3	661511	PASS	A/A	A/A	22		A	22	agree
SRR23343483	AD_Malaysia	452	within_species_comparison	1	660645	PASS	T/T	T/T	37		T	37	agree
SRR23343483	AD_Malaysia	452	within_species_comparison	2	660644	PASS	G/G	G/G	39		G	39	agree
SRR23343483	AD_Malaysia	452	within_species_comparison	3	660643	PASS	C/C	C/C	38		C	38	agree
SRR23343483	AD_Malaysia	474	secondary	1	660579	PASS	T/T	T/T	32		T	32	agree
SRR23343483	AD_Malaysia	474	secondary	2	660578	PASS	T/T	T/T	33		T	33	agree
SRR23343483	AD_Malaysia	474	secondary	3	660577	PASS	T/T	T/T	33		T	33	agree
SRR23343483	AD_Malaysia	549	primary	1	660252	PASS	A/A	A/A	28		A	28	agree
SRR23343483	AD_Malaysia	549	primary	2	660251	PASS	A/A	A/A	27		A	27	agree
SRR23343483	AD_Malaysia	549	primary	3	660250	PASS	A/A	A/A	32		A	32	agree
SRR23343483	AD_Malaysia	717	secondary	1	659588	PASS	T/T	T/T	39		T	39	agree
SRR23343483	AD_Malaysia	717	secondary	2	659587	PASS	G/G	G/G	33		G	33	agree
SRR23343483	AD_Malaysia	717	secondary	3	659586	PASS	A/A	A/A	38		A	38	agree
SRR23343483	AD_Malaysia	727	secondary	1	659471	PASS	C/C	C/C	31		C	31	agree
SRR23343483	AD_Malaysia	727	secondary	2	659470	PASS	A/A	A/A	33		A	33	agree
SRR23343483	AD_Malaysia	727	secondary	3	659469	PASS	A/A	A/A	33		A	33	agree
SRR23343483	AD_Malaysia	766	secondary	1	659354	PASS	A/A	A/A	33		A	33	agree
SRR23343483	AD_Malaysia	766	secondary	2	659353	PASS	A/A	A/A	34		A	34	agree
SRR23343483	AD_Malaysia	766	secondary	3	659352	PASS	A/A	A/A	37		A	37	agree
SRR23343483	AD_Malaysia	822	within_species_comparison	1	659110	PASS	T/T	T/T	33	127	C,T	0,33	agree
SRR23343483	AD_Malaysia	822	within_species_comparison	2	659109	PASS	A/A	A/A	32		A	32	agree
SRR23343483	AD_Malaysia	822	within_species_comparison	3	659108	PASS	T/T	T/T	34		T	34	agree
SRR23343483	AD_Malaysia	1134	primary	1	657921	PASS	G/G	G/G	31		G	31	agree
SRR23343483	AD_Malaysia	1134	primary	2	657920	PASS	A/A	A/A	24		A	24	agree
SRR23343483	AD_Malaysia	1134	primary	3	657919	PASS	A/A	A/A	28		A	28	agree
SRR23343484	AD_Malaysia	254	primary	1	661513	PASS	A/A	A/A	28		A	27	agree
SRR23343484	AD_Malaysia	254	primary	2	661512	PASS	A/A	A/A	29		A	29	agree
SRR23343484	AD_Malaysia	254	primary	3	661511	PASS	A/A	A/A	30		A	30	agree
SRR23343484	AD_Malaysia	452	within_species_comparison	1	660645	PASS	T/T	T/T	35		T	35	agree
SRR23343484	AD_Malaysia	452	within_species_comparison	2	660644	PASS	G/G	G/G	36		G	36	agree
SRR23343484	AD_Malaysia	452	within_species_comparison	3	660643	PASS	C/C	C/C	32		C	32	agree
SRR23343484	AD_Malaysia	474	secondary	1	660579	PASS	T/T	T/T	34		T	34	agree
SRR23343484	AD_Malaysia	474	secondary	2	660578	PASS	T/T	T/T	34		T	34	agree
SRR23343484	AD_Malaysia	474	secondary	3	660577	PASS	T/T	T/T	33		T	33	agree
SRR23343484	AD_Malaysia	549	primary	1	660252	PASS	A/A	A/A	39		A	39	agree
SRR23343484	AD_Malaysia	549	primary	2	660251	PASS	A/A	A/A	40		A	40	agree
SRR23343484	AD_Malaysia	549	primary	3	660250	PASS	A/A	A/A	41		A	41	agree
SRR23343484	AD_Malaysia	717	secondary	1	659588	PASS	T/T	T/T	16		T	16	agree
SRR23343484	AD_Malaysia	717	secondary	2	659587	PASS	G/G	G/G	16		G	16	agree
SRR23343484	AD_Malaysia	717	secondary	3	659586	PASS	A/A	A/A	16		A	16	agree
SRR23343484	AD_Malaysia	727	secondary	1	659471	PASS	C/C	C/C	23		C	23	agree
SRR23343484	AD_Malaysia	727	secondary	2	659470	PASS	A/A	A/A	24		A	24	agree
SRR23343484	AD_Malaysia	727	secondary	3	659469	PASS	A/A	A/A	25		A	25	agree
SRR23343484	AD_Malaysia	766	secondary	1	659354	PASS	A/A	A/A	35		A	35	agree
SRR23343484	AD_Malaysia	766	secondary	2	659353	PASS	A/A	A/A	35		A	35	agree
SRR23343484	AD_Malaysia	766	secondary	3	659352	PASS	A/A	A/A	32		A	32	agree
SRR23343484	AD_Malaysia	822	within_species_comparison	1	659110	PASS	T/T	T/T	57	127	C,T	0,57	agree
SRR23343484	AD_Malaysia	822	within_species_comparison	2	659109	PASS	A/A	A/A	57		A	57	agree
SRR23343484	AD_Malaysia	822	within_species_comparison	3	659108	PASS	T/T	T/T	55		T	55	agree
SRR23343484	AD_Malaysia	1134	primary	1	657921	PASS	G/G	G/G	54		G	54	agree
SRR23343484	AD_Malaysia	1134	primary	2	657920	PASS	A/A	A/A	57		A	57	agree
SRR23343484	AD_Malaysia	1134	primary	3	657919	PASS	A/A	A/A	57		A	57	agree
SRR23343485	AD_Malaysia	254	primary	1	661513	PASS	A/A	A/A	22		A	22	agree
SRR23343485	AD_Malaysia	254	primary	2	661512	PASS	A/A	A/A	25		A	25	agree
SRR23343485	AD_Malaysia	254	primary	3	661511	PASS	A/A	A/A	25		A	25	agree
SRR23343485	AD_Malaysia	452	within_species_comparison	1	660645	PASS	T/T	T/T	31		T	31	agree
SRR23343485	AD_Malaysia	452	within_species_comparison	2	660644	PASS	G/G	G/G	30		G	30	agree
SRR23343485	AD_Malaysia	452	within_species_comparison	3	660643	PASS	C/C	C/C	28		C	28	agree
SRR23343485	AD_Malaysia	474	secondary	1	660579	PASS	T/T	T/T	35		T	35	agree
SRR23343485	AD_Malaysia	474	secondary	2	660578	PASS	T/T	T/T	36		T	36	agree
SRR23343485	AD_Malaysia	474	secondary	3	660577	PASS	T/T	T/T	31		T	31	agree
SRR23343485	AD_Malaysia	549	primary	1	660252	PASS	A/A	A/A	25		A	25	agree
SRR23343485	AD_Malaysia	549	primary	2	660251	PASS	A/A	A/A	27		A	27	agree
SRR23343485	AD_Malaysia	549	primary	3	660250	PASS	A/A	A/A	29		A	29	agree
SRR23343485	AD_Malaysia	717	secondary	1	659588	PASS	T/T	T/T	33		T	33	agree
SRR23343485	AD_Malaysia	717	secondary	2	659587	PASS	G/G	G/G	29		G	29	agree
SRR23343485	AD_Malaysia	717	secondary	3	659586	PASS	A/A	A/A	33		A	33	agree
SRR23343485	AD_Malaysia	727	secondary	1	659471	PASS	C/C	C/C	21		C	21	agree
SRR23343485	AD_Malaysia	727	secondary	2	659470	PASS	A/A	A/A	24		A	24	agree
SRR23343485	AD_Malaysia	727	secondary	3	659469	PASS	A/A	A/A	28		A	28	agree
SRR23343485	AD_Malaysia	766	secondary	1	659354	PASS	A/A	A/A	24		A	24	agree
SRR23343485	AD_Malaysia	766	secondary	2	659353	PASS	A/A	A/A	29		A	29	agree
SRR23343485	AD_Malaysia	766	secondary	3	659352	PASS	A/A	A/A	29		A	29	agree
SRR23343485	AD_Malaysia	822	within_species_comparison	1	659110	PASS	C/T	C/T	33	127	C,T	23,10	agree
SRR23343485	AD_Malaysia	822	within_species_comparison	2	659109	PASS	A/A	A/A	33		A	33	agree
SRR23343485	AD_Malaysia	822	within_species_comparison	3	659108	PASS	T/T	T/T	32		T	32	agree
SRR23343485	AD_Malaysia	1134	primary	1	657921	PASS	G/G	G/G	25		G	25	agree
SRR23343485	AD_Malaysia	1134	primary	2	657920	PASS	A/A	A/A	24		A	24	agree
SRR23343485	AD_Malaysia	1134	primary	3	657919	PASS	A/A	A/A	24		A	24	agree
SRR23343486	AD_Malaysia	254	primary	1	661513	PASS	A/A	A/A	34		A	34	agree
SRR23343486	AD_Malaysia	254	primary	2	661512	PASS	A/A	A/A	38		A	38	agree
SRR23343486	AD_Malaysia	254	primary	3	661511	PASS	A/A	A/A	36		A	36	agree
SRR23343486	AD_Malaysia	452	within_species_comparison	1	660645	PASS	T/T	T/T	38		T	38	agree
SRR23343486	AD_Malaysia	452	within_species_comparison	2	660644	PASS	G/G	G/G	39		G	39	agree
SRR23343486	AD_Malaysia	452	within_species_comparison	3	660643	PASS	C/C	C/C	39		C	39	agree
SRR23343486	AD_Malaysia	474	secondary	1	660579	PASS	T/T	T/T	50		T	50	agree
SRR23343486	AD_Malaysia	474	secondary	2	660578	PASS	T/T	T/T	47		T	47	agree
SRR23343486	AD_Malaysia	474	secondary	3	660577	PASS	T/T	T/T	46		T	46	agree
SRR23343486	AD_Malaysia	549	primary	1	660252	PASS	A/A	A/A	36		A	36	agree
SRR23343486	AD_Malaysia	549	primary	2	660251	PASS	A/A	A/A	39		A	39	agree
SRR23343486	AD_Malaysia	549	primary	3	660250	PASS	A/A	A/A	41		A	41	agree
SRR23343486	AD_Malaysia	717	secondary	1	659588	PASS	T/T	T/T	30		T	30	agree
SRR23343486	AD_Malaysia	717	secondary	2	659587	PASS	G/G	G/G	29		G	29	agree
SRR23343486	AD_Malaysia	717	secondary	3	659586	PASS	A/A	A/A	30		A	30	agree
SRR23343486	AD_Malaysia	727	secondary	1	659471	PASS	C/C	C/C	28		C	28	agree
SRR23343486	AD_Malaysia	727	secondary	2	659470	PASS	A/A	A/A	31		A	31	agree
SRR23343486	AD_Malaysia	727	secondary	3	659469	PASS	A/A	A/A	31		A	31	agree
SRR23343486	AD_Malaysia	766	secondary	1	659354	PASS	A/A	A/A	27		A	27	agree
SRR23343486	AD_Malaysia	766	secondary	2	659353	PASS	A/A	A/A	32		A	32	agree
SRR23343486	AD_Malaysia	766	secondary	3	659352	PASS	A/A	A/A	32		A	32	agree
SRR23343486	AD_Malaysia	822	within_species_comparison	1	659110	PASS	T/T	T/T	27	127	C,T	0,27	agree
SRR23343486	AD_Malaysia	822	within_species_comparison	2	659109	PASS	A/A	A/A	29		A	29	agree
SRR23343486	AD_Malaysia	822	within_species_comparison	3	659108	PASS	T/T	T/T	26		T	26	agree
SRR23343486	AD_Malaysia	1134	primary	1	657921	PASS	G/G	G/G	36		G	36	agree
SRR23343486	AD_Malaysia	1134	primary	2	657920	PASS	A/A	A/A	33		A	33	agree
SRR23343486	AD_Malaysia	1134	primary	3	657919	PASS	A/A	A/A	34		A	34	agree
SRR23343487	AD_Malaysia	254	primary	1	661513	PASS	A/A	A/A	26		A	26	agree
SRR23343487	AD_Malaysia	254	primary	2	661512	PASS	A/A	A/A	30		A	30	agree
SRR23343487	AD_Malaysia	254	primary	3	661511	PASS	A/A	A/A	30		A	30	agree
SRR23343487	AD_Malaysia	452	within_species_comparison	1	660645	PASS	T/T	T/T	43		T	43	agree
SRR23343487	AD_Malaysia	452	within_species_comparison	2	660644	PASS	G/G	G/G	45		G	45	agree
SRR23343487	AD_Malaysia	452	within_species_comparison	3	660643	PASS	C/C	C/C	42		C	42	agree
SRR23343487	AD_Malaysia	474	secondary	1	660579	PASS	T/T	T/T	42		T	42	agree
SRR23343487	AD_Malaysia	474	secondary	2	660578	PASS	T/T	T/T	41		T	41	agree
SRR23343487	AD_Malaysia	474	secondary	3	660577	PASS	T/T	T/T	39		T	39	agree
SRR23343487	AD_Malaysia	549	primary	1	660252	PASS	A/A	A/A	38		A	38	agree
SRR23343487	AD_Malaysia	549	primary	2	660251	PASS	A/A	A/A	36		A	36	agree
SRR23343487	AD_Malaysia	549	primary	3	660250	PASS	A/A	A/A	37		A	37	agree
SRR23343487	AD_Malaysia	717	secondary	1	659588	PASS	T/T	T/T	28		T	28	agree
SRR23343487	AD_Malaysia	717	secondary	2	659587	PASS	G/G	G/G	27		G	27	agree
SRR23343487	AD_Malaysia	717	secondary	3	659586	PASS	A/A	A/A	29		A	29	agree
SRR23343487	AD_Malaysia	727	secondary	1	659471	PASS	C/C	C/C	33		C	33	agree
SRR23343487	AD_Malaysia	727	secondary	2	659470	PASS	A/A	A/A	39		A	39	agree
SRR23343487	AD_Malaysia	727	secondary	3	659469	PASS	A/A	A/A	38		A	38	agree
SRR23343487	AD_Malaysia	766	secondary	1	659354	PASS	A/A	A/A	34		A	34	agree
SRR23343487	AD_Malaysia	766	secondary	2	659353	PASS	A/A	A/A	35		A	35	agree
SRR23343487	AD_Malaysia	766	secondary	3	659352	PASS	A/A	A/A	34		A	34	agree
SRR23343487	AD_Malaysia	822	within_species_comparison	1	659110	PASS	T/T	T/T	35	127	C,T	0,35	agree
SRR23343487	AD_Malaysia	822	within_species_comparison	2	659109	PASS	A/A	A/A	35		A	35	agree
SRR23343487	AD_Malaysia	822	within_species_comparison	3	659108	PASS	T/T	T/T	32		T	32	agree
SRR23343487	AD_Malaysia	1134	primary	1	657921	PASS	G/G	G/G	36		G	36	agree
SRR23343487	AD_Malaysia	1134	primary	2	657920	PASS	A/A	A/A	35		A	35	agree
SRR23343487	AD_Malaysia	1134	primary	3	657919	PASS	A/A	A/A	36		A	36	agree
SRR23343488	AD_Malaysia	254	primary	1	661513	PASS	A/A	A/A	23		A	23	agree
SRR23343488	AD_Malaysia	254	primary	2	661512	PASS	A/A	A/A	22		A	22	agree
SRR23343488	AD_Malaysia	254	primary	3	661511	PASS	A/A	A/A	24		A	24	agree
SRR23343488	AD_Malaysia	452	within_species_comparison	1	660645	PASS	T/T	T/T	38		T	38	agree
SRR23343488	AD_Malaysia	452	within_species_comparison	2	660644	PASS	G/G	G/G	37		G	37	agree
SRR23343488	AD_Malaysia	452	within_species_comparison	3	660643	PASS	C/C	C/C	38		C	38	agree
SRR23343488	AD_Malaysia	474	secondary	1	660579	PASS	T/T	T/T	34		T	34	agree
SRR23343488	AD_Malaysia	474	secondary	2	660578	PASS	T/T	T/T	32		T	32	agree
SRR23343488	AD_Malaysia	474	secondary	3	660577	PASS	T/T	T/T	29		T	29	agree
SRR23343488	AD_Malaysia	549	primary	1	660252	PASS	A/A	A/A	32		A	32	agree
SRR23343488	AD_Malaysia	549	primary	2	660251	PASS	A/A	A/A	30		A	30	agree
SRR23343488	AD_Malaysia	549	primary	3	660250	PASS	A/A	A/A	36		A	36	agree
SRR23343488	AD_Malaysia	717	secondary	1	659588	PASS	T/T	T/T	28		T	28	agree
SRR23343488	AD_Malaysia	717	secondary	2	659587	PASS	G/G	G/G	25		G	25	agree
SRR23343488	AD_Malaysia	717	secondary	3	659586	PASS	A/A	A/A	31		A	31	agree
SRR23343488	AD_Malaysia	727	secondary	1	659471	PASS	C/C	C/C	22		C	22	agree
SRR23343488	AD_Malaysia	727	secondary	2	659470	PASS	A/A	A/A	25		A	25	agree
SRR23343488	AD_Malaysia	727	secondary	3	659469	PASS	A/A	A/A	25		A	25	agree
SRR23343488	AD_Malaysia	766	secondary	1	659354	PASS	A/A	A/A	31		A	31	agree
SRR23343488	AD_Malaysia	766	secondary	2	659353	PASS	A/A	A/A	30		A	30	agree
SRR23343488	AD_Malaysia	766	secondary	3	659352	PASS	A/A	A/A	31		A	31	agree
SRR23343488	AD_Malaysia	822	within_species_comparison	1	659110	PASS	C/T	C/T	24	127	C,T	16,8	agree
SRR23343488	AD_Malaysia	822	within_species_comparison	2	659109	PASS	A/A	A/A	23		A	23	agree
SRR23343488	AD_Malaysia	822	within_species_comparison	3	659108	PASS	T/T	T/T	24		T	24	agree
SRR23343488	AD_Malaysia	1134	primary	1	657921	PASS	G/G	G/G	28		G	28	agree
SRR23343488	AD_Malaysia	1134	primary	2	657920	PASS	A/A	A/A	27		A	27	agree
SRR23343488	AD_Malaysia	1134	primary	3	657919	PASS	A/A	A/A	28		A	28	agree
SRR23343489	AD_Malaysia	254	primary	1	661513	PASS	A/A	A/A	34		A	34	agree
SRR23343489	AD_Malaysia	254	primary	2	661512	PASS	A/A	A/A	35		A	35	agree
SRR23343489	AD_Malaysia	254	primary	3	661511	PASS	A/A	A/A	37		A	37	agree
SRR23343489	AD_Malaysia	452	within_species_comparison	1	660645	PASS	T/T	T/T	40		T	40	agree
SRR23343489	AD_Malaysia	452	within_species_comparison	2	660644	PASS	G/G	G/G	37		G	37	agree
SRR23343489	AD_Malaysia	452	within_species_comparison	3	660643	PASS	C/C	C/C	34		C	34	agree
SRR23343489	AD_Malaysia	474	secondary	1	660579	PASS	T/T	T/T	36		T	36	agree
SRR23343489	AD_Malaysia	474	secondary	2	660578	PASS	T/T	T/T	32		T	32	agree
SRR23343489	AD_Malaysia	474	secondary	3	660577	PASS	T/T	T/T	31		T	31	agree
SRR23343489	AD_Malaysia	549	primary	1	660252	PASS	A/A	A/A	34		A	34	agree
SRR23343489	AD_Malaysia	549	primary	2	660251	PASS	A/A	A/A	33		A	33	agree
SRR23343489	AD_Malaysia	549	primary	3	660250	PASS	A/A	A/A	35		A	35	agree
SRR23343489	AD_Malaysia	717	secondary	1	659588	PASS	T/T	T/T	25		T	25	agree
SRR23343489	AD_Malaysia	717	secondary	2	659587	PASS	G/G	G/G	23		G	23	agree
SRR23343489	AD_Malaysia	717	secondary	3	659586	PASS	A/A	A/A	30		A	30	agree
SRR23343489	AD_Malaysia	727	secondary	1	659471	PASS	C/C	C/C	33		C	33	agree
SRR23343489	AD_Malaysia	727	secondary	2	659470	PASS	A/A	A/A	40		A	40	agree
SRR23343489	AD_Malaysia	727	secondary	3	659469	PASS	A/A	A/A	44		A	44	agree
SRR23343489	AD_Malaysia	766	secondary	1	659354	PASS	A/A	A/A	29		A	29	agree
SRR23343489	AD_Malaysia	766	secondary	2	659353	PASS	A/A	A/A	38		A	38	agree
SRR23343489	AD_Malaysia	766	secondary	3	659352	PASS	A/A	A/A	38		A	38	agree
SRR23343489	AD_Malaysia	822	within_species_comparison	1	659110	PASS	T/T	T/T	33	127	C,T	0,33	agree
SRR23343489	AD_Malaysia	822	within_species_comparison	2	659109	PASS	A/A	A/A	34		A	34	agree
SRR23343489	AD_Malaysia	822	within_species_comparison	3	659108	PASS	T/T	T/T	31		T	31	agree
SRR23343489	AD_Malaysia	1134	primary	1	657921	PASS	G/G	G/G	36		G	36	agree
SRR23343489	AD_Malaysia	1134	primary	2	657920	PASS	A/A	A/A	37		A	37	agree
SRR23343489	AD_Malaysia	1134	primary	3	657919	PASS	A/A	A/A	39		A	39	agree
SRR23343490	AD_Malaysia	254	primary	1	661513	PASS	A/A	A/A	22		A	22	agree
SRR23343490	AD_Malaysia	254	primary	2	661512	PASS	A/A	A/A	26		A	26	agree
SRR23343490	AD_Malaysia	254	primary	3	661511	PASS	A/A	A/A	26		A	26	agree
SRR23343490	AD_Malaysia	452	within_species_comparison	1	660645	PASS	T/T	T/T	19		T	19	agree
SRR23343490	AD_Malaysia	452	within_species_comparison	2	660644	PASS	G/G	G/G	20		G	20	agree
SRR23343490	AD_Malaysia	452	within_species_comparison	3	660643	PASS	C/C	C/C	22		C	22	agree
SRR23343490	AD_Malaysia	474	secondary	1	660579	PASS	T/T	T/T	20		T	20	agree
SRR23343490	AD_Malaysia	474	secondary	2	660578	PASS	T/T	T/T	21		T	21	agree
SRR23343490	AD_Malaysia	474	secondary	3	660577	PASS	T/T	T/T	20		T	20	agree
SRR23343490	AD_Malaysia	549	primary	1	660252	PASS	A/A	A/A	28		A	28	agree
SRR23343490	AD_Malaysia	549	primary	2	660251	PASS	A/A	A/A	29		A	29	agree
SRR23343490	AD_Malaysia	549	primary	3	660250	PASS	A/A	A/A	29		A	29	agree
SRR23343490	AD_Malaysia	717	secondary	1	659588	PASS	T/T	T/T	14		T	14	agree
SRR23343490	AD_Malaysia	717	secondary	2	659587	PASS	G/G	G/G	18		G	18	agree
SRR23343490	AD_Malaysia	717	secondary	3	659586	PASS	A/A	A/A	19		A	19	agree
SRR23343490	AD_Malaysia	727	secondary	1	659471	PASS	C/C	C/C	23		C	23	agree
SRR23343490	AD_Malaysia	727	secondary	2	659470	PASS	A/A	A/A	25		A	25	agree
SRR23343490	AD_Malaysia	727	secondary	3	659469	PASS	A/A	A/A	26		A	26	agree
SRR23343490	AD_Malaysia	766	secondary	1	659354	PASS	A/A	A/A	28		A	28	agree
SRR23343490	AD_Malaysia	766	secondary	2	659353	PASS	A/A	A/A	27		A	27	agree
SRR23343490	AD_Malaysia	766	secondary	3	659352	PASS	A/A	A/A	28		A	28	agree
SRR23343490	AD_Malaysia	822	within_species_comparison	1	659110	PASS	C/T	C/T	34	127	C,T	13,21	agree
SRR23343490	AD_Malaysia	822	within_species_comparison	2	659109	PASS	A/A	A/A	33		A	33	agree
SRR23343490	AD_Malaysia	822	within_species_comparison	3	659108	PASS	T/T	T/T	31		T	31	agree
SRR23343490	AD_Malaysia	1134	primary	1	657921	PASS	G/G	G/G	24		G	24	agree
SRR23343490	AD_Malaysia	1134	primary	2	657920	PASS	A/A	A/A	23		A	23	agree
SRR23343490	AD_Malaysia	1134	primary	3	657919	PASS	A/A	A/A	25		A	25	agree
SRR23343491	AD_Malaysia	254	primary	1	661513	PASS	A/A	A/A	29		A	29	agree
SRR23343491	AD_Malaysia	254	primary	2	661512	PASS	A/A	A/A	30		A	30	agree
SRR23343491	AD_Malaysia	254	primary	3	661511	PASS	A/A	A/A	30		A	30	agree
SRR23343491	AD_Malaysia	452	within_species_comparison	1	660645	PASS	T/T	T/T	35		T	35	agree
SRR23343491	AD_Malaysia	452	within_species_comparison	2	660644	PASS	G/G	G/G	31		G	31	agree
SRR23343491	AD_Malaysia	452	within_species_comparison	3	660643	PASS	C/C	C/C	31		C	31	agree
SRR23343491	AD_Malaysia	474	secondary	1	660579	PASS	T/T	T/T	34		T	34	agree
SRR23343491	AD_Malaysia	474	secondary	2	660578	PASS	T/T	T/T	28		T	28	agree
SRR23343491	AD_Malaysia	474	secondary	3	660577	PASS	T/T	T/T	32		T	32	agree
SRR23343491	AD_Malaysia	549	primary	1	660252	PASS	A/A	A/A	26		A	26	agree
SRR23343491	AD_Malaysia	549	primary	2	660251	PASS	A/A	A/A	25		A	25	agree
SRR23343491	AD_Malaysia	549	primary	3	660250	PASS	A/A	A/A	26		A	26	agree
SRR23343491	AD_Malaysia	717	secondary	1	659588	PASS	T/T	T/T	27		T	27	agree
SRR23343491	AD_Malaysia	717	secondary	2	659587	PASS	G/G	G/G	22		G	22	agree
SRR23343491	AD_Malaysia	717	secondary	3	659586	PASS	A/A	A/A	26		A	26	agree
SRR23343491	AD_Malaysia	727	secondary	1	659471	PASS	C/C	C/C	19		C	19	agree
SRR23343491	AD_Malaysia	727	secondary	2	659470	PASS	A/A	A/A	22		A	22	agree
SRR23343491	AD_Malaysia	727	secondary	3	659469	PASS	A/A	A/A	25		A	25	agree
SRR23343491	AD_Malaysia	766	secondary	1	659354	PASS	A/A	A/A	29		A	29	agree
SRR23343491	AD_Malaysia	766	secondary	2	659353	PASS	A/A	A/A	30		A	30	agree
SRR23343491	AD_Malaysia	766	secondary	3	659352	PASS	A/A	A/A	32		A	32	agree
SRR23343491	AD_Malaysia	822	within_species_comparison	1	659110	PASS	T/T	T/T	20	127	C,T	0,20	agree
SRR23343491	AD_Malaysia	822	within_species_comparison	2	659109	PASS	A/A	A/A	20		A	20	agree
SRR23343491	AD_Malaysia	822	within_species_comparison	3	659108	PASS	T/T	T/T	21		T	21	agree
SRR23343491	AD_Malaysia	1134	primary	1	657921	PASS	G/G	G/G	27		G	27	agree
SRR23343491	AD_Malaysia	1134	primary	2	657920	PASS	A/A	A/A	23		A	23	agree
SRR23343491	AD_Malaysia	1134	primary	3	657919	PASS	A/A	A/A	26		A	26	agree
SRR23343492	AD_Malaysia	254	primary	1	661513	PASS	A/A	A/A	32		A	32	agree
SRR23343492	AD_Malaysia	254	primary	2	661512	PASS	A/A	A/A	41		A	41	agree
SRR23343492	AD_Malaysia	254	primary	3	661511	PASS	A/A	A/A	40		A	40	agree
SRR23343492	AD_Malaysia	452	within_species_comparison	1	660645	PASS	T/T	T/T	32		T	32	agree
SRR23343492	AD_Malaysia	452	within_species_comparison	2	660644	PASS	G/G	G/G	35		G	35	agree
SRR23343492	AD_Malaysia	452	within_species_comparison	3	660643	PASS	C/C	C/C	36		C	36	agree
SRR23343492	AD_Malaysia	474	secondary	1	660579	PASS	T/T	T/T	35		T	35	agree
SRR23343492	AD_Malaysia	474	secondary	2	660578	PASS	T/T	T/T	34		T	34	agree
SRR23343492	AD_Malaysia	474	secondary	3	660577	PASS	T/T	T/T	34		T	34	agree
SRR23343492	AD_Malaysia	549	primary	1	660252	PASS	A/A	A/A	21		A	21	agree
SRR23343492	AD_Malaysia	549	primary	2	660251	PASS	A/A	A/A	20		A	20	agree
SRR23343492	AD_Malaysia	549	primary	3	660250	PASS	A/A	A/A	22		A	22	agree
SRR23343492	AD_Malaysia	717	secondary	1	659588	PASS	T/T	T/T	36		T	36	agree
SRR23343492	AD_Malaysia	717	secondary	2	659587	PASS	G/G	G/G	32		G	32	agree
SRR23343492	AD_Malaysia	717	secondary	3	659586	PASS	A/A	A/A	33		A	33	agree
SRR23343492	AD_Malaysia	727	secondary	1	659471	PASS	C/C	C/C	35		C	35	agree
SRR23343492	AD_Malaysia	727	secondary	2	659470	PASS	A/A	A/A	36		A	36	agree
SRR23343492	AD_Malaysia	727	secondary	3	659469	PASS	A/A	A/A	35		A	35	agree
SRR23343492	AD_Malaysia	766	secondary	1	659354	PASS	A/A	A/A	40		A	40	agree
SRR23343492	AD_Malaysia	766	secondary	2	659353	PASS	A/A	A/A	39		A	39	agree
SRR23343492	AD_Malaysia	766	secondary	3	659352	PASS	A/A	A/A	36		A	36	agree
SRR23343492	AD_Malaysia	822	within_species_comparison	1	659110	PASS	T/T	T/T	23	127	C,T	0,23	agree
SRR23343492	AD_Malaysia	822	within_species_comparison	2	659109	PASS	A/A	A/A	23		A	23	agree
SRR23343492	AD_Malaysia	822	within_species_comparison	3	659108	PASS	T/T	T/T	23		T	23	agree
SRR23343492	AD_Malaysia	1134	primary	1	657921	PASS	G/G	G/G	39		G	39	agree
SRR23343492	AD_Malaysia	1134	primary	2	657920	PASS	A/A	A/A	35		A	35	agree
SRR23343492	AD_Malaysia	1134	primary	3	657919	PASS	A/A	A/A	37		A	37	agree
SRR23343493	AD_Malaysia	254	primary	1	661513	PASS	A/A	A/A	25		A	25	agree
SRR23343493	AD_Malaysia	254	primary	2	661512	PASS	A/A	A/A	22		A	22	agree
SRR23343493	AD_Malaysia	254	primary	3	661511	PASS	A/A	A/A	25		A	25	agree
SRR23343493	AD_Malaysia	452	within_species_comparison	1	660645	PASS	T/T	T/T	18		T	18	agree
SRR23343493	AD_Malaysia	452	within_species_comparison	2	660644	PASS	G/G	G/G	19		G	19	agree
SRR23343493	AD_Malaysia	452	within_species_comparison	3	660643	PASS	C/C	C/C	19		C	19	agree
SRR23343493	AD_Malaysia	474	secondary	1	660579	PASS	T/T	T/T	24		T	24	agree
SRR23343493	AD_Malaysia	474	secondary	2	660578	PASS	T/T	T/T	22		T	22	agree
SRR23343493	AD_Malaysia	474	secondary	3	660577	PASS	T/T	T/T	20		T	20	agree
SRR23343493	AD_Malaysia	549	primary	1	660252	PASS	A/A	A/A	20		A	20	agree
SRR23343493	AD_Malaysia	549	primary	2	660251	PASS	A/A	A/A	19		A	19	agree
SRR23343493	AD_Malaysia	549	primary	3	660250	PASS	A/A	A/A	19		A	19	agree
SRR23343493	AD_Malaysia	717	secondary	1	659588	PASS	T/T	T/T	24		T	24	agree
SRR23343493	AD_Malaysia	717	secondary	2	659587	PASS	G/G	G/G	23		G	23	agree
SRR23343493	AD_Malaysia	717	secondary	3	659586	PASS	A/A	A/A	21		A	21	agree
SRR23343493	AD_Malaysia	727	secondary	1	659471	PASS	C/C	C/C	20		C	20	agree
SRR23343493	AD_Malaysia	727	secondary	2	659470	PASS	A/A	A/A	23		A	23	agree
SRR23343493	AD_Malaysia	727	secondary	3	659469	PASS	A/A	A/A	23		A	23	agree
SRR23343493	AD_Malaysia	766	secondary	1	659354	low_genotype_quality	A/A	A/A	20		A	20	codon_call_filtered
SRR23343493	AD_Malaysia	766	secondary	2	659353	low_genotype_quality	A/A	A/A	22		A	21	codon_call_filtered
SRR23343493	AD_Malaysia	766	secondary	3	659352	low_genotype_quality	A/A	A/A	22		A	22	codon_call_filtered
SRR23343493	AD_Malaysia	822	within_species_comparison	1	659110	PASS	T/T	T/T	22	127	C,T	0,22	agree
SRR23343493	AD_Malaysia	822	within_species_comparison	2	659109	PASS	A/A	A/A	24		A	24	agree
SRR23343493	AD_Malaysia	822	within_species_comparison	3	659108	PASS	T/T	T/T	24		T	24	agree
SRR23343493	AD_Malaysia	1134	primary	1	657921	PASS	G/G	G/G	23		G	23	agree
SRR23343493	AD_Malaysia	1134	primary	2	657920	PASS	A/A	A/A	23		A	23	agree
SRR23343493	AD_Malaysia	1134	primary	3	657919	PASS	A/A	A/A	22		A	22	agree
SRR23343494	AD_Malaysia	254	primary	1	661513	PASS	A/A	A/A	26		A	26	agree
SRR23343494	AD_Malaysia	254	primary	2	661512	PASS	A/A	A/A	26		A	26	agree
SRR23343494	AD_Malaysia	254	primary	3	661511	PASS	A/A	A/A	29		A	29	agree
SRR23343494	AD_Malaysia	452	within_species_comparison	1	660645	PASS	T/T	T/T	31		T	31	agree
SRR23343494	AD_Malaysia	452	within_species_comparison	2	660644	PASS	G/G	G/G	30		G	30	agree
SRR23343494	AD_Malaysia	452	within_species_comparison	3	660643	PASS	C/C	C/C	29		C	29	agree
SRR23343494	AD_Malaysia	474	secondary	1	660579	PASS	T/T	T/T	32		T	32	agree
SRR23343494	AD_Malaysia	474	secondary	2	660578	PASS	T/T	T/T	30		T	30	agree
SRR23343494	AD_Malaysia	474	secondary	3	660577	PASS	T/T	T/T	32		T	32	agree
SRR23343494	AD_Malaysia	549	primary	1	660252	PASS	A/A	A/A	30		A	30	agree
SRR23343494	AD_Malaysia	549	primary	2	660251	PASS	A/A	A/A	31		A	31	agree
SRR23343494	AD_Malaysia	549	primary	3	660250	PASS	A/A	A/A	32		A	32	agree
SRR23343494	AD_Malaysia	717	secondary	1	659588	PASS	T/T	T/T	28		T	28	agree
SRR23343494	AD_Malaysia	717	secondary	2	659587	PASS	G/G	G/G	33		G	33	agree
SRR23343494	AD_Malaysia	717	secondary	3	659586	PASS	A/A	A/A	30		A	30	agree
SRR23343494	AD_Malaysia	727	secondary	1	659471	PASS	C/C	C/C	27		C	27	agree
SRR23343494	AD_Malaysia	727	secondary	2	659470	PASS	A/A	A/A	27		A	27	agree
SRR23343494	AD_Malaysia	727	secondary	3	659469	PASS	A/A	A/A	29		A	29	agree
SRR23343494	AD_Malaysia	766	secondary	1	659354	PASS	A/A	A/A	44		A	44	agree
SRR23343494	AD_Malaysia	766	secondary	2	659353	PASS	A/A	A/A	43		A	43	agree
SRR23343494	AD_Malaysia	766	secondary	3	659352	PASS	A/A	A/A	44		A	44	agree
SRR23343494	AD_Malaysia	822	within_species_comparison	1	659110	PASS	T/T	T/T	36	127	C,T	0,36	agree
SRR23343494	AD_Malaysia	822	within_species_comparison	2	659109	PASS	A/A	A/A	36		A	36	agree
SRR23343494	AD_Malaysia	822	within_species_comparison	3	659108	PASS	T/T	T/T	36		T	36	agree
SRR23343494	AD_Malaysia	1134	primary	1	657921	PASS	G/G	G/G	41		G	41	agree
SRR23343494	AD_Malaysia	1134	primary	2	657920	PASS	A/A	A/A	39		A	39	agree
SRR23343494	AD_Malaysia	1134	primary	3	657919	PASS	A/A	A/A	40		A	40	agree
