run_accession	sample_alias	species	location	focal_AL_position	role	profile	status	codons	amino_acids	species_reference_amino_acid	reference_state_copies	minimum_reference_depth	maximum_reference_depth	minimum_gq	AD_call	AD_status	AL_call	AL_status
SRR23343438	D14	Apis dorsata	China: Yunnan, Puer	254	primary	primary	PASS	TTT/TTT	F/F	F	2	31	31	93.274	TTT/TTT	PASS	TTT/TTT	PASS
SRR23343438	D14	Apis dorsata	China: Yunnan, Puer	254	primary	sensitivity	PASS	TTT/TTT	F/F	F	2	38	38	99.000	TTT/TTT	PASS	TTT/TTT	PASS
SRR23343438	D14	Apis dorsata	China: Yunnan, Puer	452	within_species_comparison	primary	PASS	ACG/ACG	T/T	T	2	37	40	99.000	ACG/ACG	PASS	ACG/ACG	PASS
SRR23343438	D14	Apis dorsata	China: Yunnan, Puer	452	within_species_comparison	sensitivity	PASS	ACG/ACG	T/T	T	2	45	48	99.000	ACG/ACG	PASS	ACG/ACG	PASS
SRR23343438	D14	Apis dorsata	China: Yunnan, Puer	474	secondary	primary	PASS	AAA/AAA	K/K	K	2	42	42	99.000	AAA/AAA	PASS	AAA/AAA	PASS
SRR23343438	D14	Apis dorsata	China: Yunnan, Puer	474	secondary	sensitivity	PASS	AAA/AAA	K/K	K	2	47	47	99.000	AAA/AAA	PASS	AAA/AAA	PASS
SRR23343438	D14	Apis dorsata	China: Yunnan, Puer	549	primary	primary	PASS	TTT/TTT	F/F	F	2	39	39	99.000	TTT/TTT	PASS	TTT/TTT	PASS
SRR23343438	D14	Apis dorsata	China: Yunnan, Puer	549	primary	sensitivity	PASS	TTT/TTT	F/F	F	2	41	41	99.000	TTT/TTT	PASS	TTT/TTT	PASS
SRR23343438	D14	Apis dorsata	China: Yunnan, Puer	717	secondary	primary	PASS	ACT/ACT	T/T	T	2	24	24	72.212	ACT/ACT	PASS	ACT/ACT	PASS
SRR23343438	D14	Apis dorsata	China: Yunnan, Puer	717	secondary	sensitivity	PASS	ACT/ACT	T/T	T	2	36	36	99.000	ACT/ACT	PASS	ACT/ACT	PASS
SRR23343438	D14	Apis dorsata	China: Yunnan, Puer	727	secondary	primary	PASS	GTT/GTT	V/V	V	2	38	39	99.000	GTT/GTT	PASS	GTT/GTT	PASS
SRR23343438	D14	Apis dorsata	China: Yunnan, Puer	727	secondary	sensitivity	PASS	GTT/GTT	V/V	V	2	55	56	99.000	GTT/GTT	PASS	GTT/GTT	PASS
SRR23343438	D14	Apis dorsata	China: Yunnan, Puer	766	secondary	primary	PASS	TTT/TTT	F/F	F	2	39	43	99.000	TTT/TTT	PASS	TTT/TTT	PASS
SRR23343438	D14	Apis dorsata	China: Yunnan, Puer	766	secondary	sensitivity	PASS	TTT/TTT	F/F	F	2	46	50	99.000	TTT/TTT	PASS	TTT/TTT	PASS
SRR23343438	D14	Apis dorsata	China: Yunnan, Puer	822	within_species_comparison	primary	PASS	ATA/ATA	I/I	V	0	50	50	99.000	ATA/ATA	PASS	ATA/ATA	PASS
SRR23343438	D14	Apis dorsata	China: Yunnan, Puer	822	within_species_comparison	sensitivity	PASS	ATA/ATA	I/I	V	0	58	58	99.000	ATA/ATA	PASS	ATA/ATA	PASS
SRR23343438	D14	Apis dorsata	China: Yunnan, Puer	1134	primary	primary	PASS	CTT/CTT	L/L	L	2	37	37	99.000	CTT/CTT	PASS	CTT/CTT	PASS
SRR23343438	D14	Apis dorsata	China: Yunnan, Puer	1134	primary	sensitivity	PASS	CTT/CTT	L/L	L	2	44	44	99.000	CTT/CTT	PASS	CTT/CTT	PASS
SRR23343439	D13	Apis dorsata	China: Yunnan, Puer	254	primary	primary	PASS	TTT/TTT	F/F	F	2	27	27	81.239	TTT/TTT	PASS	TTT/TTT	PASS
SRR23343439	D13	Apis dorsata	China: Yunnan, Puer	254	primary	sensitivity	PASS	TTT/TTT	F/F	F	2	29	29	87.250	TTT/TTT	PASS	TTT/TTT	PASS
SRR23343439	D13	Apis dorsata	China: Yunnan, Puer	452	within_species_comparison	primary	PASS	ACG/ACG	T/T	T	2	27	27	81.239	ACG/ACG	PASS	ACG/ACG	PASS
SRR23343439	D13	Apis dorsata	China: Yunnan, Puer	452	within_species_comparison	sensitivity	PASS	ACG/ACG	T/T	T	2	31	31	93.265	ACG/ACG	PASS	ACG/ACG	PASS
SRR23343439	D13	Apis dorsata	China: Yunnan, Puer	474	secondary	primary	PASS	AAA/AAA	K/K	K	2	33	33	99.000	AAA/AAA	PASS	AAA/AAA	PASS
SRR23343439	D13	Apis dorsata	China: Yunnan, Puer	474	secondary	sensitivity	PASS	AAA/AAA	K/K	K	2	37	37	99.000	AAA/AAA	PASS	AAA/AAA	PASS
SRR23343439	D13	Apis dorsata	China: Yunnan, Puer	549	primary	primary	PASS	TTT/TTT	F/F	F	2	25	25	75.221	TTT/TTT	PASS	TTT/TTT	PASS
SRR23343439	D13	Apis dorsata	China: Yunnan, Puer	549	primary	sensitivity	PASS	TTT/TTT	F/F	F	2	28	28	84.242	TTT/TTT	PASS	TTT/TTT	PASS
SRR23343439	D13	Apis dorsata	China: Yunnan, Puer	717	secondary	primary	PASS	ACT/ACT	T/T	T	2	25	25	75.221	ACT/ACT	PASS	ACT/ACT	PASS
SRR23343439	D13	Apis dorsata	China: Yunnan, Puer	717	secondary	sensitivity	PASS	ACT/ACT	T/T	T	2	28	28	84.242	ACT/ACT	PASS	ACT/ACT	PASS
SRR23343439	D13	Apis dorsata	China: Yunnan, Puer	727	secondary	primary	PASS	GTT/GTT	V/V	V	2	29	29	87.257	GTT/GTT	PASS	GTT/GTT	PASS
SRR23343439	D13	Apis dorsata	China: Yunnan, Puer	727	secondary	sensitivity	PASS	GTT/GTT	V/V	V	2	33	33	99.000	GTT/GTT	PASS	GTT/GTT	PASS
SRR23343439	D13	Apis dorsata	China: Yunnan, Puer	766	secondary	primary	PASS	TTT/TTT	F/F	F	2	35	37	99.000	TTT/TTT	PASS	TTT/TTT	PASS
SRR23343439	D13	Apis dorsata	China: Yunnan, Puer	766	secondary	sensitivity	PASS	TTT/TTT	F/F	F	2	37	39	99.000	TTT/TTT	PASS	TTT/TTT	PASS
SRR23343439	D13	Apis dorsata	China: Yunnan, Puer	822	within_species_comparison	primary	PASS	ATA/ATA	I/I	V	0	34	34	99.000	ATA/ATA	PASS	ATA/ATA	PASS
SRR23343439	D13	Apis dorsata	China: Yunnan, Puer	822	within_species_comparison	sensitivity	PASS	ATA/ATA	I/I	V	0	37	37	99.000	ATA/ATA	PASS	ATA/ATA	PASS
SRR23343439	D13	Apis dorsata	China: Yunnan, Puer	1134	primary	primary	PASS	CTT/CTT	L/L	L	2	35	35	99.000	CTT/CTT	PASS	CTT/CTT	PASS
SRR23343439	D13	Apis dorsata	China: Yunnan, Puer	1134	primary	sensitivity	PASS	CTT/CTT	L/L	L	2	43	43	99.000	CTT/CTT	PASS	CTT/CTT	PASS
SRR23343440	D12	Apis dorsata	China: Yunnan, Puer	254	primary	primary	PASS	TTT/TTT	F/F	F	2	27	27	81.239	TTT/TTT	PASS	TTT/TTT	PASS
SRR23343440	D12	Apis dorsata	China: Yunnan, Puer	254	primary	sensitivity	PASS	TTT/TTT	F/F	F	2	36	36	99.000	TTT/TTT	PASS	TTT/TTT	PASS
SRR23343440	D12	Apis dorsata	China: Yunnan, Puer	452	within_species_comparison	primary	PASS	ACG/ACG	T/T	T	2	24	25	72.212	ACG/ACG	PASS	ACG/ACG	PASS
SRR23343440	D12	Apis dorsata	China: Yunnan, Puer	452	within_species_comparison	sensitivity	PASS	ACG/ACG	T/T	T	2	27	28	81.230	ACG/ACG	PASS	ACG/ACG	PASS
SRR23343440	D12	Apis dorsata	China: Yunnan, Puer	474	secondary	primary	PASS	AAA/AAA	K/K	K	2	19	19	57.168	AAA/AAA	PASS	AAA/AAA	PASS
SRR23343440	D12	Apis dorsata	China: Yunnan, Puer	474	secondary	sensitivity	PASS	AAA/AAA	K/K	K	2	27	27	81.226	AAA/AAA	PASS	AAA/AAA	PASS
SRR23343440	D12	Apis dorsata	China: Yunnan, Puer	549	primary	primary	reference_quality_failure			F		15	15	45.133	TTT/TTT	one_strand_only	TTT/TTT	one_strand_only
SRR23343440	D12	Apis dorsata	China: Yunnan, Puer	549	primary	sensitivity	reference_quality_failure			F		15	15	45.133	TTT/TTT	one_strand_only	TTT/TTT	one_strand_only
SRR23343440	D12	Apis dorsata	China: Yunnan, Puer	717	secondary	primary	PASS	ACT/ACT	T/T	T	2	18	18	54.159	ACT/ACT	PASS	ACT/ACT	PASS
SRR23343440	D12	Apis dorsata	China: Yunnan, Puer	717	secondary	sensitivity	PASS	ACT/ACT	T/T	T	2	24	24	72.203	ACT/ACT	PASS	ACT/ACT	PASS
SRR23343440	D12	Apis dorsata	China: Yunnan, Puer	727	secondary	primary	PASS	GTT/GTT	V/V	V	2	25	27	75.221	GTT/GTT	PASS	GTT/GTT	PASS
SRR23343440	D12	Apis dorsata	China: Yunnan, Puer	727	secondary	sensitivity	PASS	GTT/GTT	V/V	V	2	32	34	96.268	GTT/GTT	PASS	GTT/GTT	PASS
SRR23343440	D12	Apis dorsata	China: Yunnan, Puer	766	secondary	primary	PASS	TTT/TTT	F/F	F	2	30	30	90.266	TTT/TTT	PASS	TTT/TTT	PASS
SRR23343440	D12	Apis dorsata	China: Yunnan, Puer	766	secondary	sensitivity	PASS	TTT/TTT	F/F	F	2	34	34	99.000	TTT/TTT	PASS	TTT/TTT	PASS
SRR23343440	D12	Apis dorsata	China: Yunnan, Puer	822	within_species_comparison	primary	PASS	ATA/ATA	I/I	V	0	31	31	93.274	ATA/ATA	PASS	ATA/ATA	PASS
SRR23343440	D12	Apis dorsata	China: Yunnan, Puer	822	within_species_comparison	sensitivity	PASS	ATA/ATA	I/I	V	0	34	34	99.000	ATA/ATA	PASS	ATA/ATA	PASS
SRR23343440	D12	Apis dorsata	China: Yunnan, Puer	1134	primary	primary	PASS	CTT/CTT	L/L	L	2	27	27	81.239	CTT/CTT	PASS	CTT/CTT	PASS
SRR23343440	D12	Apis dorsata	China: Yunnan, Puer	1134	primary	sensitivity	PASS	CTT/CTT	L/L	L	2	38	38	99.000	CTT/CTT	PASS	CTT/CTT	PASS
SRR23343441	D18	Apis dorsata	China: Yunnan, Xishuangbanna	254	primary	primary	PASS	TTT/TTT	F/F	F	2	26	26	78.230	TTT/TTT	PASS	TTT/TTT	PASS
SRR23343441	D18	Apis dorsata	China: Yunnan, Xishuangbanna	254	primary	sensitivity	PASS	TTT/TTT	F/F	F	2	29	29	87.250	TTT/TTT	PASS	TTT/TTT	PASS
SRR23343441	D18	Apis dorsata	China: Yunnan, Xishuangbanna	452	within_species_comparison	primary	PASS	ACG/ACG	T/T	T	2	27	27	81.239	ACG/ACG	PASS	ACG/ACG	PASS
SRR23343441	D18	Apis dorsata	China: Yunnan, Xishuangbanna	452	within_species_comparison	sensitivity	PASS	ACG/ACG	T/T	T	2	31	31	93.265	ACG/ACG	PASS	ACG/ACG	PASS
SRR23343441	D18	Apis dorsata	China: Yunnan, Xishuangbanna	474	secondary	primary	PASS	AAA/AAA	K/K	K	2	23	23	69.204	AAA/AAA	PASS	AAA/AAA	PASS
SRR23343441	D18	Apis dorsata	China: Yunnan, Xishuangbanna	474	secondary	sensitivity	PASS	AAA/AAA	K/K	K	2	25	25	75.215	AAA/AAA	PASS	AAA/AAA	PASS
SRR23343441	D18	Apis dorsata	China: Yunnan, Xishuangbanna	549	primary	primary	PASS	TTT/TTT	F/F	F	2	22	22	66.195	TTT/TTT	PASS	TTT/TTT	PASS
SRR23343441	D18	Apis dorsata	China: Yunnan, Xishuangbanna	549	primary	sensitivity	PASS	TTT/TTT	F/F	F	2	28	28	84.238	TTT/TTT	PASS	TTT/TTT	PASS
SRR23343441	D18	Apis dorsata	China: Yunnan, Xishuangbanna	717	secondary	primary	PASS	ACT/ACT	T/T	T	2	18	18	54.159	ACT/ACT	PASS	ACT/ACT	PASS
SRR23343441	D18	Apis dorsata	China: Yunnan, Xishuangbanna	717	secondary	sensitivity	PASS	ACT/ACT	T/T	T	2	29	29	87.238	ACT/ACT	PASS	ACT/ACT	PASS
SRR23343441	D18	Apis dorsata	China: Yunnan, Xishuangbanna	727	secondary	primary	PASS	GTT/GTT	V/V	V	2	24	24	72.212	GTT/GTT	PASS	GTT/GTT	PASS
SRR23343441	D18	Apis dorsata	China: Yunnan, Xishuangbanna	727	secondary	sensitivity	PASS	GTT/GTT	V/V	V	2	28	28	84.238	GTT/GTT	PASS	GTT/GTT	PASS
SRR23343441	D18	Apis dorsata	China: Yunnan, Xishuangbanna	766	secondary	primary	PASS	TTT/TTT	F/F	F	2	20	20	60.177	TTT/TTT	PASS	TTT/TTT	PASS
SRR23343441	D18	Apis dorsata	China: Yunnan, Xishuangbanna	766	secondary	sensitivity	PASS	TTT/TTT	F/F	F	2	23	23	69.194	TTT/TTT	PASS	TTT/TTT	PASS
SRR23343441	D18	Apis dorsata	China: Yunnan, Xishuangbanna	822	within_species_comparison	primary	PASS	ATA/ATA	I/I	V	0	24	24	72.212	ATA/ATA	PASS	ATA/ATA	PASS
SRR23343441	D18	Apis dorsata	China: Yunnan, Xishuangbanna	822	within_species_comparison	sensitivity	PASS	ATA/ATA	I/I	V	0	26	26	78.224	ATA/ATA	PASS	ATA/ATA	PASS
SRR23343441	D18	Apis dorsata	China: Yunnan, Xishuangbanna	1134	primary	primary	PASS	CTT/CTT	L/L	L	2	28	28	84.248	CTT/CTT	PASS	CTT/CTT	PASS
SRR23343441	D18	Apis dorsata	China: Yunnan, Xishuangbanna	1134	primary	sensitivity	PASS	CTT/CTT	L/L	L	2	34	34	99.000	CTT/CTT	PASS	CTT/CTT	PASS
SRR23343442	HD25	Apis laboriosa	China: Tibet, Rikaze	254	primary	primary	PASS	CTT/CTT	L/L	L	2	25	25	75.221	CTT/CTT	PASS	CTT/CTT	PASS
SRR23343442	HD25	Apis laboriosa	China: Tibet, Rikaze	254	primary	sensitivity	PASS	CTT/CTT	L/L	L	2	34	34	99.000	CTT/CTT	PASS	CTT/CTT	PASS
SRR23343442	HD25	Apis laboriosa	China: Tibet, Rikaze	452	within_species_comparison	primary	PASS	ACA/ACA	T/T	T	2	73	74	99.000	ACA/ACA	PASS	ACA/ACA	PASS
SRR23343442	HD25	Apis laboriosa	China: Tibet, Rikaze	452	within_species_comparison	sensitivity	PASS	ACA/ACA	T/T	T	2	76	78	99.000	ACA/ACA	PASS	ACA/ACA	PASS
SRR23343442	HD25	Apis laboriosa	China: Tibet, Rikaze	474	secondary	primary	PASS	CAA/CAA	Q/Q	Q	2	63	63	99.000	CAA/CAA	PASS	CAA/CAA	PASS
SRR23343442	HD25	Apis laboriosa	China: Tibet, Rikaze	474	secondary	sensitivity	PASS	CAA/CAA	Q/Q	Q	2	70	70	99.000	CAA/CAA	PASS	CAA/CAA	PASS
SRR23343442	HD25	Apis laboriosa	China: Tibet, Rikaze	549	primary	primary	PASS	TTG/TTG	L/L	L	2	43	43	99.000	TTG/TTG	PASS	TTG/TTG	PASS
SRR23343442	HD25	Apis laboriosa	China: Tibet, Rikaze	549	primary	sensitivity	PASS	TTG/TTG	L/L	L	2	49	49	99.000	TTG/TTG	PASS	TTG/TTG	PASS
SRR23343442	HD25	Apis laboriosa	China: Tibet, Rikaze	717	secondary	primary	PASS	GCT/GCT	A/A	A	2	42	42	99.000	GCT/GCT	PASS	GCT/GCT	PASS
SRR23343442	HD25	Apis laboriosa	China: Tibet, Rikaze	717	secondary	sensitivity	PASS	GCT/GCT	A/A	A	2	47	47	99.000	GCT/GCT	PASS	GCT/GCT	PASS
SRR23343442	HD25	Apis laboriosa	China: Tibet, Rikaze	727	secondary	primary	PASS	GCT/GCT	A/A	A	2	27	29	81.239	GCT/GCT	PASS	GCT/GCT	PASS
SRR23343442	HD25	Apis laboriosa	China: Tibet, Rikaze	727	secondary	sensitivity	PASS	GCT/GCT	A/A	A	2	37	39	99.000	GCT/GCT	PASS	GCT/GCT	PASS
SRR23343442	HD25	Apis laboriosa	China: Tibet, Rikaze	766	secondary	primary	PASS	CTC/CTC	L/L	L	2	46	46	99.000	CTC/CTC	PASS	CTC/CTC	PASS
SRR23343442	HD25	Apis laboriosa	China: Tibet, Rikaze	766	secondary	sensitivity	PASS	CTC/CTC	L/L	L	2	53	53	99.000	CTC/CTC	PASS	CTC/CTC	PASS
SRR23343442	HD25	Apis laboriosa	China: Tibet, Rikaze	822	within_species_comparison	primary	PASS	ATA/ATA	I/I	I	2	48	48	99.000	ATA/ATA	PASS	ATA/ATA	PASS
SRR23343442	HD25	Apis laboriosa	China: Tibet, Rikaze	822	within_species_comparison	sensitivity	PASS	ATA/ATA	I/I	I	2	53	53	99.000	ATA/ATA	PASS	ATA/ATA	PASS
SRR23343442	HD25	Apis laboriosa	China: Tibet, Rikaze	1134	primary	primary	PASS	TTT/TTT	F/F	F	2	52	52	99.000	TTT/TTT	PASS	TTT/TTT	PASS
SRR23343442	HD25	Apis laboriosa	China: Tibet, Rikaze	1134	primary	sensitivity	PASS	TTT/TTT	F/F	F	2	57	57	99.000	TTT/TTT	PASS	TTT/TTT	PASS
SRR23343443	HD24	Apis laboriosa	China: Tibet, Rikaze	254	primary	primary	PASS	CTT/CTT	L/L	L	2	21	22	63.186	CTT/CTT	PASS	CTT/CTT	PASS
SRR23343443	HD24	Apis laboriosa	China: Tibet, Rikaze	254	primary	sensitivity	PASS	CTT/CTT	L/L	L	2	22	23	66.192	CTT/CTT	PASS	CTT/CTT	PASS
SRR23343443	HD24	Apis laboriosa	China: Tibet, Rikaze	452	within_species_comparison	primary	PASS	ACA/ACA	T/T	T	2	25	25	75.221	ACA/ACA	PASS	ACA/ACA	PASS
SRR23343443	HD24	Apis laboriosa	China: Tibet, Rikaze	452	within_species_comparison	sensitivity	PASS	ACA/ACA	T/T	T	2	29	29	87.250	ACA/ACA	PASS	ACA/ACA	PASS
SRR23343443	HD24	Apis laboriosa	China: Tibet, Rikaze	474	secondary	primary	PASS	CAA/CAA	Q/Q	Q	2	22	22	66.195	CAA/CAA	PASS	CAA/CAA	PASS
SRR23343443	HD24	Apis laboriosa	China: Tibet, Rikaze	474	secondary	sensitivity	PASS	CAA/CAA	Q/Q	Q	2	23	23	69.200	CAA/CAA	PASS	CAA/CAA	PASS
SRR23343443	HD24	Apis laboriosa	China: Tibet, Rikaze	549	primary	primary	PASS	TTG/TTG	L/L	L	2	22	22	66.195	TTG/TTG	PASS	TTG/TTG	PASS
SRR23343443	HD24	Apis laboriosa	China: Tibet, Rikaze	549	primary	sensitivity	PASS	TTG/TTG	L/L	L	2	24	24	72.209	TTG/TTG	PASS	TTG/TTG	PASS
SRR23343443	HD24	Apis laboriosa	China: Tibet, Rikaze	717	secondary	primary	PASS	GCT/GCT	A/A	A	2	19	19	57.168	GCT/GCT	PASS	GCT/GCT	PASS
SRR23343443	HD24	Apis laboriosa	China: Tibet, Rikaze	717	secondary	sensitivity	PASS	GCT/GCT	A/A	A	2	23	23	69.197	GCT/GCT	PASS	GCT/GCT	PASS
SRR23343443	HD24	Apis laboriosa	China: Tibet, Rikaze	727	secondary	primary	PASS	GCT/GCT	A/A	A	2	14	14	42.124	GCT/GCT	PASS	GCT/GCT	PASS
SRR23343443	HD24	Apis laboriosa	China: Tibet, Rikaze	727	secondary	sensitivity	PASS	GCT/GCT	A/A	A	2	22	22	66.179	GCT/GCT	PASS	GCT/GCT	PASS
SRR23343443	HD24	Apis laboriosa	China: Tibet, Rikaze	766	secondary	primary	PASS	CTC/CTC	L/L	L	2	28	28	84.248	CTC/CTC	PASS	CTC/CTC	PASS
SRR23343443	HD24	Apis laboriosa	China: Tibet, Rikaze	766	secondary	sensitivity	PASS	CTC/CTC	L/L	L	2	32	32	96.274	CTC/CTC	PASS	CTC/CTC	PASS
SRR23343443	HD24	Apis laboriosa	China: Tibet, Rikaze	822	within_species_comparison	primary	PASS	ATA/ATA	I/I	I	2	27	27	81.239	ATA/ATA	PASS	ATA/ATA	PASS
SRR23343443	HD24	Apis laboriosa	China: Tibet, Rikaze	822	within_species_comparison	sensitivity	PASS	ATA/ATA	I/I	I	2	29	29	87.250	ATA/ATA	PASS	ATA/ATA	PASS
SRR23343443	HD24	Apis laboriosa	China: Tibet, Rikaze	1134	primary	primary	PASS	TTT/TTT	F/F	F	2	25	25	75.221	TTT/TTT	PASS	TTT/TTT	PASS
SRR23343443	HD24	Apis laboriosa	China: Tibet, Rikaze	1134	primary	sensitivity	PASS	TTT/TTT	F/F	F	2	28	28	84.242	TTT/TTT	PASS	TTT/TTT	PASS
SRR23343444	HD23	Apis laboriosa	China: Tibet, Rikaze	254	primary	primary	PASS	CTT/CTT	L/L	L	2	21	21	63.186	CTT/CTT	PASS	CTT/CTT	PASS
SRR23343444	HD23	Apis laboriosa	China: Tibet, Rikaze	254	primary	sensitivity	PASS	CTT/CTT	L/L	L	2	27	27	81.230	CTT/CTT	PASS	CTT/CTT	PASS
SRR23343444	HD23	Apis laboriosa	China: Tibet, Rikaze	452	within_species_comparison	primary	PASS	ACA/ACA	T/T	T	2	25	25	75.221	ACA/ACA	PASS	ACA/ACA	PASS
SRR23343444	HD23	Apis laboriosa	China: Tibet, Rikaze	452	within_species_comparison	sensitivity	PASS	ACA/ACA	T/T	T	2	28	28	84.242	ACA/ACA	PASS	ACA/ACA	PASS
SRR23343444	HD23	Apis laboriosa	China: Tibet, Rikaze	474	secondary	primary	PASS	CAA/CAA	Q/Q	Q	2	19	19	57.168	CAA/CAA	PASS	CAA/CAA	PASS
SRR23343444	HD23	Apis laboriosa	China: Tibet, Rikaze	474	secondary	sensitivity	PASS	CAA/CAA	Q/Q	Q	2	21	21	63.183	CAA/CAA	PASS	CAA/CAA	PASS
SRR23343444	HD23	Apis laboriosa	China: Tibet, Rikaze	549	primary	primary	PASS	TTG/TTG	L/L	L	2	17	17	51.150	TTG/TTG	PASS	TTG/TTG	PASS
SRR23343444	HD23	Apis laboriosa	China: Tibet, Rikaze	549	primary	sensitivity	PASS	TTG/TTG	L/L	L	2	21	21	63.173	TTG/TTG	PASS	TTG/TTG	PASS
SRR23343444	HD23	Apis laboriosa	China: Tibet, Rikaze	717	secondary	primary	PASS	GCT/GCT	A/A	A	2	15	16	45.133	GCT/GCT	PASS	GCT/GCT	PASS
SRR23343444	HD23	Apis laboriosa	China: Tibet, Rikaze	717	secondary	sensitivity	PASS	GCT/GCT	A/A	A	2	17	18	51.147	GCT/GCT	PASS	GCT/GCT	PASS
SRR23343444	HD23	Apis laboriosa	China: Tibet, Rikaze	727	secondary	primary	PASS	GCT/GCT	A/A	A	2	22	22	66.195	GCT/GCT	PASS	GCT/GCT	PASS
SRR23343444	HD23	Apis laboriosa	China: Tibet, Rikaze	727	secondary	sensitivity	PASS	GCT/GCT	A/A	A	2	24	24	72.209	GCT/GCT	PASS	GCT/GCT	PASS
SRR23343444	HD23	Apis laboriosa	China: Tibet, Rikaze	766	secondary	primary	PASS	CTC/CTC	L/L	L	2	13	14	39.115	CTC/CTC	PASS	CTC/CTC	PASS
SRR23343444	HD23	Apis laboriosa	China: Tibet, Rikaze	766	secondary	sensitivity	PASS	CTC/CTC	L/L	L	2	14	15	42.121	CTC/CTC	PASS	CTC/CTC	PASS
SRR23343444	HD23	Apis laboriosa	China: Tibet, Rikaze	822	within_species_comparison	primary	PASS	ATA/ATA	I/I	I	2	19	19	57.168	ATA/ATA	PASS	ATA/ATA	PASS
SRR23343444	HD23	Apis laboriosa	China: Tibet, Rikaze	822	within_species_comparison	sensitivity	PASS	ATA/ATA	I/I	I	2	20	20	60.174	ATA/ATA	PASS	ATA/ATA	PASS
SRR23343444	HD23	Apis laboriosa	China: Tibet, Rikaze	1134	primary	primary	PASS	TTT/TTT	F/F	F	2	28	28	84.248	TTT/TTT	PASS	TTT/TTT	PASS
SRR23343444	HD23	Apis laboriosa	China: Tibet, Rikaze	1134	primary	sensitivity	PASS	TTT/TTT	F/F	F	2	34	34	99.000	TTT/TTT	PASS	TTT/TTT	PASS
SRR23343445	HD22	Apis laboriosa	China: Tibet, Rikaze	254	primary	primary	PASS	CTT/CTT	L/L	L	2	39	39	99.000	CTT/CTT	PASS	CTT/CTT	PASS
SRR23343445	HD22	Apis laboriosa	China: Tibet, Rikaze	254	primary	sensitivity	PASS	CTT/CTT	L/L	L	2	45	45	99.000	CTT/CTT	PASS	CTT/CTT	PASS
SRR23343445	HD22	Apis laboriosa	China: Tibet, Rikaze	452	within_species_comparison	primary	PASS	ACA/ACA	T/T	T	2	35	35	99.000	ACA/ACA	PASS	ACA/ACA	PASS
SRR23343445	HD22	Apis laboriosa	China: Tibet, Rikaze	452	within_species_comparison	sensitivity	PASS	ACA/ACA	T/T	T	2	39	39	99.000	ACA/ACA	PASS	ACA/ACA	PASS
SRR23343445	HD22	Apis laboriosa	China: Tibet, Rikaze	474	secondary	primary	PASS	CAA/CAA	Q/Q	Q	2	42	42	99.000	CAA/CAA	PASS	CAA/CAA	PASS
SRR23343445	HD22	Apis laboriosa	China: Tibet, Rikaze	474	secondary	sensitivity	PASS	CAA/CAA	Q/Q	Q	2	46	46	99.000	CAA/CAA	PASS	CAA/CAA	PASS
SRR23343445	HD22	Apis laboriosa	China: Tibet, Rikaze	549	primary	primary	PASS	TTG/TTG	L/L	L	2	35	35	99.000	TTG/TTG	PASS	TTG/TTG	PASS
SRR23343445	HD22	Apis laboriosa	China: Tibet, Rikaze	549	primary	sensitivity	PASS	TTG/TTG	L/L	L	2	40	40	90.587	TTG/TTG	PASS	TTG/TTG	PASS
SRR23343445	HD22	Apis laboriosa	China: Tibet, Rikaze	717	secondary	primary	PASS	GCT/GCT	A/A	A	2	31	32	93.274	GCT/GCT	PASS	GCT/GCT	PASS
SRR23343445	HD22	Apis laboriosa	China: Tibet, Rikaze	717	secondary	sensitivity	PASS	GCT/GCT	A/A	A	2	37	38	99.000	GCT/GCT	PASS	GCT/GCT	PASS
SRR23343445	HD22	Apis laboriosa	China: Tibet, Rikaze	727	secondary	primary	PASS	GCT/GCT	A/A	A	2	34	34	99.000	GCT/GCT	PASS	GCT/GCT	PASS
SRR23343445	HD22	Apis laboriosa	China: Tibet, Rikaze	727	secondary	sensitivity	PASS	GCT/GCT	A/A	A	2	36	36	99.000	GCT/GCT	PASS	GCT/GCT	PASS
SRR23343445	HD22	Apis laboriosa	China: Tibet, Rikaze	766	secondary	primary	PASS	CTC/CTC	L/L	L	2	42	44	99.000	CTC/CTC	PASS	CTC/CTC	PASS
SRR23343445	HD22	Apis laboriosa	China: Tibet, Rikaze	766	secondary	sensitivity	PASS	CTC/CTC	L/L	L	2	42	44	99.000	CTC/CTC	PASS	CTC/CTC	PASS
SRR23343445	HD22	Apis laboriosa	China: Tibet, Rikaze	822	within_species_comparison	primary	PASS	ATA/ATA	I/I	I	2	48	48	99.000	ATA/ATA	PASS	ATA/ATA	PASS
SRR23343445	HD22	Apis laboriosa	China: Tibet, Rikaze	822	within_species_comparison	sensitivity	PASS	ATA/ATA	I/I	I	2	52	52	99.000	ATA/ATA	PASS	ATA/ATA	PASS
SRR23343445	HD22	Apis laboriosa	China: Tibet, Rikaze	1134	primary	primary	PASS	TTT/TTT	F/F	F	2	36	36	99.000	TTT/TTT	PASS	TTT/TTT	PASS
SRR23343445	HD22	Apis laboriosa	China: Tibet, Rikaze	1134	primary	sensitivity	PASS	TTT/TTT	F/F	F	2	41	41	99.000	TTT/TTT	PASS	TTT/TTT	PASS
SRR23343446	HD21	Apis laboriosa	China: Tibet, Rikaze	254	primary	primary	PASS	CTT/CTT	L/L	L	2	18	18	54.159	CTT/CTT	PASS	CTT/CTT	PASS
SRR23343446	HD21	Apis laboriosa	China: Tibet, Rikaze	254	primary	sensitivity	PASS	CTT/CTT	L/L	L	2	22	22	66.182	CTT/CTT	PASS	CTT/CTT	PASS
SRR23343446	HD21	Apis laboriosa	China: Tibet, Rikaze	452	within_species_comparison	primary	PASS	ACA/ACA	T/T	T	2	30	30	90.266	ACA/ACA	PASS	ACA/ACA	PASS
SRR23343446	HD21	Apis laboriosa	China: Tibet, Rikaze	452	within_species_comparison	sensitivity	PASS	ACA/ACA	T/T	T	2	30	30	90.266	ACA/ACA	PASS	ACA/ACA	PASS
SRR23343446	HD21	Apis laboriosa	China: Tibet, Rikaze	474	secondary	primary	PASS	CAA/CAA	Q/Q	Q	2	25	25	75.221	CAA/CAA	PASS	CAA/CAA	PASS
SRR23343446	HD21	Apis laboriosa	China: Tibet, Rikaze	474	secondary	sensitivity	PASS	CAA/CAA	Q/Q	Q	2	27	27	81.233	CAA/CAA	PASS	CAA/CAA	PASS
SRR23343446	HD21	Apis laboriosa	China: Tibet, Rikaze	549	primary	primary	PASS	TTG/TTG	L/L	L	2	28	28	84.248	TTG/TTG	PASS	TTG/TTG	PASS
SRR23343446	HD21	Apis laboriosa	China: Tibet, Rikaze	549	primary	sensitivity	PASS	TTG/TTG	L/L	L	2	31	31	93.265	TTG/TTG	PASS	TTG/TTG	PASS
SRR23343446	HD21	Apis laboriosa	China: Tibet, Rikaze	717	secondary	primary	PASS	GCT/GCT	A/A	A	2	16	16	48.142	GCT/GCT	PASS	GCT/GCT	PASS
SRR23343446	HD21	Apis laboriosa	China: Tibet, Rikaze	717	secondary	sensitivity	PASS	GCT/GCT	A/A	A	2	21	21	63.176	GCT/GCT	PASS	GCT/GCT	PASS
SRR23343446	HD21	Apis laboriosa	China: Tibet, Rikaze	727	secondary	primary	PASS	GCT/GCT	A/A	A	2	25	25	75.221	GCT/GCT	PASS	GCT/GCT	PASS
SRR23343446	HD21	Apis laboriosa	China: Tibet, Rikaze	727	secondary	sensitivity	PASS	GCT/GCT	A/A	A	2	27	27	81.233	GCT/GCT	PASS	GCT/GCT	PASS
SRR23343446	HD21	Apis laboriosa	China: Tibet, Rikaze	766	secondary	primary	PASS	CTC/CTC	L/L	L	2	27	29	81.239	CTC/CTC	PASS	CTC/CTC	PASS
SRR23343446	HD21	Apis laboriosa	China: Tibet, Rikaze	766	secondary	sensitivity	PASS	CTC/CTC	L/L	L	2	31	33	93.268	CTC/CTC	PASS	CTC/CTC	PASS
SRR23343446	HD21	Apis laboriosa	China: Tibet, Rikaze	822	within_species_comparison	primary	PASS	ATA/ATA	I/I	I	2	25	25	75.221	ATA/ATA	PASS	ATA/ATA	PASS
SRR23343446	HD21	Apis laboriosa	China: Tibet, Rikaze	822	within_species_comparison	sensitivity	PASS	ATA/ATA	I/I	I	2	28	28	84.245	ATA/ATA	PASS	ATA/ATA	PASS
SRR23343446	HD21	Apis laboriosa	China: Tibet, Rikaze	1134	primary	primary	PASS	TTT/TTT	F/F	F	2	20	20	60.177	TTT/TTT	PASS	TTT/TTT	PASS
SRR23343446	HD21	Apis laboriosa	China: Tibet, Rikaze	1134	primary	sensitivity	PASS	TTT/TTT	F/F	F	2	26	26	78.221	TTT/TTT	PASS	TTT/TTT	PASS
SRR23343447	HD10	Apis laboriosa	China: Tibet, Rikaze	254	primary	primary	PASS	CTT/CTT	L/L	L	2	26	26	78.230	CTT/CTT	PASS	CTT/CTT	PASS
SRR23343447	HD10	Apis laboriosa	China: Tibet, Rikaze	254	primary	sensitivity	PASS	CTT/CTT	L/L	L	2	32	32	96.274	CTT/CTT	PASS	CTT/CTT	PASS
SRR23343447	HD10	Apis laboriosa	China: Tibet, Rikaze	452	within_species_comparison	primary	PASS	ACA/ACA	T/T	T	2	43	43	99.000	ACA/ACA	PASS	ACA/ACA	PASS
SRR23343447	HD10	Apis laboriosa	China: Tibet, Rikaze	452	within_species_comparison	sensitivity	PASS	ACA/ACA	T/T	T	2	43	43	99.000	ACA/ACA	PASS	ACA/ACA	PASS
SRR23343447	HD10	Apis laboriosa	China: Tibet, Rikaze	474	secondary	primary	PASS	CAA/CAA	Q/Q	Q	2	33	33	99.000	CAA/CAA	PASS	CAA/CAA	PASS
SRR23343447	HD10	Apis laboriosa	China: Tibet, Rikaze	474	secondary	sensitivity	PASS	CAA/CAA	Q/Q	Q	2	36	36	99.000	CAA/CAA	PASS	CAA/CAA	PASS
SRR23343447	HD10	Apis laboriosa	China: Tibet, Rikaze	549	primary	primary	PASS	TTG/TTG	L/L	L	2	25	25	75.221	TTG/TTG	PASS	TTG/TTG	PASS
SRR23343447	HD10	Apis laboriosa	China: Tibet, Rikaze	549	primary	sensitivity	PASS	TTG/TTG	L/L	L	2	27	27	81.236	TTG/TTG	PASS	TTG/TTG	PASS
SRR23343447	HD10	Apis laboriosa	China: Tibet, Rikaze	717	secondary	primary	PASS	GCT/GCT	A/A	A	2	26	26	78.230	GCT/GCT	PASS	GCT/GCT	PASS
SRR23343447	HD10	Apis laboriosa	China: Tibet, Rikaze	717	secondary	sensitivity	PASS	GCT/GCT	A/A	A	2	27	27	81.236	GCT/GCT	PASS	GCT/GCT	PASS
SRR23343447	HD10	Apis laboriosa	China: Tibet, Rikaze	727	secondary	primary	PASS	GCT/GCT	A/A	A	2	26	26	78.230	GCT/GCT	PASS	GCT/GCT	PASS
SRR23343447	HD10	Apis laboriosa	China: Tibet, Rikaze	727	secondary	sensitivity	PASS	GCT/GCT	A/A	A	2	33	34	99.000	GCT/GCT	PASS	GCT/GCT	PASS
SRR23343447	HD10	Apis laboriosa	China: Tibet, Rikaze	766	secondary	primary	PASS	CTC/CTC	L/L	L	2	37	37	99.000	CTC/CTC	PASS	CTC/CTC	PASS
SRR23343447	HD10	Apis laboriosa	China: Tibet, Rikaze	766	secondary	sensitivity	PASS	CTC/CTC	L/L	L	2	38	38	99.000	CTC/CTC	PASS	CTC/CTC	PASS
SRR23343447	HD10	Apis laboriosa	China: Tibet, Rikaze	822	within_species_comparison	primary	PASS	ATA/ATA	I/I	I	2	41	41	99.000	ATA/ATA	PASS	ATA/ATA	PASS
SRR23343447	HD10	Apis laboriosa	China: Tibet, Rikaze	822	within_species_comparison	sensitivity	PASS	ATA/ATA	I/I	I	2	45	45	99.000	ATA/ATA	PASS	ATA/ATA	PASS
SRR23343447	HD10	Apis laboriosa	China: Tibet, Rikaze	1134	primary	primary	PASS	TTT/TTT	F/F	F	2	37	37	99.000	TTT/TTT	PASS	TTT/TTT	PASS
SRR23343447	HD10	Apis laboriosa	China: Tibet, Rikaze	1134	primary	sensitivity	PASS	TTT/TTT	F/F	F	2	41	41	99.000	TTT/TTT	PASS	TTT/TTT	PASS
SRR23343448	HD29	Apis laboriosa	China: Tibet, Linzhi	254	primary	primary	PASS	CTT/CTT	L/L	L	2	30	30	90.266	CTT/CTT	PASS	CTT/CTT	PASS
SRR23343448	HD29	Apis laboriosa	China: Tibet, Linzhi	254	primary	sensitivity	PASS	CTT/CTT	L/L	L	2	37	37	99.000	CTT/CTT	PASS	CTT/CTT	PASS
SRR23343448	HD29	Apis laboriosa	China: Tibet, Linzhi	452	within_species_comparison	primary	PASS	ACA/ACA	T/T	T	2	20	20	60.177	ACA/ACA	PASS	ACA/ACA	PASS
SRR23343448	HD29	Apis laboriosa	China: Tibet, Linzhi	452	within_species_comparison	sensitivity	PASS	ACA/ACA	T/T	T	2	21	21	63.183	ACA/ACA	PASS	ACA/ACA	PASS
SRR23343448	HD29	Apis laboriosa	China: Tibet, Linzhi	474	secondary	primary	PASS	CAA/CAA	Q/Q	Q	2	29	29	87.257	CAA/CAA	PASS	CAA/CAA	PASS
SRR23343448	HD29	Apis laboriosa	China: Tibet, Linzhi	474	secondary	sensitivity	PASS	CAA/CAA	Q/Q	Q	2	31	31	93.268	CAA/CAA	PASS	CAA/CAA	PASS
SRR23343448	HD29	Apis laboriosa	China: Tibet, Linzhi	549	primary	primary	PASS	TTG/TTG	L/L	L	2	24	24	72.212	TTG/TTG	PASS	TTG/TTG	PASS
SRR23343448	HD29	Apis laboriosa	China: Tibet, Linzhi	549	primary	sensitivity	PASS	TTG/TTG	L/L	L	2	27	27	81.233	TTG/TTG	PASS	TTG/TTG	PASS
SRR23343448	HD29	Apis laboriosa	China: Tibet, Linzhi	717	secondary	primary	PASS	GCT/GCT	A/A	A	2	12	12	36.106	GCT/GCT	PASS	GCT/GCT	PASS
SRR23343448	HD29	Apis laboriosa	China: Tibet, Linzhi	717	secondary	sensitivity	PASS	GCT/GCT	A/A	A	2	16	16	48.132	GCT/GCT	PASS	GCT/GCT	PASS
SRR23343448	HD29	Apis laboriosa	China: Tibet, Linzhi	727	secondary	primary	PASS	GCT/GCT	A/A	A	2	19	20	57.168	GCT/GCT	PASS	GCT/GCT	PASS
SRR23343448	HD29	Apis laboriosa	China: Tibet, Linzhi	727	secondary	sensitivity	PASS	GCT/GCT	A/A	A	2	25	26	75.209	GCT/GCT	PASS	GCT/GCT	PASS
SRR23343448	HD29	Apis laboriosa	China: Tibet, Linzhi	766	secondary	primary	PASS	CTC/CTC	L/L	L	2	25	25	75.221	CTC/CTC	PASS	CTC/CTC	PASS
SRR23343448	HD29	Apis laboriosa	China: Tibet, Linzhi	766	secondary	sensitivity	PASS	CTC/CTC	L/L	L	2	27	27	81.236	CTC/CTC	PASS	CTC/CTC	PASS
SRR23343448	HD29	Apis laboriosa	China: Tibet, Linzhi	822	within_species_comparison	primary	PASS	ATA/ATA	I/I	I	2	28	28	84.248	ATA/ATA	PASS	ATA/ATA	PASS
SRR23343448	HD29	Apis laboriosa	China: Tibet, Linzhi	822	within_species_comparison	sensitivity	PASS	ATA/ATA	I/I	I	2	28	28	84.248	ATA/ATA	PASS	ATA/ATA	PASS
SRR23343448	HD29	Apis laboriosa	China: Tibet, Linzhi	1134	primary	primary	PASS	TTT/TTT	F/F	F	2	25	25	75.221	TTT/TTT	PASS	TTT/TTT	PASS
SRR23343448	HD29	Apis laboriosa	China: Tibet, Linzhi	1134	primary	sensitivity	PASS	TTT/TTT	F/F	F	2	28	28	84.238	TTT/TTT	PASS	TTT/TTT	PASS
SRR23343449	D17	Apis dorsata	China: Yunnan, Xishuangbanna	254	primary	primary	PASS	TTT/TTT	F/F	F	2	18	18	54.159	TTT/TTT	PASS	TTT/TTT	PASS
SRR23343449	D17	Apis dorsata	China: Yunnan, Xishuangbanna	254	primary	sensitivity	PASS	TTT/TTT	F/F	F	2	26	26	78.218	TTT/TTT	PASS	TTT/TTT	PASS
SRR23343449	D17	Apis dorsata	China: Yunnan, Xishuangbanna	452	within_species_comparison	primary	PASS	ACG/ACG	T/T	T	2	15	16	45.133	ACG/ACG	PASS	ACG/ACG	PASS
SRR23343449	D17	Apis dorsata	China: Yunnan, Xishuangbanna	452	within_species_comparison	sensitivity	PASS	ACG/ACG	T/T	T	2	21	23	63.176	ACG/ACG	PASS	ACG/ACG	PASS
SRR23343449	D17	Apis dorsata	China: Yunnan, Xishuangbanna	474	secondary	primary	PASS	AAA/AAA	K/K	K	2	22	22	66.195	AAA/AAA	PASS	AAA/AAA	PASS
SRR23343449	D17	Apis dorsata	China: Yunnan, Xishuangbanna	474	secondary	sensitivity	PASS	AAA/AAA	K/K	K	2	27	27	81.230	AAA/AAA	PASS	AAA/AAA	PASS
SRR23343449	D17	Apis dorsata	China: Yunnan, Xishuangbanna	549	primary	primary	PASS	TTT/TTT	F/F	F	2	23	23	69.204	TTT/TTT	PASS	TTT/TTT	PASS
SRR23343449	D17	Apis dorsata	China: Yunnan, Xishuangbanna	549	primary	sensitivity	PASS	TTT/TTT	F/F	F	2	29	29	87.247	TTT/TTT	PASS	TTT/TTT	PASS
SRR23343449	D17	Apis dorsata	China: Yunnan, Xishuangbanna	717	secondary	primary	PASS	ACT/ACT	T/T	T	2	13	13	39.115	ACT/ACT	PASS	ACT/ACT	PASS
SRR23343449	D17	Apis dorsata	China: Yunnan, Xishuangbanna	717	secondary	sensitivity	PASS	ACT/ACT	T/T	T	2	18	19	54.150	ACT/ACT	PASS	ACT/ACT	PASS
SRR23343449	D17	Apis dorsata	China: Yunnan, Xishuangbanna	727	secondary	primary	PASS	GTT/GTT	V/V	V	2	22	23	66.195	GTT/GTT	PASS	GTT/GTT	PASS
SRR23343449	D17	Apis dorsata	China: Yunnan, Xishuangbanna	727	secondary	sensitivity	PASS	GTT/GTT	V/V	V	2	25	27	75.215	GTT/GTT	PASS	GTT/GTT	PASS
SRR23343449	D17	Apis dorsata	China: Yunnan, Xishuangbanna	766	secondary	primary	PASS	TTT/TTT	F/F	F	2	26	26	78.230	TTT/TTT	PASS	TTT/TTT	PASS
SRR23343449	D17	Apis dorsata	China: Yunnan, Xishuangbanna	766	secondary	sensitivity	PASS	TTT/TTT	F/F	F	2	31	31	93.265	TTT/TTT	PASS	TTT/TTT	PASS
SRR23343449	D17	Apis dorsata	China: Yunnan, Xishuangbanna	822	within_species_comparison	primary	PASS	ATA/ATA	I/I	V	0	21	21	63.186	ATA/ATA	PASS	ATA/ATA	PASS
SRR23343449	D17	Apis dorsata	China: Yunnan, Xishuangbanna	822	within_species_comparison	sensitivity	PASS	ATA/ATA	I/I	V	0	24	24	72.206	ATA/ATA	PASS	ATA/ATA	PASS
SRR23343449	D17	Apis dorsata	China: Yunnan, Xishuangbanna	1134	primary	primary	PASS	CTT/CTT	L/L	L	2	30	30	90.266	CTT/CTT	PASS	CTT/CTT	PASS
SRR23343449	D17	Apis dorsata	China: Yunnan, Xishuangbanna	1134	primary	sensitivity	PASS	CTT/CTT	L/L	L	2	33	33	99.000	CTT/CTT	PASS	CTT/CTT	PASS
SRR23343450	HD28	Apis laboriosa	China: Tibet, Linzhi	254	primary	primary	PASS	CTT/CTT	L/L	L	2	34	34	99.000	CTT/CTT	PASS	CTT/CTT	PASS
SRR23343450	HD28	Apis laboriosa	China: Tibet, Linzhi	254	primary	sensitivity	PASS	CTT/CTT	L/L	L	2	40	40	99.000	CTT/CTT	PASS	CTT/CTT	PASS
SRR23343450	HD28	Apis laboriosa	China: Tibet, Linzhi	452	within_species_comparison	primary	PASS	ACA/ACA	T/T	T	2	33	33	99.000	ACA/ACA	PASS	ACA/ACA	PASS
SRR23343450	HD28	Apis laboriosa	China: Tibet, Linzhi	452	within_species_comparison	sensitivity	PASS	ACA/ACA	T/T	T	2	37	37	99.000	ACA/ACA	PASS	ACA/ACA	PASS
SRR23343450	HD28	Apis laboriosa	China: Tibet, Linzhi	474	secondary	primary	PASS	CAA/CAA	Q/Q	Q	2	28	28	84.248	CAA/CAA	PASS	CAA/CAA	PASS
SRR23343450	HD28	Apis laboriosa	China: Tibet, Linzhi	474	secondary	sensitivity	PASS	CAA/CAA	Q/Q	Q	2	37	37	99.000	CAA/CAA	PASS	CAA/CAA	PASS
SRR23343450	HD28	Apis laboriosa	China: Tibet, Linzhi	549	primary	primary	PASS	TTG/TTG	L/L	L	2	38	38	99.000	TTG/TTG	PASS	TTG/TTG	PASS
SRR23343450	HD28	Apis laboriosa	China: Tibet, Linzhi	549	primary	sensitivity	PASS	TTG/TTG	L/L	L	2	41	41	99.000	TTG/TTG	PASS	TTG/TTG	PASS
SRR23343450	HD28	Apis laboriosa	China: Tibet, Linzhi	717	secondary	primary	PASS	GCT/GCT	A/A	A	2	18	18	54.159	GCT/GCT	PASS	GCT/GCT	PASS
SRR23343450	HD28	Apis laboriosa	China: Tibet, Linzhi	717	secondary	sensitivity	PASS	GCT/GCT	A/A	A	2	21	21	63.180	GCT/GCT	PASS	GCT/GCT	PASS
SRR23343450	HD28	Apis laboriosa	China: Tibet, Linzhi	727	secondary	primary	PASS	GCT/GCT	A/A	A	2	24	24	72.212	GCT/GCT	PASS	GCT/GCT	PASS
SRR23343450	HD28	Apis laboriosa	China: Tibet, Linzhi	727	secondary	sensitivity	PASS	GCT/GCT	A/A	A	2	27	27	81.233	GCT/GCT	PASS	GCT/GCT	PASS
SRR23343450	HD28	Apis laboriosa	China: Tibet, Linzhi	766	secondary	primary	PASS	CTC/CTC	L/L	L	2	32	33	96.283	CTC/CTC	PASS	CTC/CTC	PASS
SRR23343450	HD28	Apis laboriosa	China: Tibet, Linzhi	766	secondary	sensitivity	PASS	CTC/CTC	L/L	L	2	34	35	99.000	CTC/CTC	PASS	CTC/CTC	PASS
SRR23343450	HD28	Apis laboriosa	China: Tibet, Linzhi	822	within_species_comparison	primary	PASS	ATA/ATA	I/I	I	2	34	34	99.000	ATA/ATA	PASS	ATA/ATA	PASS
SRR23343450	HD28	Apis laboriosa	China: Tibet, Linzhi	822	within_species_comparison	sensitivity	PASS	ATA/ATA	I/I	I	2	35	35	99.000	ATA/ATA	PASS	ATA/ATA	PASS
SRR23343450	HD28	Apis laboriosa	China: Tibet, Linzhi	1134	primary	primary	PASS	TTT/TTT	F/F	F	2	27	27	81.239	TTT/TTT	PASS	TTT/TTT	PASS
SRR23343450	HD28	Apis laboriosa	China: Tibet, Linzhi	1134	primary	sensitivity	PASS	TTT/TTT	F/F	F	2	34	34	99.000	TTT/TTT	PASS	TTT/TTT	PASS
SRR23343451	HD27	Apis laboriosa	China: Tibet, Linzhi	254	primary	primary	PASS	CTT/CTT	L/L	L	2	25	25	75.221	CTT/CTT	PASS	CTT/CTT	PASS
SRR23343451	HD27	Apis laboriosa	China: Tibet, Linzhi	254	primary	sensitivity	PASS	CTT/CTT	L/L	L	2	28	28	84.242	CTT/CTT	PASS	CTT/CTT	PASS
SRR23343451	HD27	Apis laboriosa	China: Tibet, Linzhi	452	within_species_comparison	primary	PASS	ACA/ACA	T/T	T	2	32	34	96.283	ACA/ACA	PASS	ACA/ACA	PASS
SRR23343451	HD27	Apis laboriosa	China: Tibet, Linzhi	452	within_species_comparison	sensitivity	PASS	ACA/ACA	T/T	T	2	34	36	99.000	ACA/ACA	PASS	ACA/ACA	PASS
SRR23343451	HD27	Apis laboriosa	China: Tibet, Linzhi	474	secondary	primary	PASS	CAA/CAA	Q/Q	Q	2	29	29	87.257	CAA/CAA	PASS	CAA/CAA	PASS
SRR23343451	HD27	Apis laboriosa	China: Tibet, Linzhi	474	secondary	sensitivity	PASS	CAA/CAA	Q/Q	Q	2	34	34	99.000	CAA/CAA	PASS	CAA/CAA	PASS
SRR23343451	HD27	Apis laboriosa	China: Tibet, Linzhi	549	primary	primary	PASS	TTG/TTG	L/L	L	2	24	24	37.446	TTG/TTG	PASS	TTG/TTG	PASS
SRR23343451	HD27	Apis laboriosa	China: Tibet, Linzhi	549	primary	sensitivity	PASS	TTG/TTG	L/L	L	2	27	27	46.472	TTG/TTG	PASS	TTG/TTG	PASS
SRR23343451	HD27	Apis laboriosa	China: Tibet, Linzhi	717	secondary	primary	PASS	GCT/GCT	A/A	A	2	20	20	60.177	GCT/GCT	PASS	GCT/GCT	PASS
SRR23343451	HD27	Apis laboriosa	China: Tibet, Linzhi	717	secondary	sensitivity	PASS	GCT/GCT	A/A	A	2	23	23	69.200	GCT/GCT	PASS	GCT/GCT	PASS
SRR23343451	HD27	Apis laboriosa	China: Tibet, Linzhi	727	secondary	primary	PASS	GCT/GCT	A/A	A	2	24	24	72.212	GCT/GCT	PASS	GCT/GCT	PASS
SRR23343451	HD27	Apis laboriosa	China: Tibet, Linzhi	727	secondary	sensitivity	PASS	GCT/GCT	A/A	A	2	24	24	72.212	GCT/GCT	PASS	GCT/GCT	PASS
SRR23343451	HD27	Apis laboriosa	China: Tibet, Linzhi	766	secondary	primary	PASS	CTC/CTC	L/L	L	2	21	22	63.186	CTC/CTC	PASS	CTC/CTC	PASS
SRR23343451	HD27	Apis laboriosa	China: Tibet, Linzhi	766	secondary	sensitivity	PASS	CTC/CTC	L/L	L	2	24	25	72.206	CTC/CTC	PASS	CTC/CTC	PASS
SRR23343451	HD27	Apis laboriosa	China: Tibet, Linzhi	822	within_species_comparison	primary	PASS	ATA/ATA	I/I	I	2	21	21	63.186	ATA/ATA	PASS	ATA/ATA	PASS
SRR23343451	HD27	Apis laboriosa	China: Tibet, Linzhi	822	within_species_comparison	sensitivity	PASS	ATA/ATA	I/I	I	2	23	23	69.200	ATA/ATA	PASS	ATA/ATA	PASS
SRR23343451	HD27	Apis laboriosa	China: Tibet, Linzhi	1134	primary	primary	PASS	TTT/TTT	F/F	F	2	20	20	60.177	TTT/TTT	PASS	TTT/TTT	PASS
SRR23343451	HD27	Apis laboriosa	China: Tibet, Linzhi	1134	primary	sensitivity	PASS	TTT/TTT	F/F	F	2	25	25	75.212	TTT/TTT	PASS	TTT/TTT	PASS
SRR23343452	HD26	Apis laboriosa	China: Tibet, Linzhi	254	primary	primary	PASS	CTT/CTT	L/L	L	2	21	21	63.186	CTT/CTT	PASS	CTT/CTT	PASS
SRR23343452	HD26	Apis laboriosa	China: Tibet, Linzhi	254	primary	sensitivity	PASS	CTT/CTT	L/L	L	2	28	28	84.235	CTT/CTT	PASS	CTT/CTT	PASS
SRR23343452	HD26	Apis laboriosa	China: Tibet, Linzhi	452	within_species_comparison	primary	PASS	ACA/ACA	T/T	T	2	48	48	99.000	ACA/ACA	PASS	ACA/ACA	PASS
SRR23343452	HD26	Apis laboriosa	China: Tibet, Linzhi	452	within_species_comparison	sensitivity	PASS	ACA/ACA	T/T	T	2	51	51	99.000	ACA/ACA	PASS	ACA/ACA	PASS
SRR23343452	HD26	Apis laboriosa	China: Tibet, Linzhi	474	secondary	primary	PASS	CAA/CAA	Q/Q	Q	2	39	39	99.000	CAA/CAA	PASS	CAA/CAA	PASS
SRR23343452	HD26	Apis laboriosa	China: Tibet, Linzhi	474	secondary	sensitivity	PASS	CAA/CAA	Q/Q	Q	2	46	46	99.000	CAA/CAA	PASS	CAA/CAA	PASS
SRR23343452	HD26	Apis laboriosa	China: Tibet, Linzhi	549	primary	primary	PASS	TTG/TTG	L/L	L	2	29	29	87.257	TTG/TTG	PASS	TTG/TTG	PASS
SRR23343452	HD26	Apis laboriosa	China: Tibet, Linzhi	549	primary	sensitivity	PASS	TTG/TTG	L/L	L	2	34	34	99.000	TTG/TTG	PASS	TTG/TTG	PASS
SRR23343452	HD26	Apis laboriosa	China: Tibet, Linzhi	717	secondary	primary	PASS	GCT/GCT	A/A	A	2	27	27	81.239	GCT/GCT	PASS	GCT/GCT	PASS
SRR23343452	HD26	Apis laboriosa	China: Tibet, Linzhi	717	secondary	sensitivity	PASS	GCT/GCT	A/A	A	2	34	34	99.000	GCT/GCT	PASS	GCT/GCT	PASS
SRR23343452	HD26	Apis laboriosa	China: Tibet, Linzhi	727	secondary	primary	PASS	GCT/GCT	A/A	A	2	39	40	99.000	GCT/GCT	PASS	GCT/GCT	PASS
SRR23343452	HD26	Apis laboriosa	China: Tibet, Linzhi	727	secondary	sensitivity	PASS	GCT/GCT	A/A	A	2	42	43	99.000	GCT/GCT	PASS	GCT/GCT	PASS
SRR23343452	HD26	Apis laboriosa	China: Tibet, Linzhi	766	secondary	primary	PASS	CTC/CTC	L/L	L	2	33	34	99.000	CTC/CTC	PASS	CTC/CTC	PASS
SRR23343452	HD26	Apis laboriosa	China: Tibet, Linzhi	766	secondary	sensitivity	PASS	CTC/CTC	L/L	L	2	36	37	99.000	CTC/CTC	PASS	CTC/CTC	PASS
SRR23343452	HD26	Apis laboriosa	China: Tibet, Linzhi	822	within_species_comparison	primary	PASS	ATA/ATA	I/I	I	2	35	35	99.000	ATA/ATA	PASS	ATA/ATA	PASS
SRR23343452	HD26	Apis laboriosa	China: Tibet, Linzhi	822	within_species_comparison	sensitivity	PASS	ATA/ATA	I/I	I	2	38	38	99.000	ATA/ATA	PASS	ATA/ATA	PASS
SRR23343452	HD26	Apis laboriosa	China: Tibet, Linzhi	1134	primary	primary	PASS	TTT/TTT	F/F	F	2	31	31	93.274	TTT/TTT	PASS	TTT/TTT	PASS
SRR23343452	HD26	Apis laboriosa	China: Tibet, Linzhi	1134	primary	sensitivity	PASS	TTT/TTT	F/F	F	2	38	38	99.000	TTT/TTT	PASS	TTT/TTT	PASS
SRR23343453	HD191	Apis laboriosa	China: Yunnan, Diqing	254	primary	primary	PASS	CTT/CTT	L/L	L	2	12	12	36.106	CTT/CTT	PASS	CTT/CTT	PASS
SRR23343453	HD191	Apis laboriosa	China: Yunnan, Diqing	254	primary	sensitivity	PASS	CTT/CTT	L/L	L	2	13	13	39.112	CTT/CTT	PASS	CTT/CTT	PASS
SRR23343453	HD191	Apis laboriosa	China: Yunnan, Diqing	452	within_species_comparison	primary	PASS	ACA/ACA	T/T	T	2	15	15	45.133	ACA/ACA	PASS	ACA/ACA	PASS
SRR23343453	HD191	Apis laboriosa	China: Yunnan, Diqing	452	within_species_comparison	sensitivity	PASS	ACA/ACA	T/T	T	2	15	15	45.133	ACA/ACA	PASS	ACA/ACA	PASS
SRR23343453	HD191	Apis laboriosa	China: Yunnan, Diqing	474	secondary	primary	PASS	CAA/CAA	Q/Q	Q	2	16	16	48.142	CAA/CAA	PASS	CAA/CAA	PASS
SRR23343453	HD191	Apis laboriosa	China: Yunnan, Diqing	474	secondary	sensitivity	PASS	CAA/CAA	Q/Q	Q	2	18	18	54.156	CAA/CAA	PASS	CAA/CAA	PASS
SRR23343453	HD191	Apis laboriosa	China: Yunnan, Diqing	549	primary	primary	PASS	TTG/TTG	L/L	L	2	17	17	51.150	TTG/TTG	PASS	TTG/TTG	PASS
SRR23343453	HD191	Apis laboriosa	China: Yunnan, Diqing	549	primary	sensitivity	PASS	TTG/TTG	L/L	L	2	17	17	51.150	TTG/TTG	PASS	TTG/TTG	PASS
SRR23343453	HD191	Apis laboriosa	China: Yunnan, Diqing	717	secondary	primary	PASS	GCT/GCT	A/A	A	2	17	17	51.150	GCT/GCT	PASS	GCT/GCT	PASS
SRR23343453	HD191	Apis laboriosa	China: Yunnan, Diqing	717	secondary	sensitivity	PASS	GCT/GCT	A/A	A	2	22	22	66.182	GCT/GCT	PASS	GCT/GCT	PASS
SRR23343453	HD191	Apis laboriosa	China: Yunnan, Diqing	727	secondary	primary	reference_quality_failure			A		8	8	24.071	GCT/GCT	low_depth;low_genotype_quality	GCT/GCT	low_depth;low_genotype_quality
SRR23343453	HD191	Apis laboriosa	China: Yunnan, Diqing	727	secondary	sensitivity	PASS	GCT/GCT	A/A	A	2	10	10	30.085	GCT/GCT	PASS	GCT/GCT	PASS
SRR23343453	HD191	Apis laboriosa	China: Yunnan, Diqing	766	secondary	primary	PASS	CTC/CTC	L/L	L	2	19	19	57.168	CTC/CTC	PASS	CTC/CTC	PASS
SRR23343453	HD191	Apis laboriosa	China: Yunnan, Diqing	766	secondary	sensitivity	PASS	CTC/CTC	L/L	L	2	19	19	57.168	CTC/CTC	PASS	CTC/CTC	PASS
SRR23343453	HD191	Apis laboriosa	China: Yunnan, Diqing	822	within_species_comparison	primary	PASS	ATA/ATA	I/I	I	2	19	19	57.168	ATA/ATA	PASS	ATA/ATA	PASS
SRR23343453	HD191	Apis laboriosa	China: Yunnan, Diqing	822	within_species_comparison	sensitivity	PASS	ATA/ATA	I/I	I	2	22	22	66.188	ATA/ATA	PASS	ATA/ATA	PASS
SRR23343453	HD191	Apis laboriosa	China: Yunnan, Diqing	1134	primary	primary	PASS	TTT/TTT	F/F	F	2	22	22	66.195	TTT/TTT	PASS	TTT/TTT	PASS
SRR23343453	HD191	Apis laboriosa	China: Yunnan, Diqing	1134	primary	sensitivity	PASS	TTT/TTT	F/F	F	2	23	23	69.200	TTT/TTT	PASS	TTT/TTT	PASS
SRR23343454	HD18	Apis laboriosa	China: Yunnan, Diqing	254	primary	primary	PASS	CTT/CTT	L/L	L	2	27	27	81.239	CTT/CTT	PASS	CTT/CTT	PASS
SRR23343454	HD18	Apis laboriosa	China: Yunnan, Diqing	254	primary	sensitivity	PASS	CTT/CTT	L/L	L	2	35	35	99.000	CTT/CTT	PASS	CTT/CTT	PASS
SRR23343454	HD18	Apis laboriosa	China: Yunnan, Diqing	452	within_species_comparison	primary	PASS	ACA/ACA	T/T	T	2	32	33	96.283	ACA/ACA	PASS	ACA/ACA	PASS
SRR23343454	HD18	Apis laboriosa	China: Yunnan, Diqing	452	within_species_comparison	sensitivity	PASS	ACA/ACA	T/T	T	2	33	34	99.000	ACA/ACA	PASS	ACA/ACA	PASS
SRR23343454	HD18	Apis laboriosa	China: Yunnan, Diqing	474	secondary	primary	PASS	CAA/CAA	Q/Q	Q	2	23	23	69.204	CAA/CAA	PASS	CAA/CAA	PASS
SRR23343454	HD18	Apis laboriosa	China: Yunnan, Diqing	474	secondary	sensitivity	PASS	CAA/CAA	Q/Q	Q	2	28	28	84.235	CAA/CAA	PASS	CAA/CAA	PASS
SRR23343454	HD18	Apis laboriosa	China: Yunnan, Diqing	549	primary	primary	PASS	TTG/TTG	L/L	L	2	25	25	75.221	TTG/TTG	PASS	TTG/TTG	PASS
SRR23343454	HD18	Apis laboriosa	China: Yunnan, Diqing	549	primary	sensitivity	PASS	TTG/TTG	L/L	L	2	30	30	90.256	TTG/TTG	PASS	TTG/TTG	PASS
SRR23343454	HD18	Apis laboriosa	China: Yunnan, Diqing	717	secondary	primary	PASS	GCT/GCT	A/A	A	2	23	24	69.204	GCT/GCT	PASS	GCT/GCT	PASS
SRR23343454	HD18	Apis laboriosa	China: Yunnan, Diqing	717	secondary	sensitivity	PASS	GCT/GCT	A/A	A	2	29	31	87.247	GCT/GCT	PASS	GCT/GCT	PASS
SRR23343454	HD18	Apis laboriosa	China: Yunnan, Diqing	727	secondary	primary	PASS	GCT/GCT	A/A	A	2	17	18	51.150	GCT/GCT	PASS	GCT/GCT	PASS
SRR23343454	HD18	Apis laboriosa	China: Yunnan, Diqing	727	secondary	sensitivity	PASS	GCT/GCT	A/A	A	2	22	23	66.185	GCT/GCT	PASS	GCT/GCT	PASS
SRR23343454	HD18	Apis laboriosa	China: Yunnan, Diqing	766	secondary	primary	PASS	CTC/CTC	L/L	L	2	16	16	48.142	CTC/CTC	PASS	CTC/CTC	PASS
SRR23343454	HD18	Apis laboriosa	China: Yunnan, Diqing	766	secondary	sensitivity	PASS	CTC/CTC	L/L	L	2	17	17	51.147	CTC/CTC	PASS	CTC/CTC	PASS
SRR23343454	HD18	Apis laboriosa	China: Yunnan, Diqing	822	within_species_comparison	primary	PASS	ATA/ATA	I/I	I	2	26	26	78.230	ATA/ATA	PASS	ATA/ATA	PASS
SRR23343454	HD18	Apis laboriosa	China: Yunnan, Diqing	822	within_species_comparison	sensitivity	PASS	ATA/ATA	I/I	I	2	30	30	90.256	ATA/ATA	PASS	ATA/ATA	PASS
SRR23343454	HD18	Apis laboriosa	China: Yunnan, Diqing	1134	primary	primary	PASS	TTT/TTT	F/F	F	2	24	24	72.212	TTT/TTT	PASS	TTT/TTT	PASS
SRR23343454	HD18	Apis laboriosa	China: Yunnan, Diqing	1134	primary	sensitivity	PASS	TTT/TTT	F/F	F	2	25	25	75.218	TTT/TTT	PASS	TTT/TTT	PASS
SRR23343455	HD17	Apis laboriosa	China: Yunnan, Diqing	254	primary	primary	reference_quality_failure			L		1	1	3.009	CTT/CTT	low_depth;low_genotype_quality;one_strand_only	CTT/CTT	low_depth;low_genotype_quality;one_strand_only
SRR23343455	HD17	Apis laboriosa	China: Yunnan, Diqing	254	primary	sensitivity	reference_quality_failure			L		4	4	12.032	CTT/CTT	low_depth;low_genotype_quality	CTT/CTT	low_depth;low_genotype_quality
SRR23343455	HD17	Apis laboriosa	China: Yunnan, Diqing	452	within_species_comparison	primary	reference_quality_failure			T		4	4	57.498	ACA/AGA	low_depth;heterozygote_balance	ACA/AGA	low_depth;heterozygote_balance
SRR23343455	HD17	Apis laboriosa	China: Yunnan, Diqing	452	within_species_comparison	sensitivity	reference_quality_failure			T		6	6	81.244	ACA/AGA	low_depth	ACA/AGA	low_depth
SRR23343455	HD17	Apis laboriosa	China: Yunnan, Diqing	474	secondary	primary	reference_quality_failure			Q		3	3	9.027	CAA/CAA	low_depth;low_genotype_quality	CAA/CAA	low_depth;low_genotype_quality
SRR23343455	HD17	Apis laboriosa	China: Yunnan, Diqing	474	secondary	sensitivity	reference_quality_failure			Q		4	4	12.032	CAA/CAA	low_depth;low_genotype_quality	CAA/CAA	low_depth;low_genotype_quality
SRR23343455	HD17	Apis laboriosa	China: Yunnan, Diqing	549	primary	primary	reference_quality_failure			L		7	7	21.062	TTG/TTG	low_depth;low_genotype_quality	TTG/TTG	low_depth;low_genotype_quality
SRR23343455	HD17	Apis laboriosa	China: Yunnan, Diqing	549	primary	sensitivity	reference_quality_failure			L		7	7	21.062	TTG/TTG	low_depth;low_genotype_quality	TTG/TTG	low_depth;low_genotype_quality
SRR23343455	HD17	Apis laboriosa	China: Yunnan, Diqing	717	secondary	primary	reference_quality_failure			A		1	1	3.009	GCT/GCT	low_depth;low_genotype_quality;one_strand_only	GCT/GCT	low_depth;low_genotype_quality;one_strand_only
SRR23343455	HD17	Apis laboriosa	China: Yunnan, Diqing	717	secondary	sensitivity	reference_quality_failure			A		1	1	3.009	GCT/GCT	low_depth;low_genotype_quality;one_strand_only	GCT/GCT	low_depth;low_genotype_quality;one_strand_only
SRR23343455	HD17	Apis laboriosa	China: Yunnan, Diqing	727	secondary	primary	reference_quality_failure			A		5	5	15.044	GCT/GCT	low_depth;low_genotype_quality	GCT/GCT	low_depth;low_genotype_quality
SRR23343455	HD17	Apis laboriosa	China: Yunnan, Diqing	727	secondary	sensitivity	reference_quality_failure			A		5	5	15.044	GCT/GCT	low_depth;low_genotype_quality	GCT/GCT	low_depth;low_genotype_quality
SRR23343455	HD17	Apis laboriosa	China: Yunnan, Diqing	766	secondary	primary	reference_quality_failure			L		6	6	18.053	CTC/CTC	low_depth;low_genotype_quality;one_strand_only	CTC/CTC	low_depth;low_genotype_quality;one_strand_only
SRR23343455	HD17	Apis laboriosa	China: Yunnan, Diqing	766	secondary	sensitivity	reference_quality_failure			L		7	7	21.059	CTC/CTC	low_depth;low_genotype_quality	CTC/CTC	low_depth;low_genotype_quality
SRR23343455	HD17	Apis laboriosa	China: Yunnan, Diqing	822	within_species_comparison	primary	reference_quality_failure			I		1	1	3.009	ATA/ATA	low_depth;low_genotype_quality;one_strand_only	ATA/ATA	low_depth;low_genotype_quality;one_strand_only
SRR23343455	HD17	Apis laboriosa	China: Yunnan, Diqing	822	within_species_comparison	sensitivity	reference_quality_failure			I		1	1	3.009	ATA/ATA	low_depth;low_genotype_quality;one_strand_only	ATA/ATA	low_depth;low_genotype_quality;one_strand_only
SRR23343455	HD17	Apis laboriosa	China: Yunnan, Diqing	1134	primary	primary	reference_quality_failure			F		2	2	6.018	TTT/TTT	low_depth;low_genotype_quality	TTT/TTT	low_depth;low_genotype_quality
SRR23343455	HD17	Apis laboriosa	China: Yunnan, Diqing	1134	primary	sensitivity	reference_quality_failure			F		2	2	6.018	TTT/TTT	low_depth;low_genotype_quality	TTT/TTT	low_depth;low_genotype_quality
SRR23343456	HD16	Apis laboriosa	China: Yunnan, Diqing	254	primary	primary	PASS	CTT/CTT	L/L	L	2	24	24	72.212	CTT/CTT	PASS	CTT/CTT	PASS
SRR23343456	HD16	Apis laboriosa	China: Yunnan, Diqing	254	primary	sensitivity	PASS	CTT/CTT	L/L	L	2	30	30	90.250	CTT/CTT	PASS	CTT/CTT	PASS
SRR23343456	HD16	Apis laboriosa	China: Yunnan, Diqing	452	within_species_comparison	primary	PASS	ACA/AGA	R/T	T	1	22	22	99.000	ACA/AGA	PASS	ACA/AGA	PASS
SRR23343456	HD16	Apis laboriosa	China: Yunnan, Diqing	452	within_species_comparison	sensitivity	PASS	ACA/AGA	R/T	T	1	24	24	99.000	ACA/AGA	PASS	ACA/AGA	PASS
SRR23343456	HD16	Apis laboriosa	China: Yunnan, Diqing	474	secondary	primary	PASS	CAA/CAA	Q/Q	Q	2	22	22	66.195	CAA/CAA	PASS	CAA/CAA	PASS
SRR23343456	HD16	Apis laboriosa	China: Yunnan, Diqing	474	secondary	sensitivity	PASS	CAA/CAA	Q/Q	Q	2	25	25	75.212	CAA/CAA	PASS	CAA/CAA	PASS
SRR23343456	HD16	Apis laboriosa	China: Yunnan, Diqing	549	primary	primary	PASS	TTG/TTG	L/L	L	2	23	23	69.204	TTG/TTG	PASS	TTG/TTG	PASS
SRR23343456	HD16	Apis laboriosa	China: Yunnan, Diqing	549	primary	sensitivity	PASS	TTG/TTG	L/L	L	2	24	24	72.209	TTG/TTG	PASS	TTG/TTG	PASS
SRR23343456	HD16	Apis laboriosa	China: Yunnan, Diqing	717	secondary	primary	PASS	GCT/GCT	A/A	A	2	20	21	60.177	GCT/GCT	PASS	GCT/GCT	PASS
SRR23343456	HD16	Apis laboriosa	China: Yunnan, Diqing	717	secondary	sensitivity	PASS	GCT/GCT	A/A	A	2	25	25	75.212	GCT/GCT	PASS	GCT/GCT	PASS
SRR23343456	HD16	Apis laboriosa	China: Yunnan, Diqing	727	secondary	primary	PASS	GCT/GCT	A/A	A	2	22	22	66.195	GCT/GCT	PASS	GCT/GCT	PASS
SRR23343456	HD16	Apis laboriosa	China: Yunnan, Diqing	727	secondary	sensitivity	PASS	GCT/GCT	A/A	A	2	30	30	90.250	GCT/GCT	PASS	GCT/GCT	PASS
SRR23343456	HD16	Apis laboriosa	China: Yunnan, Diqing	766	secondary	primary	PASS	CTC/CTC	L/L	L	2	37	37	99.000	CTC/CTC	PASS	CTC/CTC	PASS
SRR23343456	HD16	Apis laboriosa	China: Yunnan, Diqing	766	secondary	sensitivity	PASS	CTC/CTC	L/L	L	2	37	37	99.000	CTC/CTC	PASS	CTC/CTC	PASS
SRR23343456	HD16	Apis laboriosa	China: Yunnan, Diqing	822	within_species_comparison	primary	PASS	ATA/ATA	I/I	I	2	37	38	99.000	ATA/ATA	PASS	ATA/ATA	PASS
SRR23343456	HD16	Apis laboriosa	China: Yunnan, Diqing	822	within_species_comparison	sensitivity	PASS	ATA/ATA	I/I	I	2	37	38	99.000	ATA/ATA	PASS	ATA/ATA	PASS
SRR23343456	HD16	Apis laboriosa	China: Yunnan, Diqing	1134	primary	primary	PASS	TTT/TTT	F/F	F	2	27	27	81.239	TTT/TTT	PASS	TTT/TTT	PASS
SRR23343456	HD16	Apis laboriosa	China: Yunnan, Diqing	1134	primary	sensitivity	PASS	TTT/TTT	F/F	F	2	30	30	90.259	TTT/TTT	PASS	TTT/TTT	PASS
SRR23343457	HD15	Apis laboriosa	China: Yunnan, Baoshan	254	primary	primary	PASS	CTT/CTT	L/L	L	2	29	29	87.257	CTT/CTT	PASS	CTT/CTT	PASS
SRR23343457	HD15	Apis laboriosa	China: Yunnan, Baoshan	254	primary	sensitivity	PASS	CTT/CTT	L/L	L	2	34	34	99.000	CTT/CTT	PASS	CTT/CTT	PASS
SRR23343457	HD15	Apis laboriosa	China: Yunnan, Baoshan	452	within_species_comparison	primary	PASS	ACA/ACA	T/T	T	2	35	36	99.000	ACA/ACA	PASS	ACA/ACA	PASS
SRR23343457	HD15	Apis laboriosa	China: Yunnan, Baoshan	452	within_species_comparison	sensitivity	PASS	ACA/ACA	T/T	T	2	37	38	99.000	ACA/ACA	PASS	ACA/ACA	PASS
SRR23343457	HD15	Apis laboriosa	China: Yunnan, Baoshan	474	secondary	primary	PASS	CAA/CAA	Q/Q	Q	2	28	28	84.248	CAA/CAA	PASS	CAA/CAA	PASS
SRR23343457	HD15	Apis laboriosa	China: Yunnan, Baoshan	474	secondary	sensitivity	PASS	CAA/CAA	Q/Q	Q	2	31	31	93.268	CAA/CAA	PASS	CAA/CAA	PASS
SRR23343457	HD15	Apis laboriosa	China: Yunnan, Baoshan	549	primary	primary	PASS	TTG/TTG	L/L	L	2	33	33	99.000	TTG/TTG	PASS	TTG/TTG	PASS
SRR23343457	HD15	Apis laboriosa	China: Yunnan, Baoshan	549	primary	sensitivity	PASS	TTG/TTG	L/L	L	2	36	36	99.000	TTG/TTG	PASS	TTG/TTG	PASS
SRR23343457	HD15	Apis laboriosa	China: Yunnan, Baoshan	717	secondary	primary	PASS	GCT/GCT	A/A	A	2	17	17	51.150	GCT/GCT	PASS	GCT/GCT	PASS
SRR23343457	HD15	Apis laboriosa	China: Yunnan, Baoshan	717	secondary	sensitivity	PASS	GCT/GCT	A/A	A	2	19	19	57.162	GCT/GCT	PASS	GCT/GCT	PASS
SRR23343457	HD15	Apis laboriosa	China: Yunnan, Baoshan	727	secondary	primary	PASS	GCT/GCT	A/A	A	2	25	27	75.221	GCT/GCT	PASS	GCT/GCT	PASS
SRR23343457	HD15	Apis laboriosa	China: Yunnan, Baoshan	727	secondary	sensitivity	PASS	GCT/GCT	A/A	A	2	27	29	81.236	GCT/GCT	PASS	GCT/GCT	PASS
SRR23343457	HD15	Apis laboriosa	China: Yunnan, Baoshan	766	secondary	primary	PASS	CTC/CTC	L/L	L	2	34	36	99.000	CTC/CTC	PASS	CTC/CTC	PASS
SRR23343457	HD15	Apis laboriosa	China: Yunnan, Baoshan	766	secondary	sensitivity	PASS	CTC/CTC	L/L	L	2	36	38	99.000	CTC/CTC	PASS	CTC/CTC	PASS
SRR23343457	HD15	Apis laboriosa	China: Yunnan, Baoshan	822	within_species_comparison	primary	PASS	ATA/ATA	I/I	I	2	31	31	93.274	ATA/ATA	PASS	ATA/ATA	PASS
SRR23343457	HD15	Apis laboriosa	China: Yunnan, Baoshan	822	within_species_comparison	sensitivity	PASS	ATA/ATA	I/I	I	2	34	34	99.000	ATA/ATA	PASS	ATA/ATA	PASS
SRR23343457	HD15	Apis laboriosa	China: Yunnan, Baoshan	1134	primary	primary	PASS	TTT/TTT	F/F	F	2	30	30	90.266	TTT/TTT	PASS	TTT/TTT	PASS
SRR23343457	HD15	Apis laboriosa	China: Yunnan, Baoshan	1134	primary	sensitivity	PASS	TTT/TTT	F/F	F	2	34	34	99.000	TTT/TTT	PASS	TTT/TTT	PASS
SRR23343458	HD14	Apis laboriosa	China: Yunnan, Baoshan	254	primary	primary	PASS	CTT/CTT	L/L	L	2	31	31	93.274	CTT/CTT	PASS	CTT/CTT	PASS
SRR23343458	HD14	Apis laboriosa	China: Yunnan, Baoshan	254	primary	sensitivity	PASS	CTT/CTT	L/L	L	2	36	36	99.000	CTT/CTT	PASS	CTT/CTT	PASS
SRR23343458	HD14	Apis laboriosa	China: Yunnan, Baoshan	452	within_species_comparison	primary	PASS	ACA/ACA	T/T	T	2	48	48	99.000	ACA/ACA	PASS	ACA/ACA	PASS
SRR23343458	HD14	Apis laboriosa	China: Yunnan, Baoshan	452	within_species_comparison	sensitivity	PASS	ACA/ACA	T/T	T	2	50	50	99.000	ACA/ACA	PASS	ACA/ACA	PASS
SRR23343458	HD14	Apis laboriosa	China: Yunnan, Baoshan	474	secondary	primary	PASS	CAA/CAA	Q/Q	Q	2	37	37	99.000	CAA/CAA	PASS	CAA/CAA	PASS
SRR23343458	HD14	Apis laboriosa	China: Yunnan, Baoshan	474	secondary	sensitivity	PASS	CAA/CAA	Q/Q	Q	2	44	44	99.000	CAA/CAA	PASS	CAA/CAA	PASS
SRR23343458	HD14	Apis laboriosa	China: Yunnan, Baoshan	549	primary	primary	PASS	TTG/TTG	L/L	L	2	38	38	99.000	TTG/TTG	PASS	TTG/TTG	PASS
SRR23343458	HD14	Apis laboriosa	China: Yunnan, Baoshan	549	primary	sensitivity	PASS	TTG/TTG	L/L	L	2	41	41	99.000	TTG/TTG	PASS	TTG/TTG	PASS
SRR23343458	HD14	Apis laboriosa	China: Yunnan, Baoshan	717	secondary	primary	PASS	GCT/GCT	A/A	A	2	23	23	69.204	GCT/GCT	PASS	GCT/GCT	PASS
SRR23343458	HD14	Apis laboriosa	China: Yunnan, Baoshan	717	secondary	sensitivity	PASS	GCT/GCT	A/A	A	2	28	28	84.242	GCT/GCT	PASS	GCT/GCT	PASS
SRR23343458	HD14	Apis laboriosa	China: Yunnan, Baoshan	727	secondary	primary	PASS	GCT/GCT	A/A	A	2	25	25	75.221	GCT/GCT	PASS	GCT/GCT	PASS
SRR23343458	HD14	Apis laboriosa	China: Yunnan, Baoshan	727	secondary	sensitivity	PASS	GCT/GCT	A/A	A	2	26	26	78.227	GCT/GCT	PASS	GCT/GCT	PASS
SRR23343458	HD14	Apis laboriosa	China: Yunnan, Baoshan	766	secondary	primary	PASS	CTC/CTC	L/L	L	2	41	42	99.000	CTC/CTC	PASS	CTC/CTC	PASS
SRR23343458	HD14	Apis laboriosa	China: Yunnan, Baoshan	766	secondary	sensitivity	PASS	CTC/CTC	L/L	L	2	43	45	99.000	CTC/CTC	PASS	CTC/CTC	PASS
SRR23343458	HD14	Apis laboriosa	China: Yunnan, Baoshan	822	within_species_comparison	primary	PASS	ATA/ATA	I/I	I	2	42	42	99.000	ATA/ATA	PASS	ATA/ATA	PASS
SRR23343458	HD14	Apis laboriosa	China: Yunnan, Baoshan	822	within_species_comparison	sensitivity	PASS	ATA/ATA	I/I	I	2	42	42	99.000	ATA/ATA	PASS	ATA/ATA	PASS
SRR23343458	HD14	Apis laboriosa	China: Yunnan, Baoshan	1134	primary	primary	PASS	TTT/TTT	F/F	F	2	34	35	99.000	TTT/TTT	PASS	TTT/TTT	PASS
SRR23343458	HD14	Apis laboriosa	China: Yunnan, Baoshan	1134	primary	sensitivity	PASS	TTT/TTT	F/F	F	2	40	41	99.000	TTT/TTT	PASS	TTT/TTT	PASS
SRR23343459	HD13	Apis laboriosa	China: Yunnan, Baoshan	254	primary	primary	PASS	CTT/CTT	L/L	L	2	20	20	60.177	CTT/CTT	PASS	CTT/CTT	PASS
SRR23343459	HD13	Apis laboriosa	China: Yunnan, Baoshan	254	primary	sensitivity	PASS	CTT/CTT	L/L	L	2	21	21	63.183	CTT/CTT	PASS	CTT/CTT	PASS
SRR23343459	HD13	Apis laboriosa	China: Yunnan, Baoshan	452	within_species_comparison	primary	PASS	ACA/ACA	T/T	T	2	21	21	63.186	ACA/ACA	PASS	ACA/ACA	PASS
SRR23343459	HD13	Apis laboriosa	China: Yunnan, Baoshan	452	within_species_comparison	sensitivity	PASS	ACA/ACA	T/T	T	2	24	24	72.203	ACA/ACA	PASS	ACA/ACA	PASS
SRR23343459	HD13	Apis laboriosa	China: Yunnan, Baoshan	474	secondary	primary	PASS	CAA/CAA	Q/Q	Q	2	22	22	66.195	CAA/CAA	PASS	CAA/CAA	PASS
SRR23343459	HD13	Apis laboriosa	China: Yunnan, Baoshan	474	secondary	sensitivity	PASS	CAA/CAA	Q/Q	Q	2	23	23	69.200	CAA/CAA	PASS	CAA/CAA	PASS
SRR23343459	HD13	Apis laboriosa	China: Yunnan, Baoshan	549	primary	primary	PASS	TTG/TTG	L/L	L	2	21	21	63.186	TTG/TTG	PASS	TTG/TTG	PASS
SRR23343459	HD13	Apis laboriosa	China: Yunnan, Baoshan	549	primary	sensitivity	PASS	TTG/TTG	L/L	L	2	25	25	75.215	TTG/TTG	PASS	TTG/TTG	PASS
SRR23343459	HD13	Apis laboriosa	China: Yunnan, Baoshan	717	secondary	primary	PASS	GCT/GCT	A/A	A	2	10	10	30.089	GCT/GCT	PASS	GCT/GCT	PASS
SRR23343459	HD13	Apis laboriosa	China: Yunnan, Baoshan	717	secondary	sensitivity	PASS	GCT/GCT	A/A	A	2	10	10	30.089	GCT/GCT	PASS	GCT/GCT	PASS
SRR23343459	HD13	Apis laboriosa	China: Yunnan, Baoshan	727	secondary	primary	PASS	GCT/GCT	A/A	A	2	17	18	51.150	GCT/GCT	PASS	GCT/GCT	PASS
SRR23343459	HD13	Apis laboriosa	China: Yunnan, Baoshan	727	secondary	sensitivity	PASS	GCT/GCT	A/A	A	2	22	23	66.185	GCT/GCT	PASS	GCT/GCT	PASS
SRR23343459	HD13	Apis laboriosa	China: Yunnan, Baoshan	766	secondary	primary	PASS	CTC/CTC	L/L	L	2	27	28	81.239	CTC/CTC	PASS	CTC/CTC	PASS
SRR23343459	HD13	Apis laboriosa	China: Yunnan, Baoshan	766	secondary	sensitivity	PASS	CTC/CTC	L/L	L	2	27	28	81.239	CTC/CTC	PASS	CTC/CTC	PASS
SRR23343459	HD13	Apis laboriosa	China: Yunnan, Baoshan	822	within_species_comparison	primary	PASS	ATA/ATA	I/I	I	2	25	25	75.221	ATA/ATA	PASS	ATA/ATA	PASS
SRR23343459	HD13	Apis laboriosa	China: Yunnan, Baoshan	822	within_species_comparison	sensitivity	PASS	ATA/ATA	I/I	I	2	29	29	87.250	ATA/ATA	PASS	ATA/ATA	PASS
SRR23343459	HD13	Apis laboriosa	China: Yunnan, Baoshan	1134	primary	primary	PASS	TTT/TTT	F/F	F	2	19	19	57.168	TTT/TTT	PASS	TTT/TTT	PASS
SRR23343459	HD13	Apis laboriosa	China: Yunnan, Baoshan	1134	primary	sensitivity	PASS	TTT/TTT	F/F	F	2	24	24	72.206	TTT/TTT	PASS	TTT/TTT	PASS
SRR23343460	D16	Apis dorsata	China: Yunnan, Xishuangbanna	254	primary	primary	PASS	TTT/TTT	F/F	F	2	24	24	72.212	TTT/TTT	PASS	TTT/TTT	PASS
SRR23343460	D16	Apis dorsata	China: Yunnan, Xishuangbanna	254	primary	sensitivity	PASS	TTT/TTT	F/F	F	2	27	27	81.230	TTT/TTT	PASS	TTT/TTT	PASS
SRR23343460	D16	Apis dorsata	China: Yunnan, Xishuangbanna	452	within_species_comparison	primary	PASS	ACG/ACG	T/T	T	2	29	29	87.257	ACG/ACG	PASS	ACG/ACG	PASS
SRR23343460	D16	Apis dorsata	China: Yunnan, Xishuangbanna	452	within_species_comparison	sensitivity	PASS	ACG/ACG	T/T	T	2	34	34	99.000	ACG/ACG	PASS	ACG/ACG	PASS
SRR23343460	D16	Apis dorsata	China: Yunnan, Xishuangbanna	474	secondary	primary	PASS	AAA/AAA	K/K	K	2	29	29	87.257	AAA/AAA	PASS	AAA/AAA	PASS
SRR23343460	D16	Apis dorsata	China: Yunnan, Xishuangbanna	474	secondary	sensitivity	PASS	AAA/AAA	K/K	K	2	32	32	96.277	AAA/AAA	PASS	AAA/AAA	PASS
SRR23343460	D16	Apis dorsata	China: Yunnan, Xishuangbanna	549	primary	primary	reference_quality_failure			F		18	18	19.392	TTT/TTT	low_genotype_quality	TTT/TTT	low_genotype_quality
SRR23343460	D16	Apis dorsata	China: Yunnan, Xishuangbanna	549	primary	sensitivity	reference_quality_failure			F		21	21	28.419	TTT/TTT	low_genotype_quality	TTT/TTT	low_genotype_quality
SRR23343460	D16	Apis dorsata	China: Yunnan, Xishuangbanna	717	secondary	primary	PASS	ACT/ACT	T/T	T	2	18	19	54.159	ACT/ACT	PASS	ACT/ACT	PASS
SRR23343460	D16	Apis dorsata	China: Yunnan, Xishuangbanna	717	secondary	sensitivity	PASS	ACT/ACT	T/T	T	2	21	22	63.176	ACT/ACT	PASS	ACT/ACT	PASS
SRR23343460	D16	Apis dorsata	China: Yunnan, Xishuangbanna	727	secondary	primary	PASS	GTT/GTT	V/V	V	2	20	22	60.177	GTT/GTT	PASS	GTT/GTT	PASS
SRR23343460	D16	Apis dorsata	China: Yunnan, Xishuangbanna	727	secondary	sensitivity	PASS	GTT/GTT	V/V	V	2	23	25	69.197	GTT/GTT	PASS	GTT/GTT	PASS
SRR23343460	D16	Apis dorsata	China: Yunnan, Xishuangbanna	766	secondary	primary	PASS	TTT/TTT	F/F	F	2	23	24	69.204	TTT/TTT	PASS	TTT/TTT	PASS
SRR23343460	D16	Apis dorsata	China: Yunnan, Xishuangbanna	766	secondary	sensitivity	PASS	TTT/TTT	F/F	F	2	30	31	60.499	TTT/TTT	PASS	TTT/TTT	PASS
SRR23343460	D16	Apis dorsata	China: Yunnan, Xishuangbanna	822	within_species_comparison	primary	PASS	ATA/ATA	I/I	V	0	29	29	87.257	ATA/ATA	PASS	ATA/ATA	PASS
SRR23343460	D16	Apis dorsata	China: Yunnan, Xishuangbanna	822	within_species_comparison	sensitivity	PASS	ATA/ATA	I/I	V	0	35	35	99.000	ATA/ATA	PASS	ATA/ATA	PASS
SRR23343460	D16	Apis dorsata	China: Yunnan, Xishuangbanna	1134	primary	primary	PASS	CTT/CTT	L/L	L	2	36	36	99.000	CTT/CTT	PASS	CTT/CTT	PASS
SRR23343460	D16	Apis dorsata	China: Yunnan, Xishuangbanna	1134	primary	sensitivity	PASS	CTT/CTT	L/L	L	2	46	46	99.000	CTT/CTT	PASS	CTT/CTT	PASS
SRR23343461	HD3	Apis laboriosa	China: Yunnan, Baoshan	254	primary	primary	PASS	CTT/CTT	L/L	L	2	27	27	81.239	CTT/CTT	PASS	CTT/CTT	PASS
SRR23343461	HD3	Apis laboriosa	China: Yunnan, Baoshan	254	primary	sensitivity	PASS	CTT/CTT	L/L	L	2	36	36	99.000	CTT/CTT	PASS	CTT/CTT	PASS
SRR23343461	HD3	Apis laboriosa	China: Yunnan, Baoshan	452	within_species_comparison	primary	PASS	AGA/AGA	R/R	T	0	26	31	78.230	AGA/AGA	PASS	AGA/AGA	PASS
SRR23343461	HD3	Apis laboriosa	China: Yunnan, Baoshan	452	within_species_comparison	sensitivity	PASS	AGA/AGA	R/R	T	0	29	34	87.250	AGA/AGA	PASS	AGA/AGA	PASS
SRR23343461	HD3	Apis laboriosa	China: Yunnan, Baoshan	474	secondary	primary	PASS	CAA/CAA	Q/Q	Q	2	30	30	90.266	CAA/CAA	PASS	CAA/CAA	PASS
SRR23343461	HD3	Apis laboriosa	China: Yunnan, Baoshan	474	secondary	sensitivity	PASS	CAA/CAA	Q/Q	Q	2	34	34	99.000	CAA/CAA	PASS	CAA/CAA	PASS
SRR23343461	HD3	Apis laboriosa	China: Yunnan, Baoshan	549	primary	primary	PASS	TTG/TTG	L/L	L	2	20	20	60.177	TTG/TTG	PASS	TTG/TTG	PASS
SRR23343461	HD3	Apis laboriosa	China: Yunnan, Baoshan	549	primary	sensitivity	PASS	TTG/TTG	L/L	L	2	24	24	72.203	TTG/TTG	PASS	TTG/TTG	PASS
SRR23343461	HD3	Apis laboriosa	China: Yunnan, Baoshan	717	secondary	primary	PASS	GCT/GCT	A/A	A	2	16	16	48.142	GCT/GCT	PASS	GCT/GCT	PASS
SRR23343461	HD3	Apis laboriosa	China: Yunnan, Baoshan	717	secondary	sensitivity	PASS	GCT/GCT	A/A	A	2	22	22	66.179	GCT/GCT	PASS	GCT/GCT	PASS
SRR23343461	HD3	Apis laboriosa	China: Yunnan, Baoshan	727	secondary	primary	PASS	GCT/GCT	A/A	A	2	31	31	93.274	GCT/GCT	PASS	GCT/GCT	PASS
SRR23343461	HD3	Apis laboriosa	China: Yunnan, Baoshan	727	secondary	sensitivity	PASS	GCT/GCT	A/A	A	2	32	32	96.280	GCT/GCT	PASS	GCT/GCT	PASS
SRR23343461	HD3	Apis laboriosa	China: Yunnan, Baoshan	766	secondary	primary	PASS	CTC/CTC	L/L	L	2	33	33	99.000	CTC/CTC	PASS	CTC/CTC	PASS
SRR23343461	HD3	Apis laboriosa	China: Yunnan, Baoshan	766	secondary	sensitivity	PASS	CTC/CTC	L/L	L	2	35	35	99.000	CTC/CTC	PASS	CTC/CTC	PASS
SRR23343461	HD3	Apis laboriosa	China: Yunnan, Baoshan	822	within_species_comparison	primary	PASS	ATA/ATA	I/I	I	2	34	34	99.000	ATA/ATA	PASS	ATA/ATA	PASS
SRR23343461	HD3	Apis laboriosa	China: Yunnan, Baoshan	822	within_species_comparison	sensitivity	PASS	ATA/ATA	I/I	I	2	38	38	99.000	ATA/ATA	PASS	ATA/ATA	PASS
SRR23343461	HD3	Apis laboriosa	China: Yunnan, Baoshan	1134	primary	primary	PASS	TTT/TTT	F/F	F	2	30	30	90.266	TTT/TTT	PASS	TTT/TTT	PASS
SRR23343461	HD3	Apis laboriosa	China: Yunnan, Baoshan	1134	primary	sensitivity	PASS	TTT/TTT	F/F	F	2	32	32	96.277	TTT/TTT	PASS	TTT/TTT	PASS
SRR23343462	HD2	Apis laboriosa	China: Yunnan, Baoshan	254	primary	primary	PASS	CTT/CTT	L/L	L	2	42	42	99.000	CTT/CTT	PASS	CTT/CTT	PASS
SRR23343462	HD2	Apis laboriosa	China: Yunnan, Baoshan	254	primary	sensitivity	PASS	CTT/CTT	L/L	L	2	45	45	99.000	CTT/CTT	PASS	CTT/CTT	PASS
SRR23343462	HD2	Apis laboriosa	China: Yunnan, Baoshan	452	within_species_comparison	primary	PASS	ACA/AGA	R/T	T	1	47	48	99.000	ACA/AGA	PASS	ACA/AGA	PASS
SRR23343462	HD2	Apis laboriosa	China: Yunnan, Baoshan	452	within_species_comparison	sensitivity	PASS	ACA/AGA	R/T	T	1	51	52	99.000	ACA/AGA	PASS	ACA/AGA	PASS
SRR23343462	HD2	Apis laboriosa	China: Yunnan, Baoshan	474	secondary	primary	PASS	CAA/CAA	Q/Q	Q	2	57	57	99.000	CAA/CAA	PASS	CAA/CAA	PASS
SRR23343462	HD2	Apis laboriosa	China: Yunnan, Baoshan	474	secondary	sensitivity	PASS	CAA/CAA	Q/Q	Q	2	59	59	99.000	CAA/CAA	PASS	CAA/CAA	PASS
SRR23343462	HD2	Apis laboriosa	China: Yunnan, Baoshan	549	primary	primary	PASS	TTG/TTG	L/L	L	2	27	27	81.239	TTG/TTG	PASS	TTG/TTG	PASS
SRR23343462	HD2	Apis laboriosa	China: Yunnan, Baoshan	549	primary	sensitivity	PASS	TTG/TTG	L/L	L	2	34	34	99.000	TTG/TTG	PASS	TTG/TTG	PASS
SRR23343462	HD2	Apis laboriosa	China: Yunnan, Baoshan	717	secondary	primary	PASS	GCT/GCT	A/A	A	2	39	39	99.000	GCT/GCT	PASS	GCT/GCT	PASS
SRR23343462	HD2	Apis laboriosa	China: Yunnan, Baoshan	717	secondary	sensitivity	PASS	GCT/GCT	A/A	A	2	43	43	99.000	GCT/GCT	PASS	GCT/GCT	PASS
SRR23343462	HD2	Apis laboriosa	China: Yunnan, Baoshan	727	secondary	primary	PASS	GCT/GCT	A/A	A	2	34	34	99.000	GCT/GCT	PASS	GCT/GCT	PASS
SRR23343462	HD2	Apis laboriosa	China: Yunnan, Baoshan	727	secondary	sensitivity	PASS	GCT/GCT	A/A	A	2	36	36	99.000	GCT/GCT	PASS	GCT/GCT	PASS
SRR23343462	HD2	Apis laboriosa	China: Yunnan, Baoshan	766	secondary	primary	PASS	CTC/CTC	L/L	L	2	47	50	99.000	CTC/CTC	PASS	CTC/CTC	PASS
SRR23343462	HD2	Apis laboriosa	China: Yunnan, Baoshan	766	secondary	sensitivity	PASS	CTC/CTC	L/L	L	2	47	50	99.000	CTC/CTC	PASS	CTC/CTC	PASS
SRR23343462	HD2	Apis laboriosa	China: Yunnan, Baoshan	822	within_species_comparison	primary	PASS	ATA/ATA	I/I	I	2	52	52	99.000	ATA/ATA	PASS	ATA/ATA	PASS
SRR23343462	HD2	Apis laboriosa	China: Yunnan, Baoshan	822	within_species_comparison	sensitivity	PASS	ATA/ATA	I/I	I	2	57	57	99.000	ATA/ATA	PASS	ATA/ATA	PASS
SRR23343462	HD2	Apis laboriosa	China: Yunnan, Baoshan	1134	primary	primary	PASS	TTT/TTT	F/F	F	2	44	44	99.000	TTT/TTT	PASS	TTT/TTT	PASS
SRR23343462	HD2	Apis laboriosa	China: Yunnan, Baoshan	1134	primary	sensitivity	PASS	TTT/TTT	F/F	F	2	46	46	99.000	TTT/TTT	PASS	TTT/TTT	PASS
SRR23343463	HD1	Apis laboriosa	China: Yunnan, Baoshan	254	primary	primary	PASS	CTT/CTT	L/L	L	2	26	26	78.230	CTT/CTT	PASS	CTT/CTT	PASS
SRR23343463	HD1	Apis laboriosa	China: Yunnan, Baoshan	254	primary	sensitivity	PASS	CTT/CTT	L/L	L	2	29	29	87.250	CTT/CTT	PASS	CTT/CTT	PASS
SRR23343463	HD1	Apis laboriosa	China: Yunnan, Baoshan	452	within_species_comparison	primary	PASS	ACA/ACA	T/T	T	2	40	42	99.000	ACA/ACA	PASS	ACA/ACA	PASS
SRR23343463	HD1	Apis laboriosa	China: Yunnan, Baoshan	452	within_species_comparison	sensitivity	PASS	ACA/ACA	T/T	T	2	42	44	99.000	ACA/ACA	PASS	ACA/ACA	PASS
SRR23343463	HD1	Apis laboriosa	China: Yunnan, Baoshan	474	secondary	primary	PASS	CAA/CAA	Q/Q	Q	2	36	36	99.000	CAA/CAA	PASS	CAA/CAA	PASS
SRR23343463	HD1	Apis laboriosa	China: Yunnan, Baoshan	474	secondary	sensitivity	PASS	CAA/CAA	Q/Q	Q	2	40	40	99.000	CAA/CAA	PASS	CAA/CAA	PASS
SRR23343463	HD1	Apis laboriosa	China: Yunnan, Baoshan	549	primary	primary	PASS	TTG/TTG	L/L	L	2	25	25	75.221	TTG/TTG	PASS	TTG/TTG	PASS
SRR23343463	HD1	Apis laboriosa	China: Yunnan, Baoshan	549	primary	sensitivity	PASS	TTG/TTG	L/L	L	2	31	31	93.265	TTG/TTG	PASS	TTG/TTG	PASS
SRR23343463	HD1	Apis laboriosa	China: Yunnan, Baoshan	717	secondary	primary	PASS	GCT/GCT	A/A	A	2	11	12	33.097	GCT/GCT	PASS	GCT/GCT	PASS
SRR23343463	HD1	Apis laboriosa	China: Yunnan, Baoshan	717	secondary	sensitivity	PASS	GCT/GCT	A/A	A	2	15	16	45.123	GCT/GCT	PASS	GCT/GCT	PASS
SRR23343463	HD1	Apis laboriosa	China: Yunnan, Baoshan	727	secondary	primary	PASS	GCT/GCT	A/A	A	2	24	26	37.446	GCT/GCT	PASS	GCT/GCT	PASS
SRR23343463	HD1	Apis laboriosa	China: Yunnan, Baoshan	727	secondary	sensitivity	PASS	GCT/GCT	A/A	A	2	26	28	43.460	GCT/GCT	PASS	GCT/GCT	PASS
SRR23343463	HD1	Apis laboriosa	China: Yunnan, Baoshan	766	secondary	primary	PASS	CTC/CTC	L/L	L	2	37	38	99.000	CTC/CTC	PASS	CTC/CTC	PASS
SRR23343463	HD1	Apis laboriosa	China: Yunnan, Baoshan	766	secondary	sensitivity	PASS	CTC/CTC	L/L	L	2	39	40	99.000	CTC/CTC	PASS	CTC/CTC	PASS
SRR23343463	HD1	Apis laboriosa	China: Yunnan, Baoshan	822	within_species_comparison	primary	PASS	ATA/ATA	I/I	I	2	36	36	99.000	ATA/ATA	PASS	ATA/ATA	PASS
SRR23343463	HD1	Apis laboriosa	China: Yunnan, Baoshan	822	within_species_comparison	sensitivity	PASS	ATA/ATA	I/I	I	2	42	42	99.000	ATA/ATA	PASS	ATA/ATA	PASS
SRR23343463	HD1	Apis laboriosa	China: Yunnan, Baoshan	1134	primary	primary	PASS	TTT/TTT	F/F	F	2	29	29	87.257	TTT/TTT	PASS	TTT/TTT	PASS
SRR23343463	HD1	Apis laboriosa	China: Yunnan, Baoshan	1134	primary	sensitivity	PASS	TTT/TTT	F/F	F	2	36	36	99.000	TTT/TTT	PASS	TTT/TTT	PASS
SRR23343464	HD20	Apis laboriosa	China: Yunnan, Honghe	254	primary	primary	PASS	CTT/CTT	L/L	L	2	23	23	69.204	CTT/CTT	PASS	CTT/CTT	PASS
SRR23343464	HD20	Apis laboriosa	China: Yunnan, Honghe	254	primary	sensitivity	PASS	CTT/CTT	L/L	L	2	28	28	84.238	CTT/CTT	PASS	CTT/CTT	PASS
SRR23343464	HD20	Apis laboriosa	China: Yunnan, Honghe	452	within_species_comparison	primary	PASS	ACA/ACA	T/T	T	2	29	30	87.257	ACA/ACA	PASS	ACA/ACA	PASS
SRR23343464	HD20	Apis laboriosa	China: Yunnan, Honghe	452	within_species_comparison	sensitivity	PASS	ACA/ACA	T/T	T	2	31	32	93.268	ACA/ACA	PASS	ACA/ACA	PASS
SRR23343464	HD20	Apis laboriosa	China: Yunnan, Honghe	474	secondary	primary	PASS	CAA/CAA	Q/Q	Q	2	25	25	75.221	CAA/CAA	PASS	CAA/CAA	PASS
SRR23343464	HD20	Apis laboriosa	China: Yunnan, Honghe	474	secondary	sensitivity	PASS	CAA/CAA	Q/Q	Q	2	28	28	84.242	CAA/CAA	PASS	CAA/CAA	PASS
SRR23343464	HD20	Apis laboriosa	China: Yunnan, Honghe	549	primary	primary	PASS	TTG/TTG	L/L	L	2	28	28	84.248	TTG/TTG	PASS	TTG/TTG	PASS
SRR23343464	HD20	Apis laboriosa	China: Yunnan, Honghe	549	primary	sensitivity	PASS	TTG/TTG	L/L	L	2	29	29	87.254	TTG/TTG	PASS	TTG/TTG	PASS
SRR23343464	HD20	Apis laboriosa	China: Yunnan, Honghe	717	secondary	primary	PASS	GCT/GCT	A/A	A	2	17	17	51.150	GCT/GCT	PASS	GCT/GCT	PASS
SRR23343464	HD20	Apis laboriosa	China: Yunnan, Honghe	717	secondary	sensitivity	PASS	GCT/GCT	A/A	A	2	19	19	57.165	GCT/GCT	PASS	GCT/GCT	PASS
SRR23343464	HD20	Apis laboriosa	China: Yunnan, Honghe	727	secondary	primary	PASS	GCT/GCT	A/A	A	2	27	29	81.239	GCT/GCT	PASS	GCT/GCT	PASS
SRR23343464	HD20	Apis laboriosa	China: Yunnan, Honghe	727	secondary	sensitivity	PASS	GCT/GCT	A/A	A	2	29	31	87.254	GCT/GCT	PASS	GCT/GCT	PASS
SRR23343464	HD20	Apis laboriosa	China: Yunnan, Honghe	766	secondary	primary	PASS	CTC/CTC	L/L	L	2	29	33	87.257	CTC/CTC	PASS	CTC/CTC	PASS
SRR23343464	HD20	Apis laboriosa	China: Yunnan, Honghe	766	secondary	sensitivity	PASS	CTC/CTC	L/L	L	2	32	36	96.277	CTC/CTC	PASS	CTC/CTC	PASS
SRR23343464	HD20	Apis laboriosa	China: Yunnan, Honghe	822	within_species_comparison	primary	PASS	ATA/ATA	I/I	I	2	42	42	99.000	ATA/ATA	PASS	ATA/ATA	PASS
SRR23343464	HD20	Apis laboriosa	China: Yunnan, Honghe	822	within_species_comparison	sensitivity	PASS	ATA/ATA	I/I	I	2	43	43	99.000	ATA/ATA	PASS	ATA/ATA	PASS
SRR23343464	HD20	Apis laboriosa	China: Yunnan, Honghe	1134	primary	primary	PASS	TTT/TTT	F/F	F	2	27	27	81.239	TTT/TTT	PASS	TTT/TTT	PASS
SRR23343464	HD20	Apis laboriosa	China: Yunnan, Honghe	1134	primary	sensitivity	PASS	TTT/TTT	F/F	F	2	35	35	99.000	TTT/TTT	PASS	TTT/TTT	PASS
SRR23343465	HD12	Apis laboriosa	China: Yunnan, Honghe	254	primary	primary	PASS	CTT/CTT	L/L	L	2	12	12	36.106	CTT/CTT	PASS	CTT/CTT	PASS
SRR23343465	HD12	Apis laboriosa	China: Yunnan, Honghe	254	primary	sensitivity	PASS	CTT/CTT	L/L	L	2	15	15	45.123	CTT/CTT	PASS	CTT/CTT	PASS
SRR23343465	HD12	Apis laboriosa	China: Yunnan, Honghe	452	within_species_comparison	primary	reference_quality_failure			T		9	9	27.080	ACA/ACA	low_depth;low_genotype_quality	ACA/ACA	low_depth;low_genotype_quality
SRR23343465	HD12	Apis laboriosa	China: Yunnan, Honghe	452	within_species_comparison	sensitivity	PASS	ACA/ACA	T/T	T	2	12	12	36.100	ACA/ACA	PASS	ACA/ACA	PASS
SRR23343465	HD12	Apis laboriosa	China: Yunnan, Honghe	474	secondary	primary	PASS	CAA/CAA	Q/Q	Q	2	22	23	66.195	CAA/CAA	PASS	CAA/CAA	PASS
SRR23343465	HD12	Apis laboriosa	China: Yunnan, Honghe	474	secondary	sensitivity	PASS	CAA/CAA	Q/Q	Q	2	25	25	75.218	CAA/CAA	PASS	CAA/CAA	PASS
SRR23343465	HD12	Apis laboriosa	China: Yunnan, Honghe	549	primary	primary	PASS	TTG/TTG	L/L	L	2	24	24	72.212	TTG/TTG	PASS	TTG/TTG	PASS
SRR23343465	HD12	Apis laboriosa	China: Yunnan, Honghe	549	primary	sensitivity	PASS	TTG/TTG	L/L	L	2	26	26	78.227	TTG/TTG	PASS	TTG/TTG	PASS
SRR23343465	HD12	Apis laboriosa	China: Yunnan, Honghe	717	secondary	primary	PASS	GCT/GCT	A/A	A	2	17	17	51.150	GCT/GCT	PASS	GCT/GCT	PASS
SRR23343465	HD12	Apis laboriosa	China: Yunnan, Honghe	717	secondary	sensitivity	PASS	GCT/GCT	A/A	A	2	20	21	60.168	GCT/GCT	PASS	GCT/GCT	PASS
SRR23343465	HD12	Apis laboriosa	China: Yunnan, Honghe	727	secondary	primary	PASS	GCT/GCT	A/A	A	2	18	19	54.159	GCT/GCT	PASS	GCT/GCT	PASS
SRR23343465	HD12	Apis laboriosa	China: Yunnan, Honghe	727	secondary	sensitivity	PASS	GCT/GCT	A/A	A	2	23	24	69.191	GCT/GCT	PASS	GCT/GCT	PASS
SRR23343465	HD12	Apis laboriosa	China: Yunnan, Honghe	766	secondary	primary	PASS	CTC/CTC	L/L	L	2	14	15	42.124	CTC/CTC	PASS	CTC/CTC	PASS
SRR23343465	HD12	Apis laboriosa	China: Yunnan, Honghe	766	secondary	sensitivity	PASS	CTC/CTC	L/L	L	2	16	17	48.135	CTC/CTC	PASS	CTC/CTC	PASS
SRR23343465	HD12	Apis laboriosa	China: Yunnan, Honghe	822	within_species_comparison	primary	PASS	ATA/ATA	I/I	I	2	26	26	78.230	ATA/ATA	PASS	ATA/ATA	PASS
SRR23343465	HD12	Apis laboriosa	China: Yunnan, Honghe	822	within_species_comparison	sensitivity	PASS	ATA/ATA	I/I	I	2	28	28	84.245	ATA/ATA	PASS	ATA/ATA	PASS
SRR23343465	HD12	Apis laboriosa	China: Yunnan, Honghe	1134	primary	primary	PASS	TTT/TTT	F/F	F	2	16	16	48.142	TTT/TTT	PASS	TTT/TTT	PASS
SRR23343465	HD12	Apis laboriosa	China: Yunnan, Honghe	1134	primary	sensitivity	PASS	TTT/TTT	F/F	F	2	19	19	57.159	TTT/TTT	PASS	TTT/TTT	PASS
SRR23343466	HD11	Apis laboriosa	China: Yunnan, Honghe	254	primary	primary	PASS	CTT/CTT	L/L	L	2	28	28	84.248	CTT/CTT	PASS	CTT/CTT	PASS
SRR23343466	HD11	Apis laboriosa	China: Yunnan, Honghe	254	primary	sensitivity	PASS	CTT/CTT	L/L	L	2	33	33	99.000	CTT/CTT	PASS	CTT/CTT	PASS
SRR23343466	HD11	Apis laboriosa	China: Yunnan, Honghe	452	within_species_comparison	primary	PASS	ACA/ACA	T/T	T	2	23	23	69.204	ACA/ACA	PASS	ACA/ACA	PASS
SRR23343466	HD11	Apis laboriosa	China: Yunnan, Honghe	452	within_species_comparison	sensitivity	PASS	ACA/ACA	T/T	T	2	27	27	81.230	ACA/ACA	PASS	ACA/ACA	PASS
SRR23343466	HD11	Apis laboriosa	China: Yunnan, Honghe	474	secondary	primary	PASS	CAA/CAA	Q/Q	Q	2	26	26	78.230	CAA/CAA	PASS	CAA/CAA	PASS
SRR23343466	HD11	Apis laboriosa	China: Yunnan, Honghe	474	secondary	sensitivity	PASS	CAA/CAA	Q/Q	Q	2	32	32	66.523	CAA/CAA	PASS	CAA/CAA	PASS
SRR23343466	HD11	Apis laboriosa	China: Yunnan, Honghe	549	primary	primary	PASS	TTG/TTG	L/L	L	2	24	24	72.212	TTG/TTG	PASS	TTG/TTG	PASS
SRR23343466	HD11	Apis laboriosa	China: Yunnan, Honghe	549	primary	sensitivity	PASS	TTG/TTG	L/L	L	2	25	25	75.218	TTG/TTG	PASS	TTG/TTG	PASS
SRR23343466	HD11	Apis laboriosa	China: Yunnan, Honghe	717	secondary	primary	PASS	GCT/GCT	A/A	A	2	17	18	51.150	GCT/GCT	PASS	GCT/GCT	PASS
SRR23343466	HD11	Apis laboriosa	China: Yunnan, Honghe	717	secondary	sensitivity	PASS	GCT/GCT	A/A	A	2	23	25	69.197	GCT/GCT	PASS	GCT/GCT	PASS
SRR23343466	HD11	Apis laboriosa	China: Yunnan, Honghe	727	secondary	primary	PASS	GCT/GCT	A/A	A	2	17	17	51.150	GCT/GCT	PASS	GCT/GCT	PASS
SRR23343466	HD11	Apis laboriosa	China: Yunnan, Honghe	727	secondary	sensitivity	PASS	GCT/GCT	A/A	A	2	19	19	57.165	GCT/GCT	PASS	GCT/GCT	PASS
SRR23343466	HD11	Apis laboriosa	China: Yunnan, Honghe	766	secondary	primary	PASS	CTC/CTC	L/L	L	2	19	20	57.168	CTC/CTC	PASS	CTC/CTC	PASS
SRR23343466	HD11	Apis laboriosa	China: Yunnan, Honghe	766	secondary	sensitivity	PASS	CTC/CTC	L/L	L	2	19	20	57.168	CTC/CTC	PASS	CTC/CTC	PASS
SRR23343466	HD11	Apis laboriosa	China: Yunnan, Honghe	822	within_species_comparison	primary	PASS	ATA/ATA	I/I	I	2	17	17	51.150	ATA/ATA	PASS	ATA/ATA	PASS
SRR23343466	HD11	Apis laboriosa	China: Yunnan, Honghe	822	within_species_comparison	sensitivity	PASS	ATA/ATA	I/I	I	2	21	21	63.180	ATA/ATA	PASS	ATA/ATA	PASS
SRR23343466	HD11	Apis laboriosa	China: Yunnan, Honghe	1134	primary	primary	PASS	TTT/TTT	F/F	F	2	31	31	93.274	TTT/TTT	PASS	TTT/TTT	PASS
SRR23343466	HD11	Apis laboriosa	China: Yunnan, Honghe	1134	primary	sensitivity	PASS	TTT/TTT	F/F	F	2	35	35	99.000	TTT/TTT	PASS	TTT/TTT	PASS
SRR23343467	HD9	Apis laboriosa	China: Yunnan, Honghe	254	primary	primary	PASS	CTT/CTT	L/L	L	2	26	26	78.230	CTT/CTT	PASS	CTT/CTT	PASS
SRR23343467	HD9	Apis laboriosa	China: Yunnan, Honghe	254	primary	sensitivity	PASS	CTT/CTT	L/L	L	2	35	35	99.000	CTT/CTT	PASS	CTT/CTT	PASS
SRR23343467	HD9	Apis laboriosa	China: Yunnan, Honghe	452	within_species_comparison	primary	PASS	ACA/ACA	T/T	T	2	40	40	99.000	ACA/ACA	PASS	ACA/ACA	PASS
SRR23343467	HD9	Apis laboriosa	China: Yunnan, Honghe	452	within_species_comparison	sensitivity	PASS	ACA/ACA	T/T	T	2	44	44	99.000	ACA/ACA	PASS	ACA/ACA	PASS
SRR23343467	HD9	Apis laboriosa	China: Yunnan, Honghe	474	secondary	primary	PASS	CAA/CAA	Q/Q	Q	2	31	31	93.274	CAA/CAA	PASS	CAA/CAA	PASS
SRR23343467	HD9	Apis laboriosa	China: Yunnan, Honghe	474	secondary	sensitivity	PASS	CAA/CAA	Q/Q	Q	2	37	37	99.000	CAA/CAA	PASS	CAA/CAA	PASS
SRR23343467	HD9	Apis laboriosa	China: Yunnan, Honghe	549	primary	primary	PASS	TTG/TTG	L/L	L	2	25	25	75.221	TTG/TTG	PASS	TTG/TTG	PASS
SRR23343467	HD9	Apis laboriosa	China: Yunnan, Honghe	549	primary	sensitivity	PASS	TTG/TTG	L/L	L	2	32	32	96.271	TTG/TTG	PASS	TTG/TTG	PASS
SRR23343467	HD9	Apis laboriosa	China: Yunnan, Honghe	717	secondary	primary	PASS	GCT/GCT	A/A	A	2	18	18	54.159	GCT/GCT	PASS	GCT/GCT	PASS
SRR23343467	HD9	Apis laboriosa	China: Yunnan, Honghe	717	secondary	sensitivity	PASS	GCT/GCT	A/A	A	2	20	20	60.174	GCT/GCT	PASS	GCT/GCT	PASS
SRR23343467	HD9	Apis laboriosa	China: Yunnan, Honghe	727	secondary	primary	PASS	GCT/GCT	A/A	A	2	17	17	51.150	GCT/GCT	PASS	GCT/GCT	PASS
SRR23343467	HD9	Apis laboriosa	China: Yunnan, Honghe	727	secondary	sensitivity	PASS	GCT/GCT	A/A	A	2	20	20	60.171	GCT/GCT	PASS	GCT/GCT	PASS
SRR23343467	HD9	Apis laboriosa	China: Yunnan, Honghe	766	secondary	primary	PASS	CTC/CTC	L/L	L	2	20	22	60.177	CTC/CTC	PASS	CTC/CTC	PASS
SRR23343467	HD9	Apis laboriosa	China: Yunnan, Honghe	766	secondary	sensitivity	PASS	CTC/CTC	L/L	L	2	23	25	69.197	CTC/CTC	PASS	CTC/CTC	PASS
SRR23343467	HD9	Apis laboriosa	China: Yunnan, Honghe	822	within_species_comparison	primary	PASS	ATA/ATA	I/I	I	2	24	24	72.212	ATA/ATA	PASS	ATA/ATA	PASS
SRR23343467	HD9	Apis laboriosa	China: Yunnan, Honghe	822	within_species_comparison	sensitivity	PASS	ATA/ATA	I/I	I	2	26	26	78.227	ATA/ATA	PASS	ATA/ATA	PASS
SRR23343467	HD9	Apis laboriosa	China: Yunnan, Honghe	1134	primary	primary	PASS	TTT/TTT	F/F	F	2	36	36	99.000	TTT/TTT	PASS	TTT/TTT	PASS
SRR23343467	HD9	Apis laboriosa	China: Yunnan, Honghe	1134	primary	sensitivity	PASS	TTT/TTT	F/F	F	2	45	45	99.000	TTT/TTT	PASS	TTT/TTT	PASS
SRR23343468	HD8	Apis laboriosa	China: Yunnan, Honghe	254	primary	primary	PASS	CTT/CTT	L/L	L	2	21	21	63.186	CTT/CTT	PASS	CTT/CTT	PASS
SRR23343468	HD8	Apis laboriosa	China: Yunnan, Honghe	254	primary	sensitivity	PASS	CTT/CTT	L/L	L	2	29	29	87.247	CTT/CTT	PASS	CTT/CTT	PASS
SRR23343468	HD8	Apis laboriosa	China: Yunnan, Honghe	452	within_species_comparison	primary	PASS	ACA/ACA	T/T	T	2	35	36	99.000	ACA/ACA	PASS	ACA/ACA	PASS
SRR23343468	HD8	Apis laboriosa	China: Yunnan, Honghe	452	within_species_comparison	sensitivity	PASS	ACA/ACA	T/T	T	2	37	38	99.000	ACA/ACA	PASS	ACA/ACA	PASS
SRR23343468	HD8	Apis laboriosa	China: Yunnan, Honghe	474	secondary	primary	PASS	CAA/CAA	Q/Q	Q	2	36	36	99.000	CAA/CAA	PASS	CAA/CAA	PASS
SRR23343468	HD8	Apis laboriosa	China: Yunnan, Honghe	474	secondary	sensitivity	PASS	CAA/CAA	Q/Q	Q	2	40	40	99.000	CAA/CAA	PASS	CAA/CAA	PASS
SRR23343468	HD8	Apis laboriosa	China: Yunnan, Honghe	549	primary	primary	PASS	TTG/TTG	L/L	L	2	18	18	54.159	TTG/TTG	PASS	TTG/TTG	PASS
SRR23343468	HD8	Apis laboriosa	China: Yunnan, Honghe	549	primary	sensitivity	PASS	TTG/TTG	L/L	L	2	19	19	57.165	TTG/TTG	PASS	TTG/TTG	PASS
SRR23343468	HD8	Apis laboriosa	China: Yunnan, Honghe	717	secondary	primary	PASS	GCT/GCT	A/A	A	2	19	19	57.168	GCT/GCT	PASS	GCT/GCT	PASS
SRR23343468	HD8	Apis laboriosa	China: Yunnan, Honghe	717	secondary	sensitivity	PASS	GCT/GCT	A/A	A	2	25	25	75.209	GCT/GCT	PASS	GCT/GCT	PASS
SRR23343468	HD8	Apis laboriosa	China: Yunnan, Honghe	727	secondary	primary	PASS	GCT/GCT	A/A	A	2	22	22	66.195	GCT/GCT	PASS	GCT/GCT	PASS
SRR23343468	HD8	Apis laboriosa	China: Yunnan, Honghe	727	secondary	sensitivity	PASS	GCT/GCT	A/A	A	2	29	29	87.247	GCT/GCT	PASS	GCT/GCT	PASS
SRR23343468	HD8	Apis laboriosa	China: Yunnan, Honghe	766	secondary	primary	PASS	CTC/CTC	L/L	L	2	31	31	93.274	CTC/CTC	PASS	CTC/CTC	PASS
SRR23343468	HD8	Apis laboriosa	China: Yunnan, Honghe	766	secondary	sensitivity	PASS	CTC/CTC	L/L	L	2	33	33	99.000	CTC/CTC	PASS	CTC/CTC	PASS
SRR23343468	HD8	Apis laboriosa	China: Yunnan, Honghe	822	within_species_comparison	primary	PASS	ATA/ATA	I/I	I	2	29	29	87.257	ATA/ATA	PASS	ATA/ATA	PASS
SRR23343468	HD8	Apis laboriosa	China: Yunnan, Honghe	822	within_species_comparison	sensitivity	PASS	ATA/ATA	I/I	I	2	32	32	96.277	ATA/ATA	PASS	ATA/ATA	PASS
SRR23343468	HD8	Apis laboriosa	China: Yunnan, Honghe	1134	primary	primary	PASS	TTT/TTT	F/F	F	2	40	40	99.000	TTT/TTT	PASS	TTT/TTT	PASS
SRR23343468	HD8	Apis laboriosa	China: Yunnan, Honghe	1134	primary	sensitivity	PASS	TTT/TTT	F/F	F	2	49	49	99.000	TTT/TTT	PASS	TTT/TTT	PASS
SRR23343469	HD7	Apis laboriosa	China: Yunnan, Honghe	254	primary	primary	PASS	CTT/CTT	L/L	L	2	19	19	57.168	CTT/CTT	PASS	CTT/CTT	PASS
SRR23343469	HD7	Apis laboriosa	China: Yunnan, Honghe	254	primary	sensitivity	PASS	CTT/CTT	L/L	L	2	22	22	66.185	CTT/CTT	PASS	CTT/CTT	PASS
SRR23343469	HD7	Apis laboriosa	China: Yunnan, Honghe	452	within_species_comparison	primary	PASS	ACA/ACA	T/T	T	2	33	33	99.000	ACA/ACA	PASS	ACA/ACA	PASS
SRR23343469	HD7	Apis laboriosa	China: Yunnan, Honghe	452	within_species_comparison	sensitivity	PASS	ACA/ACA	T/T	T	2	37	37	99.000	ACA/ACA	PASS	ACA/ACA	PASS
SRR23343469	HD7	Apis laboriosa	China: Yunnan, Honghe	474	secondary	primary	PASS	CAA/CAA	Q/Q	Q	2	32	32	96.283	CAA/CAA	PASS	CAA/CAA	PASS
SRR23343469	HD7	Apis laboriosa	China: Yunnan, Honghe	474	secondary	sensitivity	PASS	CAA/CAA	Q/Q	Q	2	36	36	99.000	CAA/CAA	PASS	CAA/CAA	PASS
SRR23343469	HD7	Apis laboriosa	China: Yunnan, Honghe	549	primary	primary	PASS	TTG/TTG	L/L	L	2	24	24	72.212	TTG/TTG	PASS	TTG/TTG	PASS
SRR23343469	HD7	Apis laboriosa	China: Yunnan, Honghe	549	primary	sensitivity	PASS	TTG/TTG	L/L	L	2	26	26	78.224	TTG/TTG	PASS	TTG/TTG	PASS
SRR23343469	HD7	Apis laboriosa	China: Yunnan, Honghe	717	secondary	primary	PASS	GCT/GCT	A/A	A	2	17	19	51.150	GCT/GCT	PASS	GCT/GCT	PASS
SRR23343469	HD7	Apis laboriosa	China: Yunnan, Honghe	717	secondary	sensitivity	PASS	GCT/GCT	A/A	A	2	22	24	66.182	GCT/GCT	PASS	GCT/GCT	PASS
SRR23343469	HD7	Apis laboriosa	China: Yunnan, Honghe	727	secondary	primary	PASS	GCT/GCT	A/A	A	2	27	27	81.239	GCT/GCT	PASS	GCT/GCT	PASS
SRR23343469	HD7	Apis laboriosa	China: Yunnan, Honghe	727	secondary	sensitivity	PASS	GCT/GCT	A/A	A	2	30	30	90.259	GCT/GCT	PASS	GCT/GCT	PASS
SRR23343469	HD7	Apis laboriosa	China: Yunnan, Honghe	766	secondary	primary	PASS	CTC/CTC	L/L	L	2	25	26	75.221	CTC/CTC	PASS	CTC/CTC	PASS
SRR23343469	HD7	Apis laboriosa	China: Yunnan, Honghe	766	secondary	sensitivity	PASS	CTC/CTC	L/L	L	2	25	26	75.221	CTC/CTC	PASS	CTC/CTC	PASS
SRR23343469	HD7	Apis laboriosa	China: Yunnan, Honghe	822	within_species_comparison	primary	PASS	ATA/ATA	I/I	I	2	34	34	99.000	ATA/ATA	PASS	ATA/ATA	PASS
SRR23343469	HD7	Apis laboriosa	China: Yunnan, Honghe	822	within_species_comparison	sensitivity	PASS	ATA/ATA	I/I	I	2	35	35	99.000	ATA/ATA	PASS	ATA/ATA	PASS
SRR23343469	HD7	Apis laboriosa	China: Yunnan, Honghe	1134	primary	primary	PASS	TTT/TTT	F/F	F	2	28	28	84.248	TTT/TTT	PASS	TTT/TTT	PASS
SRR23343469	HD7	Apis laboriosa	China: Yunnan, Honghe	1134	primary	sensitivity	PASS	TTT/TTT	F/F	F	2	33	33	99.000	TTT/TTT	PASS	TTT/TTT	PASS
SRR23343470	HD6	Apis laboriosa	China: Yunnan, Honghe	254	primary	primary	PASS	CTT/CTT	L/L	L	2	20	20	60.177	CTT/CTT	PASS	CTT/CTT	PASS
SRR23343470	HD6	Apis laboriosa	China: Yunnan, Honghe	254	primary	sensitivity	PASS	CTT/CTT	L/L	L	2	22	22	66.192	CTT/CTT	PASS	CTT/CTT	PASS
SRR23343470	HD6	Apis laboriosa	China: Yunnan, Honghe	452	within_species_comparison	primary	PASS	ACA/ACA	T/T	T	2	20	20	60.177	ACA/ACA	PASS	ACA/ACA	PASS
SRR23343470	HD6	Apis laboriosa	China: Yunnan, Honghe	452	within_species_comparison	sensitivity	PASS	ACA/ACA	T/T	T	2	22	22	66.192	ACA/ACA	PASS	ACA/ACA	PASS
SRR23343470	HD6	Apis laboriosa	China: Yunnan, Honghe	474	secondary	primary	PASS	CAA/CAA	Q/Q	Q	2	21	21	63.186	CAA/CAA	PASS	CAA/CAA	PASS
SRR23343470	HD6	Apis laboriosa	China: Yunnan, Honghe	474	secondary	sensitivity	PASS	CAA/CAA	Q/Q	Q	2	23	23	69.197	CAA/CAA	PASS	CAA/CAA	PASS
SRR23343470	HD6	Apis laboriosa	China: Yunnan, Honghe	549	primary	primary	PASS	TTG/TTG	L/L	L	2	22	22	66.195	TTG/TTG	PASS	TTG/TTG	PASS
SRR23343470	HD6	Apis laboriosa	China: Yunnan, Honghe	549	primary	sensitivity	PASS	TTG/TTG	L/L	L	2	26	26	78.224	TTG/TTG	PASS	TTG/TTG	PASS
SRR23343470	HD6	Apis laboriosa	China: Yunnan, Honghe	717	secondary	primary	PASS	GCT/GCT	A/A	A	2	14	14	42.124	GCT/GCT	PASS	GCT/GCT	PASS
SRR23343470	HD6	Apis laboriosa	China: Yunnan, Honghe	717	secondary	sensitivity	PASS	GCT/GCT	A/A	A	2	14	14	42.124	GCT/GCT	PASS	GCT/GCT	PASS
SRR23343470	HD6	Apis laboriosa	China: Yunnan, Honghe	727	secondary	primary	PASS	GCT/GCT	A/A	A	2	17	19	51.150	GCT/GCT	PASS	GCT/GCT	PASS
SRR23343470	HD6	Apis laboriosa	China: Yunnan, Honghe	727	secondary	sensitivity	PASS	GCT/GCT	A/A	A	2	20	22	60.171	GCT/GCT	PASS	GCT/GCT	PASS
SRR23343470	HD6	Apis laboriosa	China: Yunnan, Honghe	766	secondary	primary	reference_quality_failure			L		19	20	9.328	CTC/TTT	low_genotype_quality;heterozygote_balance	CTC/TTT	low_genotype_quality;heterozygote_balance
SRR23343470	HD6	Apis laboriosa	China: Yunnan, Honghe	766	secondary	sensitivity	reference_quality_failure			L		21	23	0.297	CTC/TTT	low_genotype_quality;heterozygote_balance	CTC/TTT	low_genotype_quality;heterozygote_balance
SRR23343470	HD6	Apis laboriosa	China: Yunnan, Honghe	822	within_species_comparison	primary	PASS	ATA/ATA	I/I	I	2	25	25	75.221	ATA/ATA	PASS	ATA/ATA	PASS
SRR23343470	HD6	Apis laboriosa	China: Yunnan, Honghe	822	within_species_comparison	sensitivity	PASS	ATA/ATA	I/I	I	2	26	26	78.227	ATA/ATA	PASS	ATA/ATA	PASS
SRR23343470	HD6	Apis laboriosa	China: Yunnan, Honghe	1134	primary	primary	PASS	TTT/TTT	F/F	F	2	21	21	63.186	TTT/TTT	PASS	TTT/TTT	PASS
SRR23343470	HD6	Apis laboriosa	China: Yunnan, Honghe	1134	primary	sensitivity	PASS	TTT/TTT	F/F	F	2	26	26	78.221	TTT/TTT	PASS	TTT/TTT	PASS
SRR23343471	D11	Apis dorsata	China: Yunnan, Xishuangbanna	254	primary	primary	PASS	TTT/TTT	F/F	F	2	17	17	51.150	TTT/TTT	PASS	TTT/TTT	PASS
SRR23343471	D11	Apis dorsata	China: Yunnan, Xishuangbanna	254	primary	sensitivity	PASS	TTT/TTT	F/F	F	2	22	22	66.185	TTT/TTT	PASS	TTT/TTT	PASS
SRR23343471	D11	Apis dorsata	China: Yunnan, Xishuangbanna	452	within_species_comparison	primary	PASS	ACG/ACG	T/T	T	2	23	23	69.204	ACG/ACG	PASS	ACG/ACG	PASS
SRR23343471	D11	Apis dorsata	China: Yunnan, Xishuangbanna	452	within_species_comparison	sensitivity	PASS	ACG/ACG	T/T	T	2	27	27	81.233	ACG/ACG	PASS	ACG/ACG	PASS
SRR23343471	D11	Apis dorsata	China: Yunnan, Xishuangbanna	474	secondary	primary	PASS	AAA/AAA	K/K	K	2	18	19	54.159	AAA/AAA	PASS	AAA/AAA	PASS
SRR23343471	D11	Apis dorsata	China: Yunnan, Xishuangbanna	474	secondary	sensitivity	PASS	AAA/AAA	K/K	K	2	21	22	63.183	AAA/AAA	PASS	AAA/AAA	PASS
SRR23343471	D11	Apis dorsata	China: Yunnan, Xishuangbanna	549	primary	primary	PASS	TTT/TTT	F/F	F	2	13	13	39.115	TTT/TTT	PASS	TTT/TTT	PASS
SRR23343471	D11	Apis dorsata	China: Yunnan, Xishuangbanna	549	primary	sensitivity	PASS	TTT/TTT	F/F	F	2	16	16	48.132	TTT/TTT	PASS	TTT/TTT	PASS
SRR23343471	D11	Apis dorsata	China: Yunnan, Xishuangbanna	717	secondary	primary	PASS	ACT/ACT	T/T	T	2	16	16	48.142	ACT/ACT	PASS	ACT/ACT	PASS
SRR23343471	D11	Apis dorsata	China: Yunnan, Xishuangbanna	717	secondary	sensitivity	PASS	ACT/ACT	T/T	T	2	22	23	66.185	ACT/ACT	PASS	ACT/ACT	PASS
SRR23343471	D11	Apis dorsata	China: Yunnan, Xishuangbanna	727	secondary	primary	PASS	GTT/GTT	V/V	V	2	29	30	87.257	GTT/GTT	PASS	GTT/GTT	PASS
SRR23343471	D11	Apis dorsata	China: Yunnan, Xishuangbanna	727	secondary	sensitivity	PASS	GTT/GTT	V/V	V	2	31	32	93.271	GTT/GTT	PASS	GTT/GTT	PASS
SRR23343471	D11	Apis dorsata	China: Yunnan, Xishuangbanna	766	secondary	primary	PASS	TTT/TTT	F/F	F	2	18	19	54.159	TTT/TTT	PASS	TTT/TTT	PASS
SRR23343471	D11	Apis dorsata	China: Yunnan, Xishuangbanna	766	secondary	sensitivity	PASS	TTT/TTT	F/F	F	2	26	27	78.218	TTT/TTT	PASS	TTT/TTT	PASS
SRR23343471	D11	Apis dorsata	China: Yunnan, Xishuangbanna	822	within_species_comparison	primary	PASS	ATA/ATA	I/I	V	0	26	26	78.230	ATA/ATA	PASS	ATA/ATA	PASS
SRR23343471	D11	Apis dorsata	China: Yunnan, Xishuangbanna	822	within_species_comparison	sensitivity	PASS	ATA/ATA	I/I	V	0	28	28	84.245	ATA/ATA	PASS	ATA/ATA	PASS
SRR23343471	D11	Apis dorsata	China: Yunnan, Xishuangbanna	1134	primary	primary	PASS	CTT/CTT	L/L	L	2	31	31	93.274	CTT/CTT	PASS	CTT/CTT	PASS
SRR23343471	D11	Apis dorsata	China: Yunnan, Xishuangbanna	1134	primary	sensitivity	PASS	CTT/CTT	L/L	L	2	40	40	99.000	CTT/CTT	PASS	CTT/CTT	PASS
SRR23343472	HD5	Apis laboriosa	China: Yunnan, Honghe	254	primary	primary	PASS	CTT/CTT	L/L	L	2	22	22	66.195	CTT/CTT	PASS	CTT/CTT	PASS
SRR23343472	HD5	Apis laboriosa	China: Yunnan, Honghe	254	primary	sensitivity	PASS	CTT/CTT	L/L	L	2	25	25	75.215	CTT/CTT	PASS	CTT/CTT	PASS
SRR23343472	HD5	Apis laboriosa	China: Yunnan, Honghe	452	within_species_comparison	primary	PASS	ACA/ACA	T/T	T	2	30	31	90.266	ACA/ACA	PASS	ACA/ACA	PASS
SRR23343472	HD5	Apis laboriosa	China: Yunnan, Honghe	452	within_species_comparison	sensitivity	PASS	ACA/ACA	T/T	T	2	30	31	90.266	ACA/ACA	PASS	ACA/ACA	PASS
SRR23343472	HD5	Apis laboriosa	China: Yunnan, Honghe	474	secondary	primary	PASS	CAA/CAA	Q/Q	Q	2	18	18	54.159	CAA/CAA	PASS	CAA/CAA	PASS
SRR23343472	HD5	Apis laboriosa	China: Yunnan, Honghe	474	secondary	sensitivity	PASS	CAA/CAA	Q/Q	Q	2	21	21	63.176	CAA/CAA	PASS	CAA/CAA	PASS
SRR23343472	HD5	Apis laboriosa	China: Yunnan, Honghe	549	primary	primary	PASS	TTG/TTG	L/L	L	2	17	17	51.150	TTG/TTG	PASS	TTG/TTG	PASS
SRR23343472	HD5	Apis laboriosa	China: Yunnan, Honghe	549	primary	sensitivity	PASS	TTG/TTG	L/L	L	2	20	20	60.171	TTG/TTG	PASS	TTG/TTG	PASS
SRR23343472	HD5	Apis laboriosa	China: Yunnan, Honghe	717	secondary	primary	PASS	GCT/GCT	A/A	A	2	26	26	78.230	GCT/GCT	PASS	GCT/GCT	PASS
SRR23343472	HD5	Apis laboriosa	China: Yunnan, Honghe	717	secondary	sensitivity	PASS	GCT/GCT	A/A	A	2	29	29	87.247	GCT/GCT	PASS	GCT/GCT	PASS
SRR23343472	HD5	Apis laboriosa	China: Yunnan, Honghe	727	secondary	primary	PASS	GCT/GCT	A/A	A	2	31	31	93.274	GCT/GCT	PASS	GCT/GCT	PASS
SRR23343472	HD5	Apis laboriosa	China: Yunnan, Honghe	727	secondary	sensitivity	PASS	GCT/GCT	A/A	A	2	34	34	99.000	GCT/GCT	PASS	GCT/GCT	PASS
SRR23343472	HD5	Apis laboriosa	China: Yunnan, Honghe	766	secondary	primary	PASS	CTC/CTC	L/L	L	2	29	31	87.257	CTC/CTC	PASS	CTC/CTC	PASS
SRR23343472	HD5	Apis laboriosa	China: Yunnan, Honghe	766	secondary	sensitivity	PASS	CTC/CTC	L/L	L	2	32	34	96.277	CTC/CTC	PASS	CTC/CTC	PASS
SRR23343472	HD5	Apis laboriosa	China: Yunnan, Honghe	822	within_species_comparison	primary	PASS	ATA/ATA	I/I	I	2	23	23	69.204	ATA/ATA	PASS	ATA/ATA	PASS
SRR23343472	HD5	Apis laboriosa	China: Yunnan, Honghe	822	within_species_comparison	sensitivity	PASS	ATA/ATA	I/I	I	2	25	25	75.218	ATA/ATA	PASS	ATA/ATA	PASS
SRR23343472	HD5	Apis laboriosa	China: Yunnan, Honghe	1134	primary	primary	PASS	TTT/TTT	F/F	F	2	32	32	96.283	TTT/TTT	PASS	TTT/TTT	PASS
SRR23343472	HD5	Apis laboriosa	China: Yunnan, Honghe	1134	primary	sensitivity	PASS	TTT/TTT	F/F	F	2	36	36	99.000	TTT/TTT	PASS	TTT/TTT	PASS
SRR23343473	HD4	Apis laboriosa	China: Yunnan, Honghe	254	primary	primary	PASS	CTT/CTT	L/L	L	2	48	48	99.000	CTT/CTT	PASS	CTT/CTT	PASS
SRR23343473	HD4	Apis laboriosa	China: Yunnan, Honghe	254	primary	sensitivity	PASS	CTT/CTT	L/L	L	2	51	51	99.000	CTT/CTT	PASS	CTT/CTT	PASS
SRR23343473	HD4	Apis laboriosa	China: Yunnan, Honghe	452	within_species_comparison	primary	PASS	ACA/ACA	T/T	T	2	62	62	99.000	ACA/ACA	PASS	ACA/ACA	PASS
SRR23343473	HD4	Apis laboriosa	China: Yunnan, Honghe	452	within_species_comparison	sensitivity	PASS	ACA/ACA	T/T	T	2	64	64	99.000	ACA/ACA	PASS	ACA/ACA	PASS
SRR23343473	HD4	Apis laboriosa	China: Yunnan, Honghe	474	secondary	primary	PASS	CAA/CAA	Q/Q	Q	2	67	67	99.000	CAA/CAA	PASS	CAA/CAA	PASS
SRR23343473	HD4	Apis laboriosa	China: Yunnan, Honghe	474	secondary	sensitivity	PASS	CAA/CAA	Q/Q	Q	2	71	71	99.000	CAA/CAA	PASS	CAA/CAA	PASS
SRR23343473	HD4	Apis laboriosa	China: Yunnan, Honghe	549	primary	primary	PASS	TTG/TTG	L/L	L	2	55	55	99.000	TTG/TTG	PASS	TTG/TTG	PASS
SRR23343473	HD4	Apis laboriosa	China: Yunnan, Honghe	549	primary	sensitivity	PASS	TTG/TTG	L/L	L	2	64	64	99.000	TTG/TTG	PASS	TTG/TTG	PASS
SRR23343473	HD4	Apis laboriosa	China: Yunnan, Honghe	717	secondary	primary	PASS	GCT/GCT	A/A	A	2	42	42	99.000	GCT/GCT	PASS	GCT/GCT	PASS
SRR23343473	HD4	Apis laboriosa	China: Yunnan, Honghe	717	secondary	sensitivity	PASS	GCT/GCT	A/A	A	2	48	48	99.000	GCT/GCT	PASS	GCT/GCT	PASS
SRR23343473	HD4	Apis laboriosa	China: Yunnan, Honghe	727	secondary	primary	PASS	GCT/GCT	A/A	A	2	45	45	99.000	GCT/GCT	PASS	GCT/GCT	PASS
SRR23343473	HD4	Apis laboriosa	China: Yunnan, Honghe	727	secondary	sensitivity	PASS	GCT/GCT	A/A	A	2	52	52	99.000	GCT/GCT	PASS	GCT/GCT	PASS
SRR23343473	HD4	Apis laboriosa	China: Yunnan, Honghe	766	secondary	primary	PASS	CTC/CTC	L/L	L	2	52	56	99.000	CTC/CTC	PASS	CTC/CTC	PASS
SRR23343473	HD4	Apis laboriosa	China: Yunnan, Honghe	766	secondary	sensitivity	PASS	CTC/CTC	L/L	L	2	61	65	99.000	CTC/CTC	PASS	CTC/CTC	PASS
SRR23343473	HD4	Apis laboriosa	China: Yunnan, Honghe	822	within_species_comparison	primary	PASS	ATA/ATA	I/I	I	2	64	64	99.000	ATA/ATA	PASS	ATA/ATA	PASS
SRR23343473	HD4	Apis laboriosa	China: Yunnan, Honghe	822	within_species_comparison	sensitivity	PASS	ATA/ATA	I/I	I	2	72	72	99.000	ATA/ATA	PASS	ATA/ATA	PASS
SRR23343473	HD4	Apis laboriosa	China: Yunnan, Honghe	1134	primary	primary	PASS	TTT/TTT	F/F	F	2	60	60	99.000	TTT/TTT	PASS	TTT/TTT	PASS
SRR23343473	HD4	Apis laboriosa	China: Yunnan, Honghe	1134	primary	sensitivity	PASS	TTT/TTT	F/F	F	2	66	66	99.000	TTT/TTT	PASS	TTT/TTT	PASS
SRR23343474	D23	Apis dorsata	China: Guangxi, Nanning	254	primary	primary	PASS	TTT/TTT	F/F	F	2	16	16	48.142	TTT/TTT	PASS	TTT/TTT	PASS
SRR23343474	D23	Apis dorsata	China: Guangxi, Nanning	254	primary	sensitivity	PASS	TTT/TTT	F/F	F	2	19	19	57.162	TTT/TTT	PASS	TTT/TTT	PASS
SRR23343474	D23	Apis dorsata	China: Guangxi, Nanning	452	within_species_comparison	primary	PASS	ACG/ACG	T/T	T	2	26	26	78.230	ACG/ACG	PASS	ACG/ACG	PASS
SRR23343474	D23	Apis dorsata	China: Guangxi, Nanning	452	within_species_comparison	sensitivity	PASS	ACG/ACG	T/T	T	2	28	28	84.245	ACG/ACG	PASS	ACG/ACG	PASS
SRR23343474	D23	Apis dorsata	China: Guangxi, Nanning	474	secondary	primary	PASS	AAA/AAA	K/K	K	2	24	24	72.212	AAA/AAA	PASS	AAA/AAA	PASS
SRR23343474	D23	Apis dorsata	China: Guangxi, Nanning	474	secondary	sensitivity	PASS	AAA/AAA	K/K	K	2	32	32	96.268	AAA/AAA	PASS	AAA/AAA	PASS
SRR23343474	D23	Apis dorsata	China: Guangxi, Nanning	549	primary	primary	PASS	TTT/TTT	F/F	F	2	16	16	48.142	TTT/TTT	PASS	TTT/TTT	PASS
SRR23343474	D23	Apis dorsata	China: Guangxi, Nanning	549	primary	sensitivity	PASS	TTT/TTT	F/F	F	2	18	18	54.153	TTT/TTT	PASS	TTT/TTT	PASS
SRR23343474	D23	Apis dorsata	China: Guangxi, Nanning	717	secondary	primary	PASS	ACT/ACT	T/T	T	2	15	17	45.133	ACT/ACT	PASS	ACT/ACT	PASS
SRR23343474	D23	Apis dorsata	China: Guangxi, Nanning	717	secondary	sensitivity	PASS	ACT/ACT	T/T	T	2	19	21	57.162	ACT/ACT	PASS	ACT/ACT	PASS
SRR23343474	D23	Apis dorsata	China: Guangxi, Nanning	727	secondary	primary	PASS	GTT/GTT	V/V	V	2	16	17	48.142	GTT/GTT	PASS	GTT/GTT	PASS
SRR23343474	D23	Apis dorsata	China: Guangxi, Nanning	727	secondary	sensitivity	PASS	GTT/GTT	V/V	V	2	24	25	72.190	GTT/GTT	PASS	GTT/GTT	PASS
SRR23343474	D23	Apis dorsata	China: Guangxi, Nanning	766	secondary	primary	PASS	TTT/TTT	F/F	F	2	24	25	72.212	TTT/TTT	PASS	TTT/TTT	PASS
SRR23343474	D23	Apis dorsata	China: Guangxi, Nanning	766	secondary	sensitivity	PASS	TTT/TTT	F/F	F	2	28	29	84.238	TTT/TTT	PASS	TTT/TTT	PASS
SRR23343474	D23	Apis dorsata	China: Guangxi, Nanning	822	within_species_comparison	primary	PASS	ATA/ATA	I/I	V	0	32	32	96.283	ATA/ATA	PASS	ATA/ATA	PASS
SRR23343474	D23	Apis dorsata	China: Guangxi, Nanning	822	within_species_comparison	sensitivity	PASS	ATA/ATA	I/I	V	0	33	33	99.000	ATA/ATA	PASS	ATA/ATA	PASS
SRR23343474	D23	Apis dorsata	China: Guangxi, Nanning	1134	primary	primary	PASS	CTT/CTT	L/L	L	2	29	29	87.257	CTT/CTT	PASS	CTT/CTT	PASS
SRR23343474	D23	Apis dorsata	China: Guangxi, Nanning	1134	primary	sensitivity	PASS	CTT/CTT	L/L	L	2	33	33	99.000	CTT/CTT	PASS	CTT/CTT	PASS
SRR23343475	D7	Apis dorsata	China: Guangxi, Nanning	254	primary	primary	PASS	TTT/TTT	F/F	F	2	34	34	99.000	TTT/TTT	PASS	TTT/TTT	PASS
SRR23343475	D7	Apis dorsata	China: Guangxi, Nanning	254	primary	sensitivity	PASS	TTT/TTT	F/F	F	2	43	43	99.000	TTT/TTT	PASS	TTT/TTT	PASS
SRR23343475	D7	Apis dorsata	China: Guangxi, Nanning	452	within_species_comparison	primary	PASS	ACG/ACG	T/T	T	2	35	35	99.000	ACG/ACG	PASS	ACG/ACG	PASS
SRR23343475	D7	Apis dorsata	China: Guangxi, Nanning	452	within_species_comparison	sensitivity	PASS	ACG/ACG	T/T	T	2	39	39	99.000	ACG/ACG	PASS	ACG/ACG	PASS
SRR23343475	D7	Apis dorsata	China: Guangxi, Nanning	474	secondary	primary	PASS	AAA/AAA	K/K	K	2	35	35	99.000	AAA/AAA	PASS	AAA/AAA	PASS
SRR23343475	D7	Apis dorsata	China: Guangxi, Nanning	474	secondary	sensitivity	PASS	AAA/AAA	K/K	K	2	39	39	99.000	AAA/AAA	PASS	AAA/AAA	PASS
SRR23343475	D7	Apis dorsata	China: Guangxi, Nanning	549	primary	primary	PASS	TTT/TTT	F/F	F	2	19	19	57.168	TTT/TTT	PASS	TTT/TTT	PASS
SRR23343475	D7	Apis dorsata	China: Guangxi, Nanning	549	primary	sensitivity	PASS	TTT/TTT	F/F	F	2	21	21	63.183	TTT/TTT	PASS	TTT/TTT	PASS
SRR23343475	D7	Apis dorsata	China: Guangxi, Nanning	717	secondary	primary	PASS	ACT/ACT	T/T	T	2	30	31	90.266	ACT/ACT	PASS	ACT/ACT	PASS
SRR23343475	D7	Apis dorsata	China: Guangxi, Nanning	717	secondary	sensitivity	PASS	ACT/ACT	T/T	T	2	36	37	99.000	ACT/ACT	PASS	ACT/ACT	PASS
SRR23343475	D7	Apis dorsata	China: Guangxi, Nanning	727	secondary	primary	PASS	GTT/GTT	V/V	V	2	15	16	45.133	GTT/GTT	PASS	GTT/GTT	PASS
SRR23343475	D7	Apis dorsata	China: Guangxi, Nanning	727	secondary	sensitivity	PASS	GTT/GTT	V/V	V	2	17	18	51.144	GTT/GTT	PASS	GTT/GTT	PASS
SRR23343475	D7	Apis dorsata	China: Guangxi, Nanning	766	secondary	primary	PASS	TTT/TTT	F/F	F	2	25	25	75.221	TTT/TTT	PASS	TTT/TTT	PASS
SRR23343475	D7	Apis dorsata	China: Guangxi, Nanning	766	secondary	sensitivity	PASS	TTT/TTT	F/F	F	2	27	27	81.236	TTT/TTT	PASS	TTT/TTT	PASS
SRR23343475	D7	Apis dorsata	China: Guangxi, Nanning	822	within_species_comparison	primary	PASS	ATA/ATA	I/I	V	0	35	35	99.000	ATA/ATA	PASS	ATA/ATA	PASS
SRR23343475	D7	Apis dorsata	China: Guangxi, Nanning	822	within_species_comparison	sensitivity	PASS	ATA/ATA	I/I	V	0	36	36	99.000	ATA/ATA	PASS	ATA/ATA	PASS
SRR23343475	D7	Apis dorsata	China: Guangxi, Nanning	1134	primary	primary	PASS	CTT/CTT	L/L	L	2	27	27	81.239	CTT/CTT	PASS	CTT/CTT	PASS
SRR23343475	D7	Apis dorsata	China: Guangxi, Nanning	1134	primary	sensitivity	PASS	CTT/CTT	L/L	L	2	30	30	90.256	CTT/CTT	PASS	CTT/CTT	PASS
SRR23343476	D31	Apis dorsata	China: Guangxi, Chongzuo	254	primary	primary	reference_quality_failure			F		16	16	13.375	TTT/TTT	low_genotype_quality	TTT/TTT	low_genotype_quality
SRR23343476	D31	Apis dorsata	China: Guangxi, Chongzuo	254	primary	sensitivity	reference_quality_failure			F		20	20	25.404	TTT/TTT	low_genotype_quality	TTT/TTT	low_genotype_quality
SRR23343476	D31	Apis dorsata	China: Guangxi, Chongzuo	452	within_species_comparison	primary	PASS	ACG/ACG	T/T	T	2	20	20	60.177	ACG/ACG	PASS	ACG/ACG	PASS
SRR23343476	D31	Apis dorsata	China: Guangxi, Chongzuo	452	within_species_comparison	sensitivity	PASS	ACG/ACG	T/T	T	2	25	25	75.212	ACG/ACG	PASS	ACG/ACG	PASS
SRR23343476	D31	Apis dorsata	China: Guangxi, Chongzuo	474	secondary	primary	PASS	AAA/AAA	K/K	K	2	23	23	69.204	AAA/AAA	PASS	AAA/AAA	PASS
SRR23343476	D31	Apis dorsata	China: Guangxi, Chongzuo	474	secondary	sensitivity	PASS	AAA/AAA	K/K	K	2	24	24	72.209	AAA/AAA	PASS	AAA/AAA	PASS
SRR23343476	D31	Apis dorsata	China: Guangxi, Chongzuo	549	primary	primary	PASS	TTT/TTT	F/F	F	2	21	21	63.186	TTT/TTT	PASS	TTT/TTT	PASS
SRR23343476	D31	Apis dorsata	China: Guangxi, Chongzuo	549	primary	sensitivity	PASS	TTT/TTT	F/F	F	2	25	25	75.209	TTT/TTT	PASS	TTT/TTT	PASS
SRR23343476	D31	Apis dorsata	China: Guangxi, Chongzuo	717	secondary	primary	PASS	ACT/ACT	T/T	T	2	10	10	30.089	ACT/ACT	PASS	ACT/ACT	PASS
SRR23343476	D31	Apis dorsata	China: Guangxi, Chongzuo	717	secondary	sensitivity	PASS	ACT/ACT	T/T	T	2	12	12	36.100	ACT/ACT	PASS	ACT/ACT	PASS
SRR23343476	D31	Apis dorsata	China: Guangxi, Chongzuo	727	secondary	primary	PASS	GTT/GTT	V/V	V	2	16	18	48.142	GTT/GTT	PASS	GTT/GTT	PASS
SRR23343476	D31	Apis dorsata	China: Guangxi, Chongzuo	727	secondary	sensitivity	PASS	GTT/GTT	V/V	V	2	17	20	51.147	GTT/GTT	PASS	GTT/GTT	PASS
SRR23343476	D31	Apis dorsata	China: Guangxi, Chongzuo	766	secondary	primary	PASS	TTT/TTT	F/F	F	2	21	21	63.186	TTT/TTT	PASS	TTT/TTT	PASS
SRR23343476	D31	Apis dorsata	China: Guangxi, Chongzuo	766	secondary	sensitivity	PASS	TTT/TTT	F/F	F	2	26	26	78.221	TTT/TTT	PASS	TTT/TTT	PASS
SRR23343476	D31	Apis dorsata	China: Guangxi, Chongzuo	822	within_species_comparison	primary	PASS	ATA/ATA	I/I	V	0	17	17	51.150	ATA/ATA	PASS	ATA/ATA	PASS
SRR23343476	D31	Apis dorsata	China: Guangxi, Chongzuo	822	within_species_comparison	sensitivity	PASS	ATA/ATA	I/I	V	0	17	17	51.150	ATA/ATA	PASS	ATA/ATA	PASS
SRR23343476	D31	Apis dorsata	China: Guangxi, Chongzuo	1134	primary	primary	PASS	CTT/CTT	L/L	L	2	17	17	51.150	CTT/CTT	PASS	CTT/CTT	PASS
SRR23343476	D31	Apis dorsata	China: Guangxi, Chongzuo	1134	primary	sensitivity	PASS	CTT/CTT	L/L	L	2	24	24	72.197	CTT/CTT	PASS	CTT/CTT	PASS
SRR23343477	D29	Apis dorsata	China: Guangxi, Chongzuo	254	primary	primary	PASS	TTT/TTT	F/F	F	2	27	28	81.239	TTT/TTT	PASS	TTT/TTT	PASS
SRR23343477	D29	Apis dorsata	China: Guangxi, Chongzuo	254	primary	sensitivity	PASS	TTT/TTT	F/F	F	2	31	32	93.265	TTT/TTT	PASS	TTT/TTT	PASS
SRR23343477	D29	Apis dorsata	China: Guangxi, Chongzuo	452	within_species_comparison	primary	PASS	ACG/ACG	T/T	T	2	35	35	99.000	ACG/ACG	PASS	ACG/ACG	PASS
SRR23343477	D29	Apis dorsata	China: Guangxi, Chongzuo	452	within_species_comparison	sensitivity	PASS	ACG/ACG	T/T	T	2	38	39	99.000	ACG/ACG	PASS	ACG/ACG	PASS
SRR23343477	D29	Apis dorsata	China: Guangxi, Chongzuo	474	secondary	primary	PASS	AAA/AAA	K/K	K	2	34	34	99.000	AAA/AAA	PASS	AAA/AAA	PASS
SRR23343477	D29	Apis dorsata	China: Guangxi, Chongzuo	474	secondary	sensitivity	PASS	AAA/AAA	K/K	K	2	39	39	99.000	AAA/AAA	PASS	AAA/AAA	PASS
SRR23343477	D29	Apis dorsata	China: Guangxi, Chongzuo	549	primary	primary	PASS	TTT/TTT	F/F	F	2	24	24	72.212	TTT/TTT	PASS	TTT/TTT	PASS
SRR23343477	D29	Apis dorsata	China: Guangxi, Chongzuo	549	primary	sensitivity	PASS	TTT/TTT	F/F	F	2	26	26	78.224	TTT/TTT	PASS	TTT/TTT	PASS
SRR23343477	D29	Apis dorsata	China: Guangxi, Chongzuo	717	secondary	primary	PASS	ACT/ACT	T/T	T	2	28	28	84.248	ACT/ACT	PASS	ACT/ACT	PASS
SRR23343477	D29	Apis dorsata	China: Guangxi, Chongzuo	717	secondary	sensitivity	PASS	ACT/ACT	T/T	T	2	35	35	99.000	ACT/ACT	PASS	ACT/ACT	PASS
SRR23343477	D29	Apis dorsata	China: Guangxi, Chongzuo	727	secondary	primary	PASS	GTT/GTT	V/V	V	2	28	31	84.248	GTT/GTT	PASS	GTT/GTT	PASS
SRR23343477	D29	Apis dorsata	China: Guangxi, Chongzuo	727	secondary	sensitivity	PASS	GTT/GTT	V/V	V	2	33	36	99.000	GTT/GTT	PASS	GTT/GTT	PASS
SRR23343477	D29	Apis dorsata	China: Guangxi, Chongzuo	766	secondary	primary	PASS	TTT/TTT	F/F	F	2	32	33	96.283	TTT/TTT	PASS	TTT/TTT	PASS
SRR23343477	D29	Apis dorsata	China: Guangxi, Chongzuo	766	secondary	sensitivity	PASS	TTT/TTT	F/F	F	2	37	38	99.000	TTT/TTT	PASS	TTT/TTT	PASS
SRR23343477	D29	Apis dorsata	China: Guangxi, Chongzuo	822	within_species_comparison	primary	PASS	ATA/ATA	I/I	V	0	33	33	99.000	ATA/ATA	PASS	ATA/ATA	PASS
SRR23343477	D29	Apis dorsata	China: Guangxi, Chongzuo	822	within_species_comparison	sensitivity	PASS	ATA/ATA	I/I	V	0	38	38	99.000	ATA/ATA	PASS	ATA/ATA	PASS
SRR23343477	D29	Apis dorsata	China: Guangxi, Chongzuo	1134	primary	primary	PASS	CTT/CTT	L/L	L	2	32	32	96.283	CTT/CTT	PASS	CTT/CTT	PASS
SRR23343477	D29	Apis dorsata	China: Guangxi, Chongzuo	1134	primary	sensitivity	PASS	CTT/CTT	L/L	L	2	37	37	99.000	CTT/CTT	PASS	CTT/CTT	PASS
SRR23343478	D28	Apis dorsata	China: Guangxi, Chongzuo	254	primary	primary	PASS	TTT/TTT	F/F	F	2	18	18	54.159	TTT/TTT	PASS	TTT/TTT	PASS
SRR23343478	D28	Apis dorsata	China: Guangxi, Chongzuo	254	primary	sensitivity	PASS	TTT/TTT	F/F	F	2	26	26	78.214	TTT/TTT	PASS	TTT/TTT	PASS
SRR23343478	D28	Apis dorsata	China: Guangxi, Chongzuo	452	within_species_comparison	primary	PASS	ACG/ACG	T/T	T	2	27	28	81.239	ACG/ACG	PASS	ACG/ACG	PASS
SRR23343478	D28	Apis dorsata	China: Guangxi, Chongzuo	452	within_species_comparison	sensitivity	PASS	ACG/ACG	T/T	T	2	30	31	90.259	ACG/ACG	PASS	ACG/ACG	PASS
SRR23343478	D28	Apis dorsata	China: Guangxi, Chongzuo	474	secondary	primary	PASS	AAA/AAA	K/K	K	2	21	21	63.186	AAA/AAA	PASS	AAA/AAA	PASS
SRR23343478	D28	Apis dorsata	China: Guangxi, Chongzuo	474	secondary	sensitivity	PASS	AAA/AAA	K/K	K	2	23	23	69.200	AAA/AAA	PASS	AAA/AAA	PASS
SRR23343478	D28	Apis dorsata	China: Guangxi, Chongzuo	549	primary	primary	PASS	TTT/TTT	F/F	F	2	16	16	48.142	TTT/TTT	PASS	TTT/TTT	PASS
SRR23343478	D28	Apis dorsata	China: Guangxi, Chongzuo	549	primary	sensitivity	PASS	TTT/TTT	F/F	F	2	20	20	60.168	TTT/TTT	PASS	TTT/TTT	PASS
SRR23343478	D28	Apis dorsata	China: Guangxi, Chongzuo	717	secondary	primary	PASS	ACT/ACT	T/T	T	2	25	25	75.221	ACT/ACT	PASS	ACT/ACT	PASS
SRR23343478	D28	Apis dorsata	China: Guangxi, Chongzuo	717	secondary	sensitivity	PASS	ACT/ACT	T/T	T	2	30	31	90.253	ACT/ACT	PASS	ACT/ACT	PASS
SRR23343478	D28	Apis dorsata	China: Guangxi, Chongzuo	727	secondary	primary	PASS	GTT/GTT	V/V	V	2	21	22	63.186	GTT/GTT	PASS	GTT/GTT	PASS
SRR23343478	D28	Apis dorsata	China: Guangxi, Chongzuo	727	secondary	sensitivity	PASS	GTT/GTT	V/V	V	2	27	28	81.226	GTT/GTT	PASS	GTT/GTT	PASS
SRR23343478	D28	Apis dorsata	China: Guangxi, Chongzuo	766	secondary	primary	PASS	TTT/TTT	F/F	F	2	25	25	75.221	TTT/TTT	PASS	TTT/TTT	PASS
SRR23343478	D28	Apis dorsata	China: Guangxi, Chongzuo	766	secondary	sensitivity	PASS	TTT/TTT	F/F	F	2	35	35	99.000	TTT/TTT	PASS	TTT/TTT	PASS
SRR23343478	D28	Apis dorsata	China: Guangxi, Chongzuo	822	within_species_comparison	primary	PASS	ATA/ATA	I/I	V	0	32	32	96.283	ATA/ATA	PASS	ATA/ATA	PASS
SRR23343478	D28	Apis dorsata	China: Guangxi, Chongzuo	822	within_species_comparison	sensitivity	PASS	ATA/ATA	I/I	V	0	36	36	99.000	ATA/ATA	PASS	ATA/ATA	PASS
SRR23343478	D28	Apis dorsata	China: Guangxi, Chongzuo	1134	primary	primary	PASS	CTT/CTT	L/L	L	2	23	23	69.204	CTT/CTT	PASS	CTT/CTT	PASS
SRR23343478	D28	Apis dorsata	China: Guangxi, Chongzuo	1134	primary	sensitivity	PASS	CTT/CTT	L/L	L	2	28	28	84.242	CTT/CTT	PASS	CTT/CTT	PASS
SRR23343479	D27	Apis dorsata	China: Guangxi, Chongzuo	254	primary	primary	PASS	TTT/TTT	F/F	F	2	34	34	99.000	TTT/TTT	PASS	TTT/TTT	PASS
SRR23343479	D27	Apis dorsata	China: Guangxi, Chongzuo	254	primary	sensitivity	PASS	TTT/TTT	F/F	F	2	37	37	99.000	TTT/TTT	PASS	TTT/TTT	PASS
SRR23343479	D27	Apis dorsata	China: Guangxi, Chongzuo	452	within_species_comparison	primary	PASS	ACG/ACG	T/T	T	2	23	23	69.204	ACG/ACG	PASS	ACG/ACG	PASS
SRR23343479	D27	Apis dorsata	China: Guangxi, Chongzuo	452	within_species_comparison	sensitivity	PASS	ACG/ACG	T/T	T	2	28	29	84.242	ACG/ACG	PASS	ACG/ACG	PASS
SRR23343479	D27	Apis dorsata	China: Guangxi, Chongzuo	474	secondary	primary	PASS	AAA/AAA	K/K	K	2	25	25	75.221	AAA/AAA	PASS	AAA/AAA	PASS
SRR23343479	D27	Apis dorsata	China: Guangxi, Chongzuo	474	secondary	sensitivity	PASS	AAA/AAA	K/K	K	2	31	31	93.262	AAA/AAA	PASS	AAA/AAA	PASS
SRR23343479	D27	Apis dorsata	China: Guangxi, Chongzuo	549	primary	primary	PASS	TTT/TTT	F/F	F	2	32	32	96.283	TTT/TTT	PASS	TTT/TTT	PASS
SRR23343479	D27	Apis dorsata	China: Guangxi, Chongzuo	549	primary	sensitivity	PASS	TTT/TTT	F/F	F	2	34	35	99.000	TTT/TTT	PASS	TTT/TTT	PASS
SRR23343479	D27	Apis dorsata	China: Guangxi, Chongzuo	717	secondary	primary	PASS	ACT/ACT	T/T	T	2	25	25	75.221	ACT/ACT	PASS	ACT/ACT	PASS
SRR23343479	D27	Apis dorsata	China: Guangxi, Chongzuo	717	secondary	sensitivity	PASS	ACT/ACT	T/T	T	2	29	29	87.250	ACT/ACT	PASS	ACT/ACT	PASS
SRR23343479	D27	Apis dorsata	China: Guangxi, Chongzuo	727	secondary	primary	PASS	GTT/GTT	V/V	V	2	15	15	45.133	GTT/GTT	PASS	GTT/GTT	PASS
SRR23343479	D27	Apis dorsata	China: Guangxi, Chongzuo	727	secondary	sensitivity	PASS	GTT/GTT	V/V	V	2	23	23	69.185	GTT/GTT	PASS	GTT/GTT	PASS
SRR23343479	D27	Apis dorsata	China: Guangxi, Chongzuo	766	secondary	primary	PASS	TTT/TTT	F/F	F	2	26	27	78.230	TTT/TTT	PASS	TTT/TTT	PASS
SRR23343479	D27	Apis dorsata	China: Guangxi, Chongzuo	766	secondary	sensitivity	PASS	TTT/TTT	F/F	F	2	29	30	87.247	TTT/TTT	PASS	TTT/TTT	PASS
SRR23343479	D27	Apis dorsata	China: Guangxi, Chongzuo	822	within_species_comparison	primary	PASS	ATA/ATA	I/I	V	0	19	19	57.168	ATA/ATA	PASS	ATA/ATA	PASS
SRR23343479	D27	Apis dorsata	China: Guangxi, Chongzuo	822	within_species_comparison	sensitivity	PASS	ATA/ATA	I/I	V	0	23	23	69.197	ATA/ATA	PASS	ATA/ATA	PASS
SRR23343479	D27	Apis dorsata	China: Guangxi, Chongzuo	1134	primary	primary	PASS	CTT/CTT	L/L	L	2	24	24	72.212	CTT/CTT	PASS	CTT/CTT	PASS
SRR23343479	D27	Apis dorsata	China: Guangxi, Chongzuo	1134	primary	sensitivity	PASS	CTT/CTT	L/L	L	2	26	26	78.227	CTT/CTT	PASS	CTT/CTT	PASS
SRR23343480	D26	Apis dorsata	China: Guangxi, Chongzuo	254	primary	primary	PASS	TTT/TTT	F/F	F	2	19	19	57.168	TTT/TTT	PASS	TTT/TTT	PASS
SRR23343480	D26	Apis dorsata	China: Guangxi, Chongzuo	254	primary	sensitivity	PASS	TTT/TTT	F/F	F	2	24	24	72.200	TTT/TTT	PASS	TTT/TTT	PASS
SRR23343480	D26	Apis dorsata	China: Guangxi, Chongzuo	452	within_species_comparison	primary	PASS	ACG/ACG	T/T	T	2	28	28	84.248	ACG/ACG	PASS	ACG/ACG	PASS
SRR23343480	D26	Apis dorsata	China: Guangxi, Chongzuo	452	within_species_comparison	sensitivity	PASS	ACG/ACG	T/T	T	2	30	31	90.262	ACG/ACG	PASS	ACG/ACG	PASS
SRR23343480	D26	Apis dorsata	China: Guangxi, Chongzuo	474	secondary	primary	PASS	AAA/AAA	K/K	K	2	20	20	60.177	AAA/AAA	PASS	AAA/AAA	PASS
SRR23343480	D26	Apis dorsata	China: Guangxi, Chongzuo	474	secondary	sensitivity	PASS	AAA/AAA	K/K	K	2	26	26	78.218	AAA/AAA	PASS	AAA/AAA	PASS
SRR23343480	D26	Apis dorsata	China: Guangxi, Chongzuo	549	primary	primary	PASS	TTT/TTT	F/F	F	2	15	15	45.133	TTT/TTT	PASS	TTT/TTT	PASS
SRR23343480	D26	Apis dorsata	China: Guangxi, Chongzuo	549	primary	sensitivity	PASS	TTT/TTT	F/F	F	2	17	17	51.144	TTT/TTT	PASS	TTT/TTT	PASS
SRR23343480	D26	Apis dorsata	China: Guangxi, Chongzuo	717	secondary	primary	PASS	ACT/ACT	T/T	T	2	25	26	75.221	ACT/ACT	PASS	ACT/ACT	PASS
SRR23343480	D26	Apis dorsata	China: Guangxi, Chongzuo	717	secondary	sensitivity	PASS	ACT/ACT	T/T	T	2	29	30	87.250	ACT/ACT	PASS	ACT/ACT	PASS
SRR23343480	D26	Apis dorsata	China: Guangxi, Chongzuo	727	secondary	primary	PASS	GTT/GTT	V/V	V	2	22	24	66.195	GTT/GTT	PASS	GTT/GTT	PASS
SRR23343480	D26	Apis dorsata	China: Guangxi, Chongzuo	727	secondary	sensitivity	PASS	GTT/GTT	V/V	V	2	30	32	90.253	GTT/GTT	PASS	GTT/GTT	PASS
SRR23343480	D26	Apis dorsata	China: Guangxi, Chongzuo	766	secondary	primary	PASS	TTT/TTT	F/F	F	2	26	28	78.230	TTT/TTT	PASS	TTT/TTT	PASS
SRR23343480	D26	Apis dorsata	China: Guangxi, Chongzuo	766	secondary	sensitivity	PASS	TTT/TTT	F/F	F	2	29	31	87.250	TTT/TTT	PASS	TTT/TTT	PASS
SRR23343480	D26	Apis dorsata	China: Guangxi, Chongzuo	822	within_species_comparison	primary	PASS	ATA/ATA	I/I	V	0	41	41	99.000	ATA/ATA	PASS	ATA/ATA	PASS
SRR23343480	D26	Apis dorsata	China: Guangxi, Chongzuo	822	within_species_comparison	sensitivity	PASS	ATA/ATA	I/I	V	0	42	42	99.000	ATA/ATA	PASS	ATA/ATA	PASS
SRR23343480	D26	Apis dorsata	China: Guangxi, Chongzuo	1134	primary	primary	PASS	CTT/CTT	L/L	L	2	32	32	96.283	CTT/CTT	PASS	CTT/CTT	PASS
SRR23343480	D26	Apis dorsata	China: Guangxi, Chongzuo	1134	primary	sensitivity	PASS	CTT/CTT	L/L	L	2	36	36	99.000	CTT/CTT	PASS	CTT/CTT	PASS
SRR23343481	D25	Apis dorsata	China: Guangxi, Chongzuo	254	primary	primary	PASS	TTT/TTT	F/F	F	2	16	16	48.142	TTT/TTT	PASS	TTT/TTT	PASS
SRR23343481	D25	Apis dorsata	China: Guangxi, Chongzuo	254	primary	sensitivity	PASS	TTT/TTT	F/F	F	2	19	19	57.162	TTT/TTT	PASS	TTT/TTT	PASS
SRR23343481	D25	Apis dorsata	China: Guangxi, Chongzuo	452	within_species_comparison	primary	PASS	ACG/ACG	T/T	T	2	19	19	57.168	ACG/ACG	PASS	ACG/ACG	PASS
SRR23343481	D25	Apis dorsata	China: Guangxi, Chongzuo	452	within_species_comparison	sensitivity	PASS	ACG/ACG	T/T	T	2	20	20	60.174	ACG/ACG	PASS	ACG/ACG	PASS
SRR23343481	D25	Apis dorsata	China: Guangxi, Chongzuo	474	secondary	primary	PASS	AAA/AAA	K/K	K	2	15	15	45.133	AAA/AAA	PASS	AAA/AAA	PASS
SRR23343481	D25	Apis dorsata	China: Guangxi, Chongzuo	474	secondary	sensitivity	PASS	AAA/AAA	K/K	K	2	18	18	54.153	AAA/AAA	PASS	AAA/AAA	PASS
SRR23343481	D25	Apis dorsata	China: Guangxi, Chongzuo	549	primary	primary	PASS	TTT/TTT	F/F	F	2	12	12	36.106	TTT/TTT	PASS	TTT/TTT	PASS
SRR23343481	D25	Apis dorsata	China: Guangxi, Chongzuo	549	primary	sensitivity	PASS	TTT/TTT	F/F	F	2	16	16	48.132	TTT/TTT	PASS	TTT/TTT	PASS
SRR23343481	D25	Apis dorsata	China: Guangxi, Chongzuo	717	secondary	primary	PASS	ACT/ACT	T/T	T	2	26	26	78.230	ACT/ACT	PASS	ACT/ACT	PASS
SRR23343481	D25	Apis dorsata	China: Guangxi, Chongzuo	717	secondary	sensitivity	PASS	ACT/ACT	T/T	T	2	29	29	87.247	ACT/ACT	PASS	ACT/ACT	PASS
SRR23343481	D25	Apis dorsata	China: Guangxi, Chongzuo	727	secondary	primary	PASS	GTT/GTT	V/V	V	2	28	29	84.248	GTT/GTT	PASS	GTT/GTT	PASS
SRR23343481	D25	Apis dorsata	China: Guangxi, Chongzuo	727	secondary	sensitivity	PASS	GTT/GTT	V/V	V	2	33	35	99.000	GTT/GTT	PASS	GTT/GTT	PASS
SRR23343481	D25	Apis dorsata	China: Guangxi, Chongzuo	766	secondary	primary	PASS	TTT/TTT	F/F	F	2	30	30	90.266	TTT/TTT	PASS	TTT/TTT	PASS
SRR23343481	D25	Apis dorsata	China: Guangxi, Chongzuo	766	secondary	sensitivity	PASS	TTT/TTT	F/F	F	2	35	35	99.000	TTT/TTT	PASS	TTT/TTT	PASS
SRR23343481	D25	Apis dorsata	China: Guangxi, Chongzuo	822	within_species_comparison	primary	PASS	ATA/ATA	I/I	V	0	30	30	90.266	ATA/ATA	PASS	ATA/ATA	PASS
SRR23343481	D25	Apis dorsata	China: Guangxi, Chongzuo	822	within_species_comparison	sensitivity	PASS	ATA/ATA	I/I	V	0	32	32	96.280	ATA/ATA	PASS	ATA/ATA	PASS
SRR23343481	D25	Apis dorsata	China: Guangxi, Chongzuo	1134	primary	primary	PASS	CTT/CTT	L/L	L	2	24	24	72.212	CTT/CTT	PASS	CTT/CTT	PASS
SRR23343481	D25	Apis dorsata	China: Guangxi, Chongzuo	1134	primary	sensitivity	PASS	CTT/CTT	L/L	L	2	28	28	84.242	CTT/CTT	PASS	CTT/CTT	PASS
SRR23343482	D10	Apis dorsata	China: Yunnan, Xishuangbanna	254	primary	primary	PASS	TTT/TTT	F/F	F	2	27	27	81.239	TTT/TTT	PASS	TTT/TTT	PASS
SRR23343482	D10	Apis dorsata	China: Yunnan, Xishuangbanna	254	primary	sensitivity	PASS	TTT/TTT	F/F	F	2	31	31	93.268	TTT/TTT	PASS	TTT/TTT	PASS
SRR23343482	D10	Apis dorsata	China: Yunnan, Xishuangbanna	452	within_species_comparison	primary	PASS	ACG/ACG	T/T	T	2	37	40	99.000	ACG/ACG	PASS	ACG/ACG	PASS
SRR23343482	D10	Apis dorsata	China: Yunnan, Xishuangbanna	452	within_species_comparison	sensitivity	PASS	ACG/ACG	T/T	T	2	38	41	99.000	ACG/ACG	PASS	ACG/ACG	PASS
SRR23343482	D10	Apis dorsata	China: Yunnan, Xishuangbanna	474	secondary	primary	PASS	AAA/AAA	K/K	K	2	34	34	99.000	AAA/AAA	PASS	AAA/AAA	PASS
SRR23343482	D10	Apis dorsata	China: Yunnan, Xishuangbanna	474	secondary	sensitivity	PASS	AAA/AAA	K/K	K	2	39	39	99.000	AAA/AAA	PASS	AAA/AAA	PASS
SRR23343482	D10	Apis dorsata	China: Yunnan, Xishuangbanna	549	primary	primary	PASS	TTT/TTT	F/F	F	2	28	28	84.248	TTT/TTT	PASS	TTT/TTT	PASS
SRR23343482	D10	Apis dorsata	China: Yunnan, Xishuangbanna	549	primary	sensitivity	PASS	TTT/TTT	F/F	F	2	31	31	93.265	TTT/TTT	PASS	TTT/TTT	PASS
SRR23343482	D10	Apis dorsata	China: Yunnan, Xishuangbanna	717	secondary	primary	PASS	ACT/ACT	T/T	T	2	22	22	66.195	ACT/ACT	PASS	ACT/ACT	PASS
SRR23343482	D10	Apis dorsata	China: Yunnan, Xishuangbanna	717	secondary	sensitivity	PASS	ACT/ACT	T/T	T	2	28	29	84.238	ACT/ACT	PASS	ACT/ACT	PASS
SRR23343482	D10	Apis dorsata	China: Yunnan, Xishuangbanna	727	secondary	primary	PASS	GTT/GTT	V/V	V	2	29	29	87.257	GTT/GTT	PASS	GTT/GTT	PASS
SRR23343482	D10	Apis dorsata	China: Yunnan, Xishuangbanna	727	secondary	sensitivity	PASS	GTT/GTT	V/V	V	2	33	33	99.000	GTT/GTT	PASS	GTT/GTT	PASS
SRR23343482	D10	Apis dorsata	China: Yunnan, Xishuangbanna	766	secondary	primary	PASS	TTT/TTT	F/F	F	2	25	28	75.221	TTT/TTT	PASS	TTT/TTT	PASS
SRR23343482	D10	Apis dorsata	China: Yunnan, Xishuangbanna	766	secondary	sensitivity	PASS	TTT/TTT	F/F	F	2	26	29	78.227	TTT/TTT	PASS	TTT/TTT	PASS
SRR23343482	D10	Apis dorsata	China: Yunnan, Xishuangbanna	822	within_species_comparison	primary	PASS	ATA/ATA	I/I	V	0	39	39	99.000	ATA/ATA	PASS	ATA/ATA	PASS
SRR23343482	D10	Apis dorsata	China: Yunnan, Xishuangbanna	822	within_species_comparison	sensitivity	PASS	ATA/ATA	I/I	V	0	42	42	99.000	ATA/ATA	PASS	ATA/ATA	PASS
SRR23343482	D10	Apis dorsata	China: Yunnan, Xishuangbanna	1134	primary	primary	PASS	CTT/CTT	L/L	L	2	26	26	78.230	CTT/CTT	PASS	CTT/CTT	PASS
SRR23343482	D10	Apis dorsata	China: Yunnan, Xishuangbanna	1134	primary	sensitivity	PASS	CTT/CTT	L/L	L	2	30	30	90.253	CTT/CTT	PASS	CTT/CTT	PASS
SRR23343483	D24	Apis dorsata	China: Guangxi, Chongzuo	254	primary	primary	PASS	TTT/TTT	F/F	F	2	17	17	51.150	TTT/TTT	PASS	TTT/TTT	PASS
SRR23343483	D24	Apis dorsata	China: Guangxi, Chongzuo	254	primary	sensitivity	PASS	TTT/TTT	F/F	F	2	22	22	66.182	TTT/TTT	PASS	TTT/TTT	PASS
SRR23343483	D24	Apis dorsata	China: Guangxi, Chongzuo	452	within_species_comparison	primary	PASS	ACG/ACG	T/T	T	2	31	32	93.274	ACG/ACG	PASS	ACG/ACG	PASS
SRR23343483	D24	Apis dorsata	China: Guangxi, Chongzuo	452	within_species_comparison	sensitivity	PASS	ACG/ACG	T/T	T	2	36	37	99.000	ACG/ACG	PASS	ACG/ACG	PASS
SRR23343483	D24	Apis dorsata	China: Guangxi, Chongzuo	474	secondary	primary	PASS	AAA/AAA	K/K	K	2	31	31	93.274	AAA/AAA	PASS	AAA/AAA	PASS
SRR23343483	D24	Apis dorsata	China: Guangxi, Chongzuo	474	secondary	sensitivity	PASS	AAA/AAA	K/K	K	2	33	33	99.000	AAA/AAA	PASS	AAA/AAA	PASS
SRR23343483	D24	Apis dorsata	China: Guangxi, Chongzuo	549	primary	primary	PASS	TTT/TTT	F/F	F	2	25	25	75.221	TTT/TTT	PASS	TTT/TTT	PASS
SRR23343483	D24	Apis dorsata	China: Guangxi, Chongzuo	549	primary	sensitivity	PASS	TTT/TTT	F/F	F	2	31	31	93.262	TTT/TTT	PASS	TTT/TTT	PASS
SRR23343483	D24	Apis dorsata	China: Guangxi, Chongzuo	717	secondary	primary	PASS	ACT/ACT	T/T	T	2	28	28	84.248	ACT/ACT	PASS	ACT/ACT	PASS
SRR23343483	D24	Apis dorsata	China: Guangxi, Chongzuo	717	secondary	sensitivity	PASS	ACT/ACT	T/T	T	2	35	35	99.000	ACT/ACT	PASS	ACT/ACT	PASS
SRR23343483	D24	Apis dorsata	China: Guangxi, Chongzuo	727	secondary	primary	PASS	GTT/GTT	V/V	V	2	26	27	78.230	GTT/GTT	PASS	GTT/GTT	PASS
SRR23343483	D24	Apis dorsata	China: Guangxi, Chongzuo	727	secondary	sensitivity	PASS	GTT/GTT	V/V	V	2	34	35	99.000	GTT/GTT	PASS	GTT/GTT	PASS
SRR23343483	D24	Apis dorsata	China: Guangxi, Chongzuo	766	secondary	primary	PASS	TTT/TTT	F/F	F	2	27	28	81.239	TTT/TTT	PASS	TTT/TTT	PASS
SRR23343483	D24	Apis dorsata	China: Guangxi, Chongzuo	766	secondary	sensitivity	PASS	TTT/TTT	F/F	F	2	35	36	99.000	TTT/TTT	PASS	TTT/TTT	PASS
SRR23343483	D24	Apis dorsata	China: Guangxi, Chongzuo	822	within_species_comparison	primary	PASS	ATA/ATA	I/I	V	0	30	30	90.266	ATA/ATA	PASS	ATA/ATA	PASS
SRR23343483	D24	Apis dorsata	China: Guangxi, Chongzuo	822	within_species_comparison	sensitivity	PASS	ATA/ATA	I/I	V	0	33	33	99.000	ATA/ATA	PASS	ATA/ATA	PASS
SRR23343483	D24	Apis dorsata	China: Guangxi, Chongzuo	1134	primary	primary	PASS	CTT/CTT	L/L	L	2	24	24	72.212	CTT/CTT	PASS	CTT/CTT	PASS
SRR23343483	D24	Apis dorsata	China: Guangxi, Chongzuo	1134	primary	sensitivity	PASS	CTT/CTT	L/L	L	2	26	26	78.224	CTT/CTT	PASS	CTT/CTT	PASS
SRR23343484	D20	Apis dorsata	China: Hainan, Baoting	254	primary	primary	PASS	TTT/TTT	F/F	F	2	24	24	37.446	TTT/TTT	PASS	TTT/TTT	PASS
SRR23343484	D20	Apis dorsata	China: Hainan, Baoting	254	primary	sensitivity	PASS	TTT/TTT	F/F	F	2	32	32	61.507	TTT/TTT	PASS	TTT/TTT	PASS
SRR23343484	D20	Apis dorsata	China: Hainan, Baoting	452	within_species_comparison	primary	PASS	ACG/ACG	T/T	T	2	29	29	87.257	ACG/ACG	PASS	ACG/ACG	PASS
SRR23343484	D20	Apis dorsata	China: Hainan, Baoting	452	within_species_comparison	sensitivity	PASS	ACG/ACG	T/T	T	2	34	34	99.000	ACG/ACG	PASS	ACG/ACG	PASS
SRR23343484	D20	Apis dorsata	China: Hainan, Baoting	474	secondary	primary	PASS	AAA/AAA	K/K	K	2	28	28	84.248	AAA/AAA	PASS	AAA/AAA	PASS
SRR23343484	D20	Apis dorsata	China: Hainan, Baoting	474	secondary	sensitivity	PASS	AAA/AAA	K/K	K	2	34	34	99.000	AAA/AAA	PASS	AAA/AAA	PASS
SRR23343484	D20	Apis dorsata	China: Hainan, Baoting	549	primary	primary	PASS	TTT/TTT	F/F	F	2	36	36	99.000	TTT/TTT	PASS	TTT/TTT	PASS
SRR23343484	D20	Apis dorsata	China: Hainan, Baoting	549	primary	sensitivity	PASS	TTT/TTT	F/F	F	2	39	39	99.000	TTT/TTT	PASS	TTT/TTT	PASS
SRR23343484	D20	Apis dorsata	China: Hainan, Baoting	717	secondary	primary	PASS	ACT/ACT	T/T	T	2	14	14	42.124	ACT/ACT	PASS	ACT/ACT	PASS
SRR23343484	D20	Apis dorsata	China: Hainan, Baoting	717	secondary	sensitivity	PASS	ACT/ACT	T/T	T	2	16	16	48.138	ACT/ACT	PASS	ACT/ACT	PASS
SRR23343484	D20	Apis dorsata	China: Hainan, Baoting	727	secondary	primary	PASS	GTT/GTT	V/V	V	2	22	23	66.195	GTT/GTT	PASS	GTT/GTT	PASS
SRR23343484	D20	Apis dorsata	China: Hainan, Baoting	727	secondary	sensitivity	PASS	GTT/GTT	V/V	V	2	25	26	75.215	GTT/GTT	PASS	GTT/GTT	PASS
SRR23343484	D20	Apis dorsata	China: Hainan, Baoting	766	secondary	primary	PASS	TTT/TTT	F/F	F	2	31	32	93.274	TTT/TTT	PASS	TTT/TTT	PASS
SRR23343484	D20	Apis dorsata	China: Hainan, Baoting	766	secondary	sensitivity	PASS	TTT/TTT	F/F	F	2	34	35	99.000	TTT/TTT	PASS	TTT/TTT	PASS
SRR23343484	D20	Apis dorsata	China: Hainan, Baoting	822	within_species_comparison	primary	PASS	ATA/ATA	I/I	V	0	49	49	99.000	ATA/ATA	PASS	ATA/ATA	PASS
SRR23343484	D20	Apis dorsata	China: Hainan, Baoting	822	within_species_comparison	sensitivity	PASS	ATA/ATA	I/I	V	0	57	57	99.000	ATA/ATA	PASS	ATA/ATA	PASS
SRR23343484	D20	Apis dorsata	China: Hainan, Baoting	1134	primary	primary	PASS	CTT/CTT	L/L	L	2	49	49	99.000	CTT/CTT	PASS	CTT/CTT	PASS
SRR23343484	D20	Apis dorsata	China: Hainan, Baoting	1134	primary	sensitivity	PASS	CTT/CTT	L/L	L	2	55	55	99.000	CTT/CTT	PASS	CTT/CTT	PASS
SRR23343485	D19	Apis dorsata	China: Hainan, Baoting	254	primary	primary	PASS	TTT/TTT	F/F	F	2	20	20	60.177	TTT/TTT	PASS	TTT/TTT	PASS
SRR23343485	D19	Apis dorsata	China: Hainan, Baoting	254	primary	sensitivity	PASS	TTT/TTT	F/F	F	2	25	25	75.209	TTT/TTT	PASS	TTT/TTT	PASS
SRR23343485	D19	Apis dorsata	China: Hainan, Baoting	452	within_species_comparison	primary	PASS	ACG/ACG	T/T	T	2	25	25	75.221	ACG/ACG	PASS	ACG/ACG	PASS
SRR23343485	D19	Apis dorsata	China: Hainan, Baoting	452	within_species_comparison	sensitivity	PASS	ACG/ACG	T/T	T	2	30	31	90.256	ACG/ACG	PASS	ACG/ACG	PASS
SRR23343485	D19	Apis dorsata	China: Hainan, Baoting	474	secondary	primary	PASS	AAA/AAA	K/K	K	2	30	30	90.266	AAA/AAA	PASS	AAA/AAA	PASS
SRR23343485	D19	Apis dorsata	China: Hainan, Baoting	474	secondary	sensitivity	PASS	AAA/AAA	K/K	K	2	34	34	99.000	AAA/AAA	PASS	AAA/AAA	PASS
SRR23343485	D19	Apis dorsata	China: Hainan, Baoting	549	primary	primary	PASS	TTT/TTT	F/F	F	2	22	22	66.195	TTT/TTT	PASS	TTT/TTT	PASS
SRR23343485	D19	Apis dorsata	China: Hainan, Baoting	549	primary	sensitivity	PASS	TTT/TTT	F/F	F	2	30	30	90.250	TTT/TTT	PASS	TTT/TTT	PASS
SRR23343485	D19	Apis dorsata	China: Hainan, Baoting	717	secondary	primary	PASS	ACT/ACT	T/T	T	2	27	27	81.239	ACT/ACT	PASS	ACT/ACT	PASS
SRR23343485	D19	Apis dorsata	China: Hainan, Baoting	717	secondary	sensitivity	PASS	ACT/ACT	T/T	T	2	30	30	90.259	ACT/ACT	PASS	ACT/ACT	PASS
SRR23343485	D19	Apis dorsata	China: Hainan, Baoting	727	secondary	primary	PASS	GTT/GTT	V/V	V	2	18	19	54.159	GTT/GTT	PASS	GTT/GTT	PASS
SRR23343485	D19	Apis dorsata	China: Hainan, Baoting	727	secondary	sensitivity	PASS	GTT/GTT	V/V	V	2	23	25	69.191	GTT/GTT	PASS	GTT/GTT	PASS
SRR23343485	D19	Apis dorsata	China: Hainan, Baoting	766	secondary	primary	PASS	TTT/TTT	F/F	F	2	21	21	63.186	TTT/TTT	PASS	TTT/TTT	PASS
SRR23343485	D19	Apis dorsata	China: Hainan, Baoting	766	secondary	sensitivity	PASS	TTT/TTT	F/F	F	2	29	29	87.238	TTT/TTT	PASS	TTT/TTT	PASS
SRR23343485	D19	Apis dorsata	China: Hainan, Baoting	822	within_species_comparison	primary	PASS	ATA/GTA	I/V	V	1	29	29	99.000	ATA/GTA	PASS	ATA/GTA	PASS
SRR23343485	D19	Apis dorsata	China: Hainan, Baoting	822	within_species_comparison	sensitivity	PASS	ATA/GTA	I/V	V	1	33	33	99.000	ATA/GTA	PASS	ATA/GTA	PASS
SRR23343485	D19	Apis dorsata	China: Hainan, Baoting	1134	primary	primary	PASS	CTT/CTT	L/L	L	2	23	23	69.204	CTT/CTT	PASS	CTT/CTT	PASS
SRR23343485	D19	Apis dorsata	China: Hainan, Baoting	1134	primary	sensitivity	PASS	CTT/CTT	L/L	L	2	27	27	81.233	CTT/CTT	PASS	CTT/CTT	PASS
SRR23343486	D4	Apis dorsata	China: Hainan, Baoting	254	primary	primary	PASS	TTT/TTT	F/F	F	2	32	32	96.283	TTT/TTT	PASS	TTT/TTT	PASS
SRR23343486	D4	Apis dorsata	China: Hainan, Baoting	254	primary	sensitivity	PASS	TTT/TTT	F/F	F	2	36	36	99.000	TTT/TTT	PASS	TTT/TTT	PASS
SRR23343486	D4	Apis dorsata	China: Hainan, Baoting	452	within_species_comparison	primary	PASS	ACG/ACG	T/T	T	2	35	35	99.000	ACG/ACG	PASS	ACG/ACG	PASS
SRR23343486	D4	Apis dorsata	China: Hainan, Baoting	452	within_species_comparison	sensitivity	PASS	ACG/ACG	T/T	T	2	39	39	99.000	ACG/ACG	PASS	ACG/ACG	PASS
SRR23343486	D4	Apis dorsata	China: Hainan, Baoting	474	secondary	primary	PASS	AAA/AAA	K/K	K	2	44	44	99.000	AAA/AAA	PASS	AAA/AAA	PASS
SRR23343486	D4	Apis dorsata	China: Hainan, Baoting	474	secondary	sensitivity	PASS	AAA/AAA	K/K	K	2	50	50	99.000	AAA/AAA	PASS	AAA/AAA	PASS
SRR23343486	D4	Apis dorsata	China: Hainan, Baoting	549	primary	primary	PASS	TTT/TTT	F/F	F	2	35	35	99.000	TTT/TTT	PASS	TTT/TTT	PASS
SRR23343486	D4	Apis dorsata	China: Hainan, Baoting	549	primary	sensitivity	PASS	TTT/TTT	F/F	F	2	41	41	99.000	TTT/TTT	PASS	TTT/TTT	PASS
SRR23343486	D4	Apis dorsata	China: Hainan, Baoting	717	secondary	primary	PASS	ACT/ACT	T/T	T	2	25	25	75.221	ACT/ACT	PASS	ACT/ACT	PASS
SRR23343486	D4	Apis dorsata	China: Hainan, Baoting	717	secondary	sensitivity	PASS	ACT/ACT	T/T	T	2	30	30	90.256	ACT/ACT	PASS	ACT/ACT	PASS
SRR23343486	D4	Apis dorsata	China: Hainan, Baoting	727	secondary	primary	PASS	GTT/GTT	V/V	V	2	26	26	78.230	GTT/GTT	PASS	GTT/GTT	PASS
SRR23343486	D4	Apis dorsata	China: Hainan, Baoting	727	secondary	sensitivity	PASS	GTT/GTT	V/V	V	2	29	30	87.250	GTT/GTT	PASS	GTT/GTT	PASS
SRR23343486	D4	Apis dorsata	China: Hainan, Baoting	766	secondary	primary	PASS	TTT/TTT	F/F	F	2	24	24	72.212	TTT/TTT	PASS	TTT/TTT	PASS
SRR23343486	D4	Apis dorsata	China: Hainan, Baoting	766	secondary	sensitivity	PASS	TTT/TTT	F/F	F	2	33	34	99.000	TTT/TTT	PASS	TTT/TTT	PASS
SRR23343486	D4	Apis dorsata	China: Hainan, Baoting	822	within_species_comparison	primary	PASS	ATA/ATA	I/I	V	0	25	25	75.221	ATA/ATA	PASS	ATA/ATA	PASS
SRR23343486	D4	Apis dorsata	China: Hainan, Baoting	822	within_species_comparison	sensitivity	PASS	ATA/ATA	I/I	V	0	27	27	81.233	ATA/ATA	PASS	ATA/ATA	PASS
SRR23343486	D4	Apis dorsata	China: Hainan, Baoting	1134	primary	primary	PASS	CTT/CTT	L/L	L	2	31	31	93.274	CTT/CTT	PASS	CTT/CTT	PASS
SRR23343486	D4	Apis dorsata	China: Hainan, Baoting	1134	primary	sensitivity	PASS	CTT/CTT	L/L	L	2	34	34	99.000	CTT/CTT	PASS	CTT/CTT	PASS
SRR23343487	D1	Apis dorsata	China: Hainan, Baoting	254	primary	primary	PASS	TTT/TTT	F/F	F	2	25	25	75.221	TTT/TTT	PASS	TTT/TTT	PASS
SRR23343487	D1	Apis dorsata	China: Hainan, Baoting	254	primary	sensitivity	PASS	TTT/TTT	F/F	F	2	26	26	78.227	TTT/TTT	PASS	TTT/TTT	PASS
SRR23343487	D1	Apis dorsata	China: Hainan, Baoting	452	within_species_comparison	primary	PASS	ACG/ACG	T/T	T	2	40	41	99.000	ACG/ACG	PASS	ACG/ACG	PASS
SRR23343487	D1	Apis dorsata	China: Hainan, Baoting	452	within_species_comparison	sensitivity	PASS	ACG/ACG	T/T	T	2	44	45	99.000	ACG/ACG	PASS	ACG/ACG	PASS
SRR23343487	D1	Apis dorsata	China: Hainan, Baoting	474	secondary	primary	PASS	AAA/AAA	K/K	K	2	35	35	99.000	AAA/AAA	PASS	AAA/AAA	PASS
SRR23343487	D1	Apis dorsata	China: Hainan, Baoting	474	secondary	sensitivity	PASS	AAA/AAA	K/K	K	2	43	43	99.000	AAA/AAA	PASS	AAA/AAA	PASS
SRR23343487	D1	Apis dorsata	China: Hainan, Baoting	549	primary	primary	PASS	TTT/TTT	F/F	F	2	34	34	99.000	TTT/TTT	PASS	TTT/TTT	PASS
SRR23343487	D1	Apis dorsata	China: Hainan, Baoting	549	primary	sensitivity	PASS	TTT/TTT	F/F	F	2	37	37	99.000	TTT/TTT	PASS	TTT/TTT	PASS
SRR23343487	D1	Apis dorsata	China: Hainan, Baoting	717	secondary	primary	PASS	ACT/ACT	T/T	T	2	22	23	66.195	ACT/ACT	PASS	ACT/ACT	PASS
SRR23343487	D1	Apis dorsata	China: Hainan, Baoting	717	secondary	sensitivity	PASS	ACT/ACT	T/T	T	2	27	29	81.230	ACT/ACT	PASS	ACT/ACT	PASS
SRR23343487	D1	Apis dorsata	China: Hainan, Baoting	727	secondary	primary	PASS	GTT/GTT	V/V	V	2	32	33	96.283	GTT/GTT	PASS	GTT/GTT	PASS
SRR23343487	D1	Apis dorsata	China: Hainan, Baoting	727	secondary	sensitivity	PASS	GTT/GTT	V/V	V	2	34	35	99.000	GTT/GTT	PASS	GTT/GTT	PASS
SRR23343487	D1	Apis dorsata	China: Hainan, Baoting	766	secondary	primary	PASS	TTT/TTT	F/F	F	2	26	31	78.230	TTT/TTT	PASS	TTT/TTT	PASS
SRR23343487	D1	Apis dorsata	China: Hainan, Baoting	766	secondary	sensitivity	PASS	TTT/TTT	F/F	F	2	28	33	84.245	TTT/TTT	PASS	TTT/TTT	PASS
SRR23343487	D1	Apis dorsata	China: Hainan, Baoting	822	within_species_comparison	primary	PASS	ATA/ATA	I/I	V	0	32	32	96.283	ATA/ATA	PASS	ATA/ATA	PASS
SRR23343487	D1	Apis dorsata	China: Hainan, Baoting	822	within_species_comparison	sensitivity	PASS	ATA/ATA	I/I	V	0	34	34	99.000	ATA/ATA	PASS	ATA/ATA	PASS
SRR23343487	D1	Apis dorsata	China: Hainan, Baoting	1134	primary	primary	PASS	CTT/CTT	L/L	L	2	33	33	99.000	CTT/CTT	PASS	CTT/CTT	PASS
SRR23343487	D1	Apis dorsata	China: Hainan, Baoting	1134	primary	sensitivity	PASS	CTT/CTT	L/L	L	2	35	35	99.000	CTT/CTT	PASS	CTT/CTT	PASS
SRR23343488	D22	Apis dorsata	China: Hainan, Qiongzhong	254	primary	primary	PASS	TTT/TTT	F/F	F	2	20	21	60.177	TTT/TTT	PASS	TTT/TTT	PASS
SRR23343488	D22	Apis dorsata	China: Hainan, Qiongzhong	254	primary	sensitivity	PASS	TTT/TTT	F/F	F	2	25	26	75.212	TTT/TTT	PASS	TTT/TTT	PASS
SRR23343488	D22	Apis dorsata	China: Hainan, Qiongzhong	452	within_species_comparison	primary	PASS	ACG/ACG	T/T	T	2	34	35	99.000	ACG/ACG	PASS	ACG/ACG	PASS
SRR23343488	D22	Apis dorsata	China: Hainan, Qiongzhong	452	within_species_comparison	sensitivity	PASS	ACG/ACG	T/T	T	2	36	37	99.000	ACG/ACG	PASS	ACG/ACG	PASS
SRR23343488	D22	Apis dorsata	China: Hainan, Qiongzhong	474	secondary	primary	PASS	AAA/AAA	K/K	K	2	24	24	72.212	AAA/AAA	PASS	AAA/AAA	PASS
SRR23343488	D22	Apis dorsata	China: Hainan, Qiongzhong	474	secondary	sensitivity	PASS	AAA/AAA	K/K	K	2	31	31	93.265	AAA/AAA	PASS	AAA/AAA	PASS
SRR23343488	D22	Apis dorsata	China: Hainan, Qiongzhong	549	primary	primary	PASS	TTT/TTT	F/F	F	2	27	27	81.239	TTT/TTT	PASS	TTT/TTT	PASS
SRR23343488	D22	Apis dorsata	China: Hainan, Qiongzhong	549	primary	sensitivity	PASS	TTT/TTT	F/F	F	2	35	35	99.000	TTT/TTT	PASS	TTT/TTT	PASS
SRR23343488	D22	Apis dorsata	China: Hainan, Qiongzhong	717	secondary	primary	PASS	ACT/ACT	T/T	T	2	24	24	72.212	ACT/ACT	PASS	ACT/ACT	PASS
SRR23343488	D22	Apis dorsata	China: Hainan, Qiongzhong	717	secondary	sensitivity	PASS	ACT/ACT	T/T	T	2	28	28	84.238	ACT/ACT	PASS	ACT/ACT	PASS
SRR23343488	D22	Apis dorsata	China: Hainan, Qiongzhong	727	secondary	primary	PASS	GTT/GTT	V/V	V	2	17	18	51.150	GTT/GTT	PASS	GTT/GTT	PASS
SRR23343488	D22	Apis dorsata	China: Hainan, Qiongzhong	727	secondary	sensitivity	PASS	GTT/GTT	V/V	V	2	25	26	75.209	GTT/GTT	PASS	GTT/GTT	PASS
SRR23343488	D22	Apis dorsata	China: Hainan, Qiongzhong	766	secondary	primary	PASS	TTT/TTT	F/F	F	2	26	26	78.230	TTT/TTT	PASS	TTT/TTT	PASS
SRR23343488	D22	Apis dorsata	China: Hainan, Qiongzhong	766	secondary	sensitivity	PASS	TTT/TTT	F/F	F	2	30	31	90.259	TTT/TTT	PASS	TTT/TTT	PASS
SRR23343488	D22	Apis dorsata	China: Hainan, Qiongzhong	822	within_species_comparison	primary	PASS	ATA/GTA	I/V	V	1	20	20	99.000	ATA/GTA	PASS	ATA/GTA	PASS
SRR23343488	D22	Apis dorsata	China: Hainan, Qiongzhong	822	within_species_comparison	sensitivity	PASS	ATA/GTA	I/V	V	1	23	23	99.000	ATA/GTA	PASS	ATA/GTA	PASS
SRR23343488	D22	Apis dorsata	China: Hainan, Qiongzhong	1134	primary	primary	PASS	CTT/CTT	L/L	L	2	27	27	81.239	CTT/CTT	PASS	CTT/CTT	PASS
SRR23343488	D22	Apis dorsata	China: Hainan, Qiongzhong	1134	primary	sensitivity	PASS	CTT/CTT	L/L	L	2	27	27	81.239	CTT/CTT	PASS	CTT/CTT	PASS
SRR23343489	D21	Apis dorsata	China: Hainan, Qiongzhong	254	primary	primary	PASS	TTT/TTT	F/F	F	2	33	33	99.000	TTT/TTT	PASS	TTT/TTT	PASS
SRR23343489	D21	Apis dorsata	China: Hainan, Qiongzhong	254	primary	sensitivity	PASS	TTT/TTT	F/F	F	2	37	37	99.000	TTT/TTT	PASS	TTT/TTT	PASS
SRR23343489	D21	Apis dorsata	China: Hainan, Qiongzhong	452	within_species_comparison	primary	PASS	ACG/ACG	T/T	T	2	31	31	93.274	ACG/ACG	PASS	ACG/ACG	PASS
SRR23343489	D21	Apis dorsata	China: Hainan, Qiongzhong	452	within_species_comparison	sensitivity	PASS	ACG/ACG	T/T	T	2	35	35	99.000	ACG/ACG	PASS	ACG/ACG	PASS
SRR23343489	D21	Apis dorsata	China: Hainan, Qiongzhong	474	secondary	primary	PASS	AAA/AAA	K/K	K	2	26	26	78.230	AAA/AAA	PASS	AAA/AAA	PASS
SRR23343489	D21	Apis dorsata	China: Hainan, Qiongzhong	474	secondary	sensitivity	PASS	AAA/AAA	K/K	K	2	35	35	99.000	AAA/AAA	PASS	AAA/AAA	PASS
SRR23343489	D21	Apis dorsata	China: Hainan, Qiongzhong	549	primary	primary	PASS	TTT/TTT	F/F	F	2	27	27	81.239	TTT/TTT	PASS	TTT/TTT	PASS
SRR23343489	D21	Apis dorsata	China: Hainan, Qiongzhong	549	primary	sensitivity	PASS	TTT/TTT	F/F	F	2	36	36	99.000	TTT/TTT	PASS	TTT/TTT	PASS
SRR23343489	D21	Apis dorsata	China: Hainan, Qiongzhong	717	secondary	primary	PASS	ACT/ACT	T/T	T	2	20	20	60.177	ACT/ACT	PASS	ACT/ACT	PASS
SRR23343489	D21	Apis dorsata	China: Hainan, Qiongzhong	717	secondary	sensitivity	PASS	ACT/ACT	T/T	T	2	26	26	78.214	ACT/ACT	PASS	ACT/ACT	PASS
SRR23343489	D21	Apis dorsata	China: Hainan, Qiongzhong	727	secondary	primary	PASS	GTT/GTT	V/V	V	2	30	30	90.266	GTT/GTT	PASS	GTT/GTT	PASS
SRR23343489	D21	Apis dorsata	China: Hainan, Qiongzhong	727	secondary	sensitivity	PASS	GTT/GTT	V/V	V	2	34	34	99.000	GTT/GTT	PASS	GTT/GTT	PASS
SRR23343489	D21	Apis dorsata	China: Hainan, Qiongzhong	766	secondary	primary	PASS	TTT/TTT	F/F	F	2	29	29	87.257	TTT/TTT	PASS	TTT/TTT	PASS
SRR23343489	D21	Apis dorsata	China: Hainan, Qiongzhong	766	secondary	sensitivity	PASS	TTT/TTT	F/F	F	2	36	36	99.000	TTT/TTT	PASS	TTT/TTT	PASS
SRR23343489	D21	Apis dorsata	China: Hainan, Qiongzhong	822	within_species_comparison	primary	PASS	ATA/ATA	I/I	V	0	30	30	90.266	ATA/ATA	PASS	ATA/ATA	PASS
SRR23343489	D21	Apis dorsata	China: Hainan, Qiongzhong	822	within_species_comparison	sensitivity	PASS	ATA/ATA	I/I	V	0	35	35	99.000	ATA/ATA	PASS	ATA/ATA	PASS
SRR23343489	D21	Apis dorsata	China: Hainan, Qiongzhong	1134	primary	primary	PASS	CTT/CTT	L/L	L	2	33	33	99.000	CTT/CTT	PASS	CTT/CTT	PASS
SRR23343489	D21	Apis dorsata	China: Hainan, Qiongzhong	1134	primary	sensitivity	PASS	CTT/CTT	L/L	L	2	38	38	99.000	CTT/CTT	PASS	CTT/CTT	PASS
SRR23343490	D6	Apis dorsata	China: Hainan, Qiongzhong	254	primary	primary	PASS	TTT/TTT	F/F	F	2	20	21	60.177	TTT/TTT	PASS	TTT/TTT	PASS
SRR23343490	D6	Apis dorsata	China: Hainan, Qiongzhong	254	primary	sensitivity	PASS	TTT/TTT	F/F	F	2	25	26	75.212	TTT/TTT	PASS	TTT/TTT	PASS
SRR23343490	D6	Apis dorsata	China: Hainan, Qiongzhong	452	within_species_comparison	primary	PASS	ACG/ACG	T/T	T	2	17	17	51.150	ACG/ACG	PASS	ACG/ACG	PASS
SRR23343490	D6	Apis dorsata	China: Hainan, Qiongzhong	452	within_species_comparison	sensitivity	PASS	ACG/ACG	T/T	T	2	20	20	60.171	ACG/ACG	PASS	ACG/ACG	PASS
SRR23343490	D6	Apis dorsata	China: Hainan, Qiongzhong	474	secondary	primary	PASS	AAA/AAA	K/K	K	2	20	20	60.177	AAA/AAA	PASS	AAA/AAA	PASS
SRR23343490	D6	Apis dorsata	China: Hainan, Qiongzhong	474	secondary	sensitivity	PASS	AAA/AAA	K/K	K	2	21	21	63.183	AAA/AAA	PASS	AAA/AAA	PASS
SRR23343490	D6	Apis dorsata	China: Hainan, Qiongzhong	549	primary	primary	PASS	TTT/TTT	F/F	F	2	26	26	78.230	TTT/TTT	PASS	TTT/TTT	PASS
SRR23343490	D6	Apis dorsata	China: Hainan, Qiongzhong	549	primary	sensitivity	PASS	TTT/TTT	F/F	F	2	29	29	87.254	TTT/TTT	PASS	TTT/TTT	PASS
SRR23343490	D6	Apis dorsata	China: Hainan, Qiongzhong	717	secondary	primary	PASS	ACT/ACT	T/T	T	2	13	13	39.115	ACT/ACT	PASS	ACT/ACT	PASS
SRR23343490	D6	Apis dorsata	China: Hainan, Qiongzhong	717	secondary	sensitivity	PASS	ACT/ACT	T/T	T	2	15	15	45.130	ACT/ACT	PASS	ACT/ACT	PASS
SRR23343490	D6	Apis dorsata	China: Hainan, Qiongzhong	727	secondary	primary	PASS	GTT/GTT	V/V	V	2	21	21	63.186	GTT/GTT	PASS	GTT/GTT	PASS
SRR23343490	D6	Apis dorsata	China: Hainan, Qiongzhong	727	secondary	sensitivity	PASS	GTT/GTT	V/V	V	2	26	26	78.221	GTT/GTT	PASS	GTT/GTT	PASS
SRR23343490	D6	Apis dorsata	China: Hainan, Qiongzhong	766	secondary	primary	PASS	TTT/TTT	F/F	F	2	25	26	75.221	TTT/TTT	PASS	TTT/TTT	PASS
SRR23343490	D6	Apis dorsata	China: Hainan, Qiongzhong	766	secondary	sensitivity	PASS	TTT/TTT	F/F	F	2	28	29	84.245	TTT/TTT	PASS	TTT/TTT	PASS
SRR23343490	D6	Apis dorsata	China: Hainan, Qiongzhong	822	within_species_comparison	primary	PASS	ATA/GTA	I/V	V	1	31	31	99.000	ATA/GTA	PASS	ATA/GTA	PASS
SRR23343490	D6	Apis dorsata	China: Hainan, Qiongzhong	822	within_species_comparison	sensitivity	PASS	ATA/GTA	I/V	V	1	33	33	99.000	ATA/GTA	PASS	ATA/GTA	PASS
SRR23343490	D6	Apis dorsata	China: Hainan, Qiongzhong	1134	primary	primary	PASS	CTT/CTT	L/L	L	2	22	22	66.195	CTT/CTT	PASS	CTT/CTT	PASS
SRR23343490	D6	Apis dorsata	China: Hainan, Qiongzhong	1134	primary	sensitivity	PASS	CTT/CTT	L/L	L	2	25	25	75.215	CTT/CTT	PASS	CTT/CTT	PASS
SRR23343491	D5	Apis dorsata	China: Hainan, Qiongzhong	254	primary	primary	PASS	TTT/TTT	F/F	F	2	26	26	78.230	TTT/TTT	PASS	TTT/TTT	PASS
SRR23343491	D5	Apis dorsata	China: Hainan, Qiongzhong	254	primary	sensitivity	PASS	TTT/TTT	F/F	F	2	30	30	90.259	TTT/TTT	PASS	TTT/TTT	PASS
SRR23343491	D5	Apis dorsata	China: Hainan, Qiongzhong	452	within_species_comparison	primary	PASS	ACG/ACG	T/T	T	2	26	26	78.230	ACG/ACG	PASS	ACG/ACG	PASS
SRR23343491	D5	Apis dorsata	China: Hainan, Qiongzhong	452	within_species_comparison	sensitivity	PASS	ACG/ACG	T/T	T	2	35	35	99.000	ACG/ACG	PASS	ACG/ACG	PASS
SRR23343491	D5	Apis dorsata	China: Hainan, Qiongzhong	474	secondary	primary	PASS	AAA/AAA	K/K	K	2	26	26	78.230	AAA/AAA	PASS	AAA/AAA	PASS
SRR23343491	D5	Apis dorsata	China: Hainan, Qiongzhong	474	secondary	sensitivity	PASS	AAA/AAA	K/K	K	2	32	32	96.268	AAA/AAA	PASS	AAA/AAA	PASS
SRR23343491	D5	Apis dorsata	China: Hainan, Qiongzhong	549	primary	primary	PASS	TTT/TTT	F/F	F	2	22	22	66.195	TTT/TTT	PASS	TTT/TTT	PASS
SRR23343491	D5	Apis dorsata	China: Hainan, Qiongzhong	549	primary	sensitivity	PASS	TTT/TTT	F/F	F	2	28	28	84.238	TTT/TTT	PASS	TTT/TTT	PASS
SRR23343491	D5	Apis dorsata	China: Hainan, Qiongzhong	717	secondary	primary	PASS	ACT/ACT	T/T	T	2	19	19	57.168	ACT/ACT	PASS	ACT/ACT	PASS
SRR23343491	D5	Apis dorsata	China: Hainan, Qiongzhong	717	secondary	sensitivity	PASS	ACT/ACT	T/T	T	2	23	23	69.194	ACT/ACT	PASS	ACT/ACT	PASS
SRR23343491	D5	Apis dorsata	China: Hainan, Qiongzhong	727	secondary	primary	PASS	GTT/GTT	V/V	V	2	17	19	51.150	GTT/GTT	PASS	GTT/GTT	PASS
SRR23343491	D5	Apis dorsata	China: Hainan, Qiongzhong	727	secondary	sensitivity	PASS	GTT/GTT	V/V	V	2	22	24	66.182	GTT/GTT	PASS	GTT/GTT	PASS
SRR23343491	D5	Apis dorsata	China: Hainan, Qiongzhong	766	secondary	primary	PASS	TTT/TTT	F/F	F	2	25	26	75.221	TTT/TTT	PASS	TTT/TTT	PASS
SRR23343491	D5	Apis dorsata	China: Hainan, Qiongzhong	766	secondary	sensitivity	PASS	TTT/TTT	F/F	F	2	29	30	87.247	TTT/TTT	PASS	TTT/TTT	PASS
SRR23343491	D5	Apis dorsata	China: Hainan, Qiongzhong	822	within_species_comparison	primary	PASS	ATA/ATA	I/I	V	0	19	19	57.168	ATA/ATA	PASS	ATA/ATA	PASS
SRR23343491	D5	Apis dorsata	China: Hainan, Qiongzhong	822	within_species_comparison	sensitivity	PASS	ATA/ATA	I/I	V	0	20	20	60.174	ATA/ATA	PASS	ATA/ATA	PASS
SRR23343491	D5	Apis dorsata	China: Hainan, Qiongzhong	1134	primary	primary	PASS	CTT/CTT	L/L	L	2	22	22	66.195	CTT/CTT	PASS	CTT/CTT	PASS
SRR23343491	D5	Apis dorsata	China: Hainan, Qiongzhong	1134	primary	sensitivity	PASS	CTT/CTT	L/L	L	2	25	25	75.212	CTT/CTT	PASS	CTT/CTT	PASS
SRR23343492	D3	Apis dorsata	China: Hainan, Qiongzhong	254	primary	primary	PASS	TTT/TTT	F/F	F	2	29	29	87.257	TTT/TTT	PASS	TTT/TTT	PASS
SRR23343492	D3	Apis dorsata	China: Hainan, Qiongzhong	254	primary	sensitivity	PASS	TTT/TTT	F/F	F	2	39	39	99.000	TTT/TTT	PASS	TTT/TTT	PASS
SRR23343492	D3	Apis dorsata	China: Hainan, Qiongzhong	452	within_species_comparison	primary	PASS	ACG/ACG	T/T	T	2	28	28	84.248	ACG/ACG	PASS	ACG/ACG	PASS
SRR23343492	D3	Apis dorsata	China: Hainan, Qiongzhong	452	within_species_comparison	sensitivity	PASS	ACG/ACG	T/T	T	2	33	33	99.000	ACG/ACG	PASS	ACG/ACG	PASS
SRR23343492	D3	Apis dorsata	China: Hainan, Qiongzhong	474	secondary	primary	PASS	AAA/AAA	K/K	K	2	30	30	90.266	AAA/AAA	PASS	AAA/AAA	PASS
SRR23343492	D3	Apis dorsata	China: Hainan, Qiongzhong	474	secondary	sensitivity	PASS	AAA/AAA	K/K	K	2	32	32	96.280	AAA/AAA	PASS	AAA/AAA	PASS
SRR23343492	D3	Apis dorsata	China: Hainan, Qiongzhong	549	primary	primary	PASS	TTT/TTT	F/F	F	2	17	17	51.150	TTT/TTT	PASS	TTT/TTT	PASS
SRR23343492	D3	Apis dorsata	China: Hainan, Qiongzhong	549	primary	sensitivity	PASS	TTT/TTT	F/F	F	2	23	23	69.194	TTT/TTT	PASS	TTT/TTT	PASS
SRR23343492	D3	Apis dorsata	China: Hainan, Qiongzhong	717	secondary	primary	PASS	ACT/ACT	T/T	T	2	25	25	75.221	ACT/ACT	PASS	ACT/ACT	PASS
SRR23343492	D3	Apis dorsata	China: Hainan, Qiongzhong	717	secondary	sensitivity	PASS	ACT/ACT	T/T	T	2	31	32	93.268	ACT/ACT	PASS	ACT/ACT	PASS
SRR23343492	D3	Apis dorsata	China: Hainan, Qiongzhong	727	secondary	primary	PASS	GTT/GTT	V/V	V	2	26	28	78.230	GTT/GTT	PASS	GTT/GTT	PASS
SRR23343492	D3	Apis dorsata	China: Hainan, Qiongzhong	727	secondary	sensitivity	PASS	GTT/GTT	V/V	V	2	33	35	99.000	GTT/GTT	PASS	GTT/GTT	PASS
SRR23343492	D3	Apis dorsata	China: Hainan, Qiongzhong	766	secondary	primary	PASS	TTT/TTT	F/F	F	2	28	29	84.248	TTT/TTT	PASS	TTT/TTT	PASS
SRR23343492	D3	Apis dorsata	China: Hainan, Qiongzhong	766	secondary	sensitivity	PASS	TTT/TTT	F/F	F	2	35	37	99.000	TTT/TTT	PASS	TTT/TTT	PASS
SRR23343492	D3	Apis dorsata	China: Hainan, Qiongzhong	822	within_species_comparison	primary	PASS	ATA/ATA	I/I	V	0	20	21	60.177	ATA/ATA	PASS	ATA/ATA	PASS
SRR23343492	D3	Apis dorsata	China: Hainan, Qiongzhong	822	within_species_comparison	sensitivity	PASS	ATA/ATA	I/I	V	0	22	23	66.192	ATA/ATA	PASS	ATA/ATA	PASS
SRR23343492	D3	Apis dorsata	China: Hainan, Qiongzhong	1134	primary	primary	PASS	CTT/CTT	L/L	L	2	35	35	99.000	CTT/CTT	PASS	CTT/CTT	PASS
SRR23343492	D3	Apis dorsata	China: Hainan, Qiongzhong	1134	primary	sensitivity	PASS	CTT/CTT	L/L	L	2	38	38	99.000	CTT/CTT	PASS	CTT/CTT	PASS
SRR23343493	D9	Apis dorsata	China: Yunnan, Xishuangbanna	254	primary	primary	PASS	TTT/TTT	F/F	F	2	20	20	60.177	TTT/TTT	PASS	TTT/TTT	PASS
SRR23343493	D9	Apis dorsata	China: Yunnan, Xishuangbanna	254	primary	sensitivity	PASS	TTT/TTT	F/F	F	2	22	22	66.188	TTT/TTT	PASS	TTT/TTT	PASS
SRR23343493	D9	Apis dorsata	China: Yunnan, Xishuangbanna	452	within_species_comparison	primary	PASS	ACG/ACG	T/T	T	2	18	18	54.159	ACG/ACG	PASS	ACG/ACG	PASS
SRR23343493	D9	Apis dorsata	China: Yunnan, Xishuangbanna	452	within_species_comparison	sensitivity	PASS	ACG/ACG	T/T	T	2	18	18	54.159	ACG/ACG	PASS	ACG/ACG	PASS
SRR23343493	D9	Apis dorsata	China: Yunnan, Xishuangbanna	474	secondary	primary	PASS	AAA/AAA	K/K	K	2	18	18	54.159	AAA/AAA	PASS	AAA/AAA	PASS
SRR23343493	D9	Apis dorsata	China: Yunnan, Xishuangbanna	474	secondary	sensitivity	PASS	AAA/AAA	K/K	K	2	21	21	63.180	AAA/AAA	PASS	AAA/AAA	PASS
SRR23343493	D9	Apis dorsata	China: Yunnan, Xishuangbanna	549	primary	primary	PASS	TTT/TTT	F/F	F	2	18	18	54.159	TTT/TTT	PASS	TTT/TTT	PASS
SRR23343493	D9	Apis dorsata	China: Yunnan, Xishuangbanna	549	primary	sensitivity	PASS	TTT/TTT	F/F	F	2	21	21	63.180	TTT/TTT	PASS	TTT/TTT	PASS
SRR23343493	D9	Apis dorsata	China: Yunnan, Xishuangbanna	717	secondary	primary	PASS	ACT/ACT	T/T	T	2	21	22	63.186	ACT/ACT	PASS	ACT/ACT	PASS
SRR23343493	D9	Apis dorsata	China: Yunnan, Xishuangbanna	717	secondary	sensitivity	PASS	ACT/ACT	T/T	T	2	23	24	69.197	ACT/ACT	PASS	ACT/ACT	PASS
SRR23343493	D9	Apis dorsata	China: Yunnan, Xishuangbanna	727	secondary	primary	PASS	GTT/GTT	V/V	V	2	17	17	51.150	GTT/GTT	PASS	GTT/GTT	PASS
SRR23343493	D9	Apis dorsata	China: Yunnan, Xishuangbanna	727	secondary	sensitivity	PASS	GTT/GTT	V/V	V	2	20	22	60.174	GTT/GTT	PASS	GTT/GTT	PASS
SRR23343493	D9	Apis dorsata	China: Yunnan, Xishuangbanna	766	secondary	primary	reference_quality_failure			F		19	19	22.401	TTT/TTT	low_genotype_quality	TTT/TTT	low_genotype_quality
SRR23343493	D9	Apis dorsata	China: Yunnan, Xishuangbanna	766	secondary	sensitivity	reference_quality_failure			F		21	21	28.419	TTT/TTT	low_genotype_quality	TTT/TTT	low_genotype_quality
SRR23343493	D9	Apis dorsata	China: Yunnan, Xishuangbanna	822	within_species_comparison	primary	PASS	ATA/ATA	I/I	V	0	22	22	66.195	ATA/ATA	PASS	ATA/ATA	PASS
SRR23343493	D9	Apis dorsata	China: Yunnan, Xishuangbanna	822	within_species_comparison	sensitivity	PASS	ATA/ATA	I/I	V	0	23	23	69.200	ATA/ATA	PASS	ATA/ATA	PASS
SRR23343493	D9	Apis dorsata	China: Yunnan, Xishuangbanna	1134	primary	primary	PASS	CTT/CTT	L/L	L	2	18	18	54.159	CTT/CTT	PASS	CTT/CTT	PASS
SRR23343493	D9	Apis dorsata	China: Yunnan, Xishuangbanna	1134	primary	sensitivity	PASS	CTT/CTT	L/L	L	2	21	21	63.180	CTT/CTT	PASS	CTT/CTT	PASS
SRR23343494	D8	Apis dorsata	China: Yunnan, Xishuangbanna	254	primary	primary	PASS	TTT/TTT	F/F	F	2	24	24	72.212	TTT/TTT	PASS	TTT/TTT	PASS
SRR23343494	D8	Apis dorsata	China: Yunnan, Xishuangbanna	254	primary	sensitivity	PASS	TTT/TTT	F/F	F	2	26	26	78.227	TTT/TTT	PASS	TTT/TTT	PASS
SRR23343494	D8	Apis dorsata	China: Yunnan, Xishuangbanna	452	within_species_comparison	primary	PASS	ACG/ACG	T/T	T	2	21	22	63.186	ACG/ACG	PASS	ACG/ACG	PASS
SRR23343494	D8	Apis dorsata	China: Yunnan, Xishuangbanna	452	within_species_comparison	sensitivity	PASS	ACG/ACG	T/T	T	2	27	28	81.230	ACG/ACG	PASS	ACG/ACG	PASS
SRR23343494	D8	Apis dorsata	China: Yunnan, Xishuangbanna	474	secondary	primary	PASS	AAA/AAA	K/K	K	2	26	26	78.230	AAA/AAA	PASS	AAA/AAA	PASS
SRR23343494	D8	Apis dorsata	China: Yunnan, Xishuangbanna	474	secondary	sensitivity	PASS	AAA/AAA	K/K	K	2	33	33	99.000	AAA/AAA	PASS	AAA/AAA	PASS
SRR23343494	D8	Apis dorsata	China: Yunnan, Xishuangbanna	549	primary	primary	PASS	TTT/TTT	F/F	F	2	29	29	87.257	TTT/TTT	PASS	TTT/TTT	PASS
SRR23343494	D8	Apis dorsata	China: Yunnan, Xishuangbanna	549	primary	sensitivity	PASS	TTT/TTT	F/F	F	2	31	31	93.268	TTT/TTT	PASS	TTT/TTT	PASS
SRR23343494	D8	Apis dorsata	China: Yunnan, Xishuangbanna	717	secondary	primary	PASS	ACT/ACT	T/T	T	2	24	24	72.212	ACT/ACT	PASS	ACT/ACT	PASS
SRR23343494	D8	Apis dorsata	China: Yunnan, Xishuangbanna	717	secondary	sensitivity	PASS	ACT/ACT	T/T	T	2	30	30	90.253	ACT/ACT	PASS	ACT/ACT	PASS
SRR23343494	D8	Apis dorsata	China: Yunnan, Xishuangbanna	727	secondary	primary	PASS	GTT/GTT	V/V	V	2	22	22	66.195	GTT/GTT	PASS	GTT/GTT	PASS
SRR23343494	D8	Apis dorsata	China: Yunnan, Xishuangbanna	727	secondary	sensitivity	PASS	GTT/GTT	V/V	V	2	29	29	87.247	GTT/GTT	PASS	GTT/GTT	PASS
SRR23343494	D8	Apis dorsata	China: Yunnan, Xishuangbanna	766	secondary	primary	PASS	TTT/TTT	F/F	F	2	42	42	99.000	TTT/TTT	PASS	TTT/TTT	PASS
SRR23343494	D8	Apis dorsata	China: Yunnan, Xishuangbanna	766	secondary	sensitivity	PASS	TTT/TTT	F/F	F	2	45	45	99.000	TTT/TTT	PASS	TTT/TTT	PASS
SRR23343494	D8	Apis dorsata	China: Yunnan, Xishuangbanna	822	within_species_comparison	primary	PASS	ATA/ATA	I/I	V	0	35	35	99.000	ATA/ATA	PASS	ATA/ATA	PASS
SRR23343494	D8	Apis dorsata	China: Yunnan, Xishuangbanna	822	within_species_comparison	sensitivity	PASS	ATA/ATA	I/I	V	0	36	36	99.000	ATA/ATA	PASS	ATA/ATA	PASS
SRR23343494	D8	Apis dorsata	China: Yunnan, Xishuangbanna	1134	primary	primary	PASS	CTT/CTT	L/L	L	2	38	38	99.000	CTT/CTT	PASS	CTT/CTT	PASS
SRR23343494	D8	Apis dorsata	China: Yunnan, Xishuangbanna	1134	primary	sensitivity	PASS	CTT/CTT	L/L	L	2	41	41	99.000	CTT/CTT	PASS	CTT/CTT	PASS
