run_accession	assembly	focal_AL_position	role	profile	unit	reason	count
SRR23343438	AL_Shangrila	254	primary	primary	alignment	duplicate	11
SRR23343438	AL_Shangrila	254	primary	primary	alignment	eligible	31
SRR23343438	AL_Shangrila	254	primary	primary	alignment	incomplete_codon	2
SRR23343438	AL_Shangrila	254	primary	primary	alignment	low_base_quality	11
SRR23343438	AL_Shangrila	254	primary	primary	fragment	conflicting_mates	0
SRR23343438	AL_Shangrila	254	primary	primary	fragment	independent_eligible	31
SRR23343439	AL_Shangrila	254	primary	primary	alignment	duplicate	10
SRR23343439	AL_Shangrila	254	primary	primary	alignment	eligible	27
SRR23343439	AL_Shangrila	254	primary	primary	alignment	incomplete_codon	2
SRR23343439	AL_Shangrila	254	primary	primary	alignment	low_base_quality	3
SRR23343439	AL_Shangrila	254	primary	primary	fragment	conflicting_mates	0
SRR23343439	AL_Shangrila	254	primary	primary	fragment	independent_eligible	27
SRR23343440	AL_Shangrila	254	primary	primary	alignment	duplicate	8
SRR23343440	AL_Shangrila	254	primary	primary	alignment	eligible	27
SRR23343440	AL_Shangrila	254	primary	primary	alignment	low_base_quality	11
SRR23343440	AL_Shangrila	254	primary	primary	fragment	conflicting_mates	0
SRR23343440	AL_Shangrila	254	primary	primary	fragment	independent_eligible	27
SRR23343441	AL_Shangrila	254	primary	primary	alignment	duplicate	9
SRR23343441	AL_Shangrila	254	primary	primary	alignment	eligible	28
SRR23343441	AL_Shangrila	254	primary	primary	alignment	incomplete_codon	1
SRR23343441	AL_Shangrila	254	primary	primary	alignment	low_base_quality	5
SRR23343441	AL_Shangrila	254	primary	primary	fragment	conflicting_mates	0
SRR23343441	AL_Shangrila	254	primary	primary	fragment	independent_eligible	26
SRR23343442	AL_Shangrila	254	primary	primary	alignment	duplicate	5
SRR23343442	AL_Shangrila	254	primary	primary	alignment	eligible	26
SRR23343442	AL_Shangrila	254	primary	primary	alignment	incomplete_codon	1
SRR23343442	AL_Shangrila	254	primary	primary	alignment	low_base_quality	14
SRR23343442	AL_Shangrila	254	primary	primary	fragment	conflicting_mates	0
SRR23343442	AL_Shangrila	254	primary	primary	fragment	independent_eligible	25
SRR23343443	AL_Shangrila	254	primary	primary	alignment	duplicate	6
SRR23343443	AL_Shangrila	254	primary	primary	alignment	eligible	25
SRR23343443	AL_Shangrila	254	primary	primary	alignment	low_base_quality	4
SRR23343443	AL_Shangrila	254	primary	primary	fragment	conflicting_mates	0
SRR23343443	AL_Shangrila	254	primary	primary	fragment	independent_eligible	22
SRR23343444	AL_Shangrila	254	primary	primary	alignment	duplicate	4
SRR23343444	AL_Shangrila	254	primary	primary	alignment	eligible	21
SRR23343444	AL_Shangrila	254	primary	primary	alignment	incomplete_codon	1
SRR23343444	AL_Shangrila	254	primary	primary	alignment	low_base_quality	8
SRR23343444	AL_Shangrila	254	primary	primary	fragment	conflicting_mates	0
SRR23343444	AL_Shangrila	254	primary	primary	fragment	independent_eligible	21
SRR23343445	AL_Shangrila	254	primary	primary	alignment	duplicate	6
SRR23343445	AL_Shangrila	254	primary	primary	alignment	eligible	39
SRR23343445	AL_Shangrila	254	primary	primary	alignment	incomplete_codon	3
SRR23343445	AL_Shangrila	254	primary	primary	alignment	low_base_quality	10
SRR23343445	AL_Shangrila	254	primary	primary	fragment	conflicting_mates	0
SRR23343445	AL_Shangrila	254	primary	primary	fragment	independent_eligible	39
SRR23343446	AL_Shangrila	254	primary	primary	alignment	eligible	18
SRR23343446	AL_Shangrila	254	primary	primary	alignment	low_base_quality	8
SRR23343446	AL_Shangrila	254	primary	primary	fragment	conflicting_mates	0
SRR23343446	AL_Shangrila	254	primary	primary	fragment	independent_eligible	18
SRR23343447	AL_Shangrila	254	primary	primary	alignment	duplicate	9
SRR23343447	AL_Shangrila	254	primary	primary	alignment	eligible	27
SRR23343447	AL_Shangrila	254	primary	primary	alignment	incomplete_codon	1
SRR23343447	AL_Shangrila	254	primary	primary	alignment	low_base_quality	7
SRR23343447	AL_Shangrila	254	primary	primary	fragment	conflicting_mates	0
SRR23343447	AL_Shangrila	254	primary	primary	fragment	independent_eligible	26
SRR23343448	AL_Shangrila	254	primary	primary	alignment	duplicate	5
SRR23343448	AL_Shangrila	254	primary	primary	alignment	eligible	30
SRR23343448	AL_Shangrila	254	primary	primary	alignment	low_base_quality	11
SRR23343448	AL_Shangrila	254	primary	primary	fragment	conflicting_mates	0
SRR23343448	AL_Shangrila	254	primary	primary	fragment	independent_eligible	30
SRR23343449	AL_Shangrila	254	primary	primary	alignment	duplicate	7
SRR23343449	AL_Shangrila	254	primary	primary	alignment	eligible	20
SRR23343449	AL_Shangrila	254	primary	primary	alignment	incomplete_codon	1
SRR23343449	AL_Shangrila	254	primary	primary	alignment	low_base_quality	12
SRR23343449	AL_Shangrila	254	primary	primary	alignment	unmapped	1
SRR23343449	AL_Shangrila	254	primary	primary	fragment	conflicting_mates	0
SRR23343449	AL_Shangrila	254	primary	primary	fragment	independent_eligible	18
SRR23343450	AL_Shangrila	254	primary	primary	alignment	duplicate	7
SRR23343450	AL_Shangrila	254	primary	primary	alignment	eligible	34
SRR23343450	AL_Shangrila	254	primary	primary	alignment	incomplete_codon	1
SRR23343450	AL_Shangrila	254	primary	primary	alignment	low_base_quality	10
SRR23343450	AL_Shangrila	254	primary	primary	fragment	conflicting_mates	0
SRR23343450	AL_Shangrila	254	primary	primary	fragment	independent_eligible	34
SRR23343451	AL_Shangrila	254	primary	primary	alignment	duplicate	4
SRR23343451	AL_Shangrila	254	primary	primary	alignment	eligible	25
SRR23343451	AL_Shangrila	254	primary	primary	alignment	low_base_quality	4
SRR23343451	AL_Shangrila	254	primary	primary	fragment	conflicting_mates	0
SRR23343451	AL_Shangrila	254	primary	primary	fragment	independent_eligible	25
SRR23343452	AL_Shangrila	254	primary	primary	alignment	duplicate	5
SRR23343452	AL_Shangrila	254	primary	primary	alignment	eligible	21
SRR23343452	AL_Shangrila	254	primary	primary	alignment	incomplete_codon	2
SRR23343452	AL_Shangrila	254	primary	primary	alignment	low_base_quality	10
SRR23343452	AL_Shangrila	254	primary	primary	fragment	conflicting_mates	0
SRR23343452	AL_Shangrila	254	primary	primary	fragment	independent_eligible	21
SRR23343453	AL_Shangrila	254	primary	primary	alignment	eligible	12
SRR23343453	AL_Shangrila	254	primary	primary	alignment	low_base_quality	2
SRR23343453	AL_Shangrila	254	primary	primary	fragment	conflicting_mates	0
SRR23343453	AL_Shangrila	254	primary	primary	fragment	independent_eligible	12
SRR23343454	AL_Shangrila	254	primary	primary	alignment	duplicate	3
SRR23343454	AL_Shangrila	254	primary	primary	alignment	eligible	28
SRR23343454	AL_Shangrila	254	primary	primary	alignment	low_base_quality	12
SRR23343454	AL_Shangrila	254	primary	primary	fragment	conflicting_mates	0
SRR23343454	AL_Shangrila	254	primary	primary	fragment	independent_eligible	27
SRR23343455	AL_Shangrila	254	primary	primary	alignment	duplicate	1
SRR23343455	AL_Shangrila	254	primary	primary	alignment	eligible	1
SRR23343455	AL_Shangrila	254	primary	primary	alignment	low_base_quality	3
SRR23343455	AL_Shangrila	254	primary	primary	fragment	conflicting_mates	0
SRR23343455	AL_Shangrila	254	primary	primary	fragment	independent_eligible	1
SRR23343456	AL_Shangrila	254	primary	primary	alignment	duplicate	6
SRR23343456	AL_Shangrila	254	primary	primary	alignment	eligible	24
SRR23343456	AL_Shangrila	254	primary	primary	alignment	low_base_quality	8
SRR23343456	AL_Shangrila	254	primary	primary	fragment	conflicting_mates	0
SRR23343456	AL_Shangrila	254	primary	primary	fragment	independent_eligible	24
SRR23343457	AL_Shangrila	254	primary	primary	alignment	duplicate	10
SRR23343457	AL_Shangrila	254	primary	primary	alignment	eligible	30
SRR23343457	AL_Shangrila	254	primary	primary	alignment	low_base_quality	6
SRR23343457	AL_Shangrila	254	primary	primary	fragment	conflicting_mates	0
SRR23343457	AL_Shangrila	254	primary	primary	fragment	independent_eligible	29
SRR23343458	AL_Shangrila	254	primary	primary	alignment	duplicate	9
SRR23343458	AL_Shangrila	254	primary	primary	alignment	eligible	31
SRR23343458	AL_Shangrila	254	primary	primary	alignment	incomplete_codon	1
SRR23343458	AL_Shangrila	254	primary	primary	alignment	low_base_quality	6
SRR23343458	AL_Shangrila	254	primary	primary	fragment	conflicting_mates	0
SRR23343458	AL_Shangrila	254	primary	primary	fragment	independent_eligible	31
SRR23343459	AL_Shangrila	254	primary	primary	alignment	duplicate	4
SRR23343459	AL_Shangrila	254	primary	primary	alignment	eligible	20
SRR23343459	AL_Shangrila	254	primary	primary	alignment	low_base_quality	5
SRR23343459	AL_Shangrila	254	primary	primary	fragment	conflicting_mates	0
SRR23343459	AL_Shangrila	254	primary	primary	fragment	independent_eligible	20
SRR23343460	AL_Shangrila	254	primary	primary	alignment	duplicate	5
SRR23343460	AL_Shangrila	254	primary	primary	alignment	eligible	24
SRR23343460	AL_Shangrila	254	primary	primary	alignment	low_base_quality	6
SRR23343460	AL_Shangrila	254	primary	primary	fragment	conflicting_mates	0
SRR23343460	AL_Shangrila	254	primary	primary	fragment	independent_eligible	24
SRR23343461	AL_Shangrila	254	primary	primary	alignment	duplicate	7
SRR23343461	AL_Shangrila	254	primary	primary	alignment	eligible	29
SRR23343461	AL_Shangrila	254	primary	primary	alignment	incomplete_codon	2
SRR23343461	AL_Shangrila	254	primary	primary	alignment	low_base_quality	12
SRR23343461	AL_Shangrila	254	primary	primary	fragment	conflicting_mates	0
SRR23343461	AL_Shangrila	254	primary	primary	fragment	independent_eligible	27
SRR23343462	AL_Shangrila	254	primary	primary	alignment	duplicate	9
SRR23343462	AL_Shangrila	254	primary	primary	alignment	eligible	42
SRR23343462	AL_Shangrila	254	primary	primary	alignment	incomplete_codon	2
SRR23343462	AL_Shangrila	254	primary	primary	alignment	low_base_quality	4
SRR23343462	AL_Shangrila	254	primary	primary	fragment	conflicting_mates	0
SRR23343462	AL_Shangrila	254	primary	primary	fragment	independent_eligible	42
SRR23343463	AL_Shangrila	254	primary	primary	alignment	duplicate	6
SRR23343463	AL_Shangrila	254	primary	primary	alignment	eligible	26
SRR23343463	AL_Shangrila	254	primary	primary	alignment	low_base_quality	5
SRR23343463	AL_Shangrila	254	primary	primary	fragment	conflicting_mates	0
SRR23343463	AL_Shangrila	254	primary	primary	fragment	independent_eligible	26
SRR23343464	AL_Shangrila	254	primary	primary	alignment	duplicate	3
SRR23343464	AL_Shangrila	254	primary	primary	alignment	eligible	23
SRR23343464	AL_Shangrila	254	primary	primary	alignment	low_base_quality	6
SRR23343464	AL_Shangrila	254	primary	primary	fragment	conflicting_mates	0
SRR23343464	AL_Shangrila	254	primary	primary	fragment	independent_eligible	23
SRR23343465	AL_Shangrila	254	primary	primary	alignment	duplicate	5
SRR23343465	AL_Shangrila	254	primary	primary	alignment	eligible	12
SRR23343465	AL_Shangrila	254	primary	primary	alignment	incomplete_codon	1
SRR23343465	AL_Shangrila	254	primary	primary	alignment	low_base_quality	4
SRR23343465	AL_Shangrila	254	primary	primary	fragment	conflicting_mates	0
SRR23343465	AL_Shangrila	254	primary	primary	fragment	independent_eligible	12
SRR23343466	AL_Shangrila	254	primary	primary	alignment	duplicate	8
SRR23343466	AL_Shangrila	254	primary	primary	alignment	eligible	28
SRR23343466	AL_Shangrila	254	primary	primary	alignment	low_base_quality	8
SRR23343466	AL_Shangrila	254	primary	primary	fragment	conflicting_mates	0
SRR23343466	AL_Shangrila	254	primary	primary	fragment	independent_eligible	28
SRR23343467	AL_Shangrila	254	primary	primary	alignment	duplicate	9
SRR23343467	AL_Shangrila	254	primary	primary	alignment	eligible	26
SRR23343467	AL_Shangrila	254	primary	primary	alignment	low_base_quality	14
SRR23343467	AL_Shangrila	254	primary	primary	fragment	conflicting_mates	0
SRR23343467	AL_Shangrila	254	primary	primary	fragment	independent_eligible	26
SRR23343468	AL_Shangrila	254	primary	primary	alignment	duplicate	7
SRR23343468	AL_Shangrila	254	primary	primary	alignment	eligible	23
SRR23343468	AL_Shangrila	254	primary	primary	alignment	incomplete_codon	2
SRR23343468	AL_Shangrila	254	primary	primary	alignment	low_base_quality	11
SRR23343468	AL_Shangrila	254	primary	primary	fragment	conflicting_mates	0
SRR23343468	AL_Shangrila	254	primary	primary	fragment	independent_eligible	21
SRR23343469	AL_Shangrila	254	primary	primary	alignment	duplicate	2
SRR23343469	AL_Shangrila	254	primary	primary	alignment	eligible	20
SRR23343469	AL_Shangrila	254	primary	primary	alignment	low_base_quality	4
SRR23343469	AL_Shangrila	254	primary	primary	fragment	conflicting_mates	0
SRR23343469	AL_Shangrila	254	primary	primary	fragment	independent_eligible	19
SRR23343470	AL_Shangrila	254	primary	primary	alignment	duplicate	4
SRR23343470	AL_Shangrila	254	primary	primary	alignment	eligible	20
SRR23343470	AL_Shangrila	254	primary	primary	alignment	low_base_quality	6
SRR23343470	AL_Shangrila	254	primary	primary	fragment	conflicting_mates	0
SRR23343470	AL_Shangrila	254	primary	primary	fragment	independent_eligible	20
SRR23343471	AL_Shangrila	254	primary	primary	alignment	duplicate	4
SRR23343471	AL_Shangrila	254	primary	primary	alignment	eligible	17
SRR23343471	AL_Shangrila	254	primary	primary	alignment	low_base_quality	8
SRR23343471	AL_Shangrila	254	primary	primary	fragment	conflicting_mates	0
SRR23343471	AL_Shangrila	254	primary	primary	fragment	independent_eligible	17
SRR23343472	AL_Shangrila	254	primary	primary	alignment	duplicate	3
SRR23343472	AL_Shangrila	254	primary	primary	alignment	eligible	23
SRR23343472	AL_Shangrila	254	primary	primary	alignment	low_base_quality	6
SRR23343472	AL_Shangrila	254	primary	primary	fragment	conflicting_mates	0
SRR23343472	AL_Shangrila	254	primary	primary	fragment	independent_eligible	22
SRR23343473	AL_Shangrila	254	primary	primary	alignment	duplicate	7
SRR23343473	AL_Shangrila	254	primary	primary	alignment	eligible	49
SRR23343473	AL_Shangrila	254	primary	primary	alignment	low_base_quality	5
SRR23343473	AL_Shangrila	254	primary	primary	fragment	conflicting_mates	0
SRR23343473	AL_Shangrila	254	primary	primary	fragment	independent_eligible	48
SRR23343474	AL_Shangrila	254	primary	primary	alignment	duplicate	3
SRR23343474	AL_Shangrila	254	primary	primary	alignment	eligible	16
SRR23343474	AL_Shangrila	254	primary	primary	alignment	incomplete_codon	1
SRR23343474	AL_Shangrila	254	primary	primary	alignment	low_base_quality	5
SRR23343474	AL_Shangrila	254	primary	primary	fragment	conflicting_mates	0
SRR23343474	AL_Shangrila	254	primary	primary	fragment	independent_eligible	16
SRR23343475	AL_Shangrila	254	primary	primary	alignment	duplicate	10
SRR23343475	AL_Shangrila	254	primary	primary	alignment	eligible	34
SRR23343475	AL_Shangrila	254	primary	primary	alignment	low_base_quality	12
SRR23343475	AL_Shangrila	254	primary	primary	fragment	conflicting_mates	0
SRR23343475	AL_Shangrila	254	primary	primary	fragment	independent_eligible	34
SRR23343476	AL_Shangrila	254	primary	primary	alignment	duplicate	7
SRR23343476	AL_Shangrila	254	primary	primary	alignment	eligible	16
SRR23343476	AL_Shangrila	254	primary	primary	alignment	incomplete_codon	2
SRR23343476	AL_Shangrila	254	primary	primary	alignment	low_base_quality	5
SRR23343476	AL_Shangrila	254	primary	primary	fragment	conflicting_mates	0
SRR23343476	AL_Shangrila	254	primary	primary	fragment	independent_eligible	16
SRR23343477	AL_Shangrila	254	primary	primary	alignment	duplicate	5
SRR23343477	AL_Shangrila	254	primary	primary	alignment	eligible	27
SRR23343477	AL_Shangrila	254	primary	primary	alignment	incomplete_codon	1
SRR23343477	AL_Shangrila	254	primary	primary	alignment	low_base_quality	5
SRR23343477	AL_Shangrila	254	primary	primary	fragment	conflicting_mates	0
SRR23343477	AL_Shangrila	254	primary	primary	fragment	independent_eligible	27
SRR23343478	AL_Shangrila	254	primary	primary	alignment	duplicate	9
SRR23343478	AL_Shangrila	254	primary	primary	alignment	eligible	18
SRR23343478	AL_Shangrila	254	primary	primary	alignment	incomplete_codon	2
SRR23343478	AL_Shangrila	254	primary	primary	alignment	low_base_quality	13
SRR23343478	AL_Shangrila	254	primary	primary	fragment	conflicting_mates	0
SRR23343478	AL_Shangrila	254	primary	primary	fragment	independent_eligible	18
SRR23343479	AL_Shangrila	254	primary	primary	alignment	duplicate	9
SRR23343479	AL_Shangrila	254	primary	primary	alignment	eligible	34
SRR23343479	AL_Shangrila	254	primary	primary	alignment	incomplete_codon	1
SRR23343479	AL_Shangrila	254	primary	primary	alignment	low_base_quality	10
SRR23343479	AL_Shangrila	254	primary	primary	alignment	low_mapping_quality	1
SRR23343479	AL_Shangrila	254	primary	primary	fragment	conflicting_mates	0
SRR23343479	AL_Shangrila	254	primary	primary	fragment	independent_eligible	34
SRR23343480	AL_Shangrila	254	primary	primary	alignment	duplicate	12
SRR23343480	AL_Shangrila	254	primary	primary	alignment	eligible	19
SRR23343480	AL_Shangrila	254	primary	primary	alignment	low_base_quality	6
SRR23343480	AL_Shangrila	254	primary	primary	fragment	conflicting_mates	0
SRR23343480	AL_Shangrila	254	primary	primary	fragment	independent_eligible	19
SRR23343481	AL_Shangrila	254	primary	primary	alignment	duplicate	6
SRR23343481	AL_Shangrila	254	primary	primary	alignment	eligible	16
SRR23343481	AL_Shangrila	254	primary	primary	alignment	incomplete_codon	1
SRR23343481	AL_Shangrila	254	primary	primary	alignment	low_base_quality	4
SRR23343481	AL_Shangrila	254	primary	primary	fragment	conflicting_mates	0
SRR23343481	AL_Shangrila	254	primary	primary	fragment	independent_eligible	16
SRR23343482	AL_Shangrila	254	primary	primary	alignment	duplicate	8
SRR23343482	AL_Shangrila	254	primary	primary	alignment	eligible	28
SRR23343482	AL_Shangrila	254	primary	primary	alignment	incomplete_codon	1
SRR23343482	AL_Shangrila	254	primary	primary	alignment	low_base_quality	5
SRR23343482	AL_Shangrila	254	primary	primary	fragment	conflicting_mates	0
SRR23343482	AL_Shangrila	254	primary	primary	fragment	independent_eligible	27
SRR23343483	AL_Shangrila	254	primary	primary	alignment	duplicate	8
SRR23343483	AL_Shangrila	254	primary	primary	alignment	eligible	18
SRR23343483	AL_Shangrila	254	primary	primary	alignment	low_base_quality	7
SRR23343483	AL_Shangrila	254	primary	primary	fragment	conflicting_mates	0
SRR23343483	AL_Shangrila	254	primary	primary	fragment	independent_eligible	17
SRR23343484	AL_Shangrila	254	primary	primary	alignment	duplicate	2
SRR23343484	AL_Shangrila	254	primary	primary	alignment	eligible	24
SRR23343484	AL_Shangrila	254	primary	primary	alignment	incomplete_codon	3
SRR23343484	AL_Shangrila	254	primary	primary	alignment	low_base_quality	11
SRR23343484	AL_Shangrila	254	primary	primary	fragment	conflicting_mates	0
SRR23343484	AL_Shangrila	254	primary	primary	fragment	independent_eligible	24
SRR23343485	AL_Shangrila	254	primary	primary	alignment	duplicate	7
SRR23343485	AL_Shangrila	254	primary	primary	alignment	eligible	21
SRR23343485	AL_Shangrila	254	primary	primary	alignment	incomplete_codon	1
SRR23343485	AL_Shangrila	254	primary	primary	alignment	low_base_quality	6
SRR23343485	AL_Shangrila	254	primary	primary	fragment	conflicting_mates	0
SRR23343485	AL_Shangrila	254	primary	primary	fragment	independent_eligible	20
SRR23343486	AL_Shangrila	254	primary	primary	alignment	duplicate	10
SRR23343486	AL_Shangrila	254	primary	primary	alignment	eligible	33
SRR23343486	AL_Shangrila	254	primary	primary	alignment	low_base_quality	7
SRR23343486	AL_Shangrila	254	primary	primary	fragment	conflicting_mates	0
SRR23343486	AL_Shangrila	254	primary	primary	fragment	independent_eligible	32
SRR23343487	AL_Shangrila	254	primary	primary	alignment	duplicate	4
SRR23343487	AL_Shangrila	254	primary	primary	alignment	eligible	25
SRR23343487	AL_Shangrila	254	primary	primary	alignment	low_base_quality	6
SRR23343487	AL_Shangrila	254	primary	primary	fragment	conflicting_mates	0
SRR23343487	AL_Shangrila	254	primary	primary	fragment	independent_eligible	25
SRR23343488	AL_Shangrila	254	primary	primary	alignment	duplicate	5
SRR23343488	AL_Shangrila	254	primary	primary	alignment	eligible	20
SRR23343488	AL_Shangrila	254	primary	primary	alignment	incomplete_codon	1
SRR23343488	AL_Shangrila	254	primary	primary	alignment	low_base_quality	5
SRR23343488	AL_Shangrila	254	primary	primary	fragment	conflicting_mates	0
SRR23343488	AL_Shangrila	254	primary	primary	fragment	independent_eligible	20
SRR23343489	AL_Shangrila	254	primary	primary	alignment	duplicate	7
SRR23343489	AL_Shangrila	254	primary	primary	alignment	eligible	33
SRR23343489	AL_Shangrila	254	primary	primary	alignment	incomplete_codon	1
SRR23343489	AL_Shangrila	254	primary	primary	alignment	low_base_quality	4
SRR23343489	AL_Shangrila	254	primary	primary	fragment	conflicting_mates	0
SRR23343489	AL_Shangrila	254	primary	primary	fragment	independent_eligible	33
SRR23343490	AL_Shangrila	254	primary	primary	alignment	duplicate	9
SRR23343490	AL_Shangrila	254	primary	primary	alignment	eligible	21
SRR23343490	AL_Shangrila	254	primary	primary	alignment	incomplete_codon	1
SRR23343490	AL_Shangrila	254	primary	primary	alignment	low_base_quality	7
SRR23343490	AL_Shangrila	254	primary	primary	fragment	conflicting_mates	0
SRR23343490	AL_Shangrila	254	primary	primary	fragment	independent_eligible	20
SRR23343491	AL_Shangrila	254	primary	primary	alignment	duplicate	8
SRR23343491	AL_Shangrila	254	primary	primary	alignment	eligible	27
SRR23343491	AL_Shangrila	254	primary	primary	alignment	incomplete_codon	2
SRR23343491	AL_Shangrila	254	primary	primary	alignment	low_base_quality	6
SRR23343491	AL_Shangrila	254	primary	primary	fragment	conflicting_mates	0
SRR23343491	AL_Shangrila	254	primary	primary	fragment	independent_eligible	26
SRR23343492	AL_Shangrila	254	primary	primary	alignment	duplicate	2
SRR23343492	AL_Shangrila	254	primary	primary	alignment	eligible	30
SRR23343492	AL_Shangrila	254	primary	primary	alignment	low_base_quality	16
SRR23343492	AL_Shangrila	254	primary	primary	fragment	conflicting_mates	0
SRR23343492	AL_Shangrila	254	primary	primary	fragment	independent_eligible	29
SRR23343493	AL_Shangrila	254	primary	primary	alignment	duplicate	7
SRR23343493	AL_Shangrila	254	primary	primary	alignment	eligible	20
SRR23343493	AL_Shangrila	254	primary	primary	alignment	low_base_quality	6
SRR23343493	AL_Shangrila	254	primary	primary	fragment	conflicting_mates	0
SRR23343493	AL_Shangrila	254	primary	primary	fragment	independent_eligible	20
SRR23343494	AL_Shangrila	254	primary	primary	alignment	duplicate	4
SRR23343494	AL_Shangrila	254	primary	primary	alignment	eligible	24
SRR23343494	AL_Shangrila	254	primary	primary	alignment	low_base_quality	6
SRR23343494	AL_Shangrila	254	primary	primary	fragment	conflicting_mates	0
SRR23343494	AL_Shangrila	254	primary	primary	fragment	independent_eligible	24
SRR23343438	AL_Shangrila	452	within_species_comparison	primary	alignment	duplicate	14
SRR23343438	AL_Shangrila	452	within_species_comparison	primary	alignment	eligible	38
SRR23343438	AL_Shangrila	452	within_species_comparison	primary	alignment	incomplete_codon	3
SRR23343438	AL_Shangrila	452	within_species_comparison	primary	alignment	low_base_quality	15
SRR23343438	AL_Shangrila	452	within_species_comparison	primary	fragment	conflicting_mates	0
SRR23343438	AL_Shangrila	452	within_species_comparison	primary	fragment	independent_eligible	37
SRR23343439	AL_Shangrila	452	within_species_comparison	primary	alignment	duplicate	7
SRR23343439	AL_Shangrila	452	within_species_comparison	primary	alignment	eligible	28
SRR23343439	AL_Shangrila	452	within_species_comparison	primary	alignment	low_base_quality	6
SRR23343439	AL_Shangrila	452	within_species_comparison	primary	fragment	conflicting_mates	0
SRR23343439	AL_Shangrila	452	within_species_comparison	primary	fragment	independent_eligible	27
SRR23343440	AL_Shangrila	452	within_species_comparison	primary	alignment	duplicate	2
SRR23343440	AL_Shangrila	452	within_species_comparison	primary	alignment	eligible	24
SRR23343440	AL_Shangrila	452	within_species_comparison	primary	alignment	incomplete_codon	1
SRR23343440	AL_Shangrila	452	within_species_comparison	primary	alignment	low_base_quality	5
SRR23343440	AL_Shangrila	452	within_species_comparison	primary	fragment	conflicting_mates	0
SRR23343440	AL_Shangrila	452	within_species_comparison	primary	fragment	independent_eligible	24
SRR23343441	AL_Shangrila	452	within_species_comparison	primary	alignment	duplicate	9
SRR23343441	AL_Shangrila	452	within_species_comparison	primary	alignment	eligible	27
SRR23343441	AL_Shangrila	452	within_species_comparison	primary	alignment	incomplete_codon	2
SRR23343441	AL_Shangrila	452	within_species_comparison	primary	alignment	low_base_quality	4
SRR23343441	AL_Shangrila	452	within_species_comparison	primary	fragment	conflicting_mates	0
SRR23343441	AL_Shangrila	452	within_species_comparison	primary	fragment	independent_eligible	27
SRR23343442	AL_Shangrila	452	within_species_comparison	primary	alignment	duplicate	8
SRR23343442	AL_Shangrila	452	within_species_comparison	primary	alignment	eligible	76
SRR23343442	AL_Shangrila	452	within_species_comparison	primary	alignment	incomplete_codon	3
SRR23343442	AL_Shangrila	452	within_species_comparison	primary	alignment	low_base_quality	7
SRR23343442	AL_Shangrila	452	within_species_comparison	primary	fragment	conflicting_mates	0
SRR23343442	AL_Shangrila	452	within_species_comparison	primary	fragment	independent_eligible	74
SRR23343443	AL_Shangrila	452	within_species_comparison	primary	alignment	duplicate	6
SRR23343443	AL_Shangrila	452	within_species_comparison	primary	alignment	eligible	25
SRR23343443	AL_Shangrila	452	within_species_comparison	primary	alignment	low_base_quality	5
SRR23343443	AL_Shangrila	452	within_species_comparison	primary	fragment	conflicting_mates	0
SRR23343443	AL_Shangrila	452	within_species_comparison	primary	fragment	independent_eligible	25
SRR23343444	AL_Shangrila	452	within_species_comparison	primary	alignment	duplicate	4
SRR23343444	AL_Shangrila	452	within_species_comparison	primary	alignment	eligible	27
SRR23343444	AL_Shangrila	452	within_species_comparison	primary	alignment	incomplete_codon	2
SRR23343444	AL_Shangrila	452	within_species_comparison	primary	alignment	low_base_quality	3
SRR23343444	AL_Shangrila	452	within_species_comparison	primary	alignment	low_mapping_quality	1
SRR23343444	AL_Shangrila	452	within_species_comparison	primary	fragment	conflicting_mates	0
SRR23343444	AL_Shangrila	452	within_species_comparison	primary	fragment	independent_eligible	25
SRR23343445	AL_Shangrila	452	within_species_comparison	primary	alignment	duplicate	4
SRR23343445	AL_Shangrila	452	within_species_comparison	primary	alignment	eligible	35
SRR23343445	AL_Shangrila	452	within_species_comparison	primary	alignment	incomplete_codon	2
SRR23343445	AL_Shangrila	452	within_species_comparison	primary	alignment	low_base_quality	4
SRR23343445	AL_Shangrila	452	within_species_comparison	primary	fragment	conflicting_mates	0
SRR23343445	AL_Shangrila	452	within_species_comparison	primary	fragment	independent_eligible	35
SRR23343446	AL_Shangrila	452	within_species_comparison	primary	alignment	duplicate	3
SRR23343446	AL_Shangrila	452	within_species_comparison	primary	alignment	eligible	31
SRR23343446	AL_Shangrila	452	within_species_comparison	primary	alignment	low_base_quality	1
SRR23343446	AL_Shangrila	452	within_species_comparison	primary	fragment	conflicting_mates	0
SRR23343446	AL_Shangrila	452	within_species_comparison	primary	fragment	independent_eligible	30
SRR23343447	AL_Shangrila	452	within_species_comparison	primary	alignment	duplicate	9
SRR23343447	AL_Shangrila	452	within_species_comparison	primary	alignment	eligible	44
SRR23343447	AL_Shangrila	452	within_species_comparison	primary	alignment	incomplete_codon	1
SRR23343447	AL_Shangrila	452	within_species_comparison	primary	alignment	low_base_quality	2
SRR23343447	AL_Shangrila	452	within_species_comparison	primary	fragment	conflicting_mates	0
SRR23343447	AL_Shangrila	452	within_species_comparison	primary	fragment	independent_eligible	43
SRR23343448	AL_Shangrila	452	within_species_comparison	primary	alignment	duplicate	4
SRR23343448	AL_Shangrila	452	within_species_comparison	primary	alignment	eligible	20
SRR23343448	AL_Shangrila	452	within_species_comparison	primary	alignment	low_base_quality	2
SRR23343448	AL_Shangrila	452	within_species_comparison	primary	alignment	low_mapping_quality	1
SRR23343448	AL_Shangrila	452	within_species_comparison	primary	fragment	conflicting_mates	0
SRR23343448	AL_Shangrila	452	within_species_comparison	primary	fragment	independent_eligible	20
SRR23343449	AL_Shangrila	452	within_species_comparison	primary	alignment	duplicate	5
SRR23343449	AL_Shangrila	452	within_species_comparison	primary	alignment	eligible	16
SRR23343449	AL_Shangrila	452	within_species_comparison	primary	alignment	incomplete_codon	3
SRR23343449	AL_Shangrila	452	within_species_comparison	primary	alignment	low_base_quality	11
SRR23343449	AL_Shangrila	452	within_species_comparison	primary	fragment	conflicting_mates	0
SRR23343449	AL_Shangrila	452	within_species_comparison	primary	fragment	independent_eligible	15
SRR23343450	AL_Shangrila	452	within_species_comparison	primary	alignment	duplicate	1
SRR23343450	AL_Shangrila	452	within_species_comparison	primary	alignment	eligible	34
SRR23343450	AL_Shangrila	452	within_species_comparison	primary	alignment	incomplete_codon	1
SRR23343450	AL_Shangrila	452	within_species_comparison	primary	alignment	low_base_quality	4
SRR23343450	AL_Shangrila	452	within_species_comparison	primary	fragment	conflicting_mates	0
SRR23343450	AL_Shangrila	452	within_species_comparison	primary	fragment	independent_eligible	33
SRR23343451	AL_Shangrila	452	within_species_comparison	primary	alignment	duplicate	8
SRR23343451	AL_Shangrila	452	within_species_comparison	primary	alignment	eligible	36
SRR23343451	AL_Shangrila	452	within_species_comparison	primary	alignment	low_base_quality	2
SRR23343451	AL_Shangrila	452	within_species_comparison	primary	fragment	conflicting_mates	0
SRR23343451	AL_Shangrila	452	within_species_comparison	primary	fragment	independent_eligible	34
SRR23343452	AL_Shangrila	452	within_species_comparison	primary	alignment	duplicate	9
SRR23343452	AL_Shangrila	452	within_species_comparison	primary	alignment	eligible	48
SRR23343452	AL_Shangrila	452	within_species_comparison	primary	alignment	incomplete_codon	1
SRR23343452	AL_Shangrila	452	within_species_comparison	primary	alignment	low_base_quality	4
SRR23343452	AL_Shangrila	452	within_species_comparison	primary	alignment	nonprimary_alignment	1
SRR23343452	AL_Shangrila	452	within_species_comparison	primary	fragment	conflicting_mates	0
SRR23343452	AL_Shangrila	452	within_species_comparison	primary	fragment	independent_eligible	48
SRR23343453	AL_Shangrila	452	within_species_comparison	primary	alignment	duplicate	5
SRR23343453	AL_Shangrila	452	within_species_comparison	primary	alignment	eligible	16
SRR23343453	AL_Shangrila	452	within_species_comparison	primary	fragment	conflicting_mates	0
SRR23343453	AL_Shangrila	452	within_species_comparison	primary	fragment	independent_eligible	15
SRR23343454	AL_Shangrila	452	within_species_comparison	primary	alignment	duplicate	5
SRR23343454	AL_Shangrila	452	within_species_comparison	primary	alignment	eligible	33
SRR23343454	AL_Shangrila	452	within_species_comparison	primary	alignment	incomplete_codon	1
SRR23343454	AL_Shangrila	452	within_species_comparison	primary	alignment	low_base_quality	1
SRR23343454	AL_Shangrila	452	within_species_comparison	primary	fragment	conflicting_mates	0
SRR23343454	AL_Shangrila	452	within_species_comparison	primary	fragment	independent_eligible	33
SRR23343455	AL_Shangrila	452	within_species_comparison	primary	alignment	duplicate	1
SRR23343455	AL_Shangrila	452	within_species_comparison	primary	alignment	eligible	4
SRR23343455	AL_Shangrila	452	within_species_comparison	primary	alignment	low_base_quality	3
SRR23343455	AL_Shangrila	452	within_species_comparison	primary	fragment	conflicting_mates	0
SRR23343455	AL_Shangrila	452	within_species_comparison	primary	fragment	independent_eligible	4
SRR23343456	AL_Shangrila	452	within_species_comparison	primary	alignment	duplicate	4
SRR23343456	AL_Shangrila	452	within_species_comparison	primary	alignment	eligible	23
SRR23343456	AL_Shangrila	452	within_species_comparison	primary	alignment	low_base_quality	4
SRR23343456	AL_Shangrila	452	within_species_comparison	primary	fragment	conflicting_mates	0
SRR23343456	AL_Shangrila	452	within_species_comparison	primary	fragment	independent_eligible	22
SRR23343457	AL_Shangrila	452	within_species_comparison	primary	alignment	duplicate	8
SRR23343457	AL_Shangrila	452	within_species_comparison	primary	alignment	eligible	40
SRR23343457	AL_Shangrila	452	within_species_comparison	primary	alignment	low_base_quality	3
SRR23343457	AL_Shangrila	452	within_species_comparison	primary	fragment	conflicting_mates	0
SRR23343457	AL_Shangrila	452	within_species_comparison	primary	fragment	independent_eligible	36
SRR23343458	AL_Shangrila	452	within_species_comparison	primary	alignment	duplicate	13
SRR23343458	AL_Shangrila	452	within_species_comparison	primary	alignment	eligible	51
SRR23343458	AL_Shangrila	452	within_species_comparison	primary	alignment	incomplete_codon	1
SRR23343458	AL_Shangrila	452	within_species_comparison	primary	alignment	low_base_quality	4
SRR23343458	AL_Shangrila	452	within_species_comparison	primary	fragment	conflicting_mates	0
SRR23343458	AL_Shangrila	452	within_species_comparison	primary	fragment	independent_eligible	48
SRR23343459	AL_Shangrila	452	within_species_comparison	primary	alignment	duplicate	8
SRR23343459	AL_Shangrila	452	within_species_comparison	primary	alignment	eligible	22
SRR23343459	AL_Shangrila	452	within_species_comparison	primary	alignment	low_base_quality	6
SRR23343459	AL_Shangrila	452	within_species_comparison	primary	fragment	conflicting_mates	0
SRR23343459	AL_Shangrila	452	within_species_comparison	primary	fragment	independent_eligible	21
SRR23343460	AL_Shangrila	452	within_species_comparison	primary	alignment	duplicate	6
SRR23343460	AL_Shangrila	452	within_species_comparison	primary	alignment	eligible	31
SRR23343460	AL_Shangrila	452	within_species_comparison	primary	alignment	low_base_quality	8
SRR23343460	AL_Shangrila	452	within_species_comparison	primary	fragment	conflicting_mates	0
SRR23343460	AL_Shangrila	452	within_species_comparison	primary	fragment	independent_eligible	29
SRR23343461	AL_Shangrila	452	within_species_comparison	primary	alignment	duplicate	9
SRR23343461	AL_Shangrila	452	within_species_comparison	primary	alignment	eligible	31
SRR23343461	AL_Shangrila	452	within_species_comparison	primary	alignment	incomplete_codon	2
SRR23343461	AL_Shangrila	452	within_species_comparison	primary	alignment	low_base_quality	3
SRR23343461	AL_Shangrila	452	within_species_comparison	primary	fragment	conflicting_mates	0
SRR23343461	AL_Shangrila	452	within_species_comparison	primary	fragment	independent_eligible	31
SRR23343462	AL_Shangrila	452	within_species_comparison	primary	alignment	duplicate	17
SRR23343462	AL_Shangrila	452	within_species_comparison	primary	alignment	eligible	52
SRR23343462	AL_Shangrila	452	within_species_comparison	primary	alignment	incomplete_codon	1
SRR23343462	AL_Shangrila	452	within_species_comparison	primary	alignment	low_base_quality	6
SRR23343462	AL_Shangrila	452	within_species_comparison	primary	fragment	conflicting_mates	0
SRR23343462	AL_Shangrila	452	within_species_comparison	primary	fragment	independent_eligible	48
SRR23343463	AL_Shangrila	452	within_species_comparison	primary	alignment	duplicate	9
SRR23343463	AL_Shangrila	452	within_species_comparison	primary	alignment	eligible	42
SRR23343463	AL_Shangrila	452	within_species_comparison	primary	alignment	incomplete_codon	2
SRR23343463	AL_Shangrila	452	within_species_comparison	primary	alignment	low_base_quality	3
SRR23343463	AL_Shangrila	452	within_species_comparison	primary	fragment	conflicting_mates	0
SRR23343463	AL_Shangrila	452	within_species_comparison	primary	fragment	independent_eligible	42
SRR23343464	AL_Shangrila	452	within_species_comparison	primary	alignment	duplicate	6
SRR23343464	AL_Shangrila	452	within_species_comparison	primary	alignment	eligible	32
SRR23343464	AL_Shangrila	452	within_species_comparison	primary	alignment	low_base_quality	3
SRR23343464	AL_Shangrila	452	within_species_comparison	primary	fragment	conflicting_mates	0
SRR23343464	AL_Shangrila	452	within_species_comparison	primary	fragment	independent_eligible	30
SRR23343465	AL_Shangrila	452	within_species_comparison	primary	alignment	duplicate	3
SRR23343465	AL_Shangrila	452	within_species_comparison	primary	alignment	eligible	9
SRR23343465	AL_Shangrila	452	within_species_comparison	primary	alignment	low_base_quality	6
SRR23343465	AL_Shangrila	452	within_species_comparison	primary	fragment	conflicting_mates	0
SRR23343465	AL_Shangrila	452	within_species_comparison	primary	fragment	independent_eligible	9
SRR23343466	AL_Shangrila	452	within_species_comparison	primary	alignment	duplicate	3
SRR23343466	AL_Shangrila	452	within_species_comparison	primary	alignment	eligible	24
SRR23343466	AL_Shangrila	452	within_species_comparison	primary	alignment	incomplete_codon	1
SRR23343466	AL_Shangrila	452	within_species_comparison	primary	alignment	low_base_quality	4
SRR23343466	AL_Shangrila	452	within_species_comparison	primary	fragment	conflicting_mates	0
SRR23343466	AL_Shangrila	452	within_species_comparison	primary	fragment	independent_eligible	23
SRR23343467	AL_Shangrila	452	within_species_comparison	primary	alignment	duplicate	7
SRR23343467	AL_Shangrila	452	within_species_comparison	primary	alignment	eligible	43
SRR23343467	AL_Shangrila	452	within_species_comparison	primary	alignment	incomplete_codon	1
SRR23343467	AL_Shangrila	452	within_species_comparison	primary	alignment	low_base_quality	6
SRR23343467	AL_Shangrila	452	within_species_comparison	primary	fragment	conflicting_mates	0
SRR23343467	AL_Shangrila	452	within_species_comparison	primary	fragment	independent_eligible	40
SRR23343468	AL_Shangrila	452	within_species_comparison	primary	alignment	duplicate	13
SRR23343468	AL_Shangrila	452	within_species_comparison	primary	alignment	eligible	38
SRR23343468	AL_Shangrila	452	within_species_comparison	primary	alignment	low_base_quality	3
SRR23343468	AL_Shangrila	452	within_species_comparison	primary	fragment	conflicting_mates	0
SRR23343468	AL_Shangrila	452	within_species_comparison	primary	fragment	independent_eligible	36
SRR23343469	AL_Shangrila	452	within_species_comparison	primary	alignment	duplicate	8
SRR23343469	AL_Shangrila	452	within_species_comparison	primary	alignment	eligible	34
SRR23343469	AL_Shangrila	452	within_species_comparison	primary	alignment	low_base_quality	5
SRR23343469	AL_Shangrila	452	within_species_comparison	primary	fragment	conflicting_mates	0
SRR23343469	AL_Shangrila	452	within_species_comparison	primary	fragment	independent_eligible	33
SRR23343470	AL_Shangrila	452	within_species_comparison	primary	alignment	duplicate	7
SRR23343470	AL_Shangrila	452	within_species_comparison	primary	alignment	eligible	21
SRR23343470	AL_Shangrila	452	within_species_comparison	primary	alignment	incomplete_codon	1
SRR23343470	AL_Shangrila	452	within_species_comparison	primary	alignment	low_base_quality	3
SRR23343470	AL_Shangrila	452	within_species_comparison	primary	fragment	conflicting_mates	0
SRR23343470	AL_Shangrila	452	within_species_comparison	primary	fragment	independent_eligible	20
SRR23343471	AL_Shangrila	452	within_species_comparison	primary	alignment	duplicate	8
SRR23343471	AL_Shangrila	452	within_species_comparison	primary	alignment	eligible	23
SRR23343471	AL_Shangrila	452	within_species_comparison	primary	alignment	incomplete_codon	2
SRR23343471	AL_Shangrila	452	within_species_comparison	primary	alignment	low_base_quality	6
SRR23343471	AL_Shangrila	452	within_species_comparison	primary	alignment	unmapped	2
SRR23343471	AL_Shangrila	452	within_species_comparison	primary	fragment	conflicting_mates	0
SRR23343471	AL_Shangrila	452	within_species_comparison	primary	fragment	independent_eligible	23
SRR23343472	AL_Shangrila	452	within_species_comparison	primary	alignment	duplicate	9
SRR23343472	AL_Shangrila	452	within_species_comparison	primary	alignment	eligible	33
SRR23343472	AL_Shangrila	452	within_species_comparison	primary	alignment	incomplete_codon	2
SRR23343472	AL_Shangrila	452	within_species_comparison	primary	alignment	low_base_quality	2
SRR23343472	AL_Shangrila	452	within_species_comparison	primary	fragment	conflicting_mates	0
SRR23343472	AL_Shangrila	452	within_species_comparison	primary	fragment	independent_eligible	31
SRR23343473	AL_Shangrila	452	within_species_comparison	primary	alignment	duplicate	13
SRR23343473	AL_Shangrila	452	within_species_comparison	primary	alignment	eligible	62
SRR23343473	AL_Shangrila	452	within_species_comparison	primary	alignment	incomplete_codon	1
SRR23343473	AL_Shangrila	452	within_species_comparison	primary	alignment	low_base_quality	4
SRR23343473	AL_Shangrila	452	within_species_comparison	primary	fragment	conflicting_mates	0
SRR23343473	AL_Shangrila	452	within_species_comparison	primary	fragment	independent_eligible	62
SRR23343474	AL_Shangrila	452	within_species_comparison	primary	alignment	duplicate	8
SRR23343474	AL_Shangrila	452	within_species_comparison	primary	alignment	eligible	26
SRR23343474	AL_Shangrila	452	within_species_comparison	primary	alignment	low_base_quality	7
SRR23343474	AL_Shangrila	452	within_species_comparison	primary	fragment	conflicting_mates	0
SRR23343474	AL_Shangrila	452	within_species_comparison	primary	fragment	independent_eligible	26
SRR23343475	AL_Shangrila	452	within_species_comparison	primary	alignment	duplicate	7
SRR23343475	AL_Shangrila	452	within_species_comparison	primary	alignment	eligible	35
SRR23343475	AL_Shangrila	452	within_species_comparison	primary	alignment	incomplete_codon	1
SRR23343475	AL_Shangrila	452	within_species_comparison	primary	alignment	low_base_quality	5
SRR23343475	AL_Shangrila	452	within_species_comparison	primary	fragment	conflicting_mates	0
SRR23343475	AL_Shangrila	452	within_species_comparison	primary	fragment	independent_eligible	35
SRR23343476	AL_Shangrila	452	within_species_comparison	primary	alignment	duplicate	4
SRR23343476	AL_Shangrila	452	within_species_comparison	primary	alignment	eligible	22
SRR23343476	AL_Shangrila	452	within_species_comparison	primary	alignment	low_base_quality	7
SRR23343476	AL_Shangrila	452	within_species_comparison	primary	fragment	conflicting_mates	0
SRR23343476	AL_Shangrila	452	within_species_comparison	primary	fragment	independent_eligible	20
SRR23343477	AL_Shangrila	452	within_species_comparison	primary	alignment	duplicate	7
SRR23343477	AL_Shangrila	452	within_species_comparison	primary	alignment	eligible	35
SRR23343477	AL_Shangrila	452	within_species_comparison	primary	alignment	incomplete_codon	4
SRR23343477	AL_Shangrila	452	within_species_comparison	primary	alignment	low_base_quality	7
SRR23343477	AL_Shangrila	452	within_species_comparison	primary	fragment	conflicting_mates	0
SRR23343477	AL_Shangrila	452	within_species_comparison	primary	fragment	independent_eligible	35
SRR23343478	AL_Shangrila	452	within_species_comparison	primary	alignment	duplicate	7
SRR23343478	AL_Shangrila	452	within_species_comparison	primary	alignment	eligible	28
SRR23343478	AL_Shangrila	452	within_species_comparison	primary	alignment	incomplete_codon	1
SRR23343478	AL_Shangrila	452	within_species_comparison	primary	alignment	low_base_quality	4
SRR23343478	AL_Shangrila	452	within_species_comparison	primary	fragment	conflicting_mates	0
SRR23343478	AL_Shangrila	452	within_species_comparison	primary	fragment	independent_eligible	27
SRR23343479	AL_Shangrila	452	within_species_comparison	primary	alignment	duplicate	3
SRR23343479	AL_Shangrila	452	within_species_comparison	primary	alignment	eligible	24
SRR23343479	AL_Shangrila	452	within_species_comparison	primary	alignment	incomplete_codon	1
SRR23343479	AL_Shangrila	452	within_species_comparison	primary	alignment	low_base_quality	10
SRR23343479	AL_Shangrila	452	within_species_comparison	primary	fragment	conflicting_mates	0
SRR23343479	AL_Shangrila	452	within_species_comparison	primary	fragment	independent_eligible	23
SRR23343480	AL_Shangrila	452	within_species_comparison	primary	alignment	duplicate	5
SRR23343480	AL_Shangrila	452	within_species_comparison	primary	alignment	eligible	29
SRR23343480	AL_Shangrila	452	within_species_comparison	primary	alignment	incomplete_codon	2
SRR23343480	AL_Shangrila	452	within_species_comparison	primary	alignment	low_base_quality	5
SRR23343480	AL_Shangrila	452	within_species_comparison	primary	fragment	conflicting_mates	0
SRR23343480	AL_Shangrila	452	within_species_comparison	primary	fragment	independent_eligible	28
SRR23343481	AL_Shangrila	452	within_species_comparison	primary	alignment	duplicate	5
SRR23343481	AL_Shangrila	452	within_species_comparison	primary	alignment	eligible	19
SRR23343481	AL_Shangrila	452	within_species_comparison	primary	alignment	incomplete_codon	1
SRR23343481	AL_Shangrila	452	within_species_comparison	primary	alignment	low_base_quality	2
SRR23343481	AL_Shangrila	452	within_species_comparison	primary	fragment	conflicting_mates	0
SRR23343481	AL_Shangrila	452	within_species_comparison	primary	fragment	independent_eligible	19
SRR23343482	AL_Shangrila	452	within_species_comparison	primary	alignment	duplicate	10
SRR23343482	AL_Shangrila	452	within_species_comparison	primary	alignment	eligible	38
SRR23343482	AL_Shangrila	452	within_species_comparison	primary	alignment	incomplete_codon	4
SRR23343482	AL_Shangrila	452	within_species_comparison	primary	alignment	low_base_quality	2
SRR23343482	AL_Shangrila	452	within_species_comparison	primary	fragment	conflicting_mates	0
SRR23343482	AL_Shangrila	452	within_species_comparison	primary	fragment	independent_eligible	37
SRR23343483	AL_Shangrila	452	within_species_comparison	primary	alignment	duplicate	7
SRR23343483	AL_Shangrila	452	within_species_comparison	primary	alignment	eligible	31
SRR23343483	AL_Shangrila	452	within_species_comparison	primary	alignment	incomplete_codon	2
SRR23343483	AL_Shangrila	452	within_species_comparison	primary	alignment	low_base_quality	10
SRR23343483	AL_Shangrila	452	within_species_comparison	primary	fragment	conflicting_mates	0
SRR23343483	AL_Shangrila	452	within_species_comparison	primary	fragment	independent_eligible	31
SRR23343484	AL_Shangrila	452	within_species_comparison	primary	alignment	duplicate	7
SRR23343484	AL_Shangrila	452	within_species_comparison	primary	alignment	eligible	29
SRR23343484	AL_Shangrila	452	within_species_comparison	primary	alignment	incomplete_codon	2
SRR23343484	AL_Shangrila	452	within_species_comparison	primary	alignment	low_base_quality	6
SRR23343484	AL_Shangrila	452	within_species_comparison	primary	fragment	conflicting_mates	0
SRR23343484	AL_Shangrila	452	within_species_comparison	primary	fragment	independent_eligible	29
SRR23343485	AL_Shangrila	452	within_species_comparison	primary	alignment	duplicate	8
SRR23343485	AL_Shangrila	452	within_species_comparison	primary	alignment	eligible	25
SRR23343485	AL_Shangrila	452	within_species_comparison	primary	alignment	incomplete_codon	1
SRR23343485	AL_Shangrila	452	within_species_comparison	primary	alignment	low_base_quality	7
SRR23343485	AL_Shangrila	452	within_species_comparison	primary	fragment	conflicting_mates	0
SRR23343485	AL_Shangrila	452	within_species_comparison	primary	fragment	independent_eligible	25
SRR23343486	AL_Shangrila	452	within_species_comparison	primary	alignment	duplicate	13
SRR23343486	AL_Shangrila	452	within_species_comparison	primary	alignment	eligible	39
SRR23343486	AL_Shangrila	452	within_species_comparison	primary	alignment	incomplete_codon	1
SRR23343486	AL_Shangrila	452	within_species_comparison	primary	alignment	low_base_quality	7
SRR23343486	AL_Shangrila	452	within_species_comparison	primary	fragment	conflicting_mates	0
SRR23343486	AL_Shangrila	452	within_species_comparison	primary	fragment	independent_eligible	35
SRR23343487	AL_Shangrila	452	within_species_comparison	primary	alignment	duplicate	11
SRR23343487	AL_Shangrila	452	within_species_comparison	primary	alignment	eligible	41
SRR23343487	AL_Shangrila	452	within_species_comparison	primary	alignment	incomplete_codon	1
SRR23343487	AL_Shangrila	452	within_species_comparison	primary	alignment	low_base_quality	5
SRR23343487	AL_Shangrila	452	within_species_comparison	primary	fragment	conflicting_mates	0
SRR23343487	AL_Shangrila	452	within_species_comparison	primary	fragment	independent_eligible	40
SRR23343488	AL_Shangrila	452	within_species_comparison	primary	alignment	duplicate	7
SRR23343488	AL_Shangrila	452	within_species_comparison	primary	alignment	eligible	34
SRR23343488	AL_Shangrila	452	within_species_comparison	primary	alignment	incomplete_codon	1
SRR23343488	AL_Shangrila	452	within_species_comparison	primary	alignment	low_base_quality	5
SRR23343488	AL_Shangrila	452	within_species_comparison	primary	fragment	conflicting_mates	0
SRR23343488	AL_Shangrila	452	within_species_comparison	primary	fragment	independent_eligible	34
SRR23343489	AL_Shangrila	452	within_species_comparison	primary	alignment	duplicate	8
SRR23343489	AL_Shangrila	452	within_species_comparison	primary	alignment	eligible	31
SRR23343489	AL_Shangrila	452	within_species_comparison	primary	alignment	incomplete_codon	1
SRR23343489	AL_Shangrila	452	within_species_comparison	primary	alignment	low_base_quality	9
SRR23343489	AL_Shangrila	452	within_species_comparison	primary	fragment	conflicting_mates	0
SRR23343489	AL_Shangrila	452	within_species_comparison	primary	fragment	independent_eligible	31
SRR23343490	AL_Shangrila	452	within_species_comparison	primary	alignment	duplicate	4
SRR23343490	AL_Shangrila	452	within_species_comparison	primary	alignment	eligible	17
SRR23343490	AL_Shangrila	452	within_species_comparison	primary	alignment	low_base_quality	4
SRR23343490	AL_Shangrila	452	within_species_comparison	primary	fragment	conflicting_mates	0
SRR23343490	AL_Shangrila	452	within_species_comparison	primary	fragment	independent_eligible	17
SRR23343491	AL_Shangrila	452	within_species_comparison	primary	alignment	duplicate	7
SRR23343491	AL_Shangrila	452	within_species_comparison	primary	alignment	eligible	26
SRR23343491	AL_Shangrila	452	within_species_comparison	primary	alignment	low_base_quality	10
SRR23343491	AL_Shangrila	452	within_species_comparison	primary	fragment	conflicting_mates	0
SRR23343491	AL_Shangrila	452	within_species_comparison	primary	fragment	independent_eligible	26
SRR23343492	AL_Shangrila	452	within_species_comparison	primary	alignment	duplicate	3
SRR23343492	AL_Shangrila	452	within_species_comparison	primary	alignment	eligible	29
SRR23343492	AL_Shangrila	452	within_species_comparison	primary	alignment	low_base_quality	11
SRR23343492	AL_Shangrila	452	within_species_comparison	primary	fragment	conflicting_mates	0
SRR23343492	AL_Shangrila	452	within_species_comparison	primary	fragment	independent_eligible	28
SRR23343493	AL_Shangrila	452	within_species_comparison	primary	alignment	duplicate	4
SRR23343493	AL_Shangrila	452	within_species_comparison	primary	alignment	eligible	19
SRR23343493	AL_Shangrila	452	within_species_comparison	primary	alignment	low_base_quality	1
SRR23343493	AL_Shangrila	452	within_species_comparison	primary	fragment	conflicting_mates	0
SRR23343493	AL_Shangrila	452	within_species_comparison	primary	fragment	independent_eligible	18
SRR23343494	AL_Shangrila	452	within_species_comparison	primary	alignment	duplicate	9
SRR23343494	AL_Shangrila	452	within_species_comparison	primary	alignment	eligible	21
SRR23343494	AL_Shangrila	452	within_species_comparison	primary	alignment	incomplete_codon	2
SRR23343494	AL_Shangrila	452	within_species_comparison	primary	alignment	low_base_quality	11
SRR23343494	AL_Shangrila	452	within_species_comparison	primary	fragment	conflicting_mates	0
SRR23343494	AL_Shangrila	452	within_species_comparison	primary	fragment	independent_eligible	21
SRR23343438	AL_Shangrila	474	secondary	primary	alignment	duplicate	9
SRR23343438	AL_Shangrila	474	secondary	primary	alignment	eligible	44
SRR23343438	AL_Shangrila	474	secondary	primary	alignment	incomplete_codon	2
SRR23343438	AL_Shangrila	474	secondary	primary	alignment	low_base_quality	7
SRR23343438	AL_Shangrila	474	secondary	primary	fragment	conflicting_mates	0
SRR23343438	AL_Shangrila	474	secondary	primary	fragment	independent_eligible	42
SRR23343439	AL_Shangrila	474	secondary	primary	alignment	duplicate	6
SRR23343439	AL_Shangrila	474	secondary	primary	alignment	eligible	33
SRR23343439	AL_Shangrila	474	secondary	primary	alignment	low_base_quality	4
SRR23343439	AL_Shangrila	474	secondary	primary	fragment	conflicting_mates	0
SRR23343439	AL_Shangrila	474	secondary	primary	fragment	independent_eligible	33
SRR23343440	AL_Shangrila	474	secondary	primary	alignment	duplicate	4
SRR23343440	AL_Shangrila	474	secondary	primary	alignment	eligible	19
SRR23343440	AL_Shangrila	474	secondary	primary	alignment	incomplete_codon	1
SRR23343440	AL_Shangrila	474	secondary	primary	alignment	low_base_quality	9
SRR23343440	AL_Shangrila	474	secondary	primary	fragment	conflicting_mates	0
SRR23343440	AL_Shangrila	474	secondary	primary	fragment	independent_eligible	19
SRR23343441	AL_Shangrila	474	secondary	primary	alignment	duplicate	5
SRR23343441	AL_Shangrila	474	secondary	primary	alignment	eligible	23
SRR23343441	AL_Shangrila	474	secondary	primary	alignment	low_base_quality	2
SRR23343441	AL_Shangrila	474	secondary	primary	fragment	conflicting_mates	0
SRR23343441	AL_Shangrila	474	secondary	primary	fragment	independent_eligible	23
SRR23343442	AL_Shangrila	474	secondary	primary	alignment	duplicate	17
SRR23343442	AL_Shangrila	474	secondary	primary	alignment	eligible	67
SRR23343442	AL_Shangrila	474	secondary	primary	alignment	incomplete_codon	1
SRR23343442	AL_Shangrila	474	secondary	primary	alignment	low_base_quality	15
SRR23343442	AL_Shangrila	474	secondary	primary	fragment	conflicting_mates	0
SRR23343442	AL_Shangrila	474	secondary	primary	fragment	independent_eligible	63
SRR23343443	AL_Shangrila	474	secondary	primary	alignment	duplicate	4
SRR23343443	AL_Shangrila	474	secondary	primary	alignment	eligible	22
SRR23343443	AL_Shangrila	474	secondary	primary	alignment	low_base_quality	3
SRR23343443	AL_Shangrila	474	secondary	primary	fragment	conflicting_mates	0
SRR23343443	AL_Shangrila	474	secondary	primary	fragment	independent_eligible	22
SRR23343444	AL_Shangrila	474	secondary	primary	alignment	duplicate	5
SRR23343444	AL_Shangrila	474	secondary	primary	alignment	eligible	19
SRR23343444	AL_Shangrila	474	secondary	primary	alignment	incomplete_codon	1
SRR23343444	AL_Shangrila	474	secondary	primary	alignment	low_base_quality	4
SRR23343444	AL_Shangrila	474	secondary	primary	fragment	conflicting_mates	0
SRR23343444	AL_Shangrila	474	secondary	primary	fragment	independent_eligible	19
SRR23343445	AL_Shangrila	474	secondary	primary	alignment	duplicate	7
SRR23343445	AL_Shangrila	474	secondary	primary	alignment	eligible	44
SRR23343445	AL_Shangrila	474	secondary	primary	alignment	incomplete_codon	2
SRR23343445	AL_Shangrila	474	secondary	primary	alignment	low_base_quality	7
SRR23343445	AL_Shangrila	474	secondary	primary	fragment	conflicting_mates	0
SRR23343445	AL_Shangrila	474	secondary	primary	fragment	independent_eligible	42
SRR23343446	AL_Shangrila	474	secondary	primary	alignment	duplicate	4
SRR23343446	AL_Shangrila	474	secondary	primary	alignment	eligible	26
SRR23343446	AL_Shangrila	474	secondary	primary	alignment	incomplete_codon	2
SRR23343446	AL_Shangrila	474	secondary	primary	alignment	low_base_quality	8
SRR23343446	AL_Shangrila	474	secondary	primary	fragment	conflicting_mates	0
SRR23343446	AL_Shangrila	474	secondary	primary	fragment	independent_eligible	25
SRR23343447	AL_Shangrila	474	secondary	primary	alignment	duplicate	9
SRR23343447	AL_Shangrila	474	secondary	primary	alignment	eligible	35
SRR23343447	AL_Shangrila	474	secondary	primary	alignment	incomplete_codon	1
SRR23343447	AL_Shangrila	474	secondary	primary	alignment	low_base_quality	3
SRR23343447	AL_Shangrila	474	secondary	primary	fragment	conflicting_mates	0
SRR23343447	AL_Shangrila	474	secondary	primary	fragment	independent_eligible	33
SRR23343448	AL_Shangrila	474	secondary	primary	alignment	duplicate	2
SRR23343448	AL_Shangrila	474	secondary	primary	alignment	eligible	29
SRR23343448	AL_Shangrila	474	secondary	primary	alignment	low_base_quality	4
SRR23343448	AL_Shangrila	474	secondary	primary	alignment	low_mapping_quality	1
SRR23343448	AL_Shangrila	474	secondary	primary	fragment	conflicting_mates	0
SRR23343448	AL_Shangrila	474	secondary	primary	fragment	independent_eligible	29
SRR23343449	AL_Shangrila	474	secondary	primary	alignment	duplicate	6
SRR23343449	AL_Shangrila	474	secondary	primary	alignment	eligible	23
SRR23343449	AL_Shangrila	474	secondary	primary	alignment	incomplete_codon	1
SRR23343449	AL_Shangrila	474	secondary	primary	alignment	low_base_quality	7
SRR23343449	AL_Shangrila	474	secondary	primary	fragment	conflicting_mates	0
SRR23343449	AL_Shangrila	474	secondary	primary	fragment	independent_eligible	22
SRR23343450	AL_Shangrila	474	secondary	primary	alignment	duplicate	1
SRR23343450	AL_Shangrila	474	secondary	primary	alignment	eligible	29
SRR23343450	AL_Shangrila	474	secondary	primary	alignment	low_base_quality	9
SRR23343450	AL_Shangrila	474	secondary	primary	fragment	conflicting_mates	0
SRR23343450	AL_Shangrila	474	secondary	primary	fragment	independent_eligible	28
SRR23343451	AL_Shangrila	474	secondary	primary	alignment	duplicate	8
SRR23343451	AL_Shangrila	474	secondary	primary	alignment	eligible	29
SRR23343451	AL_Shangrila	474	secondary	primary	alignment	low_base_quality	9
SRR23343451	AL_Shangrila	474	secondary	primary	fragment	conflicting_mates	0
SRR23343451	AL_Shangrila	474	secondary	primary	fragment	independent_eligible	29
SRR23343452	AL_Shangrila	474	secondary	primary	alignment	duplicate	8
SRR23343452	AL_Shangrila	474	secondary	primary	alignment	eligible	39
SRR23343452	AL_Shangrila	474	secondary	primary	alignment	low_base_quality	11
SRR23343452	AL_Shangrila	474	secondary	primary	fragment	conflicting_mates	0
SRR23343452	AL_Shangrila	474	secondary	primary	fragment	independent_eligible	39
SRR23343453	AL_Shangrila	474	secondary	primary	alignment	duplicate	7
SRR23343453	AL_Shangrila	474	secondary	primary	alignment	eligible	17
SRR23343453	AL_Shangrila	474	secondary	primary	alignment	incomplete_codon	1
SRR23343453	AL_Shangrila	474	secondary	primary	alignment	low_base_quality	3
SRR23343453	AL_Shangrila	474	secondary	primary	fragment	conflicting_mates	0
SRR23343453	AL_Shangrila	474	secondary	primary	fragment	independent_eligible	16
SRR23343454	AL_Shangrila	474	secondary	primary	alignment	duplicate	6
SRR23343454	AL_Shangrila	474	secondary	primary	alignment	eligible	24
SRR23343454	AL_Shangrila	474	secondary	primary	alignment	incomplete_codon	1
SRR23343454	AL_Shangrila	474	secondary	primary	alignment	low_base_quality	10
SRR23343454	AL_Shangrila	474	secondary	primary	fragment	conflicting_mates	0
SRR23343454	AL_Shangrila	474	secondary	primary	fragment	independent_eligible	23
SRR23343455	AL_Shangrila	474	secondary	primary	alignment	duplicate	1
SRR23343455	AL_Shangrila	474	secondary	primary	alignment	eligible	3
SRR23343455	AL_Shangrila	474	secondary	primary	alignment	low_base_quality	1
SRR23343455	AL_Shangrila	474	secondary	primary	fragment	conflicting_mates	0
SRR23343455	AL_Shangrila	474	secondary	primary	fragment	independent_eligible	3
SRR23343456	AL_Shangrila	474	secondary	primary	alignment	duplicate	5
SRR23343456	AL_Shangrila	474	secondary	primary	alignment	eligible	22
SRR23343456	AL_Shangrila	474	secondary	primary	alignment	incomplete_codon	1
SRR23343456	AL_Shangrila	474	secondary	primary	alignment	low_base_quality	6
SRR23343456	AL_Shangrila	474	secondary	primary	fragment	conflicting_mates	0
SRR23343456	AL_Shangrila	474	secondary	primary	fragment	independent_eligible	22
SRR23343457	AL_Shangrila	474	secondary	primary	alignment	duplicate	6
SRR23343457	AL_Shangrila	474	secondary	primary	alignment	eligible	30
SRR23343457	AL_Shangrila	474	secondary	primary	alignment	low_base_quality	3
SRR23343457	AL_Shangrila	474	secondary	primary	fragment	conflicting_mates	0
SRR23343457	AL_Shangrila	474	secondary	primary	fragment	independent_eligible	28
SRR23343458	AL_Shangrila	474	secondary	primary	alignment	duplicate	9
SRR23343458	AL_Shangrila	474	secondary	primary	alignment	eligible	41
SRR23343458	AL_Shangrila	474	secondary	primary	alignment	incomplete_codon	1
SRR23343458	AL_Shangrila	474	secondary	primary	alignment	low_base_quality	8
SRR23343458	AL_Shangrila	474	secondary	primary	fragment	conflicting_mates	0
SRR23343458	AL_Shangrila	474	secondary	primary	fragment	independent_eligible	37
SRR23343459	AL_Shangrila	474	secondary	primary	alignment	duplicate	7
SRR23343459	AL_Shangrila	474	secondary	primary	alignment	eligible	22
SRR23343459	AL_Shangrila	474	secondary	primary	alignment	incomplete_codon	4
SRR23343459	AL_Shangrila	474	secondary	primary	alignment	low_base_quality	2
SRR23343459	AL_Shangrila	474	secondary	primary	fragment	conflicting_mates	0
SRR23343459	AL_Shangrila	474	secondary	primary	fragment	independent_eligible	22
SRR23343460	AL_Shangrila	474	secondary	primary	alignment	duplicate	11
SRR23343460	AL_Shangrila	474	secondary	primary	alignment	eligible	30
SRR23343460	AL_Shangrila	474	secondary	primary	alignment	incomplete_codon	2
SRR23343460	AL_Shangrila	474	secondary	primary	alignment	low_base_quality	6
SRR23343460	AL_Shangrila	474	secondary	primary	fragment	conflicting_mates	0
SRR23343460	AL_Shangrila	474	secondary	primary	fragment	independent_eligible	29
SRR23343461	AL_Shangrila	474	secondary	primary	alignment	duplicate	5
SRR23343461	AL_Shangrila	474	secondary	primary	alignment	eligible	31
SRR23343461	AL_Shangrila	474	secondary	primary	alignment	low_base_quality	6
SRR23343461	AL_Shangrila	474	secondary	primary	fragment	conflicting_mates	0
SRR23343461	AL_Shangrila	474	secondary	primary	fragment	independent_eligible	30
SRR23343462	AL_Shangrila	474	secondary	primary	alignment	duplicate	22
SRR23343462	AL_Shangrila	474	secondary	primary	alignment	eligible	61
SRR23343462	AL_Shangrila	474	secondary	primary	alignment	incomplete_codon	1
SRR23343462	AL_Shangrila	474	secondary	primary	alignment	low_base_quality	8
SRR23343462	AL_Shangrila	474	secondary	primary	fragment	conflicting_mates	0
SRR23343462	AL_Shangrila	474	secondary	primary	fragment	independent_eligible	57
SRR23343463	AL_Shangrila	474	secondary	primary	alignment	duplicate	14
SRR23343463	AL_Shangrila	474	secondary	primary	alignment	eligible	36
SRR23343463	AL_Shangrila	474	secondary	primary	alignment	incomplete_codon	2
SRR23343463	AL_Shangrila	474	secondary	primary	alignment	low_base_quality	5
SRR23343463	AL_Shangrila	474	secondary	primary	fragment	conflicting_mates	0
SRR23343463	AL_Shangrila	474	secondary	primary	fragment	independent_eligible	36
SRR23343464	AL_Shangrila	474	secondary	primary	alignment	duplicate	8
SRR23343464	AL_Shangrila	474	secondary	primary	alignment	eligible	27
SRR23343464	AL_Shangrila	474	secondary	primary	alignment	incomplete_codon	2
SRR23343464	AL_Shangrila	474	secondary	primary	alignment	low_base_quality	7
SRR23343464	AL_Shangrila	474	secondary	primary	fragment	conflicting_mates	0
SRR23343464	AL_Shangrila	474	secondary	primary	fragment	independent_eligible	25
SRR23343465	AL_Shangrila	474	secondary	primary	alignment	duplicate	8
SRR23343465	AL_Shangrila	474	secondary	primary	alignment	eligible	23
SRR23343465	AL_Shangrila	474	secondary	primary	alignment	incomplete_codon	1
SRR23343465	AL_Shangrila	474	secondary	primary	alignment	low_base_quality	4
SRR23343465	AL_Shangrila	474	secondary	primary	fragment	conflicting_mates	0
SRR23343465	AL_Shangrila	474	secondary	primary	fragment	independent_eligible	23
SRR23343466	AL_Shangrila	474	secondary	primary	alignment	duplicate	9
SRR23343466	AL_Shangrila	474	secondary	primary	alignment	eligible	27
SRR23343466	AL_Shangrila	474	secondary	primary	alignment	low_base_quality	7
SRR23343466	AL_Shangrila	474	secondary	primary	fragment	conflicting_mates	0
SRR23343466	AL_Shangrila	474	secondary	primary	fragment	independent_eligible	26
SRR23343467	AL_Shangrila	474	secondary	primary	alignment	duplicate	5
SRR23343467	AL_Shangrila	474	secondary	primary	alignment	eligible	33
SRR23343467	AL_Shangrila	474	secondary	primary	alignment	incomplete_codon	1
SRR23343467	AL_Shangrila	474	secondary	primary	alignment	low_base_quality	13
SRR23343467	AL_Shangrila	474	secondary	primary	fragment	conflicting_mates	0
SRR23343467	AL_Shangrila	474	secondary	primary	fragment	independent_eligible	31
SRR23343468	AL_Shangrila	474	secondary	primary	alignment	duplicate	13
SRR23343468	AL_Shangrila	474	secondary	primary	alignment	eligible	38
SRR23343468	AL_Shangrila	474	secondary	primary	alignment	incomplete_codon	1
SRR23343468	AL_Shangrila	474	secondary	primary	alignment	low_base_quality	6
SRR23343468	AL_Shangrila	474	secondary	primary	fragment	conflicting_mates	0
SRR23343468	AL_Shangrila	474	secondary	primary	fragment	independent_eligible	36
SRR23343469	AL_Shangrila	474	secondary	primary	alignment	duplicate	9
SRR23343469	AL_Shangrila	474	secondary	primary	alignment	eligible	33
SRR23343469	AL_Shangrila	474	secondary	primary	alignment	incomplete_codon	1
SRR23343469	AL_Shangrila	474	secondary	primary	alignment	low_base_quality	6
SRR23343469	AL_Shangrila	474	secondary	primary	fragment	conflicting_mates	0
SRR23343469	AL_Shangrila	474	secondary	primary	fragment	independent_eligible	32
SRR23343470	AL_Shangrila	474	secondary	primary	alignment	duplicate	7
SRR23343470	AL_Shangrila	474	secondary	primary	alignment	eligible	21
SRR23343470	AL_Shangrila	474	secondary	primary	alignment	low_base_quality	3
SRR23343470	AL_Shangrila	474	secondary	primary	fragment	conflicting_mates	0
SRR23343470	AL_Shangrila	474	secondary	primary	fragment	independent_eligible	21
SRR23343471	AL_Shangrila	474	secondary	primary	alignment	duplicate	2
SRR23343471	AL_Shangrila	474	secondary	primary	alignment	eligible	18
SRR23343471	AL_Shangrila	474	secondary	primary	alignment	incomplete_codon	1
SRR23343471	AL_Shangrila	474	secondary	primary	alignment	low_base_quality	7
SRR23343471	AL_Shangrila	474	secondary	primary	fragment	conflicting_mates	0
SRR23343471	AL_Shangrila	474	secondary	primary	fragment	independent_eligible	18
SRR23343472	AL_Shangrila	474	secondary	primary	alignment	duplicate	7
SRR23343472	AL_Shangrila	474	secondary	primary	alignment	eligible	19
SRR23343472	AL_Shangrila	474	secondary	primary	alignment	incomplete_codon	1
SRR23343472	AL_Shangrila	474	secondary	primary	alignment	low_base_quality	5
SRR23343472	AL_Shangrila	474	secondary	primary	fragment	conflicting_mates	0
SRR23343472	AL_Shangrila	474	secondary	primary	fragment	independent_eligible	18
SRR23343473	AL_Shangrila	474	secondary	primary	alignment	duplicate	14
SRR23343473	AL_Shangrila	474	secondary	primary	alignment	eligible	68
SRR23343473	AL_Shangrila	474	secondary	primary	alignment	incomplete_codon	2
SRR23343473	AL_Shangrila	474	secondary	primary	alignment	low_base_quality	11
SRR23343473	AL_Shangrila	474	secondary	primary	fragment	conflicting_mates	0
SRR23343473	AL_Shangrila	474	secondary	primary	fragment	independent_eligible	67
SRR23343474	AL_Shangrila	474	secondary	primary	alignment	duplicate	3
SRR23343474	AL_Shangrila	474	secondary	primary	alignment	eligible	25
SRR23343474	AL_Shangrila	474	secondary	primary	alignment	incomplete_codon	1
SRR23343474	AL_Shangrila	474	secondary	primary	alignment	low_base_quality	9
SRR23343474	AL_Shangrila	474	secondary	primary	fragment	conflicting_mates	0
SRR23343474	AL_Shangrila	474	secondary	primary	fragment	independent_eligible	24
SRR23343475	AL_Shangrila	474	secondary	primary	alignment	duplicate	5
SRR23343475	AL_Shangrila	474	secondary	primary	alignment	eligible	38
SRR23343475	AL_Shangrila	474	secondary	primary	alignment	incomplete_codon	1
SRR23343475	AL_Shangrila	474	secondary	primary	alignment	low_base_quality	8
SRR23343475	AL_Shangrila	474	secondary	primary	fragment	conflicting_mates	0
SRR23343475	AL_Shangrila	474	secondary	primary	fragment	independent_eligible	35
SRR23343476	AL_Shangrila	474	secondary	primary	alignment	duplicate	2
SRR23343476	AL_Shangrila	474	secondary	primary	alignment	eligible	23
SRR23343476	AL_Shangrila	474	secondary	primary	alignment	low_base_quality	5
SRR23343476	AL_Shangrila	474	secondary	primary	fragment	conflicting_mates	0
SRR23343476	AL_Shangrila	474	secondary	primary	fragment	independent_eligible	23
SRR23343477	AL_Shangrila	474	secondary	primary	alignment	duplicate	13
SRR23343477	AL_Shangrila	474	secondary	primary	alignment	eligible	35
SRR23343477	AL_Shangrila	474	secondary	primary	alignment	incomplete_codon	2
SRR23343477	AL_Shangrila	474	secondary	primary	alignment	low_base_quality	6
SRR23343477	AL_Shangrila	474	secondary	primary	fragment	conflicting_mates	0
SRR23343477	AL_Shangrila	474	secondary	primary	fragment	independent_eligible	34
SRR23343478	AL_Shangrila	474	secondary	primary	alignment	duplicate	4
SRR23343478	AL_Shangrila	474	secondary	primary	alignment	eligible	21
SRR23343478	AL_Shangrila	474	secondary	primary	alignment	incomplete_codon	1
SRR23343478	AL_Shangrila	474	secondary	primary	alignment	low_base_quality	5
SRR23343478	AL_Shangrila	474	secondary	primary	fragment	conflicting_mates	0
SRR23343478	AL_Shangrila	474	secondary	primary	fragment	independent_eligible	21
SRR23343479	AL_Shangrila	474	secondary	primary	alignment	duplicate	7
SRR23343479	AL_Shangrila	474	secondary	primary	alignment	eligible	26
SRR23343479	AL_Shangrila	474	secondary	primary	alignment	incomplete_codon	1
SRR23343479	AL_Shangrila	474	secondary	primary	alignment	low_base_quality	9
SRR23343479	AL_Shangrila	474	secondary	primary	fragment	conflicting_mates	0
SRR23343479	AL_Shangrila	474	secondary	primary	fragment	independent_eligible	25
SRR23343480	AL_Shangrila	474	secondary	primary	alignment	duplicate	5
SRR23343480	AL_Shangrila	474	secondary	primary	alignment	eligible	20
SRR23343480	AL_Shangrila	474	secondary	primary	alignment	incomplete_codon	1
SRR23343480	AL_Shangrila	474	secondary	primary	alignment	low_base_quality	7
SRR23343480	AL_Shangrila	474	secondary	primary	fragment	conflicting_mates	0
SRR23343480	AL_Shangrila	474	secondary	primary	fragment	independent_eligible	20
SRR23343481	AL_Shangrila	474	secondary	primary	alignment	duplicate	2
SRR23343481	AL_Shangrila	474	secondary	primary	alignment	eligible	15
SRR23343481	AL_Shangrila	474	secondary	primary	alignment	low_base_quality	5
SRR23343481	AL_Shangrila	474	secondary	primary	fragment	conflicting_mates	0
SRR23343481	AL_Shangrila	474	secondary	primary	fragment	independent_eligible	15
SRR23343482	AL_Shangrila	474	secondary	primary	alignment	duplicate	9
SRR23343482	AL_Shangrila	474	secondary	primary	alignment	eligible	34
SRR23343482	AL_Shangrila	474	secondary	primary	alignment	low_base_quality	7
SRR23343482	AL_Shangrila	474	secondary	primary	fragment	conflicting_mates	0
SRR23343482	AL_Shangrila	474	secondary	primary	fragment	independent_eligible	34
SRR23343483	AL_Shangrila	474	secondary	primary	alignment	duplicate	5
SRR23343483	AL_Shangrila	474	secondary	primary	alignment	eligible	32
SRR23343483	AL_Shangrila	474	secondary	primary	alignment	incomplete_codon	1
SRR23343483	AL_Shangrila	474	secondary	primary	alignment	low_base_quality	4
SRR23343483	AL_Shangrila	474	secondary	primary	fragment	conflicting_mates	0
SRR23343483	AL_Shangrila	474	secondary	primary	fragment	independent_eligible	31
SRR23343484	AL_Shangrila	474	secondary	primary	alignment	duplicate	9
SRR23343484	AL_Shangrila	474	secondary	primary	alignment	eligible	29
SRR23343484	AL_Shangrila	474	secondary	primary	alignment	low_base_quality	10
SRR23343484	AL_Shangrila	474	secondary	primary	fragment	conflicting_mates	0
SRR23343484	AL_Shangrila	474	secondary	primary	fragment	independent_eligible	28
SRR23343485	AL_Shangrila	474	secondary	primary	alignment	duplicate	12
SRR23343485	AL_Shangrila	474	secondary	primary	alignment	eligible	31
SRR23343485	AL_Shangrila	474	secondary	primary	alignment	low_base_quality	6
SRR23343485	AL_Shangrila	474	secondary	primary	fragment	conflicting_mates	0
SRR23343485	AL_Shangrila	474	secondary	primary	fragment	independent_eligible	30
SRR23343486	AL_Shangrila	474	secondary	primary	alignment	duplicate	14
SRR23343486	AL_Shangrila	474	secondary	primary	alignment	eligible	46
SRR23343486	AL_Shangrila	474	secondary	primary	alignment	low_base_quality	11
SRR23343486	AL_Shangrila	474	secondary	primary	fragment	conflicting_mates	0
SRR23343486	AL_Shangrila	474	secondary	primary	fragment	independent_eligible	44
SRR23343487	AL_Shangrila	474	secondary	primary	alignment	duplicate	14
SRR23343487	AL_Shangrila	474	secondary	primary	alignment	eligible	35
SRR23343487	AL_Shangrila	474	secondary	primary	alignment	incomplete_codon	3
SRR23343487	AL_Shangrila	474	secondary	primary	alignment	low_base_quality	11
SRR23343487	AL_Shangrila	474	secondary	primary	fragment	conflicting_mates	0
SRR23343487	AL_Shangrila	474	secondary	primary	fragment	independent_eligible	35
SRR23343488	AL_Shangrila	474	secondary	primary	alignment	duplicate	5
SRR23343488	AL_Shangrila	474	secondary	primary	alignment	eligible	24
SRR23343488	AL_Shangrila	474	secondary	primary	alignment	incomplete_codon	1
SRR23343488	AL_Shangrila	474	secondary	primary	alignment	low_base_quality	12
SRR23343488	AL_Shangrila	474	secondary	primary	fragment	conflicting_mates	0
SRR23343488	AL_Shangrila	474	secondary	primary	fragment	independent_eligible	24
SRR23343489	AL_Shangrila	474	secondary	primary	alignment	duplicate	6
SRR23343489	AL_Shangrila	474	secondary	primary	alignment	eligible	26
SRR23343489	AL_Shangrila	474	secondary	primary	alignment	incomplete_codon	2
SRR23343489	AL_Shangrila	474	secondary	primary	alignment	low_base_quality	11
SRR23343489	AL_Shangrila	474	secondary	primary	fragment	conflicting_mates	0
SRR23343489	AL_Shangrila	474	secondary	primary	fragment	independent_eligible	26
SRR23343490	AL_Shangrila	474	secondary	primary	alignment	duplicate	4
SRR23343490	AL_Shangrila	474	secondary	primary	alignment	eligible	20
SRR23343490	AL_Shangrila	474	secondary	primary	alignment	low_base_quality	5
SRR23343490	AL_Shangrila	474	secondary	primary	fragment	conflicting_mates	0
SRR23343490	AL_Shangrila	474	secondary	primary	fragment	independent_eligible	20
SRR23343491	AL_Shangrila	474	secondary	primary	alignment	duplicate	5
SRR23343491	AL_Shangrila	474	secondary	primary	alignment	eligible	26
SRR23343491	AL_Shangrila	474	secondary	primary	alignment	incomplete_codon	2
SRR23343491	AL_Shangrila	474	secondary	primary	alignment	low_base_quality	9
SRR23343491	AL_Shangrila	474	secondary	primary	fragment	conflicting_mates	0
SRR23343491	AL_Shangrila	474	secondary	primary	fragment	independent_eligible	26
SRR23343492	AL_Shangrila	474	secondary	primary	alignment	duplicate	3
SRR23343492	AL_Shangrila	474	secondary	primary	alignment	eligible	31
SRR23343492	AL_Shangrila	474	secondary	primary	alignment	low_base_quality	8
SRR23343492	AL_Shangrila	474	secondary	primary	fragment	conflicting_mates	0
SRR23343492	AL_Shangrila	474	secondary	primary	fragment	independent_eligible	30
SRR23343493	AL_Shangrila	474	secondary	primary	alignment	duplicate	6
SRR23343493	AL_Shangrila	474	secondary	primary	alignment	eligible	18
SRR23343493	AL_Shangrila	474	secondary	primary	alignment	low_base_quality	6
SRR23343493	AL_Shangrila	474	secondary	primary	fragment	conflicting_mates	0
SRR23343493	AL_Shangrila	474	secondary	primary	fragment	independent_eligible	18
SRR23343494	AL_Shangrila	474	secondary	primary	alignment	duplicate	7
SRR23343494	AL_Shangrila	474	secondary	primary	alignment	eligible	26
SRR23343494	AL_Shangrila	474	secondary	primary	alignment	incomplete_codon	1
SRR23343494	AL_Shangrila	474	secondary	primary	alignment	low_base_quality	10
SRR23343494	AL_Shangrila	474	secondary	primary	fragment	conflicting_mates	0
SRR23343494	AL_Shangrila	474	secondary	primary	fragment	independent_eligible	26
SRR23343438	AL_Shangrila	549	primary	primary	alignment	duplicate	15
SRR23343438	AL_Shangrila	549	primary	primary	alignment	eligible	40
SRR23343438	AL_Shangrila	549	primary	primary	alignment	incomplete_codon	1
SRR23343438	AL_Shangrila	549	primary	primary	alignment	low_base_quality	8
SRR23343438	AL_Shangrila	549	primary	primary	fragment	conflicting_mates	0
SRR23343438	AL_Shangrila	549	primary	primary	fragment	independent_eligible	39
SRR23343439	AL_Shangrila	549	primary	primary	alignment	duplicate	4
SRR23343439	AL_Shangrila	549	primary	primary	alignment	eligible	25
SRR23343439	AL_Shangrila	549	primary	primary	alignment	low_base_quality	8
SRR23343439	AL_Shangrila	549	primary	primary	fragment	conflicting_mates	0
SRR23343439	AL_Shangrila	549	primary	primary	fragment	independent_eligible	25
SRR23343440	AL_Shangrila	549	primary	primary	alignment	duplicate	2
SRR23343440	AL_Shangrila	549	primary	primary	alignment	eligible	15
SRR23343440	AL_Shangrila	549	primary	primary	alignment	low_base_quality	2
SRR23343440	AL_Shangrila	549	primary	primary	fragment	conflicting_mates	0
SRR23343440	AL_Shangrila	549	primary	primary	fragment	independent_eligible	15
SRR23343441	AL_Shangrila	549	primary	primary	alignment	duplicate	16
SRR23343441	AL_Shangrila	549	primary	primary	alignment	eligible	22
SRR23343441	AL_Shangrila	549	primary	primary	alignment	low_base_quality	11
SRR23343441	AL_Shangrila	549	primary	primary	fragment	conflicting_mates	0
SRR23343441	AL_Shangrila	549	primary	primary	fragment	independent_eligible	22
SRR23343442	AL_Shangrila	549	primary	primary	alignment	duplicate	18
SRR23343442	AL_Shangrila	549	primary	primary	alignment	eligible	44
SRR23343442	AL_Shangrila	549	primary	primary	alignment	incomplete_codon	1
SRR23343442	AL_Shangrila	549	primary	primary	alignment	low_base_quality	9
SRR23343442	AL_Shangrila	549	primary	primary	fragment	conflicting_mates	0
SRR23343442	AL_Shangrila	549	primary	primary	fragment	independent_eligible	43
SRR23343443	AL_Shangrila	549	primary	primary	alignment	duplicate	12
SRR23343443	AL_Shangrila	549	primary	primary	alignment	eligible	23
SRR23343443	AL_Shangrila	549	primary	primary	alignment	incomplete_codon	1
SRR23343443	AL_Shangrila	549	primary	primary	alignment	low_base_quality	3
SRR23343443	AL_Shangrila	549	primary	primary	fragment	conflicting_mates	0
SRR23343443	AL_Shangrila	549	primary	primary	fragment	independent_eligible	22
SRR23343444	AL_Shangrila	549	primary	primary	alignment	duplicate	8
SRR23343444	AL_Shangrila	549	primary	primary	alignment	eligible	19
SRR23343444	AL_Shangrila	549	primary	primary	alignment	low_base_quality	4
SRR23343444	AL_Shangrila	549	primary	primary	alignment	low_mapping_quality	1
SRR23343444	AL_Shangrila	549	primary	primary	fragment	conflicting_mates	0
SRR23343444	AL_Shangrila	549	primary	primary	fragment	independent_eligible	17
SRR23343445	AL_Shangrila	549	primary	primary	alignment	duplicate	1
SRR23343445	AL_Shangrila	549	primary	primary	alignment	eligible	36
SRR23343445	AL_Shangrila	549	primary	primary	alignment	incomplete_codon	1
SRR23343445	AL_Shangrila	549	primary	primary	alignment	low_base_quality	7
SRR23343445	AL_Shangrila	549	primary	primary	fragment	conflicting_mates	0
SRR23343445	AL_Shangrila	549	primary	primary	fragment	independent_eligible	35
SRR23343446	AL_Shangrila	549	primary	primary	alignment	duplicate	10
SRR23343446	AL_Shangrila	549	primary	primary	alignment	eligible	29
SRR23343446	AL_Shangrila	549	primary	primary	alignment	low_base_quality	6
SRR23343446	AL_Shangrila	549	primary	primary	fragment	conflicting_mates	0
SRR23343446	AL_Shangrila	549	primary	primary	fragment	independent_eligible	28
SRR23343447	AL_Shangrila	549	primary	primary	alignment	duplicate	4
SRR23343447	AL_Shangrila	549	primary	primary	alignment	eligible	25
SRR23343447	AL_Shangrila	549	primary	primary	alignment	low_base_quality	4
SRR23343447	AL_Shangrila	549	primary	primary	fragment	conflicting_mates	0
SRR23343447	AL_Shangrila	549	primary	primary	fragment	independent_eligible	25
SRR23343448	AL_Shangrila	549	primary	primary	alignment	duplicate	3
SRR23343448	AL_Shangrila	549	primary	primary	alignment	eligible	24
SRR23343448	AL_Shangrila	549	primary	primary	alignment	low_base_quality	3
SRR23343448	AL_Shangrila	549	primary	primary	fragment	conflicting_mates	0
SRR23343448	AL_Shangrila	549	primary	primary	fragment	independent_eligible	24
SRR23343449	AL_Shangrila	549	primary	primary	alignment	duplicate	8
SRR23343449	AL_Shangrila	549	primary	primary	alignment	eligible	25
SRR23343449	AL_Shangrila	549	primary	primary	alignment	low_base_quality	8
SRR23343449	AL_Shangrila	549	primary	primary	fragment	conflicting_mates	0
SRR23343449	AL_Shangrila	549	primary	primary	fragment	independent_eligible	23
SRR23343450	AL_Shangrila	549	primary	primary	alignment	duplicate	5
SRR23343450	AL_Shangrila	549	primary	primary	alignment	eligible	38
SRR23343450	AL_Shangrila	549	primary	primary	alignment	incomplete_codon	1
SRR23343450	AL_Shangrila	549	primary	primary	alignment	low_base_quality	5
SRR23343450	AL_Shangrila	549	primary	primary	fragment	conflicting_mates	0
SRR23343450	AL_Shangrila	549	primary	primary	fragment	independent_eligible	38
SRR23343451	AL_Shangrila	549	primary	primary	alignment	duplicate	4
SRR23343451	AL_Shangrila	549	primary	primary	alignment	eligible	24
SRR23343451	AL_Shangrila	549	primary	primary	alignment	low_base_quality	4
SRR23343451	AL_Shangrila	549	primary	primary	fragment	conflicting_mates	0
SRR23343451	AL_Shangrila	549	primary	primary	fragment	independent_eligible	24
SRR23343452	AL_Shangrila	549	primary	primary	alignment	duplicate	4
SRR23343452	AL_Shangrila	549	primary	primary	alignment	eligible	31
SRR23343452	AL_Shangrila	549	primary	primary	alignment	incomplete_codon	1
SRR23343452	AL_Shangrila	549	primary	primary	alignment	low_base_quality	6
SRR23343452	AL_Shangrila	549	primary	primary	alignment	low_mapping_quality	1
SRR23343452	AL_Shangrila	549	primary	primary	fragment	conflicting_mates	0
SRR23343452	AL_Shangrila	549	primary	primary	fragment	independent_eligible	29
SRR23343453	AL_Shangrila	549	primary	primary	alignment	duplicate	6
SRR23343453	AL_Shangrila	549	primary	primary	alignment	eligible	18
SRR23343453	AL_Shangrila	549	primary	primary	alignment	incomplete_codon	1
SRR23343453	AL_Shangrila	549	primary	primary	alignment	low_base_quality	2
SRR23343453	AL_Shangrila	549	primary	primary	fragment	conflicting_mates	0
SRR23343453	AL_Shangrila	549	primary	primary	fragment	independent_eligible	17
SRR23343454	AL_Shangrila	549	primary	primary	alignment	duplicate	2
SRR23343454	AL_Shangrila	549	primary	primary	alignment	eligible	25
SRR23343454	AL_Shangrila	549	primary	primary	alignment	low_base_quality	6
SRR23343454	AL_Shangrila	549	primary	primary	fragment	conflicting_mates	0
SRR23343454	AL_Shangrila	549	primary	primary	fragment	independent_eligible	25
SRR23343455	AL_Shangrila	549	primary	primary	alignment	duplicate	1
SRR23343455	AL_Shangrila	549	primary	primary	alignment	eligible	7
SRR23343455	AL_Shangrila	549	primary	primary	alignment	low_base_quality	1
SRR23343455	AL_Shangrila	549	primary	primary	fragment	conflicting_mates	0
SRR23343455	AL_Shangrila	549	primary	primary	fragment	independent_eligible	7
SRR23343456	AL_Shangrila	549	primary	primary	alignment	duplicate	5
SRR23343456	AL_Shangrila	549	primary	primary	alignment	eligible	23
SRR23343456	AL_Shangrila	549	primary	primary	alignment	low_base_quality	3
SRR23343456	AL_Shangrila	549	primary	primary	fragment	conflicting_mates	0
SRR23343456	AL_Shangrila	549	primary	primary	fragment	independent_eligible	23
SRR23343457	AL_Shangrila	549	primary	primary	alignment	duplicate	10
SRR23343457	AL_Shangrila	549	primary	primary	alignment	eligible	36
SRR23343457	AL_Shangrila	549	primary	primary	alignment	low_base_quality	5
SRR23343457	AL_Shangrila	549	primary	primary	fragment	conflicting_mates	0
SRR23343457	AL_Shangrila	549	primary	primary	fragment	independent_eligible	33
SRR23343458	AL_Shangrila	549	primary	primary	alignment	duplicate	6
SRR23343458	AL_Shangrila	549	primary	primary	alignment	eligible	39
SRR23343458	AL_Shangrila	549	primary	primary	alignment	low_base_quality	4
SRR23343458	AL_Shangrila	549	primary	primary	fragment	conflicting_mates	0
SRR23343458	AL_Shangrila	549	primary	primary	fragment	independent_eligible	38
SRR23343459	AL_Shangrila	549	primary	primary	alignment	duplicate	6
SRR23343459	AL_Shangrila	549	primary	primary	alignment	eligible	21
SRR23343459	AL_Shangrila	549	primary	primary	alignment	low_base_quality	5
SRR23343459	AL_Shangrila	549	primary	primary	fragment	conflicting_mates	0
SRR23343459	AL_Shangrila	549	primary	primary	fragment	independent_eligible	21
SRR23343460	AL_Shangrila	549	primary	primary	alignment	duplicate	8
SRR23343460	AL_Shangrila	549	primary	primary	alignment	eligible	20
SRR23343460	AL_Shangrila	549	primary	primary	alignment	low_base_quality	4
SRR23343460	AL_Shangrila	549	primary	primary	fragment	conflicting_mates	0
SRR23343460	AL_Shangrila	549	primary	primary	fragment	independent_eligible	18
SRR23343461	AL_Shangrila	549	primary	primary	alignment	duplicate	3
SRR23343461	AL_Shangrila	549	primary	primary	alignment	eligible	21
SRR23343461	AL_Shangrila	549	primary	primary	alignment	incomplete_codon	1
SRR23343461	AL_Shangrila	549	primary	primary	alignment	low_base_quality	4
SRR23343461	AL_Shangrila	549	primary	primary	fragment	conflicting_mates	0
SRR23343461	AL_Shangrila	549	primary	primary	fragment	independent_eligible	20
SRR23343462	AL_Shangrila	549	primary	primary	alignment	duplicate	12
SRR23343462	AL_Shangrila	549	primary	primary	alignment	eligible	27
SRR23343462	AL_Shangrila	549	primary	primary	alignment	incomplete_codon	1
SRR23343462	AL_Shangrila	549	primary	primary	alignment	low_base_quality	8
SRR23343462	AL_Shangrila	549	primary	primary	fragment	conflicting_mates	0
SRR23343462	AL_Shangrila	549	primary	primary	fragment	independent_eligible	27
SRR23343463	AL_Shangrila	549	primary	primary	alignment	duplicate	9
SRR23343463	AL_Shangrila	549	primary	primary	alignment	eligible	25
SRR23343463	AL_Shangrila	549	primary	primary	alignment	incomplete_codon	2
SRR23343463	AL_Shangrila	549	primary	primary	alignment	low_base_quality	9
SRR23343463	AL_Shangrila	549	primary	primary	fragment	conflicting_mates	0
SRR23343463	AL_Shangrila	549	primary	primary	fragment	independent_eligible	25
SRR23343464	AL_Shangrila	549	primary	primary	alignment	duplicate	5
SRR23343464	AL_Shangrila	549	primary	primary	alignment	eligible	30
SRR23343464	AL_Shangrila	549	primary	primary	alignment	low_base_quality	5
SRR23343464	AL_Shangrila	549	primary	primary	fragment	conflicting_mates	0
SRR23343464	AL_Shangrila	549	primary	primary	fragment	independent_eligible	28
SRR23343465	AL_Shangrila	549	primary	primary	alignment	duplicate	1
SRR23343465	AL_Shangrila	549	primary	primary	alignment	eligible	25
SRR23343465	AL_Shangrila	549	primary	primary	alignment	low_base_quality	2
SRR23343465	AL_Shangrila	549	primary	primary	fragment	conflicting_mates	0
SRR23343465	AL_Shangrila	549	primary	primary	fragment	independent_eligible	24
SRR23343466	AL_Shangrila	549	primary	primary	alignment	duplicate	7
SRR23343466	AL_Shangrila	549	primary	primary	alignment	eligible	28
SRR23343466	AL_Shangrila	549	primary	primary	alignment	low_base_quality	2
SRR23343466	AL_Shangrila	549	primary	primary	fragment	conflicting_mates	0
SRR23343466	AL_Shangrila	549	primary	primary	fragment	independent_eligible	24
SRR23343467	AL_Shangrila	549	primary	primary	alignment	duplicate	11
SRR23343467	AL_Shangrila	549	primary	primary	alignment	eligible	27
SRR23343467	AL_Shangrila	549	primary	primary	alignment	low_base_quality	7
SRR23343467	AL_Shangrila	549	primary	primary	fragment	conflicting_mates	0
SRR23343467	AL_Shangrila	549	primary	primary	fragment	independent_eligible	25
SRR23343468	AL_Shangrila	549	primary	primary	alignment	duplicate	7
SRR23343468	AL_Shangrila	549	primary	primary	alignment	eligible	18
SRR23343468	AL_Shangrila	549	primary	primary	alignment	incomplete_codon	1
SRR23343468	AL_Shangrila	549	primary	primary	alignment	low_base_quality	5
SRR23343468	AL_Shangrila	549	primary	primary	fragment	conflicting_mates	0
SRR23343468	AL_Shangrila	549	primary	primary	fragment	independent_eligible	18
SRR23343469	AL_Shangrila	549	primary	primary	alignment	duplicate	1
SRR23343469	AL_Shangrila	549	primary	primary	alignment	eligible	24
SRR23343469	AL_Shangrila	549	primary	primary	alignment	incomplete_codon	2
SRR23343469	AL_Shangrila	549	primary	primary	alignment	low_base_quality	4
SRR23343469	AL_Shangrila	549	primary	primary	fragment	conflicting_mates	0
SRR23343469	AL_Shangrila	549	primary	primary	fragment	independent_eligible	24
SRR23343470	AL_Shangrila	549	primary	primary	alignment	duplicate	4
SRR23343470	AL_Shangrila	549	primary	primary	alignment	eligible	22
SRR23343470	AL_Shangrila	549	primary	primary	alignment	incomplete_codon	1
SRR23343470	AL_Shangrila	549	primary	primary	alignment	low_base_quality	9
SRR23343470	AL_Shangrila	549	primary	primary	fragment	conflicting_mates	0
SRR23343470	AL_Shangrila	549	primary	primary	fragment	independent_eligible	22
SRR23343471	AL_Shangrila	549	primary	primary	alignment	duplicate	2
SRR23343471	AL_Shangrila	549	primary	primary	alignment	eligible	13
SRR23343471	AL_Shangrila	549	primary	primary	alignment	low_base_quality	6
SRR23343471	AL_Shangrila	549	primary	primary	fragment	conflicting_mates	0
SRR23343471	AL_Shangrila	549	primary	primary	fragment	independent_eligible	13
SRR23343472	AL_Shangrila	549	primary	primary	alignment	duplicate	4
SRR23343472	AL_Shangrila	549	primary	primary	alignment	eligible	17
SRR23343472	AL_Shangrila	549	primary	primary	alignment	low_base_quality	5
SRR23343472	AL_Shangrila	549	primary	primary	fragment	conflicting_mates	0
SRR23343472	AL_Shangrila	549	primary	primary	fragment	independent_eligible	17
SRR23343473	AL_Shangrila	549	primary	primary	alignment	duplicate	16
SRR23343473	AL_Shangrila	549	primary	primary	alignment	eligible	55
SRR23343473	AL_Shangrila	549	primary	primary	alignment	incomplete_codon	3
SRR23343473	AL_Shangrila	549	primary	primary	alignment	low_base_quality	12
SRR23343473	AL_Shangrila	549	primary	primary	fragment	conflicting_mates	0
SRR23343473	AL_Shangrila	549	primary	primary	fragment	independent_eligible	55
SRR23343474	AL_Shangrila	549	primary	primary	alignment	duplicate	1
SRR23343474	AL_Shangrila	549	primary	primary	alignment	eligible	18
SRR23343474	AL_Shangrila	549	primary	primary	alignment	low_base_quality	5
SRR23343474	AL_Shangrila	549	primary	primary	fragment	conflicting_mates	0
SRR23343474	AL_Shangrila	549	primary	primary	fragment	independent_eligible	16
SRR23343475	AL_Shangrila	549	primary	primary	alignment	duplicate	3
SRR23343475	AL_Shangrila	549	primary	primary	alignment	eligible	20
SRR23343475	AL_Shangrila	549	primary	primary	alignment	incomplete_codon	1
SRR23343475	AL_Shangrila	549	primary	primary	alignment	low_base_quality	3
SRR23343475	AL_Shangrila	549	primary	primary	fragment	conflicting_mates	0
SRR23343475	AL_Shangrila	549	primary	primary	fragment	independent_eligible	19
SRR23343476	AL_Shangrila	549	primary	primary	alignment	duplicate	4
SRR23343476	AL_Shangrila	549	primary	primary	alignment	eligible	21
SRR23343476	AL_Shangrila	549	primary	primary	alignment	low_base_quality	5
SRR23343476	AL_Shangrila	549	primary	primary	fragment	conflicting_mates	0
SRR23343476	AL_Shangrila	549	primary	primary	fragment	independent_eligible	21
SRR23343477	AL_Shangrila	549	primary	primary	alignment	duplicate	6
SRR23343477	AL_Shangrila	549	primary	primary	alignment	eligible	24
SRR23343477	AL_Shangrila	549	primary	primary	alignment	incomplete_codon	2
SRR23343477	AL_Shangrila	549	primary	primary	alignment	low_base_quality	6
SRR23343477	AL_Shangrila	549	primary	primary	fragment	conflicting_mates	0
SRR23343477	AL_Shangrila	549	primary	primary	fragment	independent_eligible	24
SRR23343478	AL_Shangrila	549	primary	primary	alignment	duplicate	1
SRR23343478	AL_Shangrila	549	primary	primary	alignment	eligible	17
SRR23343478	AL_Shangrila	549	primary	primary	alignment	low_base_quality	4
SRR23343478	AL_Shangrila	549	primary	primary	fragment	conflicting_mates	0
SRR23343478	AL_Shangrila	549	primary	primary	fragment	independent_eligible	16
SRR23343479	AL_Shangrila	549	primary	primary	alignment	duplicate	6
SRR23343479	AL_Shangrila	549	primary	primary	alignment	eligible	33
SRR23343479	AL_Shangrila	549	primary	primary	alignment	low_base_quality	7
SRR23343479	AL_Shangrila	549	primary	primary	fragment	conflicting_mates	0
SRR23343479	AL_Shangrila	549	primary	primary	fragment	independent_eligible	32
SRR23343480	AL_Shangrila	549	primary	primary	alignment	duplicate	11
SRR23343480	AL_Shangrila	549	primary	primary	alignment	eligible	17
SRR23343480	AL_Shangrila	549	primary	primary	alignment	low_base_quality	5
SRR23343480	AL_Shangrila	549	primary	primary	fragment	conflicting_mates	0
SRR23343480	AL_Shangrila	549	primary	primary	fragment	independent_eligible	15
SRR23343481	AL_Shangrila	549	primary	primary	alignment	duplicate	3
SRR23343481	AL_Shangrila	549	primary	primary	alignment	eligible	12
SRR23343481	AL_Shangrila	549	primary	primary	alignment	low_base_quality	4
SRR23343481	AL_Shangrila	549	primary	primary	fragment	conflicting_mates	0
SRR23343481	AL_Shangrila	549	primary	primary	fragment	independent_eligible	12
SRR23343482	AL_Shangrila	549	primary	primary	alignment	duplicate	14
SRR23343482	AL_Shangrila	549	primary	primary	alignment	eligible	30
SRR23343482	AL_Shangrila	549	primary	primary	alignment	incomplete_codon	1
SRR23343482	AL_Shangrila	549	primary	primary	alignment	low_base_quality	4
SRR23343482	AL_Shangrila	549	primary	primary	fragment	conflicting_mates	0
SRR23343482	AL_Shangrila	549	primary	primary	fragment	independent_eligible	28
SRR23343483	AL_Shangrila	549	primary	primary	alignment	duplicate	4
SRR23343483	AL_Shangrila	549	primary	primary	alignment	eligible	26
SRR23343483	AL_Shangrila	549	primary	primary	alignment	low_base_quality	7
SRR23343483	AL_Shangrila	549	primary	primary	fragment	conflicting_mates	0
SRR23343483	AL_Shangrila	549	primary	primary	fragment	independent_eligible	25
SRR23343484	AL_Shangrila	549	primary	primary	alignment	duplicate	9
SRR23343484	AL_Shangrila	549	primary	primary	alignment	eligible	39
SRR23343484	AL_Shangrila	549	primary	primary	alignment	low_base_quality	6
SRR23343484	AL_Shangrila	549	primary	primary	fragment	conflicting_mates	0
SRR23343484	AL_Shangrila	549	primary	primary	fragment	independent_eligible	36
SRR23343485	AL_Shangrila	549	primary	primary	alignment	duplicate	6
SRR23343485	AL_Shangrila	549	primary	primary	alignment	eligible	22
SRR23343485	AL_Shangrila	549	primary	primary	alignment	low_base_quality	8
SRR23343485	AL_Shangrila	549	primary	primary	fragment	conflicting_mates	0
SRR23343485	AL_Shangrila	549	primary	primary	fragment	independent_eligible	22
SRR23343486	AL_Shangrila	549	primary	primary	alignment	duplicate	7
SRR23343486	AL_Shangrila	549	primary	primary	alignment	eligible	35
SRR23343486	AL_Shangrila	549	primary	primary	alignment	low_base_quality	7
SRR23343486	AL_Shangrila	549	primary	primary	fragment	conflicting_mates	0
SRR23343486	AL_Shangrila	549	primary	primary	fragment	independent_eligible	35
SRR23343487	AL_Shangrila	549	primary	primary	alignment	duplicate	9
SRR23343487	AL_Shangrila	549	primary	primary	alignment	eligible	35
SRR23343487	AL_Shangrila	549	primary	primary	alignment	incomplete_codon	1
SRR23343487	AL_Shangrila	549	primary	primary	alignment	low_base_quality	4
SRR23343487	AL_Shangrila	549	primary	primary	fragment	conflicting_mates	0
SRR23343487	AL_Shangrila	549	primary	primary	fragment	independent_eligible	34
SRR23343488	AL_Shangrila	549	primary	primary	alignment	duplicate	3
SRR23343488	AL_Shangrila	549	primary	primary	alignment	eligible	27
SRR23343488	AL_Shangrila	549	primary	primary	alignment	low_base_quality	10
SRR23343488	AL_Shangrila	549	primary	primary	fragment	conflicting_mates	0
SRR23343488	AL_Shangrila	549	primary	primary	fragment	independent_eligible	27
SRR23343489	AL_Shangrila	549	primary	primary	alignment	duplicate	10
SRR23343489	AL_Shangrila	549	primary	primary	alignment	eligible	27
SRR23343489	AL_Shangrila	549	primary	primary	alignment	low_base_quality	12
SRR23343489	AL_Shangrila	549	primary	primary	fragment	conflicting_mates	0
SRR23343489	AL_Shangrila	549	primary	primary	fragment	independent_eligible	27
SRR23343490	AL_Shangrila	549	primary	primary	alignment	duplicate	6
SRR23343490	AL_Shangrila	549	primary	primary	alignment	eligible	26
SRR23343490	AL_Shangrila	549	primary	primary	alignment	incomplete_codon	2
SRR23343490	AL_Shangrila	549	primary	primary	alignment	low_base_quality	4
SRR23343490	AL_Shangrila	549	primary	primary	fragment	conflicting_mates	0
SRR23343490	AL_Shangrila	549	primary	primary	fragment	independent_eligible	26
SRR23343491	AL_Shangrila	549	primary	primary	alignment	duplicate	7
SRR23343491	AL_Shangrila	549	primary	primary	alignment	eligible	24
SRR23343491	AL_Shangrila	549	primary	primary	alignment	incomplete_codon	1
SRR23343491	AL_Shangrila	549	primary	primary	alignment	low_base_quality	7
SRR23343491	AL_Shangrila	549	primary	primary	fragment	conflicting_mates	0
SRR23343491	AL_Shangrila	549	primary	primary	fragment	independent_eligible	22
SRR23343492	AL_Shangrila	549	primary	primary	alignment	duplicate	5
SRR23343492	AL_Shangrila	549	primary	primary	alignment	eligible	17
SRR23343492	AL_Shangrila	549	primary	primary	alignment	incomplete_codon	1
SRR23343492	AL_Shangrila	549	primary	primary	alignment	low_base_quality	7
SRR23343492	AL_Shangrila	549	primary	primary	fragment	conflicting_mates	0
SRR23343492	AL_Shangrila	549	primary	primary	fragment	independent_eligible	17
SRR23343493	AL_Shangrila	549	primary	primary	alignment	duplicate	5
SRR23343493	AL_Shangrila	549	primary	primary	alignment	eligible	18
SRR23343493	AL_Shangrila	549	primary	primary	alignment	low_base_quality	4
SRR23343493	AL_Shangrila	549	primary	primary	fragment	conflicting_mates	0
SRR23343493	AL_Shangrila	549	primary	primary	fragment	independent_eligible	18
SRR23343494	AL_Shangrila	549	primary	primary	alignment	duplicate	11
SRR23343494	AL_Shangrila	549	primary	primary	alignment	eligible	29
SRR23343494	AL_Shangrila	549	primary	primary	alignment	incomplete_codon	1
SRR23343494	AL_Shangrila	549	primary	primary	alignment	low_base_quality	3
SRR23343494	AL_Shangrila	549	primary	primary	fragment	conflicting_mates	0
SRR23343494	AL_Shangrila	549	primary	primary	fragment	independent_eligible	29
SRR23343438	AL_Shangrila	717	secondary	primary	alignment	duplicate	9
SRR23343438	AL_Shangrila	717	secondary	primary	alignment	eligible	24
SRR23343438	AL_Shangrila	717	secondary	primary	alignment	incomplete_codon	3
SRR23343438	AL_Shangrila	717	secondary	primary	alignment	low_base_quality	24
SRR23343438	AL_Shangrila	717	secondary	primary	alignment	low_mapping_quality	1
SRR23343438	AL_Shangrila	717	secondary	primary	fragment	conflicting_mates	0
SRR23343438	AL_Shangrila	717	secondary	primary	fragment	independent_eligible	24
SRR23343439	AL_Shangrila	717	secondary	primary	alignment	duplicate	9
SRR23343439	AL_Shangrila	717	secondary	primary	alignment	eligible	25
SRR23343439	AL_Shangrila	717	secondary	primary	alignment	incomplete_codon	1
SRR23343439	AL_Shangrila	717	secondary	primary	alignment	low_base_quality	11
SRR23343439	AL_Shangrila	717	secondary	primary	fragment	conflicting_mates	0
SRR23343439	AL_Shangrila	717	secondary	primary	fragment	independent_eligible	25
SRR23343440	AL_Shangrila	717	secondary	primary	alignment	duplicate	3
SRR23343440	AL_Shangrila	717	secondary	primary	alignment	eligible	18
SRR23343440	AL_Shangrila	717	secondary	primary	alignment	low_base_quality	10
SRR23343440	AL_Shangrila	717	secondary	primary	fragment	conflicting_mates	0
SRR23343440	AL_Shangrila	717	secondary	primary	fragment	independent_eligible	18
SRR23343441	AL_Shangrila	717	secondary	primary	alignment	duplicate	4
SRR23343441	AL_Shangrila	717	secondary	primary	alignment	eligible	18
SRR23343441	AL_Shangrila	717	secondary	primary	alignment	incomplete_codon	1
SRR23343441	AL_Shangrila	717	secondary	primary	alignment	low_base_quality	16
SRR23343441	AL_Shangrila	717	secondary	primary	fragment	conflicting_mates	0
SRR23343441	AL_Shangrila	717	secondary	primary	fragment	independent_eligible	18
SRR23343442	AL_Shangrila	717	secondary	primary	alignment	duplicate	12
SRR23343442	AL_Shangrila	717	secondary	primary	alignment	eligible	43
SRR23343442	AL_Shangrila	717	secondary	primary	alignment	incomplete_codon	1
SRR23343442	AL_Shangrila	717	secondary	primary	alignment	low_base_quality	20
SRR23343442	AL_Shangrila	717	secondary	primary	fragment	conflicting_mates	0
SRR23343442	AL_Shangrila	717	secondary	primary	fragment	independent_eligible	42
SRR23343443	AL_Shangrila	717	secondary	primary	alignment	duplicate	10
SRR23343443	AL_Shangrila	717	secondary	primary	alignment	eligible	19
SRR23343443	AL_Shangrila	717	secondary	primary	alignment	low_base_quality	11
SRR23343443	AL_Shangrila	717	secondary	primary	fragment	conflicting_mates	0
SRR23343443	AL_Shangrila	717	secondary	primary	fragment	independent_eligible	19
SRR23343444	AL_Shangrila	717	secondary	primary	alignment	duplicate	7
SRR23343444	AL_Shangrila	717	secondary	primary	alignment	eligible	15
SRR23343444	AL_Shangrila	717	secondary	primary	alignment	incomplete_codon	3
SRR23343444	AL_Shangrila	717	secondary	primary	alignment	low_base_quality	5
SRR23343444	AL_Shangrila	717	secondary	primary	alignment	low_mapping_quality	1
SRR23343444	AL_Shangrila	717	secondary	primary	fragment	conflicting_mates	0
SRR23343444	AL_Shangrila	717	secondary	primary	fragment	independent_eligible	15
SRR23343445	AL_Shangrila	717	secondary	primary	alignment	duplicate	8
SRR23343445	AL_Shangrila	717	secondary	primary	alignment	eligible	32
SRR23343445	AL_Shangrila	717	secondary	primary	alignment	low_base_quality	10
SRR23343445	AL_Shangrila	717	secondary	primary	fragment	conflicting_mates	0
SRR23343445	AL_Shangrila	717	secondary	primary	fragment	independent_eligible	32
SRR23343446	AL_Shangrila	717	secondary	primary	alignment	duplicate	1
SRR23343446	AL_Shangrila	717	secondary	primary	alignment	eligible	16
SRR23343446	AL_Shangrila	717	secondary	primary	alignment	low_base_quality	8
SRR23343446	AL_Shangrila	717	secondary	primary	fragment	conflicting_mates	0
SRR23343446	AL_Shangrila	717	secondary	primary	fragment	independent_eligible	16
SRR23343447	AL_Shangrila	717	secondary	primary	alignment	duplicate	10
SRR23343447	AL_Shangrila	717	secondary	primary	alignment	eligible	26
SRR23343447	AL_Shangrila	717	secondary	primary	alignment	low_base_quality	3
SRR23343447	AL_Shangrila	717	secondary	primary	fragment	conflicting_mates	0
SRR23343447	AL_Shangrila	717	secondary	primary	fragment	independent_eligible	26
SRR23343448	AL_Shangrila	717	secondary	primary	alignment	duplicate	6
SRR23343448	AL_Shangrila	717	secondary	primary	alignment	eligible	12
SRR23343448	AL_Shangrila	717	secondary	primary	alignment	low_base_quality	6
SRR23343448	AL_Shangrila	717	secondary	primary	fragment	conflicting_mates	0
SRR23343448	AL_Shangrila	717	secondary	primary	fragment	independent_eligible	12
SRR23343449	AL_Shangrila	717	secondary	primary	alignment	duplicate	6
SRR23343449	AL_Shangrila	717	secondary	primary	alignment	eligible	13
SRR23343449	AL_Shangrila	717	secondary	primary	alignment	incomplete_codon	1
SRR23343449	AL_Shangrila	717	secondary	primary	alignment	low_base_quality	8
SRR23343449	AL_Shangrila	717	secondary	primary	fragment	conflicting_mates	0
SRR23343449	AL_Shangrila	717	secondary	primary	fragment	independent_eligible	13
SRR23343450	AL_Shangrila	717	secondary	primary	alignment	duplicate	5
SRR23343450	AL_Shangrila	717	secondary	primary	alignment	eligible	18
SRR23343450	AL_Shangrila	717	secondary	primary	alignment	low_base_quality	5
SRR23343450	AL_Shangrila	717	secondary	primary	fragment	conflicting_mates	0
SRR23343450	AL_Shangrila	717	secondary	primary	fragment	independent_eligible	18
SRR23343451	AL_Shangrila	717	secondary	primary	alignment	duplicate	2
SRR23343451	AL_Shangrila	717	secondary	primary	alignment	eligible	20
SRR23343451	AL_Shangrila	717	secondary	primary	alignment	incomplete_codon	1
SRR23343451	AL_Shangrila	717	secondary	primary	alignment	low_base_quality	4
SRR23343451	AL_Shangrila	717	secondary	primary	fragment	conflicting_mates	0
SRR23343451	AL_Shangrila	717	secondary	primary	fragment	independent_eligible	20
SRR23343452	AL_Shangrila	717	secondary	primary	alignment	duplicate	4
SRR23343452	AL_Shangrila	717	secondary	primary	alignment	eligible	27
SRR23343452	AL_Shangrila	717	secondary	primary	alignment	low_base_quality	17
SRR23343452	AL_Shangrila	717	secondary	primary	fragment	conflicting_mates	0
SRR23343452	AL_Shangrila	717	secondary	primary	fragment	independent_eligible	27
SRR23343453	AL_Shangrila	717	secondary	primary	alignment	duplicate	4
SRR23343453	AL_Shangrila	717	secondary	primary	alignment	eligible	17
SRR23343453	AL_Shangrila	717	secondary	primary	alignment	low_base_quality	8
SRR23343453	AL_Shangrila	717	secondary	primary	fragment	conflicting_mates	0
SRR23343453	AL_Shangrila	717	secondary	primary	fragment	independent_eligible	17
SRR23343454	AL_Shangrila	717	secondary	primary	alignment	duplicate	5
SRR23343454	AL_Shangrila	717	secondary	primary	alignment	eligible	24
SRR23343454	AL_Shangrila	717	secondary	primary	alignment	incomplete_codon	1
SRR23343454	AL_Shangrila	717	secondary	primary	alignment	low_base_quality	10
SRR23343454	AL_Shangrila	717	secondary	primary	fragment	conflicting_mates	0
SRR23343454	AL_Shangrila	717	secondary	primary	fragment	independent_eligible	24
SRR23343455	AL_Shangrila	717	secondary	primary	alignment	eligible	1
SRR23343455	AL_Shangrila	717	secondary	primary	fragment	conflicting_mates	0
SRR23343455	AL_Shangrila	717	secondary	primary	fragment	independent_eligible	1
SRR23343456	AL_Shangrila	717	secondary	primary	alignment	duplicate	5
SRR23343456	AL_Shangrila	717	secondary	primary	alignment	eligible	21
SRR23343456	AL_Shangrila	717	secondary	primary	alignment	low_base_quality	12
SRR23343456	AL_Shangrila	717	secondary	primary	fragment	conflicting_mates	0
SRR23343456	AL_Shangrila	717	secondary	primary	fragment	independent_eligible	21
SRR23343457	AL_Shangrila	717	secondary	primary	alignment	duplicate	1
SRR23343457	AL_Shangrila	717	secondary	primary	alignment	eligible	17
SRR23343457	AL_Shangrila	717	secondary	primary	alignment	low_base_quality	6
SRR23343457	AL_Shangrila	717	secondary	primary	fragment	conflicting_mates	0
SRR23343457	AL_Shangrila	717	secondary	primary	fragment	independent_eligible	17
SRR23343458	AL_Shangrila	717	secondary	primary	alignment	duplicate	7
SRR23343458	AL_Shangrila	717	secondary	primary	alignment	eligible	23
SRR23343458	AL_Shangrila	717	secondary	primary	alignment	low_base_quality	11
SRR23343458	AL_Shangrila	717	secondary	primary	fragment	conflicting_mates	0
SRR23343458	AL_Shangrila	717	secondary	primary	fragment	independent_eligible	23
SRR23343459	AL_Shangrila	717	secondary	primary	alignment	duplicate	1
SRR23343459	AL_Shangrila	717	secondary	primary	alignment	eligible	10
SRR23343459	AL_Shangrila	717	secondary	primary	alignment	low_base_quality	2
SRR23343459	AL_Shangrila	717	secondary	primary	fragment	conflicting_mates	0
SRR23343459	AL_Shangrila	717	secondary	primary	fragment	independent_eligible	10
SRR23343460	AL_Shangrila	717	secondary	primary	alignment	duplicate	4
SRR23343460	AL_Shangrila	717	secondary	primary	alignment	eligible	18
SRR23343460	AL_Shangrila	717	secondary	primary	alignment	incomplete_codon	1
SRR23343460	AL_Shangrila	717	secondary	primary	alignment	low_base_quality	8
SRR23343460	AL_Shangrila	717	secondary	primary	fragment	conflicting_mates	0
SRR23343460	AL_Shangrila	717	secondary	primary	fragment	independent_eligible	18
SRR23343461	AL_Shangrila	717	secondary	primary	alignment	duplicate	1
SRR23343461	AL_Shangrila	717	secondary	primary	alignment	eligible	16
SRR23343461	AL_Shangrila	717	secondary	primary	alignment	low_base_quality	8
SRR23343461	AL_Shangrila	717	secondary	primary	fragment	conflicting_mates	0
SRR23343461	AL_Shangrila	717	secondary	primary	fragment	independent_eligible	16
SRR23343462	AL_Shangrila	717	secondary	primary	alignment	duplicate	10
SRR23343462	AL_Shangrila	717	secondary	primary	alignment	eligible	39
SRR23343462	AL_Shangrila	717	secondary	primary	alignment	incomplete_codon	1
SRR23343462	AL_Shangrila	717	secondary	primary	alignment	low_base_quality	9
SRR23343462	AL_Shangrila	717	secondary	primary	fragment	conflicting_mates	0
SRR23343462	AL_Shangrila	717	secondary	primary	fragment	independent_eligible	39
SRR23343463	AL_Shangrila	717	secondary	primary	alignment	duplicate	6
SRR23343463	AL_Shangrila	717	secondary	primary	alignment	eligible	11
SRR23343463	AL_Shangrila	717	secondary	primary	alignment	incomplete_codon	1
SRR23343463	AL_Shangrila	717	secondary	primary	alignment	low_base_quality	9
SRR23343463	AL_Shangrila	717	secondary	primary	alignment	low_mapping_quality	1
SRR23343463	AL_Shangrila	717	secondary	primary	fragment	conflicting_mates	0
SRR23343463	AL_Shangrila	717	secondary	primary	fragment	independent_eligible	11
SRR23343464	AL_Shangrila	717	secondary	primary	alignment	duplicate	5
SRR23343464	AL_Shangrila	717	secondary	primary	alignment	eligible	17
SRR23343464	AL_Shangrila	717	secondary	primary	alignment	low_base_quality	4
SRR23343464	AL_Shangrila	717	secondary	primary	fragment	conflicting_mates	0
SRR23343464	AL_Shangrila	717	secondary	primary	fragment	independent_eligible	17
SRR23343465	AL_Shangrila	717	secondary	primary	alignment	duplicate	6
SRR23343465	AL_Shangrila	717	secondary	primary	alignment	eligible	17
SRR23343465	AL_Shangrila	717	secondary	primary	alignment	incomplete_codon	2
SRR23343465	AL_Shangrila	717	secondary	primary	alignment	low_base_quality	8
SRR23343465	AL_Shangrila	717	secondary	primary	fragment	conflicting_mates	0
SRR23343465	AL_Shangrila	717	secondary	primary	fragment	independent_eligible	17
SRR23343466	AL_Shangrila	717	secondary	primary	alignment	duplicate	7
SRR23343466	AL_Shangrila	717	secondary	primary	alignment	eligible	18
SRR23343466	AL_Shangrila	717	secondary	primary	alignment	low_base_quality	14
SRR23343466	AL_Shangrila	717	secondary	primary	fragment	conflicting_mates	0
SRR23343466	AL_Shangrila	717	secondary	primary	fragment	independent_eligible	18
SRR23343467	AL_Shangrila	717	secondary	primary	alignment	duplicate	3
SRR23343467	AL_Shangrila	717	secondary	primary	alignment	eligible	18
SRR23343467	AL_Shangrila	717	secondary	primary	alignment	low_base_quality	7
SRR23343467	AL_Shangrila	717	secondary	primary	fragment	conflicting_mates	0
SRR23343467	AL_Shangrila	717	secondary	primary	fragment	independent_eligible	18
SRR23343468	AL_Shangrila	717	secondary	primary	alignment	duplicate	9
SRR23343468	AL_Shangrila	717	secondary	primary	alignment	eligible	19
SRR23343468	AL_Shangrila	717	secondary	primary	alignment	incomplete_codon	2
SRR23343468	AL_Shangrila	717	secondary	primary	alignment	low_base_quality	12
SRR23343468	AL_Shangrila	717	secondary	primary	fragment	conflicting_mates	0
SRR23343468	AL_Shangrila	717	secondary	primary	fragment	independent_eligible	19
SRR23343469	AL_Shangrila	717	secondary	primary	alignment	duplicate	4
SRR23343469	AL_Shangrila	717	secondary	primary	alignment	eligible	19
SRR23343469	AL_Shangrila	717	secondary	primary	alignment	incomplete_codon	1
SRR23343469	AL_Shangrila	717	secondary	primary	alignment	low_base_quality	9
SRR23343469	AL_Shangrila	717	secondary	primary	fragment	conflicting_mates	0
SRR23343469	AL_Shangrila	717	secondary	primary	fragment	independent_eligible	19
SRR23343470	AL_Shangrila	717	secondary	primary	alignment	duplicate	1
SRR23343470	AL_Shangrila	717	secondary	primary	alignment	eligible	14
SRR23343470	AL_Shangrila	717	secondary	primary	alignment	low_base_quality	7
SRR23343470	AL_Shangrila	717	secondary	primary	fragment	conflicting_mates	0
SRR23343470	AL_Shangrila	717	secondary	primary	fragment	independent_eligible	14
SRR23343471	AL_Shangrila	717	secondary	primary	alignment	duplicate	5
SRR23343471	AL_Shangrila	717	secondary	primary	alignment	eligible	16
SRR23343471	AL_Shangrila	717	secondary	primary	alignment	incomplete_codon	2
SRR23343471	AL_Shangrila	717	secondary	primary	alignment	low_base_quality	8
SRR23343471	AL_Shangrila	717	secondary	primary	fragment	conflicting_mates	0
SRR23343471	AL_Shangrila	717	secondary	primary	fragment	independent_eligible	16
SRR23343472	AL_Shangrila	717	secondary	primary	alignment	duplicate	5
SRR23343472	AL_Shangrila	717	secondary	primary	alignment	eligible	26
SRR23343472	AL_Shangrila	717	secondary	primary	alignment	incomplete_codon	1
SRR23343472	AL_Shangrila	717	secondary	primary	alignment	low_base_quality	8
SRR23343472	AL_Shangrila	717	secondary	primary	fragment	conflicting_mates	0
SRR23343472	AL_Shangrila	717	secondary	primary	fragment	independent_eligible	26
SRR23343473	AL_Shangrila	717	secondary	primary	alignment	duplicate	8
SRR23343473	AL_Shangrila	717	secondary	primary	alignment	eligible	42
SRR23343473	AL_Shangrila	717	secondary	primary	alignment	incomplete_codon	2
SRR23343473	AL_Shangrila	717	secondary	primary	alignment	low_base_quality	22
SRR23343473	AL_Shangrila	717	secondary	primary	fragment	conflicting_mates	0
SRR23343473	AL_Shangrila	717	secondary	primary	fragment	independent_eligible	42
SRR23343474	AL_Shangrila	717	secondary	primary	alignment	duplicate	5
SRR23343474	AL_Shangrila	717	secondary	primary	alignment	eligible	15
SRR23343474	AL_Shangrila	717	secondary	primary	alignment	incomplete_codon	1
SRR23343474	AL_Shangrila	717	secondary	primary	alignment	low_base_quality	8
SRR23343474	AL_Shangrila	717	secondary	primary	fragment	conflicting_mates	0
SRR23343474	AL_Shangrila	717	secondary	primary	fragment	independent_eligible	15
SRR23343475	AL_Shangrila	717	secondary	primary	alignment	duplicate	10
SRR23343475	AL_Shangrila	717	secondary	primary	alignment	eligible	30
SRR23343475	AL_Shangrila	717	secondary	primary	alignment	low_base_quality	8
SRR23343475	AL_Shangrila	717	secondary	primary	alignment	low_mapping_quality	1
SRR23343475	AL_Shangrila	717	secondary	primary	fragment	conflicting_mates	0
SRR23343475	AL_Shangrila	717	secondary	primary	fragment	independent_eligible	30
SRR23343476	AL_Shangrila	717	secondary	primary	alignment	duplicate	5
SRR23343476	AL_Shangrila	717	secondary	primary	alignment	eligible	10
SRR23343476	AL_Shangrila	717	secondary	primary	alignment	incomplete_codon	1
SRR23343476	AL_Shangrila	717	secondary	primary	alignment	low_base_quality	7
SRR23343476	AL_Shangrila	717	secondary	primary	alignment	low_mapping_quality	1
SRR23343476	AL_Shangrila	717	secondary	primary	fragment	conflicting_mates	0
SRR23343476	AL_Shangrila	717	secondary	primary	fragment	independent_eligible	10
SRR23343477	AL_Shangrila	717	secondary	primary	alignment	duplicate	7
SRR23343477	AL_Shangrila	717	secondary	primary	alignment	eligible	28
SRR23343477	AL_Shangrila	717	secondary	primary	alignment	incomplete_codon	1
SRR23343477	AL_Shangrila	717	secondary	primary	alignment	low_base_quality	12
SRR23343477	AL_Shangrila	717	secondary	primary	alignment	low_mapping_quality	1
SRR23343477	AL_Shangrila	717	secondary	primary	fragment	conflicting_mates	0
SRR23343477	AL_Shangrila	717	secondary	primary	fragment	independent_eligible	28
SRR23343478	AL_Shangrila	717	secondary	primary	alignment	duplicate	12
SRR23343478	AL_Shangrila	717	secondary	primary	alignment	eligible	25
SRR23343478	AL_Shangrila	717	secondary	primary	alignment	incomplete_codon	3
SRR23343478	AL_Shangrila	717	secondary	primary	alignment	low_base_quality	11
SRR23343478	AL_Shangrila	717	secondary	primary	fragment	conflicting_mates	0
SRR23343478	AL_Shangrila	717	secondary	primary	fragment	independent_eligible	25
SRR23343479	AL_Shangrila	717	secondary	primary	alignment	duplicate	8
SRR23343479	AL_Shangrila	717	secondary	primary	alignment	eligible	25
SRR23343479	AL_Shangrila	717	secondary	primary	alignment	low_base_quality	9
SRR23343479	AL_Shangrila	717	secondary	primary	fragment	conflicting_mates	0
SRR23343479	AL_Shangrila	717	secondary	primary	fragment	independent_eligible	25
SRR23343480	AL_Shangrila	717	secondary	primary	alignment	duplicate	3
SRR23343480	AL_Shangrila	717	secondary	primary	alignment	eligible	25
SRR23343480	AL_Shangrila	717	secondary	primary	alignment	low_base_quality	6
SRR23343480	AL_Shangrila	717	secondary	primary	fragment	conflicting_mates	0
SRR23343480	AL_Shangrila	717	secondary	primary	fragment	independent_eligible	25
SRR23343481	AL_Shangrila	717	secondary	primary	alignment	duplicate	4
SRR23343481	AL_Shangrila	717	secondary	primary	alignment	eligible	26
SRR23343481	AL_Shangrila	717	secondary	primary	alignment	low_base_quality	5
SRR23343481	AL_Shangrila	717	secondary	primary	fragment	conflicting_mates	0
SRR23343481	AL_Shangrila	717	secondary	primary	fragment	independent_eligible	26
SRR23343482	AL_Shangrila	717	secondary	primary	alignment	duplicate	8
SRR23343482	AL_Shangrila	717	secondary	primary	alignment	eligible	22
SRR23343482	AL_Shangrila	717	secondary	primary	alignment	incomplete_codon	2
SRR23343482	AL_Shangrila	717	secondary	primary	alignment	low_base_quality	11
SRR23343482	AL_Shangrila	717	secondary	primary	fragment	conflicting_mates	0
SRR23343482	AL_Shangrila	717	secondary	primary	fragment	independent_eligible	22
SRR23343483	AL_Shangrila	717	secondary	primary	alignment	duplicate	2
SRR23343483	AL_Shangrila	717	secondary	primary	alignment	eligible	29
SRR23343483	AL_Shangrila	717	secondary	primary	alignment	incomplete_codon	1
SRR23343483	AL_Shangrila	717	secondary	primary	alignment	low_base_quality	14
SRR23343483	AL_Shangrila	717	secondary	primary	fragment	conflicting_mates	0
SRR23343483	AL_Shangrila	717	secondary	primary	fragment	independent_eligible	28
SRR23343484	AL_Shangrila	717	secondary	primary	alignment	duplicate	7
SRR23343484	AL_Shangrila	717	secondary	primary	alignment	eligible	14
SRR23343484	AL_Shangrila	717	secondary	primary	alignment	low_base_quality	5
SRR23343484	AL_Shangrila	717	secondary	primary	fragment	conflicting_mates	0
SRR23343484	AL_Shangrila	717	secondary	primary	fragment	independent_eligible	14
SRR23343485	AL_Shangrila	717	secondary	primary	alignment	duplicate	2
SRR23343485	AL_Shangrila	717	secondary	primary	alignment	eligible	27
SRR23343485	AL_Shangrila	717	secondary	primary	alignment	low_base_quality	8
SRR23343485	AL_Shangrila	717	secondary	primary	fragment	conflicting_mates	0
SRR23343485	AL_Shangrila	717	secondary	primary	fragment	independent_eligible	27
SRR23343486	AL_Shangrila	717	secondary	primary	alignment	duplicate	6
SRR23343486	AL_Shangrila	717	secondary	primary	alignment	eligible	25
SRR23343486	AL_Shangrila	717	secondary	primary	alignment	incomplete_codon	1
SRR23343486	AL_Shangrila	717	secondary	primary	alignment	low_base_quality	9
SRR23343486	AL_Shangrila	717	secondary	primary	fragment	conflicting_mates	0
SRR23343486	AL_Shangrila	717	secondary	primary	fragment	independent_eligible	25
SRR23343487	AL_Shangrila	717	secondary	primary	alignment	duplicate	2
SRR23343487	AL_Shangrila	717	secondary	primary	alignment	eligible	22
SRR23343487	AL_Shangrila	717	secondary	primary	alignment	incomplete_codon	1
SRR23343487	AL_Shangrila	717	secondary	primary	alignment	low_base_quality	9
SRR23343487	AL_Shangrila	717	secondary	primary	fragment	conflicting_mates	0
SRR23343487	AL_Shangrila	717	secondary	primary	fragment	independent_eligible	22
SRR23343488	AL_Shangrila	717	secondary	primary	alignment	duplicate	3
SRR23343488	AL_Shangrila	717	secondary	primary	alignment	eligible	24
SRR23343488	AL_Shangrila	717	secondary	primary	alignment	incomplete_codon	1
SRR23343488	AL_Shangrila	717	secondary	primary	alignment	low_base_quality	8
SRR23343488	AL_Shangrila	717	secondary	primary	fragment	conflicting_mates	0
SRR23343488	AL_Shangrila	717	secondary	primary	fragment	independent_eligible	24
SRR23343489	AL_Shangrila	717	secondary	primary	alignment	duplicate	4
SRR23343489	AL_Shangrila	717	secondary	primary	alignment	eligible	20
SRR23343489	AL_Shangrila	717	secondary	primary	alignment	incomplete_codon	2
SRR23343489	AL_Shangrila	717	secondary	primary	alignment	low_base_quality	11
SRR23343489	AL_Shangrila	717	secondary	primary	fragment	conflicting_mates	0
SRR23343489	AL_Shangrila	717	secondary	primary	fragment	independent_eligible	20
SRR23343490	AL_Shangrila	717	secondary	primary	alignment	duplicate	1
SRR23343490	AL_Shangrila	717	secondary	primary	alignment	eligible	13
SRR23343490	AL_Shangrila	717	secondary	primary	alignment	low_base_quality	7
SRR23343490	AL_Shangrila	717	secondary	primary	fragment	conflicting_mates	0
SRR23343490	AL_Shangrila	717	secondary	primary	fragment	independent_eligible	13
SRR23343491	AL_Shangrila	717	secondary	primary	alignment	duplicate	4
SRR23343491	AL_Shangrila	717	secondary	primary	alignment	eligible	19
SRR23343491	AL_Shangrila	717	secondary	primary	alignment	low_base_quality	12
SRR23343491	AL_Shangrila	717	secondary	primary	fragment	conflicting_mates	0
SRR23343491	AL_Shangrila	717	secondary	primary	fragment	independent_eligible	19
SRR23343492	AL_Shangrila	717	secondary	primary	alignment	eligible	25
SRR23343492	AL_Shangrila	717	secondary	primary	alignment	incomplete_codon	2
SRR23343492	AL_Shangrila	717	secondary	primary	alignment	low_base_quality	12
SRR23343492	AL_Shangrila	717	secondary	primary	fragment	conflicting_mates	0
SRR23343492	AL_Shangrila	717	secondary	primary	fragment	independent_eligible	25
SRR23343493	AL_Shangrila	717	secondary	primary	alignment	duplicate	8
SRR23343493	AL_Shangrila	717	secondary	primary	alignment	eligible	22
SRR23343493	AL_Shangrila	717	secondary	primary	alignment	low_base_quality	3
SRR23343493	AL_Shangrila	717	secondary	primary	alignment	low_mapping_quality	1
SRR23343493	AL_Shangrila	717	secondary	primary	fragment	conflicting_mates	0
SRR23343493	AL_Shangrila	717	secondary	primary	fragment	independent_eligible	21
SRR23343494	AL_Shangrila	717	secondary	primary	alignment	duplicate	9
SRR23343494	AL_Shangrila	717	secondary	primary	alignment	eligible	24
SRR23343494	AL_Shangrila	717	secondary	primary	alignment	incomplete_codon	2
SRR23343494	AL_Shangrila	717	secondary	primary	alignment	low_base_quality	10
SRR23343494	AL_Shangrila	717	secondary	primary	fragment	conflicting_mates	0
SRR23343494	AL_Shangrila	717	secondary	primary	fragment	independent_eligible	24
SRR23343438	AL_Shangrila	727	secondary	primary	alignment	duplicate	11
SRR23343438	AL_Shangrila	727	secondary	primary	alignment	eligible	38
SRR23343438	AL_Shangrila	727	secondary	primary	alignment	incomplete_codon	1
SRR23343438	AL_Shangrila	727	secondary	primary	alignment	low_base_quality	23
SRR23343438	AL_Shangrila	727	secondary	primary	fragment	conflicting_mates	0
SRR23343438	AL_Shangrila	727	secondary	primary	fragment	independent_eligible	38
SRR23343439	AL_Shangrila	727	secondary	primary	alignment	duplicate	3
SRR23343439	AL_Shangrila	727	secondary	primary	alignment	eligible	29
SRR23343439	AL_Shangrila	727	secondary	primary	alignment	incomplete_codon	3
SRR23343439	AL_Shangrila	727	secondary	primary	alignment	low_base_quality	6
SRR23343439	AL_Shangrila	727	secondary	primary	fragment	conflicting_mates	0
SRR23343439	AL_Shangrila	727	secondary	primary	fragment	independent_eligible	29
SRR23343440	AL_Shangrila	727	secondary	primary	alignment	duplicate	10
SRR23343440	AL_Shangrila	727	secondary	primary	alignment	eligible	25
SRR23343440	AL_Shangrila	727	secondary	primary	alignment	low_base_quality	9
SRR23343440	AL_Shangrila	727	secondary	primary	fragment	conflicting_mates	0
SRR23343440	AL_Shangrila	727	secondary	primary	fragment	independent_eligible	25
SRR23343441	AL_Shangrila	727	secondary	primary	alignment	duplicate	6
SRR23343441	AL_Shangrila	727	secondary	primary	alignment	eligible	24
SRR23343441	AL_Shangrila	727	secondary	primary	alignment	incomplete_codon	2
SRR23343441	AL_Shangrila	727	secondary	primary	alignment	low_base_quality	8
SRR23343441	AL_Shangrila	727	secondary	primary	fragment	conflicting_mates	0
SRR23343441	AL_Shangrila	727	secondary	primary	fragment	independent_eligible	24
SRR23343442	AL_Shangrila	727	secondary	primary	alignment	duplicate	7
SRR23343442	AL_Shangrila	727	secondary	primary	alignment	eligible	27
SRR23343442	AL_Shangrila	727	secondary	primary	alignment	incomplete_codon	1
SRR23343442	AL_Shangrila	727	secondary	primary	alignment	low_base_quality	23
SRR23343442	AL_Shangrila	727	secondary	primary	alignment	nonprimary_alignment	3
SRR23343442	AL_Shangrila	727	secondary	primary	fragment	conflicting_mates	0
SRR23343442	AL_Shangrila	727	secondary	primary	fragment	independent_eligible	27
SRR23343443	AL_Shangrila	727	secondary	primary	alignment	duplicate	7
SRR23343443	AL_Shangrila	727	secondary	primary	alignment	eligible	14
SRR23343443	AL_Shangrila	727	secondary	primary	alignment	incomplete_codon	1
SRR23343443	AL_Shangrila	727	secondary	primary	alignment	low_base_quality	13
SRR23343443	AL_Shangrila	727	secondary	primary	fragment	conflicting_mates	0
SRR23343443	AL_Shangrila	727	secondary	primary	fragment	independent_eligible	14
SRR23343444	AL_Shangrila	727	secondary	primary	alignment	duplicate	8
SRR23343444	AL_Shangrila	727	secondary	primary	alignment	eligible	22
SRR23343444	AL_Shangrila	727	secondary	primary	alignment	low_base_quality	4
SRR23343444	AL_Shangrila	727	secondary	primary	alignment	low_mapping_quality	1
SRR23343444	AL_Shangrila	727	secondary	primary	fragment	conflicting_mates	0
SRR23343444	AL_Shangrila	727	secondary	primary	fragment	independent_eligible	22
SRR23343445	AL_Shangrila	727	secondary	primary	alignment	duplicate	6
SRR23343445	AL_Shangrila	727	secondary	primary	alignment	eligible	35
SRR23343445	AL_Shangrila	727	secondary	primary	alignment	incomplete_codon	1
SRR23343445	AL_Shangrila	727	secondary	primary	alignment	low_base_quality	8
SRR23343445	AL_Shangrila	727	secondary	primary	fragment	conflicting_mates	0
SRR23343445	AL_Shangrila	727	secondary	primary	fragment	independent_eligible	34
SRR23343446	AL_Shangrila	727	secondary	primary	alignment	duplicate	7
SRR23343446	AL_Shangrila	727	secondary	primary	alignment	eligible	25
SRR23343446	AL_Shangrila	727	secondary	primary	alignment	incomplete_codon	2
SRR23343446	AL_Shangrila	727	secondary	primary	alignment	low_base_quality	9
SRR23343446	AL_Shangrila	727	secondary	primary	fragment	conflicting_mates	0
SRR23343446	AL_Shangrila	727	secondary	primary	fragment	independent_eligible	25
SRR23343447	AL_Shangrila	727	secondary	primary	alignment	duplicate	4
SRR23343447	AL_Shangrila	727	secondary	primary	alignment	eligible	28
SRR23343447	AL_Shangrila	727	secondary	primary	alignment	incomplete_codon	2
SRR23343447	AL_Shangrila	727	secondary	primary	alignment	low_base_quality	13
SRR23343447	AL_Shangrila	727	secondary	primary	fragment	conflicting_mates	0
SRR23343447	AL_Shangrila	727	secondary	primary	fragment	independent_eligible	26
SRR23343448	AL_Shangrila	727	secondary	primary	alignment	duplicate	9
SRR23343448	AL_Shangrila	727	secondary	primary	alignment	eligible	19
SRR23343448	AL_Shangrila	727	secondary	primary	alignment	low_base_quality	9
SRR23343448	AL_Shangrila	727	secondary	primary	alignment	low_mapping_quality	1
SRR23343448	AL_Shangrila	727	secondary	primary	fragment	conflicting_mates	0
SRR23343448	AL_Shangrila	727	secondary	primary	fragment	independent_eligible	19
SRR23343449	AL_Shangrila	727	secondary	primary	alignment	duplicate	6
SRR23343449	AL_Shangrila	727	secondary	primary	alignment	eligible	22
SRR23343449	AL_Shangrila	727	secondary	primary	alignment	incomplete_codon	1
SRR23343449	AL_Shangrila	727	secondary	primary	alignment	low_base_quality	5
SRR23343449	AL_Shangrila	727	secondary	primary	fragment	conflicting_mates	0
SRR23343449	AL_Shangrila	727	secondary	primary	fragment	independent_eligible	22
SRR23343450	AL_Shangrila	727	secondary	primary	alignment	duplicate	4
SRR23343450	AL_Shangrila	727	secondary	primary	alignment	eligible	25
SRR23343450	AL_Shangrila	727	secondary	primary	alignment	low_base_quality	6
SRR23343450	AL_Shangrila	727	secondary	primary	fragment	conflicting_mates	0
SRR23343450	AL_Shangrila	727	secondary	primary	fragment	independent_eligible	24
SRR23343451	AL_Shangrila	727	secondary	primary	alignment	duplicate	3
SRR23343451	AL_Shangrila	727	secondary	primary	alignment	eligible	25
SRR23343451	AL_Shangrila	727	secondary	primary	alignment	incomplete_codon	1
SRR23343451	AL_Shangrila	727	secondary	primary	alignment	low_base_quality	5
SRR23343451	AL_Shangrila	727	secondary	primary	fragment	conflicting_mates	0
SRR23343451	AL_Shangrila	727	secondary	primary	fragment	independent_eligible	24
SRR23343452	AL_Shangrila	727	secondary	primary	alignment	duplicate	10
SRR23343452	AL_Shangrila	727	secondary	primary	alignment	eligible	42
SRR23343452	AL_Shangrila	727	secondary	primary	alignment	incomplete_codon	3
SRR23343452	AL_Shangrila	727	secondary	primary	alignment	low_base_quality	6
SRR23343452	AL_Shangrila	727	secondary	primary	fragment	conflicting_mates	0
SRR23343452	AL_Shangrila	727	secondary	primary	fragment	independent_eligible	40
SRR23343453	AL_Shangrila	727	secondary	primary	alignment	duplicate	3
SRR23343453	AL_Shangrila	727	secondary	primary	alignment	eligible	8
SRR23343453	AL_Shangrila	727	secondary	primary	alignment	low_base_quality	4
SRR23343453	AL_Shangrila	727	secondary	primary	fragment	conflicting_mates	0
SRR23343453	AL_Shangrila	727	secondary	primary	fragment	independent_eligible	8
SRR23343454	AL_Shangrila	727	secondary	primary	alignment	duplicate	4
SRR23343454	AL_Shangrila	727	secondary	primary	alignment	eligible	17
SRR23343454	AL_Shangrila	727	secondary	primary	alignment	low_base_quality	6
SRR23343454	AL_Shangrila	727	secondary	primary	fragment	conflicting_mates	0
SRR23343454	AL_Shangrila	727	secondary	primary	fragment	independent_eligible	17
SRR23343455	AL_Shangrila	727	secondary	primary	alignment	duplicate	1
SRR23343455	AL_Shangrila	727	secondary	primary	alignment	eligible	5
SRR23343455	AL_Shangrila	727	secondary	primary	fragment	conflicting_mates	0
SRR23343455	AL_Shangrila	727	secondary	primary	fragment	independent_eligible	5
SRR23343456	AL_Shangrila	727	secondary	primary	alignment	duplicate	7
SRR23343456	AL_Shangrila	727	secondary	primary	alignment	eligible	22
SRR23343456	AL_Shangrila	727	secondary	primary	alignment	low_base_quality	14
SRR23343456	AL_Shangrila	727	secondary	primary	fragment	conflicting_mates	0
SRR23343456	AL_Shangrila	727	secondary	primary	fragment	independent_eligible	22
SRR23343457	AL_Shangrila	727	secondary	primary	alignment	duplicate	5
SRR23343457	AL_Shangrila	727	secondary	primary	alignment	eligible	25
SRR23343457	AL_Shangrila	727	secondary	primary	alignment	low_base_quality	12
SRR23343457	AL_Shangrila	727	secondary	primary	fragment	conflicting_mates	0
SRR23343457	AL_Shangrila	727	secondary	primary	fragment	independent_eligible	25
SRR23343458	AL_Shangrila	727	secondary	primary	alignment	duplicate	5
SRR23343458	AL_Shangrila	727	secondary	primary	alignment	eligible	25
SRR23343458	AL_Shangrila	727	secondary	primary	alignment	incomplete_codon	1
SRR23343458	AL_Shangrila	727	secondary	primary	alignment	low_base_quality	10
SRR23343458	AL_Shangrila	727	secondary	primary	fragment	conflicting_mates	0
SRR23343458	AL_Shangrila	727	secondary	primary	fragment	independent_eligible	25
SRR23343459	AL_Shangrila	727	secondary	primary	alignment	duplicate	1
SRR23343459	AL_Shangrila	727	secondary	primary	alignment	eligible	17
SRR23343459	AL_Shangrila	727	secondary	primary	alignment	incomplete_codon	2
SRR23343459	AL_Shangrila	727	secondary	primary	alignment	low_base_quality	14
SRR23343459	AL_Shangrila	727	secondary	primary	fragment	conflicting_mates	0
SRR23343459	AL_Shangrila	727	secondary	primary	fragment	independent_eligible	17
SRR23343460	AL_Shangrila	727	secondary	primary	alignment	duplicate	2
SRR23343460	AL_Shangrila	727	secondary	primary	alignment	eligible	21
SRR23343460	AL_Shangrila	727	secondary	primary	alignment	incomplete_codon	2
SRR23343460	AL_Shangrila	727	secondary	primary	alignment	low_base_quality	4
SRR23343460	AL_Shangrila	727	secondary	primary	fragment	conflicting_mates	0
SRR23343460	AL_Shangrila	727	secondary	primary	fragment	independent_eligible	20
SRR23343461	AL_Shangrila	727	secondary	primary	alignment	duplicate	4
SRR23343461	AL_Shangrila	727	secondary	primary	alignment	eligible	31
SRR23343461	AL_Shangrila	727	secondary	primary	alignment	low_base_quality	9
SRR23343461	AL_Shangrila	727	secondary	primary	fragment	conflicting_mates	0
SRR23343461	AL_Shangrila	727	secondary	primary	fragment	independent_eligible	31
SRR23343462	AL_Shangrila	727	secondary	primary	alignment	duplicate	11
SRR23343462	AL_Shangrila	727	secondary	primary	alignment	eligible	34
SRR23343462	AL_Shangrila	727	secondary	primary	alignment	incomplete_codon	1
SRR23343462	AL_Shangrila	727	secondary	primary	alignment	low_base_quality	12
SRR23343462	AL_Shangrila	727	secondary	primary	fragment	conflicting_mates	0
SRR23343462	AL_Shangrila	727	secondary	primary	fragment	independent_eligible	34
SRR23343463	AL_Shangrila	727	secondary	primary	alignment	duplicate	8
SRR23343463	AL_Shangrila	727	secondary	primary	alignment	eligible	24
SRR23343463	AL_Shangrila	727	secondary	primary	alignment	incomplete_codon	1
SRR23343463	AL_Shangrila	727	secondary	primary	alignment	low_base_quality	10
SRR23343463	AL_Shangrila	727	secondary	primary	alignment	low_mapping_quality	1
SRR23343463	AL_Shangrila	727	secondary	primary	fragment	conflicting_mates	0
SRR23343463	AL_Shangrila	727	secondary	primary	fragment	independent_eligible	24
SRR23343464	AL_Shangrila	727	secondary	primary	alignment	duplicate	4
SRR23343464	AL_Shangrila	727	secondary	primary	alignment	eligible	27
SRR23343464	AL_Shangrila	727	secondary	primary	alignment	incomplete_codon	2
SRR23343464	AL_Shangrila	727	secondary	primary	alignment	low_base_quality	10
SRR23343464	AL_Shangrila	727	secondary	primary	fragment	conflicting_mates	0
SRR23343464	AL_Shangrila	727	secondary	primary	fragment	independent_eligible	27
SRR23343465	AL_Shangrila	727	secondary	primary	alignment	duplicate	6
SRR23343465	AL_Shangrila	727	secondary	primary	alignment	eligible	18
SRR23343465	AL_Shangrila	727	secondary	primary	alignment	incomplete_codon	2
SRR23343465	AL_Shangrila	727	secondary	primary	alignment	low_base_quality	8
SRR23343465	AL_Shangrila	727	secondary	primary	fragment	conflicting_mates	0
SRR23343465	AL_Shangrila	727	secondary	primary	fragment	independent_eligible	18
SRR23343466	AL_Shangrila	727	secondary	primary	alignment	duplicate	5
SRR23343466	AL_Shangrila	727	secondary	primary	alignment	eligible	17
SRR23343466	AL_Shangrila	727	secondary	primary	alignment	low_base_quality	6
SRR23343466	AL_Shangrila	727	secondary	primary	fragment	conflicting_mates	0
SRR23343466	AL_Shangrila	727	secondary	primary	fragment	independent_eligible	17
SRR23343467	AL_Shangrila	727	secondary	primary	alignment	duplicate	6
SRR23343467	AL_Shangrila	727	secondary	primary	alignment	eligible	17
SRR23343467	AL_Shangrila	727	secondary	primary	alignment	low_base_quality	11
SRR23343467	AL_Shangrila	727	secondary	primary	fragment	conflicting_mates	0
SRR23343467	AL_Shangrila	727	secondary	primary	fragment	independent_eligible	17
SRR23343468	AL_Shangrila	727	secondary	primary	alignment	duplicate	18
SRR23343468	AL_Shangrila	727	secondary	primary	alignment	eligible	22
SRR23343468	AL_Shangrila	727	secondary	primary	alignment	incomplete_codon	1
SRR23343468	AL_Shangrila	727	secondary	primary	alignment	low_base_quality	14
SRR23343468	AL_Shangrila	727	secondary	primary	fragment	conflicting_mates	0
SRR23343468	AL_Shangrila	727	secondary	primary	fragment	independent_eligible	22
SRR23343469	AL_Shangrila	727	secondary	primary	alignment	duplicate	4
SRR23343469	AL_Shangrila	727	secondary	primary	alignment	eligible	27
SRR23343469	AL_Shangrila	727	secondary	primary	alignment	incomplete_codon	1
SRR23343469	AL_Shangrila	727	secondary	primary	alignment	low_base_quality	6
SRR23343469	AL_Shangrila	727	secondary	primary	fragment	conflicting_mates	0
SRR23343469	AL_Shangrila	727	secondary	primary	fragment	independent_eligible	27
SRR23343470	AL_Shangrila	727	secondary	primary	alignment	duplicate	3
SRR23343470	AL_Shangrila	727	secondary	primary	alignment	eligible	17
SRR23343470	AL_Shangrila	727	secondary	primary	alignment	incomplete_codon	1
SRR23343470	AL_Shangrila	727	secondary	primary	alignment	low_base_quality	7
SRR23343470	AL_Shangrila	727	secondary	primary	fragment	conflicting_mates	0
SRR23343470	AL_Shangrila	727	secondary	primary	fragment	independent_eligible	17
SRR23343471	AL_Shangrila	727	secondary	primary	alignment	duplicate	8
SRR23343471	AL_Shangrila	727	secondary	primary	alignment	eligible	29
SRR23343471	AL_Shangrila	727	secondary	primary	alignment	low_base_quality	6
SRR23343471	AL_Shangrila	727	secondary	primary	fragment	conflicting_mates	0
SRR23343471	AL_Shangrila	727	secondary	primary	fragment	independent_eligible	29
SRR23343472	AL_Shangrila	727	secondary	primary	alignment	duplicate	5
SRR23343472	AL_Shangrila	727	secondary	primary	alignment	eligible	31
SRR23343472	AL_Shangrila	727	secondary	primary	alignment	incomplete_codon	1
SRR23343472	AL_Shangrila	727	secondary	primary	alignment	low_base_quality	8
SRR23343472	AL_Shangrila	727	secondary	primary	fragment	conflicting_mates	0
SRR23343472	AL_Shangrila	727	secondary	primary	fragment	independent_eligible	31
SRR23343473	AL_Shangrila	727	secondary	primary	alignment	duplicate	10
SRR23343473	AL_Shangrila	727	secondary	primary	alignment	eligible	45
SRR23343473	AL_Shangrila	727	secondary	primary	alignment	incomplete_codon	3
SRR23343473	AL_Shangrila	727	secondary	primary	alignment	low_base_quality	20
SRR23343473	AL_Shangrila	727	secondary	primary	fragment	conflicting_mates	0
SRR23343473	AL_Shangrila	727	secondary	primary	fragment	independent_eligible	45
SRR23343474	AL_Shangrila	727	secondary	primary	alignment	duplicate	3
SRR23343474	AL_Shangrila	727	secondary	primary	alignment	eligible	16
SRR23343474	AL_Shangrila	727	secondary	primary	alignment	incomplete_codon	1
SRR23343474	AL_Shangrila	727	secondary	primary	alignment	low_base_quality	13
SRR23343474	AL_Shangrila	727	secondary	primary	fragment	conflicting_mates	0
SRR23343474	AL_Shangrila	727	secondary	primary	fragment	independent_eligible	16
SRR23343475	AL_Shangrila	727	secondary	primary	alignment	duplicate	10
SRR23343475	AL_Shangrila	727	secondary	primary	alignment	eligible	15
SRR23343475	AL_Shangrila	727	secondary	primary	alignment	low_base_quality	4
SRR23343475	AL_Shangrila	727	secondary	primary	alignment	low_mapping_quality	1
SRR23343475	AL_Shangrila	727	secondary	primary	fragment	conflicting_mates	0
SRR23343475	AL_Shangrila	727	secondary	primary	fragment	independent_eligible	15
SRR23343476	AL_Shangrila	727	secondary	primary	alignment	duplicate	6
SRR23343476	AL_Shangrila	727	secondary	primary	alignment	eligible	16
SRR23343476	AL_Shangrila	727	secondary	primary	alignment	incomplete_codon	1
SRR23343476	AL_Shangrila	727	secondary	primary	alignment	low_base_quality	3
SRR23343476	AL_Shangrila	727	secondary	primary	alignment	low_mapping_quality	1
SRR23343476	AL_Shangrila	727	secondary	primary	fragment	conflicting_mates	0
SRR23343476	AL_Shangrila	727	secondary	primary	fragment	independent_eligible	16
SRR23343477	AL_Shangrila	727	secondary	primary	alignment	duplicate	7
SRR23343477	AL_Shangrila	727	secondary	primary	alignment	eligible	28
SRR23343477	AL_Shangrila	727	secondary	primary	alignment	incomplete_codon	1
SRR23343477	AL_Shangrila	727	secondary	primary	alignment	low_base_quality	9
SRR23343477	AL_Shangrila	727	secondary	primary	alignment	low_mapping_quality	1
SRR23343477	AL_Shangrila	727	secondary	primary	fragment	conflicting_mates	0
SRR23343477	AL_Shangrila	727	secondary	primary	fragment	independent_eligible	28
SRR23343478	AL_Shangrila	727	secondary	primary	alignment	duplicate	8
SRR23343478	AL_Shangrila	727	secondary	primary	alignment	eligible	21
SRR23343478	AL_Shangrila	727	secondary	primary	alignment	incomplete_codon	1
SRR23343478	AL_Shangrila	727	secondary	primary	alignment	low_base_quality	9
SRR23343478	AL_Shangrila	727	secondary	primary	fragment	conflicting_mates	0
SRR23343478	AL_Shangrila	727	secondary	primary	fragment	independent_eligible	21
SRR23343479	AL_Shangrila	727	secondary	primary	alignment	duplicate	5
SRR23343479	AL_Shangrila	727	secondary	primary	alignment	eligible	15
SRR23343479	AL_Shangrila	727	secondary	primary	alignment	incomplete_codon	1
SRR23343479	AL_Shangrila	727	secondary	primary	alignment	low_base_quality	11
SRR23343479	AL_Shangrila	727	secondary	primary	fragment	conflicting_mates	0
SRR23343479	AL_Shangrila	727	secondary	primary	fragment	independent_eligible	15
SRR23343480	AL_Shangrila	727	secondary	primary	alignment	duplicate	5
SRR23343480	AL_Shangrila	727	secondary	primary	alignment	eligible	22
SRR23343480	AL_Shangrila	727	secondary	primary	alignment	low_base_quality	11
SRR23343480	AL_Shangrila	727	secondary	primary	fragment	conflicting_mates	0
SRR23343480	AL_Shangrila	727	secondary	primary	fragment	independent_eligible	22
SRR23343481	AL_Shangrila	727	secondary	primary	alignment	duplicate	6
SRR23343481	AL_Shangrila	727	secondary	primary	alignment	eligible	29
SRR23343481	AL_Shangrila	727	secondary	primary	alignment	incomplete_codon	2
SRR23343481	AL_Shangrila	727	secondary	primary	alignment	low_base_quality	10
SRR23343481	AL_Shangrila	727	secondary	primary	fragment	conflicting_mates	0
SRR23343481	AL_Shangrila	727	secondary	primary	fragment	independent_eligible	28
SRR23343482	AL_Shangrila	727	secondary	primary	alignment	duplicate	11
SRR23343482	AL_Shangrila	727	secondary	primary	alignment	eligible	29
SRR23343482	AL_Shangrila	727	secondary	primary	alignment	low_base_quality	6
SRR23343482	AL_Shangrila	727	secondary	primary	fragment	conflicting_mates	0
SRR23343482	AL_Shangrila	727	secondary	primary	fragment	independent_eligible	29
SRR23343483	AL_Shangrila	727	secondary	primary	alignment	duplicate	8
SRR23343483	AL_Shangrila	727	secondary	primary	alignment	eligible	26
SRR23343483	AL_Shangrila	727	secondary	primary	alignment	incomplete_codon	2
SRR23343483	AL_Shangrila	727	secondary	primary	alignment	low_base_quality	9
SRR23343483	AL_Shangrila	727	secondary	primary	fragment	conflicting_mates	0
SRR23343483	AL_Shangrila	727	secondary	primary	fragment	independent_eligible	26
SRR23343484	AL_Shangrila	727	secondary	primary	alignment	duplicate	4
SRR23343484	AL_Shangrila	727	secondary	primary	alignment	eligible	22
SRR23343484	AL_Shangrila	727	secondary	primary	alignment	incomplete_codon	1
SRR23343484	AL_Shangrila	727	secondary	primary	alignment	low_base_quality	4
SRR23343484	AL_Shangrila	727	secondary	primary	fragment	conflicting_mates	0
SRR23343484	AL_Shangrila	727	secondary	primary	fragment	independent_eligible	22
SRR23343485	AL_Shangrila	727	secondary	primary	alignment	duplicate	7
SRR23343485	AL_Shangrila	727	secondary	primary	alignment	eligible	18
SRR23343485	AL_Shangrila	727	secondary	primary	alignment	incomplete_codon	1
SRR23343485	AL_Shangrila	727	secondary	primary	alignment	low_base_quality	6
SRR23343485	AL_Shangrila	727	secondary	primary	fragment	conflicting_mates	0
SRR23343485	AL_Shangrila	727	secondary	primary	fragment	independent_eligible	18
SRR23343486	AL_Shangrila	727	secondary	primary	alignment	duplicate	8
SRR23343486	AL_Shangrila	727	secondary	primary	alignment	eligible	27
SRR23343486	AL_Shangrila	727	secondary	primary	alignment	low_base_quality	6
SRR23343486	AL_Shangrila	727	secondary	primary	alignment	low_mapping_quality	1
SRR23343486	AL_Shangrila	727	secondary	primary	fragment	conflicting_mates	0
SRR23343486	AL_Shangrila	727	secondary	primary	fragment	independent_eligible	26
SRR23343487	AL_Shangrila	727	secondary	primary	alignment	duplicate	4
SRR23343487	AL_Shangrila	727	secondary	primary	alignment	eligible	32
SRR23343487	AL_Shangrila	727	secondary	primary	alignment	low_base_quality	9
SRR23343487	AL_Shangrila	727	secondary	primary	fragment	conflicting_mates	0
SRR23343487	AL_Shangrila	727	secondary	primary	fragment	independent_eligible	32
SRR23343488	AL_Shangrila	727	secondary	primary	alignment	duplicate	7
SRR23343488	AL_Shangrila	727	secondary	primary	alignment	eligible	18
SRR23343488	AL_Shangrila	727	secondary	primary	alignment	low_base_quality	9
SRR23343488	AL_Shangrila	727	secondary	primary	fragment	conflicting_mates	0
SRR23343488	AL_Shangrila	727	secondary	primary	fragment	independent_eligible	17
SRR23343489	AL_Shangrila	727	secondary	primary	alignment	duplicate	4
SRR23343489	AL_Shangrila	727	secondary	primary	alignment	eligible	30
SRR23343489	AL_Shangrila	727	secondary	primary	alignment	incomplete_codon	2
SRR23343489	AL_Shangrila	727	secondary	primary	alignment	low_base_quality	11
SRR23343489	AL_Shangrila	727	secondary	primary	fragment	conflicting_mates	0
SRR23343489	AL_Shangrila	727	secondary	primary	fragment	independent_eligible	30
SRR23343490	AL_Shangrila	727	secondary	primary	alignment	duplicate	6
SRR23343490	AL_Shangrila	727	secondary	primary	alignment	eligible	21
SRR23343490	AL_Shangrila	727	secondary	primary	alignment	incomplete_codon	1
SRR23343490	AL_Shangrila	727	secondary	primary	alignment	low_base_quality	7
SRR23343490	AL_Shangrila	727	secondary	primary	fragment	conflicting_mates	0
SRR23343490	AL_Shangrila	727	secondary	primary	fragment	independent_eligible	21
SRR23343491	AL_Shangrila	727	secondary	primary	alignment	duplicate	2
SRR23343491	AL_Shangrila	727	secondary	primary	alignment	eligible	17
SRR23343491	AL_Shangrila	727	secondary	primary	alignment	low_base_quality	8
SRR23343491	AL_Shangrila	727	secondary	primary	fragment	conflicting_mates	0
SRR23343491	AL_Shangrila	727	secondary	primary	fragment	independent_eligible	17
SRR23343492	AL_Shangrila	727	secondary	primary	alignment	duplicate	4
SRR23343492	AL_Shangrila	727	secondary	primary	alignment	eligible	26
SRR23343492	AL_Shangrila	727	secondary	primary	alignment	incomplete_codon	2
SRR23343492	AL_Shangrila	727	secondary	primary	alignment	low_base_quality	11
SRR23343492	AL_Shangrila	727	secondary	primary	fragment	conflicting_mates	0
SRR23343492	AL_Shangrila	727	secondary	primary	fragment	independent_eligible	26
SRR23343493	AL_Shangrila	727	secondary	primary	alignment	duplicate	9
SRR23343493	AL_Shangrila	727	secondary	primary	alignment	eligible	17
SRR23343493	AL_Shangrila	727	secondary	primary	alignment	incomplete_codon	2
SRR23343493	AL_Shangrila	727	secondary	primary	alignment	low_base_quality	6
SRR23343493	AL_Shangrila	727	secondary	primary	fragment	conflicting_mates	0
SRR23343493	AL_Shangrila	727	secondary	primary	fragment	independent_eligible	17
SRR23343494	AL_Shangrila	727	secondary	primary	alignment	duplicate	3
SRR23343494	AL_Shangrila	727	secondary	primary	alignment	eligible	22
SRR23343494	AL_Shangrila	727	secondary	primary	alignment	low_base_quality	10
SRR23343494	AL_Shangrila	727	secondary	primary	fragment	conflicting_mates	0
SRR23343494	AL_Shangrila	727	secondary	primary	fragment	independent_eligible	22
SRR23343438	AL_Shangrila	766	secondary	primary	alignment	duplicate	14
SRR23343438	AL_Shangrila	766	secondary	primary	alignment	eligible	40
SRR23343438	AL_Shangrila	766	secondary	primary	alignment	incomplete_codon	2
SRR23343438	AL_Shangrila	766	secondary	primary	alignment	low_base_quality	9
SRR23343438	AL_Shangrila	766	secondary	primary	fragment	conflicting_mates	0
SRR23343438	AL_Shangrila	766	secondary	primary	fragment	independent_eligible	39
SRR23343439	AL_Shangrila	766	secondary	primary	alignment	duplicate	9
SRR23343439	AL_Shangrila	766	secondary	primary	alignment	eligible	36
SRR23343439	AL_Shangrila	766	secondary	primary	alignment	incomplete_codon	1
SRR23343439	AL_Shangrila	766	secondary	primary	alignment	low_base_quality	4
SRR23343439	AL_Shangrila	766	secondary	primary	fragment	conflicting_mates	0
SRR23343439	AL_Shangrila	766	secondary	primary	fragment	independent_eligible	35
SRR23343440	AL_Shangrila	766	secondary	primary	alignment	duplicate	5
SRR23343440	AL_Shangrila	766	secondary	primary	alignment	eligible	30
SRR23343440	AL_Shangrila	766	secondary	primary	alignment	low_base_quality	9
SRR23343440	AL_Shangrila	766	secondary	primary	fragment	conflicting_mates	0
SRR23343440	AL_Shangrila	766	secondary	primary	fragment	independent_eligible	30
SRR23343441	AL_Shangrila	766	secondary	primary	alignment	duplicate	7
SRR23343441	AL_Shangrila	766	secondary	primary	alignment	eligible	20
SRR23343441	AL_Shangrila	766	secondary	primary	alignment	low_base_quality	5
SRR23343441	AL_Shangrila	766	secondary	primary	fragment	conflicting_mates	0
SRR23343441	AL_Shangrila	766	secondary	primary	fragment	independent_eligible	20
SRR23343442	AL_Shangrila	766	secondary	primary	alignment	duplicate	12
SRR23343442	AL_Shangrila	766	secondary	primary	alignment	eligible	46
SRR23343442	AL_Shangrila	766	secondary	primary	alignment	low_base_quality	8
SRR23343442	AL_Shangrila	766	secondary	primary	fragment	conflicting_mates	0
SRR23343442	AL_Shangrila	766	secondary	primary	fragment	independent_eligible	46
SRR23343443	AL_Shangrila	766	secondary	primary	alignment	duplicate	4
SRR23343443	AL_Shangrila	766	secondary	primary	alignment	eligible	29
SRR23343443	AL_Shangrila	766	secondary	primary	alignment	low_base_quality	6
SRR23343443	AL_Shangrila	766	secondary	primary	fragment	conflicting_mates	0
SRR23343443	AL_Shangrila	766	secondary	primary	fragment	independent_eligible	28
SRR23343444	AL_Shangrila	766	secondary	primary	alignment	duplicate	4
SRR23343444	AL_Shangrila	766	secondary	primary	alignment	eligible	15
SRR23343444	AL_Shangrila	766	secondary	primary	alignment	incomplete_codon	1
SRR23343444	AL_Shangrila	766	secondary	primary	alignment	low_base_quality	1
SRR23343444	AL_Shangrila	766	secondary	primary	fragment	conflicting_mates	0
SRR23343444	AL_Shangrila	766	secondary	primary	fragment	independent_eligible	14
SRR23343445	AL_Shangrila	766	secondary	primary	alignment	duplicate	7
SRR23343445	AL_Shangrila	766	secondary	primary	alignment	eligible	46
SRR23343445	AL_Shangrila	766	secondary	primary	alignment	incomplete_codon	2
SRR23343445	AL_Shangrila	766	secondary	primary	alignment	low_base_quality	3
SRR23343445	AL_Shangrila	766	secondary	primary	fragment	conflicting_mates	0
SRR23343445	AL_Shangrila	766	secondary	primary	fragment	independent_eligible	44
SRR23343446	AL_Shangrila	766	secondary	primary	alignment	duplicate	13
SRR23343446	AL_Shangrila	766	secondary	primary	alignment	eligible	29
SRR23343446	AL_Shangrila	766	secondary	primary	alignment	incomplete_codon	1
SRR23343446	AL_Shangrila	766	secondary	primary	alignment	low_base_quality	5
SRR23343446	AL_Shangrila	766	secondary	primary	fragment	conflicting_mates	0
SRR23343446	AL_Shangrila	766	secondary	primary	fragment	independent_eligible	29
SRR23343447	AL_Shangrila	766	secondary	primary	alignment	duplicate	14
SRR23343447	AL_Shangrila	766	secondary	primary	alignment	eligible	38
SRR23343447	AL_Shangrila	766	secondary	primary	alignment	incomplete_codon	2
SRR23343447	AL_Shangrila	766	secondary	primary	alignment	low_base_quality	1
SRR23343447	AL_Shangrila	766	secondary	primary	fragment	conflicting_mates	0
SRR23343447	AL_Shangrila	766	secondary	primary	fragment	independent_eligible	37
SRR23343448	AL_Shangrila	766	secondary	primary	alignment	duplicate	11
SRR23343448	AL_Shangrila	766	secondary	primary	alignment	eligible	27
SRR23343448	AL_Shangrila	766	secondary	primary	alignment	low_base_quality	2
SRR23343448	AL_Shangrila	766	secondary	primary	fragment	conflicting_mates	0
SRR23343448	AL_Shangrila	766	secondary	primary	fragment	independent_eligible	25
SRR23343449	AL_Shangrila	766	secondary	primary	alignment	duplicate	9
SRR23343449	AL_Shangrila	766	secondary	primary	alignment	eligible	26
SRR23343449	AL_Shangrila	766	secondary	primary	alignment	incomplete_codon	1
SRR23343449	AL_Shangrila	766	secondary	primary	alignment	low_base_quality	9
SRR23343449	AL_Shangrila	766	secondary	primary	fragment	conflicting_mates	0
SRR23343449	AL_Shangrila	766	secondary	primary	fragment	independent_eligible	26
SRR23343450	AL_Shangrila	766	secondary	primary	alignment	duplicate	8
SRR23343450	AL_Shangrila	766	secondary	primary	alignment	eligible	33
SRR23343450	AL_Shangrila	766	secondary	primary	alignment	low_base_quality	2
SRR23343450	AL_Shangrila	766	secondary	primary	fragment	conflicting_mates	0
SRR23343450	AL_Shangrila	766	secondary	primary	fragment	independent_eligible	33
SRR23343451	AL_Shangrila	766	secondary	primary	alignment	duplicate	3
SRR23343451	AL_Shangrila	766	secondary	primary	alignment	eligible	22
SRR23343451	AL_Shangrila	766	secondary	primary	alignment	low_base_quality	4
SRR23343451	AL_Shangrila	766	secondary	primary	fragment	conflicting_mates	0
SRR23343451	AL_Shangrila	766	secondary	primary	fragment	independent_eligible	22
SRR23343452	AL_Shangrila	766	secondary	primary	alignment	duplicate	5
SRR23343452	AL_Shangrila	766	secondary	primary	alignment	eligible	35
SRR23343452	AL_Shangrila	766	secondary	primary	alignment	low_base_quality	4
SRR23343452	AL_Shangrila	766	secondary	primary	fragment	conflicting_mates	0
SRR23343452	AL_Shangrila	766	secondary	primary	fragment	independent_eligible	34
SRR23343453	AL_Shangrila	766	secondary	primary	alignment	duplicate	5
SRR23343453	AL_Shangrila	766	secondary	primary	alignment	eligible	21
SRR23343453	AL_Shangrila	766	secondary	primary	alignment	incomplete_codon	2
SRR23343453	AL_Shangrila	766	secondary	primary	fragment	conflicting_mates	0
SRR23343453	AL_Shangrila	766	secondary	primary	fragment	independent_eligible	19
SRR23343454	AL_Shangrila	766	secondary	primary	alignment	duplicate	3
SRR23343454	AL_Shangrila	766	secondary	primary	alignment	eligible	16
SRR23343454	AL_Shangrila	766	secondary	primary	alignment	incomplete_codon	1
SRR23343454	AL_Shangrila	766	secondary	primary	alignment	low_base_quality	3
SRR23343454	AL_Shangrila	766	secondary	primary	fragment	conflicting_mates	0
SRR23343454	AL_Shangrila	766	secondary	primary	fragment	independent_eligible	16
SRR23343455	AL_Shangrila	766	secondary	primary	alignment	duplicate	1
SRR23343455	AL_Shangrila	766	secondary	primary	alignment	eligible	6
SRR23343455	AL_Shangrila	766	secondary	primary	alignment	incomplete_codon	1
SRR23343455	AL_Shangrila	766	secondary	primary	alignment	low_base_quality	1
SRR23343455	AL_Shangrila	766	secondary	primary	fragment	conflicting_mates	0
SRR23343455	AL_Shangrila	766	secondary	primary	fragment	independent_eligible	6
SRR23343456	AL_Shangrila	766	secondary	primary	alignment	duplicate	12
SRR23343456	AL_Shangrila	766	secondary	primary	alignment	eligible	38
SRR23343456	AL_Shangrila	766	secondary	primary	alignment	incomplete_codon	1
SRR23343456	AL_Shangrila	766	secondary	primary	alignment	low_base_quality	4
SRR23343456	AL_Shangrila	766	secondary	primary	fragment	conflicting_mates	0
SRR23343456	AL_Shangrila	766	secondary	primary	fragment	independent_eligible	37
SRR23343457	AL_Shangrila	766	secondary	primary	alignment	duplicate	8
SRR23343457	AL_Shangrila	766	secondary	primary	alignment	eligible	38
SRR23343457	AL_Shangrila	766	secondary	primary	alignment	low_base_quality	3
SRR23343457	AL_Shangrila	766	secondary	primary	fragment	conflicting_mates	0
SRR23343457	AL_Shangrila	766	secondary	primary	fragment	independent_eligible	36
SRR23343458	AL_Shangrila	766	secondary	primary	alignment	duplicate	12
SRR23343458	AL_Shangrila	766	secondary	primary	alignment	eligible	44
SRR23343458	AL_Shangrila	766	secondary	primary	alignment	incomplete_codon	1
SRR23343458	AL_Shangrila	766	secondary	primary	alignment	low_base_quality	3
SRR23343458	AL_Shangrila	766	secondary	primary	fragment	conflicting_mates	0
SRR23343458	AL_Shangrila	766	secondary	primary	fragment	independent_eligible	42
SRR23343459	AL_Shangrila	766	secondary	primary	alignment	duplicate	4
SRR23343459	AL_Shangrila	766	secondary	primary	alignment	eligible	28
SRR23343459	AL_Shangrila	766	secondary	primary	alignment	low_base_quality	1
SRR23343459	AL_Shangrila	766	secondary	primary	fragment	conflicting_mates	0
SRR23343459	AL_Shangrila	766	secondary	primary	fragment	independent_eligible	28
SRR23343460	AL_Shangrila	766	secondary	primary	alignment	duplicate	6
SRR23343460	AL_Shangrila	766	secondary	primary	alignment	eligible	23
SRR23343460	AL_Shangrila	766	secondary	primary	alignment	incomplete_codon	1
SRR23343460	AL_Shangrila	766	secondary	primary	alignment	low_base_quality	8
SRR23343460	AL_Shangrila	766	secondary	primary	fragment	conflicting_mates	0
SRR23343460	AL_Shangrila	766	secondary	primary	fragment	independent_eligible	23
SRR23343461	AL_Shangrila	766	secondary	primary	alignment	duplicate	6
SRR23343461	AL_Shangrila	766	secondary	primary	alignment	eligible	35
SRR23343461	AL_Shangrila	766	secondary	primary	alignment	incomplete_codon	2
SRR23343461	AL_Shangrila	766	secondary	primary	alignment	low_base_quality	3
SRR23343461	AL_Shangrila	766	secondary	primary	fragment	conflicting_mates	0
SRR23343461	AL_Shangrila	766	secondary	primary	fragment	independent_eligible	33
SRR23343462	AL_Shangrila	766	secondary	primary	alignment	duplicate	16
SRR23343462	AL_Shangrila	766	secondary	primary	alignment	eligible	50
SRR23343462	AL_Shangrila	766	secondary	primary	alignment	incomplete_codon	1
SRR23343462	AL_Shangrila	766	secondary	primary	fragment	conflicting_mates	0
SRR23343462	AL_Shangrila	766	secondary	primary	fragment	independent_eligible	50
SRR23343463	AL_Shangrila	766	secondary	primary	alignment	duplicate	11
SRR23343463	AL_Shangrila	766	secondary	primary	alignment	eligible	38
SRR23343463	AL_Shangrila	766	secondary	primary	alignment	incomplete_codon	1
SRR23343463	AL_Shangrila	766	secondary	primary	alignment	low_base_quality	4
SRR23343463	AL_Shangrila	766	secondary	primary	fragment	conflicting_mates	0
SRR23343463	AL_Shangrila	766	secondary	primary	fragment	independent_eligible	38
SRR23343464	AL_Shangrila	766	secondary	primary	alignment	duplicate	3
SRR23343464	AL_Shangrila	766	secondary	primary	alignment	eligible	35
SRR23343464	AL_Shangrila	766	secondary	primary	alignment	incomplete_codon	1
SRR23343464	AL_Shangrila	766	secondary	primary	alignment	low_base_quality	4
SRR23343464	AL_Shangrila	766	secondary	primary	fragment	conflicting_mates	0
SRR23343464	AL_Shangrila	766	secondary	primary	fragment	independent_eligible	33
SRR23343465	AL_Shangrila	766	secondary	primary	alignment	duplicate	4
SRR23343465	AL_Shangrila	766	secondary	primary	alignment	eligible	15
SRR23343465	AL_Shangrila	766	secondary	primary	alignment	incomplete_codon	1
SRR23343465	AL_Shangrila	766	secondary	primary	alignment	low_base_quality	3
SRR23343465	AL_Shangrila	766	secondary	primary	fragment	conflicting_mates	0
SRR23343465	AL_Shangrila	766	secondary	primary	fragment	independent_eligible	15
SRR23343466	AL_Shangrila	766	secondary	primary	alignment	duplicate	8
SRR23343466	AL_Shangrila	766	secondary	primary	alignment	eligible	21
SRR23343466	AL_Shangrila	766	secondary	primary	alignment	low_base_quality	2
SRR23343466	AL_Shangrila	766	secondary	primary	fragment	conflicting_mates	0
SRR23343466	AL_Shangrila	766	secondary	primary	fragment	independent_eligible	20
SRR23343467	AL_Shangrila	766	secondary	primary	alignment	duplicate	8
SRR23343467	AL_Shangrila	766	secondary	primary	alignment	eligible	23
SRR23343467	AL_Shangrila	766	secondary	primary	alignment	low_base_quality	3
SRR23343467	AL_Shangrila	766	secondary	primary	fragment	conflicting_mates	0
SRR23343467	AL_Shangrila	766	secondary	primary	fragment	independent_eligible	22
SRR23343468	AL_Shangrila	766	secondary	primary	alignment	duplicate	10
SRR23343468	AL_Shangrila	766	secondary	primary	alignment	eligible	36
SRR23343468	AL_Shangrila	766	secondary	primary	alignment	incomplete_codon	1
SRR23343468	AL_Shangrila	766	secondary	primary	alignment	low_base_quality	5
SRR23343468	AL_Shangrila	766	secondary	primary	fragment	conflicting_mates	0
SRR23343468	AL_Shangrila	766	secondary	primary	fragment	independent_eligible	31
SRR23343469	AL_Shangrila	766	secondary	primary	alignment	duplicate	4
SRR23343469	AL_Shangrila	766	secondary	primary	alignment	eligible	27
SRR23343469	AL_Shangrila	766	secondary	primary	alignment	incomplete_codon	1
SRR23343469	AL_Shangrila	766	secondary	primary	alignment	low_base_quality	2
SRR23343469	AL_Shangrila	766	secondary	primary	fragment	conflicting_mates	0
SRR23343469	AL_Shangrila	766	secondary	primary	fragment	independent_eligible	26
SRR23343470	AL_Shangrila	766	secondary	primary	alignment	duplicate	6
SRR23343470	AL_Shangrila	766	secondary	primary	alignment	eligible	21
SRR23343470	AL_Shangrila	766	secondary	primary	alignment	low_base_quality	4
SRR23343470	AL_Shangrila	766	secondary	primary	fragment	conflicting_mates	0
SRR23343470	AL_Shangrila	766	secondary	primary	fragment	independent_eligible	20
SRR23343471	AL_Shangrila	766	secondary	primary	alignment	duplicate	7
SRR23343471	AL_Shangrila	766	secondary	primary	alignment	eligible	18
SRR23343471	AL_Shangrila	766	secondary	primary	alignment	incomplete_codon	1
SRR23343471	AL_Shangrila	766	secondary	primary	alignment	low_base_quality	10
SRR23343471	AL_Shangrila	766	secondary	primary	fragment	conflicting_mates	0
SRR23343471	AL_Shangrila	766	secondary	primary	fragment	independent_eligible	18
SRR23343472	AL_Shangrila	766	secondary	primary	alignment	duplicate	5
SRR23343472	AL_Shangrila	766	secondary	primary	alignment	eligible	33
SRR23343472	AL_Shangrila	766	secondary	primary	alignment	low_base_quality	8
SRR23343472	AL_Shangrila	766	secondary	primary	fragment	conflicting_mates	0
SRR23343472	AL_Shangrila	766	secondary	primary	fragment	independent_eligible	31
SRR23343473	AL_Shangrila	766	secondary	primary	alignment	duplicate	5
SRR23343473	AL_Shangrila	766	secondary	primary	alignment	eligible	56
SRR23343473	AL_Shangrila	766	secondary	primary	alignment	incomplete_codon	3
SRR23343473	AL_Shangrila	766	secondary	primary	alignment	low_base_quality	10
SRR23343473	AL_Shangrila	766	secondary	primary	fragment	conflicting_mates	0
SRR23343473	AL_Shangrila	766	secondary	primary	fragment	independent_eligible	56
SRR23343474	AL_Shangrila	766	secondary	primary	alignment	duplicate	3
SRR23343474	AL_Shangrila	766	secondary	primary	alignment	eligible	25
SRR23343474	AL_Shangrila	766	secondary	primary	alignment	incomplete_codon	1
SRR23343474	AL_Shangrila	766	secondary	primary	alignment	low_base_quality	7
SRR23343474	AL_Shangrila	766	secondary	primary	fragment	conflicting_mates	0
SRR23343474	AL_Shangrila	766	secondary	primary	fragment	independent_eligible	24
SRR23343475	AL_Shangrila	766	secondary	primary	alignment	duplicate	14
SRR23343475	AL_Shangrila	766	secondary	primary	alignment	eligible	27
SRR23343475	AL_Shangrila	766	secondary	primary	alignment	incomplete_codon	2
SRR23343475	AL_Shangrila	766	secondary	primary	alignment	low_base_quality	2
SRR23343475	AL_Shangrila	766	secondary	primary	fragment	conflicting_mates	0
SRR23343475	AL_Shangrila	766	secondary	primary	fragment	independent_eligible	25
SRR23343476	AL_Shangrila	766	secondary	primary	alignment	duplicate	6
SRR23343476	AL_Shangrila	766	secondary	primary	alignment	eligible	22
SRR23343476	AL_Shangrila	766	secondary	primary	alignment	incomplete_codon	2
SRR23343476	AL_Shangrila	766	secondary	primary	alignment	low_base_quality	5
SRR23343476	AL_Shangrila	766	secondary	primary	fragment	conflicting_mates	0
SRR23343476	AL_Shangrila	766	secondary	primary	fragment	independent_eligible	21
SRR23343477	AL_Shangrila	766	secondary	primary	alignment	duplicate	10
SRR23343477	AL_Shangrila	766	secondary	primary	alignment	eligible	33
SRR23343477	AL_Shangrila	766	secondary	primary	alignment	incomplete_codon	1
SRR23343477	AL_Shangrila	766	secondary	primary	alignment	low_base_quality	7
SRR23343477	AL_Shangrila	766	secondary	primary	fragment	conflicting_mates	0
SRR23343477	AL_Shangrila	766	secondary	primary	fragment	independent_eligible	32
SRR23343478	AL_Shangrila	766	secondary	primary	alignment	duplicate	9
SRR23343478	AL_Shangrila	766	secondary	primary	alignment	eligible	25
SRR23343478	AL_Shangrila	766	secondary	primary	alignment	low_base_quality	13
SRR23343478	AL_Shangrila	766	secondary	primary	fragment	conflicting_mates	0
SRR23343478	AL_Shangrila	766	secondary	primary	fragment	independent_eligible	25
SRR23343479	AL_Shangrila	766	secondary	primary	alignment	duplicate	6
SRR23343479	AL_Shangrila	766	secondary	primary	alignment	eligible	27
SRR23343479	AL_Shangrila	766	secondary	primary	alignment	incomplete_codon	1
SRR23343479	AL_Shangrila	766	secondary	primary	alignment	low_base_quality	4
SRR23343479	AL_Shangrila	766	secondary	primary	fragment	conflicting_mates	0
SRR23343479	AL_Shangrila	766	secondary	primary	fragment	independent_eligible	27
SRR23343480	AL_Shangrila	766	secondary	primary	alignment	duplicate	6
SRR23343480	AL_Shangrila	766	secondary	primary	alignment	eligible	26
SRR23343480	AL_Shangrila	766	secondary	primary	alignment	low_base_quality	5
SRR23343480	AL_Shangrila	766	secondary	primary	fragment	conflicting_mates	0
SRR23343480	AL_Shangrila	766	secondary	primary	fragment	independent_eligible	26
SRR23343481	AL_Shangrila	766	secondary	primary	alignment	duplicate	7
SRR23343481	AL_Shangrila	766	secondary	primary	alignment	eligible	30
SRR23343481	AL_Shangrila	766	secondary	primary	alignment	incomplete_codon	2
SRR23343481	AL_Shangrila	766	secondary	primary	alignment	low_base_quality	6
SRR23343481	AL_Shangrila	766	secondary	primary	fragment	conflicting_mates	0
SRR23343481	AL_Shangrila	766	secondary	primary	fragment	independent_eligible	30
SRR23343482	AL_Shangrila	766	secondary	primary	alignment	duplicate	5
SRR23343482	AL_Shangrila	766	secondary	primary	alignment	eligible	26
SRR23343482	AL_Shangrila	766	secondary	primary	alignment	incomplete_codon	2
SRR23343482	AL_Shangrila	766	secondary	primary	alignment	low_base_quality	5
SRR23343482	AL_Shangrila	766	secondary	primary	fragment	conflicting_mates	0
SRR23343482	AL_Shangrila	766	secondary	primary	fragment	independent_eligible	25
SRR23343483	AL_Shangrila	766	secondary	primary	alignment	duplicate	6
SRR23343483	AL_Shangrila	766	secondary	primary	alignment	eligible	27
SRR23343483	AL_Shangrila	766	secondary	primary	alignment	incomplete_codon	1
SRR23343483	AL_Shangrila	766	secondary	primary	alignment	low_base_quality	11
SRR23343483	AL_Shangrila	766	secondary	primary	fragment	conflicting_mates	0
SRR23343483	AL_Shangrila	766	secondary	primary	fragment	independent_eligible	27
SRR23343484	AL_Shangrila	766	secondary	primary	alignment	duplicate	5
SRR23343484	AL_Shangrila	766	secondary	primary	alignment	eligible	31
SRR23343484	AL_Shangrila	766	secondary	primary	alignment	incomplete_codon	1
SRR23343484	AL_Shangrila	766	secondary	primary	alignment	low_base_quality	5
SRR23343484	AL_Shangrila	766	secondary	primary	fragment	conflicting_mates	0
SRR23343484	AL_Shangrila	766	secondary	primary	fragment	independent_eligible	31
SRR23343485	AL_Shangrila	766	secondary	primary	alignment	duplicate	5
SRR23343485	AL_Shangrila	766	secondary	primary	alignment	eligible	21
SRR23343485	AL_Shangrila	766	secondary	primary	alignment	low_base_quality	11
SRR23343485	AL_Shangrila	766	secondary	primary	fragment	conflicting_mates	0
SRR23343485	AL_Shangrila	766	secondary	primary	fragment	independent_eligible	21
SRR23343486	AL_Shangrila	766	secondary	primary	alignment	duplicate	6
SRR23343486	AL_Shangrila	766	secondary	primary	alignment	eligible	25
SRR23343486	AL_Shangrila	766	secondary	primary	alignment	low_base_quality	10
SRR23343486	AL_Shangrila	766	secondary	primary	alignment	low_mapping_quality	1
SRR23343486	AL_Shangrila	766	secondary	primary	fragment	conflicting_mates	0
SRR23343486	AL_Shangrila	766	secondary	primary	fragment	independent_eligible	24
SRR23343487	AL_Shangrila	766	secondary	primary	alignment	duplicate	4
SRR23343487	AL_Shangrila	766	secondary	primary	alignment	eligible	27
SRR23343487	AL_Shangrila	766	secondary	primary	alignment	incomplete_codon	1
SRR23343487	AL_Shangrila	766	secondary	primary	alignment	low_base_quality	5
SRR23343487	AL_Shangrila	766	secondary	primary	fragment	conflicting_mates	0
SRR23343487	AL_Shangrila	766	secondary	primary	fragment	independent_eligible	26
SRR23343488	AL_Shangrila	766	secondary	primary	alignment	duplicate	7
SRR23343488	AL_Shangrila	766	secondary	primary	alignment	eligible	26
SRR23343488	AL_Shangrila	766	secondary	primary	alignment	incomplete_codon	1
SRR23343488	AL_Shangrila	766	secondary	primary	alignment	low_base_quality	5
SRR23343488	AL_Shangrila	766	secondary	primary	fragment	conflicting_mates	0
SRR23343488	AL_Shangrila	766	secondary	primary	fragment	independent_eligible	26
SRR23343489	AL_Shangrila	766	secondary	primary	alignment	duplicate	4
SRR23343489	AL_Shangrila	766	secondary	primary	alignment	eligible	29
SRR23343489	AL_Shangrila	766	secondary	primary	alignment	low_base_quality	12
SRR23343489	AL_Shangrila	766	secondary	primary	fragment	conflicting_mates	0
SRR23343489	AL_Shangrila	766	secondary	primary	fragment	independent_eligible	29
SRR23343490	AL_Shangrila	766	secondary	primary	alignment	duplicate	7
SRR23343490	AL_Shangrila	766	secondary	primary	alignment	eligible	25
SRR23343490	AL_Shangrila	766	secondary	primary	alignment	low_base_quality	5
SRR23343490	AL_Shangrila	766	secondary	primary	fragment	conflicting_mates	0
SRR23343490	AL_Shangrila	766	secondary	primary	fragment	independent_eligible	25
SRR23343491	AL_Shangrila	766	secondary	primary	alignment	duplicate	5
SRR23343491	AL_Shangrila	766	secondary	primary	alignment	eligible	26
SRR23343491	AL_Shangrila	766	secondary	primary	alignment	incomplete_codon	1
SRR23343491	AL_Shangrila	766	secondary	primary	alignment	low_base_quality	6
SRR23343491	AL_Shangrila	766	secondary	primary	fragment	conflicting_mates	0
SRR23343491	AL_Shangrila	766	secondary	primary	fragment	independent_eligible	25
SRR23343492	AL_Shangrila	766	secondary	primary	alignment	duplicate	4
SRR23343492	AL_Shangrila	766	secondary	primary	alignment	eligible	29
SRR23343492	AL_Shangrila	766	secondary	primary	alignment	incomplete_codon	3
SRR23343492	AL_Shangrila	766	secondary	primary	alignment	low_base_quality	13
SRR23343492	AL_Shangrila	766	secondary	primary	fragment	conflicting_mates	0
SRR23343492	AL_Shangrila	766	secondary	primary	fragment	independent_eligible	28
SRR23343493	AL_Shangrila	766	secondary	primary	alignment	duplicate	5
SRR23343493	AL_Shangrila	766	secondary	primary	alignment	eligible	19
SRR23343493	AL_Shangrila	766	secondary	primary	alignment	incomplete_codon	1
SRR23343493	AL_Shangrila	766	secondary	primary	alignment	low_base_quality	4
SRR23343493	AL_Shangrila	766	secondary	primary	fragment	conflicting_mates	0
SRR23343493	AL_Shangrila	766	secondary	primary	fragment	independent_eligible	19
SRR23343494	AL_Shangrila	766	secondary	primary	alignment	duplicate	4
SRR23343494	AL_Shangrila	766	secondary	primary	alignment	eligible	42
SRR23343494	AL_Shangrila	766	secondary	primary	alignment	low_base_quality	5
SRR23343494	AL_Shangrila	766	secondary	primary	fragment	conflicting_mates	0
SRR23343494	AL_Shangrila	766	secondary	primary	fragment	independent_eligible	42
SRR23343438	AL_Shangrila	822	within_species_comparison	primary	alignment	duplicate	12
SRR23343438	AL_Shangrila	822	within_species_comparison	primary	alignment	eligible	52
SRR23343438	AL_Shangrila	822	within_species_comparison	primary	alignment	incomplete_codon	2
SRR23343438	AL_Shangrila	822	within_species_comparison	primary	alignment	low_base_quality	11
SRR23343438	AL_Shangrila	822	within_species_comparison	primary	fragment	conflicting_mates	0
SRR23343438	AL_Shangrila	822	within_species_comparison	primary	fragment	independent_eligible	50
SRR23343439	AL_Shangrila	822	within_species_comparison	primary	alignment	duplicate	10
SRR23343439	AL_Shangrila	822	within_species_comparison	primary	alignment	eligible	35
SRR23343439	AL_Shangrila	822	within_species_comparison	primary	alignment	low_base_quality	3
SRR23343439	AL_Shangrila	822	within_species_comparison	primary	fragment	conflicting_mates	0
SRR23343439	AL_Shangrila	822	within_species_comparison	primary	fragment	independent_eligible	34
SRR23343440	AL_Shangrila	822	within_species_comparison	primary	alignment	duplicate	4
SRR23343440	AL_Shangrila	822	within_species_comparison	primary	alignment	eligible	33
SRR23343440	AL_Shangrila	822	within_species_comparison	primary	alignment	incomplete_codon	1
SRR23343440	AL_Shangrila	822	within_species_comparison	primary	alignment	low_base_quality	3
SRR23343440	AL_Shangrila	822	within_species_comparison	primary	fragment	conflicting_mates	0
SRR23343440	AL_Shangrila	822	within_species_comparison	primary	fragment	independent_eligible	31
SRR23343441	AL_Shangrila	822	within_species_comparison	primary	alignment	duplicate	11
SRR23343441	AL_Shangrila	822	within_species_comparison	primary	alignment	eligible	25
SRR23343441	AL_Shangrila	822	within_species_comparison	primary	alignment	incomplete_codon	2
SRR23343441	AL_Shangrila	822	within_species_comparison	primary	alignment	low_base_quality	5
SRR23343441	AL_Shangrila	822	within_species_comparison	primary	fragment	conflicting_mates	0
SRR23343441	AL_Shangrila	822	within_species_comparison	primary	fragment	independent_eligible	24
SRR23343442	AL_Shangrila	822	within_species_comparison	primary	alignment	duplicate	15
SRR23343442	AL_Shangrila	822	within_species_comparison	primary	alignment	eligible	49
SRR23343442	AL_Shangrila	822	within_species_comparison	primary	alignment	incomplete_codon	2
SRR23343442	AL_Shangrila	822	within_species_comparison	primary	alignment	low_base_quality	7
SRR23343442	AL_Shangrila	822	within_species_comparison	primary	fragment	conflicting_mates	0
SRR23343442	AL_Shangrila	822	within_species_comparison	primary	fragment	independent_eligible	48
SRR23343443	AL_Shangrila	822	within_species_comparison	primary	alignment	duplicate	5
SRR23343443	AL_Shangrila	822	within_species_comparison	primary	alignment	eligible	27
SRR23343443	AL_Shangrila	822	within_species_comparison	primary	alignment	incomplete_codon	2
SRR23343443	AL_Shangrila	822	within_species_comparison	primary	alignment	low_base_quality	5
SRR23343443	AL_Shangrila	822	within_species_comparison	primary	fragment	conflicting_mates	0
SRR23343443	AL_Shangrila	822	within_species_comparison	primary	fragment	independent_eligible	27
SRR23343444	AL_Shangrila	822	within_species_comparison	primary	alignment	duplicate	5
SRR23343444	AL_Shangrila	822	within_species_comparison	primary	alignment	eligible	20
SRR23343444	AL_Shangrila	822	within_species_comparison	primary	alignment	incomplete_codon	1
SRR23343444	AL_Shangrila	822	within_species_comparison	primary	alignment	low_base_quality	1
SRR23343444	AL_Shangrila	822	within_species_comparison	primary	fragment	conflicting_mates	0
SRR23343444	AL_Shangrila	822	within_species_comparison	primary	fragment	independent_eligible	19
SRR23343445	AL_Shangrila	822	within_species_comparison	primary	alignment	duplicate	9
SRR23343445	AL_Shangrila	822	within_species_comparison	primary	alignment	eligible	51
SRR23343445	AL_Shangrila	822	within_species_comparison	primary	alignment	low_base_quality	7
SRR23343445	AL_Shangrila	822	within_species_comparison	primary	fragment	conflicting_mates	0
SRR23343445	AL_Shangrila	822	within_species_comparison	primary	fragment	independent_eligible	48
SRR23343446	AL_Shangrila	822	within_species_comparison	primary	alignment	duplicate	9
SRR23343446	AL_Shangrila	822	within_species_comparison	primary	alignment	eligible	27
SRR23343446	AL_Shangrila	822	within_species_comparison	primary	alignment	incomplete_codon	2
SRR23343446	AL_Shangrila	822	within_species_comparison	primary	alignment	low_base_quality	5
SRR23343446	AL_Shangrila	822	within_species_comparison	primary	fragment	conflicting_mates	0
SRR23343446	AL_Shangrila	822	within_species_comparison	primary	fragment	independent_eligible	25
SRR23343447	AL_Shangrila	822	within_species_comparison	primary	alignment	duplicate	11
SRR23343447	AL_Shangrila	822	within_species_comparison	primary	alignment	eligible	41
SRR23343447	AL_Shangrila	822	within_species_comparison	primary	alignment	incomplete_codon	1
SRR23343447	AL_Shangrila	822	within_species_comparison	primary	alignment	low_base_quality	6
SRR23343447	AL_Shangrila	822	within_species_comparison	primary	fragment	conflicting_mates	0
SRR23343447	AL_Shangrila	822	within_species_comparison	primary	fragment	independent_eligible	41
SRR23343448	AL_Shangrila	822	within_species_comparison	primary	alignment	duplicate	5
SRR23343448	AL_Shangrila	822	within_species_comparison	primary	alignment	eligible	29
SRR23343448	AL_Shangrila	822	within_species_comparison	primary	alignment	incomplete_codon	1
SRR23343448	AL_Shangrila	822	within_species_comparison	primary	fragment	conflicting_mates	0
SRR23343448	AL_Shangrila	822	within_species_comparison	primary	fragment	independent_eligible	28
SRR23343449	AL_Shangrila	822	within_species_comparison	primary	alignment	duplicate	6
SRR23343449	AL_Shangrila	822	within_species_comparison	primary	alignment	eligible	21
SRR23343449	AL_Shangrila	822	within_species_comparison	primary	alignment	low_base_quality	3
SRR23343449	AL_Shangrila	822	within_species_comparison	primary	fragment	conflicting_mates	0
SRR23343449	AL_Shangrila	822	within_species_comparison	primary	fragment	independent_eligible	21
SRR23343450	AL_Shangrila	822	within_species_comparison	primary	alignment	duplicate	2
SRR23343450	AL_Shangrila	822	within_species_comparison	primary	alignment	eligible	35
SRR23343450	AL_Shangrila	822	within_species_comparison	primary	alignment	incomplete_codon	2
SRR23343450	AL_Shangrila	822	within_species_comparison	primary	alignment	low_base_quality	2
SRR23343450	AL_Shangrila	822	within_species_comparison	primary	fragment	conflicting_mates	0
SRR23343450	AL_Shangrila	822	within_species_comparison	primary	fragment	independent_eligible	34
SRR23343451	AL_Shangrila	822	within_species_comparison	primary	alignment	duplicate	5
SRR23343451	AL_Shangrila	822	within_species_comparison	primary	alignment	eligible	23
SRR23343451	AL_Shangrila	822	within_species_comparison	primary	alignment	incomplete_codon	1
SRR23343451	AL_Shangrila	822	within_species_comparison	primary	alignment	low_base_quality	3
SRR23343451	AL_Shangrila	822	within_species_comparison	primary	fragment	conflicting_mates	0
SRR23343451	AL_Shangrila	822	within_species_comparison	primary	fragment	independent_eligible	21
SRR23343452	AL_Shangrila	822	within_species_comparison	primary	alignment	duplicate	7
SRR23343452	AL_Shangrila	822	within_species_comparison	primary	alignment	eligible	36
SRR23343452	AL_Shangrila	822	within_species_comparison	primary	alignment	incomplete_codon	1
SRR23343452	AL_Shangrila	822	within_species_comparison	primary	alignment	low_base_quality	6
SRR23343452	AL_Shangrila	822	within_species_comparison	primary	fragment	conflicting_mates	0
SRR23343452	AL_Shangrila	822	within_species_comparison	primary	fragment	independent_eligible	35
SRR23343453	AL_Shangrila	822	within_species_comparison	primary	alignment	eligible	19
SRR23343453	AL_Shangrila	822	within_species_comparison	primary	alignment	incomplete_codon	1
SRR23343453	AL_Shangrila	822	within_species_comparison	primary	alignment	low_base_quality	3
SRR23343453	AL_Shangrila	822	within_species_comparison	primary	fragment	conflicting_mates	0
SRR23343453	AL_Shangrila	822	within_species_comparison	primary	fragment	independent_eligible	19
SRR23343454	AL_Shangrila	822	within_species_comparison	primary	alignment	duplicate	3
SRR23343454	AL_Shangrila	822	within_species_comparison	primary	alignment	eligible	27
SRR23343454	AL_Shangrila	822	within_species_comparison	primary	alignment	incomplete_codon	1
SRR23343454	AL_Shangrila	822	within_species_comparison	primary	alignment	low_base_quality	7
SRR23343454	AL_Shangrila	822	within_species_comparison	primary	fragment	conflicting_mates	0
SRR23343454	AL_Shangrila	822	within_species_comparison	primary	fragment	independent_eligible	26
SRR23343455	AL_Shangrila	822	within_species_comparison	primary	alignment	eligible	1
SRR23343455	AL_Shangrila	822	within_species_comparison	primary	fragment	conflicting_mates	0
SRR23343455	AL_Shangrila	822	within_species_comparison	primary	fragment	independent_eligible	1
SRR23343456	AL_Shangrila	822	within_species_comparison	primary	alignment	duplicate	8
SRR23343456	AL_Shangrila	822	within_species_comparison	primary	alignment	eligible	41
SRR23343456	AL_Shangrila	822	within_species_comparison	primary	alignment	incomplete_codon	4
SRR23343456	AL_Shangrila	822	within_species_comparison	primary	alignment	low_base_quality	2
SRR23343456	AL_Shangrila	822	within_species_comparison	primary	fragment	conflicting_mates	0
SRR23343456	AL_Shangrila	822	within_species_comparison	primary	fragment	independent_eligible	38
SRR23343457	AL_Shangrila	822	within_species_comparison	primary	alignment	duplicate	5
SRR23343457	AL_Shangrila	822	within_species_comparison	primary	alignment	eligible	32
SRR23343457	AL_Shangrila	822	within_species_comparison	primary	alignment	incomplete_codon	1
SRR23343457	AL_Shangrila	822	within_species_comparison	primary	alignment	low_base_quality	5
SRR23343457	AL_Shangrila	822	within_species_comparison	primary	fragment	conflicting_mates	0
SRR23343457	AL_Shangrila	822	within_species_comparison	primary	fragment	independent_eligible	31
SRR23343458	AL_Shangrila	822	within_species_comparison	primary	alignment	duplicate	13
SRR23343458	AL_Shangrila	822	within_species_comparison	primary	alignment	eligible	43
SRR23343458	AL_Shangrila	822	within_species_comparison	primary	alignment	incomplete_codon	4
SRR23343458	AL_Shangrila	822	within_species_comparison	primary	alignment	low_base_quality	4
SRR23343458	AL_Shangrila	822	within_species_comparison	primary	fragment	conflicting_mates	0
SRR23343458	AL_Shangrila	822	within_species_comparison	primary	fragment	independent_eligible	42
SRR23343459	AL_Shangrila	822	within_species_comparison	primary	alignment	duplicate	8
SRR23343459	AL_Shangrila	822	within_species_comparison	primary	alignment	eligible	25
SRR23343459	AL_Shangrila	822	within_species_comparison	primary	alignment	incomplete_codon	1
SRR23343459	AL_Shangrila	822	within_species_comparison	primary	alignment	low_base_quality	7
SRR23343459	AL_Shangrila	822	within_species_comparison	primary	fragment	conflicting_mates	0
SRR23343459	AL_Shangrila	822	within_species_comparison	primary	fragment	independent_eligible	25
SRR23343460	AL_Shangrila	822	within_species_comparison	primary	alignment	duplicate	5
SRR23343460	AL_Shangrila	822	within_species_comparison	primary	alignment	eligible	29
SRR23343460	AL_Shangrila	822	within_species_comparison	primary	alignment	incomplete_codon	1
SRR23343460	AL_Shangrila	822	within_species_comparison	primary	alignment	low_base_quality	6
SRR23343460	AL_Shangrila	822	within_species_comparison	primary	fragment	conflicting_mates	0
SRR23343460	AL_Shangrila	822	within_species_comparison	primary	fragment	independent_eligible	29
SRR23343461	AL_Shangrila	822	within_species_comparison	primary	alignment	duplicate	6
SRR23343461	AL_Shangrila	822	within_species_comparison	primary	alignment	eligible	34
SRR23343461	AL_Shangrila	822	within_species_comparison	primary	alignment	low_base_quality	5
SRR23343461	AL_Shangrila	822	within_species_comparison	primary	fragment	conflicting_mates	0
SRR23343461	AL_Shangrila	822	within_species_comparison	primary	fragment	independent_eligible	34
SRR23343462	AL_Shangrila	822	within_species_comparison	primary	alignment	duplicate	21
SRR23343462	AL_Shangrila	822	within_species_comparison	primary	alignment	eligible	52
SRR23343462	AL_Shangrila	822	within_species_comparison	primary	alignment	incomplete_codon	2
SRR23343462	AL_Shangrila	822	within_species_comparison	primary	alignment	low_base_quality	7
SRR23343462	AL_Shangrila	822	within_species_comparison	primary	fragment	conflicting_mates	0
SRR23343462	AL_Shangrila	822	within_species_comparison	primary	fragment	independent_eligible	52
SRR23343463	AL_Shangrila	822	within_species_comparison	primary	alignment	duplicate	8
SRR23343463	AL_Shangrila	822	within_species_comparison	primary	alignment	eligible	37
SRR23343463	AL_Shangrila	822	within_species_comparison	primary	alignment	incomplete_codon	2
SRR23343463	AL_Shangrila	822	within_species_comparison	primary	alignment	low_base_quality	6
SRR23343463	AL_Shangrila	822	within_species_comparison	primary	fragment	conflicting_mates	0
SRR23343463	AL_Shangrila	822	within_species_comparison	primary	fragment	independent_eligible	36
SRR23343464	AL_Shangrila	822	within_species_comparison	primary	alignment	duplicate	7
SRR23343464	AL_Shangrila	822	within_species_comparison	primary	alignment	eligible	42
SRR23343464	AL_Shangrila	822	within_species_comparison	primary	alignment	incomplete_codon	1
SRR23343464	AL_Shangrila	822	within_species_comparison	primary	alignment	low_base_quality	3
SRR23343464	AL_Shangrila	822	within_species_comparison	primary	fragment	conflicting_mates	0
SRR23343464	AL_Shangrila	822	within_species_comparison	primary	fragment	independent_eligible	42
SRR23343465	AL_Shangrila	822	within_species_comparison	primary	alignment	duplicate	10
SRR23343465	AL_Shangrila	822	within_species_comparison	primary	alignment	eligible	28
SRR23343465	AL_Shangrila	822	within_species_comparison	primary	alignment	incomplete_codon	1
SRR23343465	AL_Shangrila	822	within_species_comparison	primary	alignment	low_base_quality	3
SRR23343465	AL_Shangrila	822	within_species_comparison	primary	fragment	conflicting_mates	0
SRR23343465	AL_Shangrila	822	within_species_comparison	primary	fragment	independent_eligible	26
SRR23343466	AL_Shangrila	822	within_species_comparison	primary	alignment	duplicate	2
SRR23343466	AL_Shangrila	822	within_species_comparison	primary	alignment	eligible	18
SRR23343466	AL_Shangrila	822	within_species_comparison	primary	alignment	low_base_quality	4
SRR23343466	AL_Shangrila	822	within_species_comparison	primary	fragment	conflicting_mates	0
SRR23343466	AL_Shangrila	822	within_species_comparison	primary	fragment	independent_eligible	17
SRR23343467	AL_Shangrila	822	within_species_comparison	primary	alignment	duplicate	10
SRR23343467	AL_Shangrila	822	within_species_comparison	primary	alignment	eligible	27
SRR23343467	AL_Shangrila	822	within_species_comparison	primary	alignment	incomplete_codon	2
SRR23343467	AL_Shangrila	822	within_species_comparison	primary	alignment	low_base_quality	4
SRR23343467	AL_Shangrila	822	within_species_comparison	primary	fragment	conflicting_mates	0
SRR23343467	AL_Shangrila	822	within_species_comparison	primary	fragment	independent_eligible	24
SRR23343468	AL_Shangrila	822	within_species_comparison	primary	alignment	duplicate	10
SRR23343468	AL_Shangrila	822	within_species_comparison	primary	alignment	eligible	30
SRR23343468	AL_Shangrila	822	within_species_comparison	primary	alignment	low_base_quality	4
SRR23343468	AL_Shangrila	822	within_species_comparison	primary	fragment	conflicting_mates	0
SRR23343468	AL_Shangrila	822	within_species_comparison	primary	fragment	independent_eligible	29
SRR23343469	AL_Shangrila	822	within_species_comparison	primary	alignment	duplicate	4
SRR23343469	AL_Shangrila	822	within_species_comparison	primary	alignment	eligible	35
SRR23343469	AL_Shangrila	822	within_species_comparison	primary	alignment	incomplete_codon	1
SRR23343469	AL_Shangrila	822	within_species_comparison	primary	alignment	low_base_quality	4
SRR23343469	AL_Shangrila	822	within_species_comparison	primary	fragment	conflicting_mates	0
SRR23343469	AL_Shangrila	822	within_species_comparison	primary	fragment	independent_eligible	34
SRR23343470	AL_Shangrila	822	within_species_comparison	primary	alignment	duplicate	6
SRR23343470	AL_Shangrila	822	within_species_comparison	primary	alignment	eligible	25
SRR23343470	AL_Shangrila	822	within_species_comparison	primary	alignment	low_base_quality	2
SRR23343470	AL_Shangrila	822	within_species_comparison	primary	fragment	conflicting_mates	0
SRR23343470	AL_Shangrila	822	within_species_comparison	primary	fragment	independent_eligible	25
SRR23343471	AL_Shangrila	822	within_species_comparison	primary	alignment	duplicate	5
SRR23343471	AL_Shangrila	822	within_species_comparison	primary	alignment	eligible	26
SRR23343471	AL_Shangrila	822	within_species_comparison	primary	alignment	low_base_quality	3
SRR23343471	AL_Shangrila	822	within_species_comparison	primary	fragment	conflicting_mates	0
SRR23343471	AL_Shangrila	822	within_species_comparison	primary	fragment	independent_eligible	26
SRR23343472	AL_Shangrila	822	within_species_comparison	primary	alignment	duplicate	4
SRR23343472	AL_Shangrila	822	within_species_comparison	primary	alignment	eligible	23
SRR23343472	AL_Shangrila	822	within_species_comparison	primary	alignment	low_base_quality	3
SRR23343472	AL_Shangrila	822	within_species_comparison	primary	fragment	conflicting_mates	0
SRR23343472	AL_Shangrila	822	within_species_comparison	primary	fragment	independent_eligible	23
SRR23343473	AL_Shangrila	822	within_species_comparison	primary	alignment	duplicate	19
SRR23343473	AL_Shangrila	822	within_species_comparison	primary	alignment	eligible	67
SRR23343473	AL_Shangrila	822	within_species_comparison	primary	alignment	incomplete_codon	1
SRR23343473	AL_Shangrila	822	within_species_comparison	primary	alignment	low_base_quality	14
SRR23343473	AL_Shangrila	822	within_species_comparison	primary	fragment	conflicting_mates	0
SRR23343473	AL_Shangrila	822	within_species_comparison	primary	fragment	independent_eligible	64
SRR23343474	AL_Shangrila	822	within_species_comparison	primary	alignment	duplicate	5
SRR23343474	AL_Shangrila	822	within_species_comparison	primary	alignment	eligible	33
SRR23343474	AL_Shangrila	822	within_species_comparison	primary	alignment	incomplete_codon	3
SRR23343474	AL_Shangrila	822	within_species_comparison	primary	alignment	low_base_quality	2
SRR23343474	AL_Shangrila	822	within_species_comparison	primary	fragment	conflicting_mates	0
SRR23343474	AL_Shangrila	822	within_species_comparison	primary	fragment	independent_eligible	32
SRR23343475	AL_Shangrila	822	within_species_comparison	primary	alignment	duplicate	14
SRR23343475	AL_Shangrila	822	within_species_comparison	primary	alignment	eligible	36
SRR23343475	AL_Shangrila	822	within_species_comparison	primary	alignment	incomplete_codon	2
SRR23343475	AL_Shangrila	822	within_species_comparison	primary	alignment	low_base_quality	1
SRR23343475	AL_Shangrila	822	within_species_comparison	primary	fragment	conflicting_mates	0
SRR23343475	AL_Shangrila	822	within_species_comparison	primary	fragment	independent_eligible	35
SRR23343476	AL_Shangrila	822	within_species_comparison	primary	alignment	duplicate	3
SRR23343476	AL_Shangrila	822	within_species_comparison	primary	alignment	eligible	18
SRR23343476	AL_Shangrila	822	within_species_comparison	primary	alignment	incomplete_codon	1
SRR23343476	AL_Shangrila	822	within_species_comparison	primary	alignment	low_base_quality	2
SRR23343476	AL_Shangrila	822	within_species_comparison	primary	fragment	conflicting_mates	0
SRR23343476	AL_Shangrila	822	within_species_comparison	primary	fragment	independent_eligible	17
SRR23343477	AL_Shangrila	822	within_species_comparison	primary	alignment	duplicate	9
SRR23343477	AL_Shangrila	822	within_species_comparison	primary	alignment	eligible	33
SRR23343477	AL_Shangrila	822	within_species_comparison	primary	alignment	incomplete_codon	3
SRR23343477	AL_Shangrila	822	within_species_comparison	primary	alignment	low_base_quality	6
SRR23343477	AL_Shangrila	822	within_species_comparison	primary	fragment	conflicting_mates	0
SRR23343477	AL_Shangrila	822	within_species_comparison	primary	fragment	independent_eligible	33
SRR23343478	AL_Shangrila	822	within_species_comparison	primary	alignment	duplicate	5
SRR23343478	AL_Shangrila	822	within_species_comparison	primary	alignment	eligible	32
SRR23343478	AL_Shangrila	822	within_species_comparison	primary	alignment	incomplete_codon	2
SRR23343478	AL_Shangrila	822	within_species_comparison	primary	alignment	low_base_quality	6
SRR23343478	AL_Shangrila	822	within_species_comparison	primary	fragment	conflicting_mates	0
SRR23343478	AL_Shangrila	822	within_species_comparison	primary	fragment	independent_eligible	32
SRR23343479	AL_Shangrila	822	within_species_comparison	primary	alignment	duplicate	7
SRR23343479	AL_Shangrila	822	within_species_comparison	primary	alignment	eligible	19
SRR23343479	AL_Shangrila	822	within_species_comparison	primary	alignment	incomplete_codon	2
SRR23343479	AL_Shangrila	822	within_species_comparison	primary	alignment	low_base_quality	6
SRR23343479	AL_Shangrila	822	within_species_comparison	primary	fragment	conflicting_mates	0
SRR23343479	AL_Shangrila	822	within_species_comparison	primary	fragment	independent_eligible	19
SRR23343480	AL_Shangrila	822	within_species_comparison	primary	alignment	duplicate	6
SRR23343480	AL_Shangrila	822	within_species_comparison	primary	alignment	eligible	41
SRR23343480	AL_Shangrila	822	within_species_comparison	primary	alignment	low_base_quality	2
SRR23343480	AL_Shangrila	822	within_species_comparison	primary	fragment	conflicting_mates	0
SRR23343480	AL_Shangrila	822	within_species_comparison	primary	fragment	independent_eligible	41
SRR23343481	AL_Shangrila	822	within_species_comparison	primary	alignment	duplicate	5
SRR23343481	AL_Shangrila	822	within_species_comparison	primary	alignment	eligible	30
SRR23343481	AL_Shangrila	822	within_species_comparison	primary	alignment	incomplete_codon	1
SRR23343481	AL_Shangrila	822	within_species_comparison	primary	alignment	low_base_quality	2
SRR23343481	AL_Shangrila	822	within_species_comparison	primary	fragment	conflicting_mates	0
SRR23343481	AL_Shangrila	822	within_species_comparison	primary	fragment	independent_eligible	30
SRR23343482	AL_Shangrila	822	within_species_comparison	primary	alignment	duplicate	5
SRR23343482	AL_Shangrila	822	within_species_comparison	primary	alignment	eligible	43
SRR23343482	AL_Shangrila	822	within_species_comparison	primary	alignment	incomplete_codon	1
SRR23343482	AL_Shangrila	822	within_species_comparison	primary	alignment	low_base_quality	3
SRR23343482	AL_Shangrila	822	within_species_comparison	primary	fragment	conflicting_mates	0
SRR23343482	AL_Shangrila	822	within_species_comparison	primary	fragment	independent_eligible	39
SRR23343483	AL_Shangrila	822	within_species_comparison	primary	alignment	duplicate	4
SRR23343483	AL_Shangrila	822	within_species_comparison	primary	alignment	eligible	31
SRR23343483	AL_Shangrila	822	within_species_comparison	primary	alignment	low_base_quality	5
SRR23343483	AL_Shangrila	822	within_species_comparison	primary	fragment	conflicting_mates	0
SRR23343483	AL_Shangrila	822	within_species_comparison	primary	fragment	independent_eligible	30
SRR23343484	AL_Shangrila	822	within_species_comparison	primary	alignment	duplicate	9
SRR23343484	AL_Shangrila	822	within_species_comparison	primary	alignment	eligible	50
SRR23343484	AL_Shangrila	822	within_species_comparison	primary	alignment	incomplete_codon	3
SRR23343484	AL_Shangrila	822	within_species_comparison	primary	alignment	low_base_quality	9
SRR23343484	AL_Shangrila	822	within_species_comparison	primary	fragment	conflicting_mates	0
SRR23343484	AL_Shangrila	822	within_species_comparison	primary	fragment	independent_eligible	49
SRR23343485	AL_Shangrila	822	within_species_comparison	primary	alignment	duplicate	11
SRR23343485	AL_Shangrila	822	within_species_comparison	primary	alignment	eligible	29
SRR23343485	AL_Shangrila	822	within_species_comparison	primary	alignment	incomplete_codon	1
SRR23343485	AL_Shangrila	822	within_species_comparison	primary	alignment	low_base_quality	5
SRR23343485	AL_Shangrila	822	within_species_comparison	primary	fragment	conflicting_mates	0
SRR23343485	AL_Shangrila	822	within_species_comparison	primary	fragment	independent_eligible	29
SRR23343486	AL_Shangrila	822	within_species_comparison	primary	alignment	duplicate	3
SRR23343486	AL_Shangrila	822	within_species_comparison	primary	alignment	eligible	25
SRR23343486	AL_Shangrila	822	within_species_comparison	primary	alignment	incomplete_codon	2
SRR23343486	AL_Shangrila	822	within_species_comparison	primary	alignment	low_base_quality	4
SRR23343486	AL_Shangrila	822	within_species_comparison	primary	fragment	conflicting_mates	0
SRR23343486	AL_Shangrila	822	within_species_comparison	primary	fragment	independent_eligible	25
SRR23343487	AL_Shangrila	822	within_species_comparison	primary	alignment	duplicate	9
SRR23343487	AL_Shangrila	822	within_species_comparison	primary	alignment	eligible	32
SRR23343487	AL_Shangrila	822	within_species_comparison	primary	alignment	incomplete_codon	1
SRR23343487	AL_Shangrila	822	within_species_comparison	primary	alignment	low_base_quality	3
SRR23343487	AL_Shangrila	822	within_species_comparison	primary	fragment	conflicting_mates	0
SRR23343487	AL_Shangrila	822	within_species_comparison	primary	fragment	independent_eligible	32
SRR23343488	AL_Shangrila	822	within_species_comparison	primary	alignment	duplicate	3
SRR23343488	AL_Shangrila	822	within_species_comparison	primary	alignment	eligible	20
SRR23343488	AL_Shangrila	822	within_species_comparison	primary	alignment	incomplete_codon	1
SRR23343488	AL_Shangrila	822	within_species_comparison	primary	alignment	low_base_quality	6
SRR23343488	AL_Shangrila	822	within_species_comparison	primary	fragment	conflicting_mates	0
SRR23343488	AL_Shangrila	822	within_species_comparison	primary	fragment	independent_eligible	20
SRR23343489	AL_Shangrila	822	within_species_comparison	primary	alignment	duplicate	4
SRR23343489	AL_Shangrila	822	within_species_comparison	primary	alignment	eligible	31
SRR23343489	AL_Shangrila	822	within_species_comparison	primary	alignment	incomplete_codon	1
SRR23343489	AL_Shangrila	822	within_species_comparison	primary	alignment	low_base_quality	6
SRR23343489	AL_Shangrila	822	within_species_comparison	primary	fragment	conflicting_mates	0
SRR23343489	AL_Shangrila	822	within_species_comparison	primary	fragment	independent_eligible	30
SRR23343490	AL_Shangrila	822	within_species_comparison	primary	alignment	duplicate	8
SRR23343490	AL_Shangrila	822	within_species_comparison	primary	alignment	eligible	31
SRR23343490	AL_Shangrila	822	within_species_comparison	primary	alignment	incomplete_codon	1
SRR23343490	AL_Shangrila	822	within_species_comparison	primary	alignment	low_base_quality	3
SRR23343490	AL_Shangrila	822	within_species_comparison	primary	fragment	conflicting_mates	0
SRR23343490	AL_Shangrila	822	within_species_comparison	primary	fragment	independent_eligible	31
SRR23343491	AL_Shangrila	822	within_species_comparison	primary	alignment	duplicate	6
SRR23343491	AL_Shangrila	822	within_species_comparison	primary	alignment	eligible	19
SRR23343491	AL_Shangrila	822	within_species_comparison	primary	alignment	low_base_quality	2
SRR23343491	AL_Shangrila	822	within_species_comparison	primary	fragment	conflicting_mates	0
SRR23343491	AL_Shangrila	822	within_species_comparison	primary	fragment	independent_eligible	19
SRR23343492	AL_Shangrila	822	within_species_comparison	primary	alignment	duplicate	2
SRR23343492	AL_Shangrila	822	within_species_comparison	primary	alignment	eligible	21
SRR23343492	AL_Shangrila	822	within_species_comparison	primary	alignment	incomplete_codon	1
SRR23343492	AL_Shangrila	822	within_species_comparison	primary	alignment	low_base_quality	3
SRR23343492	AL_Shangrila	822	within_species_comparison	primary	fragment	conflicting_mates	0
SRR23343492	AL_Shangrila	822	within_species_comparison	primary	fragment	independent_eligible	20
SRR23343493	AL_Shangrila	822	within_species_comparison	primary	alignment	duplicate	5
SRR23343493	AL_Shangrila	822	within_species_comparison	primary	alignment	eligible	23
SRR23343493	AL_Shangrila	822	within_species_comparison	primary	alignment	low_base_quality	2
SRR23343493	AL_Shangrila	822	within_species_comparison	primary	fragment	conflicting_mates	0
SRR23343493	AL_Shangrila	822	within_species_comparison	primary	fragment	independent_eligible	22
SRR23343494	AL_Shangrila	822	within_species_comparison	primary	alignment	duplicate	6
SRR23343494	AL_Shangrila	822	within_species_comparison	primary	alignment	eligible	35
SRR23343494	AL_Shangrila	822	within_species_comparison	primary	alignment	incomplete_codon	2
SRR23343494	AL_Shangrila	822	within_species_comparison	primary	alignment	low_base_quality	1
SRR23343494	AL_Shangrila	822	within_species_comparison	primary	fragment	conflicting_mates	0
SRR23343494	AL_Shangrila	822	within_species_comparison	primary	fragment	independent_eligible	35
SRR23343438	AL_Shangrila	1134	primary	primary	alignment	duplicate	8
SRR23343438	AL_Shangrila	1134	primary	primary	alignment	eligible	38
SRR23343438	AL_Shangrila	1134	primary	primary	alignment	low_base_quality	9
SRR23343438	AL_Shangrila	1134	primary	primary	fragment	conflicting_mates	0
SRR23343438	AL_Shangrila	1134	primary	primary	fragment	independent_eligible	37
SRR23343439	AL_Shangrila	1134	primary	primary	alignment	duplicate	9
SRR23343439	AL_Shangrila	1134	primary	primary	alignment	eligible	36
SRR23343439	AL_Shangrila	1134	primary	primary	alignment	incomplete_codon	3
SRR23343439	AL_Shangrila	1134	primary	primary	alignment	low_base_quality	10
SRR23343439	AL_Shangrila	1134	primary	primary	fragment	conflicting_mates	0
SRR23343439	AL_Shangrila	1134	primary	primary	fragment	independent_eligible	35
SRR23343440	AL_Shangrila	1134	primary	primary	alignment	duplicate	5
SRR23343440	AL_Shangrila	1134	primary	primary	alignment	eligible	27
SRR23343440	AL_Shangrila	1134	primary	primary	alignment	low_base_quality	17
SRR23343440	AL_Shangrila	1134	primary	primary	fragment	conflicting_mates	0
SRR23343440	AL_Shangrila	1134	primary	primary	fragment	independent_eligible	27
SRR23343441	AL_Shangrila	1134	primary	primary	alignment	duplicate	3
SRR23343441	AL_Shangrila	1134	primary	primary	alignment	eligible	28
SRR23343441	AL_Shangrila	1134	primary	primary	alignment	low_base_quality	9
SRR23343441	AL_Shangrila	1134	primary	primary	fragment	conflicting_mates	0
SRR23343441	AL_Shangrila	1134	primary	primary	fragment	independent_eligible	28
SRR23343442	AL_Shangrila	1134	primary	primary	alignment	duplicate	9
SRR23343442	AL_Shangrila	1134	primary	primary	alignment	eligible	53
SRR23343442	AL_Shangrila	1134	primary	primary	alignment	incomplete_codon	3
SRR23343442	AL_Shangrila	1134	primary	primary	alignment	low_base_quality	14
SRR23343442	AL_Shangrila	1134	primary	primary	fragment	conflicting_mates	0
SRR23343442	AL_Shangrila	1134	primary	primary	fragment	independent_eligible	52
SRR23343443	AL_Shangrila	1134	primary	primary	alignment	duplicate	6
SRR23343443	AL_Shangrila	1134	primary	primary	alignment	eligible	26
SRR23343443	AL_Shangrila	1134	primary	primary	alignment	low_base_quality	6
SRR23343443	AL_Shangrila	1134	primary	primary	fragment	conflicting_mates	0
SRR23343443	AL_Shangrila	1134	primary	primary	fragment	independent_eligible	25
SRR23343444	AL_Shangrila	1134	primary	primary	alignment	duplicate	5
SRR23343444	AL_Shangrila	1134	primary	primary	alignment	eligible	29
SRR23343444	AL_Shangrila	1134	primary	primary	alignment	low_base_quality	10
SRR23343444	AL_Shangrila	1134	primary	primary	fragment	conflicting_mates	0
SRR23343444	AL_Shangrila	1134	primary	primary	fragment	independent_eligible	28
SRR23343445	AL_Shangrila	1134	primary	primary	alignment	duplicate	6
SRR23343445	AL_Shangrila	1134	primary	primary	alignment	eligible	36
SRR23343445	AL_Shangrila	1134	primary	primary	alignment	incomplete_codon	2
SRR23343445	AL_Shangrila	1134	primary	primary	alignment	low_base_quality	7
SRR23343445	AL_Shangrila	1134	primary	primary	fragment	conflicting_mates	0
SRR23343445	AL_Shangrila	1134	primary	primary	fragment	independent_eligible	36
SRR23343446	AL_Shangrila	1134	primary	primary	alignment	duplicate	5
SRR23343446	AL_Shangrila	1134	primary	primary	alignment	eligible	21
SRR23343446	AL_Shangrila	1134	primary	primary	alignment	low_base_quality	7
SRR23343446	AL_Shangrila	1134	primary	primary	fragment	conflicting_mates	0
SRR23343446	AL_Shangrila	1134	primary	primary	fragment	independent_eligible	20
SRR23343447	AL_Shangrila	1134	primary	primary	alignment	duplicate	13
SRR23343447	AL_Shangrila	1134	primary	primary	alignment	eligible	38
SRR23343447	AL_Shangrila	1134	primary	primary	alignment	incomplete_codon	1
SRR23343447	AL_Shangrila	1134	primary	primary	alignment	low_base_quality	6
SRR23343447	AL_Shangrila	1134	primary	primary	fragment	conflicting_mates	0
SRR23343447	AL_Shangrila	1134	primary	primary	fragment	independent_eligible	37
SRR23343448	AL_Shangrila	1134	primary	primary	alignment	duplicate	6
SRR23343448	AL_Shangrila	1134	primary	primary	alignment	eligible	25
SRR23343448	AL_Shangrila	1134	primary	primary	alignment	incomplete_codon	1
SRR23343448	AL_Shangrila	1134	primary	primary	alignment	low_base_quality	5
SRR23343448	AL_Shangrila	1134	primary	primary	fragment	conflicting_mates	0
SRR23343448	AL_Shangrila	1134	primary	primary	fragment	independent_eligible	25
SRR23343449	AL_Shangrila	1134	primary	primary	alignment	duplicate	12
SRR23343449	AL_Shangrila	1134	primary	primary	alignment	eligible	30
SRR23343449	AL_Shangrila	1134	primary	primary	alignment	low_base_quality	5
SRR23343449	AL_Shangrila	1134	primary	primary	fragment	conflicting_mates	0
SRR23343449	AL_Shangrila	1134	primary	primary	fragment	independent_eligible	30
SRR23343450	AL_Shangrila	1134	primary	primary	alignment	duplicate	5
SRR23343450	AL_Shangrila	1134	primary	primary	alignment	eligible	27
SRR23343450	AL_Shangrila	1134	primary	primary	alignment	incomplete_codon	2
SRR23343450	AL_Shangrila	1134	primary	primary	alignment	low_base_quality	9
SRR23343450	AL_Shangrila	1134	primary	primary	fragment	conflicting_mates	0
SRR23343450	AL_Shangrila	1134	primary	primary	fragment	independent_eligible	27
SRR23343451	AL_Shangrila	1134	primary	primary	alignment	duplicate	9
SRR23343451	AL_Shangrila	1134	primary	primary	alignment	eligible	21
SRR23343451	AL_Shangrila	1134	primary	primary	alignment	low_base_quality	7
SRR23343451	AL_Shangrila	1134	primary	primary	alignment	low_mapping_quality	1
SRR23343451	AL_Shangrila	1134	primary	primary	fragment	conflicting_mates	0
SRR23343451	AL_Shangrila	1134	primary	primary	fragment	independent_eligible	20
SRR23343452	AL_Shangrila	1134	primary	primary	alignment	duplicate	7
SRR23343452	AL_Shangrila	1134	primary	primary	alignment	eligible	31
SRR23343452	AL_Shangrila	1134	primary	primary	alignment	incomplete_codon	3
SRR23343452	AL_Shangrila	1134	primary	primary	alignment	low_base_quality	10
SRR23343452	AL_Shangrila	1134	primary	primary	fragment	conflicting_mates	0
SRR23343452	AL_Shangrila	1134	primary	primary	fragment	independent_eligible	31
SRR23343453	AL_Shangrila	1134	primary	primary	alignment	duplicate	4
SRR23343453	AL_Shangrila	1134	primary	primary	alignment	eligible	22
SRR23343453	AL_Shangrila	1134	primary	primary	alignment	low_base_quality	3
SRR23343453	AL_Shangrila	1134	primary	primary	fragment	conflicting_mates	0
SRR23343453	AL_Shangrila	1134	primary	primary	fragment	independent_eligible	22
SRR23343454	AL_Shangrila	1134	primary	primary	alignment	duplicate	3
SRR23343454	AL_Shangrila	1134	primary	primary	alignment	eligible	24
SRR23343454	AL_Shangrila	1134	primary	primary	alignment	low_base_quality	5
SRR23343454	AL_Shangrila	1134	primary	primary	fragment	conflicting_mates	0
SRR23343454	AL_Shangrila	1134	primary	primary	fragment	independent_eligible	24
SRR23343455	AL_Shangrila	1134	primary	primary	alignment	eligible	2
SRR23343455	AL_Shangrila	1134	primary	primary	alignment	low_base_quality	1
SRR23343455	AL_Shangrila	1134	primary	primary	fragment	conflicting_mates	0
SRR23343455	AL_Shangrila	1134	primary	primary	fragment	independent_eligible	2
SRR23343456	AL_Shangrila	1134	primary	primary	alignment	duplicate	4
SRR23343456	AL_Shangrila	1134	primary	primary	alignment	eligible	27
SRR23343456	AL_Shangrila	1134	primary	primary	alignment	incomplete_codon	3
SRR23343456	AL_Shangrila	1134	primary	primary	alignment	low_base_quality	4
SRR23343456	AL_Shangrila	1134	primary	primary	fragment	conflicting_mates	0
SRR23343456	AL_Shangrila	1134	primary	primary	fragment	independent_eligible	27
SRR23343457	AL_Shangrila	1134	primary	primary	alignment	duplicate	8
SRR23343457	AL_Shangrila	1134	primary	primary	alignment	eligible	31
SRR23343457	AL_Shangrila	1134	primary	primary	alignment	incomplete_codon	1
SRR23343457	AL_Shangrila	1134	primary	primary	alignment	low_base_quality	6
SRR23343457	AL_Shangrila	1134	primary	primary	fragment	conflicting_mates	0
SRR23343457	AL_Shangrila	1134	primary	primary	fragment	independent_eligible	30
SRR23343458	AL_Shangrila	1134	primary	primary	alignment	duplicate	7
SRR23343458	AL_Shangrila	1134	primary	primary	alignment	eligible	35
SRR23343458	AL_Shangrila	1134	primary	primary	alignment	incomplete_codon	1
SRR23343458	AL_Shangrila	1134	primary	primary	alignment	low_base_quality	8
SRR23343458	AL_Shangrila	1134	primary	primary	fragment	conflicting_mates	0
SRR23343458	AL_Shangrila	1134	primary	primary	fragment	independent_eligible	35
SRR23343459	AL_Shangrila	1134	primary	primary	alignment	duplicate	5
SRR23343459	AL_Shangrila	1134	primary	primary	alignment	eligible	19
SRR23343459	AL_Shangrila	1134	primary	primary	alignment	low_base_quality	5
SRR23343459	AL_Shangrila	1134	primary	primary	fragment	conflicting_mates	0
SRR23343459	AL_Shangrila	1134	primary	primary	fragment	independent_eligible	19
SRR23343460	AL_Shangrila	1134	primary	primary	alignment	duplicate	5
SRR23343460	AL_Shangrila	1134	primary	primary	alignment	eligible	38
SRR23343460	AL_Shangrila	1134	primary	primary	alignment	incomplete_codon	2
SRR23343460	AL_Shangrila	1134	primary	primary	alignment	low_base_quality	13
SRR23343460	AL_Shangrila	1134	primary	primary	fragment	conflicting_mates	0
SRR23343460	AL_Shangrila	1134	primary	primary	fragment	independent_eligible	36
SRR23343461	AL_Shangrila	1134	primary	primary	alignment	duplicate	3
SRR23343461	AL_Shangrila	1134	primary	primary	alignment	eligible	30
SRR23343461	AL_Shangrila	1134	primary	primary	alignment	incomplete_codon	3
SRR23343461	AL_Shangrila	1134	primary	primary	alignment	low_base_quality	6
SRR23343461	AL_Shangrila	1134	primary	primary	fragment	conflicting_mates	0
SRR23343461	AL_Shangrila	1134	primary	primary	fragment	independent_eligible	30
SRR23343462	AL_Shangrila	1134	primary	primary	alignment	duplicate	6
SRR23343462	AL_Shangrila	1134	primary	primary	alignment	eligible	46
SRR23343462	AL_Shangrila	1134	primary	primary	alignment	incomplete_codon	1
SRR23343462	AL_Shangrila	1134	primary	primary	alignment	low_base_quality	4
SRR23343462	AL_Shangrila	1134	primary	primary	fragment	conflicting_mates	0
SRR23343462	AL_Shangrila	1134	primary	primary	fragment	independent_eligible	44
SRR23343463	AL_Shangrila	1134	primary	primary	alignment	duplicate	9
SRR23343463	AL_Shangrila	1134	primary	primary	alignment	eligible	30
SRR23343463	AL_Shangrila	1134	primary	primary	alignment	low_base_quality	10
SRR23343463	AL_Shangrila	1134	primary	primary	fragment	conflicting_mates	0
SRR23343463	AL_Shangrila	1134	primary	primary	fragment	independent_eligible	29
SRR23343464	AL_Shangrila	1134	primary	primary	alignment	duplicate	5
SRR23343464	AL_Shangrila	1134	primary	primary	alignment	eligible	27
SRR23343464	AL_Shangrila	1134	primary	primary	alignment	low_base_quality	9
SRR23343464	AL_Shangrila	1134	primary	primary	fragment	conflicting_mates	0
SRR23343464	AL_Shangrila	1134	primary	primary	fragment	independent_eligible	27
SRR23343465	AL_Shangrila	1134	primary	primary	alignment	duplicate	6
SRR23343465	AL_Shangrila	1134	primary	primary	alignment	eligible	17
SRR23343465	AL_Shangrila	1134	primary	primary	alignment	incomplete_codon	1
SRR23343465	AL_Shangrila	1134	primary	primary	alignment	low_base_quality	4
SRR23343465	AL_Shangrila	1134	primary	primary	fragment	conflicting_mates	0
SRR23343465	AL_Shangrila	1134	primary	primary	fragment	independent_eligible	16
SRR23343466	AL_Shangrila	1134	primary	primary	alignment	duplicate	4
SRR23343466	AL_Shangrila	1134	primary	primary	alignment	eligible	32
SRR23343466	AL_Shangrila	1134	primary	primary	alignment	low_base_quality	5
SRR23343466	AL_Shangrila	1134	primary	primary	fragment	conflicting_mates	0
SRR23343466	AL_Shangrila	1134	primary	primary	fragment	independent_eligible	31
SRR23343467	AL_Shangrila	1134	primary	primary	alignment	duplicate	4
SRR23343467	AL_Shangrila	1134	primary	primary	alignment	eligible	36
SRR23343467	AL_Shangrila	1134	primary	primary	alignment	low_base_quality	15
SRR23343467	AL_Shangrila	1134	primary	primary	fragment	conflicting_mates	0
SRR23343467	AL_Shangrila	1134	primary	primary	fragment	independent_eligible	36
SRR23343468	AL_Shangrila	1134	primary	primary	alignment	duplicate	12
SRR23343468	AL_Shangrila	1134	primary	primary	alignment	eligible	40
SRR23343468	AL_Shangrila	1134	primary	primary	alignment	low_base_quality	14
SRR23343468	AL_Shangrila	1134	primary	primary	fragment	conflicting_mates	0
SRR23343468	AL_Shangrila	1134	primary	primary	fragment	independent_eligible	40
SRR23343469	AL_Shangrila	1134	primary	primary	alignment	duplicate	4
SRR23343469	AL_Shangrila	1134	primary	primary	alignment	eligible	29
SRR23343469	AL_Shangrila	1134	primary	primary	alignment	incomplete_codon	1
SRR23343469	AL_Shangrila	1134	primary	primary	alignment	low_base_quality	7
SRR23343469	AL_Shangrila	1134	primary	primary	fragment	conflicting_mates	0
SRR23343469	AL_Shangrila	1134	primary	primary	fragment	independent_eligible	28
SRR23343470	AL_Shangrila	1134	primary	primary	alignment	duplicate	5
SRR23343470	AL_Shangrila	1134	primary	primary	alignment	eligible	22
SRR23343470	AL_Shangrila	1134	primary	primary	alignment	incomplete_codon	2
SRR23343470	AL_Shangrila	1134	primary	primary	alignment	low_base_quality	8
SRR23343470	AL_Shangrila	1134	primary	primary	fragment	conflicting_mates	0
SRR23343470	AL_Shangrila	1134	primary	primary	fragment	independent_eligible	21
SRR23343471	AL_Shangrila	1134	primary	primary	alignment	duplicate	5
SRR23343471	AL_Shangrila	1134	primary	primary	alignment	eligible	31
SRR23343471	AL_Shangrila	1134	primary	primary	alignment	incomplete_codon	1
SRR23343471	AL_Shangrila	1134	primary	primary	alignment	low_base_quality	15
SRR23343471	AL_Shangrila	1134	primary	primary	fragment	conflicting_mates	0
SRR23343471	AL_Shangrila	1134	primary	primary	fragment	independent_eligible	31
SRR23343472	AL_Shangrila	1134	primary	primary	alignment	duplicate	10
SRR23343472	AL_Shangrila	1134	primary	primary	alignment	eligible	32
SRR23343472	AL_Shangrila	1134	primary	primary	alignment	incomplete_codon	3
SRR23343472	AL_Shangrila	1134	primary	primary	alignment	low_base_quality	5
SRR23343472	AL_Shangrila	1134	primary	primary	fragment	conflicting_mates	0
SRR23343472	AL_Shangrila	1134	primary	primary	fragment	independent_eligible	32
SRR23343473	AL_Shangrila	1134	primary	primary	alignment	duplicate	14
SRR23343473	AL_Shangrila	1134	primary	primary	alignment	eligible	62
SRR23343473	AL_Shangrila	1134	primary	primary	alignment	incomplete_codon	1
SRR23343473	AL_Shangrila	1134	primary	primary	alignment	low_base_quality	12
SRR23343473	AL_Shangrila	1134	primary	primary	fragment	conflicting_mates	0
SRR23343473	AL_Shangrila	1134	primary	primary	fragment	independent_eligible	60
SRR23343474	AL_Shangrila	1134	primary	primary	alignment	duplicate	4
SRR23343474	AL_Shangrila	1134	primary	primary	alignment	eligible	30
SRR23343474	AL_Shangrila	1134	primary	primary	alignment	incomplete_codon	1
SRR23343474	AL_Shangrila	1134	primary	primary	alignment	low_base_quality	5
SRR23343474	AL_Shangrila	1134	primary	primary	fragment	conflicting_mates	0
SRR23343474	AL_Shangrila	1134	primary	primary	fragment	independent_eligible	29
SRR23343475	AL_Shangrila	1134	primary	primary	alignment	duplicate	6
SRR23343475	AL_Shangrila	1134	primary	primary	alignment	eligible	27
SRR23343475	AL_Shangrila	1134	primary	primary	alignment	incomplete_codon	2
SRR23343475	AL_Shangrila	1134	primary	primary	alignment	low_base_quality	5
SRR23343475	AL_Shangrila	1134	primary	primary	fragment	conflicting_mates	0
SRR23343475	AL_Shangrila	1134	primary	primary	fragment	independent_eligible	27
SRR23343476	AL_Shangrila	1134	primary	primary	alignment	duplicate	2
SRR23343476	AL_Shangrila	1134	primary	primary	alignment	eligible	17
SRR23343476	AL_Shangrila	1134	primary	primary	alignment	incomplete_codon	1
SRR23343476	AL_Shangrila	1134	primary	primary	alignment	low_base_quality	7
SRR23343476	AL_Shangrila	1134	primary	primary	fragment	conflicting_mates	0
SRR23343476	AL_Shangrila	1134	primary	primary	fragment	independent_eligible	17
SRR23343477	AL_Shangrila	1134	primary	primary	alignment	duplicate	6
SRR23343477	AL_Shangrila	1134	primary	primary	alignment	eligible	35
SRR23343477	AL_Shangrila	1134	primary	primary	alignment	incomplete_codon	2
SRR23343477	AL_Shangrila	1134	primary	primary	alignment	low_base_quality	8
SRR23343477	AL_Shangrila	1134	primary	primary	fragment	conflicting_mates	0
SRR23343477	AL_Shangrila	1134	primary	primary	fragment	independent_eligible	32
SRR23343478	AL_Shangrila	1134	primary	primary	alignment	duplicate	3
SRR23343478	AL_Shangrila	1134	primary	primary	alignment	eligible	23
SRR23343478	AL_Shangrila	1134	primary	primary	alignment	incomplete_codon	1
SRR23343478	AL_Shangrila	1134	primary	primary	alignment	low_base_quality	8
SRR23343478	AL_Shangrila	1134	primary	primary	fragment	conflicting_mates	0
SRR23343478	AL_Shangrila	1134	primary	primary	fragment	independent_eligible	23
SRR23343479	AL_Shangrila	1134	primary	primary	alignment	duplicate	6
SRR23343479	AL_Shangrila	1134	primary	primary	alignment	eligible	24
SRR23343479	AL_Shangrila	1134	primary	primary	alignment	incomplete_codon	1
SRR23343479	AL_Shangrila	1134	primary	primary	alignment	low_base_quality	2
SRR23343479	AL_Shangrila	1134	primary	primary	fragment	conflicting_mates	0
SRR23343479	AL_Shangrila	1134	primary	primary	fragment	independent_eligible	24
SRR23343480	AL_Shangrila	1134	primary	primary	alignment	duplicate	11
SRR23343480	AL_Shangrila	1134	primary	primary	alignment	eligible	33
SRR23343480	AL_Shangrila	1134	primary	primary	alignment	incomplete_codon	1
SRR23343480	AL_Shangrila	1134	primary	primary	alignment	low_base_quality	5
SRR23343480	AL_Shangrila	1134	primary	primary	fragment	conflicting_mates	0
SRR23343480	AL_Shangrila	1134	primary	primary	fragment	independent_eligible	32
SRR23343481	AL_Shangrila	1134	primary	primary	alignment	duplicate	5
SRR23343481	AL_Shangrila	1134	primary	primary	alignment	eligible	24
SRR23343481	AL_Shangrila	1134	primary	primary	alignment	low_base_quality	5
SRR23343481	AL_Shangrila	1134	primary	primary	fragment	conflicting_mates	0
SRR23343481	AL_Shangrila	1134	primary	primary	fragment	independent_eligible	24
SRR23343482	AL_Shangrila	1134	primary	primary	alignment	duplicate	9
SRR23343482	AL_Shangrila	1134	primary	primary	alignment	eligible	27
SRR23343482	AL_Shangrila	1134	primary	primary	alignment	low_base_quality	7
SRR23343482	AL_Shangrila	1134	primary	primary	fragment	conflicting_mates	0
SRR23343482	AL_Shangrila	1134	primary	primary	fragment	independent_eligible	26
SRR23343483	AL_Shangrila	1134	primary	primary	alignment	duplicate	6
SRR23343483	AL_Shangrila	1134	primary	primary	alignment	eligible	24
SRR23343483	AL_Shangrila	1134	primary	primary	alignment	low_base_quality	7
SRR23343483	AL_Shangrila	1134	primary	primary	fragment	conflicting_mates	0
SRR23343483	AL_Shangrila	1134	primary	primary	fragment	independent_eligible	24
SRR23343484	AL_Shangrila	1134	primary	primary	alignment	duplicate	18
SRR23343484	AL_Shangrila	1134	primary	primary	alignment	eligible	51
SRR23343484	AL_Shangrila	1134	primary	primary	alignment	incomplete_codon	2
SRR23343484	AL_Shangrila	1134	primary	primary	alignment	low_base_quality	12
SRR23343484	AL_Shangrila	1134	primary	primary	fragment	conflicting_mates	0
SRR23343484	AL_Shangrila	1134	primary	primary	fragment	independent_eligible	49
SRR23343485	AL_Shangrila	1134	primary	primary	alignment	duplicate	7
SRR23343485	AL_Shangrila	1134	primary	primary	alignment	eligible	24
SRR23343485	AL_Shangrila	1134	primary	primary	alignment	low_base_quality	5
SRR23343485	AL_Shangrila	1134	primary	primary	fragment	conflicting_mates	0
SRR23343485	AL_Shangrila	1134	primary	primary	fragment	independent_eligible	23
SRR23343486	AL_Shangrila	1134	primary	primary	alignment	duplicate	12
SRR23343486	AL_Shangrila	1134	primary	primary	alignment	eligible	35
SRR23343486	AL_Shangrila	1134	primary	primary	alignment	incomplete_codon	2
SRR23343486	AL_Shangrila	1134	primary	primary	alignment	low_base_quality	5
SRR23343486	AL_Shangrila	1134	primary	primary	fragment	conflicting_mates	0
SRR23343486	AL_Shangrila	1134	primary	primary	fragment	independent_eligible	31
SRR23343487	AL_Shangrila	1134	primary	primary	alignment	duplicate	9
SRR23343487	AL_Shangrila	1134	primary	primary	alignment	eligible	34
SRR23343487	AL_Shangrila	1134	primary	primary	alignment	incomplete_codon	2
SRR23343487	AL_Shangrila	1134	primary	primary	alignment	low_base_quality	3
SRR23343487	AL_Shangrila	1134	primary	primary	fragment	conflicting_mates	0
SRR23343487	AL_Shangrila	1134	primary	primary	fragment	independent_eligible	33
SRR23343488	AL_Shangrila	1134	primary	primary	alignment	duplicate	4
SRR23343488	AL_Shangrila	1134	primary	primary	alignment	eligible	27
SRR23343488	AL_Shangrila	1134	primary	primary	alignment	incomplete_codon	1
SRR23343488	AL_Shangrila	1134	primary	primary	alignment	low_base_quality	3
SRR23343488	AL_Shangrila	1134	primary	primary	fragment	conflicting_mates	0
SRR23343488	AL_Shangrila	1134	primary	primary	fragment	independent_eligible	27
SRR23343489	AL_Shangrila	1134	primary	primary	alignment	duplicate	7
SRR23343489	AL_Shangrila	1134	primary	primary	alignment	eligible	33
SRR23343489	AL_Shangrila	1134	primary	primary	alignment	incomplete_codon	1
SRR23343489	AL_Shangrila	1134	primary	primary	alignment	low_base_quality	7
SRR23343489	AL_Shangrila	1134	primary	primary	fragment	conflicting_mates	0
SRR23343489	AL_Shangrila	1134	primary	primary	fragment	independent_eligible	33
SRR23343490	AL_Shangrila	1134	primary	primary	alignment	duplicate	2
SRR23343490	AL_Shangrila	1134	primary	primary	alignment	eligible	22
SRR23343490	AL_Shangrila	1134	primary	primary	alignment	incomplete_codon	1
SRR23343490	AL_Shangrila	1134	primary	primary	alignment	low_base_quality	3
SRR23343490	AL_Shangrila	1134	primary	primary	fragment	conflicting_mates	0
SRR23343490	AL_Shangrila	1134	primary	primary	fragment	independent_eligible	22
SRR23343491	AL_Shangrila	1134	primary	primary	alignment	duplicate	1
SRR23343491	AL_Shangrila	1134	primary	primary	alignment	eligible	24
SRR23343491	AL_Shangrila	1134	primary	primary	alignment	incomplete_codon	1
SRR23343491	AL_Shangrila	1134	primary	primary	alignment	low_base_quality	5
SRR23343491	AL_Shangrila	1134	primary	primary	fragment	conflicting_mates	0
SRR23343491	AL_Shangrila	1134	primary	primary	fragment	independent_eligible	22
SRR23343492	AL_Shangrila	1134	primary	primary	alignment	duplicate	7
SRR23343492	AL_Shangrila	1134	primary	primary	alignment	eligible	36
SRR23343492	AL_Shangrila	1134	primary	primary	alignment	low_base_quality	4
SRR23343492	AL_Shangrila	1134	primary	primary	fragment	conflicting_mates	0
SRR23343492	AL_Shangrila	1134	primary	primary	fragment	independent_eligible	35
SRR23343493	AL_Shangrila	1134	primary	primary	alignment	duplicate	4
SRR23343493	AL_Shangrila	1134	primary	primary	alignment	eligible	19
SRR23343493	AL_Shangrila	1134	primary	primary	alignment	incomplete_codon	2
SRR23343493	AL_Shangrila	1134	primary	primary	alignment	low_base_quality	6
SRR23343493	AL_Shangrila	1134	primary	primary	fragment	conflicting_mates	0
SRR23343493	AL_Shangrila	1134	primary	primary	fragment	independent_eligible	18
SRR23343494	AL_Shangrila	1134	primary	primary	alignment	duplicate	8
SRR23343494	AL_Shangrila	1134	primary	primary	alignment	eligible	40
SRR23343494	AL_Shangrila	1134	primary	primary	alignment	low_base_quality	5
SRR23343494	AL_Shangrila	1134	primary	primary	fragment	conflicting_mates	0
SRR23343494	AL_Shangrila	1134	primary	primary	fragment	independent_eligible	38
SRR23343438	AL_Shangrila	254	primary	sensitivity	alignment	duplicate	11
SRR23343438	AL_Shangrila	254	primary	sensitivity	alignment	eligible	39
SRR23343438	AL_Shangrila	254	primary	sensitivity	alignment	incomplete_codon	2
SRR23343438	AL_Shangrila	254	primary	sensitivity	alignment	low_base_quality	3
SRR23343438	AL_Shangrila	254	primary	sensitivity	fragment	conflicting_mates	0
SRR23343438	AL_Shangrila	254	primary	sensitivity	fragment	independent_eligible	38
SRR23343439	AL_Shangrila	254	primary	sensitivity	alignment	duplicate	10
SRR23343439	AL_Shangrila	254	primary	sensitivity	alignment	eligible	29
SRR23343439	AL_Shangrila	254	primary	sensitivity	alignment	incomplete_codon	2
SRR23343439	AL_Shangrila	254	primary	sensitivity	alignment	low_base_quality	1
SRR23343439	AL_Shangrila	254	primary	sensitivity	fragment	conflicting_mates	0
SRR23343439	AL_Shangrila	254	primary	sensitivity	fragment	independent_eligible	29
SRR23343440	AL_Shangrila	254	primary	sensitivity	alignment	duplicate	8
SRR23343440	AL_Shangrila	254	primary	sensitivity	alignment	eligible	36
SRR23343440	AL_Shangrila	254	primary	sensitivity	alignment	low_base_quality	2
SRR23343440	AL_Shangrila	254	primary	sensitivity	fragment	conflicting_mates	0
SRR23343440	AL_Shangrila	254	primary	sensitivity	fragment	independent_eligible	36
SRR23343441	AL_Shangrila	254	primary	sensitivity	alignment	duplicate	9
SRR23343441	AL_Shangrila	254	primary	sensitivity	alignment	eligible	32
SRR23343441	AL_Shangrila	254	primary	sensitivity	alignment	incomplete_codon	1
SRR23343441	AL_Shangrila	254	primary	sensitivity	alignment	low_base_quality	1
SRR23343441	AL_Shangrila	254	primary	sensitivity	fragment	conflicting_mates	0
SRR23343441	AL_Shangrila	254	primary	sensitivity	fragment	independent_eligible	29
SRR23343442	AL_Shangrila	254	primary	sensitivity	alignment	duplicate	5
SRR23343442	AL_Shangrila	254	primary	sensitivity	alignment	eligible	35
SRR23343442	AL_Shangrila	254	primary	sensitivity	alignment	incomplete_codon	1
SRR23343442	AL_Shangrila	254	primary	sensitivity	alignment	low_base_quality	5
SRR23343442	AL_Shangrila	254	primary	sensitivity	fragment	conflicting_mates	0
SRR23343442	AL_Shangrila	254	primary	sensitivity	fragment	independent_eligible	34
SRR23343443	AL_Shangrila	254	primary	sensitivity	alignment	duplicate	6
SRR23343443	AL_Shangrila	254	primary	sensitivity	alignment	eligible	27
SRR23343443	AL_Shangrila	254	primary	sensitivity	alignment	low_base_quality	2
SRR23343443	AL_Shangrila	254	primary	sensitivity	fragment	conflicting_mates	0
SRR23343443	AL_Shangrila	254	primary	sensitivity	fragment	independent_eligible	23
SRR23343444	AL_Shangrila	254	primary	sensitivity	alignment	duplicate	4
SRR23343444	AL_Shangrila	254	primary	sensitivity	alignment	eligible	27
SRR23343444	AL_Shangrila	254	primary	sensitivity	alignment	incomplete_codon	1
SRR23343444	AL_Shangrila	254	primary	sensitivity	alignment	low_base_quality	2
SRR23343444	AL_Shangrila	254	primary	sensitivity	fragment	conflicting_mates	0
SRR23343444	AL_Shangrila	254	primary	sensitivity	fragment	independent_eligible	27
SRR23343445	AL_Shangrila	254	primary	sensitivity	alignment	duplicate	6
SRR23343445	AL_Shangrila	254	primary	sensitivity	alignment	eligible	45
SRR23343445	AL_Shangrila	254	primary	sensitivity	alignment	incomplete_codon	3
SRR23343445	AL_Shangrila	254	primary	sensitivity	alignment	low_base_quality	4
SRR23343445	AL_Shangrila	254	primary	sensitivity	fragment	conflicting_mates	0
SRR23343445	AL_Shangrila	254	primary	sensitivity	fragment	independent_eligible	45
SRR23343446	AL_Shangrila	254	primary	sensitivity	alignment	eligible	22
SRR23343446	AL_Shangrila	254	primary	sensitivity	alignment	low_base_quality	4
SRR23343446	AL_Shangrila	254	primary	sensitivity	fragment	conflicting_mates	0
SRR23343446	AL_Shangrila	254	primary	sensitivity	fragment	independent_eligible	22
SRR23343447	AL_Shangrila	254	primary	sensitivity	alignment	duplicate	9
SRR23343447	AL_Shangrila	254	primary	sensitivity	alignment	eligible	33
SRR23343447	AL_Shangrila	254	primary	sensitivity	alignment	incomplete_codon	1
SRR23343447	AL_Shangrila	254	primary	sensitivity	alignment	low_base_quality	1
SRR23343447	AL_Shangrila	254	primary	sensitivity	fragment	conflicting_mates	0
SRR23343447	AL_Shangrila	254	primary	sensitivity	fragment	independent_eligible	32
SRR23343448	AL_Shangrila	254	primary	sensitivity	alignment	duplicate	5
SRR23343448	AL_Shangrila	254	primary	sensitivity	alignment	eligible	37
SRR23343448	AL_Shangrila	254	primary	sensitivity	alignment	low_base_quality	4
SRR23343448	AL_Shangrila	254	primary	sensitivity	fragment	conflicting_mates	0
SRR23343448	AL_Shangrila	254	primary	sensitivity	fragment	independent_eligible	37
SRR23343449	AL_Shangrila	254	primary	sensitivity	alignment	duplicate	7
SRR23343449	AL_Shangrila	254	primary	sensitivity	alignment	eligible	28
SRR23343449	AL_Shangrila	254	primary	sensitivity	alignment	incomplete_codon	1
SRR23343449	AL_Shangrila	254	primary	sensitivity	alignment	low_base_quality	4
SRR23343449	AL_Shangrila	254	primary	sensitivity	alignment	unmapped	1
SRR23343449	AL_Shangrila	254	primary	sensitivity	fragment	conflicting_mates	0
SRR23343449	AL_Shangrila	254	primary	sensitivity	fragment	independent_eligible	26
SRR23343450	AL_Shangrila	254	primary	sensitivity	alignment	duplicate	7
SRR23343450	AL_Shangrila	254	primary	sensitivity	alignment	eligible	42
SRR23343450	AL_Shangrila	254	primary	sensitivity	alignment	incomplete_codon	1
SRR23343450	AL_Shangrila	254	primary	sensitivity	alignment	low_base_quality	2
SRR23343450	AL_Shangrila	254	primary	sensitivity	fragment	conflicting_mates	0
SRR23343450	AL_Shangrila	254	primary	sensitivity	fragment	independent_eligible	40
SRR23343451	AL_Shangrila	254	primary	sensitivity	alignment	duplicate	4
SRR23343451	AL_Shangrila	254	primary	sensitivity	alignment	eligible	28
SRR23343451	AL_Shangrila	254	primary	sensitivity	alignment	low_base_quality	1
SRR23343451	AL_Shangrila	254	primary	sensitivity	fragment	conflicting_mates	0
SRR23343451	AL_Shangrila	254	primary	sensitivity	fragment	independent_eligible	28
SRR23343452	AL_Shangrila	254	primary	sensitivity	alignment	duplicate	5
SRR23343452	AL_Shangrila	254	primary	sensitivity	alignment	eligible	29
SRR23343452	AL_Shangrila	254	primary	sensitivity	alignment	incomplete_codon	2
SRR23343452	AL_Shangrila	254	primary	sensitivity	alignment	low_base_quality	2
SRR23343452	AL_Shangrila	254	primary	sensitivity	fragment	conflicting_mates	0
SRR23343452	AL_Shangrila	254	primary	sensitivity	fragment	independent_eligible	28
SRR23343453	AL_Shangrila	254	primary	sensitivity	alignment	eligible	13
SRR23343453	AL_Shangrila	254	primary	sensitivity	alignment	low_base_quality	1
SRR23343453	AL_Shangrila	254	primary	sensitivity	fragment	conflicting_mates	0
SRR23343453	AL_Shangrila	254	primary	sensitivity	fragment	independent_eligible	13
SRR23343454	AL_Shangrila	254	primary	sensitivity	alignment	duplicate	3
SRR23343454	AL_Shangrila	254	primary	sensitivity	alignment	eligible	36
SRR23343454	AL_Shangrila	254	primary	sensitivity	alignment	low_base_quality	4
SRR23343454	AL_Shangrila	254	primary	sensitivity	fragment	conflicting_mates	0
SRR23343454	AL_Shangrila	254	primary	sensitivity	fragment	independent_eligible	35
SRR23343455	AL_Shangrila	254	primary	sensitivity	alignment	duplicate	1
SRR23343455	AL_Shangrila	254	primary	sensitivity	alignment	eligible	4
SRR23343455	AL_Shangrila	254	primary	sensitivity	fragment	conflicting_mates	0
SRR23343455	AL_Shangrila	254	primary	sensitivity	fragment	independent_eligible	4
SRR23343456	AL_Shangrila	254	primary	sensitivity	alignment	duplicate	6
SRR23343456	AL_Shangrila	254	primary	sensitivity	alignment	eligible	30
SRR23343456	AL_Shangrila	254	primary	sensitivity	alignment	low_base_quality	2
SRR23343456	AL_Shangrila	254	primary	sensitivity	fragment	conflicting_mates	0
SRR23343456	AL_Shangrila	254	primary	sensitivity	fragment	independent_eligible	30
SRR23343457	AL_Shangrila	254	primary	sensitivity	alignment	duplicate	10
SRR23343457	AL_Shangrila	254	primary	sensitivity	alignment	eligible	35
SRR23343457	AL_Shangrila	254	primary	sensitivity	alignment	low_base_quality	1
SRR23343457	AL_Shangrila	254	primary	sensitivity	fragment	conflicting_mates	0
SRR23343457	AL_Shangrila	254	primary	sensitivity	fragment	independent_eligible	34
SRR23343458	AL_Shangrila	254	primary	sensitivity	alignment	duplicate	9
SRR23343458	AL_Shangrila	254	primary	sensitivity	alignment	eligible	37
SRR23343458	AL_Shangrila	254	primary	sensitivity	alignment	incomplete_codon	1
SRR23343458	AL_Shangrila	254	primary	sensitivity	fragment	conflicting_mates	0
SRR23343458	AL_Shangrila	254	primary	sensitivity	fragment	independent_eligible	36
SRR23343459	AL_Shangrila	254	primary	sensitivity	alignment	duplicate	4
SRR23343459	AL_Shangrila	254	primary	sensitivity	alignment	eligible	21
SRR23343459	AL_Shangrila	254	primary	sensitivity	alignment	low_base_quality	4
SRR23343459	AL_Shangrila	254	primary	sensitivity	fragment	conflicting_mates	0
SRR23343459	AL_Shangrila	254	primary	sensitivity	fragment	independent_eligible	21
SRR23343460	AL_Shangrila	254	primary	sensitivity	alignment	duplicate	5
SRR23343460	AL_Shangrila	254	primary	sensitivity	alignment	eligible	27
SRR23343460	AL_Shangrila	254	primary	sensitivity	alignment	low_base_quality	3
SRR23343460	AL_Shangrila	254	primary	sensitivity	fragment	conflicting_mates	0
SRR23343460	AL_Shangrila	254	primary	sensitivity	fragment	independent_eligible	27
SRR23343461	AL_Shangrila	254	primary	sensitivity	alignment	duplicate	7
SRR23343461	AL_Shangrila	254	primary	sensitivity	alignment	eligible	38
SRR23343461	AL_Shangrila	254	primary	sensitivity	alignment	incomplete_codon	2
SRR23343461	AL_Shangrila	254	primary	sensitivity	alignment	low_base_quality	3
SRR23343461	AL_Shangrila	254	primary	sensitivity	fragment	conflicting_mates	0
SRR23343461	AL_Shangrila	254	primary	sensitivity	fragment	independent_eligible	36
SRR23343462	AL_Shangrila	254	primary	sensitivity	alignment	duplicate	9
SRR23343462	AL_Shangrila	254	primary	sensitivity	alignment	eligible	45
SRR23343462	AL_Shangrila	254	primary	sensitivity	alignment	incomplete_codon	2
SRR23343462	AL_Shangrila	254	primary	sensitivity	alignment	low_base_quality	1
SRR23343462	AL_Shangrila	254	primary	sensitivity	fragment	conflicting_mates	0
SRR23343462	AL_Shangrila	254	primary	sensitivity	fragment	independent_eligible	45
SRR23343463	AL_Shangrila	254	primary	sensitivity	alignment	duplicate	6
SRR23343463	AL_Shangrila	254	primary	sensitivity	alignment	eligible	30
SRR23343463	AL_Shangrila	254	primary	sensitivity	alignment	low_base_quality	1
SRR23343463	AL_Shangrila	254	primary	sensitivity	fragment	conflicting_mates	0
SRR23343463	AL_Shangrila	254	primary	sensitivity	fragment	independent_eligible	29
SRR23343464	AL_Shangrila	254	primary	sensitivity	alignment	duplicate	3
SRR23343464	AL_Shangrila	254	primary	sensitivity	alignment	eligible	28
SRR23343464	AL_Shangrila	254	primary	sensitivity	alignment	low_base_quality	1
SRR23343464	AL_Shangrila	254	primary	sensitivity	fragment	conflicting_mates	0
SRR23343464	AL_Shangrila	254	primary	sensitivity	fragment	independent_eligible	28
SRR23343465	AL_Shangrila	254	primary	sensitivity	alignment	duplicate	5
SRR23343465	AL_Shangrila	254	primary	sensitivity	alignment	eligible	15
SRR23343465	AL_Shangrila	254	primary	sensitivity	alignment	incomplete_codon	1
SRR23343465	AL_Shangrila	254	primary	sensitivity	alignment	low_base_quality	1
SRR23343465	AL_Shangrila	254	primary	sensitivity	fragment	conflicting_mates	0
SRR23343465	AL_Shangrila	254	primary	sensitivity	fragment	independent_eligible	15
SRR23343466	AL_Shangrila	254	primary	sensitivity	alignment	duplicate	8
SRR23343466	AL_Shangrila	254	primary	sensitivity	alignment	eligible	33
SRR23343466	AL_Shangrila	254	primary	sensitivity	alignment	low_base_quality	3
SRR23343466	AL_Shangrila	254	primary	sensitivity	fragment	conflicting_mates	0
SRR23343466	AL_Shangrila	254	primary	sensitivity	fragment	independent_eligible	33
SRR23343467	AL_Shangrila	254	primary	sensitivity	alignment	duplicate	9
SRR23343467	AL_Shangrila	254	primary	sensitivity	alignment	eligible	35
SRR23343467	AL_Shangrila	254	primary	sensitivity	alignment	low_base_quality	5
SRR23343467	AL_Shangrila	254	primary	sensitivity	fragment	conflicting_mates	0
SRR23343467	AL_Shangrila	254	primary	sensitivity	fragment	independent_eligible	35
SRR23343468	AL_Shangrila	254	primary	sensitivity	alignment	duplicate	7
SRR23343468	AL_Shangrila	254	primary	sensitivity	alignment	eligible	31
SRR23343468	AL_Shangrila	254	primary	sensitivity	alignment	incomplete_codon	2
SRR23343468	AL_Shangrila	254	primary	sensitivity	alignment	low_base_quality	3
SRR23343468	AL_Shangrila	254	primary	sensitivity	fragment	conflicting_mates	0
SRR23343468	AL_Shangrila	254	primary	sensitivity	fragment	independent_eligible	29
SRR23343469	AL_Shangrila	254	primary	sensitivity	alignment	duplicate	2
SRR23343469	AL_Shangrila	254	primary	sensitivity	alignment	eligible	23
SRR23343469	AL_Shangrila	254	primary	sensitivity	alignment	low_base_quality	1
SRR23343469	AL_Shangrila	254	primary	sensitivity	fragment	conflicting_mates	0
SRR23343469	AL_Shangrila	254	primary	sensitivity	fragment	independent_eligible	22
SRR23343470	AL_Shangrila	254	primary	sensitivity	alignment	duplicate	4
SRR23343470	AL_Shangrila	254	primary	sensitivity	alignment	eligible	22
SRR23343470	AL_Shangrila	254	primary	sensitivity	alignment	low_base_quality	4
SRR23343470	AL_Shangrila	254	primary	sensitivity	fragment	conflicting_mates	0
SRR23343470	AL_Shangrila	254	primary	sensitivity	fragment	independent_eligible	22
SRR23343471	AL_Shangrila	254	primary	sensitivity	alignment	duplicate	4
SRR23343471	AL_Shangrila	254	primary	sensitivity	alignment	eligible	22
SRR23343471	AL_Shangrila	254	primary	sensitivity	alignment	low_base_quality	3
SRR23343471	AL_Shangrila	254	primary	sensitivity	fragment	conflicting_mates	0
SRR23343471	AL_Shangrila	254	primary	sensitivity	fragment	independent_eligible	22
SRR23343472	AL_Shangrila	254	primary	sensitivity	alignment	duplicate	3
SRR23343472	AL_Shangrila	254	primary	sensitivity	alignment	eligible	26
SRR23343472	AL_Shangrila	254	primary	sensitivity	alignment	low_base_quality	3
SRR23343472	AL_Shangrila	254	primary	sensitivity	fragment	conflicting_mates	0
SRR23343472	AL_Shangrila	254	primary	sensitivity	fragment	independent_eligible	25
SRR23343473	AL_Shangrila	254	primary	sensitivity	alignment	duplicate	7
SRR23343473	AL_Shangrila	254	primary	sensitivity	alignment	eligible	52
SRR23343473	AL_Shangrila	254	primary	sensitivity	alignment	low_base_quality	2
SRR23343473	AL_Shangrila	254	primary	sensitivity	fragment	conflicting_mates	0
SRR23343473	AL_Shangrila	254	primary	sensitivity	fragment	independent_eligible	51
SRR23343474	AL_Shangrila	254	primary	sensitivity	alignment	duplicate	3
SRR23343474	AL_Shangrila	254	primary	sensitivity	alignment	eligible	19
SRR23343474	AL_Shangrila	254	primary	sensitivity	alignment	incomplete_codon	1
SRR23343474	AL_Shangrila	254	primary	sensitivity	alignment	low_base_quality	2
SRR23343474	AL_Shangrila	254	primary	sensitivity	fragment	conflicting_mates	0
SRR23343474	AL_Shangrila	254	primary	sensitivity	fragment	independent_eligible	19
SRR23343475	AL_Shangrila	254	primary	sensitivity	alignment	duplicate	10
SRR23343475	AL_Shangrila	254	primary	sensitivity	alignment	eligible	43
SRR23343475	AL_Shangrila	254	primary	sensitivity	alignment	low_base_quality	3
SRR23343475	AL_Shangrila	254	primary	sensitivity	fragment	conflicting_mates	0
SRR23343475	AL_Shangrila	254	primary	sensitivity	fragment	independent_eligible	43
SRR23343476	AL_Shangrila	254	primary	sensitivity	alignment	duplicate	7
SRR23343476	AL_Shangrila	254	primary	sensitivity	alignment	eligible	20
SRR23343476	AL_Shangrila	254	primary	sensitivity	alignment	incomplete_codon	2
SRR23343476	AL_Shangrila	254	primary	sensitivity	alignment	low_base_quality	1
SRR23343476	AL_Shangrila	254	primary	sensitivity	fragment	conflicting_mates	0
SRR23343476	AL_Shangrila	254	primary	sensitivity	fragment	independent_eligible	20
SRR23343477	AL_Shangrila	254	primary	sensitivity	alignment	duplicate	5
SRR23343477	AL_Shangrila	254	primary	sensitivity	alignment	eligible	31
SRR23343477	AL_Shangrila	254	primary	sensitivity	alignment	incomplete_codon	1
SRR23343477	AL_Shangrila	254	primary	sensitivity	alignment	low_base_quality	1
SRR23343477	AL_Shangrila	254	primary	sensitivity	fragment	conflicting_mates	0
SRR23343477	AL_Shangrila	254	primary	sensitivity	fragment	independent_eligible	31
SRR23343478	AL_Shangrila	254	primary	sensitivity	alignment	duplicate	9
SRR23343478	AL_Shangrila	254	primary	sensitivity	alignment	eligible	27
SRR23343478	AL_Shangrila	254	primary	sensitivity	alignment	incomplete_codon	2
SRR23343478	AL_Shangrila	254	primary	sensitivity	alignment	low_base_quality	4
SRR23343478	AL_Shangrila	254	primary	sensitivity	fragment	conflicting_mates	0
SRR23343478	AL_Shangrila	254	primary	sensitivity	fragment	independent_eligible	26
SRR23343479	AL_Shangrila	254	primary	sensitivity	alignment	duplicate	9
SRR23343479	AL_Shangrila	254	primary	sensitivity	alignment	eligible	37
SRR23343479	AL_Shangrila	254	primary	sensitivity	alignment	incomplete_codon	1
SRR23343479	AL_Shangrila	254	primary	sensitivity	alignment	low_base_quality	7
SRR23343479	AL_Shangrila	254	primary	sensitivity	alignment	low_mapping_quality	1
SRR23343479	AL_Shangrila	254	primary	sensitivity	fragment	conflicting_mates	0
SRR23343479	AL_Shangrila	254	primary	sensitivity	fragment	independent_eligible	37
SRR23343480	AL_Shangrila	254	primary	sensitivity	alignment	duplicate	12
SRR23343480	AL_Shangrila	254	primary	sensitivity	alignment	eligible	24
SRR23343480	AL_Shangrila	254	primary	sensitivity	alignment	low_base_quality	1
SRR23343480	AL_Shangrila	254	primary	sensitivity	fragment	conflicting_mates	0
SRR23343480	AL_Shangrila	254	primary	sensitivity	fragment	independent_eligible	24
SRR23343481	AL_Shangrila	254	primary	sensitivity	alignment	duplicate	6
SRR23343481	AL_Shangrila	254	primary	sensitivity	alignment	eligible	19
SRR23343481	AL_Shangrila	254	primary	sensitivity	alignment	incomplete_codon	1
SRR23343481	AL_Shangrila	254	primary	sensitivity	alignment	low_base_quality	1
SRR23343481	AL_Shangrila	254	primary	sensitivity	fragment	conflicting_mates	0
SRR23343481	AL_Shangrila	254	primary	sensitivity	fragment	independent_eligible	19
SRR23343482	AL_Shangrila	254	primary	sensitivity	alignment	duplicate	8
SRR23343482	AL_Shangrila	254	primary	sensitivity	alignment	eligible	32
SRR23343482	AL_Shangrila	254	primary	sensitivity	alignment	incomplete_codon	1
SRR23343482	AL_Shangrila	254	primary	sensitivity	alignment	low_base_quality	1
SRR23343482	AL_Shangrila	254	primary	sensitivity	fragment	conflicting_mates	0
SRR23343482	AL_Shangrila	254	primary	sensitivity	fragment	independent_eligible	31
SRR23343483	AL_Shangrila	254	primary	sensitivity	alignment	duplicate	8
SRR23343483	AL_Shangrila	254	primary	sensitivity	alignment	eligible	24
SRR23343483	AL_Shangrila	254	primary	sensitivity	alignment	low_base_quality	1
SRR23343483	AL_Shangrila	254	primary	sensitivity	fragment	conflicting_mates	0
SRR23343483	AL_Shangrila	254	primary	sensitivity	fragment	independent_eligible	22
SRR23343484	AL_Shangrila	254	primary	sensitivity	alignment	duplicate	2
SRR23343484	AL_Shangrila	254	primary	sensitivity	alignment	eligible	33
SRR23343484	AL_Shangrila	254	primary	sensitivity	alignment	incomplete_codon	3
SRR23343484	AL_Shangrila	254	primary	sensitivity	alignment	low_base_quality	2
SRR23343484	AL_Shangrila	254	primary	sensitivity	fragment	conflicting_mates	0
SRR23343484	AL_Shangrila	254	primary	sensitivity	fragment	independent_eligible	32
SRR23343485	AL_Shangrila	254	primary	sensitivity	alignment	duplicate	7
SRR23343485	AL_Shangrila	254	primary	sensitivity	alignment	eligible	26
SRR23343485	AL_Shangrila	254	primary	sensitivity	alignment	incomplete_codon	1
SRR23343485	AL_Shangrila	254	primary	sensitivity	alignment	low_base_quality	1
SRR23343485	AL_Shangrila	254	primary	sensitivity	fragment	conflicting_mates	0
SRR23343485	AL_Shangrila	254	primary	sensitivity	fragment	independent_eligible	25
SRR23343486	AL_Shangrila	254	primary	sensitivity	alignment	duplicate	10
SRR23343486	AL_Shangrila	254	primary	sensitivity	alignment	eligible	37
SRR23343486	AL_Shangrila	254	primary	sensitivity	alignment	low_base_quality	3
SRR23343486	AL_Shangrila	254	primary	sensitivity	fragment	conflicting_mates	0
SRR23343486	AL_Shangrila	254	primary	sensitivity	fragment	independent_eligible	36
SRR23343487	AL_Shangrila	254	primary	sensitivity	alignment	duplicate	4
SRR23343487	AL_Shangrila	254	primary	sensitivity	alignment	eligible	26
SRR23343487	AL_Shangrila	254	primary	sensitivity	alignment	low_base_quality	5
SRR23343487	AL_Shangrila	254	primary	sensitivity	fragment	conflicting_mates	0
SRR23343487	AL_Shangrila	254	primary	sensitivity	fragment	independent_eligible	26
SRR23343488	AL_Shangrila	254	primary	sensitivity	alignment	duplicate	5
SRR23343488	AL_Shangrila	254	primary	sensitivity	alignment	eligible	25
SRR23343488	AL_Shangrila	254	primary	sensitivity	alignment	incomplete_codon	1
SRR23343488	AL_Shangrila	254	primary	sensitivity	fragment	conflicting_mates	0
SRR23343488	AL_Shangrila	254	primary	sensitivity	fragment	independent_eligible	25
SRR23343489	AL_Shangrila	254	primary	sensitivity	alignment	duplicate	7
SRR23343489	AL_Shangrila	254	primary	sensitivity	alignment	eligible	37
SRR23343489	AL_Shangrila	254	primary	sensitivity	alignment	incomplete_codon	1
SRR23343489	AL_Shangrila	254	primary	sensitivity	fragment	conflicting_mates	0
SRR23343489	AL_Shangrila	254	primary	sensitivity	fragment	independent_eligible	37
SRR23343490	AL_Shangrila	254	primary	sensitivity	alignment	duplicate	9
SRR23343490	AL_Shangrila	254	primary	sensitivity	alignment	eligible	26
SRR23343490	AL_Shangrila	254	primary	sensitivity	alignment	incomplete_codon	1
SRR23343490	AL_Shangrila	254	primary	sensitivity	alignment	low_base_quality	2
SRR23343490	AL_Shangrila	254	primary	sensitivity	fragment	conflicting_mates	0
SRR23343490	AL_Shangrila	254	primary	sensitivity	fragment	independent_eligible	25
SRR23343491	AL_Shangrila	254	primary	sensitivity	alignment	duplicate	8
SRR23343491	AL_Shangrila	254	primary	sensitivity	alignment	eligible	31
SRR23343491	AL_Shangrila	254	primary	sensitivity	alignment	incomplete_codon	2
SRR23343491	AL_Shangrila	254	primary	sensitivity	alignment	low_base_quality	2
SRR23343491	AL_Shangrila	254	primary	sensitivity	fragment	conflicting_mates	0
SRR23343491	AL_Shangrila	254	primary	sensitivity	fragment	independent_eligible	30
SRR23343492	AL_Shangrila	254	primary	sensitivity	alignment	duplicate	2
SRR23343492	AL_Shangrila	254	primary	sensitivity	alignment	eligible	41
SRR23343492	AL_Shangrila	254	primary	sensitivity	alignment	low_base_quality	5
SRR23343492	AL_Shangrila	254	primary	sensitivity	fragment	conflicting_mates	0
SRR23343492	AL_Shangrila	254	primary	sensitivity	fragment	independent_eligible	39
SRR23343493	AL_Shangrila	254	primary	sensitivity	alignment	duplicate	7
SRR23343493	AL_Shangrila	254	primary	sensitivity	alignment	eligible	22
SRR23343493	AL_Shangrila	254	primary	sensitivity	alignment	low_base_quality	4
SRR23343493	AL_Shangrila	254	primary	sensitivity	fragment	conflicting_mates	0
SRR23343493	AL_Shangrila	254	primary	sensitivity	fragment	independent_eligible	22
SRR23343494	AL_Shangrila	254	primary	sensitivity	alignment	duplicate	4
SRR23343494	AL_Shangrila	254	primary	sensitivity	alignment	eligible	27
SRR23343494	AL_Shangrila	254	primary	sensitivity	alignment	low_base_quality	3
SRR23343494	AL_Shangrila	254	primary	sensitivity	fragment	conflicting_mates	0
SRR23343494	AL_Shangrila	254	primary	sensitivity	fragment	independent_eligible	26
SRR23343438	AL_Shangrila	452	within_species_comparison	sensitivity	alignment	duplicate	14
SRR23343438	AL_Shangrila	452	within_species_comparison	sensitivity	alignment	eligible	47
SRR23343438	AL_Shangrila	452	within_species_comparison	sensitivity	alignment	incomplete_codon	3
SRR23343438	AL_Shangrila	452	within_species_comparison	sensitivity	alignment	low_base_quality	6
SRR23343438	AL_Shangrila	452	within_species_comparison	sensitivity	fragment	conflicting_mates	0
SRR23343438	AL_Shangrila	452	within_species_comparison	sensitivity	fragment	independent_eligible	45
SRR23343439	AL_Shangrila	452	within_species_comparison	sensitivity	alignment	duplicate	7
SRR23343439	AL_Shangrila	452	within_species_comparison	sensitivity	alignment	eligible	32
SRR23343439	AL_Shangrila	452	within_species_comparison	sensitivity	alignment	low_base_quality	2
SRR23343439	AL_Shangrila	452	within_species_comparison	sensitivity	fragment	conflicting_mates	0
SRR23343439	AL_Shangrila	452	within_species_comparison	sensitivity	fragment	independent_eligible	31
SRR23343440	AL_Shangrila	452	within_species_comparison	sensitivity	alignment	duplicate	2
SRR23343440	AL_Shangrila	452	within_species_comparison	sensitivity	alignment	eligible	27
SRR23343440	AL_Shangrila	452	within_species_comparison	sensitivity	alignment	incomplete_codon	1
SRR23343440	AL_Shangrila	452	within_species_comparison	sensitivity	alignment	low_base_quality	2
SRR23343440	AL_Shangrila	452	within_species_comparison	sensitivity	fragment	conflicting_mates	0
SRR23343440	AL_Shangrila	452	within_species_comparison	sensitivity	fragment	independent_eligible	27
SRR23343441	AL_Shangrila	452	within_species_comparison	sensitivity	alignment	duplicate	9
SRR23343441	AL_Shangrila	452	within_species_comparison	sensitivity	alignment	eligible	31
SRR23343441	AL_Shangrila	452	within_species_comparison	sensitivity	alignment	incomplete_codon	2
SRR23343441	AL_Shangrila	452	within_species_comparison	sensitivity	fragment	conflicting_mates	0
SRR23343441	AL_Shangrila	452	within_species_comparison	sensitivity	fragment	independent_eligible	31
SRR23343442	AL_Shangrila	452	within_species_comparison	sensitivity	alignment	duplicate	8
SRR23343442	AL_Shangrila	452	within_species_comparison	sensitivity	alignment	eligible	82
SRR23343442	AL_Shangrila	452	within_species_comparison	sensitivity	alignment	incomplete_codon	3
SRR23343442	AL_Shangrila	452	within_species_comparison	sensitivity	alignment	low_base_quality	1
SRR23343442	AL_Shangrila	452	within_species_comparison	sensitivity	fragment	conflicting_mates	0
SRR23343442	AL_Shangrila	452	within_species_comparison	sensitivity	fragment	independent_eligible	78
SRR23343443	AL_Shangrila	452	within_species_comparison	sensitivity	alignment	duplicate	6
SRR23343443	AL_Shangrila	452	within_species_comparison	sensitivity	alignment	eligible	29
SRR23343443	AL_Shangrila	452	within_species_comparison	sensitivity	alignment	low_base_quality	1
SRR23343443	AL_Shangrila	452	within_species_comparison	sensitivity	fragment	conflicting_mates	0
SRR23343443	AL_Shangrila	452	within_species_comparison	sensitivity	fragment	independent_eligible	29
SRR23343444	AL_Shangrila	452	within_species_comparison	sensitivity	alignment	duplicate	4
SRR23343444	AL_Shangrila	452	within_species_comparison	sensitivity	alignment	eligible	30
SRR23343444	AL_Shangrila	452	within_species_comparison	sensitivity	alignment	incomplete_codon	2
SRR23343444	AL_Shangrila	452	within_species_comparison	sensitivity	alignment	low_mapping_quality	1
SRR23343444	AL_Shangrila	452	within_species_comparison	sensitivity	fragment	conflicting_mates	0
SRR23343444	AL_Shangrila	452	within_species_comparison	sensitivity	fragment	independent_eligible	28
SRR23343445	AL_Shangrila	452	within_species_comparison	sensitivity	alignment	duplicate	4
SRR23343445	AL_Shangrila	452	within_species_comparison	sensitivity	alignment	eligible	39
SRR23343445	AL_Shangrila	452	within_species_comparison	sensitivity	alignment	incomplete_codon	2
SRR23343445	AL_Shangrila	452	within_species_comparison	sensitivity	fragment	conflicting_mates	0
SRR23343445	AL_Shangrila	452	within_species_comparison	sensitivity	fragment	independent_eligible	39
SRR23343446	AL_Shangrila	452	within_species_comparison	sensitivity	alignment	duplicate	3
SRR23343446	AL_Shangrila	452	within_species_comparison	sensitivity	alignment	eligible	31
SRR23343446	AL_Shangrila	452	within_species_comparison	sensitivity	alignment	low_base_quality	1
SRR23343446	AL_Shangrila	452	within_species_comparison	sensitivity	fragment	conflicting_mates	0
SRR23343446	AL_Shangrila	452	within_species_comparison	sensitivity	fragment	independent_eligible	30
SRR23343447	AL_Shangrila	452	within_species_comparison	sensitivity	alignment	duplicate	9
SRR23343447	AL_Shangrila	452	within_species_comparison	sensitivity	alignment	eligible	44
SRR23343447	AL_Shangrila	452	within_species_comparison	sensitivity	alignment	incomplete_codon	1
SRR23343447	AL_Shangrila	452	within_species_comparison	sensitivity	alignment	low_base_quality	2
SRR23343447	AL_Shangrila	452	within_species_comparison	sensitivity	fragment	conflicting_mates	0
SRR23343447	AL_Shangrila	452	within_species_comparison	sensitivity	fragment	independent_eligible	43
SRR23343448	AL_Shangrila	452	within_species_comparison	sensitivity	alignment	duplicate	4
SRR23343448	AL_Shangrila	452	within_species_comparison	sensitivity	alignment	eligible	21
SRR23343448	AL_Shangrila	452	within_species_comparison	sensitivity	alignment	low_base_quality	1
SRR23343448	AL_Shangrila	452	within_species_comparison	sensitivity	alignment	low_mapping_quality	1
SRR23343448	AL_Shangrila	452	within_species_comparison	sensitivity	fragment	conflicting_mates	0
SRR23343448	AL_Shangrila	452	within_species_comparison	sensitivity	fragment	independent_eligible	21
SRR23343449	AL_Shangrila	452	within_species_comparison	sensitivity	alignment	duplicate	5
SRR23343449	AL_Shangrila	452	within_species_comparison	sensitivity	alignment	eligible	22
SRR23343449	AL_Shangrila	452	within_species_comparison	sensitivity	alignment	incomplete_codon	3
SRR23343449	AL_Shangrila	452	within_species_comparison	sensitivity	alignment	low_base_quality	5
SRR23343449	AL_Shangrila	452	within_species_comparison	sensitivity	fragment	conflicting_mates	0
SRR23343449	AL_Shangrila	452	within_species_comparison	sensitivity	fragment	independent_eligible	21
SRR23343450	AL_Shangrila	452	within_species_comparison	sensitivity	alignment	duplicate	1
SRR23343450	AL_Shangrila	452	within_species_comparison	sensitivity	alignment	eligible	38
SRR23343450	AL_Shangrila	452	within_species_comparison	sensitivity	alignment	incomplete_codon	1
SRR23343450	AL_Shangrila	452	within_species_comparison	sensitivity	fragment	conflicting_mates	0
SRR23343450	AL_Shangrila	452	within_species_comparison	sensitivity	fragment	independent_eligible	37
SRR23343451	AL_Shangrila	452	within_species_comparison	sensitivity	alignment	duplicate	8
SRR23343451	AL_Shangrila	452	within_species_comparison	sensitivity	alignment	eligible	38
SRR23343451	AL_Shangrila	452	within_species_comparison	sensitivity	fragment	conflicting_mates	0
SRR23343451	AL_Shangrila	452	within_species_comparison	sensitivity	fragment	independent_eligible	36
SRR23343452	AL_Shangrila	452	within_species_comparison	sensitivity	alignment	duplicate	9
SRR23343452	AL_Shangrila	452	within_species_comparison	sensitivity	alignment	eligible	51
SRR23343452	AL_Shangrila	452	within_species_comparison	sensitivity	alignment	incomplete_codon	1
SRR23343452	AL_Shangrila	452	within_species_comparison	sensitivity	alignment	low_base_quality	1
SRR23343452	AL_Shangrila	452	within_species_comparison	sensitivity	alignment	nonprimary_alignment	1
SRR23343452	AL_Shangrila	452	within_species_comparison	sensitivity	fragment	conflicting_mates	0
SRR23343452	AL_Shangrila	452	within_species_comparison	sensitivity	fragment	independent_eligible	51
SRR23343453	AL_Shangrila	452	within_species_comparison	sensitivity	alignment	duplicate	5
SRR23343453	AL_Shangrila	452	within_species_comparison	sensitivity	alignment	eligible	16
SRR23343453	AL_Shangrila	452	within_species_comparison	sensitivity	fragment	conflicting_mates	0
SRR23343453	AL_Shangrila	452	within_species_comparison	sensitivity	fragment	independent_eligible	15
SRR23343454	AL_Shangrila	452	within_species_comparison	sensitivity	alignment	duplicate	5
SRR23343454	AL_Shangrila	452	within_species_comparison	sensitivity	alignment	eligible	34
SRR23343454	AL_Shangrila	452	within_species_comparison	sensitivity	alignment	incomplete_codon	1
SRR23343454	AL_Shangrila	452	within_species_comparison	sensitivity	fragment	conflicting_mates	0
SRR23343454	AL_Shangrila	452	within_species_comparison	sensitivity	fragment	independent_eligible	34
SRR23343455	AL_Shangrila	452	within_species_comparison	sensitivity	alignment	duplicate	1
SRR23343455	AL_Shangrila	452	within_species_comparison	sensitivity	alignment	eligible	7
SRR23343455	AL_Shangrila	452	within_species_comparison	sensitivity	fragment	conflicting_mates	0
SRR23343455	AL_Shangrila	452	within_species_comparison	sensitivity	fragment	independent_eligible	6
SRR23343456	AL_Shangrila	452	within_species_comparison	sensitivity	alignment	duplicate	4
SRR23343456	AL_Shangrila	452	within_species_comparison	sensitivity	alignment	eligible	25
SRR23343456	AL_Shangrila	452	within_species_comparison	sensitivity	alignment	low_base_quality	2
SRR23343456	AL_Shangrila	452	within_species_comparison	sensitivity	fragment	conflicting_mates	0
SRR23343456	AL_Shangrila	452	within_species_comparison	sensitivity	fragment	independent_eligible	24
SRR23343457	AL_Shangrila	452	within_species_comparison	sensitivity	alignment	duplicate	8
SRR23343457	AL_Shangrila	452	within_species_comparison	sensitivity	alignment	eligible	43
SRR23343457	AL_Shangrila	452	within_species_comparison	sensitivity	fragment	conflicting_mates	0
SRR23343457	AL_Shangrila	452	within_species_comparison	sensitivity	fragment	independent_eligible	38
SRR23343458	AL_Shangrila	452	within_species_comparison	sensitivity	alignment	duplicate	13
SRR23343458	AL_Shangrila	452	within_species_comparison	sensitivity	alignment	eligible	53
SRR23343458	AL_Shangrila	452	within_species_comparison	sensitivity	alignment	incomplete_codon	1
SRR23343458	AL_Shangrila	452	within_species_comparison	sensitivity	alignment	low_base_quality	2
SRR23343458	AL_Shangrila	452	within_species_comparison	sensitivity	fragment	conflicting_mates	0
SRR23343458	AL_Shangrila	452	within_species_comparison	sensitivity	fragment	independent_eligible	50
SRR23343459	AL_Shangrila	452	within_species_comparison	sensitivity	alignment	duplicate	8
SRR23343459	AL_Shangrila	452	within_species_comparison	sensitivity	alignment	eligible	25
SRR23343459	AL_Shangrila	452	within_species_comparison	sensitivity	alignment	low_base_quality	3
SRR23343459	AL_Shangrila	452	within_species_comparison	sensitivity	fragment	conflicting_mates	0
SRR23343459	AL_Shangrila	452	within_species_comparison	sensitivity	fragment	independent_eligible	24
SRR23343460	AL_Shangrila	452	within_species_comparison	sensitivity	alignment	duplicate	6
SRR23343460	AL_Shangrila	452	within_species_comparison	sensitivity	alignment	eligible	36
SRR23343460	AL_Shangrila	452	within_species_comparison	sensitivity	alignment	low_base_quality	3
SRR23343460	AL_Shangrila	452	within_species_comparison	sensitivity	fragment	conflicting_mates	0
SRR23343460	AL_Shangrila	452	within_species_comparison	sensitivity	fragment	independent_eligible	34
SRR23343461	AL_Shangrila	452	within_species_comparison	sensitivity	alignment	duplicate	9
SRR23343461	AL_Shangrila	452	within_species_comparison	sensitivity	alignment	eligible	34
SRR23343461	AL_Shangrila	452	within_species_comparison	sensitivity	alignment	incomplete_codon	2
SRR23343461	AL_Shangrila	452	within_species_comparison	sensitivity	fragment	conflicting_mates	0
SRR23343461	AL_Shangrila	452	within_species_comparison	sensitivity	fragment	independent_eligible	34
SRR23343462	AL_Shangrila	452	within_species_comparison	sensitivity	alignment	duplicate	17
SRR23343462	AL_Shangrila	452	within_species_comparison	sensitivity	alignment	eligible	56
SRR23343462	AL_Shangrila	452	within_species_comparison	sensitivity	alignment	incomplete_codon	1
SRR23343462	AL_Shangrila	452	within_species_comparison	sensitivity	alignment	low_base_quality	2
SRR23343462	AL_Shangrila	452	within_species_comparison	sensitivity	fragment	conflicting_mates	0
SRR23343462	AL_Shangrila	452	within_species_comparison	sensitivity	fragment	independent_eligible	52
SRR23343463	AL_Shangrila	452	within_species_comparison	sensitivity	alignment	duplicate	9
SRR23343463	AL_Shangrila	452	within_species_comparison	sensitivity	alignment	eligible	44
SRR23343463	AL_Shangrila	452	within_species_comparison	sensitivity	alignment	incomplete_codon	2
SRR23343463	AL_Shangrila	452	within_species_comparison	sensitivity	alignment	low_base_quality	1
SRR23343463	AL_Shangrila	452	within_species_comparison	sensitivity	fragment	conflicting_mates	0
SRR23343463	AL_Shangrila	452	within_species_comparison	sensitivity	fragment	independent_eligible	44
SRR23343464	AL_Shangrila	452	within_species_comparison	sensitivity	alignment	duplicate	6
SRR23343464	AL_Shangrila	452	within_species_comparison	sensitivity	alignment	eligible	34
SRR23343464	AL_Shangrila	452	within_species_comparison	sensitivity	alignment	low_base_quality	1
SRR23343464	AL_Shangrila	452	within_species_comparison	sensitivity	fragment	conflicting_mates	0
SRR23343464	AL_Shangrila	452	within_species_comparison	sensitivity	fragment	independent_eligible	32
SRR23343465	AL_Shangrila	452	within_species_comparison	sensitivity	alignment	duplicate	3
SRR23343465	AL_Shangrila	452	within_species_comparison	sensitivity	alignment	eligible	13
SRR23343465	AL_Shangrila	452	within_species_comparison	sensitivity	alignment	low_base_quality	2
SRR23343465	AL_Shangrila	452	within_species_comparison	sensitivity	fragment	conflicting_mates	0
SRR23343465	AL_Shangrila	452	within_species_comparison	sensitivity	fragment	independent_eligible	12
SRR23343466	AL_Shangrila	452	within_species_comparison	sensitivity	alignment	duplicate	3
SRR23343466	AL_Shangrila	452	within_species_comparison	sensitivity	alignment	eligible	28
SRR23343466	AL_Shangrila	452	within_species_comparison	sensitivity	alignment	incomplete_codon	1
SRR23343466	AL_Shangrila	452	within_species_comparison	sensitivity	fragment	conflicting_mates	0
SRR23343466	AL_Shangrila	452	within_species_comparison	sensitivity	fragment	independent_eligible	27
SRR23343467	AL_Shangrila	452	within_species_comparison	sensitivity	alignment	duplicate	7
SRR23343467	AL_Shangrila	452	within_species_comparison	sensitivity	alignment	eligible	48
SRR23343467	AL_Shangrila	452	within_species_comparison	sensitivity	alignment	incomplete_codon	1
SRR23343467	AL_Shangrila	452	within_species_comparison	sensitivity	alignment	low_base_quality	1
SRR23343467	AL_Shangrila	452	within_species_comparison	sensitivity	fragment	conflicting_mates	0
SRR23343467	AL_Shangrila	452	within_species_comparison	sensitivity	fragment	independent_eligible	44
SRR23343468	AL_Shangrila	452	within_species_comparison	sensitivity	alignment	duplicate	13
SRR23343468	AL_Shangrila	452	within_species_comparison	sensitivity	alignment	eligible	41
SRR23343468	AL_Shangrila	452	within_species_comparison	sensitivity	fragment	conflicting_mates	0
SRR23343468	AL_Shangrila	452	within_species_comparison	sensitivity	fragment	independent_eligible	38
SRR23343469	AL_Shangrila	452	within_species_comparison	sensitivity	alignment	duplicate	8
SRR23343469	AL_Shangrila	452	within_species_comparison	sensitivity	alignment	eligible	38
SRR23343469	AL_Shangrila	452	within_species_comparison	sensitivity	alignment	low_base_quality	1
SRR23343469	AL_Shangrila	452	within_species_comparison	sensitivity	fragment	conflicting_mates	0
SRR23343469	AL_Shangrila	452	within_species_comparison	sensitivity	fragment	independent_eligible	37
SRR23343470	AL_Shangrila	452	within_species_comparison	sensitivity	alignment	duplicate	7
SRR23343470	AL_Shangrila	452	within_species_comparison	sensitivity	alignment	eligible	23
SRR23343470	AL_Shangrila	452	within_species_comparison	sensitivity	alignment	incomplete_codon	1
SRR23343470	AL_Shangrila	452	within_species_comparison	sensitivity	alignment	low_base_quality	1
SRR23343470	AL_Shangrila	452	within_species_comparison	sensitivity	fragment	conflicting_mates	0
SRR23343470	AL_Shangrila	452	within_species_comparison	sensitivity	fragment	independent_eligible	22
SRR23343471	AL_Shangrila	452	within_species_comparison	sensitivity	alignment	duplicate	8
SRR23343471	AL_Shangrila	452	within_species_comparison	sensitivity	alignment	eligible	27
SRR23343471	AL_Shangrila	452	within_species_comparison	sensitivity	alignment	incomplete_codon	2
SRR23343471	AL_Shangrila	452	within_species_comparison	sensitivity	alignment	low_base_quality	2
SRR23343471	AL_Shangrila	452	within_species_comparison	sensitivity	alignment	unmapped	2
SRR23343471	AL_Shangrila	452	within_species_comparison	sensitivity	fragment	conflicting_mates	0
SRR23343471	AL_Shangrila	452	within_species_comparison	sensitivity	fragment	independent_eligible	27
SRR23343472	AL_Shangrila	452	within_species_comparison	sensitivity	alignment	duplicate	9
SRR23343472	AL_Shangrila	452	within_species_comparison	sensitivity	alignment	eligible	33
SRR23343472	AL_Shangrila	452	within_species_comparison	sensitivity	alignment	incomplete_codon	2
SRR23343472	AL_Shangrila	452	within_species_comparison	sensitivity	alignment	low_base_quality	2
SRR23343472	AL_Shangrila	452	within_species_comparison	sensitivity	fragment	conflicting_mates	0
SRR23343472	AL_Shangrila	452	within_species_comparison	sensitivity	fragment	independent_eligible	31
SRR23343473	AL_Shangrila	452	within_species_comparison	sensitivity	alignment	duplicate	13
SRR23343473	AL_Shangrila	452	within_species_comparison	sensitivity	alignment	eligible	64
SRR23343473	AL_Shangrila	452	within_species_comparison	sensitivity	alignment	incomplete_codon	1
SRR23343473	AL_Shangrila	452	within_species_comparison	sensitivity	alignment	low_base_quality	2
SRR23343473	AL_Shangrila	452	within_species_comparison	sensitivity	fragment	conflicting_mates	0
SRR23343473	AL_Shangrila	452	within_species_comparison	sensitivity	fragment	independent_eligible	64
SRR23343474	AL_Shangrila	452	within_species_comparison	sensitivity	alignment	duplicate	8
SRR23343474	AL_Shangrila	452	within_species_comparison	sensitivity	alignment	eligible	28
SRR23343474	AL_Shangrila	452	within_species_comparison	sensitivity	alignment	low_base_quality	5
SRR23343474	AL_Shangrila	452	within_species_comparison	sensitivity	fragment	conflicting_mates	0
SRR23343474	AL_Shangrila	452	within_species_comparison	sensitivity	fragment	independent_eligible	28
SRR23343475	AL_Shangrila	452	within_species_comparison	sensitivity	alignment	duplicate	7
SRR23343475	AL_Shangrila	452	within_species_comparison	sensitivity	alignment	eligible	40
SRR23343475	AL_Shangrila	452	within_species_comparison	sensitivity	alignment	incomplete_codon	1
SRR23343475	AL_Shangrila	452	within_species_comparison	sensitivity	fragment	conflicting_mates	0
SRR23343475	AL_Shangrila	452	within_species_comparison	sensitivity	fragment	independent_eligible	39
SRR23343476	AL_Shangrila	452	within_species_comparison	sensitivity	alignment	duplicate	4
SRR23343476	AL_Shangrila	452	within_species_comparison	sensitivity	alignment	eligible	27
SRR23343476	AL_Shangrila	452	within_species_comparison	sensitivity	alignment	low_base_quality	2
SRR23343476	AL_Shangrila	452	within_species_comparison	sensitivity	fragment	conflicting_mates	0
SRR23343476	AL_Shangrila	452	within_species_comparison	sensitivity	fragment	independent_eligible	25
SRR23343477	AL_Shangrila	452	within_species_comparison	sensitivity	alignment	duplicate	7
SRR23343477	AL_Shangrila	452	within_species_comparison	sensitivity	alignment	eligible	38
SRR23343477	AL_Shangrila	452	within_species_comparison	sensitivity	alignment	incomplete_codon	4
SRR23343477	AL_Shangrila	452	within_species_comparison	sensitivity	alignment	low_base_quality	4
SRR23343477	AL_Shangrila	452	within_species_comparison	sensitivity	fragment	conflicting_mates	0
SRR23343477	AL_Shangrila	452	within_species_comparison	sensitivity	fragment	independent_eligible	38
SRR23343478	AL_Shangrila	452	within_species_comparison	sensitivity	alignment	duplicate	7
SRR23343478	AL_Shangrila	452	within_species_comparison	sensitivity	alignment	eligible	31
SRR23343478	AL_Shangrila	452	within_species_comparison	sensitivity	alignment	incomplete_codon	1
SRR23343478	AL_Shangrila	452	within_species_comparison	sensitivity	alignment	low_base_quality	1
SRR23343478	AL_Shangrila	452	within_species_comparison	sensitivity	fragment	conflicting_mates	0
SRR23343478	AL_Shangrila	452	within_species_comparison	sensitivity	fragment	independent_eligible	30
SRR23343479	AL_Shangrila	452	within_species_comparison	sensitivity	alignment	duplicate	3
SRR23343479	AL_Shangrila	452	within_species_comparison	sensitivity	alignment	eligible	29
SRR23343479	AL_Shangrila	452	within_species_comparison	sensitivity	alignment	incomplete_codon	1
SRR23343479	AL_Shangrila	452	within_species_comparison	sensitivity	alignment	low_base_quality	5
SRR23343479	AL_Shangrila	452	within_species_comparison	sensitivity	fragment	conflicting_mates	0
SRR23343479	AL_Shangrila	452	within_species_comparison	sensitivity	fragment	independent_eligible	28
SRR23343480	AL_Shangrila	452	within_species_comparison	sensitivity	alignment	duplicate	5
SRR23343480	AL_Shangrila	452	within_species_comparison	sensitivity	alignment	eligible	31
SRR23343480	AL_Shangrila	452	within_species_comparison	sensitivity	alignment	incomplete_codon	2
SRR23343480	AL_Shangrila	452	within_species_comparison	sensitivity	alignment	low_base_quality	3
SRR23343480	AL_Shangrila	452	within_species_comparison	sensitivity	fragment	conflicting_mates	0
SRR23343480	AL_Shangrila	452	within_species_comparison	sensitivity	fragment	independent_eligible	30
SRR23343481	AL_Shangrila	452	within_species_comparison	sensitivity	alignment	duplicate	5
SRR23343481	AL_Shangrila	452	within_species_comparison	sensitivity	alignment	eligible	20
SRR23343481	AL_Shangrila	452	within_species_comparison	sensitivity	alignment	incomplete_codon	1
SRR23343481	AL_Shangrila	452	within_species_comparison	sensitivity	alignment	low_base_quality	1
SRR23343481	AL_Shangrila	452	within_species_comparison	sensitivity	fragment	conflicting_mates	0
SRR23343481	AL_Shangrila	452	within_species_comparison	sensitivity	fragment	independent_eligible	20
SRR23343482	AL_Shangrila	452	within_species_comparison	sensitivity	alignment	duplicate	10
SRR23343482	AL_Shangrila	452	within_species_comparison	sensitivity	alignment	eligible	39
SRR23343482	AL_Shangrila	452	within_species_comparison	sensitivity	alignment	incomplete_codon	4
SRR23343482	AL_Shangrila	452	within_species_comparison	sensitivity	alignment	low_base_quality	1
SRR23343482	AL_Shangrila	452	within_species_comparison	sensitivity	fragment	conflicting_mates	0
SRR23343482	AL_Shangrila	452	within_species_comparison	sensitivity	fragment	independent_eligible	38
SRR23343483	AL_Shangrila	452	within_species_comparison	sensitivity	alignment	duplicate	7
SRR23343483	AL_Shangrila	452	within_species_comparison	sensitivity	alignment	eligible	38
SRR23343483	AL_Shangrila	452	within_species_comparison	sensitivity	alignment	incomplete_codon	2
SRR23343483	AL_Shangrila	452	within_species_comparison	sensitivity	alignment	low_base_quality	3
SRR23343483	AL_Shangrila	452	within_species_comparison	sensitivity	fragment	conflicting_mates	0
SRR23343483	AL_Shangrila	452	within_species_comparison	sensitivity	fragment	independent_eligible	36
SRR23343484	AL_Shangrila	452	within_species_comparison	sensitivity	alignment	duplicate	7
SRR23343484	AL_Shangrila	452	within_species_comparison	sensitivity	alignment	eligible	34
SRR23343484	AL_Shangrila	452	within_species_comparison	sensitivity	alignment	incomplete_codon	2
SRR23343484	AL_Shangrila	452	within_species_comparison	sensitivity	alignment	low_base_quality	1
SRR23343484	AL_Shangrila	452	within_species_comparison	sensitivity	fragment	conflicting_mates	0
SRR23343484	AL_Shangrila	452	within_species_comparison	sensitivity	fragment	independent_eligible	34
SRR23343485	AL_Shangrila	452	within_species_comparison	sensitivity	alignment	duplicate	8
SRR23343485	AL_Shangrila	452	within_species_comparison	sensitivity	alignment	eligible	30
SRR23343485	AL_Shangrila	452	within_species_comparison	sensitivity	alignment	incomplete_codon	1
SRR23343485	AL_Shangrila	452	within_species_comparison	sensitivity	alignment	low_base_quality	2
SRR23343485	AL_Shangrila	452	within_species_comparison	sensitivity	fragment	conflicting_mates	0
SRR23343485	AL_Shangrila	452	within_species_comparison	sensitivity	fragment	independent_eligible	30
SRR23343486	AL_Shangrila	452	within_species_comparison	sensitivity	alignment	duplicate	13
SRR23343486	AL_Shangrila	452	within_species_comparison	sensitivity	alignment	eligible	43
SRR23343486	AL_Shangrila	452	within_species_comparison	sensitivity	alignment	incomplete_codon	1
SRR23343486	AL_Shangrila	452	within_species_comparison	sensitivity	alignment	low_base_quality	3
SRR23343486	AL_Shangrila	452	within_species_comparison	sensitivity	fragment	conflicting_mates	0
SRR23343486	AL_Shangrila	452	within_species_comparison	sensitivity	fragment	independent_eligible	39
SRR23343487	AL_Shangrila	452	within_species_comparison	sensitivity	alignment	duplicate	11
SRR23343487	AL_Shangrila	452	within_species_comparison	sensitivity	alignment	eligible	45
SRR23343487	AL_Shangrila	452	within_species_comparison	sensitivity	alignment	incomplete_codon	1
SRR23343487	AL_Shangrila	452	within_species_comparison	sensitivity	alignment	low_base_quality	1
SRR23343487	AL_Shangrila	452	within_species_comparison	sensitivity	fragment	conflicting_mates	0
SRR23343487	AL_Shangrila	452	within_species_comparison	sensitivity	fragment	independent_eligible	44
SRR23343488	AL_Shangrila	452	within_species_comparison	sensitivity	alignment	duplicate	7
SRR23343488	AL_Shangrila	452	within_species_comparison	sensitivity	alignment	eligible	36
SRR23343488	AL_Shangrila	452	within_species_comparison	sensitivity	alignment	incomplete_codon	1
SRR23343488	AL_Shangrila	452	within_species_comparison	sensitivity	alignment	low_base_quality	3
SRR23343488	AL_Shangrila	452	within_species_comparison	sensitivity	fragment	conflicting_mates	0
SRR23343488	AL_Shangrila	452	within_species_comparison	sensitivity	fragment	independent_eligible	36
SRR23343489	AL_Shangrila	452	within_species_comparison	sensitivity	alignment	duplicate	8
SRR23343489	AL_Shangrila	452	within_species_comparison	sensitivity	alignment	eligible	35
SRR23343489	AL_Shangrila	452	within_species_comparison	sensitivity	alignment	incomplete_codon	1
SRR23343489	AL_Shangrila	452	within_species_comparison	sensitivity	alignment	low_base_quality	5
SRR23343489	AL_Shangrila	452	within_species_comparison	sensitivity	fragment	conflicting_mates	0
SRR23343489	AL_Shangrila	452	within_species_comparison	sensitivity	fragment	independent_eligible	35
SRR23343490	AL_Shangrila	452	within_species_comparison	sensitivity	alignment	duplicate	4
SRR23343490	AL_Shangrila	452	within_species_comparison	sensitivity	alignment	eligible	20
SRR23343490	AL_Shangrila	452	within_species_comparison	sensitivity	alignment	low_base_quality	1
SRR23343490	AL_Shangrila	452	within_species_comparison	sensitivity	fragment	conflicting_mates	0
SRR23343490	AL_Shangrila	452	within_species_comparison	sensitivity	fragment	independent_eligible	20
SRR23343491	AL_Shangrila	452	within_species_comparison	sensitivity	alignment	duplicate	7
SRR23343491	AL_Shangrila	452	within_species_comparison	sensitivity	alignment	eligible	35
SRR23343491	AL_Shangrila	452	within_species_comparison	sensitivity	alignment	low_base_quality	1
SRR23343491	AL_Shangrila	452	within_species_comparison	sensitivity	fragment	conflicting_mates	0
SRR23343491	AL_Shangrila	452	within_species_comparison	sensitivity	fragment	independent_eligible	35
SRR23343492	AL_Shangrila	452	within_species_comparison	sensitivity	alignment	duplicate	3
SRR23343492	AL_Shangrila	452	within_species_comparison	sensitivity	alignment	eligible	35
SRR23343492	AL_Shangrila	452	within_species_comparison	sensitivity	alignment	low_base_quality	5
SRR23343492	AL_Shangrila	452	within_species_comparison	sensitivity	fragment	conflicting_mates	0
SRR23343492	AL_Shangrila	452	within_species_comparison	sensitivity	fragment	independent_eligible	33
SRR23343493	AL_Shangrila	452	within_species_comparison	sensitivity	alignment	duplicate	4
SRR23343493	AL_Shangrila	452	within_species_comparison	sensitivity	alignment	eligible	19
SRR23343493	AL_Shangrila	452	within_species_comparison	sensitivity	alignment	low_base_quality	1
SRR23343493	AL_Shangrila	452	within_species_comparison	sensitivity	fragment	conflicting_mates	0
SRR23343493	AL_Shangrila	452	within_species_comparison	sensitivity	fragment	independent_eligible	18
SRR23343494	AL_Shangrila	452	within_species_comparison	sensitivity	alignment	duplicate	9
SRR23343494	AL_Shangrila	452	within_species_comparison	sensitivity	alignment	eligible	27
SRR23343494	AL_Shangrila	452	within_species_comparison	sensitivity	alignment	incomplete_codon	2
SRR23343494	AL_Shangrila	452	within_species_comparison	sensitivity	alignment	low_base_quality	5
SRR23343494	AL_Shangrila	452	within_species_comparison	sensitivity	fragment	conflicting_mates	0
SRR23343494	AL_Shangrila	452	within_species_comparison	sensitivity	fragment	independent_eligible	27
SRR23343438	AL_Shangrila	474	secondary	sensitivity	alignment	duplicate	9
SRR23343438	AL_Shangrila	474	secondary	sensitivity	alignment	eligible	49
SRR23343438	AL_Shangrila	474	secondary	sensitivity	alignment	incomplete_codon	2
SRR23343438	AL_Shangrila	474	secondary	sensitivity	alignment	low_base_quality	2
SRR23343438	AL_Shangrila	474	secondary	sensitivity	fragment	conflicting_mates	0
SRR23343438	AL_Shangrila	474	secondary	sensitivity	fragment	independent_eligible	47
SRR23343439	AL_Shangrila	474	secondary	sensitivity	alignment	duplicate	6
SRR23343439	AL_Shangrila	474	secondary	sensitivity	alignment	eligible	37
SRR23343439	AL_Shangrila	474	secondary	sensitivity	fragment	conflicting_mates	0
SRR23343439	AL_Shangrila	474	secondary	sensitivity	fragment	independent_eligible	37
SRR23343440	AL_Shangrila	474	secondary	sensitivity	alignment	duplicate	4
SRR23343440	AL_Shangrila	474	secondary	sensitivity	alignment	eligible	27
SRR23343440	AL_Shangrila	474	secondary	sensitivity	alignment	incomplete_codon	1
SRR23343440	AL_Shangrila	474	secondary	sensitivity	alignment	low_base_quality	1
SRR23343440	AL_Shangrila	474	secondary	sensitivity	fragment	conflicting_mates	0
SRR23343440	AL_Shangrila	474	secondary	sensitivity	fragment	independent_eligible	27
SRR23343441	AL_Shangrila	474	secondary	sensitivity	alignment	duplicate	5
SRR23343441	AL_Shangrila	474	secondary	sensitivity	alignment	eligible	25
SRR23343441	AL_Shangrila	474	secondary	sensitivity	fragment	conflicting_mates	0
SRR23343441	AL_Shangrila	474	secondary	sensitivity	fragment	independent_eligible	25
SRR23343442	AL_Shangrila	474	secondary	sensitivity	alignment	duplicate	17
SRR23343442	AL_Shangrila	474	secondary	sensitivity	alignment	eligible	76
SRR23343442	AL_Shangrila	474	secondary	sensitivity	alignment	incomplete_codon	1
SRR23343442	AL_Shangrila	474	secondary	sensitivity	alignment	low_base_quality	6
SRR23343442	AL_Shangrila	474	secondary	sensitivity	fragment	conflicting_mates	0
SRR23343442	AL_Shangrila	474	secondary	sensitivity	fragment	independent_eligible	70
SRR23343443	AL_Shangrila	474	secondary	sensitivity	alignment	duplicate	4
SRR23343443	AL_Shangrila	474	secondary	sensitivity	alignment	eligible	24
SRR23343443	AL_Shangrila	474	secondary	sensitivity	alignment	low_base_quality	1
SRR23343443	AL_Shangrila	474	secondary	sensitivity	fragment	conflicting_mates	0
SRR23343443	AL_Shangrila	474	secondary	sensitivity	fragment	independent_eligible	23
SRR23343444	AL_Shangrila	474	secondary	sensitivity	alignment	duplicate	5
SRR23343444	AL_Shangrila	474	secondary	sensitivity	alignment	eligible	22
SRR23343444	AL_Shangrila	474	secondary	sensitivity	alignment	incomplete_codon	1
SRR23343444	AL_Shangrila	474	secondary	sensitivity	alignment	low_base_quality	1
SRR23343444	AL_Shangrila	474	secondary	sensitivity	fragment	conflicting_mates	0
SRR23343444	AL_Shangrila	474	secondary	sensitivity	fragment	independent_eligible	21
SRR23343445	AL_Shangrila	474	secondary	sensitivity	alignment	duplicate	7
SRR23343445	AL_Shangrila	474	secondary	sensitivity	alignment	eligible	48
SRR23343445	AL_Shangrila	474	secondary	sensitivity	alignment	incomplete_codon	2
SRR23343445	AL_Shangrila	474	secondary	sensitivity	alignment	low_base_quality	3
SRR23343445	AL_Shangrila	474	secondary	sensitivity	fragment	conflicting_mates	0
SRR23343445	AL_Shangrila	474	secondary	sensitivity	fragment	independent_eligible	46
SRR23343446	AL_Shangrila	474	secondary	sensitivity	alignment	duplicate	4
SRR23343446	AL_Shangrila	474	secondary	sensitivity	alignment	eligible	28
SRR23343446	AL_Shangrila	474	secondary	sensitivity	alignment	incomplete_codon	2
SRR23343446	AL_Shangrila	474	secondary	sensitivity	alignment	low_base_quality	6
SRR23343446	AL_Shangrila	474	secondary	sensitivity	fragment	conflicting_mates	0
SRR23343446	AL_Shangrila	474	secondary	sensitivity	fragment	independent_eligible	27
SRR23343447	AL_Shangrila	474	secondary	sensitivity	alignment	duplicate	9
SRR23343447	AL_Shangrila	474	secondary	sensitivity	alignment	eligible	38
SRR23343447	AL_Shangrila	474	secondary	sensitivity	alignment	incomplete_codon	1
SRR23343447	AL_Shangrila	474	secondary	sensitivity	fragment	conflicting_mates	0
SRR23343447	AL_Shangrila	474	secondary	sensitivity	fragment	independent_eligible	36
SRR23343448	AL_Shangrila	474	secondary	sensitivity	alignment	duplicate	2
SRR23343448	AL_Shangrila	474	secondary	sensitivity	alignment	eligible	31
SRR23343448	AL_Shangrila	474	secondary	sensitivity	alignment	low_base_quality	2
SRR23343448	AL_Shangrila	474	secondary	sensitivity	alignment	low_mapping_quality	1
SRR23343448	AL_Shangrila	474	secondary	sensitivity	fragment	conflicting_mates	0
SRR23343448	AL_Shangrila	474	secondary	sensitivity	fragment	independent_eligible	31
SRR23343449	AL_Shangrila	474	secondary	sensitivity	alignment	duplicate	6
SRR23343449	AL_Shangrila	474	secondary	sensitivity	alignment	eligible	28
SRR23343449	AL_Shangrila	474	secondary	sensitivity	alignment	incomplete_codon	1
SRR23343449	AL_Shangrila	474	secondary	sensitivity	alignment	low_base_quality	2
SRR23343449	AL_Shangrila	474	secondary	sensitivity	fragment	conflicting_mates	0
SRR23343449	AL_Shangrila	474	secondary	sensitivity	fragment	independent_eligible	27
SRR23343450	AL_Shangrila	474	secondary	sensitivity	alignment	duplicate	1
SRR23343450	AL_Shangrila	474	secondary	sensitivity	alignment	eligible	38
SRR23343450	AL_Shangrila	474	secondary	sensitivity	fragment	conflicting_mates	0
SRR23343450	AL_Shangrila	474	secondary	sensitivity	fragment	independent_eligible	37
SRR23343451	AL_Shangrila	474	secondary	sensitivity	alignment	duplicate	8
SRR23343451	AL_Shangrila	474	secondary	sensitivity	alignment	eligible	36
SRR23343451	AL_Shangrila	474	secondary	sensitivity	alignment	low_base_quality	2
SRR23343451	AL_Shangrila	474	secondary	sensitivity	fragment	conflicting_mates	0
SRR23343451	AL_Shangrila	474	secondary	sensitivity	fragment	independent_eligible	34
SRR23343452	AL_Shangrila	474	secondary	sensitivity	alignment	duplicate	8
SRR23343452	AL_Shangrila	474	secondary	sensitivity	alignment	eligible	47
SRR23343452	AL_Shangrila	474	secondary	sensitivity	alignment	low_base_quality	3
SRR23343452	AL_Shangrila	474	secondary	sensitivity	fragment	conflicting_mates	0
SRR23343452	AL_Shangrila	474	secondary	sensitivity	fragment	independent_eligible	46
SRR23343453	AL_Shangrila	474	secondary	sensitivity	alignment	duplicate	7
SRR23343453	AL_Shangrila	474	secondary	sensitivity	alignment	eligible	19
SRR23343453	AL_Shangrila	474	secondary	sensitivity	alignment	incomplete_codon	1
SRR23343453	AL_Shangrila	474	secondary	sensitivity	alignment	low_base_quality	1
SRR23343453	AL_Shangrila	474	secondary	sensitivity	fragment	conflicting_mates	0
SRR23343453	AL_Shangrila	474	secondary	sensitivity	fragment	independent_eligible	18
SRR23343454	AL_Shangrila	474	secondary	sensitivity	alignment	duplicate	6
SRR23343454	AL_Shangrila	474	secondary	sensitivity	alignment	eligible	29
SRR23343454	AL_Shangrila	474	secondary	sensitivity	alignment	incomplete_codon	1
SRR23343454	AL_Shangrila	474	secondary	sensitivity	alignment	low_base_quality	5
SRR23343454	AL_Shangrila	474	secondary	sensitivity	fragment	conflicting_mates	0
SRR23343454	AL_Shangrila	474	secondary	sensitivity	fragment	independent_eligible	28
SRR23343455	AL_Shangrila	474	secondary	sensitivity	alignment	duplicate	1
SRR23343455	AL_Shangrila	474	secondary	sensitivity	alignment	eligible	4
SRR23343455	AL_Shangrila	474	secondary	sensitivity	fragment	conflicting_mates	0
SRR23343455	AL_Shangrila	474	secondary	sensitivity	fragment	independent_eligible	4
SRR23343456	AL_Shangrila	474	secondary	sensitivity	alignment	duplicate	5
SRR23343456	AL_Shangrila	474	secondary	sensitivity	alignment	eligible	26
SRR23343456	AL_Shangrila	474	secondary	sensitivity	alignment	incomplete_codon	1
SRR23343456	AL_Shangrila	474	secondary	sensitivity	alignment	low_base_quality	2
SRR23343456	AL_Shangrila	474	secondary	sensitivity	fragment	conflicting_mates	0
SRR23343456	AL_Shangrila	474	secondary	sensitivity	fragment	independent_eligible	25
SRR23343457	AL_Shangrila	474	secondary	sensitivity	alignment	duplicate	6
SRR23343457	AL_Shangrila	474	secondary	sensitivity	alignment	eligible	33
SRR23343457	AL_Shangrila	474	secondary	sensitivity	fragment	conflicting_mates	0
SRR23343457	AL_Shangrila	474	secondary	sensitivity	fragment	independent_eligible	31
SRR23343458	AL_Shangrila	474	secondary	sensitivity	alignment	duplicate	9
SRR23343458	AL_Shangrila	474	secondary	sensitivity	alignment	eligible	48
SRR23343458	AL_Shangrila	474	secondary	sensitivity	alignment	incomplete_codon	1
SRR23343458	AL_Shangrila	474	secondary	sensitivity	alignment	low_base_quality	1
SRR23343458	AL_Shangrila	474	secondary	sensitivity	fragment	conflicting_mates	0
SRR23343458	AL_Shangrila	474	secondary	sensitivity	fragment	independent_eligible	44
SRR23343459	AL_Shangrila	474	secondary	sensitivity	alignment	duplicate	7
SRR23343459	AL_Shangrila	474	secondary	sensitivity	alignment	eligible	24
SRR23343459	AL_Shangrila	474	secondary	sensitivity	alignment	incomplete_codon	4
SRR23343459	AL_Shangrila	474	secondary	sensitivity	fragment	conflicting_mates	0
SRR23343459	AL_Shangrila	474	secondary	sensitivity	fragment	independent_eligible	23
SRR23343460	AL_Shangrila	474	secondary	sensitivity	alignment	duplicate	11
SRR23343460	AL_Shangrila	474	secondary	sensitivity	alignment	eligible	33
SRR23343460	AL_Shangrila	474	secondary	sensitivity	alignment	incomplete_codon	2
SRR23343460	AL_Shangrila	474	secondary	sensitivity	alignment	low_base_quality	3
SRR23343460	AL_Shangrila	474	secondary	sensitivity	fragment	conflicting_mates	0
SRR23343460	AL_Shangrila	474	secondary	sensitivity	fragment	independent_eligible	32
SRR23343461	AL_Shangrila	474	secondary	sensitivity	alignment	duplicate	5
SRR23343461	AL_Shangrila	474	secondary	sensitivity	alignment	eligible	36
SRR23343461	AL_Shangrila	474	secondary	sensitivity	alignment	low_base_quality	1
SRR23343461	AL_Shangrila	474	secondary	sensitivity	fragment	conflicting_mates	0
SRR23343461	AL_Shangrila	474	secondary	sensitivity	fragment	independent_eligible	34
SRR23343462	AL_Shangrila	474	secondary	sensitivity	alignment	duplicate	22
SRR23343462	AL_Shangrila	474	secondary	sensitivity	alignment	eligible	64
SRR23343462	AL_Shangrila	474	secondary	sensitivity	alignment	incomplete_codon	1
SRR23343462	AL_Shangrila	474	secondary	sensitivity	alignment	low_base_quality	5
SRR23343462	AL_Shangrila	474	secondary	sensitivity	fragment	conflicting_mates	0
SRR23343462	AL_Shangrila	474	secondary	sensitivity	fragment	independent_eligible	59
SRR23343463	AL_Shangrila	474	secondary	sensitivity	alignment	duplicate	14
SRR23343463	AL_Shangrila	474	secondary	sensitivity	alignment	eligible	40
SRR23343463	AL_Shangrila	474	secondary	sensitivity	alignment	incomplete_codon	2
SRR23343463	AL_Shangrila	474	secondary	sensitivity	alignment	low_base_quality	1
SRR23343463	AL_Shangrila	474	secondary	sensitivity	fragment	conflicting_mates	0
SRR23343463	AL_Shangrila	474	secondary	sensitivity	fragment	independent_eligible	40
SRR23343464	AL_Shangrila	474	secondary	sensitivity	alignment	duplicate	8
SRR23343464	AL_Shangrila	474	secondary	sensitivity	alignment	eligible	31
SRR23343464	AL_Shangrila	474	secondary	sensitivity	alignment	incomplete_codon	2
SRR23343464	AL_Shangrila	474	secondary	sensitivity	alignment	low_base_quality	3
SRR23343464	AL_Shangrila	474	secondary	sensitivity	fragment	conflicting_mates	0
SRR23343464	AL_Shangrila	474	secondary	sensitivity	fragment	independent_eligible	28
SRR23343465	AL_Shangrila	474	secondary	sensitivity	alignment	duplicate	8
SRR23343465	AL_Shangrila	474	secondary	sensitivity	alignment	eligible	26
SRR23343465	AL_Shangrila	474	secondary	sensitivity	alignment	incomplete_codon	1
SRR23343465	AL_Shangrila	474	secondary	sensitivity	alignment	low_base_quality	1
SRR23343465	AL_Shangrila	474	secondary	sensitivity	fragment	conflicting_mates	0
SRR23343465	AL_Shangrila	474	secondary	sensitivity	fragment	independent_eligible	25
SRR23343466	AL_Shangrila	474	secondary	sensitivity	alignment	duplicate	9
SRR23343466	AL_Shangrila	474	secondary	sensitivity	alignment	eligible	33
SRR23343466	AL_Shangrila	474	secondary	sensitivity	alignment	low_base_quality	1
SRR23343466	AL_Shangrila	474	secondary	sensitivity	fragment	conflicting_mates	0
SRR23343466	AL_Shangrila	474	secondary	sensitivity	fragment	independent_eligible	32
SRR23343467	AL_Shangrila	474	secondary	sensitivity	alignment	duplicate	5
SRR23343467	AL_Shangrila	474	secondary	sensitivity	alignment	eligible	40
SRR23343467	AL_Shangrila	474	secondary	sensitivity	alignment	incomplete_codon	1
SRR23343467	AL_Shangrila	474	secondary	sensitivity	alignment	low_base_quality	6
SRR23343467	AL_Shangrila	474	secondary	sensitivity	fragment	conflicting_mates	0
SRR23343467	AL_Shangrila	474	secondary	sensitivity	fragment	independent_eligible	37
SRR23343468	AL_Shangrila	474	secondary	sensitivity	alignment	duplicate	13
SRR23343468	AL_Shangrila	474	secondary	sensitivity	alignment	eligible	43
SRR23343468	AL_Shangrila	474	secondary	sensitivity	alignment	incomplete_codon	1
SRR23343468	AL_Shangrila	474	secondary	sensitivity	alignment	low_base_quality	1
SRR23343468	AL_Shangrila	474	secondary	sensitivity	fragment	conflicting_mates	0
SRR23343468	AL_Shangrila	474	secondary	sensitivity	fragment	independent_eligible	40
SRR23343469	AL_Shangrila	474	secondary	sensitivity	alignment	duplicate	9
SRR23343469	AL_Shangrila	474	secondary	sensitivity	alignment	eligible	37
SRR23343469	AL_Shangrila	474	secondary	sensitivity	alignment	incomplete_codon	1
SRR23343469	AL_Shangrila	474	secondary	sensitivity	alignment	low_base_quality	2
SRR23343469	AL_Shangrila	474	secondary	sensitivity	fragment	conflicting_mates	0
SRR23343469	AL_Shangrila	474	secondary	sensitivity	fragment	independent_eligible	36
SRR23343470	AL_Shangrila	474	secondary	sensitivity	alignment	duplicate	7
SRR23343470	AL_Shangrila	474	secondary	sensitivity	alignment	eligible	23
SRR23343470	AL_Shangrila	474	secondary	sensitivity	alignment	low_base_quality	1
SRR23343470	AL_Shangrila	474	secondary	sensitivity	fragment	conflicting_mates	0
SRR23343470	AL_Shangrila	474	secondary	sensitivity	fragment	independent_eligible	23
SRR23343471	AL_Shangrila	474	secondary	sensitivity	alignment	duplicate	2
SRR23343471	AL_Shangrila	474	secondary	sensitivity	alignment	eligible	21
SRR23343471	AL_Shangrila	474	secondary	sensitivity	alignment	incomplete_codon	1
SRR23343471	AL_Shangrila	474	secondary	sensitivity	alignment	low_base_quality	4
SRR23343471	AL_Shangrila	474	secondary	sensitivity	fragment	conflicting_mates	0
SRR23343471	AL_Shangrila	474	secondary	sensitivity	fragment	independent_eligible	21
SRR23343472	AL_Shangrila	474	secondary	sensitivity	alignment	duplicate	7
SRR23343472	AL_Shangrila	474	secondary	sensitivity	alignment	eligible	22
SRR23343472	AL_Shangrila	474	secondary	sensitivity	alignment	incomplete_codon	1
SRR23343472	AL_Shangrila	474	secondary	sensitivity	alignment	low_base_quality	2
SRR23343472	AL_Shangrila	474	secondary	sensitivity	fragment	conflicting_mates	0
SRR23343472	AL_Shangrila	474	secondary	sensitivity	fragment	independent_eligible	21
SRR23343473	AL_Shangrila	474	secondary	sensitivity	alignment	duplicate	14
SRR23343473	AL_Shangrila	474	secondary	sensitivity	alignment	eligible	73
SRR23343473	AL_Shangrila	474	secondary	sensitivity	alignment	incomplete_codon	2
SRR23343473	AL_Shangrila	474	secondary	sensitivity	alignment	low_base_quality	6
SRR23343473	AL_Shangrila	474	secondary	sensitivity	fragment	conflicting_mates	0
SRR23343473	AL_Shangrila	474	secondary	sensitivity	fragment	independent_eligible	71
SRR23343474	AL_Shangrila	474	secondary	sensitivity	alignment	duplicate	3
SRR23343474	AL_Shangrila	474	secondary	sensitivity	alignment	eligible	34
SRR23343474	AL_Shangrila	474	secondary	sensitivity	alignment	incomplete_codon	1
SRR23343474	AL_Shangrila	474	secondary	sensitivity	fragment	conflicting_mates	0
SRR23343474	AL_Shangrila	474	secondary	sensitivity	fragment	independent_eligible	32
SRR23343475	AL_Shangrila	474	secondary	sensitivity	alignment	duplicate	5
SRR23343475	AL_Shangrila	474	secondary	sensitivity	alignment	eligible	43
SRR23343475	AL_Shangrila	474	secondary	sensitivity	alignment	incomplete_codon	1
SRR23343475	AL_Shangrila	474	secondary	sensitivity	alignment	low_base_quality	3
SRR23343475	AL_Shangrila	474	secondary	sensitivity	fragment	conflicting_mates	0
SRR23343475	AL_Shangrila	474	secondary	sensitivity	fragment	independent_eligible	39
SRR23343476	AL_Shangrila	474	secondary	sensitivity	alignment	duplicate	2
SRR23343476	AL_Shangrila	474	secondary	sensitivity	alignment	eligible	24
SRR23343476	AL_Shangrila	474	secondary	sensitivity	alignment	low_base_quality	4
SRR23343476	AL_Shangrila	474	secondary	sensitivity	fragment	conflicting_mates	0
SRR23343476	AL_Shangrila	474	secondary	sensitivity	fragment	independent_eligible	24
SRR23343477	AL_Shangrila	474	secondary	sensitivity	alignment	duplicate	13
SRR23343477	AL_Shangrila	474	secondary	sensitivity	alignment	eligible	40
SRR23343477	AL_Shangrila	474	secondary	sensitivity	alignment	incomplete_codon	2
SRR23343477	AL_Shangrila	474	secondary	sensitivity	alignment	low_base_quality	1
SRR23343477	AL_Shangrila	474	secondary	sensitivity	fragment	conflicting_mates	0
SRR23343477	AL_Shangrila	474	secondary	sensitivity	fragment	independent_eligible	39
SRR23343478	AL_Shangrila	474	secondary	sensitivity	alignment	duplicate	4
SRR23343478	AL_Shangrila	474	secondary	sensitivity	alignment	eligible	23
SRR23343478	AL_Shangrila	474	secondary	sensitivity	alignment	incomplete_codon	1
SRR23343478	AL_Shangrila	474	secondary	sensitivity	alignment	low_base_quality	3
SRR23343478	AL_Shangrila	474	secondary	sensitivity	fragment	conflicting_mates	0
SRR23343478	AL_Shangrila	474	secondary	sensitivity	fragment	independent_eligible	23
SRR23343479	AL_Shangrila	474	secondary	sensitivity	alignment	duplicate	7
SRR23343479	AL_Shangrila	474	secondary	sensitivity	alignment	eligible	33
SRR23343479	AL_Shangrila	474	secondary	sensitivity	alignment	incomplete_codon	1
SRR23343479	AL_Shangrila	474	secondary	sensitivity	alignment	low_base_quality	2
SRR23343479	AL_Shangrila	474	secondary	sensitivity	fragment	conflicting_mates	0
SRR23343479	AL_Shangrila	474	secondary	sensitivity	fragment	independent_eligible	31
SRR23343480	AL_Shangrila	474	secondary	sensitivity	alignment	duplicate	5
SRR23343480	AL_Shangrila	474	secondary	sensitivity	alignment	eligible	26
SRR23343480	AL_Shangrila	474	secondary	sensitivity	alignment	incomplete_codon	1
SRR23343480	AL_Shangrila	474	secondary	sensitivity	alignment	low_base_quality	1
SRR23343480	AL_Shangrila	474	secondary	sensitivity	fragment	conflicting_mates	0
SRR23343480	AL_Shangrila	474	secondary	sensitivity	fragment	independent_eligible	26
SRR23343481	AL_Shangrila	474	secondary	sensitivity	alignment	duplicate	2
SRR23343481	AL_Shangrila	474	secondary	sensitivity	alignment	eligible	18
SRR23343481	AL_Shangrila	474	secondary	sensitivity	alignment	low_base_quality	2
SRR23343481	AL_Shangrila	474	secondary	sensitivity	fragment	conflicting_mates	0
SRR23343481	AL_Shangrila	474	secondary	sensitivity	fragment	independent_eligible	18
SRR23343482	AL_Shangrila	474	secondary	sensitivity	alignment	duplicate	9
SRR23343482	AL_Shangrila	474	secondary	sensitivity	alignment	eligible	39
SRR23343482	AL_Shangrila	474	secondary	sensitivity	alignment	low_base_quality	2
SRR23343482	AL_Shangrila	474	secondary	sensitivity	fragment	conflicting_mates	0
SRR23343482	AL_Shangrila	474	secondary	sensitivity	fragment	independent_eligible	39
SRR23343483	AL_Shangrila	474	secondary	sensitivity	alignment	duplicate	5
SRR23343483	AL_Shangrila	474	secondary	sensitivity	alignment	eligible	34
SRR23343483	AL_Shangrila	474	secondary	sensitivity	alignment	incomplete_codon	1
SRR23343483	AL_Shangrila	474	secondary	sensitivity	alignment	low_base_quality	2
SRR23343483	AL_Shangrila	474	secondary	sensitivity	fragment	conflicting_mates	0
SRR23343483	AL_Shangrila	474	secondary	sensitivity	fragment	independent_eligible	33
SRR23343484	AL_Shangrila	474	secondary	sensitivity	alignment	duplicate	9
SRR23343484	AL_Shangrila	474	secondary	sensitivity	alignment	eligible	36
SRR23343484	AL_Shangrila	474	secondary	sensitivity	alignment	low_base_quality	3
SRR23343484	AL_Shangrila	474	secondary	sensitivity	fragment	conflicting_mates	0
SRR23343484	AL_Shangrila	474	secondary	sensitivity	fragment	independent_eligible	34
SRR23343485	AL_Shangrila	474	secondary	sensitivity	alignment	duplicate	12
SRR23343485	AL_Shangrila	474	secondary	sensitivity	alignment	eligible	35
SRR23343485	AL_Shangrila	474	secondary	sensitivity	alignment	low_base_quality	2
SRR23343485	AL_Shangrila	474	secondary	sensitivity	fragment	conflicting_mates	0
SRR23343485	AL_Shangrila	474	secondary	sensitivity	fragment	independent_eligible	34
SRR23343486	AL_Shangrila	474	secondary	sensitivity	alignment	duplicate	14
SRR23343486	AL_Shangrila	474	secondary	sensitivity	alignment	eligible	55
SRR23343486	AL_Shangrila	474	secondary	sensitivity	alignment	low_base_quality	2
SRR23343486	AL_Shangrila	474	secondary	sensitivity	fragment	conflicting_mates	0
SRR23343486	AL_Shangrila	474	secondary	sensitivity	fragment	independent_eligible	50
SRR23343487	AL_Shangrila	474	secondary	sensitivity	alignment	duplicate	14
SRR23343487	AL_Shangrila	474	secondary	sensitivity	alignment	eligible	43
SRR23343487	AL_Shangrila	474	secondary	sensitivity	alignment	incomplete_codon	3
SRR23343487	AL_Shangrila	474	secondary	sensitivity	alignment	low_base_quality	3
SRR23343487	AL_Shangrila	474	secondary	sensitivity	fragment	conflicting_mates	0
SRR23343487	AL_Shangrila	474	secondary	sensitivity	fragment	independent_eligible	43
SRR23343488	AL_Shangrila	474	secondary	sensitivity	alignment	duplicate	5
SRR23343488	AL_Shangrila	474	secondary	sensitivity	alignment	eligible	31
SRR23343488	AL_Shangrila	474	secondary	sensitivity	alignment	incomplete_codon	1
SRR23343488	AL_Shangrila	474	secondary	sensitivity	alignment	low_base_quality	5
SRR23343488	AL_Shangrila	474	secondary	sensitivity	fragment	conflicting_mates	0
SRR23343488	AL_Shangrila	474	secondary	sensitivity	fragment	independent_eligible	31
SRR23343489	AL_Shangrila	474	secondary	sensitivity	alignment	duplicate	6
SRR23343489	AL_Shangrila	474	secondary	sensitivity	alignment	eligible	36
SRR23343489	AL_Shangrila	474	secondary	sensitivity	alignment	incomplete_codon	2
SRR23343489	AL_Shangrila	474	secondary	sensitivity	alignment	low_base_quality	1
SRR23343489	AL_Shangrila	474	secondary	sensitivity	fragment	conflicting_mates	0
SRR23343489	AL_Shangrila	474	secondary	sensitivity	fragment	independent_eligible	35
SRR23343490	AL_Shangrila	474	secondary	sensitivity	alignment	duplicate	4
SRR23343490	AL_Shangrila	474	secondary	sensitivity	alignment	eligible	21
SRR23343490	AL_Shangrila	474	secondary	sensitivity	alignment	low_base_quality	4
SRR23343490	AL_Shangrila	474	secondary	sensitivity	fragment	conflicting_mates	0
SRR23343490	AL_Shangrila	474	secondary	sensitivity	fragment	independent_eligible	21
SRR23343491	AL_Shangrila	474	secondary	sensitivity	alignment	duplicate	5
SRR23343491	AL_Shangrila	474	secondary	sensitivity	alignment	eligible	32
SRR23343491	AL_Shangrila	474	secondary	sensitivity	alignment	incomplete_codon	2
SRR23343491	AL_Shangrila	474	secondary	sensitivity	alignment	low_base_quality	3
SRR23343491	AL_Shangrila	474	secondary	sensitivity	fragment	conflicting_mates	0
SRR23343491	AL_Shangrila	474	secondary	sensitivity	fragment	independent_eligible	32
SRR23343492	AL_Shangrila	474	secondary	sensitivity	alignment	duplicate	3
SRR23343492	AL_Shangrila	474	secondary	sensitivity	alignment	eligible	33
SRR23343492	AL_Shangrila	474	secondary	sensitivity	alignment	low_base_quality	6
SRR23343492	AL_Shangrila	474	secondary	sensitivity	fragment	conflicting_mates	0
SRR23343492	AL_Shangrila	474	secondary	sensitivity	fragment	independent_eligible	32
SRR23343493	AL_Shangrila	474	secondary	sensitivity	alignment	duplicate	6
SRR23343493	AL_Shangrila	474	secondary	sensitivity	alignment	eligible	21
SRR23343493	AL_Shangrila	474	secondary	sensitivity	alignment	low_base_quality	3
SRR23343493	AL_Shangrila	474	secondary	sensitivity	fragment	conflicting_mates	0
SRR23343493	AL_Shangrila	474	secondary	sensitivity	fragment	independent_eligible	21
SRR23343494	AL_Shangrila	474	secondary	sensitivity	alignment	duplicate	7
SRR23343494	AL_Shangrila	474	secondary	sensitivity	alignment	eligible	34
SRR23343494	AL_Shangrila	474	secondary	sensitivity	alignment	incomplete_codon	1
SRR23343494	AL_Shangrila	474	secondary	sensitivity	alignment	low_base_quality	2
SRR23343494	AL_Shangrila	474	secondary	sensitivity	fragment	conflicting_mates	0
SRR23343494	AL_Shangrila	474	secondary	sensitivity	fragment	independent_eligible	33
SRR23343438	AL_Shangrila	549	primary	sensitivity	alignment	duplicate	15
SRR23343438	AL_Shangrila	549	primary	sensitivity	alignment	eligible	42
SRR23343438	AL_Shangrila	549	primary	sensitivity	alignment	incomplete_codon	1
SRR23343438	AL_Shangrila	549	primary	sensitivity	alignment	low_base_quality	6
SRR23343438	AL_Shangrila	549	primary	sensitivity	fragment	conflicting_mates	0
SRR23343438	AL_Shangrila	549	primary	sensitivity	fragment	independent_eligible	41
SRR23343439	AL_Shangrila	549	primary	sensitivity	alignment	duplicate	4
SRR23343439	AL_Shangrila	549	primary	sensitivity	alignment	eligible	30
SRR23343439	AL_Shangrila	549	primary	sensitivity	alignment	low_base_quality	3
SRR23343439	AL_Shangrila	549	primary	sensitivity	fragment	conflicting_mates	0
SRR23343439	AL_Shangrila	549	primary	sensitivity	fragment	independent_eligible	28
SRR23343440	AL_Shangrila	549	primary	sensitivity	alignment	duplicate	2
SRR23343440	AL_Shangrila	549	primary	sensitivity	alignment	eligible	15
SRR23343440	AL_Shangrila	549	primary	sensitivity	alignment	low_base_quality	2
SRR23343440	AL_Shangrila	549	primary	sensitivity	fragment	conflicting_mates	0
SRR23343440	AL_Shangrila	549	primary	sensitivity	fragment	independent_eligible	15
SRR23343441	AL_Shangrila	549	primary	sensitivity	alignment	duplicate	16
SRR23343441	AL_Shangrila	549	primary	sensitivity	alignment	eligible	28
SRR23343441	AL_Shangrila	549	primary	sensitivity	alignment	low_base_quality	5
SRR23343441	AL_Shangrila	549	primary	sensitivity	fragment	conflicting_mates	0
SRR23343441	AL_Shangrila	549	primary	sensitivity	fragment	independent_eligible	28
SRR23343442	AL_Shangrila	549	primary	sensitivity	alignment	duplicate	18
SRR23343442	AL_Shangrila	549	primary	sensitivity	alignment	eligible	50
SRR23343442	AL_Shangrila	549	primary	sensitivity	alignment	incomplete_codon	1
SRR23343442	AL_Shangrila	549	primary	sensitivity	alignment	low_base_quality	3
SRR23343442	AL_Shangrila	549	primary	sensitivity	fragment	conflicting_mates	0
SRR23343442	AL_Shangrila	549	primary	sensitivity	fragment	independent_eligible	49
SRR23343443	AL_Shangrila	549	primary	sensitivity	alignment	duplicate	12
SRR23343443	AL_Shangrila	549	primary	sensitivity	alignment	eligible	25
SRR23343443	AL_Shangrila	549	primary	sensitivity	alignment	incomplete_codon	1
SRR23343443	AL_Shangrila	549	primary	sensitivity	alignment	low_base_quality	1
SRR23343443	AL_Shangrila	549	primary	sensitivity	fragment	conflicting_mates	0
SRR23343443	AL_Shangrila	549	primary	sensitivity	fragment	independent_eligible	24
SRR23343444	AL_Shangrila	549	primary	sensitivity	alignment	duplicate	8
SRR23343444	AL_Shangrila	549	primary	sensitivity	alignment	eligible	23
SRR23343444	AL_Shangrila	549	primary	sensitivity	alignment	low_mapping_quality	1
SRR23343444	AL_Shangrila	549	primary	sensitivity	fragment	conflicting_mates	0
SRR23343444	AL_Shangrila	549	primary	sensitivity	fragment	independent_eligible	21
SRR23343445	AL_Shangrila	549	primary	sensitivity	alignment	duplicate	1
SRR23343445	AL_Shangrila	549	primary	sensitivity	alignment	eligible	41
SRR23343445	AL_Shangrila	549	primary	sensitivity	alignment	incomplete_codon	1
SRR23343445	AL_Shangrila	549	primary	sensitivity	alignment	low_base_quality	2
SRR23343445	AL_Shangrila	549	primary	sensitivity	fragment	conflicting_mates	0
SRR23343445	AL_Shangrila	549	primary	sensitivity	fragment	independent_eligible	40
SRR23343446	AL_Shangrila	549	primary	sensitivity	alignment	duplicate	10
SRR23343446	AL_Shangrila	549	primary	sensitivity	alignment	eligible	32
SRR23343446	AL_Shangrila	549	primary	sensitivity	alignment	low_base_quality	3
SRR23343446	AL_Shangrila	549	primary	sensitivity	fragment	conflicting_mates	0
SRR23343446	AL_Shangrila	549	primary	sensitivity	fragment	independent_eligible	31
SRR23343447	AL_Shangrila	549	primary	sensitivity	alignment	duplicate	4
SRR23343447	AL_Shangrila	549	primary	sensitivity	alignment	eligible	27
SRR23343447	AL_Shangrila	549	primary	sensitivity	alignment	low_base_quality	2
SRR23343447	AL_Shangrila	549	primary	sensitivity	fragment	conflicting_mates	0
SRR23343447	AL_Shangrila	549	primary	sensitivity	fragment	independent_eligible	27
SRR23343448	AL_Shangrila	549	primary	sensitivity	alignment	duplicate	3
SRR23343448	AL_Shangrila	549	primary	sensitivity	alignment	eligible	27
SRR23343448	AL_Shangrila	549	primary	sensitivity	fragment	conflicting_mates	0
SRR23343448	AL_Shangrila	549	primary	sensitivity	fragment	independent_eligible	27
SRR23343449	AL_Shangrila	549	primary	sensitivity	alignment	duplicate	8
SRR23343449	AL_Shangrila	549	primary	sensitivity	alignment	eligible	31
SRR23343449	AL_Shangrila	549	primary	sensitivity	alignment	low_base_quality	2
SRR23343449	AL_Shangrila	549	primary	sensitivity	fragment	conflicting_mates	0
SRR23343449	AL_Shangrila	549	primary	sensitivity	fragment	independent_eligible	29
SRR23343450	AL_Shangrila	549	primary	sensitivity	alignment	duplicate	5
SRR23343450	AL_Shangrila	549	primary	sensitivity	alignment	eligible	41
SRR23343450	AL_Shangrila	549	primary	sensitivity	alignment	incomplete_codon	1
SRR23343450	AL_Shangrila	549	primary	sensitivity	alignment	low_base_quality	2
SRR23343450	AL_Shangrila	549	primary	sensitivity	fragment	conflicting_mates	0
SRR23343450	AL_Shangrila	549	primary	sensitivity	fragment	independent_eligible	41
SRR23343451	AL_Shangrila	549	primary	sensitivity	alignment	duplicate	4
SRR23343451	AL_Shangrila	549	primary	sensitivity	alignment	eligible	28
SRR23343451	AL_Shangrila	549	primary	sensitivity	fragment	conflicting_mates	0
SRR23343451	AL_Shangrila	549	primary	sensitivity	fragment	independent_eligible	27
SRR23343452	AL_Shangrila	549	primary	sensitivity	alignment	duplicate	4
SRR23343452	AL_Shangrila	549	primary	sensitivity	alignment	eligible	37
SRR23343452	AL_Shangrila	549	primary	sensitivity	alignment	incomplete_codon	1
SRR23343452	AL_Shangrila	549	primary	sensitivity	alignment	low_mapping_quality	1
SRR23343452	AL_Shangrila	549	primary	sensitivity	fragment	conflicting_mates	0
SRR23343452	AL_Shangrila	549	primary	sensitivity	fragment	independent_eligible	34
SRR23343453	AL_Shangrila	549	primary	sensitivity	alignment	duplicate	6
SRR23343453	AL_Shangrila	549	primary	sensitivity	alignment	eligible	18
SRR23343453	AL_Shangrila	549	primary	sensitivity	alignment	incomplete_codon	1
SRR23343453	AL_Shangrila	549	primary	sensitivity	alignment	low_base_quality	2
SRR23343453	AL_Shangrila	549	primary	sensitivity	fragment	conflicting_mates	0
SRR23343453	AL_Shangrila	549	primary	sensitivity	fragment	independent_eligible	17
SRR23343454	AL_Shangrila	549	primary	sensitivity	alignment	duplicate	2
SRR23343454	AL_Shangrila	549	primary	sensitivity	alignment	eligible	31
SRR23343454	AL_Shangrila	549	primary	sensitivity	fragment	conflicting_mates	0
SRR23343454	AL_Shangrila	549	primary	sensitivity	fragment	independent_eligible	30
SRR23343455	AL_Shangrila	549	primary	sensitivity	alignment	duplicate	1
SRR23343455	AL_Shangrila	549	primary	sensitivity	alignment	eligible	7
SRR23343455	AL_Shangrila	549	primary	sensitivity	alignment	low_base_quality	1
SRR23343455	AL_Shangrila	549	primary	sensitivity	fragment	conflicting_mates	0
SRR23343455	AL_Shangrila	549	primary	sensitivity	fragment	independent_eligible	7
SRR23343456	AL_Shangrila	549	primary	sensitivity	alignment	duplicate	5
SRR23343456	AL_Shangrila	549	primary	sensitivity	alignment	eligible	24
SRR23343456	AL_Shangrila	549	primary	sensitivity	alignment	low_base_quality	2
SRR23343456	AL_Shangrila	549	primary	sensitivity	fragment	conflicting_mates	0
SRR23343456	AL_Shangrila	549	primary	sensitivity	fragment	independent_eligible	24
SRR23343457	AL_Shangrila	549	primary	sensitivity	alignment	duplicate	10
SRR23343457	AL_Shangrila	549	primary	sensitivity	alignment	eligible	39
SRR23343457	AL_Shangrila	549	primary	sensitivity	alignment	low_base_quality	2
SRR23343457	AL_Shangrila	549	primary	sensitivity	fragment	conflicting_mates	0
SRR23343457	AL_Shangrila	549	primary	sensitivity	fragment	independent_eligible	36
SRR23343458	AL_Shangrila	549	primary	sensitivity	alignment	duplicate	6
SRR23343458	AL_Shangrila	549	primary	sensitivity	alignment	eligible	42
SRR23343458	AL_Shangrila	549	primary	sensitivity	alignment	low_base_quality	1
SRR23343458	AL_Shangrila	549	primary	sensitivity	fragment	conflicting_mates	0
SRR23343458	AL_Shangrila	549	primary	sensitivity	fragment	independent_eligible	41
SRR23343459	AL_Shangrila	549	primary	sensitivity	alignment	duplicate	6
SRR23343459	AL_Shangrila	549	primary	sensitivity	alignment	eligible	25
SRR23343459	AL_Shangrila	549	primary	sensitivity	alignment	low_base_quality	1
SRR23343459	AL_Shangrila	549	primary	sensitivity	fragment	conflicting_mates	0
SRR23343459	AL_Shangrila	549	primary	sensitivity	fragment	independent_eligible	25
SRR23343460	AL_Shangrila	549	primary	sensitivity	alignment	duplicate	8
SRR23343460	AL_Shangrila	549	primary	sensitivity	alignment	eligible	23
SRR23343460	AL_Shangrila	549	primary	sensitivity	alignment	low_base_quality	1
SRR23343460	AL_Shangrila	549	primary	sensitivity	fragment	conflicting_mates	0
SRR23343460	AL_Shangrila	549	primary	sensitivity	fragment	independent_eligible	21
SRR23343461	AL_Shangrila	549	primary	sensitivity	alignment	duplicate	3
SRR23343461	AL_Shangrila	549	primary	sensitivity	alignment	eligible	25
SRR23343461	AL_Shangrila	549	primary	sensitivity	alignment	incomplete_codon	1
SRR23343461	AL_Shangrila	549	primary	sensitivity	fragment	conflicting_mates	0
SRR23343461	AL_Shangrila	549	primary	sensitivity	fragment	independent_eligible	24
SRR23343462	AL_Shangrila	549	primary	sensitivity	alignment	duplicate	12
SRR23343462	AL_Shangrila	549	primary	sensitivity	alignment	eligible	34
SRR23343462	AL_Shangrila	549	primary	sensitivity	alignment	incomplete_codon	1
SRR23343462	AL_Shangrila	549	primary	sensitivity	alignment	low_base_quality	1
SRR23343462	AL_Shangrila	549	primary	sensitivity	fragment	conflicting_mates	0
SRR23343462	AL_Shangrila	549	primary	sensitivity	fragment	independent_eligible	34
SRR23343463	AL_Shangrila	549	primary	sensitivity	alignment	duplicate	9
SRR23343463	AL_Shangrila	549	primary	sensitivity	alignment	eligible	31
SRR23343463	AL_Shangrila	549	primary	sensitivity	alignment	incomplete_codon	2
SRR23343463	AL_Shangrila	549	primary	sensitivity	alignment	low_base_quality	3
SRR23343463	AL_Shangrila	549	primary	sensitivity	fragment	conflicting_mates	0
SRR23343463	AL_Shangrila	549	primary	sensitivity	fragment	independent_eligible	31
SRR23343464	AL_Shangrila	549	primary	sensitivity	alignment	duplicate	5
SRR23343464	AL_Shangrila	549	primary	sensitivity	alignment	eligible	32
SRR23343464	AL_Shangrila	549	primary	sensitivity	alignment	low_base_quality	3
SRR23343464	AL_Shangrila	549	primary	sensitivity	fragment	conflicting_mates	0
SRR23343464	AL_Shangrila	549	primary	sensitivity	fragment	independent_eligible	29
SRR23343465	AL_Shangrila	549	primary	sensitivity	alignment	duplicate	1
SRR23343465	AL_Shangrila	549	primary	sensitivity	alignment	eligible	27
SRR23343465	AL_Shangrila	549	primary	sensitivity	fragment	conflicting_mates	0
SRR23343465	AL_Shangrila	549	primary	sensitivity	fragment	independent_eligible	26
SRR23343466	AL_Shangrila	549	primary	sensitivity	alignment	duplicate	7
SRR23343466	AL_Shangrila	549	primary	sensitivity	alignment	eligible	29
SRR23343466	AL_Shangrila	549	primary	sensitivity	alignment	low_base_quality	1
SRR23343466	AL_Shangrila	549	primary	sensitivity	fragment	conflicting_mates	0
SRR23343466	AL_Shangrila	549	primary	sensitivity	fragment	independent_eligible	25
SRR23343467	AL_Shangrila	549	primary	sensitivity	alignment	duplicate	11
SRR23343467	AL_Shangrila	549	primary	sensitivity	alignment	eligible	34
SRR23343467	AL_Shangrila	549	primary	sensitivity	fragment	conflicting_mates	0
SRR23343467	AL_Shangrila	549	primary	sensitivity	fragment	independent_eligible	32
SRR23343468	AL_Shangrila	549	primary	sensitivity	alignment	duplicate	7
SRR23343468	AL_Shangrila	549	primary	sensitivity	alignment	eligible	20
SRR23343468	AL_Shangrila	549	primary	sensitivity	alignment	incomplete_codon	1
SRR23343468	AL_Shangrila	549	primary	sensitivity	alignment	low_base_quality	3
SRR23343468	AL_Shangrila	549	primary	sensitivity	fragment	conflicting_mates	0
SRR23343468	AL_Shangrila	549	primary	sensitivity	fragment	independent_eligible	19
SRR23343469	AL_Shangrila	549	primary	sensitivity	alignment	duplicate	1
SRR23343469	AL_Shangrila	549	primary	sensitivity	alignment	eligible	26
SRR23343469	AL_Shangrila	549	primary	sensitivity	alignment	incomplete_codon	2
SRR23343469	AL_Shangrila	549	primary	sensitivity	alignment	low_base_quality	2
SRR23343469	AL_Shangrila	549	primary	sensitivity	fragment	conflicting_mates	0
SRR23343469	AL_Shangrila	549	primary	sensitivity	fragment	independent_eligible	26
SRR23343470	AL_Shangrila	549	primary	sensitivity	alignment	duplicate	4
SRR23343470	AL_Shangrila	549	primary	sensitivity	alignment	eligible	28
SRR23343470	AL_Shangrila	549	primary	sensitivity	alignment	incomplete_codon	1
SRR23343470	AL_Shangrila	549	primary	sensitivity	alignment	low_base_quality	3
SRR23343470	AL_Shangrila	549	primary	sensitivity	fragment	conflicting_mates	0
SRR23343470	AL_Shangrila	549	primary	sensitivity	fragment	independent_eligible	26
SRR23343471	AL_Shangrila	549	primary	sensitivity	alignment	duplicate	2
SRR23343471	AL_Shangrila	549	primary	sensitivity	alignment	eligible	17
SRR23343471	AL_Shangrila	549	primary	sensitivity	alignment	low_base_quality	2
SRR23343471	AL_Shangrila	549	primary	sensitivity	fragment	conflicting_mates	0
SRR23343471	AL_Shangrila	549	primary	sensitivity	fragment	independent_eligible	16
SRR23343472	AL_Shangrila	549	primary	sensitivity	alignment	duplicate	4
SRR23343472	AL_Shangrila	549	primary	sensitivity	alignment	eligible	20
SRR23343472	AL_Shangrila	549	primary	sensitivity	alignment	low_base_quality	2
SRR23343472	AL_Shangrila	549	primary	sensitivity	fragment	conflicting_mates	0
SRR23343472	AL_Shangrila	549	primary	sensitivity	fragment	independent_eligible	20
SRR23343473	AL_Shangrila	549	primary	sensitivity	alignment	duplicate	16
SRR23343473	AL_Shangrila	549	primary	sensitivity	alignment	eligible	64
SRR23343473	AL_Shangrila	549	primary	sensitivity	alignment	incomplete_codon	3
SRR23343473	AL_Shangrila	549	primary	sensitivity	alignment	low_base_quality	3
SRR23343473	AL_Shangrila	549	primary	sensitivity	fragment	conflicting_mates	0
SRR23343473	AL_Shangrila	549	primary	sensitivity	fragment	independent_eligible	64
SRR23343474	AL_Shangrila	549	primary	sensitivity	alignment	duplicate	1
SRR23343474	AL_Shangrila	549	primary	sensitivity	alignment	eligible	21
SRR23343474	AL_Shangrila	549	primary	sensitivity	alignment	low_base_quality	2
SRR23343474	AL_Shangrila	549	primary	sensitivity	fragment	conflicting_mates	0
SRR23343474	AL_Shangrila	549	primary	sensitivity	fragment	independent_eligible	18
SRR23343475	AL_Shangrila	549	primary	sensitivity	alignment	duplicate	3
SRR23343475	AL_Shangrila	549	primary	sensitivity	alignment	eligible	22
SRR23343475	AL_Shangrila	549	primary	sensitivity	alignment	incomplete_codon	1
SRR23343475	AL_Shangrila	549	primary	sensitivity	alignment	low_base_quality	1
SRR23343475	AL_Shangrila	549	primary	sensitivity	fragment	conflicting_mates	0
SRR23343475	AL_Shangrila	549	primary	sensitivity	fragment	independent_eligible	21
SRR23343476	AL_Shangrila	549	primary	sensitivity	alignment	duplicate	4
SRR23343476	AL_Shangrila	549	primary	sensitivity	alignment	eligible	26
SRR23343476	AL_Shangrila	549	primary	sensitivity	fragment	conflicting_mates	0
SRR23343476	AL_Shangrila	549	primary	sensitivity	fragment	independent_eligible	25
SRR23343477	AL_Shangrila	549	primary	sensitivity	alignment	duplicate	6
SRR23343477	AL_Shangrila	549	primary	sensitivity	alignment	eligible	27
SRR23343477	AL_Shangrila	549	primary	sensitivity	alignment	incomplete_codon	2
SRR23343477	AL_Shangrila	549	primary	sensitivity	alignment	low_base_quality	3
SRR23343477	AL_Shangrila	549	primary	sensitivity	fragment	conflicting_mates	0
SRR23343477	AL_Shangrila	549	primary	sensitivity	fragment	independent_eligible	26
SRR23343478	AL_Shangrila	549	primary	sensitivity	alignment	duplicate	1
SRR23343478	AL_Shangrila	549	primary	sensitivity	alignment	eligible	21
SRR23343478	AL_Shangrila	549	primary	sensitivity	fragment	conflicting_mates	0
SRR23343478	AL_Shangrila	549	primary	sensitivity	fragment	independent_eligible	20
SRR23343479	AL_Shangrila	549	primary	sensitivity	alignment	duplicate	6
SRR23343479	AL_Shangrila	549	primary	sensitivity	alignment	eligible	36
SRR23343479	AL_Shangrila	549	primary	sensitivity	alignment	low_base_quality	4
SRR23343479	AL_Shangrila	549	primary	sensitivity	fragment	conflicting_mates	0
SRR23343479	AL_Shangrila	549	primary	sensitivity	fragment	independent_eligible	34
SRR23343480	AL_Shangrila	549	primary	sensitivity	alignment	duplicate	11
SRR23343480	AL_Shangrila	549	primary	sensitivity	alignment	eligible	19
SRR23343480	AL_Shangrila	549	primary	sensitivity	alignment	low_base_quality	3
SRR23343480	AL_Shangrila	549	primary	sensitivity	fragment	conflicting_mates	0
SRR23343480	AL_Shangrila	549	primary	sensitivity	fragment	independent_eligible	17
SRR23343481	AL_Shangrila	549	primary	sensitivity	alignment	duplicate	3
SRR23343481	AL_Shangrila	549	primary	sensitivity	alignment	eligible	16
SRR23343481	AL_Shangrila	549	primary	sensitivity	fragment	conflicting_mates	0
SRR23343481	AL_Shangrila	549	primary	sensitivity	fragment	independent_eligible	16
SRR23343482	AL_Shangrila	549	primary	sensitivity	alignment	duplicate	14
SRR23343482	AL_Shangrila	549	primary	sensitivity	alignment	eligible	33
SRR23343482	AL_Shangrila	549	primary	sensitivity	alignment	incomplete_codon	1
SRR23343482	AL_Shangrila	549	primary	sensitivity	alignment	low_base_quality	1
SRR23343482	AL_Shangrila	549	primary	sensitivity	fragment	conflicting_mates	0
SRR23343482	AL_Shangrila	549	primary	sensitivity	fragment	independent_eligible	31
SRR23343483	AL_Shangrila	549	primary	sensitivity	alignment	duplicate	4
SRR23343483	AL_Shangrila	549	primary	sensitivity	alignment	eligible	32
SRR23343483	AL_Shangrila	549	primary	sensitivity	alignment	low_base_quality	1
SRR23343483	AL_Shangrila	549	primary	sensitivity	fragment	conflicting_mates	0
SRR23343483	AL_Shangrila	549	primary	sensitivity	fragment	independent_eligible	31
SRR23343484	AL_Shangrila	549	primary	sensitivity	alignment	duplicate	9
SRR23343484	AL_Shangrila	549	primary	sensitivity	alignment	eligible	42
SRR23343484	AL_Shangrila	549	primary	sensitivity	alignment	low_base_quality	3
SRR23343484	AL_Shangrila	549	primary	sensitivity	fragment	conflicting_mates	0
SRR23343484	AL_Shangrila	549	primary	sensitivity	fragment	independent_eligible	39
SRR23343485	AL_Shangrila	549	primary	sensitivity	alignment	duplicate	6
SRR23343485	AL_Shangrila	549	primary	sensitivity	alignment	eligible	30
SRR23343485	AL_Shangrila	549	primary	sensitivity	fragment	conflicting_mates	0
SRR23343485	AL_Shangrila	549	primary	sensitivity	fragment	independent_eligible	30
SRR23343486	AL_Shangrila	549	primary	sensitivity	alignment	duplicate	7
SRR23343486	AL_Shangrila	549	primary	sensitivity	alignment	eligible	41
SRR23343486	AL_Shangrila	549	primary	sensitivity	alignment	low_base_quality	1
SRR23343486	AL_Shangrila	549	primary	sensitivity	fragment	conflicting_mates	0
SRR23343486	AL_Shangrila	549	primary	sensitivity	fragment	independent_eligible	41
SRR23343487	AL_Shangrila	549	primary	sensitivity	alignment	duplicate	9
SRR23343487	AL_Shangrila	549	primary	sensitivity	alignment	eligible	38
SRR23343487	AL_Shangrila	549	primary	sensitivity	alignment	incomplete_codon	1
SRR23343487	AL_Shangrila	549	primary	sensitivity	alignment	low_base_quality	1
SRR23343487	AL_Shangrila	549	primary	sensitivity	fragment	conflicting_mates	0
SRR23343487	AL_Shangrila	549	primary	sensitivity	fragment	independent_eligible	37
SRR23343488	AL_Shangrila	549	primary	sensitivity	alignment	duplicate	3
SRR23343488	AL_Shangrila	549	primary	sensitivity	alignment	eligible	35
SRR23343488	AL_Shangrila	549	primary	sensitivity	alignment	low_base_quality	2
SRR23343488	AL_Shangrila	549	primary	sensitivity	fragment	conflicting_mates	0
SRR23343488	AL_Shangrila	549	primary	sensitivity	fragment	independent_eligible	35
SRR23343489	AL_Shangrila	549	primary	sensitivity	alignment	duplicate	10
SRR23343489	AL_Shangrila	549	primary	sensitivity	alignment	eligible	36
SRR23343489	AL_Shangrila	549	primary	sensitivity	alignment	low_base_quality	3
SRR23343489	AL_Shangrila	549	primary	sensitivity	fragment	conflicting_mates	0
SRR23343489	AL_Shangrila	549	primary	sensitivity	fragment	independent_eligible	36
SRR23343490	AL_Shangrila	549	primary	sensitivity	alignment	duplicate	6
SRR23343490	AL_Shangrila	549	primary	sensitivity	alignment	eligible	29
SRR23343490	AL_Shangrila	549	primary	sensitivity	alignment	incomplete_codon	2
SRR23343490	AL_Shangrila	549	primary	sensitivity	alignment	low_base_quality	1
SRR23343490	AL_Shangrila	549	primary	sensitivity	fragment	conflicting_mates	0
SRR23343490	AL_Shangrila	549	primary	sensitivity	fragment	independent_eligible	29
SRR23343491	AL_Shangrila	549	primary	sensitivity	alignment	duplicate	7
SRR23343491	AL_Shangrila	549	primary	sensitivity	alignment	eligible	31
SRR23343491	AL_Shangrila	549	primary	sensitivity	alignment	incomplete_codon	1
SRR23343491	AL_Shangrila	549	primary	sensitivity	fragment	conflicting_mates	0
SRR23343491	AL_Shangrila	549	primary	sensitivity	fragment	independent_eligible	28
SRR23343492	AL_Shangrila	549	primary	sensitivity	alignment	duplicate	5
SRR23343492	AL_Shangrila	549	primary	sensitivity	alignment	eligible	23
SRR23343492	AL_Shangrila	549	primary	sensitivity	alignment	incomplete_codon	1
SRR23343492	AL_Shangrila	549	primary	sensitivity	alignment	low_base_quality	1
SRR23343492	AL_Shangrila	549	primary	sensitivity	fragment	conflicting_mates	0
SRR23343492	AL_Shangrila	549	primary	sensitivity	fragment	independent_eligible	23
SRR23343493	AL_Shangrila	549	primary	sensitivity	alignment	duplicate	5
SRR23343493	AL_Shangrila	549	primary	sensitivity	alignment	eligible	21
SRR23343493	AL_Shangrila	549	primary	sensitivity	alignment	low_base_quality	1
SRR23343493	AL_Shangrila	549	primary	sensitivity	fragment	conflicting_mates	0
SRR23343493	AL_Shangrila	549	primary	sensitivity	fragment	independent_eligible	21
SRR23343494	AL_Shangrila	549	primary	sensitivity	alignment	duplicate	11
SRR23343494	AL_Shangrila	549	primary	sensitivity	alignment	eligible	31
SRR23343494	AL_Shangrila	549	primary	sensitivity	alignment	incomplete_codon	1
SRR23343494	AL_Shangrila	549	primary	sensitivity	alignment	low_base_quality	1
SRR23343494	AL_Shangrila	549	primary	sensitivity	fragment	conflicting_mates	0
SRR23343494	AL_Shangrila	549	primary	sensitivity	fragment	independent_eligible	31
SRR23343438	AL_Shangrila	717	secondary	sensitivity	alignment	duplicate	9
SRR23343438	AL_Shangrila	717	secondary	sensitivity	alignment	eligible	36
SRR23343438	AL_Shangrila	717	secondary	sensitivity	alignment	incomplete_codon	3
SRR23343438	AL_Shangrila	717	secondary	sensitivity	alignment	low_base_quality	12
SRR23343438	AL_Shangrila	717	secondary	sensitivity	alignment	low_mapping_quality	1
SRR23343438	AL_Shangrila	717	secondary	sensitivity	fragment	conflicting_mates	0
SRR23343438	AL_Shangrila	717	secondary	sensitivity	fragment	independent_eligible	36
SRR23343439	AL_Shangrila	717	secondary	sensitivity	alignment	duplicate	9
SRR23343439	AL_Shangrila	717	secondary	sensitivity	alignment	eligible	29
SRR23343439	AL_Shangrila	717	secondary	sensitivity	alignment	incomplete_codon	1
SRR23343439	AL_Shangrila	717	secondary	sensitivity	alignment	low_base_quality	7
SRR23343439	AL_Shangrila	717	secondary	sensitivity	fragment	conflicting_mates	0
SRR23343439	AL_Shangrila	717	secondary	sensitivity	fragment	independent_eligible	28
SRR23343440	AL_Shangrila	717	secondary	sensitivity	alignment	duplicate	3
SRR23343440	AL_Shangrila	717	secondary	sensitivity	alignment	eligible	24
SRR23343440	AL_Shangrila	717	secondary	sensitivity	alignment	low_base_quality	4
SRR23343440	AL_Shangrila	717	secondary	sensitivity	fragment	conflicting_mates	0
SRR23343440	AL_Shangrila	717	secondary	sensitivity	fragment	independent_eligible	24
SRR23343441	AL_Shangrila	717	secondary	sensitivity	alignment	duplicate	4
SRR23343441	AL_Shangrila	717	secondary	sensitivity	alignment	eligible	29
SRR23343441	AL_Shangrila	717	secondary	sensitivity	alignment	incomplete_codon	1
SRR23343441	AL_Shangrila	717	secondary	sensitivity	alignment	low_base_quality	5
SRR23343441	AL_Shangrila	717	secondary	sensitivity	fragment	conflicting_mates	0
SRR23343441	AL_Shangrila	717	secondary	sensitivity	fragment	independent_eligible	29
SRR23343442	AL_Shangrila	717	secondary	sensitivity	alignment	duplicate	12
SRR23343442	AL_Shangrila	717	secondary	sensitivity	alignment	eligible	49
SRR23343442	AL_Shangrila	717	secondary	sensitivity	alignment	incomplete_codon	1
SRR23343442	AL_Shangrila	717	secondary	sensitivity	alignment	low_base_quality	14
SRR23343442	AL_Shangrila	717	secondary	sensitivity	fragment	conflicting_mates	0
SRR23343442	AL_Shangrila	717	secondary	sensitivity	fragment	independent_eligible	47
SRR23343443	AL_Shangrila	717	secondary	sensitivity	alignment	duplicate	10
SRR23343443	AL_Shangrila	717	secondary	sensitivity	alignment	eligible	23
SRR23343443	AL_Shangrila	717	secondary	sensitivity	alignment	low_base_quality	7
SRR23343443	AL_Shangrila	717	secondary	sensitivity	fragment	conflicting_mates	0
SRR23343443	AL_Shangrila	717	secondary	sensitivity	fragment	independent_eligible	23
SRR23343444	AL_Shangrila	717	secondary	sensitivity	alignment	duplicate	7
SRR23343444	AL_Shangrila	717	secondary	sensitivity	alignment	eligible	18
SRR23343444	AL_Shangrila	717	secondary	sensitivity	alignment	incomplete_codon	3
SRR23343444	AL_Shangrila	717	secondary	sensitivity	alignment	low_base_quality	2
SRR23343444	AL_Shangrila	717	secondary	sensitivity	alignment	low_mapping_quality	1
SRR23343444	AL_Shangrila	717	secondary	sensitivity	fragment	conflicting_mates	0
SRR23343444	AL_Shangrila	717	secondary	sensitivity	fragment	independent_eligible	17
SRR23343445	AL_Shangrila	717	secondary	sensitivity	alignment	duplicate	8
SRR23343445	AL_Shangrila	717	secondary	sensitivity	alignment	eligible	38
SRR23343445	AL_Shangrila	717	secondary	sensitivity	alignment	low_base_quality	4
SRR23343445	AL_Shangrila	717	secondary	sensitivity	fragment	conflicting_mates	0
SRR23343445	AL_Shangrila	717	secondary	sensitivity	fragment	independent_eligible	38
SRR23343446	AL_Shangrila	717	secondary	sensitivity	alignment	duplicate	1
SRR23343446	AL_Shangrila	717	secondary	sensitivity	alignment	eligible	21
SRR23343446	AL_Shangrila	717	secondary	sensitivity	alignment	low_base_quality	3
SRR23343446	AL_Shangrila	717	secondary	sensitivity	fragment	conflicting_mates	0
SRR23343446	AL_Shangrila	717	secondary	sensitivity	fragment	independent_eligible	21
SRR23343447	AL_Shangrila	717	secondary	sensitivity	alignment	duplicate	10
SRR23343447	AL_Shangrila	717	secondary	sensitivity	alignment	eligible	27
SRR23343447	AL_Shangrila	717	secondary	sensitivity	alignment	low_base_quality	2
SRR23343447	AL_Shangrila	717	secondary	sensitivity	fragment	conflicting_mates	0
SRR23343447	AL_Shangrila	717	secondary	sensitivity	fragment	independent_eligible	27
SRR23343448	AL_Shangrila	717	secondary	sensitivity	alignment	duplicate	6
SRR23343448	AL_Shangrila	717	secondary	sensitivity	alignment	eligible	16
SRR23343448	AL_Shangrila	717	secondary	sensitivity	alignment	low_base_quality	2
SRR23343448	AL_Shangrila	717	secondary	sensitivity	fragment	conflicting_mates	0
SRR23343448	AL_Shangrila	717	secondary	sensitivity	fragment	independent_eligible	16
SRR23343449	AL_Shangrila	717	secondary	sensitivity	alignment	duplicate	6
SRR23343449	AL_Shangrila	717	secondary	sensitivity	alignment	eligible	18
SRR23343449	AL_Shangrila	717	secondary	sensitivity	alignment	incomplete_codon	1
SRR23343449	AL_Shangrila	717	secondary	sensitivity	alignment	low_base_quality	3
SRR23343449	AL_Shangrila	717	secondary	sensitivity	fragment	conflicting_mates	0
SRR23343449	AL_Shangrila	717	secondary	sensitivity	fragment	independent_eligible	18
SRR23343450	AL_Shangrila	717	secondary	sensitivity	alignment	duplicate	5
SRR23343450	AL_Shangrila	717	secondary	sensitivity	alignment	eligible	21
SRR23343450	AL_Shangrila	717	secondary	sensitivity	alignment	low_base_quality	2
SRR23343450	AL_Shangrila	717	secondary	sensitivity	fragment	conflicting_mates	0
SRR23343450	AL_Shangrila	717	secondary	sensitivity	fragment	independent_eligible	21
SRR23343451	AL_Shangrila	717	secondary	sensitivity	alignment	duplicate	2
SRR23343451	AL_Shangrila	717	secondary	sensitivity	alignment	eligible	23
SRR23343451	AL_Shangrila	717	secondary	sensitivity	alignment	incomplete_codon	1
SRR23343451	AL_Shangrila	717	secondary	sensitivity	alignment	low_base_quality	1
SRR23343451	AL_Shangrila	717	secondary	sensitivity	fragment	conflicting_mates	0
SRR23343451	AL_Shangrila	717	secondary	sensitivity	fragment	independent_eligible	23
SRR23343452	AL_Shangrila	717	secondary	sensitivity	alignment	duplicate	4
SRR23343452	AL_Shangrila	717	secondary	sensitivity	alignment	eligible	34
SRR23343452	AL_Shangrila	717	secondary	sensitivity	alignment	low_base_quality	10
SRR23343452	AL_Shangrila	717	secondary	sensitivity	fragment	conflicting_mates	0
SRR23343452	AL_Shangrila	717	secondary	sensitivity	fragment	independent_eligible	34
SRR23343453	AL_Shangrila	717	secondary	sensitivity	alignment	duplicate	4
SRR23343453	AL_Shangrila	717	secondary	sensitivity	alignment	eligible	22
SRR23343453	AL_Shangrila	717	secondary	sensitivity	alignment	low_base_quality	3
SRR23343453	AL_Shangrila	717	secondary	sensitivity	fragment	conflicting_mates	0
SRR23343453	AL_Shangrila	717	secondary	sensitivity	fragment	independent_eligible	22
SRR23343454	AL_Shangrila	717	secondary	sensitivity	alignment	duplicate	5
SRR23343454	AL_Shangrila	717	secondary	sensitivity	alignment	eligible	31
SRR23343454	AL_Shangrila	717	secondary	sensitivity	alignment	incomplete_codon	1
SRR23343454	AL_Shangrila	717	secondary	sensitivity	alignment	low_base_quality	3
SRR23343454	AL_Shangrila	717	secondary	sensitivity	fragment	conflicting_mates	0
SRR23343454	AL_Shangrila	717	secondary	sensitivity	fragment	independent_eligible	31
SRR23343455	AL_Shangrila	717	secondary	sensitivity	alignment	eligible	1
SRR23343455	AL_Shangrila	717	secondary	sensitivity	fragment	conflicting_mates	0
SRR23343455	AL_Shangrila	717	secondary	sensitivity	fragment	independent_eligible	1
SRR23343456	AL_Shangrila	717	secondary	sensitivity	alignment	duplicate	5
SRR23343456	AL_Shangrila	717	secondary	sensitivity	alignment	eligible	25
SRR23343456	AL_Shangrila	717	secondary	sensitivity	alignment	low_base_quality	8
SRR23343456	AL_Shangrila	717	secondary	sensitivity	fragment	conflicting_mates	0
SRR23343456	AL_Shangrila	717	secondary	sensitivity	fragment	independent_eligible	25
SRR23343457	AL_Shangrila	717	secondary	sensitivity	alignment	duplicate	1
SRR23343457	AL_Shangrila	717	secondary	sensitivity	alignment	eligible	19
SRR23343457	AL_Shangrila	717	secondary	sensitivity	alignment	low_base_quality	4
SRR23343457	AL_Shangrila	717	secondary	sensitivity	fragment	conflicting_mates	0
SRR23343457	AL_Shangrila	717	secondary	sensitivity	fragment	independent_eligible	19
SRR23343458	AL_Shangrila	717	secondary	sensitivity	alignment	duplicate	7
SRR23343458	AL_Shangrila	717	secondary	sensitivity	alignment	eligible	28
SRR23343458	AL_Shangrila	717	secondary	sensitivity	alignment	low_base_quality	6
SRR23343458	AL_Shangrila	717	secondary	sensitivity	fragment	conflicting_mates	0
SRR23343458	AL_Shangrila	717	secondary	sensitivity	fragment	independent_eligible	28
SRR23343459	AL_Shangrila	717	secondary	sensitivity	alignment	duplicate	1
SRR23343459	AL_Shangrila	717	secondary	sensitivity	alignment	eligible	10
SRR23343459	AL_Shangrila	717	secondary	sensitivity	alignment	low_base_quality	2
SRR23343459	AL_Shangrila	717	secondary	sensitivity	fragment	conflicting_mates	0
SRR23343459	AL_Shangrila	717	secondary	sensitivity	fragment	independent_eligible	10
SRR23343460	AL_Shangrila	717	secondary	sensitivity	alignment	duplicate	4
SRR23343460	AL_Shangrila	717	secondary	sensitivity	alignment	eligible	21
SRR23343460	AL_Shangrila	717	secondary	sensitivity	alignment	incomplete_codon	1
SRR23343460	AL_Shangrila	717	secondary	sensitivity	alignment	low_base_quality	5
SRR23343460	AL_Shangrila	717	secondary	sensitivity	fragment	conflicting_mates	0
SRR23343460	AL_Shangrila	717	secondary	sensitivity	fragment	independent_eligible	21
SRR23343461	AL_Shangrila	717	secondary	sensitivity	alignment	duplicate	1
SRR23343461	AL_Shangrila	717	secondary	sensitivity	alignment	eligible	22
SRR23343461	AL_Shangrila	717	secondary	sensitivity	alignment	low_base_quality	2
SRR23343461	AL_Shangrila	717	secondary	sensitivity	fragment	conflicting_mates	0
SRR23343461	AL_Shangrila	717	secondary	sensitivity	fragment	independent_eligible	22
SRR23343462	AL_Shangrila	717	secondary	sensitivity	alignment	duplicate	10
SRR23343462	AL_Shangrila	717	secondary	sensitivity	alignment	eligible	43
SRR23343462	AL_Shangrila	717	secondary	sensitivity	alignment	incomplete_codon	1
SRR23343462	AL_Shangrila	717	secondary	sensitivity	alignment	low_base_quality	5
SRR23343462	AL_Shangrila	717	secondary	sensitivity	fragment	conflicting_mates	0
SRR23343462	AL_Shangrila	717	secondary	sensitivity	fragment	independent_eligible	43
SRR23343463	AL_Shangrila	717	secondary	sensitivity	alignment	duplicate	6
SRR23343463	AL_Shangrila	717	secondary	sensitivity	alignment	eligible	15
SRR23343463	AL_Shangrila	717	secondary	sensitivity	alignment	incomplete_codon	1
SRR23343463	AL_Shangrila	717	secondary	sensitivity	alignment	low_base_quality	5
SRR23343463	AL_Shangrila	717	secondary	sensitivity	alignment	low_mapping_quality	1
SRR23343463	AL_Shangrila	717	secondary	sensitivity	fragment	conflicting_mates	0
SRR23343463	AL_Shangrila	717	secondary	sensitivity	fragment	independent_eligible	15
SRR23343464	AL_Shangrila	717	secondary	sensitivity	alignment	duplicate	5
SRR23343464	AL_Shangrila	717	secondary	sensitivity	alignment	eligible	19
SRR23343464	AL_Shangrila	717	secondary	sensitivity	alignment	low_base_quality	2
SRR23343464	AL_Shangrila	717	secondary	sensitivity	fragment	conflicting_mates	0
SRR23343464	AL_Shangrila	717	secondary	sensitivity	fragment	independent_eligible	19
SRR23343465	AL_Shangrila	717	secondary	sensitivity	alignment	duplicate	6
SRR23343465	AL_Shangrila	717	secondary	sensitivity	alignment	eligible	20
SRR23343465	AL_Shangrila	717	secondary	sensitivity	alignment	incomplete_codon	2
SRR23343465	AL_Shangrila	717	secondary	sensitivity	alignment	low_base_quality	5
SRR23343465	AL_Shangrila	717	secondary	sensitivity	fragment	conflicting_mates	0
SRR23343465	AL_Shangrila	717	secondary	sensitivity	fragment	independent_eligible	20
SRR23343466	AL_Shangrila	717	secondary	sensitivity	alignment	duplicate	7
SRR23343466	AL_Shangrila	717	secondary	sensitivity	alignment	eligible	25
SRR23343466	AL_Shangrila	717	secondary	sensitivity	alignment	low_base_quality	7
SRR23343466	AL_Shangrila	717	secondary	sensitivity	fragment	conflicting_mates	0
SRR23343466	AL_Shangrila	717	secondary	sensitivity	fragment	independent_eligible	25
SRR23343467	AL_Shangrila	717	secondary	sensitivity	alignment	duplicate	3
SRR23343467	AL_Shangrila	717	secondary	sensitivity	alignment	eligible	20
SRR23343467	AL_Shangrila	717	secondary	sensitivity	alignment	low_base_quality	5
SRR23343467	AL_Shangrila	717	secondary	sensitivity	fragment	conflicting_mates	0
SRR23343467	AL_Shangrila	717	secondary	sensitivity	fragment	independent_eligible	20
SRR23343468	AL_Shangrila	717	secondary	sensitivity	alignment	duplicate	9
SRR23343468	AL_Shangrila	717	secondary	sensitivity	alignment	eligible	25
SRR23343468	AL_Shangrila	717	secondary	sensitivity	alignment	incomplete_codon	2
SRR23343468	AL_Shangrila	717	secondary	sensitivity	alignment	low_base_quality	6
SRR23343468	AL_Shangrila	717	secondary	sensitivity	fragment	conflicting_mates	0
SRR23343468	AL_Shangrila	717	secondary	sensitivity	fragment	independent_eligible	25
SRR23343469	AL_Shangrila	717	secondary	sensitivity	alignment	duplicate	4
SRR23343469	AL_Shangrila	717	secondary	sensitivity	alignment	eligible	24
SRR23343469	AL_Shangrila	717	secondary	sensitivity	alignment	incomplete_codon	1
SRR23343469	AL_Shangrila	717	secondary	sensitivity	alignment	low_base_quality	4
SRR23343469	AL_Shangrila	717	secondary	sensitivity	fragment	conflicting_mates	0
SRR23343469	AL_Shangrila	717	secondary	sensitivity	fragment	independent_eligible	24
SRR23343470	AL_Shangrila	717	secondary	sensitivity	alignment	duplicate	1
SRR23343470	AL_Shangrila	717	secondary	sensitivity	alignment	eligible	14
SRR23343470	AL_Shangrila	717	secondary	sensitivity	alignment	low_base_quality	7
SRR23343470	AL_Shangrila	717	secondary	sensitivity	fragment	conflicting_mates	0
SRR23343470	AL_Shangrila	717	secondary	sensitivity	fragment	independent_eligible	14
SRR23343471	AL_Shangrila	717	secondary	sensitivity	alignment	duplicate	5
SRR23343471	AL_Shangrila	717	secondary	sensitivity	alignment	eligible	22
SRR23343471	AL_Shangrila	717	secondary	sensitivity	alignment	incomplete_codon	2
SRR23343471	AL_Shangrila	717	secondary	sensitivity	alignment	low_base_quality	2
SRR23343471	AL_Shangrila	717	secondary	sensitivity	fragment	conflicting_mates	0
SRR23343471	AL_Shangrila	717	secondary	sensitivity	fragment	independent_eligible	22
SRR23343472	AL_Shangrila	717	secondary	sensitivity	alignment	duplicate	5
SRR23343472	AL_Shangrila	717	secondary	sensitivity	alignment	eligible	29
SRR23343472	AL_Shangrila	717	secondary	sensitivity	alignment	incomplete_codon	1
SRR23343472	AL_Shangrila	717	secondary	sensitivity	alignment	low_base_quality	5
SRR23343472	AL_Shangrila	717	secondary	sensitivity	fragment	conflicting_mates	0
SRR23343472	AL_Shangrila	717	secondary	sensitivity	fragment	independent_eligible	29
SRR23343473	AL_Shangrila	717	secondary	sensitivity	alignment	duplicate	8
SRR23343473	AL_Shangrila	717	secondary	sensitivity	alignment	eligible	48
SRR23343473	AL_Shangrila	717	secondary	sensitivity	alignment	incomplete_codon	2
SRR23343473	AL_Shangrila	717	secondary	sensitivity	alignment	low_base_quality	16
SRR23343473	AL_Shangrila	717	secondary	sensitivity	fragment	conflicting_mates	0
SRR23343473	AL_Shangrila	717	secondary	sensitivity	fragment	independent_eligible	48
SRR23343474	AL_Shangrila	717	secondary	sensitivity	alignment	duplicate	5
SRR23343474	AL_Shangrila	717	secondary	sensitivity	alignment	eligible	19
SRR23343474	AL_Shangrila	717	secondary	sensitivity	alignment	incomplete_codon	1
SRR23343474	AL_Shangrila	717	secondary	sensitivity	alignment	low_base_quality	4
SRR23343474	AL_Shangrila	717	secondary	sensitivity	fragment	conflicting_mates	0
SRR23343474	AL_Shangrila	717	secondary	sensitivity	fragment	independent_eligible	19
SRR23343475	AL_Shangrila	717	secondary	sensitivity	alignment	duplicate	10
SRR23343475	AL_Shangrila	717	secondary	sensitivity	alignment	eligible	36
SRR23343475	AL_Shangrila	717	secondary	sensitivity	alignment	low_base_quality	2
SRR23343475	AL_Shangrila	717	secondary	sensitivity	alignment	low_mapping_quality	1
SRR23343475	AL_Shangrila	717	secondary	sensitivity	fragment	conflicting_mates	0
SRR23343475	AL_Shangrila	717	secondary	sensitivity	fragment	independent_eligible	36
SRR23343476	AL_Shangrila	717	secondary	sensitivity	alignment	duplicate	5
SRR23343476	AL_Shangrila	717	secondary	sensitivity	alignment	eligible	12
SRR23343476	AL_Shangrila	717	secondary	sensitivity	alignment	incomplete_codon	1
SRR23343476	AL_Shangrila	717	secondary	sensitivity	alignment	low_base_quality	5
SRR23343476	AL_Shangrila	717	secondary	sensitivity	alignment	low_mapping_quality	1
SRR23343476	AL_Shangrila	717	secondary	sensitivity	fragment	conflicting_mates	0
SRR23343476	AL_Shangrila	717	secondary	sensitivity	fragment	independent_eligible	12
SRR23343477	AL_Shangrila	717	secondary	sensitivity	alignment	duplicate	7
SRR23343477	AL_Shangrila	717	secondary	sensitivity	alignment	eligible	35
SRR23343477	AL_Shangrila	717	secondary	sensitivity	alignment	incomplete_codon	1
SRR23343477	AL_Shangrila	717	secondary	sensitivity	alignment	low_base_quality	5
SRR23343477	AL_Shangrila	717	secondary	sensitivity	alignment	low_mapping_quality	1
SRR23343477	AL_Shangrila	717	secondary	sensitivity	fragment	conflicting_mates	0
SRR23343477	AL_Shangrila	717	secondary	sensitivity	fragment	independent_eligible	35
SRR23343478	AL_Shangrila	717	secondary	sensitivity	alignment	duplicate	12
SRR23343478	AL_Shangrila	717	secondary	sensitivity	alignment	eligible	31
SRR23343478	AL_Shangrila	717	secondary	sensitivity	alignment	incomplete_codon	3
SRR23343478	AL_Shangrila	717	secondary	sensitivity	alignment	low_base_quality	5
SRR23343478	AL_Shangrila	717	secondary	sensitivity	fragment	conflicting_mates	0
SRR23343478	AL_Shangrila	717	secondary	sensitivity	fragment	independent_eligible	30
SRR23343479	AL_Shangrila	717	secondary	sensitivity	alignment	duplicate	8
SRR23343479	AL_Shangrila	717	secondary	sensitivity	alignment	eligible	30
SRR23343479	AL_Shangrila	717	secondary	sensitivity	alignment	low_base_quality	4
SRR23343479	AL_Shangrila	717	secondary	sensitivity	fragment	conflicting_mates	0
SRR23343479	AL_Shangrila	717	secondary	sensitivity	fragment	independent_eligible	29
SRR23343480	AL_Shangrila	717	secondary	sensitivity	alignment	duplicate	3
SRR23343480	AL_Shangrila	717	secondary	sensitivity	alignment	eligible	29
SRR23343480	AL_Shangrila	717	secondary	sensitivity	alignment	low_base_quality	2
SRR23343480	AL_Shangrila	717	secondary	sensitivity	fragment	conflicting_mates	0
SRR23343480	AL_Shangrila	717	secondary	sensitivity	fragment	independent_eligible	29
SRR23343481	AL_Shangrila	717	secondary	sensitivity	alignment	duplicate	4
SRR23343481	AL_Shangrila	717	secondary	sensitivity	alignment	eligible	29
SRR23343481	AL_Shangrila	717	secondary	sensitivity	alignment	low_base_quality	2
SRR23343481	AL_Shangrila	717	secondary	sensitivity	fragment	conflicting_mates	0
SRR23343481	AL_Shangrila	717	secondary	sensitivity	fragment	independent_eligible	29
SRR23343482	AL_Shangrila	717	secondary	sensitivity	alignment	duplicate	8
SRR23343482	AL_Shangrila	717	secondary	sensitivity	alignment	eligible	28
SRR23343482	AL_Shangrila	717	secondary	sensitivity	alignment	incomplete_codon	2
SRR23343482	AL_Shangrila	717	secondary	sensitivity	alignment	low_base_quality	5
SRR23343482	AL_Shangrila	717	secondary	sensitivity	fragment	conflicting_mates	0
SRR23343482	AL_Shangrila	717	secondary	sensitivity	fragment	independent_eligible	28
SRR23343483	AL_Shangrila	717	secondary	sensitivity	alignment	duplicate	2
SRR23343483	AL_Shangrila	717	secondary	sensitivity	alignment	eligible	36
SRR23343483	AL_Shangrila	717	secondary	sensitivity	alignment	incomplete_codon	1
SRR23343483	AL_Shangrila	717	secondary	sensitivity	alignment	low_base_quality	7
SRR23343483	AL_Shangrila	717	secondary	sensitivity	fragment	conflicting_mates	0
SRR23343483	AL_Shangrila	717	secondary	sensitivity	fragment	independent_eligible	35
SRR23343484	AL_Shangrila	717	secondary	sensitivity	alignment	duplicate	7
SRR23343484	AL_Shangrila	717	secondary	sensitivity	alignment	eligible	16
SRR23343484	AL_Shangrila	717	secondary	sensitivity	alignment	low_base_quality	3
SRR23343484	AL_Shangrila	717	secondary	sensitivity	fragment	conflicting_mates	0
SRR23343484	AL_Shangrila	717	secondary	sensitivity	fragment	independent_eligible	16
SRR23343485	AL_Shangrila	717	secondary	sensitivity	alignment	duplicate	2
SRR23343485	AL_Shangrila	717	secondary	sensitivity	alignment	eligible	30
SRR23343485	AL_Shangrila	717	secondary	sensitivity	alignment	low_base_quality	5
SRR23343485	AL_Shangrila	717	secondary	sensitivity	fragment	conflicting_mates	0
SRR23343485	AL_Shangrila	717	secondary	sensitivity	fragment	independent_eligible	30
SRR23343486	AL_Shangrila	717	secondary	sensitivity	alignment	duplicate	6
SRR23343486	AL_Shangrila	717	secondary	sensitivity	alignment	eligible	31
SRR23343486	AL_Shangrila	717	secondary	sensitivity	alignment	incomplete_codon	1
SRR23343486	AL_Shangrila	717	secondary	sensitivity	alignment	low_base_quality	3
SRR23343486	AL_Shangrila	717	secondary	sensitivity	fragment	conflicting_mates	0
SRR23343486	AL_Shangrila	717	secondary	sensitivity	fragment	independent_eligible	30
SRR23343487	AL_Shangrila	717	secondary	sensitivity	alignment	duplicate	2
SRR23343487	AL_Shangrila	717	secondary	sensitivity	alignment	eligible	27
SRR23343487	AL_Shangrila	717	secondary	sensitivity	alignment	incomplete_codon	1
SRR23343487	AL_Shangrila	717	secondary	sensitivity	alignment	low_base_quality	4
SRR23343487	AL_Shangrila	717	secondary	sensitivity	fragment	conflicting_mates	0
SRR23343487	AL_Shangrila	717	secondary	sensitivity	fragment	independent_eligible	27
SRR23343488	AL_Shangrila	717	secondary	sensitivity	alignment	duplicate	3
SRR23343488	AL_Shangrila	717	secondary	sensitivity	alignment	eligible	28
SRR23343488	AL_Shangrila	717	secondary	sensitivity	alignment	incomplete_codon	1
SRR23343488	AL_Shangrila	717	secondary	sensitivity	alignment	low_base_quality	4
SRR23343488	AL_Shangrila	717	secondary	sensitivity	fragment	conflicting_mates	0
SRR23343488	AL_Shangrila	717	secondary	sensitivity	fragment	independent_eligible	28
SRR23343489	AL_Shangrila	717	secondary	sensitivity	alignment	duplicate	4
SRR23343489	AL_Shangrila	717	secondary	sensitivity	alignment	eligible	27
SRR23343489	AL_Shangrila	717	secondary	sensitivity	alignment	incomplete_codon	2
SRR23343489	AL_Shangrila	717	secondary	sensitivity	alignment	low_base_quality	4
SRR23343489	AL_Shangrila	717	secondary	sensitivity	fragment	conflicting_mates	0
SRR23343489	AL_Shangrila	717	secondary	sensitivity	fragment	independent_eligible	26
SRR23343490	AL_Shangrila	717	secondary	sensitivity	alignment	duplicate	1
SRR23343490	AL_Shangrila	717	secondary	sensitivity	alignment	eligible	15
SRR23343490	AL_Shangrila	717	secondary	sensitivity	alignment	low_base_quality	5
SRR23343490	AL_Shangrila	717	secondary	sensitivity	fragment	conflicting_mates	0
SRR23343490	AL_Shangrila	717	secondary	sensitivity	fragment	independent_eligible	15
SRR23343491	AL_Shangrila	717	secondary	sensitivity	alignment	duplicate	4
SRR23343491	AL_Shangrila	717	secondary	sensitivity	alignment	eligible	23
SRR23343491	AL_Shangrila	717	secondary	sensitivity	alignment	low_base_quality	8
SRR23343491	AL_Shangrila	717	secondary	sensitivity	fragment	conflicting_mates	0
SRR23343491	AL_Shangrila	717	secondary	sensitivity	fragment	independent_eligible	23
SRR23343492	AL_Shangrila	717	secondary	sensitivity	alignment	eligible	32
SRR23343492	AL_Shangrila	717	secondary	sensitivity	alignment	incomplete_codon	2
SRR23343492	AL_Shangrila	717	secondary	sensitivity	alignment	low_base_quality	5
SRR23343492	AL_Shangrila	717	secondary	sensitivity	fragment	conflicting_mates	0
SRR23343492	AL_Shangrila	717	secondary	sensitivity	fragment	independent_eligible	31
SRR23343493	AL_Shangrila	717	secondary	sensitivity	alignment	duplicate	8
SRR23343493	AL_Shangrila	717	secondary	sensitivity	alignment	eligible	24
SRR23343493	AL_Shangrila	717	secondary	sensitivity	alignment	low_base_quality	1
SRR23343493	AL_Shangrila	717	secondary	sensitivity	alignment	low_mapping_quality	1
SRR23343493	AL_Shangrila	717	secondary	sensitivity	fragment	conflicting_mates	0
SRR23343493	AL_Shangrila	717	secondary	sensitivity	fragment	independent_eligible	23
SRR23343494	AL_Shangrila	717	secondary	sensitivity	alignment	duplicate	9
SRR23343494	AL_Shangrila	717	secondary	sensitivity	alignment	eligible	30
SRR23343494	AL_Shangrila	717	secondary	sensitivity	alignment	incomplete_codon	2
SRR23343494	AL_Shangrila	717	secondary	sensitivity	alignment	low_base_quality	4
SRR23343494	AL_Shangrila	717	secondary	sensitivity	fragment	conflicting_mates	0
SRR23343494	AL_Shangrila	717	secondary	sensitivity	fragment	independent_eligible	30
SRR23343438	AL_Shangrila	727	secondary	sensitivity	alignment	duplicate	11
SRR23343438	AL_Shangrila	727	secondary	sensitivity	alignment	eligible	55
SRR23343438	AL_Shangrila	727	secondary	sensitivity	alignment	incomplete_codon	1
SRR23343438	AL_Shangrila	727	secondary	sensitivity	alignment	low_base_quality	6
SRR23343438	AL_Shangrila	727	secondary	sensitivity	fragment	conflicting_mates	0
SRR23343438	AL_Shangrila	727	secondary	sensitivity	fragment	independent_eligible	55
SRR23343439	AL_Shangrila	727	secondary	sensitivity	alignment	duplicate	3
SRR23343439	AL_Shangrila	727	secondary	sensitivity	alignment	eligible	34
SRR23343439	AL_Shangrila	727	secondary	sensitivity	alignment	incomplete_codon	3
SRR23343439	AL_Shangrila	727	secondary	sensitivity	alignment	low_base_quality	1
SRR23343439	AL_Shangrila	727	secondary	sensitivity	fragment	conflicting_mates	0
SRR23343439	AL_Shangrila	727	secondary	sensitivity	fragment	independent_eligible	33
SRR23343440	AL_Shangrila	727	secondary	sensitivity	alignment	duplicate	10
SRR23343440	AL_Shangrila	727	secondary	sensitivity	alignment	eligible	32
SRR23343440	AL_Shangrila	727	secondary	sensitivity	alignment	low_base_quality	2
SRR23343440	AL_Shangrila	727	secondary	sensitivity	fragment	conflicting_mates	0
SRR23343440	AL_Shangrila	727	secondary	sensitivity	fragment	independent_eligible	32
SRR23343441	AL_Shangrila	727	secondary	sensitivity	alignment	duplicate	6
SRR23343441	AL_Shangrila	727	secondary	sensitivity	alignment	eligible	28
SRR23343441	AL_Shangrila	727	secondary	sensitivity	alignment	incomplete_codon	2
SRR23343441	AL_Shangrila	727	secondary	sensitivity	alignment	low_base_quality	4
SRR23343441	AL_Shangrila	727	secondary	sensitivity	fragment	conflicting_mates	0
SRR23343441	AL_Shangrila	727	secondary	sensitivity	fragment	independent_eligible	28
SRR23343442	AL_Shangrila	727	secondary	sensitivity	alignment	duplicate	7
SRR23343442	AL_Shangrila	727	secondary	sensitivity	alignment	eligible	38
SRR23343442	AL_Shangrila	727	secondary	sensitivity	alignment	incomplete_codon	1
SRR23343442	AL_Shangrila	727	secondary	sensitivity	alignment	low_base_quality	12
SRR23343442	AL_Shangrila	727	secondary	sensitivity	alignment	nonprimary_alignment	3
SRR23343442	AL_Shangrila	727	secondary	sensitivity	fragment	conflicting_mates	0
SRR23343442	AL_Shangrila	727	secondary	sensitivity	fragment	independent_eligible	37
SRR23343443	AL_Shangrila	727	secondary	sensitivity	alignment	duplicate	7
SRR23343443	AL_Shangrila	727	secondary	sensitivity	alignment	eligible	22
SRR23343443	AL_Shangrila	727	secondary	sensitivity	alignment	incomplete_codon	1
SRR23343443	AL_Shangrila	727	secondary	sensitivity	alignment	low_base_quality	5
SRR23343443	AL_Shangrila	727	secondary	sensitivity	fragment	conflicting_mates	0
SRR23343443	AL_Shangrila	727	secondary	sensitivity	fragment	independent_eligible	22
SRR23343444	AL_Shangrila	727	secondary	sensitivity	alignment	duplicate	8
SRR23343444	AL_Shangrila	727	secondary	sensitivity	alignment	eligible	25
SRR23343444	AL_Shangrila	727	secondary	sensitivity	alignment	low_base_quality	1
SRR23343444	AL_Shangrila	727	secondary	sensitivity	alignment	low_mapping_quality	1
SRR23343444	AL_Shangrila	727	secondary	sensitivity	fragment	conflicting_mates	0
SRR23343444	AL_Shangrila	727	secondary	sensitivity	fragment	independent_eligible	24
SRR23343445	AL_Shangrila	727	secondary	sensitivity	alignment	duplicate	6
SRR23343445	AL_Shangrila	727	secondary	sensitivity	alignment	eligible	37
SRR23343445	AL_Shangrila	727	secondary	sensitivity	alignment	incomplete_codon	1
SRR23343445	AL_Shangrila	727	secondary	sensitivity	alignment	low_base_quality	6
SRR23343445	AL_Shangrila	727	secondary	sensitivity	fragment	conflicting_mates	0
SRR23343445	AL_Shangrila	727	secondary	sensitivity	fragment	independent_eligible	36
SRR23343446	AL_Shangrila	727	secondary	sensitivity	alignment	duplicate	7
SRR23343446	AL_Shangrila	727	secondary	sensitivity	alignment	eligible	27
SRR23343446	AL_Shangrila	727	secondary	sensitivity	alignment	incomplete_codon	2
SRR23343446	AL_Shangrila	727	secondary	sensitivity	alignment	low_base_quality	7
SRR23343446	AL_Shangrila	727	secondary	sensitivity	fragment	conflicting_mates	0
SRR23343446	AL_Shangrila	727	secondary	sensitivity	fragment	independent_eligible	27
SRR23343447	AL_Shangrila	727	secondary	sensitivity	alignment	duplicate	4
SRR23343447	AL_Shangrila	727	secondary	sensitivity	alignment	eligible	35
SRR23343447	AL_Shangrila	727	secondary	sensitivity	alignment	incomplete_codon	2
SRR23343447	AL_Shangrila	727	secondary	sensitivity	alignment	low_base_quality	6
SRR23343447	AL_Shangrila	727	secondary	sensitivity	fragment	conflicting_mates	0
SRR23343447	AL_Shangrila	727	secondary	sensitivity	fragment	independent_eligible	33
SRR23343448	AL_Shangrila	727	secondary	sensitivity	alignment	duplicate	9
SRR23343448	AL_Shangrila	727	secondary	sensitivity	alignment	eligible	25
SRR23343448	AL_Shangrila	727	secondary	sensitivity	alignment	low_base_quality	3
SRR23343448	AL_Shangrila	727	secondary	sensitivity	alignment	low_mapping_quality	1
SRR23343448	AL_Shangrila	727	secondary	sensitivity	fragment	conflicting_mates	0
SRR23343448	AL_Shangrila	727	secondary	sensitivity	fragment	independent_eligible	25
SRR23343449	AL_Shangrila	727	secondary	sensitivity	alignment	duplicate	6
SRR23343449	AL_Shangrila	727	secondary	sensitivity	alignment	eligible	25
SRR23343449	AL_Shangrila	727	secondary	sensitivity	alignment	incomplete_codon	1
SRR23343449	AL_Shangrila	727	secondary	sensitivity	alignment	low_base_quality	2
SRR23343449	AL_Shangrila	727	secondary	sensitivity	fragment	conflicting_mates	0
SRR23343449	AL_Shangrila	727	secondary	sensitivity	fragment	independent_eligible	25
SRR23343450	AL_Shangrila	727	secondary	sensitivity	alignment	duplicate	4
SRR23343450	AL_Shangrila	727	secondary	sensitivity	alignment	eligible	28
SRR23343450	AL_Shangrila	727	secondary	sensitivity	alignment	low_base_quality	3
SRR23343450	AL_Shangrila	727	secondary	sensitivity	fragment	conflicting_mates	0
SRR23343450	AL_Shangrila	727	secondary	sensitivity	fragment	independent_eligible	27
SRR23343451	AL_Shangrila	727	secondary	sensitivity	alignment	duplicate	3
SRR23343451	AL_Shangrila	727	secondary	sensitivity	alignment	eligible	25
SRR23343451	AL_Shangrila	727	secondary	sensitivity	alignment	incomplete_codon	1
SRR23343451	AL_Shangrila	727	secondary	sensitivity	alignment	low_base_quality	5
SRR23343451	AL_Shangrila	727	secondary	sensitivity	fragment	conflicting_mates	0
SRR23343451	AL_Shangrila	727	secondary	sensitivity	fragment	independent_eligible	24
SRR23343452	AL_Shangrila	727	secondary	sensitivity	alignment	duplicate	10
SRR23343452	AL_Shangrila	727	secondary	sensitivity	alignment	eligible	46
SRR23343452	AL_Shangrila	727	secondary	sensitivity	alignment	incomplete_codon	3
SRR23343452	AL_Shangrila	727	secondary	sensitivity	alignment	low_base_quality	2
SRR23343452	AL_Shangrila	727	secondary	sensitivity	fragment	conflicting_mates	0
SRR23343452	AL_Shangrila	727	secondary	sensitivity	fragment	independent_eligible	43
SRR23343453	AL_Shangrila	727	secondary	sensitivity	alignment	duplicate	3
SRR23343453	AL_Shangrila	727	secondary	sensitivity	alignment	eligible	10
SRR23343453	AL_Shangrila	727	secondary	sensitivity	alignment	low_base_quality	2
SRR23343453	AL_Shangrila	727	secondary	sensitivity	fragment	conflicting_mates	0
SRR23343453	AL_Shangrila	727	secondary	sensitivity	fragment	independent_eligible	10
SRR23343454	AL_Shangrila	727	secondary	sensitivity	alignment	duplicate	4
SRR23343454	AL_Shangrila	727	secondary	sensitivity	alignment	eligible	22
SRR23343454	AL_Shangrila	727	secondary	sensitivity	alignment	low_base_quality	1
SRR23343454	AL_Shangrila	727	secondary	sensitivity	fragment	conflicting_mates	0
SRR23343454	AL_Shangrila	727	secondary	sensitivity	fragment	independent_eligible	22
SRR23343455	AL_Shangrila	727	secondary	sensitivity	alignment	duplicate	1
SRR23343455	AL_Shangrila	727	secondary	sensitivity	alignment	eligible	5
SRR23343455	AL_Shangrila	727	secondary	sensitivity	fragment	conflicting_mates	0
SRR23343455	AL_Shangrila	727	secondary	sensitivity	fragment	independent_eligible	5
SRR23343456	AL_Shangrila	727	secondary	sensitivity	alignment	duplicate	7
SRR23343456	AL_Shangrila	727	secondary	sensitivity	alignment	eligible	30
SRR23343456	AL_Shangrila	727	secondary	sensitivity	alignment	low_base_quality	6
SRR23343456	AL_Shangrila	727	secondary	sensitivity	fragment	conflicting_mates	0
SRR23343456	AL_Shangrila	727	secondary	sensitivity	fragment	independent_eligible	30
SRR23343457	AL_Shangrila	727	secondary	sensitivity	alignment	duplicate	5
SRR23343457	AL_Shangrila	727	secondary	sensitivity	alignment	eligible	28
SRR23343457	AL_Shangrila	727	secondary	sensitivity	alignment	low_base_quality	9
SRR23343457	AL_Shangrila	727	secondary	sensitivity	fragment	conflicting_mates	0
SRR23343457	AL_Shangrila	727	secondary	sensitivity	fragment	independent_eligible	27
SRR23343458	AL_Shangrila	727	secondary	sensitivity	alignment	duplicate	5
SRR23343458	AL_Shangrila	727	secondary	sensitivity	alignment	eligible	26
SRR23343458	AL_Shangrila	727	secondary	sensitivity	alignment	incomplete_codon	1
SRR23343458	AL_Shangrila	727	secondary	sensitivity	alignment	low_base_quality	9
SRR23343458	AL_Shangrila	727	secondary	sensitivity	fragment	conflicting_mates	0
SRR23343458	AL_Shangrila	727	secondary	sensitivity	fragment	independent_eligible	26
SRR23343459	AL_Shangrila	727	secondary	sensitivity	alignment	duplicate	1
SRR23343459	AL_Shangrila	727	secondary	sensitivity	alignment	eligible	22
SRR23343459	AL_Shangrila	727	secondary	sensitivity	alignment	incomplete_codon	2
SRR23343459	AL_Shangrila	727	secondary	sensitivity	alignment	low_base_quality	9
SRR23343459	AL_Shangrila	727	secondary	sensitivity	fragment	conflicting_mates	0
SRR23343459	AL_Shangrila	727	secondary	sensitivity	fragment	independent_eligible	22
SRR23343460	AL_Shangrila	727	secondary	sensitivity	alignment	duplicate	2
SRR23343460	AL_Shangrila	727	secondary	sensitivity	alignment	eligible	24
SRR23343460	AL_Shangrila	727	secondary	sensitivity	alignment	incomplete_codon	2
SRR23343460	AL_Shangrila	727	secondary	sensitivity	alignment	low_base_quality	1
SRR23343460	AL_Shangrila	727	secondary	sensitivity	fragment	conflicting_mates	0
SRR23343460	AL_Shangrila	727	secondary	sensitivity	fragment	independent_eligible	23
SRR23343461	AL_Shangrila	727	secondary	sensitivity	alignment	duplicate	4
SRR23343461	AL_Shangrila	727	secondary	sensitivity	alignment	eligible	32
SRR23343461	AL_Shangrila	727	secondary	sensitivity	alignment	low_base_quality	8
SRR23343461	AL_Shangrila	727	secondary	sensitivity	fragment	conflicting_mates	0
SRR23343461	AL_Shangrila	727	secondary	sensitivity	fragment	independent_eligible	32
SRR23343462	AL_Shangrila	727	secondary	sensitivity	alignment	duplicate	11
SRR23343462	AL_Shangrila	727	secondary	sensitivity	alignment	eligible	36
SRR23343462	AL_Shangrila	727	secondary	sensitivity	alignment	incomplete_codon	1
SRR23343462	AL_Shangrila	727	secondary	sensitivity	alignment	low_base_quality	10
SRR23343462	AL_Shangrila	727	secondary	sensitivity	fragment	conflicting_mates	0
SRR23343462	AL_Shangrila	727	secondary	sensitivity	fragment	independent_eligible	36
SRR23343463	AL_Shangrila	727	secondary	sensitivity	alignment	duplicate	8
SRR23343463	AL_Shangrila	727	secondary	sensitivity	alignment	eligible	26
SRR23343463	AL_Shangrila	727	secondary	sensitivity	alignment	incomplete_codon	1
SRR23343463	AL_Shangrila	727	secondary	sensitivity	alignment	low_base_quality	8
SRR23343463	AL_Shangrila	727	secondary	sensitivity	alignment	low_mapping_quality	1
SRR23343463	AL_Shangrila	727	secondary	sensitivity	fragment	conflicting_mates	0
SRR23343463	AL_Shangrila	727	secondary	sensitivity	fragment	independent_eligible	26
SRR23343464	AL_Shangrila	727	secondary	sensitivity	alignment	duplicate	4
SRR23343464	AL_Shangrila	727	secondary	sensitivity	alignment	eligible	29
SRR23343464	AL_Shangrila	727	secondary	sensitivity	alignment	incomplete_codon	2
SRR23343464	AL_Shangrila	727	secondary	sensitivity	alignment	low_base_quality	8
SRR23343464	AL_Shangrila	727	secondary	sensitivity	fragment	conflicting_mates	0
SRR23343464	AL_Shangrila	727	secondary	sensitivity	fragment	independent_eligible	29
SRR23343465	AL_Shangrila	727	secondary	sensitivity	alignment	duplicate	6
SRR23343465	AL_Shangrila	727	secondary	sensitivity	alignment	eligible	23
SRR23343465	AL_Shangrila	727	secondary	sensitivity	alignment	incomplete_codon	2
SRR23343465	AL_Shangrila	727	secondary	sensitivity	alignment	low_base_quality	3
SRR23343465	AL_Shangrila	727	secondary	sensitivity	fragment	conflicting_mates	0
SRR23343465	AL_Shangrila	727	secondary	sensitivity	fragment	independent_eligible	23
SRR23343466	AL_Shangrila	727	secondary	sensitivity	alignment	duplicate	5
SRR23343466	AL_Shangrila	727	secondary	sensitivity	alignment	eligible	19
SRR23343466	AL_Shangrila	727	secondary	sensitivity	alignment	low_base_quality	4
SRR23343466	AL_Shangrila	727	secondary	sensitivity	fragment	conflicting_mates	0
SRR23343466	AL_Shangrila	727	secondary	sensitivity	fragment	independent_eligible	19
SRR23343467	AL_Shangrila	727	secondary	sensitivity	alignment	duplicate	6
SRR23343467	AL_Shangrila	727	secondary	sensitivity	alignment	eligible	20
SRR23343467	AL_Shangrila	727	secondary	sensitivity	alignment	low_base_quality	8
SRR23343467	AL_Shangrila	727	secondary	sensitivity	fragment	conflicting_mates	0
SRR23343467	AL_Shangrila	727	secondary	sensitivity	fragment	independent_eligible	20
SRR23343468	AL_Shangrila	727	secondary	sensitivity	alignment	duplicate	18
SRR23343468	AL_Shangrila	727	secondary	sensitivity	alignment	eligible	30
SRR23343468	AL_Shangrila	727	secondary	sensitivity	alignment	incomplete_codon	1
SRR23343468	AL_Shangrila	727	secondary	sensitivity	alignment	low_base_quality	6
SRR23343468	AL_Shangrila	727	secondary	sensitivity	fragment	conflicting_mates	0
SRR23343468	AL_Shangrila	727	secondary	sensitivity	fragment	independent_eligible	29
SRR23343469	AL_Shangrila	727	secondary	sensitivity	alignment	duplicate	4
SRR23343469	AL_Shangrila	727	secondary	sensitivity	alignment	eligible	31
SRR23343469	AL_Shangrila	727	secondary	sensitivity	alignment	incomplete_codon	1
SRR23343469	AL_Shangrila	727	secondary	sensitivity	alignment	low_base_quality	2
SRR23343469	AL_Shangrila	727	secondary	sensitivity	fragment	conflicting_mates	0
SRR23343469	AL_Shangrila	727	secondary	sensitivity	fragment	independent_eligible	30
SRR23343470	AL_Shangrila	727	secondary	sensitivity	alignment	duplicate	3
SRR23343470	AL_Shangrila	727	secondary	sensitivity	alignment	eligible	20
SRR23343470	AL_Shangrila	727	secondary	sensitivity	alignment	incomplete_codon	1
SRR23343470	AL_Shangrila	727	secondary	sensitivity	alignment	low_base_quality	4
SRR23343470	AL_Shangrila	727	secondary	sensitivity	fragment	conflicting_mates	0
SRR23343470	AL_Shangrila	727	secondary	sensitivity	fragment	independent_eligible	20
SRR23343471	AL_Shangrila	727	secondary	sensitivity	alignment	duplicate	8
SRR23343471	AL_Shangrila	727	secondary	sensitivity	alignment	eligible	31
SRR23343471	AL_Shangrila	727	secondary	sensitivity	alignment	low_base_quality	4
SRR23343471	AL_Shangrila	727	secondary	sensitivity	fragment	conflicting_mates	0
SRR23343471	AL_Shangrila	727	secondary	sensitivity	fragment	independent_eligible	31
SRR23343472	AL_Shangrila	727	secondary	sensitivity	alignment	duplicate	5
SRR23343472	AL_Shangrila	727	secondary	sensitivity	alignment	eligible	34
SRR23343472	AL_Shangrila	727	secondary	sensitivity	alignment	incomplete_codon	1
SRR23343472	AL_Shangrila	727	secondary	sensitivity	alignment	low_base_quality	5
SRR23343472	AL_Shangrila	727	secondary	sensitivity	fragment	conflicting_mates	0
SRR23343472	AL_Shangrila	727	secondary	sensitivity	fragment	independent_eligible	34
SRR23343473	AL_Shangrila	727	secondary	sensitivity	alignment	duplicate	10
SRR23343473	AL_Shangrila	727	secondary	sensitivity	alignment	eligible	52
SRR23343473	AL_Shangrila	727	secondary	sensitivity	alignment	incomplete_codon	3
SRR23343473	AL_Shangrila	727	secondary	sensitivity	alignment	low_base_quality	13
SRR23343473	AL_Shangrila	727	secondary	sensitivity	fragment	conflicting_mates	0
SRR23343473	AL_Shangrila	727	secondary	sensitivity	fragment	independent_eligible	52
SRR23343474	AL_Shangrila	727	secondary	sensitivity	alignment	duplicate	3
SRR23343474	AL_Shangrila	727	secondary	sensitivity	alignment	eligible	24
SRR23343474	AL_Shangrila	727	secondary	sensitivity	alignment	incomplete_codon	1
SRR23343474	AL_Shangrila	727	secondary	sensitivity	alignment	low_base_quality	5
SRR23343474	AL_Shangrila	727	secondary	sensitivity	fragment	conflicting_mates	0
SRR23343474	AL_Shangrila	727	secondary	sensitivity	fragment	independent_eligible	24
SRR23343475	AL_Shangrila	727	secondary	sensitivity	alignment	duplicate	10
SRR23343475	AL_Shangrila	727	secondary	sensitivity	alignment	eligible	18
SRR23343475	AL_Shangrila	727	secondary	sensitivity	alignment	low_base_quality	1
SRR23343475	AL_Shangrila	727	secondary	sensitivity	alignment	low_mapping_quality	1
SRR23343475	AL_Shangrila	727	secondary	sensitivity	fragment	conflicting_mates	0
SRR23343475	AL_Shangrila	727	secondary	sensitivity	fragment	independent_eligible	17
SRR23343476	AL_Shangrila	727	secondary	sensitivity	alignment	duplicate	6
SRR23343476	AL_Shangrila	727	secondary	sensitivity	alignment	eligible	17
SRR23343476	AL_Shangrila	727	secondary	sensitivity	alignment	incomplete_codon	1
SRR23343476	AL_Shangrila	727	secondary	sensitivity	alignment	low_base_quality	2
SRR23343476	AL_Shangrila	727	secondary	sensitivity	alignment	low_mapping_quality	1
SRR23343476	AL_Shangrila	727	secondary	sensitivity	fragment	conflicting_mates	0
SRR23343476	AL_Shangrila	727	secondary	sensitivity	fragment	independent_eligible	17
SRR23343477	AL_Shangrila	727	secondary	sensitivity	alignment	duplicate	7
SRR23343477	AL_Shangrila	727	secondary	sensitivity	alignment	eligible	34
SRR23343477	AL_Shangrila	727	secondary	sensitivity	alignment	incomplete_codon	1
SRR23343477	AL_Shangrila	727	secondary	sensitivity	alignment	low_base_quality	3
SRR23343477	AL_Shangrila	727	secondary	sensitivity	alignment	low_mapping_quality	1
SRR23343477	AL_Shangrila	727	secondary	sensitivity	fragment	conflicting_mates	0
SRR23343477	AL_Shangrila	727	secondary	sensitivity	fragment	independent_eligible	33
SRR23343478	AL_Shangrila	727	secondary	sensitivity	alignment	duplicate	8
SRR23343478	AL_Shangrila	727	secondary	sensitivity	alignment	eligible	27
SRR23343478	AL_Shangrila	727	secondary	sensitivity	alignment	incomplete_codon	1
SRR23343478	AL_Shangrila	727	secondary	sensitivity	alignment	low_base_quality	3
SRR23343478	AL_Shangrila	727	secondary	sensitivity	fragment	conflicting_mates	0
SRR23343478	AL_Shangrila	727	secondary	sensitivity	fragment	independent_eligible	27
SRR23343479	AL_Shangrila	727	secondary	sensitivity	alignment	duplicate	5
SRR23343479	AL_Shangrila	727	secondary	sensitivity	alignment	eligible	23
SRR23343479	AL_Shangrila	727	secondary	sensitivity	alignment	incomplete_codon	1
SRR23343479	AL_Shangrila	727	secondary	sensitivity	alignment	low_base_quality	3
SRR23343479	AL_Shangrila	727	secondary	sensitivity	fragment	conflicting_mates	0
SRR23343479	AL_Shangrila	727	secondary	sensitivity	fragment	independent_eligible	23
SRR23343480	AL_Shangrila	727	secondary	sensitivity	alignment	duplicate	5
SRR23343480	AL_Shangrila	727	secondary	sensitivity	alignment	eligible	30
SRR23343480	AL_Shangrila	727	secondary	sensitivity	alignment	low_base_quality	3
SRR23343480	AL_Shangrila	727	secondary	sensitivity	fragment	conflicting_mates	0
SRR23343480	AL_Shangrila	727	secondary	sensitivity	fragment	independent_eligible	30
SRR23343481	AL_Shangrila	727	secondary	sensitivity	alignment	duplicate	6
SRR23343481	AL_Shangrila	727	secondary	sensitivity	alignment	eligible	34
SRR23343481	AL_Shangrila	727	secondary	sensitivity	alignment	incomplete_codon	2
SRR23343481	AL_Shangrila	727	secondary	sensitivity	alignment	low_base_quality	5
SRR23343481	AL_Shangrila	727	secondary	sensitivity	fragment	conflicting_mates	0
SRR23343481	AL_Shangrila	727	secondary	sensitivity	fragment	independent_eligible	33
SRR23343482	AL_Shangrila	727	secondary	sensitivity	alignment	duplicate	11
SRR23343482	AL_Shangrila	727	secondary	sensitivity	alignment	eligible	33
SRR23343482	AL_Shangrila	727	secondary	sensitivity	alignment	low_base_quality	2
SRR23343482	AL_Shangrila	727	secondary	sensitivity	fragment	conflicting_mates	0
SRR23343482	AL_Shangrila	727	secondary	sensitivity	fragment	independent_eligible	33
SRR23343483	AL_Shangrila	727	secondary	sensitivity	alignment	duplicate	8
SRR23343483	AL_Shangrila	727	secondary	sensitivity	alignment	eligible	35
SRR23343483	AL_Shangrila	727	secondary	sensitivity	alignment	incomplete_codon	2
SRR23343483	AL_Shangrila	727	secondary	sensitivity	fragment	conflicting_mates	0
SRR23343483	AL_Shangrila	727	secondary	sensitivity	fragment	independent_eligible	34
SRR23343484	AL_Shangrila	727	secondary	sensitivity	alignment	duplicate	4
SRR23343484	AL_Shangrila	727	secondary	sensitivity	alignment	eligible	25
SRR23343484	AL_Shangrila	727	secondary	sensitivity	alignment	incomplete_codon	1
SRR23343484	AL_Shangrila	727	secondary	sensitivity	alignment	low_base_quality	1
SRR23343484	AL_Shangrila	727	secondary	sensitivity	fragment	conflicting_mates	0
SRR23343484	AL_Shangrila	727	secondary	sensitivity	fragment	independent_eligible	25
SRR23343485	AL_Shangrila	727	secondary	sensitivity	alignment	duplicate	7
SRR23343485	AL_Shangrila	727	secondary	sensitivity	alignment	eligible	23
SRR23343485	AL_Shangrila	727	secondary	sensitivity	alignment	incomplete_codon	1
SRR23343485	AL_Shangrila	727	secondary	sensitivity	alignment	low_base_quality	1
SRR23343485	AL_Shangrila	727	secondary	sensitivity	fragment	conflicting_mates	0
SRR23343485	AL_Shangrila	727	secondary	sensitivity	fragment	independent_eligible	23
SRR23343486	AL_Shangrila	727	secondary	sensitivity	alignment	duplicate	8
SRR23343486	AL_Shangrila	727	secondary	sensitivity	alignment	eligible	31
SRR23343486	AL_Shangrila	727	secondary	sensitivity	alignment	low_base_quality	2
SRR23343486	AL_Shangrila	727	secondary	sensitivity	alignment	low_mapping_quality	1
SRR23343486	AL_Shangrila	727	secondary	sensitivity	fragment	conflicting_mates	0
SRR23343486	AL_Shangrila	727	secondary	sensitivity	fragment	independent_eligible	29
SRR23343487	AL_Shangrila	727	secondary	sensitivity	alignment	duplicate	4
SRR23343487	AL_Shangrila	727	secondary	sensitivity	alignment	eligible	35
SRR23343487	AL_Shangrila	727	secondary	sensitivity	alignment	low_base_quality	6
SRR23343487	AL_Shangrila	727	secondary	sensitivity	fragment	conflicting_mates	0
SRR23343487	AL_Shangrila	727	secondary	sensitivity	fragment	independent_eligible	34
SRR23343488	AL_Shangrila	727	secondary	sensitivity	alignment	duplicate	7
SRR23343488	AL_Shangrila	727	secondary	sensitivity	alignment	eligible	26
SRR23343488	AL_Shangrila	727	secondary	sensitivity	alignment	low_base_quality	1
SRR23343488	AL_Shangrila	727	secondary	sensitivity	fragment	conflicting_mates	0
SRR23343488	AL_Shangrila	727	secondary	sensitivity	fragment	independent_eligible	25
SRR23343489	AL_Shangrila	727	secondary	sensitivity	alignment	duplicate	4
SRR23343489	AL_Shangrila	727	secondary	sensitivity	alignment	eligible	34
SRR23343489	AL_Shangrila	727	secondary	sensitivity	alignment	incomplete_codon	2
SRR23343489	AL_Shangrila	727	secondary	sensitivity	alignment	low_base_quality	7
SRR23343489	AL_Shangrila	727	secondary	sensitivity	fragment	conflicting_mates	0
SRR23343489	AL_Shangrila	727	secondary	sensitivity	fragment	independent_eligible	34
SRR23343490	AL_Shangrila	727	secondary	sensitivity	alignment	duplicate	6
SRR23343490	AL_Shangrila	727	secondary	sensitivity	alignment	eligible	26
SRR23343490	AL_Shangrila	727	secondary	sensitivity	alignment	incomplete_codon	1
SRR23343490	AL_Shangrila	727	secondary	sensitivity	alignment	low_base_quality	2
SRR23343490	AL_Shangrila	727	secondary	sensitivity	fragment	conflicting_mates	0
SRR23343490	AL_Shangrila	727	secondary	sensitivity	fragment	independent_eligible	26
SRR23343491	AL_Shangrila	727	secondary	sensitivity	alignment	duplicate	2
SRR23343491	AL_Shangrila	727	secondary	sensitivity	alignment	eligible	22
SRR23343491	AL_Shangrila	727	secondary	sensitivity	alignment	low_base_quality	3
SRR23343491	AL_Shangrila	727	secondary	sensitivity	fragment	conflicting_mates	0
SRR23343491	AL_Shangrila	727	secondary	sensitivity	fragment	independent_eligible	22
SRR23343492	AL_Shangrila	727	secondary	sensitivity	alignment	duplicate	4
SRR23343492	AL_Shangrila	727	secondary	sensitivity	alignment	eligible	33
SRR23343492	AL_Shangrila	727	secondary	sensitivity	alignment	incomplete_codon	2
SRR23343492	AL_Shangrila	727	secondary	sensitivity	alignment	low_base_quality	4
SRR23343492	AL_Shangrila	727	secondary	sensitivity	fragment	conflicting_mates	0
SRR23343492	AL_Shangrila	727	secondary	sensitivity	fragment	independent_eligible	33
SRR23343493	AL_Shangrila	727	secondary	sensitivity	alignment	duplicate	9
SRR23343493	AL_Shangrila	727	secondary	sensitivity	alignment	eligible	20
SRR23343493	AL_Shangrila	727	secondary	sensitivity	alignment	incomplete_codon	2
SRR23343493	AL_Shangrila	727	secondary	sensitivity	alignment	low_base_quality	3
SRR23343493	AL_Shangrila	727	secondary	sensitivity	fragment	conflicting_mates	0
SRR23343493	AL_Shangrila	727	secondary	sensitivity	fragment	independent_eligible	20
SRR23343494	AL_Shangrila	727	secondary	sensitivity	alignment	duplicate	3
SRR23343494	AL_Shangrila	727	secondary	sensitivity	alignment	eligible	29
SRR23343494	AL_Shangrila	727	secondary	sensitivity	alignment	low_base_quality	3
SRR23343494	AL_Shangrila	727	secondary	sensitivity	fragment	conflicting_mates	0
SRR23343494	AL_Shangrila	727	secondary	sensitivity	fragment	independent_eligible	29
SRR23343438	AL_Shangrila	766	secondary	sensitivity	alignment	duplicate	14
SRR23343438	AL_Shangrila	766	secondary	sensitivity	alignment	eligible	47
SRR23343438	AL_Shangrila	766	secondary	sensitivity	alignment	incomplete_codon	2
SRR23343438	AL_Shangrila	766	secondary	sensitivity	alignment	low_base_quality	2
SRR23343438	AL_Shangrila	766	secondary	sensitivity	fragment	conflicting_mates	0
SRR23343438	AL_Shangrila	766	secondary	sensitivity	fragment	independent_eligible	46
SRR23343439	AL_Shangrila	766	secondary	sensitivity	alignment	duplicate	9
SRR23343439	AL_Shangrila	766	secondary	sensitivity	alignment	eligible	38
SRR23343439	AL_Shangrila	766	secondary	sensitivity	alignment	incomplete_codon	1
SRR23343439	AL_Shangrila	766	secondary	sensitivity	alignment	low_base_quality	2
SRR23343439	AL_Shangrila	766	secondary	sensitivity	fragment	conflicting_mates	0
SRR23343439	AL_Shangrila	766	secondary	sensitivity	fragment	independent_eligible	37
SRR23343440	AL_Shangrila	766	secondary	sensitivity	alignment	duplicate	5
SRR23343440	AL_Shangrila	766	secondary	sensitivity	alignment	eligible	35
SRR23343440	AL_Shangrila	766	secondary	sensitivity	alignment	low_base_quality	4
SRR23343440	AL_Shangrila	766	secondary	sensitivity	fragment	conflicting_mates	0
SRR23343440	AL_Shangrila	766	secondary	sensitivity	fragment	independent_eligible	34
SRR23343441	AL_Shangrila	766	secondary	sensitivity	alignment	duplicate	7
SRR23343441	AL_Shangrila	766	secondary	sensitivity	alignment	eligible	23
SRR23343441	AL_Shangrila	766	secondary	sensitivity	alignment	low_base_quality	2
SRR23343441	AL_Shangrila	766	secondary	sensitivity	fragment	conflicting_mates	0
SRR23343441	AL_Shangrila	766	secondary	sensitivity	fragment	independent_eligible	23
SRR23343442	AL_Shangrila	766	secondary	sensitivity	alignment	duplicate	12
SRR23343442	AL_Shangrila	766	secondary	sensitivity	alignment	eligible	54
SRR23343442	AL_Shangrila	766	secondary	sensitivity	fragment	conflicting_mates	0
SRR23343442	AL_Shangrila	766	secondary	sensitivity	fragment	independent_eligible	53
SRR23343443	AL_Shangrila	766	secondary	sensitivity	alignment	duplicate	4
SRR23343443	AL_Shangrila	766	secondary	sensitivity	alignment	eligible	34
SRR23343443	AL_Shangrila	766	secondary	sensitivity	alignment	low_base_quality	1
SRR23343443	AL_Shangrila	766	secondary	sensitivity	fragment	conflicting_mates	0
SRR23343443	AL_Shangrila	766	secondary	sensitivity	fragment	independent_eligible	32
SRR23343444	AL_Shangrila	766	secondary	sensitivity	alignment	duplicate	4
SRR23343444	AL_Shangrila	766	secondary	sensitivity	alignment	eligible	16
SRR23343444	AL_Shangrila	766	secondary	sensitivity	alignment	incomplete_codon	1
SRR23343444	AL_Shangrila	766	secondary	sensitivity	fragment	conflicting_mates	0
SRR23343444	AL_Shangrila	766	secondary	sensitivity	fragment	independent_eligible	15
SRR23343445	AL_Shangrila	766	secondary	sensitivity	alignment	duplicate	7
SRR23343445	AL_Shangrila	766	secondary	sensitivity	alignment	eligible	46
SRR23343445	AL_Shangrila	766	secondary	sensitivity	alignment	incomplete_codon	2
SRR23343445	AL_Shangrila	766	secondary	sensitivity	alignment	low_base_quality	3
SRR23343445	AL_Shangrila	766	secondary	sensitivity	fragment	conflicting_mates	0
SRR23343445	AL_Shangrila	766	secondary	sensitivity	fragment	independent_eligible	44
SRR23343446	AL_Shangrila	766	secondary	sensitivity	alignment	duplicate	13
SRR23343446	AL_Shangrila	766	secondary	sensitivity	alignment	eligible	33
SRR23343446	AL_Shangrila	766	secondary	sensitivity	alignment	incomplete_codon	1
SRR23343446	AL_Shangrila	766	secondary	sensitivity	alignment	low_base_quality	1
SRR23343446	AL_Shangrila	766	secondary	sensitivity	fragment	conflicting_mates	0
SRR23343446	AL_Shangrila	766	secondary	sensitivity	fragment	independent_eligible	33
SRR23343447	AL_Shangrila	766	secondary	sensitivity	alignment	duplicate	14
SRR23343447	AL_Shangrila	766	secondary	sensitivity	alignment	eligible	39
SRR23343447	AL_Shangrila	766	secondary	sensitivity	alignment	incomplete_codon	2
SRR23343447	AL_Shangrila	766	secondary	sensitivity	fragment	conflicting_mates	0
SRR23343447	AL_Shangrila	766	secondary	sensitivity	fragment	independent_eligible	38
SRR23343448	AL_Shangrila	766	secondary	sensitivity	alignment	duplicate	11
SRR23343448	AL_Shangrila	766	secondary	sensitivity	alignment	eligible	29
SRR23343448	AL_Shangrila	766	secondary	sensitivity	fragment	conflicting_mates	0
SRR23343448	AL_Shangrila	766	secondary	sensitivity	fragment	independent_eligible	27
SRR23343449	AL_Shangrila	766	secondary	sensitivity	alignment	duplicate	9
SRR23343449	AL_Shangrila	766	secondary	sensitivity	alignment	eligible	31
SRR23343449	AL_Shangrila	766	secondary	sensitivity	alignment	incomplete_codon	1
SRR23343449	AL_Shangrila	766	secondary	sensitivity	alignment	low_base_quality	4
SRR23343449	AL_Shangrila	766	secondary	sensitivity	fragment	conflicting_mates	0
SRR23343449	AL_Shangrila	766	secondary	sensitivity	fragment	independent_eligible	31
SRR23343450	AL_Shangrila	766	secondary	sensitivity	alignment	duplicate	8
SRR23343450	AL_Shangrila	766	secondary	sensitivity	alignment	eligible	35
SRR23343450	AL_Shangrila	766	secondary	sensitivity	fragment	conflicting_mates	0
SRR23343450	AL_Shangrila	766	secondary	sensitivity	fragment	independent_eligible	35
SRR23343451	AL_Shangrila	766	secondary	sensitivity	alignment	duplicate	3
SRR23343451	AL_Shangrila	766	secondary	sensitivity	alignment	eligible	25
SRR23343451	AL_Shangrila	766	secondary	sensitivity	alignment	low_base_quality	1
SRR23343451	AL_Shangrila	766	secondary	sensitivity	fragment	conflicting_mates	0
SRR23343451	AL_Shangrila	766	secondary	sensitivity	fragment	independent_eligible	25
SRR23343452	AL_Shangrila	766	secondary	sensitivity	alignment	duplicate	5
SRR23343452	AL_Shangrila	766	secondary	sensitivity	alignment	eligible	39
SRR23343452	AL_Shangrila	766	secondary	sensitivity	fragment	conflicting_mates	0
SRR23343452	AL_Shangrila	766	secondary	sensitivity	fragment	independent_eligible	37
SRR23343453	AL_Shangrila	766	secondary	sensitivity	alignment	duplicate	5
SRR23343453	AL_Shangrila	766	secondary	sensitivity	alignment	eligible	21
SRR23343453	AL_Shangrila	766	secondary	sensitivity	alignment	incomplete_codon	2
SRR23343453	AL_Shangrila	766	secondary	sensitivity	fragment	conflicting_mates	0
SRR23343453	AL_Shangrila	766	secondary	sensitivity	fragment	independent_eligible	19
SRR23343454	AL_Shangrila	766	secondary	sensitivity	alignment	duplicate	3
SRR23343454	AL_Shangrila	766	secondary	sensitivity	alignment	eligible	17
SRR23343454	AL_Shangrila	766	secondary	sensitivity	alignment	incomplete_codon	1
SRR23343454	AL_Shangrila	766	secondary	sensitivity	alignment	low_base_quality	2
SRR23343454	AL_Shangrila	766	secondary	sensitivity	fragment	conflicting_mates	0
SRR23343454	AL_Shangrila	766	secondary	sensitivity	fragment	independent_eligible	17
SRR23343455	AL_Shangrila	766	secondary	sensitivity	alignment	duplicate	1
SRR23343455	AL_Shangrila	766	secondary	sensitivity	alignment	eligible	7
SRR23343455	AL_Shangrila	766	secondary	sensitivity	alignment	incomplete_codon	1
SRR23343455	AL_Shangrila	766	secondary	sensitivity	fragment	conflicting_mates	0
SRR23343455	AL_Shangrila	766	secondary	sensitivity	fragment	independent_eligible	7
SRR23343456	AL_Shangrila	766	secondary	sensitivity	alignment	duplicate	12
SRR23343456	AL_Shangrila	766	secondary	sensitivity	alignment	eligible	38
SRR23343456	AL_Shangrila	766	secondary	sensitivity	alignment	incomplete_codon	1
SRR23343456	AL_Shangrila	766	secondary	sensitivity	alignment	low_base_quality	4
SRR23343456	AL_Shangrila	766	secondary	sensitivity	fragment	conflicting_mates	0
SRR23343456	AL_Shangrila	766	secondary	sensitivity	fragment	independent_eligible	37
SRR23343457	AL_Shangrila	766	secondary	sensitivity	alignment	duplicate	8
SRR23343457	AL_Shangrila	766	secondary	sensitivity	alignment	eligible	40
SRR23343457	AL_Shangrila	766	secondary	sensitivity	alignment	low_base_quality	1
SRR23343457	AL_Shangrila	766	secondary	sensitivity	fragment	conflicting_mates	0
SRR23343457	AL_Shangrila	766	secondary	sensitivity	fragment	independent_eligible	38
SRR23343458	AL_Shangrila	766	secondary	sensitivity	alignment	duplicate	12
SRR23343458	AL_Shangrila	766	secondary	sensitivity	alignment	eligible	47
SRR23343458	AL_Shangrila	766	secondary	sensitivity	alignment	incomplete_codon	1
SRR23343458	AL_Shangrila	766	secondary	sensitivity	fragment	conflicting_mates	0
SRR23343458	AL_Shangrila	766	secondary	sensitivity	fragment	independent_eligible	45
SRR23343459	AL_Shangrila	766	secondary	sensitivity	alignment	duplicate	4
SRR23343459	AL_Shangrila	766	secondary	sensitivity	alignment	eligible	28
SRR23343459	AL_Shangrila	766	secondary	sensitivity	alignment	low_base_quality	1
SRR23343459	AL_Shangrila	766	secondary	sensitivity	fragment	conflicting_mates	0
SRR23343459	AL_Shangrila	766	secondary	sensitivity	fragment	independent_eligible	28
SRR23343460	AL_Shangrila	766	secondary	sensitivity	alignment	duplicate	6
SRR23343460	AL_Shangrila	766	secondary	sensitivity	alignment	eligible	30
SRR23343460	AL_Shangrila	766	secondary	sensitivity	alignment	incomplete_codon	1
SRR23343460	AL_Shangrila	766	secondary	sensitivity	alignment	low_base_quality	1
SRR23343460	AL_Shangrila	766	secondary	sensitivity	fragment	conflicting_mates	0
SRR23343460	AL_Shangrila	766	secondary	sensitivity	fragment	independent_eligible	30
SRR23343461	AL_Shangrila	766	secondary	sensitivity	alignment	duplicate	6
SRR23343461	AL_Shangrila	766	secondary	sensitivity	alignment	eligible	37
SRR23343461	AL_Shangrila	766	secondary	sensitivity	alignment	incomplete_codon	2
SRR23343461	AL_Shangrila	766	secondary	sensitivity	alignment	low_base_quality	1
SRR23343461	AL_Shangrila	766	secondary	sensitivity	fragment	conflicting_mates	0
SRR23343461	AL_Shangrila	766	secondary	sensitivity	fragment	independent_eligible	35
SRR23343462	AL_Shangrila	766	secondary	sensitivity	alignment	duplicate	16
SRR23343462	AL_Shangrila	766	secondary	sensitivity	alignment	eligible	50
SRR23343462	AL_Shangrila	766	secondary	sensitivity	alignment	incomplete_codon	1
SRR23343462	AL_Shangrila	766	secondary	sensitivity	fragment	conflicting_mates	0
SRR23343462	AL_Shangrila	766	secondary	sensitivity	fragment	independent_eligible	50
SRR23343463	AL_Shangrila	766	secondary	sensitivity	alignment	duplicate	11
SRR23343463	AL_Shangrila	766	secondary	sensitivity	alignment	eligible	41
SRR23343463	AL_Shangrila	766	secondary	sensitivity	alignment	incomplete_codon	1
SRR23343463	AL_Shangrila	766	secondary	sensitivity	alignment	low_base_quality	1
SRR23343463	AL_Shangrila	766	secondary	sensitivity	fragment	conflicting_mates	0
SRR23343463	AL_Shangrila	766	secondary	sensitivity	fragment	independent_eligible	40
SRR23343464	AL_Shangrila	766	secondary	sensitivity	alignment	duplicate	3
SRR23343464	AL_Shangrila	766	secondary	sensitivity	alignment	eligible	38
SRR23343464	AL_Shangrila	766	secondary	sensitivity	alignment	incomplete_codon	1
SRR23343464	AL_Shangrila	766	secondary	sensitivity	alignment	low_base_quality	1
SRR23343464	AL_Shangrila	766	secondary	sensitivity	fragment	conflicting_mates	0
SRR23343464	AL_Shangrila	766	secondary	sensitivity	fragment	independent_eligible	36
SRR23343465	AL_Shangrila	766	secondary	sensitivity	alignment	duplicate	4
SRR23343465	AL_Shangrila	766	secondary	sensitivity	alignment	eligible	17
SRR23343465	AL_Shangrila	766	secondary	sensitivity	alignment	incomplete_codon	1
SRR23343465	AL_Shangrila	766	secondary	sensitivity	alignment	low_base_quality	1
SRR23343465	AL_Shangrila	766	secondary	sensitivity	fragment	conflicting_mates	0
SRR23343465	AL_Shangrila	766	secondary	sensitivity	fragment	independent_eligible	17
SRR23343466	AL_Shangrila	766	secondary	sensitivity	alignment	duplicate	8
SRR23343466	AL_Shangrila	766	secondary	sensitivity	alignment	eligible	21
SRR23343466	AL_Shangrila	766	secondary	sensitivity	alignment	low_base_quality	2
SRR23343466	AL_Shangrila	766	secondary	sensitivity	fragment	conflicting_mates	0
SRR23343466	AL_Shangrila	766	secondary	sensitivity	fragment	independent_eligible	20
SRR23343467	AL_Shangrila	766	secondary	sensitivity	alignment	duplicate	8
SRR23343467	AL_Shangrila	766	secondary	sensitivity	alignment	eligible	26
SRR23343467	AL_Shangrila	766	secondary	sensitivity	fragment	conflicting_mates	0
SRR23343467	AL_Shangrila	766	secondary	sensitivity	fragment	independent_eligible	25
SRR23343468	AL_Shangrila	766	secondary	sensitivity	alignment	duplicate	10
SRR23343468	AL_Shangrila	766	secondary	sensitivity	alignment	eligible	39
SRR23343468	AL_Shangrila	766	secondary	sensitivity	alignment	incomplete_codon	1
SRR23343468	AL_Shangrila	766	secondary	sensitivity	alignment	low_base_quality	2
SRR23343468	AL_Shangrila	766	secondary	sensitivity	fragment	conflicting_mates	0
SRR23343468	AL_Shangrila	766	secondary	sensitivity	fragment	independent_eligible	33
SRR23343469	AL_Shangrila	766	secondary	sensitivity	alignment	duplicate	4
SRR23343469	AL_Shangrila	766	secondary	sensitivity	alignment	eligible	27
SRR23343469	AL_Shangrila	766	secondary	sensitivity	alignment	incomplete_codon	1
SRR23343469	AL_Shangrila	766	secondary	sensitivity	alignment	low_base_quality	2
SRR23343469	AL_Shangrila	766	secondary	sensitivity	fragment	conflicting_mates	0
SRR23343469	AL_Shangrila	766	secondary	sensitivity	fragment	independent_eligible	26
SRR23343470	AL_Shangrila	766	secondary	sensitivity	alignment	duplicate	6
SRR23343470	AL_Shangrila	766	secondary	sensitivity	alignment	eligible	24
SRR23343470	AL_Shangrila	766	secondary	sensitivity	alignment	low_base_quality	1
SRR23343470	AL_Shangrila	766	secondary	sensitivity	fragment	conflicting_mates	0
SRR23343470	AL_Shangrila	766	secondary	sensitivity	fragment	independent_eligible	23
SRR23343471	AL_Shangrila	766	secondary	sensitivity	alignment	duplicate	7
SRR23343471	AL_Shangrila	766	secondary	sensitivity	alignment	eligible	26
SRR23343471	AL_Shangrila	766	secondary	sensitivity	alignment	incomplete_codon	1
SRR23343471	AL_Shangrila	766	secondary	sensitivity	alignment	low_base_quality	2
SRR23343471	AL_Shangrila	766	secondary	sensitivity	fragment	conflicting_mates	0
SRR23343471	AL_Shangrila	766	secondary	sensitivity	fragment	independent_eligible	26
SRR23343472	AL_Shangrila	766	secondary	sensitivity	alignment	duplicate	5
SRR23343472	AL_Shangrila	766	secondary	sensitivity	alignment	eligible	37
SRR23343472	AL_Shangrila	766	secondary	sensitivity	alignment	low_base_quality	4
SRR23343472	AL_Shangrila	766	secondary	sensitivity	fragment	conflicting_mates	0
SRR23343472	AL_Shangrila	766	secondary	sensitivity	fragment	independent_eligible	34
SRR23343473	AL_Shangrila	766	secondary	sensitivity	alignment	duplicate	5
SRR23343473	AL_Shangrila	766	secondary	sensitivity	alignment	eligible	65
SRR23343473	AL_Shangrila	766	secondary	sensitivity	alignment	incomplete_codon	3
SRR23343473	AL_Shangrila	766	secondary	sensitivity	alignment	low_base_quality	1
SRR23343473	AL_Shangrila	766	secondary	sensitivity	fragment	conflicting_mates	0
SRR23343473	AL_Shangrila	766	secondary	sensitivity	fragment	independent_eligible	65
SRR23343474	AL_Shangrila	766	secondary	sensitivity	alignment	duplicate	3
SRR23343474	AL_Shangrila	766	secondary	sensitivity	alignment	eligible	29
SRR23343474	AL_Shangrila	766	secondary	sensitivity	alignment	incomplete_codon	1
SRR23343474	AL_Shangrila	766	secondary	sensitivity	alignment	low_base_quality	3
SRR23343474	AL_Shangrila	766	secondary	sensitivity	fragment	conflicting_mates	0
SRR23343474	AL_Shangrila	766	secondary	sensitivity	fragment	independent_eligible	28
SRR23343475	AL_Shangrila	766	secondary	sensitivity	alignment	duplicate	14
SRR23343475	AL_Shangrila	766	secondary	sensitivity	alignment	eligible	29
SRR23343475	AL_Shangrila	766	secondary	sensitivity	alignment	incomplete_codon	2
SRR23343475	AL_Shangrila	766	secondary	sensitivity	fragment	conflicting_mates	0
SRR23343475	AL_Shangrila	766	secondary	sensitivity	fragment	independent_eligible	27
SRR23343476	AL_Shangrila	766	secondary	sensitivity	alignment	duplicate	6
SRR23343476	AL_Shangrila	766	secondary	sensitivity	alignment	eligible	27
SRR23343476	AL_Shangrila	766	secondary	sensitivity	alignment	incomplete_codon	2
SRR23343476	AL_Shangrila	766	secondary	sensitivity	fragment	conflicting_mates	0
SRR23343476	AL_Shangrila	766	secondary	sensitivity	fragment	independent_eligible	26
SRR23343477	AL_Shangrila	766	secondary	sensitivity	alignment	duplicate	10
SRR23343477	AL_Shangrila	766	secondary	sensitivity	alignment	eligible	38
SRR23343477	AL_Shangrila	766	secondary	sensitivity	alignment	incomplete_codon	1
SRR23343477	AL_Shangrila	766	secondary	sensitivity	alignment	low_base_quality	2
SRR23343477	AL_Shangrila	766	secondary	sensitivity	fragment	conflicting_mates	0
SRR23343477	AL_Shangrila	766	secondary	sensitivity	fragment	independent_eligible	37
SRR23343478	AL_Shangrila	766	secondary	sensitivity	alignment	duplicate	9
SRR23343478	AL_Shangrila	766	secondary	sensitivity	alignment	eligible	36
SRR23343478	AL_Shangrila	766	secondary	sensitivity	alignment	low_base_quality	2
SRR23343478	AL_Shangrila	766	secondary	sensitivity	fragment	conflicting_mates	0
SRR23343478	AL_Shangrila	766	secondary	sensitivity	fragment	independent_eligible	35
SRR23343479	AL_Shangrila	766	secondary	sensitivity	alignment	duplicate	6
SRR23343479	AL_Shangrila	766	secondary	sensitivity	alignment	eligible	30
SRR23343479	AL_Shangrila	766	secondary	sensitivity	alignment	incomplete_codon	1
SRR23343479	AL_Shangrila	766	secondary	sensitivity	alignment	low_base_quality	1
SRR23343479	AL_Shangrila	766	secondary	sensitivity	fragment	conflicting_mates	0
SRR23343479	AL_Shangrila	766	secondary	sensitivity	fragment	independent_eligible	30
SRR23343480	AL_Shangrila	766	secondary	sensitivity	alignment	duplicate	6
SRR23343480	AL_Shangrila	766	secondary	sensitivity	alignment	eligible	29
SRR23343480	AL_Shangrila	766	secondary	sensitivity	alignment	low_base_quality	2
SRR23343480	AL_Shangrila	766	secondary	sensitivity	fragment	conflicting_mates	0
SRR23343480	AL_Shangrila	766	secondary	sensitivity	fragment	independent_eligible	29
SRR23343481	AL_Shangrila	766	secondary	sensitivity	alignment	duplicate	7
SRR23343481	AL_Shangrila	766	secondary	sensitivity	alignment	eligible	35
SRR23343481	AL_Shangrila	766	secondary	sensitivity	alignment	incomplete_codon	2
SRR23343481	AL_Shangrila	766	secondary	sensitivity	alignment	low_base_quality	1
SRR23343481	AL_Shangrila	766	secondary	sensitivity	fragment	conflicting_mates	0
SRR23343481	AL_Shangrila	766	secondary	sensitivity	fragment	independent_eligible	35
SRR23343482	AL_Shangrila	766	secondary	sensitivity	alignment	duplicate	5
SRR23343482	AL_Shangrila	766	secondary	sensitivity	alignment	eligible	27
SRR23343482	AL_Shangrila	766	secondary	sensitivity	alignment	incomplete_codon	2
SRR23343482	AL_Shangrila	766	secondary	sensitivity	alignment	low_base_quality	4
SRR23343482	AL_Shangrila	766	secondary	sensitivity	fragment	conflicting_mates	0
SRR23343482	AL_Shangrila	766	secondary	sensitivity	fragment	independent_eligible	26
SRR23343483	AL_Shangrila	766	secondary	sensitivity	alignment	duplicate	6
SRR23343483	AL_Shangrila	766	secondary	sensitivity	alignment	eligible	35
SRR23343483	AL_Shangrila	766	secondary	sensitivity	alignment	incomplete_codon	1
SRR23343483	AL_Shangrila	766	secondary	sensitivity	alignment	low_base_quality	3
SRR23343483	AL_Shangrila	766	secondary	sensitivity	fragment	conflicting_mates	0
SRR23343483	AL_Shangrila	766	secondary	sensitivity	fragment	independent_eligible	35
SRR23343484	AL_Shangrila	766	secondary	sensitivity	alignment	duplicate	5
SRR23343484	AL_Shangrila	766	secondary	sensitivity	alignment	eligible	34
SRR23343484	AL_Shangrila	766	secondary	sensitivity	alignment	incomplete_codon	1
SRR23343484	AL_Shangrila	766	secondary	sensitivity	alignment	low_base_quality	2
SRR23343484	AL_Shangrila	766	secondary	sensitivity	fragment	conflicting_mates	0
SRR23343484	AL_Shangrila	766	secondary	sensitivity	fragment	independent_eligible	34
SRR23343485	AL_Shangrila	766	secondary	sensitivity	alignment	duplicate	5
SRR23343485	AL_Shangrila	766	secondary	sensitivity	alignment	eligible	29
SRR23343485	AL_Shangrila	766	secondary	sensitivity	alignment	low_base_quality	3
SRR23343485	AL_Shangrila	766	secondary	sensitivity	fragment	conflicting_mates	0
SRR23343485	AL_Shangrila	766	secondary	sensitivity	fragment	independent_eligible	29
SRR23343486	AL_Shangrila	766	secondary	sensitivity	alignment	duplicate	6
SRR23343486	AL_Shangrila	766	secondary	sensitivity	alignment	eligible	34
SRR23343486	AL_Shangrila	766	secondary	sensitivity	alignment	low_base_quality	1
SRR23343486	AL_Shangrila	766	secondary	sensitivity	alignment	low_mapping_quality	1
SRR23343486	AL_Shangrila	766	secondary	sensitivity	fragment	conflicting_mates	0
SRR23343486	AL_Shangrila	766	secondary	sensitivity	fragment	independent_eligible	33
SRR23343487	AL_Shangrila	766	secondary	sensitivity	alignment	duplicate	4
SRR23343487	AL_Shangrila	766	secondary	sensitivity	alignment	eligible	29
SRR23343487	AL_Shangrila	766	secondary	sensitivity	alignment	incomplete_codon	1
SRR23343487	AL_Shangrila	766	secondary	sensitivity	alignment	low_base_quality	3
SRR23343487	AL_Shangrila	766	secondary	sensitivity	fragment	conflicting_mates	0
SRR23343487	AL_Shangrila	766	secondary	sensitivity	fragment	independent_eligible	28
SRR23343488	AL_Shangrila	766	secondary	sensitivity	alignment	duplicate	7
SRR23343488	AL_Shangrila	766	secondary	sensitivity	alignment	eligible	30
SRR23343488	AL_Shangrila	766	secondary	sensitivity	alignment	incomplete_codon	1
SRR23343488	AL_Shangrila	766	secondary	sensitivity	alignment	low_base_quality	1
SRR23343488	AL_Shangrila	766	secondary	sensitivity	fragment	conflicting_mates	0
SRR23343488	AL_Shangrila	766	secondary	sensitivity	fragment	independent_eligible	30
SRR23343489	AL_Shangrila	766	secondary	sensitivity	alignment	duplicate	4
SRR23343489	AL_Shangrila	766	secondary	sensitivity	alignment	eligible	37
SRR23343489	AL_Shangrila	766	secondary	sensitivity	alignment	low_base_quality	4
SRR23343489	AL_Shangrila	766	secondary	sensitivity	fragment	conflicting_mates	0
SRR23343489	AL_Shangrila	766	secondary	sensitivity	fragment	independent_eligible	36
SRR23343490	AL_Shangrila	766	secondary	sensitivity	alignment	duplicate	7
SRR23343490	AL_Shangrila	766	secondary	sensitivity	alignment	eligible	29
SRR23343490	AL_Shangrila	766	secondary	sensitivity	alignment	low_base_quality	1
SRR23343490	AL_Shangrila	766	secondary	sensitivity	fragment	conflicting_mates	0
SRR23343490	AL_Shangrila	766	secondary	sensitivity	fragment	independent_eligible	28
SRR23343491	AL_Shangrila	766	secondary	sensitivity	alignment	duplicate	5
SRR23343491	AL_Shangrila	766	secondary	sensitivity	alignment	eligible	30
SRR23343491	AL_Shangrila	766	secondary	sensitivity	alignment	incomplete_codon	1
SRR23343491	AL_Shangrila	766	secondary	sensitivity	alignment	low_base_quality	2
SRR23343491	AL_Shangrila	766	secondary	sensitivity	fragment	conflicting_mates	0
SRR23343491	AL_Shangrila	766	secondary	sensitivity	fragment	independent_eligible	29
SRR23343492	AL_Shangrila	766	secondary	sensitivity	alignment	duplicate	4
SRR23343492	AL_Shangrila	766	secondary	sensitivity	alignment	eligible	37
SRR23343492	AL_Shangrila	766	secondary	sensitivity	alignment	incomplete_codon	3
SRR23343492	AL_Shangrila	766	secondary	sensitivity	alignment	low_base_quality	5
SRR23343492	AL_Shangrila	766	secondary	sensitivity	fragment	conflicting_mates	0
SRR23343492	AL_Shangrila	766	secondary	sensitivity	fragment	independent_eligible	35
SRR23343493	AL_Shangrila	766	secondary	sensitivity	alignment	duplicate	5
SRR23343493	AL_Shangrila	766	secondary	sensitivity	alignment	eligible	21
SRR23343493	AL_Shangrila	766	secondary	sensitivity	alignment	incomplete_codon	1
SRR23343493	AL_Shangrila	766	secondary	sensitivity	alignment	low_base_quality	2
SRR23343493	AL_Shangrila	766	secondary	sensitivity	fragment	conflicting_mates	0
SRR23343493	AL_Shangrila	766	secondary	sensitivity	fragment	independent_eligible	21
SRR23343494	AL_Shangrila	766	secondary	sensitivity	alignment	duplicate	4
SRR23343494	AL_Shangrila	766	secondary	sensitivity	alignment	eligible	45
SRR23343494	AL_Shangrila	766	secondary	sensitivity	alignment	low_base_quality	2
SRR23343494	AL_Shangrila	766	secondary	sensitivity	fragment	conflicting_mates	0
SRR23343494	AL_Shangrila	766	secondary	sensitivity	fragment	independent_eligible	45
SRR23343438	AL_Shangrila	822	within_species_comparison	sensitivity	alignment	duplicate	12
SRR23343438	AL_Shangrila	822	within_species_comparison	sensitivity	alignment	eligible	60
SRR23343438	AL_Shangrila	822	within_species_comparison	sensitivity	alignment	incomplete_codon	2
SRR23343438	AL_Shangrila	822	within_species_comparison	sensitivity	alignment	low_base_quality	3
SRR23343438	AL_Shangrila	822	within_species_comparison	sensitivity	fragment	conflicting_mates	0
SRR23343438	AL_Shangrila	822	within_species_comparison	sensitivity	fragment	independent_eligible	58
SRR23343439	AL_Shangrila	822	within_species_comparison	sensitivity	alignment	duplicate	10
SRR23343439	AL_Shangrila	822	within_species_comparison	sensitivity	alignment	eligible	38
SRR23343439	AL_Shangrila	822	within_species_comparison	sensitivity	fragment	conflicting_mates	0
SRR23343439	AL_Shangrila	822	within_species_comparison	sensitivity	fragment	independent_eligible	37
SRR23343440	AL_Shangrila	822	within_species_comparison	sensitivity	alignment	duplicate	4
SRR23343440	AL_Shangrila	822	within_species_comparison	sensitivity	alignment	eligible	36
SRR23343440	AL_Shangrila	822	within_species_comparison	sensitivity	alignment	incomplete_codon	1
SRR23343440	AL_Shangrila	822	within_species_comparison	sensitivity	fragment	conflicting_mates	0
SRR23343440	AL_Shangrila	822	within_species_comparison	sensitivity	fragment	independent_eligible	34
SRR23343441	AL_Shangrila	822	within_species_comparison	sensitivity	alignment	duplicate	11
SRR23343441	AL_Shangrila	822	within_species_comparison	sensitivity	alignment	eligible	28
SRR23343441	AL_Shangrila	822	within_species_comparison	sensitivity	alignment	incomplete_codon	2
SRR23343441	AL_Shangrila	822	within_species_comparison	sensitivity	alignment	low_base_quality	2
SRR23343441	AL_Shangrila	822	within_species_comparison	sensitivity	fragment	conflicting_mates	0
SRR23343441	AL_Shangrila	822	within_species_comparison	sensitivity	fragment	independent_eligible	26
SRR23343442	AL_Shangrila	822	within_species_comparison	sensitivity	alignment	duplicate	15
SRR23343442	AL_Shangrila	822	within_species_comparison	sensitivity	alignment	eligible	55
SRR23343442	AL_Shangrila	822	within_species_comparison	sensitivity	alignment	incomplete_codon	2
SRR23343442	AL_Shangrila	822	within_species_comparison	sensitivity	alignment	low_base_quality	1
SRR23343442	AL_Shangrila	822	within_species_comparison	sensitivity	fragment	conflicting_mates	0
SRR23343442	AL_Shangrila	822	within_species_comparison	sensitivity	fragment	independent_eligible	53
SRR23343443	AL_Shangrila	822	within_species_comparison	sensitivity	alignment	duplicate	5
SRR23343443	AL_Shangrila	822	within_species_comparison	sensitivity	alignment	eligible	30
SRR23343443	AL_Shangrila	822	within_species_comparison	sensitivity	alignment	incomplete_codon	2
SRR23343443	AL_Shangrila	822	within_species_comparison	sensitivity	alignment	low_base_quality	2
SRR23343443	AL_Shangrila	822	within_species_comparison	sensitivity	fragment	conflicting_mates	0
SRR23343443	AL_Shangrila	822	within_species_comparison	sensitivity	fragment	independent_eligible	29
SRR23343444	AL_Shangrila	822	within_species_comparison	sensitivity	alignment	duplicate	5
SRR23343444	AL_Shangrila	822	within_species_comparison	sensitivity	alignment	eligible	21
SRR23343444	AL_Shangrila	822	within_species_comparison	sensitivity	alignment	incomplete_codon	1
SRR23343444	AL_Shangrila	822	within_species_comparison	sensitivity	fragment	conflicting_mates	0
SRR23343444	AL_Shangrila	822	within_species_comparison	sensitivity	fragment	independent_eligible	20
SRR23343445	AL_Shangrila	822	within_species_comparison	sensitivity	alignment	duplicate	9
SRR23343445	AL_Shangrila	822	within_species_comparison	sensitivity	alignment	eligible	55
SRR23343445	AL_Shangrila	822	within_species_comparison	sensitivity	alignment	low_base_quality	3
SRR23343445	AL_Shangrila	822	within_species_comparison	sensitivity	fragment	conflicting_mates	0
SRR23343445	AL_Shangrila	822	within_species_comparison	sensitivity	fragment	independent_eligible	52
SRR23343446	AL_Shangrila	822	within_species_comparison	sensitivity	alignment	duplicate	9
SRR23343446	AL_Shangrila	822	within_species_comparison	sensitivity	alignment	eligible	30
SRR23343446	AL_Shangrila	822	within_species_comparison	sensitivity	alignment	incomplete_codon	2
SRR23343446	AL_Shangrila	822	within_species_comparison	sensitivity	alignment	low_base_quality	2
SRR23343446	AL_Shangrila	822	within_species_comparison	sensitivity	fragment	conflicting_mates	0
SRR23343446	AL_Shangrila	822	within_species_comparison	sensitivity	fragment	independent_eligible	28
SRR23343447	AL_Shangrila	822	within_species_comparison	sensitivity	alignment	duplicate	11
SRR23343447	AL_Shangrila	822	within_species_comparison	sensitivity	alignment	eligible	46
SRR23343447	AL_Shangrila	822	within_species_comparison	sensitivity	alignment	incomplete_codon	1
SRR23343447	AL_Shangrila	822	within_species_comparison	sensitivity	alignment	low_base_quality	1
SRR23343447	AL_Shangrila	822	within_species_comparison	sensitivity	fragment	conflicting_mates	0
SRR23343447	AL_Shangrila	822	within_species_comparison	sensitivity	fragment	independent_eligible	45
SRR23343448	AL_Shangrila	822	within_species_comparison	sensitivity	alignment	duplicate	5
SRR23343448	AL_Shangrila	822	within_species_comparison	sensitivity	alignment	eligible	29
SRR23343448	AL_Shangrila	822	within_species_comparison	sensitivity	alignment	incomplete_codon	1
SRR23343448	AL_Shangrila	822	within_species_comparison	sensitivity	fragment	conflicting_mates	0
SRR23343448	AL_Shangrila	822	within_species_comparison	sensitivity	fragment	independent_eligible	28
SRR23343449	AL_Shangrila	822	within_species_comparison	sensitivity	alignment	duplicate	6
SRR23343449	AL_Shangrila	822	within_species_comparison	sensitivity	alignment	eligible	24
SRR23343449	AL_Shangrila	822	within_species_comparison	sensitivity	fragment	conflicting_mates	0
SRR23343449	AL_Shangrila	822	within_species_comparison	sensitivity	fragment	independent_eligible	24
SRR23343450	AL_Shangrila	822	within_species_comparison	sensitivity	alignment	duplicate	2
SRR23343450	AL_Shangrila	822	within_species_comparison	sensitivity	alignment	eligible	36
SRR23343450	AL_Shangrila	822	within_species_comparison	sensitivity	alignment	incomplete_codon	2
SRR23343450	AL_Shangrila	822	within_species_comparison	sensitivity	alignment	low_base_quality	1
SRR23343450	AL_Shangrila	822	within_species_comparison	sensitivity	fragment	conflicting_mates	0
SRR23343450	AL_Shangrila	822	within_species_comparison	sensitivity	fragment	independent_eligible	35
SRR23343451	AL_Shangrila	822	within_species_comparison	sensitivity	alignment	duplicate	5
SRR23343451	AL_Shangrila	822	within_species_comparison	sensitivity	alignment	eligible	25
SRR23343451	AL_Shangrila	822	within_species_comparison	sensitivity	alignment	incomplete_codon	1
SRR23343451	AL_Shangrila	822	within_species_comparison	sensitivity	alignment	low_base_quality	1
SRR23343451	AL_Shangrila	822	within_species_comparison	sensitivity	fragment	conflicting_mates	0
SRR23343451	AL_Shangrila	822	within_species_comparison	sensitivity	fragment	independent_eligible	23
SRR23343452	AL_Shangrila	822	within_species_comparison	sensitivity	alignment	duplicate	7
SRR23343452	AL_Shangrila	822	within_species_comparison	sensitivity	alignment	eligible	39
SRR23343452	AL_Shangrila	822	within_species_comparison	sensitivity	alignment	incomplete_codon	1
SRR23343452	AL_Shangrila	822	within_species_comparison	sensitivity	alignment	low_base_quality	3
SRR23343452	AL_Shangrila	822	within_species_comparison	sensitivity	fragment	conflicting_mates	0
SRR23343452	AL_Shangrila	822	within_species_comparison	sensitivity	fragment	independent_eligible	38
SRR23343453	AL_Shangrila	822	within_species_comparison	sensitivity	alignment	eligible	22
SRR23343453	AL_Shangrila	822	within_species_comparison	sensitivity	alignment	incomplete_codon	1
SRR23343453	AL_Shangrila	822	within_species_comparison	sensitivity	fragment	conflicting_mates	0
SRR23343453	AL_Shangrila	822	within_species_comparison	sensitivity	fragment	independent_eligible	22
SRR23343454	AL_Shangrila	822	within_species_comparison	sensitivity	alignment	duplicate	3
SRR23343454	AL_Shangrila	822	within_species_comparison	sensitivity	alignment	eligible	32
SRR23343454	AL_Shangrila	822	within_species_comparison	sensitivity	alignment	incomplete_codon	1
SRR23343454	AL_Shangrila	822	within_species_comparison	sensitivity	alignment	low_base_quality	2
SRR23343454	AL_Shangrila	822	within_species_comparison	sensitivity	fragment	conflicting_mates	0
SRR23343454	AL_Shangrila	822	within_species_comparison	sensitivity	fragment	independent_eligible	30
SRR23343455	AL_Shangrila	822	within_species_comparison	sensitivity	alignment	eligible	1
SRR23343455	AL_Shangrila	822	within_species_comparison	sensitivity	fragment	conflicting_mates	0
SRR23343455	AL_Shangrila	822	within_species_comparison	sensitivity	fragment	independent_eligible	1
SRR23343456	AL_Shangrila	822	within_species_comparison	sensitivity	alignment	duplicate	8
SRR23343456	AL_Shangrila	822	within_species_comparison	sensitivity	alignment	eligible	41
SRR23343456	AL_Shangrila	822	within_species_comparison	sensitivity	alignment	incomplete_codon	4
SRR23343456	AL_Shangrila	822	within_species_comparison	sensitivity	alignment	low_base_quality	2
SRR23343456	AL_Shangrila	822	within_species_comparison	sensitivity	fragment	conflicting_mates	0
SRR23343456	AL_Shangrila	822	within_species_comparison	sensitivity	fragment	independent_eligible	38
SRR23343457	AL_Shangrila	822	within_species_comparison	sensitivity	alignment	duplicate	5
SRR23343457	AL_Shangrila	822	within_species_comparison	sensitivity	alignment	eligible	36
SRR23343457	AL_Shangrila	822	within_species_comparison	sensitivity	alignment	incomplete_codon	1
SRR23343457	AL_Shangrila	822	within_species_comparison	sensitivity	alignment	low_base_quality	1
SRR23343457	AL_Shangrila	822	within_species_comparison	sensitivity	fragment	conflicting_mates	0
SRR23343457	AL_Shangrila	822	within_species_comparison	sensitivity	fragment	independent_eligible	34
SRR23343458	AL_Shangrila	822	within_species_comparison	sensitivity	alignment	duplicate	13
SRR23343458	AL_Shangrila	822	within_species_comparison	sensitivity	alignment	eligible	44
SRR23343458	AL_Shangrila	822	within_species_comparison	sensitivity	alignment	incomplete_codon	4
SRR23343458	AL_Shangrila	822	within_species_comparison	sensitivity	alignment	low_base_quality	3
SRR23343458	AL_Shangrila	822	within_species_comparison	sensitivity	fragment	conflicting_mates	0
SRR23343458	AL_Shangrila	822	within_species_comparison	sensitivity	fragment	independent_eligible	42
SRR23343459	AL_Shangrila	822	within_species_comparison	sensitivity	alignment	duplicate	8
SRR23343459	AL_Shangrila	822	within_species_comparison	sensitivity	alignment	eligible	30
SRR23343459	AL_Shangrila	822	within_species_comparison	sensitivity	alignment	incomplete_codon	1
SRR23343459	AL_Shangrila	822	within_species_comparison	sensitivity	alignment	low_base_quality	2
SRR23343459	AL_Shangrila	822	within_species_comparison	sensitivity	fragment	conflicting_mates	0
SRR23343459	AL_Shangrila	822	within_species_comparison	sensitivity	fragment	independent_eligible	29
SRR23343460	AL_Shangrila	822	within_species_comparison	sensitivity	alignment	duplicate	5
SRR23343460	AL_Shangrila	822	within_species_comparison	sensitivity	alignment	eligible	35
SRR23343460	AL_Shangrila	822	within_species_comparison	sensitivity	alignment	incomplete_codon	1
SRR23343460	AL_Shangrila	822	within_species_comparison	sensitivity	fragment	conflicting_mates	0
SRR23343460	AL_Shangrila	822	within_species_comparison	sensitivity	fragment	independent_eligible	35
SRR23343461	AL_Shangrila	822	within_species_comparison	sensitivity	alignment	duplicate	6
SRR23343461	AL_Shangrila	822	within_species_comparison	sensitivity	alignment	eligible	39
SRR23343461	AL_Shangrila	822	within_species_comparison	sensitivity	fragment	conflicting_mates	0
SRR23343461	AL_Shangrila	822	within_species_comparison	sensitivity	fragment	independent_eligible	38
SRR23343462	AL_Shangrila	822	within_species_comparison	sensitivity	alignment	duplicate	21
SRR23343462	AL_Shangrila	822	within_species_comparison	sensitivity	alignment	eligible	57
SRR23343462	AL_Shangrila	822	within_species_comparison	sensitivity	alignment	incomplete_codon	2
SRR23343462	AL_Shangrila	822	within_species_comparison	sensitivity	alignment	low_base_quality	2
SRR23343462	AL_Shangrila	822	within_species_comparison	sensitivity	fragment	conflicting_mates	0
SRR23343462	AL_Shangrila	822	within_species_comparison	sensitivity	fragment	independent_eligible	57
SRR23343463	AL_Shangrila	822	within_species_comparison	sensitivity	alignment	duplicate	8
SRR23343463	AL_Shangrila	822	within_species_comparison	sensitivity	alignment	eligible	43
SRR23343463	AL_Shangrila	822	within_species_comparison	sensitivity	alignment	incomplete_codon	2
SRR23343463	AL_Shangrila	822	within_species_comparison	sensitivity	fragment	conflicting_mates	0
SRR23343463	AL_Shangrila	822	within_species_comparison	sensitivity	fragment	independent_eligible	42
SRR23343464	AL_Shangrila	822	within_species_comparison	sensitivity	alignment	duplicate	7
SRR23343464	AL_Shangrila	822	within_species_comparison	sensitivity	alignment	eligible	43
SRR23343464	AL_Shangrila	822	within_species_comparison	sensitivity	alignment	incomplete_codon	1
SRR23343464	AL_Shangrila	822	within_species_comparison	sensitivity	alignment	low_base_quality	2
SRR23343464	AL_Shangrila	822	within_species_comparison	sensitivity	fragment	conflicting_mates	0
SRR23343464	AL_Shangrila	822	within_species_comparison	sensitivity	fragment	independent_eligible	43
SRR23343465	AL_Shangrila	822	within_species_comparison	sensitivity	alignment	duplicate	10
SRR23343465	AL_Shangrila	822	within_species_comparison	sensitivity	alignment	eligible	30
SRR23343465	AL_Shangrila	822	within_species_comparison	sensitivity	alignment	incomplete_codon	1
SRR23343465	AL_Shangrila	822	within_species_comparison	sensitivity	alignment	low_base_quality	1
SRR23343465	AL_Shangrila	822	within_species_comparison	sensitivity	fragment	conflicting_mates	0
SRR23343465	AL_Shangrila	822	within_species_comparison	sensitivity	fragment	independent_eligible	28
SRR23343466	AL_Shangrila	822	within_species_comparison	sensitivity	alignment	duplicate	2
SRR23343466	AL_Shangrila	822	within_species_comparison	sensitivity	alignment	eligible	22
SRR23343466	AL_Shangrila	822	within_species_comparison	sensitivity	fragment	conflicting_mates	0
SRR23343466	AL_Shangrila	822	within_species_comparison	sensitivity	fragment	independent_eligible	21
SRR23343467	AL_Shangrila	822	within_species_comparison	sensitivity	alignment	duplicate	10
SRR23343467	AL_Shangrila	822	within_species_comparison	sensitivity	alignment	eligible	29
SRR23343467	AL_Shangrila	822	within_species_comparison	sensitivity	alignment	incomplete_codon	2
SRR23343467	AL_Shangrila	822	within_species_comparison	sensitivity	alignment	low_base_quality	2
SRR23343467	AL_Shangrila	822	within_species_comparison	sensitivity	fragment	conflicting_mates	0
SRR23343467	AL_Shangrila	822	within_species_comparison	sensitivity	fragment	independent_eligible	26
SRR23343468	AL_Shangrila	822	within_species_comparison	sensitivity	alignment	duplicate	10
SRR23343468	AL_Shangrila	822	within_species_comparison	sensitivity	alignment	eligible	33
SRR23343468	AL_Shangrila	822	within_species_comparison	sensitivity	alignment	low_base_quality	1
SRR23343468	AL_Shangrila	822	within_species_comparison	sensitivity	fragment	conflicting_mates	0
SRR23343468	AL_Shangrila	822	within_species_comparison	sensitivity	fragment	independent_eligible	32
SRR23343469	AL_Shangrila	822	within_species_comparison	sensitivity	alignment	duplicate	4
SRR23343469	AL_Shangrila	822	within_species_comparison	sensitivity	alignment	eligible	36
SRR23343469	AL_Shangrila	822	within_species_comparison	sensitivity	alignment	incomplete_codon	1
SRR23343469	AL_Shangrila	822	within_species_comparison	sensitivity	alignment	low_base_quality	3
SRR23343469	AL_Shangrila	822	within_species_comparison	sensitivity	fragment	conflicting_mates	0
SRR23343469	AL_Shangrila	822	within_species_comparison	sensitivity	fragment	independent_eligible	35
SRR23343470	AL_Shangrila	822	within_species_comparison	sensitivity	alignment	duplicate	6
SRR23343470	AL_Shangrila	822	within_species_comparison	sensitivity	alignment	eligible	26
SRR23343470	AL_Shangrila	822	within_species_comparison	sensitivity	alignment	low_base_quality	1
SRR23343470	AL_Shangrila	822	within_species_comparison	sensitivity	fragment	conflicting_mates	0
SRR23343470	AL_Shangrila	822	within_species_comparison	sensitivity	fragment	independent_eligible	26
SRR23343471	AL_Shangrila	822	within_species_comparison	sensitivity	alignment	duplicate	5
SRR23343471	AL_Shangrila	822	within_species_comparison	sensitivity	alignment	eligible	28
SRR23343471	AL_Shangrila	822	within_species_comparison	sensitivity	alignment	low_base_quality	1
SRR23343471	AL_Shangrila	822	within_species_comparison	sensitivity	fragment	conflicting_mates	0
SRR23343471	AL_Shangrila	822	within_species_comparison	sensitivity	fragment	independent_eligible	28
SRR23343472	AL_Shangrila	822	within_species_comparison	sensitivity	alignment	duplicate	4
SRR23343472	AL_Shangrila	822	within_species_comparison	sensitivity	alignment	eligible	25
SRR23343472	AL_Shangrila	822	within_species_comparison	sensitivity	alignment	low_base_quality	1
SRR23343472	AL_Shangrila	822	within_species_comparison	sensitivity	fragment	conflicting_mates	0
SRR23343472	AL_Shangrila	822	within_species_comparison	sensitivity	fragment	independent_eligible	25
SRR23343473	AL_Shangrila	822	within_species_comparison	sensitivity	alignment	duplicate	19
SRR23343473	AL_Shangrila	822	within_species_comparison	sensitivity	alignment	eligible	75
SRR23343473	AL_Shangrila	822	within_species_comparison	sensitivity	alignment	incomplete_codon	1
SRR23343473	AL_Shangrila	822	within_species_comparison	sensitivity	alignment	low_base_quality	6
SRR23343473	AL_Shangrila	822	within_species_comparison	sensitivity	fragment	conflicting_mates	0
SRR23343473	AL_Shangrila	822	within_species_comparison	sensitivity	fragment	independent_eligible	72
SRR23343474	AL_Shangrila	822	within_species_comparison	sensitivity	alignment	duplicate	5
SRR23343474	AL_Shangrila	822	within_species_comparison	sensitivity	alignment	eligible	34
SRR23343474	AL_Shangrila	822	within_species_comparison	sensitivity	alignment	incomplete_codon	3
SRR23343474	AL_Shangrila	822	within_species_comparison	sensitivity	alignment	low_base_quality	1
SRR23343474	AL_Shangrila	822	within_species_comparison	sensitivity	fragment	conflicting_mates	0
SRR23343474	AL_Shangrila	822	within_species_comparison	sensitivity	fragment	independent_eligible	33
SRR23343475	AL_Shangrila	822	within_species_comparison	sensitivity	alignment	duplicate	14
SRR23343475	AL_Shangrila	822	within_species_comparison	sensitivity	alignment	eligible	37
SRR23343475	AL_Shangrila	822	within_species_comparison	sensitivity	alignment	incomplete_codon	2
SRR23343475	AL_Shangrila	822	within_species_comparison	sensitivity	fragment	conflicting_mates	0
SRR23343475	AL_Shangrila	822	within_species_comparison	sensitivity	fragment	independent_eligible	36
SRR23343476	AL_Shangrila	822	within_species_comparison	sensitivity	alignment	duplicate	3
SRR23343476	AL_Shangrila	822	within_species_comparison	sensitivity	alignment	eligible	18
SRR23343476	AL_Shangrila	822	within_species_comparison	sensitivity	alignment	incomplete_codon	1
SRR23343476	AL_Shangrila	822	within_species_comparison	sensitivity	alignment	low_base_quality	2
SRR23343476	AL_Shangrila	822	within_species_comparison	sensitivity	fragment	conflicting_mates	0
SRR23343476	AL_Shangrila	822	within_species_comparison	sensitivity	fragment	independent_eligible	17
SRR23343477	AL_Shangrila	822	within_species_comparison	sensitivity	alignment	duplicate	9
SRR23343477	AL_Shangrila	822	within_species_comparison	sensitivity	alignment	eligible	38
SRR23343477	AL_Shangrila	822	within_species_comparison	sensitivity	alignment	incomplete_codon	3
SRR23343477	AL_Shangrila	822	within_species_comparison	sensitivity	alignment	low_base_quality	1
SRR23343477	AL_Shangrila	822	within_species_comparison	sensitivity	fragment	conflicting_mates	0
SRR23343477	AL_Shangrila	822	within_species_comparison	sensitivity	fragment	independent_eligible	38
SRR23343478	AL_Shangrila	822	within_species_comparison	sensitivity	alignment	duplicate	5
SRR23343478	AL_Shangrila	822	within_species_comparison	sensitivity	alignment	eligible	37
SRR23343478	AL_Shangrila	822	within_species_comparison	sensitivity	alignment	incomplete_codon	2
SRR23343478	AL_Shangrila	822	within_species_comparison	sensitivity	alignment	low_base_quality	1
SRR23343478	AL_Shangrila	822	within_species_comparison	sensitivity	fragment	conflicting_mates	0
SRR23343478	AL_Shangrila	822	within_species_comparison	sensitivity	fragment	independent_eligible	36
SRR23343479	AL_Shangrila	822	within_species_comparison	sensitivity	alignment	duplicate	7
SRR23343479	AL_Shangrila	822	within_species_comparison	sensitivity	alignment	eligible	23
SRR23343479	AL_Shangrila	822	within_species_comparison	sensitivity	alignment	incomplete_codon	2
SRR23343479	AL_Shangrila	822	within_species_comparison	sensitivity	alignment	low_base_quality	2
SRR23343479	AL_Shangrila	822	within_species_comparison	sensitivity	fragment	conflicting_mates	0
SRR23343479	AL_Shangrila	822	within_species_comparison	sensitivity	fragment	independent_eligible	23
SRR23343480	AL_Shangrila	822	within_species_comparison	sensitivity	alignment	duplicate	6
SRR23343480	AL_Shangrila	822	within_species_comparison	sensitivity	alignment	eligible	43
SRR23343480	AL_Shangrila	822	within_species_comparison	sensitivity	fragment	conflicting_mates	0
SRR23343480	AL_Shangrila	822	within_species_comparison	sensitivity	fragment	independent_eligible	42
SRR23343481	AL_Shangrila	822	within_species_comparison	sensitivity	alignment	duplicate	5
SRR23343481	AL_Shangrila	822	within_species_comparison	sensitivity	alignment	eligible	32
SRR23343481	AL_Shangrila	822	within_species_comparison	sensitivity	alignment	incomplete_codon	1
SRR23343481	AL_Shangrila	822	within_species_comparison	sensitivity	fragment	conflicting_mates	0
SRR23343481	AL_Shangrila	822	within_species_comparison	sensitivity	fragment	independent_eligible	32
SRR23343482	AL_Shangrila	822	within_species_comparison	sensitivity	alignment	duplicate	5
SRR23343482	AL_Shangrila	822	within_species_comparison	sensitivity	alignment	eligible	46
SRR23343482	AL_Shangrila	822	within_species_comparison	sensitivity	alignment	incomplete_codon	1
SRR23343482	AL_Shangrila	822	within_species_comparison	sensitivity	fragment	conflicting_mates	0
SRR23343482	AL_Shangrila	822	within_species_comparison	sensitivity	fragment	independent_eligible	42
SRR23343483	AL_Shangrila	822	within_species_comparison	sensitivity	alignment	duplicate	4
SRR23343483	AL_Shangrila	822	within_species_comparison	sensitivity	alignment	eligible	34
SRR23343483	AL_Shangrila	822	within_species_comparison	sensitivity	alignment	low_base_quality	2
SRR23343483	AL_Shangrila	822	within_species_comparison	sensitivity	fragment	conflicting_mates	0
SRR23343483	AL_Shangrila	822	within_species_comparison	sensitivity	fragment	independent_eligible	33
SRR23343484	AL_Shangrila	822	within_species_comparison	sensitivity	alignment	duplicate	9
SRR23343484	AL_Shangrila	822	within_species_comparison	sensitivity	alignment	eligible	58
SRR23343484	AL_Shangrila	822	within_species_comparison	sensitivity	alignment	incomplete_codon	3
SRR23343484	AL_Shangrila	822	within_species_comparison	sensitivity	alignment	low_base_quality	1
SRR23343484	AL_Shangrila	822	within_species_comparison	sensitivity	fragment	conflicting_mates	0
SRR23343484	AL_Shangrila	822	within_species_comparison	sensitivity	fragment	independent_eligible	57
SRR23343485	AL_Shangrila	822	within_species_comparison	sensitivity	alignment	duplicate	11
SRR23343485	AL_Shangrila	822	within_species_comparison	sensitivity	alignment	eligible	33
SRR23343485	AL_Shangrila	822	within_species_comparison	sensitivity	alignment	incomplete_codon	1
SRR23343485	AL_Shangrila	822	within_species_comparison	sensitivity	alignment	low_base_quality	1
SRR23343485	AL_Shangrila	822	within_species_comparison	sensitivity	fragment	conflicting_mates	0
SRR23343485	AL_Shangrila	822	within_species_comparison	sensitivity	fragment	independent_eligible	33
SRR23343486	AL_Shangrila	822	within_species_comparison	sensitivity	alignment	duplicate	3
SRR23343486	AL_Shangrila	822	within_species_comparison	sensitivity	alignment	eligible	27
SRR23343486	AL_Shangrila	822	within_species_comparison	sensitivity	alignment	incomplete_codon	2
SRR23343486	AL_Shangrila	822	within_species_comparison	sensitivity	alignment	low_base_quality	2
SRR23343486	AL_Shangrila	822	within_species_comparison	sensitivity	fragment	conflicting_mates	0
SRR23343486	AL_Shangrila	822	within_species_comparison	sensitivity	fragment	independent_eligible	27
SRR23343487	AL_Shangrila	822	within_species_comparison	sensitivity	alignment	duplicate	9
SRR23343487	AL_Shangrila	822	within_species_comparison	sensitivity	alignment	eligible	34
SRR23343487	AL_Shangrila	822	within_species_comparison	sensitivity	alignment	incomplete_codon	1
SRR23343487	AL_Shangrila	822	within_species_comparison	sensitivity	alignment	low_base_quality	1
SRR23343487	AL_Shangrila	822	within_species_comparison	sensitivity	fragment	conflicting_mates	0
SRR23343487	AL_Shangrila	822	within_species_comparison	sensitivity	fragment	independent_eligible	34
SRR23343488	AL_Shangrila	822	within_species_comparison	sensitivity	alignment	duplicate	3
SRR23343488	AL_Shangrila	822	within_species_comparison	sensitivity	alignment	eligible	23
SRR23343488	AL_Shangrila	822	within_species_comparison	sensitivity	alignment	incomplete_codon	1
SRR23343488	AL_Shangrila	822	within_species_comparison	sensitivity	alignment	low_base_quality	3
SRR23343488	AL_Shangrila	822	within_species_comparison	sensitivity	fragment	conflicting_mates	0
SRR23343488	AL_Shangrila	822	within_species_comparison	sensitivity	fragment	independent_eligible	23
SRR23343489	AL_Shangrila	822	within_species_comparison	sensitivity	alignment	duplicate	4
SRR23343489	AL_Shangrila	822	within_species_comparison	sensitivity	alignment	eligible	36
SRR23343489	AL_Shangrila	822	within_species_comparison	sensitivity	alignment	incomplete_codon	1
SRR23343489	AL_Shangrila	822	within_species_comparison	sensitivity	alignment	low_base_quality	1
SRR23343489	AL_Shangrila	822	within_species_comparison	sensitivity	fragment	conflicting_mates	0
SRR23343489	AL_Shangrila	822	within_species_comparison	sensitivity	fragment	independent_eligible	35
SRR23343490	AL_Shangrila	822	within_species_comparison	sensitivity	alignment	duplicate	8
SRR23343490	AL_Shangrila	822	within_species_comparison	sensitivity	alignment	eligible	33
SRR23343490	AL_Shangrila	822	within_species_comparison	sensitivity	alignment	incomplete_codon	1
SRR23343490	AL_Shangrila	822	within_species_comparison	sensitivity	alignment	low_base_quality	1
SRR23343490	AL_Shangrila	822	within_species_comparison	sensitivity	fragment	conflicting_mates	0
SRR23343490	AL_Shangrila	822	within_species_comparison	sensitivity	fragment	independent_eligible	33
SRR23343491	AL_Shangrila	822	within_species_comparison	sensitivity	alignment	duplicate	6
SRR23343491	AL_Shangrila	822	within_species_comparison	sensitivity	alignment	eligible	20
SRR23343491	AL_Shangrila	822	within_species_comparison	sensitivity	alignment	low_base_quality	1
SRR23343491	AL_Shangrila	822	within_species_comparison	sensitivity	fragment	conflicting_mates	0
SRR23343491	AL_Shangrila	822	within_species_comparison	sensitivity	fragment	independent_eligible	20
SRR23343492	AL_Shangrila	822	within_species_comparison	sensitivity	alignment	duplicate	2
SRR23343492	AL_Shangrila	822	within_species_comparison	sensitivity	alignment	eligible	23
SRR23343492	AL_Shangrila	822	within_species_comparison	sensitivity	alignment	incomplete_codon	1
SRR23343492	AL_Shangrila	822	within_species_comparison	sensitivity	alignment	low_base_quality	1
SRR23343492	AL_Shangrila	822	within_species_comparison	sensitivity	fragment	conflicting_mates	0
SRR23343492	AL_Shangrila	822	within_species_comparison	sensitivity	fragment	independent_eligible	22
SRR23343493	AL_Shangrila	822	within_species_comparison	sensitivity	alignment	duplicate	5
SRR23343493	AL_Shangrila	822	within_species_comparison	sensitivity	alignment	eligible	24
SRR23343493	AL_Shangrila	822	within_species_comparison	sensitivity	alignment	low_base_quality	1
SRR23343493	AL_Shangrila	822	within_species_comparison	sensitivity	fragment	conflicting_mates	0
SRR23343493	AL_Shangrila	822	within_species_comparison	sensitivity	fragment	independent_eligible	23
SRR23343494	AL_Shangrila	822	within_species_comparison	sensitivity	alignment	duplicate	6
SRR23343494	AL_Shangrila	822	within_species_comparison	sensitivity	alignment	eligible	36
SRR23343494	AL_Shangrila	822	within_species_comparison	sensitivity	alignment	incomplete_codon	2
SRR23343494	AL_Shangrila	822	within_species_comparison	sensitivity	fragment	conflicting_mates	0
SRR23343494	AL_Shangrila	822	within_species_comparison	sensitivity	fragment	independent_eligible	36
SRR23343438	AL_Shangrila	1134	primary	sensitivity	alignment	duplicate	8
SRR23343438	AL_Shangrila	1134	primary	sensitivity	alignment	eligible	45
SRR23343438	AL_Shangrila	1134	primary	sensitivity	alignment	low_base_quality	2
SRR23343438	AL_Shangrila	1134	primary	sensitivity	fragment	conflicting_mates	0
SRR23343438	AL_Shangrila	1134	primary	sensitivity	fragment	independent_eligible	44
SRR23343439	AL_Shangrila	1134	primary	sensitivity	alignment	duplicate	9
SRR23343439	AL_Shangrila	1134	primary	sensitivity	alignment	eligible	44
SRR23343439	AL_Shangrila	1134	primary	sensitivity	alignment	incomplete_codon	3
SRR23343439	AL_Shangrila	1134	primary	sensitivity	alignment	low_base_quality	2
SRR23343439	AL_Shangrila	1134	primary	sensitivity	fragment	conflicting_mates	0
SRR23343439	AL_Shangrila	1134	primary	sensitivity	fragment	independent_eligible	43
SRR23343440	AL_Shangrila	1134	primary	sensitivity	alignment	duplicate	5
SRR23343440	AL_Shangrila	1134	primary	sensitivity	alignment	eligible	38
SRR23343440	AL_Shangrila	1134	primary	sensitivity	alignment	low_base_quality	6
SRR23343440	AL_Shangrila	1134	primary	sensitivity	fragment	conflicting_mates	0
SRR23343440	AL_Shangrila	1134	primary	sensitivity	fragment	independent_eligible	38
SRR23343441	AL_Shangrila	1134	primary	sensitivity	alignment	duplicate	3
SRR23343441	AL_Shangrila	1134	primary	sensitivity	alignment	eligible	34
SRR23343441	AL_Shangrila	1134	primary	sensitivity	alignment	low_base_quality	3
SRR23343441	AL_Shangrila	1134	primary	sensitivity	fragment	conflicting_mates	0
SRR23343441	AL_Shangrila	1134	primary	sensitivity	fragment	independent_eligible	34
SRR23343442	AL_Shangrila	1134	primary	sensitivity	alignment	duplicate	9
SRR23343442	AL_Shangrila	1134	primary	sensitivity	alignment	eligible	58
SRR23343442	AL_Shangrila	1134	primary	sensitivity	alignment	incomplete_codon	3
SRR23343442	AL_Shangrila	1134	primary	sensitivity	alignment	low_base_quality	9
SRR23343442	AL_Shangrila	1134	primary	sensitivity	fragment	conflicting_mates	0
SRR23343442	AL_Shangrila	1134	primary	sensitivity	fragment	independent_eligible	57
SRR23343443	AL_Shangrila	1134	primary	sensitivity	alignment	duplicate	6
SRR23343443	AL_Shangrila	1134	primary	sensitivity	alignment	eligible	30
SRR23343443	AL_Shangrila	1134	primary	sensitivity	alignment	low_base_quality	2
SRR23343443	AL_Shangrila	1134	primary	sensitivity	fragment	conflicting_mates	0
SRR23343443	AL_Shangrila	1134	primary	sensitivity	fragment	independent_eligible	28
SRR23343444	AL_Shangrila	1134	primary	sensitivity	alignment	duplicate	5
SRR23343444	AL_Shangrila	1134	primary	sensitivity	alignment	eligible	36
SRR23343444	AL_Shangrila	1134	primary	sensitivity	alignment	low_base_quality	3
SRR23343444	AL_Shangrila	1134	primary	sensitivity	fragment	conflicting_mates	0
SRR23343444	AL_Shangrila	1134	primary	sensitivity	fragment	independent_eligible	34
SRR23343445	AL_Shangrila	1134	primary	sensitivity	alignment	duplicate	6
SRR23343445	AL_Shangrila	1134	primary	sensitivity	alignment	eligible	41
SRR23343445	AL_Shangrila	1134	primary	sensitivity	alignment	incomplete_codon	2
SRR23343445	AL_Shangrila	1134	primary	sensitivity	alignment	low_base_quality	2
SRR23343445	AL_Shangrila	1134	primary	sensitivity	fragment	conflicting_mates	0
SRR23343445	AL_Shangrila	1134	primary	sensitivity	fragment	independent_eligible	41
SRR23343446	AL_Shangrila	1134	primary	sensitivity	alignment	duplicate	5
SRR23343446	AL_Shangrila	1134	primary	sensitivity	alignment	eligible	27
SRR23343446	AL_Shangrila	1134	primary	sensitivity	alignment	low_base_quality	1
SRR23343446	AL_Shangrila	1134	primary	sensitivity	fragment	conflicting_mates	0
SRR23343446	AL_Shangrila	1134	primary	sensitivity	fragment	independent_eligible	26
SRR23343447	AL_Shangrila	1134	primary	sensitivity	alignment	duplicate	13
SRR23343447	AL_Shangrila	1134	primary	sensitivity	alignment	eligible	42
SRR23343447	AL_Shangrila	1134	primary	sensitivity	alignment	incomplete_codon	1
SRR23343447	AL_Shangrila	1134	primary	sensitivity	alignment	low_base_quality	2
SRR23343447	AL_Shangrila	1134	primary	sensitivity	fragment	conflicting_mates	0
SRR23343447	AL_Shangrila	1134	primary	sensitivity	fragment	independent_eligible	41
SRR23343448	AL_Shangrila	1134	primary	sensitivity	alignment	duplicate	6
SRR23343448	AL_Shangrila	1134	primary	sensitivity	alignment	eligible	29
SRR23343448	AL_Shangrila	1134	primary	sensitivity	alignment	incomplete_codon	1
SRR23343448	AL_Shangrila	1134	primary	sensitivity	alignment	low_base_quality	1
SRR23343448	AL_Shangrila	1134	primary	sensitivity	fragment	conflicting_mates	0
SRR23343448	AL_Shangrila	1134	primary	sensitivity	fragment	independent_eligible	28
SRR23343449	AL_Shangrila	1134	primary	sensitivity	alignment	duplicate	12
SRR23343449	AL_Shangrila	1134	primary	sensitivity	alignment	eligible	33
SRR23343449	AL_Shangrila	1134	primary	sensitivity	alignment	low_base_quality	2
SRR23343449	AL_Shangrila	1134	primary	sensitivity	fragment	conflicting_mates	0
SRR23343449	AL_Shangrila	1134	primary	sensitivity	fragment	independent_eligible	33
SRR23343450	AL_Shangrila	1134	primary	sensitivity	alignment	duplicate	5
SRR23343450	AL_Shangrila	1134	primary	sensitivity	alignment	eligible	34
SRR23343450	AL_Shangrila	1134	primary	sensitivity	alignment	incomplete_codon	2
SRR23343450	AL_Shangrila	1134	primary	sensitivity	alignment	low_base_quality	2
SRR23343450	AL_Shangrila	1134	primary	sensitivity	fragment	conflicting_mates	0
SRR23343450	AL_Shangrila	1134	primary	sensitivity	fragment	independent_eligible	34
SRR23343451	AL_Shangrila	1134	primary	sensitivity	alignment	duplicate	9
SRR23343451	AL_Shangrila	1134	primary	sensitivity	alignment	eligible	26
SRR23343451	AL_Shangrila	1134	primary	sensitivity	alignment	low_base_quality	2
SRR23343451	AL_Shangrila	1134	primary	sensitivity	alignment	low_mapping_quality	1
SRR23343451	AL_Shangrila	1134	primary	sensitivity	fragment	conflicting_mates	0
SRR23343451	AL_Shangrila	1134	primary	sensitivity	fragment	independent_eligible	25
SRR23343452	AL_Shangrila	1134	primary	sensitivity	alignment	duplicate	7
SRR23343452	AL_Shangrila	1134	primary	sensitivity	alignment	eligible	38
SRR23343452	AL_Shangrila	1134	primary	sensitivity	alignment	incomplete_codon	3
SRR23343452	AL_Shangrila	1134	primary	sensitivity	alignment	low_base_quality	3
SRR23343452	AL_Shangrila	1134	primary	sensitivity	fragment	conflicting_mates	0
SRR23343452	AL_Shangrila	1134	primary	sensitivity	fragment	independent_eligible	38
SRR23343453	AL_Shangrila	1134	primary	sensitivity	alignment	duplicate	4
SRR23343453	AL_Shangrila	1134	primary	sensitivity	alignment	eligible	23
SRR23343453	AL_Shangrila	1134	primary	sensitivity	alignment	low_base_quality	2
SRR23343453	AL_Shangrila	1134	primary	sensitivity	fragment	conflicting_mates	0
SRR23343453	AL_Shangrila	1134	primary	sensitivity	fragment	independent_eligible	23
SRR23343454	AL_Shangrila	1134	primary	sensitivity	alignment	duplicate	3
SRR23343454	AL_Shangrila	1134	primary	sensitivity	alignment	eligible	25
SRR23343454	AL_Shangrila	1134	primary	sensitivity	alignment	low_base_quality	4
SRR23343454	AL_Shangrila	1134	primary	sensitivity	fragment	conflicting_mates	0
SRR23343454	AL_Shangrila	1134	primary	sensitivity	fragment	independent_eligible	25
SRR23343455	AL_Shangrila	1134	primary	sensitivity	alignment	eligible	2
SRR23343455	AL_Shangrila	1134	primary	sensitivity	alignment	low_base_quality	1
SRR23343455	AL_Shangrila	1134	primary	sensitivity	fragment	conflicting_mates	0
SRR23343455	AL_Shangrila	1134	primary	sensitivity	fragment	independent_eligible	2
SRR23343456	AL_Shangrila	1134	primary	sensitivity	alignment	duplicate	4
SRR23343456	AL_Shangrila	1134	primary	sensitivity	alignment	eligible	31
SRR23343456	AL_Shangrila	1134	primary	sensitivity	alignment	incomplete_codon	3
SRR23343456	AL_Shangrila	1134	primary	sensitivity	fragment	conflicting_mates	0
SRR23343456	AL_Shangrila	1134	primary	sensitivity	fragment	independent_eligible	30
SRR23343457	AL_Shangrila	1134	primary	sensitivity	alignment	duplicate	8
SRR23343457	AL_Shangrila	1134	primary	sensitivity	alignment	eligible	35
SRR23343457	AL_Shangrila	1134	primary	sensitivity	alignment	incomplete_codon	1
SRR23343457	AL_Shangrila	1134	primary	sensitivity	alignment	low_base_quality	2
SRR23343457	AL_Shangrila	1134	primary	sensitivity	fragment	conflicting_mates	0
SRR23343457	AL_Shangrila	1134	primary	sensitivity	fragment	independent_eligible	34
SRR23343458	AL_Shangrila	1134	primary	sensitivity	alignment	duplicate	7
SRR23343458	AL_Shangrila	1134	primary	sensitivity	alignment	eligible	41
SRR23343458	AL_Shangrila	1134	primary	sensitivity	alignment	incomplete_codon	1
SRR23343458	AL_Shangrila	1134	primary	sensitivity	alignment	low_base_quality	2
SRR23343458	AL_Shangrila	1134	primary	sensitivity	fragment	conflicting_mates	0
SRR23343458	AL_Shangrila	1134	primary	sensitivity	fragment	independent_eligible	41
SRR23343459	AL_Shangrila	1134	primary	sensitivity	alignment	duplicate	5
SRR23343459	AL_Shangrila	1134	primary	sensitivity	alignment	eligible	24
SRR23343459	AL_Shangrila	1134	primary	sensitivity	fragment	conflicting_mates	0
SRR23343459	AL_Shangrila	1134	primary	sensitivity	fragment	independent_eligible	24
SRR23343460	AL_Shangrila	1134	primary	sensitivity	alignment	duplicate	5
SRR23343460	AL_Shangrila	1134	primary	sensitivity	alignment	eligible	48
SRR23343460	AL_Shangrila	1134	primary	sensitivity	alignment	incomplete_codon	2
SRR23343460	AL_Shangrila	1134	primary	sensitivity	alignment	low_base_quality	3
SRR23343460	AL_Shangrila	1134	primary	sensitivity	fragment	conflicting_mates	0
SRR23343460	AL_Shangrila	1134	primary	sensitivity	fragment	independent_eligible	46
SRR23343461	AL_Shangrila	1134	primary	sensitivity	alignment	duplicate	3
SRR23343461	AL_Shangrila	1134	primary	sensitivity	alignment	eligible	32
SRR23343461	AL_Shangrila	1134	primary	sensitivity	alignment	incomplete_codon	3
SRR23343461	AL_Shangrila	1134	primary	sensitivity	alignment	low_base_quality	4
SRR23343461	AL_Shangrila	1134	primary	sensitivity	fragment	conflicting_mates	0
SRR23343461	AL_Shangrila	1134	primary	sensitivity	fragment	independent_eligible	32
SRR23343462	AL_Shangrila	1134	primary	sensitivity	alignment	duplicate	6
SRR23343462	AL_Shangrila	1134	primary	sensitivity	alignment	eligible	48
SRR23343462	AL_Shangrila	1134	primary	sensitivity	alignment	incomplete_codon	1
SRR23343462	AL_Shangrila	1134	primary	sensitivity	alignment	low_base_quality	2
SRR23343462	AL_Shangrila	1134	primary	sensitivity	fragment	conflicting_mates	0
SRR23343462	AL_Shangrila	1134	primary	sensitivity	fragment	independent_eligible	46
SRR23343463	AL_Shangrila	1134	primary	sensitivity	alignment	duplicate	9
SRR23343463	AL_Shangrila	1134	primary	sensitivity	alignment	eligible	37
SRR23343463	AL_Shangrila	1134	primary	sensitivity	alignment	low_base_quality	3
SRR23343463	AL_Shangrila	1134	primary	sensitivity	fragment	conflicting_mates	0
SRR23343463	AL_Shangrila	1134	primary	sensitivity	fragment	independent_eligible	36
SRR23343464	AL_Shangrila	1134	primary	sensitivity	alignment	duplicate	5
SRR23343464	AL_Shangrila	1134	primary	sensitivity	alignment	eligible	35
SRR23343464	AL_Shangrila	1134	primary	sensitivity	alignment	low_base_quality	1
SRR23343464	AL_Shangrila	1134	primary	sensitivity	fragment	conflicting_mates	0
SRR23343464	AL_Shangrila	1134	primary	sensitivity	fragment	independent_eligible	35
SRR23343465	AL_Shangrila	1134	primary	sensitivity	alignment	duplicate	6
SRR23343465	AL_Shangrila	1134	primary	sensitivity	alignment	eligible	20
SRR23343465	AL_Shangrila	1134	primary	sensitivity	alignment	incomplete_codon	1
SRR23343465	AL_Shangrila	1134	primary	sensitivity	alignment	low_base_quality	1
SRR23343465	AL_Shangrila	1134	primary	sensitivity	fragment	conflicting_mates	0
SRR23343465	AL_Shangrila	1134	primary	sensitivity	fragment	independent_eligible	19
SRR23343466	AL_Shangrila	1134	primary	sensitivity	alignment	duplicate	4
SRR23343466	AL_Shangrila	1134	primary	sensitivity	alignment	eligible	36
SRR23343466	AL_Shangrila	1134	primary	sensitivity	alignment	low_base_quality	1
SRR23343466	AL_Shangrila	1134	primary	sensitivity	fragment	conflicting_mates	0
SRR23343466	AL_Shangrila	1134	primary	sensitivity	fragment	independent_eligible	35
SRR23343467	AL_Shangrila	1134	primary	sensitivity	alignment	duplicate	4
SRR23343467	AL_Shangrila	1134	primary	sensitivity	alignment	eligible	46
SRR23343467	AL_Shangrila	1134	primary	sensitivity	alignment	low_base_quality	5
SRR23343467	AL_Shangrila	1134	primary	sensitivity	fragment	conflicting_mates	0
SRR23343467	AL_Shangrila	1134	primary	sensitivity	fragment	independent_eligible	45
SRR23343468	AL_Shangrila	1134	primary	sensitivity	alignment	duplicate	12
SRR23343468	AL_Shangrila	1134	primary	sensitivity	alignment	eligible	51
SRR23343468	AL_Shangrila	1134	primary	sensitivity	alignment	low_base_quality	3
SRR23343468	AL_Shangrila	1134	primary	sensitivity	fragment	conflicting_mates	0
SRR23343468	AL_Shangrila	1134	primary	sensitivity	fragment	independent_eligible	49
SRR23343469	AL_Shangrila	1134	primary	sensitivity	alignment	duplicate	4
SRR23343469	AL_Shangrila	1134	primary	sensitivity	alignment	eligible	34
SRR23343469	AL_Shangrila	1134	primary	sensitivity	alignment	incomplete_codon	1
SRR23343469	AL_Shangrila	1134	primary	sensitivity	alignment	low_base_quality	2
SRR23343469	AL_Shangrila	1134	primary	sensitivity	fragment	conflicting_mates	0
SRR23343469	AL_Shangrila	1134	primary	sensitivity	fragment	independent_eligible	33
SRR23343470	AL_Shangrila	1134	primary	sensitivity	alignment	duplicate	5
SRR23343470	AL_Shangrila	1134	primary	sensitivity	alignment	eligible	27
SRR23343470	AL_Shangrila	1134	primary	sensitivity	alignment	incomplete_codon	2
SRR23343470	AL_Shangrila	1134	primary	sensitivity	alignment	low_base_quality	3
SRR23343470	AL_Shangrila	1134	primary	sensitivity	fragment	conflicting_mates	0
SRR23343470	AL_Shangrila	1134	primary	sensitivity	fragment	independent_eligible	26
SRR23343471	AL_Shangrila	1134	primary	sensitivity	alignment	duplicate	5
SRR23343471	AL_Shangrila	1134	primary	sensitivity	alignment	eligible	40
SRR23343471	AL_Shangrila	1134	primary	sensitivity	alignment	incomplete_codon	1
SRR23343471	AL_Shangrila	1134	primary	sensitivity	alignment	low_base_quality	6
SRR23343471	AL_Shangrila	1134	primary	sensitivity	fragment	conflicting_mates	0
SRR23343471	AL_Shangrila	1134	primary	sensitivity	fragment	independent_eligible	40
SRR23343472	AL_Shangrila	1134	primary	sensitivity	alignment	duplicate	10
SRR23343472	AL_Shangrila	1134	primary	sensitivity	alignment	eligible	36
SRR23343472	AL_Shangrila	1134	primary	sensitivity	alignment	incomplete_codon	3
SRR23343472	AL_Shangrila	1134	primary	sensitivity	alignment	low_base_quality	1
SRR23343472	AL_Shangrila	1134	primary	sensitivity	fragment	conflicting_mates	0
SRR23343472	AL_Shangrila	1134	primary	sensitivity	fragment	independent_eligible	36
SRR23343473	AL_Shangrila	1134	primary	sensitivity	alignment	duplicate	14
SRR23343473	AL_Shangrila	1134	primary	sensitivity	alignment	eligible	68
SRR23343473	AL_Shangrila	1134	primary	sensitivity	alignment	incomplete_codon	1
SRR23343473	AL_Shangrila	1134	primary	sensitivity	alignment	low_base_quality	6
SRR23343473	AL_Shangrila	1134	primary	sensitivity	fragment	conflicting_mates	0
SRR23343473	AL_Shangrila	1134	primary	sensitivity	fragment	independent_eligible	66
SRR23343474	AL_Shangrila	1134	primary	sensitivity	alignment	duplicate	4
SRR23343474	AL_Shangrila	1134	primary	sensitivity	alignment	eligible	34
SRR23343474	AL_Shangrila	1134	primary	sensitivity	alignment	incomplete_codon	1
SRR23343474	AL_Shangrila	1134	primary	sensitivity	alignment	low_base_quality	1
SRR23343474	AL_Shangrila	1134	primary	sensitivity	fragment	conflicting_mates	0
SRR23343474	AL_Shangrila	1134	primary	sensitivity	fragment	independent_eligible	33
SRR23343475	AL_Shangrila	1134	primary	sensitivity	alignment	duplicate	6
SRR23343475	AL_Shangrila	1134	primary	sensitivity	alignment	eligible	31
SRR23343475	AL_Shangrila	1134	primary	sensitivity	alignment	incomplete_codon	2
SRR23343475	AL_Shangrila	1134	primary	sensitivity	alignment	low_base_quality	1
SRR23343475	AL_Shangrila	1134	primary	sensitivity	fragment	conflicting_mates	0
SRR23343475	AL_Shangrila	1134	primary	sensitivity	fragment	independent_eligible	30
SRR23343476	AL_Shangrila	1134	primary	sensitivity	alignment	duplicate	2
SRR23343476	AL_Shangrila	1134	primary	sensitivity	alignment	eligible	24
SRR23343476	AL_Shangrila	1134	primary	sensitivity	alignment	incomplete_codon	1
SRR23343476	AL_Shangrila	1134	primary	sensitivity	fragment	conflicting_mates	0
SRR23343476	AL_Shangrila	1134	primary	sensitivity	fragment	independent_eligible	24
SRR23343477	AL_Shangrila	1134	primary	sensitivity	alignment	duplicate	6
SRR23343477	AL_Shangrila	1134	primary	sensitivity	alignment	eligible	40
SRR23343477	AL_Shangrila	1134	primary	sensitivity	alignment	incomplete_codon	2
SRR23343477	AL_Shangrila	1134	primary	sensitivity	alignment	low_base_quality	3
SRR23343477	AL_Shangrila	1134	primary	sensitivity	fragment	conflicting_mates	0
SRR23343477	AL_Shangrila	1134	primary	sensitivity	fragment	independent_eligible	37
SRR23343478	AL_Shangrila	1134	primary	sensitivity	alignment	duplicate	3
SRR23343478	AL_Shangrila	1134	primary	sensitivity	alignment	eligible	28
SRR23343478	AL_Shangrila	1134	primary	sensitivity	alignment	incomplete_codon	1
SRR23343478	AL_Shangrila	1134	primary	sensitivity	alignment	low_base_quality	3
SRR23343478	AL_Shangrila	1134	primary	sensitivity	fragment	conflicting_mates	0
SRR23343478	AL_Shangrila	1134	primary	sensitivity	fragment	independent_eligible	28
SRR23343479	AL_Shangrila	1134	primary	sensitivity	alignment	duplicate	6
SRR23343479	AL_Shangrila	1134	primary	sensitivity	alignment	eligible	26
SRR23343479	AL_Shangrila	1134	primary	sensitivity	alignment	incomplete_codon	1
SRR23343479	AL_Shangrila	1134	primary	sensitivity	fragment	conflicting_mates	0
SRR23343479	AL_Shangrila	1134	primary	sensitivity	fragment	independent_eligible	26
SRR23343480	AL_Shangrila	1134	primary	sensitivity	alignment	duplicate	11
SRR23343480	AL_Shangrila	1134	primary	sensitivity	alignment	eligible	37
SRR23343480	AL_Shangrila	1134	primary	sensitivity	alignment	incomplete_codon	1
SRR23343480	AL_Shangrila	1134	primary	sensitivity	alignment	low_base_quality	1
SRR23343480	AL_Shangrila	1134	primary	sensitivity	fragment	conflicting_mates	0
SRR23343480	AL_Shangrila	1134	primary	sensitivity	fragment	independent_eligible	36
SRR23343481	AL_Shangrila	1134	primary	sensitivity	alignment	duplicate	5
SRR23343481	AL_Shangrila	1134	primary	sensitivity	alignment	eligible	29
SRR23343481	AL_Shangrila	1134	primary	sensitivity	fragment	conflicting_mates	0
SRR23343481	AL_Shangrila	1134	primary	sensitivity	fragment	independent_eligible	28
SRR23343482	AL_Shangrila	1134	primary	sensitivity	alignment	duplicate	9
SRR23343482	AL_Shangrila	1134	primary	sensitivity	alignment	eligible	32
SRR23343482	AL_Shangrila	1134	primary	sensitivity	alignment	low_base_quality	2
SRR23343482	AL_Shangrila	1134	primary	sensitivity	fragment	conflicting_mates	0
SRR23343482	AL_Shangrila	1134	primary	sensitivity	fragment	independent_eligible	30
SRR23343483	AL_Shangrila	1134	primary	sensitivity	alignment	duplicate	6
SRR23343483	AL_Shangrila	1134	primary	sensitivity	alignment	eligible	26
SRR23343483	AL_Shangrila	1134	primary	sensitivity	alignment	low_base_quality	5
SRR23343483	AL_Shangrila	1134	primary	sensitivity	fragment	conflicting_mates	0
SRR23343483	AL_Shangrila	1134	primary	sensitivity	fragment	independent_eligible	26
SRR23343484	AL_Shangrila	1134	primary	sensitivity	alignment	duplicate	18
SRR23343484	AL_Shangrila	1134	primary	sensitivity	alignment	eligible	59
SRR23343484	AL_Shangrila	1134	primary	sensitivity	alignment	incomplete_codon	2
SRR23343484	AL_Shangrila	1134	primary	sensitivity	alignment	low_base_quality	4
SRR23343484	AL_Shangrila	1134	primary	sensitivity	fragment	conflicting_mates	0
SRR23343484	AL_Shangrila	1134	primary	sensitivity	fragment	independent_eligible	55
SRR23343485	AL_Shangrila	1134	primary	sensitivity	alignment	duplicate	7
SRR23343485	AL_Shangrila	1134	primary	sensitivity	alignment	eligible	29
SRR23343485	AL_Shangrila	1134	primary	sensitivity	fragment	conflicting_mates	0
SRR23343485	AL_Shangrila	1134	primary	sensitivity	fragment	independent_eligible	27
SRR23343486	AL_Shangrila	1134	primary	sensitivity	alignment	duplicate	12
SRR23343486	AL_Shangrila	1134	primary	sensitivity	alignment	eligible	38
SRR23343486	AL_Shangrila	1134	primary	sensitivity	alignment	incomplete_codon	2
SRR23343486	AL_Shangrila	1134	primary	sensitivity	alignment	low_base_quality	2
SRR23343486	AL_Shangrila	1134	primary	sensitivity	fragment	conflicting_mates	0
SRR23343486	AL_Shangrila	1134	primary	sensitivity	fragment	independent_eligible	34
SRR23343487	AL_Shangrila	1134	primary	sensitivity	alignment	duplicate	9
SRR23343487	AL_Shangrila	1134	primary	sensitivity	alignment	eligible	36
SRR23343487	AL_Shangrila	1134	primary	sensitivity	alignment	incomplete_codon	2
SRR23343487	AL_Shangrila	1134	primary	sensitivity	alignment	low_base_quality	1
SRR23343487	AL_Shangrila	1134	primary	sensitivity	fragment	conflicting_mates	0
SRR23343487	AL_Shangrila	1134	primary	sensitivity	fragment	independent_eligible	35
SRR23343488	AL_Shangrila	1134	primary	sensitivity	alignment	duplicate	4
SRR23343488	AL_Shangrila	1134	primary	sensitivity	alignment	eligible	27
SRR23343488	AL_Shangrila	1134	primary	sensitivity	alignment	incomplete_codon	1
SRR23343488	AL_Shangrila	1134	primary	sensitivity	alignment	low_base_quality	3
SRR23343488	AL_Shangrila	1134	primary	sensitivity	fragment	conflicting_mates	0
SRR23343488	AL_Shangrila	1134	primary	sensitivity	fragment	independent_eligible	27
SRR23343489	AL_Shangrila	1134	primary	sensitivity	alignment	duplicate	7
SRR23343489	AL_Shangrila	1134	primary	sensitivity	alignment	eligible	38
SRR23343489	AL_Shangrila	1134	primary	sensitivity	alignment	incomplete_codon	1
SRR23343489	AL_Shangrila	1134	primary	sensitivity	alignment	low_base_quality	2
SRR23343489	AL_Shangrila	1134	primary	sensitivity	fragment	conflicting_mates	0
SRR23343489	AL_Shangrila	1134	primary	sensitivity	fragment	independent_eligible	38
SRR23343490	AL_Shangrila	1134	primary	sensitivity	alignment	duplicate	2
SRR23343490	AL_Shangrila	1134	primary	sensitivity	alignment	eligible	25
SRR23343490	AL_Shangrila	1134	primary	sensitivity	alignment	incomplete_codon	1
SRR23343490	AL_Shangrila	1134	primary	sensitivity	fragment	conflicting_mates	0
SRR23343490	AL_Shangrila	1134	primary	sensitivity	fragment	independent_eligible	25
SRR23343491	AL_Shangrila	1134	primary	sensitivity	alignment	duplicate	1
SRR23343491	AL_Shangrila	1134	primary	sensitivity	alignment	eligible	27
SRR23343491	AL_Shangrila	1134	primary	sensitivity	alignment	incomplete_codon	1
SRR23343491	AL_Shangrila	1134	primary	sensitivity	alignment	low_base_quality	2
SRR23343491	AL_Shangrila	1134	primary	sensitivity	fragment	conflicting_mates	0
SRR23343491	AL_Shangrila	1134	primary	sensitivity	fragment	independent_eligible	25
SRR23343492	AL_Shangrila	1134	primary	sensitivity	alignment	duplicate	7
SRR23343492	AL_Shangrila	1134	primary	sensitivity	alignment	eligible	39
SRR23343492	AL_Shangrila	1134	primary	sensitivity	alignment	low_base_quality	1
SRR23343492	AL_Shangrila	1134	primary	sensitivity	fragment	conflicting_mates	0
SRR23343492	AL_Shangrila	1134	primary	sensitivity	fragment	independent_eligible	38
SRR23343493	AL_Shangrila	1134	primary	sensitivity	alignment	duplicate	4
SRR23343493	AL_Shangrila	1134	primary	sensitivity	alignment	eligible	23
SRR23343493	AL_Shangrila	1134	primary	sensitivity	alignment	incomplete_codon	2
SRR23343493	AL_Shangrila	1134	primary	sensitivity	alignment	low_base_quality	2
SRR23343493	AL_Shangrila	1134	primary	sensitivity	fragment	conflicting_mates	0
SRR23343493	AL_Shangrila	1134	primary	sensitivity	fragment	independent_eligible	21
SRR23343494	AL_Shangrila	1134	primary	sensitivity	alignment	duplicate	8
SRR23343494	AL_Shangrila	1134	primary	sensitivity	alignment	eligible	43
SRR23343494	AL_Shangrila	1134	primary	sensitivity	alignment	low_base_quality	2
SRR23343494	AL_Shangrila	1134	primary	sensitivity	fragment	conflicting_mates	0
SRR23343494	AL_Shangrila	1134	primary	sensitivity	fragment	independent_eligible	41
SRR23343438	AD_Malaysia	254	primary	primary	alignment	duplicate	11
SRR23343438	AD_Malaysia	254	primary	primary	alignment	eligible	31
SRR23343438	AD_Malaysia	254	primary	primary	alignment	incomplete_codon	2
SRR23343438	AD_Malaysia	254	primary	primary	alignment	low_base_quality	11
SRR23343438	AD_Malaysia	254	primary	primary	fragment	conflicting_mates	0
SRR23343438	AD_Malaysia	254	primary	primary	fragment	independent_eligible	31
SRR23343439	AD_Malaysia	254	primary	primary	alignment	duplicate	10
SRR23343439	AD_Malaysia	254	primary	primary	alignment	eligible	27
SRR23343439	AD_Malaysia	254	primary	primary	alignment	incomplete_codon	2
SRR23343439	AD_Malaysia	254	primary	primary	alignment	low_base_quality	3
SRR23343439	AD_Malaysia	254	primary	primary	fragment	conflicting_mates	0
SRR23343439	AD_Malaysia	254	primary	primary	fragment	independent_eligible	27
SRR23343440	AD_Malaysia	254	primary	primary	alignment	duplicate	8
SRR23343440	AD_Malaysia	254	primary	primary	alignment	eligible	27
SRR23343440	AD_Malaysia	254	primary	primary	alignment	low_base_quality	11
SRR23343440	AD_Malaysia	254	primary	primary	fragment	conflicting_mates	0
SRR23343440	AD_Malaysia	254	primary	primary	fragment	independent_eligible	27
SRR23343441	AD_Malaysia	254	primary	primary	alignment	duplicate	9
SRR23343441	AD_Malaysia	254	primary	primary	alignment	eligible	28
SRR23343441	AD_Malaysia	254	primary	primary	alignment	incomplete_codon	1
SRR23343441	AD_Malaysia	254	primary	primary	alignment	low_base_quality	5
SRR23343441	AD_Malaysia	254	primary	primary	fragment	conflicting_mates	0
SRR23343441	AD_Malaysia	254	primary	primary	fragment	independent_eligible	26
SRR23343442	AD_Malaysia	254	primary	primary	alignment	duplicate	5
SRR23343442	AD_Malaysia	254	primary	primary	alignment	eligible	26
SRR23343442	AD_Malaysia	254	primary	primary	alignment	incomplete_codon	1
SRR23343442	AD_Malaysia	254	primary	primary	alignment	low_base_quality	14
SRR23343442	AD_Malaysia	254	primary	primary	fragment	conflicting_mates	0
SRR23343442	AD_Malaysia	254	primary	primary	fragment	independent_eligible	25
SRR23343443	AD_Malaysia	254	primary	primary	alignment	duplicate	6
SRR23343443	AD_Malaysia	254	primary	primary	alignment	eligible	24
SRR23343443	AD_Malaysia	254	primary	primary	alignment	incomplete_codon	1
SRR23343443	AD_Malaysia	254	primary	primary	alignment	low_base_quality	4
SRR23343443	AD_Malaysia	254	primary	primary	fragment	conflicting_mates	0
SRR23343443	AD_Malaysia	254	primary	primary	fragment	independent_eligible	21
SRR23343444	AD_Malaysia	254	primary	primary	alignment	duplicate	4
SRR23343444	AD_Malaysia	254	primary	primary	alignment	eligible	21
SRR23343444	AD_Malaysia	254	primary	primary	alignment	incomplete_codon	1
SRR23343444	AD_Malaysia	254	primary	primary	alignment	low_base_quality	8
SRR23343444	AD_Malaysia	254	primary	primary	fragment	conflicting_mates	0
SRR23343444	AD_Malaysia	254	primary	primary	fragment	independent_eligible	21
SRR23343445	AD_Malaysia	254	primary	primary	alignment	duplicate	6
SRR23343445	AD_Malaysia	254	primary	primary	alignment	eligible	39
SRR23343445	AD_Malaysia	254	primary	primary	alignment	incomplete_codon	3
SRR23343445	AD_Malaysia	254	primary	primary	alignment	low_base_quality	10
SRR23343445	AD_Malaysia	254	primary	primary	fragment	conflicting_mates	0
SRR23343445	AD_Malaysia	254	primary	primary	fragment	independent_eligible	39
SRR23343446	AD_Malaysia	254	primary	primary	alignment	eligible	18
SRR23343446	AD_Malaysia	254	primary	primary	alignment	low_base_quality	8
SRR23343446	AD_Malaysia	254	primary	primary	fragment	conflicting_mates	0
SRR23343446	AD_Malaysia	254	primary	primary	fragment	independent_eligible	18
SRR23343447	AD_Malaysia	254	primary	primary	alignment	duplicate	9
SRR23343447	AD_Malaysia	254	primary	primary	alignment	eligible	26
SRR23343447	AD_Malaysia	254	primary	primary	alignment	incomplete_codon	1
SRR23343447	AD_Malaysia	254	primary	primary	alignment	low_base_quality	7
SRR23343447	AD_Malaysia	254	primary	primary	alignment	low_mapping_quality	1
SRR23343447	AD_Malaysia	254	primary	primary	fragment	conflicting_mates	0
SRR23343447	AD_Malaysia	254	primary	primary	fragment	independent_eligible	26
SRR23343448	AD_Malaysia	254	primary	primary	alignment	duplicate	5
SRR23343448	AD_Malaysia	254	primary	primary	alignment	eligible	30
SRR23343448	AD_Malaysia	254	primary	primary	alignment	low_base_quality	11
SRR23343448	AD_Malaysia	254	primary	primary	fragment	conflicting_mates	0
SRR23343448	AD_Malaysia	254	primary	primary	fragment	independent_eligible	30
SRR23343449	AD_Malaysia	254	primary	primary	alignment	duplicate	7
SRR23343449	AD_Malaysia	254	primary	primary	alignment	eligible	20
SRR23343449	AD_Malaysia	254	primary	primary	alignment	low_base_quality	13
SRR23343449	AD_Malaysia	254	primary	primary	alignment	unmapped	1
SRR23343449	AD_Malaysia	254	primary	primary	fragment	conflicting_mates	0
SRR23343449	AD_Malaysia	254	primary	primary	fragment	independent_eligible	18
SRR23343450	AD_Malaysia	254	primary	primary	alignment	duplicate	7
SRR23343450	AD_Malaysia	254	primary	primary	alignment	eligible	34
SRR23343450	AD_Malaysia	254	primary	primary	alignment	incomplete_codon	1
SRR23343450	AD_Malaysia	254	primary	primary	alignment	low_base_quality	10
SRR23343450	AD_Malaysia	254	primary	primary	fragment	conflicting_mates	0
SRR23343450	AD_Malaysia	254	primary	primary	fragment	independent_eligible	34
SRR23343451	AD_Malaysia	254	primary	primary	alignment	duplicate	4
SRR23343451	AD_Malaysia	254	primary	primary	alignment	eligible	25
SRR23343451	AD_Malaysia	254	primary	primary	alignment	low_base_quality	3
SRR23343451	AD_Malaysia	254	primary	primary	fragment	conflicting_mates	0
SRR23343451	AD_Malaysia	254	primary	primary	fragment	independent_eligible	25
SRR23343452	AD_Malaysia	254	primary	primary	alignment	duplicate	5
SRR23343452	AD_Malaysia	254	primary	primary	alignment	eligible	21
SRR23343452	AD_Malaysia	254	primary	primary	alignment	incomplete_codon	2
SRR23343452	AD_Malaysia	254	primary	primary	alignment	low_base_quality	10
SRR23343452	AD_Malaysia	254	primary	primary	fragment	conflicting_mates	0
SRR23343452	AD_Malaysia	254	primary	primary	fragment	independent_eligible	21
SRR23343453	AD_Malaysia	254	primary	primary	alignment	eligible	12
SRR23343453	AD_Malaysia	254	primary	primary	alignment	low_base_quality	2
SRR23343453	AD_Malaysia	254	primary	primary	fragment	conflicting_mates	0
SRR23343453	AD_Malaysia	254	primary	primary	fragment	independent_eligible	12
SRR23343454	AD_Malaysia	254	primary	primary	alignment	duplicate	3
SRR23343454	AD_Malaysia	254	primary	primary	alignment	eligible	28
SRR23343454	AD_Malaysia	254	primary	primary	alignment	low_base_quality	12
SRR23343454	AD_Malaysia	254	primary	primary	fragment	conflicting_mates	0
SRR23343454	AD_Malaysia	254	primary	primary	fragment	independent_eligible	27
SRR23343455	AD_Malaysia	254	primary	primary	alignment	duplicate	1
SRR23343455	AD_Malaysia	254	primary	primary	alignment	eligible	1
SRR23343455	AD_Malaysia	254	primary	primary	alignment	low_base_quality	3
SRR23343455	AD_Malaysia	254	primary	primary	fragment	conflicting_mates	0
SRR23343455	AD_Malaysia	254	primary	primary	fragment	independent_eligible	1
SRR23343456	AD_Malaysia	254	primary	primary	alignment	duplicate	6
SRR23343456	AD_Malaysia	254	primary	primary	alignment	eligible	24
SRR23343456	AD_Malaysia	254	primary	primary	alignment	low_base_quality	8
SRR23343456	AD_Malaysia	254	primary	primary	fragment	conflicting_mates	0
SRR23343456	AD_Malaysia	254	primary	primary	fragment	independent_eligible	24
SRR23343457	AD_Malaysia	254	primary	primary	alignment	duplicate	10
SRR23343457	AD_Malaysia	254	primary	primary	alignment	eligible	30
SRR23343457	AD_Malaysia	254	primary	primary	alignment	low_base_quality	6
SRR23343457	AD_Malaysia	254	primary	primary	fragment	conflicting_mates	0
SRR23343457	AD_Malaysia	254	primary	primary	fragment	independent_eligible	29
SRR23343458	AD_Malaysia	254	primary	primary	alignment	duplicate	9
SRR23343458	AD_Malaysia	254	primary	primary	alignment	eligible	31
SRR23343458	AD_Malaysia	254	primary	primary	alignment	incomplete_codon	1
SRR23343458	AD_Malaysia	254	primary	primary	alignment	low_base_quality	6
SRR23343458	AD_Malaysia	254	primary	primary	fragment	conflicting_mates	0
SRR23343458	AD_Malaysia	254	primary	primary	fragment	independent_eligible	31
SRR23343459	AD_Malaysia	254	primary	primary	alignment	duplicate	4
SRR23343459	AD_Malaysia	254	primary	primary	alignment	eligible	20
SRR23343459	AD_Malaysia	254	primary	primary	alignment	low_base_quality	5
SRR23343459	AD_Malaysia	254	primary	primary	fragment	conflicting_mates	0
SRR23343459	AD_Malaysia	254	primary	primary	fragment	independent_eligible	20
SRR23343460	AD_Malaysia	254	primary	primary	alignment	duplicate	5
SRR23343460	AD_Malaysia	254	primary	primary	alignment	eligible	24
SRR23343460	AD_Malaysia	254	primary	primary	alignment	low_base_quality	6
SRR23343460	AD_Malaysia	254	primary	primary	fragment	conflicting_mates	0
SRR23343460	AD_Malaysia	254	primary	primary	fragment	independent_eligible	24
SRR23343461	AD_Malaysia	254	primary	primary	alignment	duplicate	7
SRR23343461	AD_Malaysia	254	primary	primary	alignment	eligible	29
SRR23343461	AD_Malaysia	254	primary	primary	alignment	incomplete_codon	2
SRR23343461	AD_Malaysia	254	primary	primary	alignment	low_base_quality	12
SRR23343461	AD_Malaysia	254	primary	primary	fragment	conflicting_mates	0
SRR23343461	AD_Malaysia	254	primary	primary	fragment	independent_eligible	27
SRR23343462	AD_Malaysia	254	primary	primary	alignment	duplicate	9
SRR23343462	AD_Malaysia	254	primary	primary	alignment	eligible	42
SRR23343462	AD_Malaysia	254	primary	primary	alignment	incomplete_codon	2
SRR23343462	AD_Malaysia	254	primary	primary	alignment	low_base_quality	4
SRR23343462	AD_Malaysia	254	primary	primary	fragment	conflicting_mates	0
SRR23343462	AD_Malaysia	254	primary	primary	fragment	independent_eligible	42
SRR23343463	AD_Malaysia	254	primary	primary	alignment	duplicate	6
SRR23343463	AD_Malaysia	254	primary	primary	alignment	eligible	26
SRR23343463	AD_Malaysia	254	primary	primary	alignment	low_base_quality	5
SRR23343463	AD_Malaysia	254	primary	primary	fragment	conflicting_mates	0
SRR23343463	AD_Malaysia	254	primary	primary	fragment	independent_eligible	26
SRR23343464	AD_Malaysia	254	primary	primary	alignment	duplicate	3
SRR23343464	AD_Malaysia	254	primary	primary	alignment	eligible	23
SRR23343464	AD_Malaysia	254	primary	primary	alignment	low_base_quality	6
SRR23343464	AD_Malaysia	254	primary	primary	fragment	conflicting_mates	0
SRR23343464	AD_Malaysia	254	primary	primary	fragment	independent_eligible	23
SRR23343465	AD_Malaysia	254	primary	primary	alignment	duplicate	5
SRR23343465	AD_Malaysia	254	primary	primary	alignment	eligible	12
SRR23343465	AD_Malaysia	254	primary	primary	alignment	incomplete_codon	1
SRR23343465	AD_Malaysia	254	primary	primary	alignment	low_base_quality	4
SRR23343465	AD_Malaysia	254	primary	primary	fragment	conflicting_mates	0
SRR23343465	AD_Malaysia	254	primary	primary	fragment	independent_eligible	12
SRR23343466	AD_Malaysia	254	primary	primary	alignment	duplicate	9
SRR23343466	AD_Malaysia	254	primary	primary	alignment	eligible	28
SRR23343466	AD_Malaysia	254	primary	primary	alignment	low_base_quality	7
SRR23343466	AD_Malaysia	254	primary	primary	fragment	conflicting_mates	0
SRR23343466	AD_Malaysia	254	primary	primary	fragment	independent_eligible	28
SRR23343467	AD_Malaysia	254	primary	primary	alignment	duplicate	9
SRR23343467	AD_Malaysia	254	primary	primary	alignment	eligible	26
SRR23343467	AD_Malaysia	254	primary	primary	alignment	low_base_quality	14
SRR23343467	AD_Malaysia	254	primary	primary	fragment	conflicting_mates	0
SRR23343467	AD_Malaysia	254	primary	primary	fragment	independent_eligible	26
SRR23343468	AD_Malaysia	254	primary	primary	alignment	duplicate	7
SRR23343468	AD_Malaysia	254	primary	primary	alignment	eligible	23
SRR23343468	AD_Malaysia	254	primary	primary	alignment	incomplete_codon	2
SRR23343468	AD_Malaysia	254	primary	primary	alignment	low_base_quality	11
SRR23343468	AD_Malaysia	254	primary	primary	fragment	conflicting_mates	0
SRR23343468	AD_Malaysia	254	primary	primary	fragment	independent_eligible	21
SRR23343469	AD_Malaysia	254	primary	primary	alignment	duplicate	2
SRR23343469	AD_Malaysia	254	primary	primary	alignment	eligible	20
SRR23343469	AD_Malaysia	254	primary	primary	alignment	low_base_quality	3
SRR23343469	AD_Malaysia	254	primary	primary	fragment	conflicting_mates	0
SRR23343469	AD_Malaysia	254	primary	primary	fragment	independent_eligible	19
SRR23343470	AD_Malaysia	254	primary	primary	alignment	duplicate	4
SRR23343470	AD_Malaysia	254	primary	primary	alignment	eligible	20
SRR23343470	AD_Malaysia	254	primary	primary	alignment	low_base_quality	6
SRR23343470	AD_Malaysia	254	primary	primary	fragment	conflicting_mates	0
SRR23343470	AD_Malaysia	254	primary	primary	fragment	independent_eligible	20
SRR23343471	AD_Malaysia	254	primary	primary	alignment	duplicate	4
SRR23343471	AD_Malaysia	254	primary	primary	alignment	eligible	17
SRR23343471	AD_Malaysia	254	primary	primary	alignment	low_base_quality	8
SRR23343471	AD_Malaysia	254	primary	primary	fragment	conflicting_mates	0
SRR23343471	AD_Malaysia	254	primary	primary	fragment	independent_eligible	17
SRR23343472	AD_Malaysia	254	primary	primary	alignment	duplicate	3
SRR23343472	AD_Malaysia	254	primary	primary	alignment	eligible	23
SRR23343472	AD_Malaysia	254	primary	primary	alignment	low_base_quality	4
SRR23343472	AD_Malaysia	254	primary	primary	fragment	conflicting_mates	0
SRR23343472	AD_Malaysia	254	primary	primary	fragment	independent_eligible	22
SRR23343473	AD_Malaysia	254	primary	primary	alignment	duplicate	7
SRR23343473	AD_Malaysia	254	primary	primary	alignment	eligible	49
SRR23343473	AD_Malaysia	254	primary	primary	alignment	low_base_quality	5
SRR23343473	AD_Malaysia	254	primary	primary	fragment	conflicting_mates	0
SRR23343473	AD_Malaysia	254	primary	primary	fragment	independent_eligible	48
SRR23343474	AD_Malaysia	254	primary	primary	alignment	duplicate	3
SRR23343474	AD_Malaysia	254	primary	primary	alignment	eligible	16
SRR23343474	AD_Malaysia	254	primary	primary	alignment	incomplete_codon	1
SRR23343474	AD_Malaysia	254	primary	primary	alignment	low_base_quality	5
SRR23343474	AD_Malaysia	254	primary	primary	fragment	conflicting_mates	0
SRR23343474	AD_Malaysia	254	primary	primary	fragment	independent_eligible	16
SRR23343475	AD_Malaysia	254	primary	primary	alignment	duplicate	10
SRR23343475	AD_Malaysia	254	primary	primary	alignment	eligible	34
SRR23343475	AD_Malaysia	254	primary	primary	alignment	low_base_quality	13
SRR23343475	AD_Malaysia	254	primary	primary	fragment	conflicting_mates	0
SRR23343475	AD_Malaysia	254	primary	primary	fragment	independent_eligible	34
SRR23343476	AD_Malaysia	254	primary	primary	alignment	duplicate	7
SRR23343476	AD_Malaysia	254	primary	primary	alignment	eligible	16
SRR23343476	AD_Malaysia	254	primary	primary	alignment	incomplete_codon	2
SRR23343476	AD_Malaysia	254	primary	primary	alignment	low_base_quality	5
SRR23343476	AD_Malaysia	254	primary	primary	fragment	conflicting_mates	0
SRR23343476	AD_Malaysia	254	primary	primary	fragment	independent_eligible	16
SRR23343477	AD_Malaysia	254	primary	primary	alignment	duplicate	5
SRR23343477	AD_Malaysia	254	primary	primary	alignment	eligible	28
SRR23343477	AD_Malaysia	254	primary	primary	alignment	low_base_quality	5
SRR23343477	AD_Malaysia	254	primary	primary	fragment	conflicting_mates	0
SRR23343477	AD_Malaysia	254	primary	primary	fragment	independent_eligible	28
SRR23343478	AD_Malaysia	254	primary	primary	alignment	duplicate	9
SRR23343478	AD_Malaysia	254	primary	primary	alignment	eligible	18
SRR23343478	AD_Malaysia	254	primary	primary	alignment	incomplete_codon	2
SRR23343478	AD_Malaysia	254	primary	primary	alignment	low_base_quality	13
SRR23343478	AD_Malaysia	254	primary	primary	fragment	conflicting_mates	0
SRR23343478	AD_Malaysia	254	primary	primary	fragment	independent_eligible	18
SRR23343479	AD_Malaysia	254	primary	primary	alignment	duplicate	9
SRR23343479	AD_Malaysia	254	primary	primary	alignment	eligible	34
SRR23343479	AD_Malaysia	254	primary	primary	alignment	low_base_quality	12
SRR23343479	AD_Malaysia	254	primary	primary	fragment	conflicting_mates	0
SRR23343479	AD_Malaysia	254	primary	primary	fragment	independent_eligible	34
SRR23343480	AD_Malaysia	254	primary	primary	alignment	duplicate	12
SRR23343480	AD_Malaysia	254	primary	primary	alignment	eligible	19
SRR23343480	AD_Malaysia	254	primary	primary	alignment	low_base_quality	6
SRR23343480	AD_Malaysia	254	primary	primary	fragment	conflicting_mates	0
SRR23343480	AD_Malaysia	254	primary	primary	fragment	independent_eligible	19
SRR23343481	AD_Malaysia	254	primary	primary	alignment	duplicate	6
SRR23343481	AD_Malaysia	254	primary	primary	alignment	eligible	16
SRR23343481	AD_Malaysia	254	primary	primary	alignment	incomplete_codon	1
SRR23343481	AD_Malaysia	254	primary	primary	alignment	low_base_quality	4
SRR23343481	AD_Malaysia	254	primary	primary	fragment	conflicting_mates	0
SRR23343481	AD_Malaysia	254	primary	primary	fragment	independent_eligible	16
SRR23343482	AD_Malaysia	254	primary	primary	alignment	duplicate	8
SRR23343482	AD_Malaysia	254	primary	primary	alignment	eligible	28
SRR23343482	AD_Malaysia	254	primary	primary	alignment	incomplete_codon	1
SRR23343482	AD_Malaysia	254	primary	primary	alignment	low_base_quality	5
SRR23343482	AD_Malaysia	254	primary	primary	fragment	conflicting_mates	0
SRR23343482	AD_Malaysia	254	primary	primary	fragment	independent_eligible	27
SRR23343483	AD_Malaysia	254	primary	primary	alignment	duplicate	8
SRR23343483	AD_Malaysia	254	primary	primary	alignment	eligible	18
SRR23343483	AD_Malaysia	254	primary	primary	alignment	low_base_quality	7
SRR23343483	AD_Malaysia	254	primary	primary	fragment	conflicting_mates	0
SRR23343483	AD_Malaysia	254	primary	primary	fragment	independent_eligible	17
SRR23343484	AD_Malaysia	254	primary	primary	alignment	duplicate	2
SRR23343484	AD_Malaysia	254	primary	primary	alignment	eligible	24
SRR23343484	AD_Malaysia	254	primary	primary	alignment	incomplete_codon	3
SRR23343484	AD_Malaysia	254	primary	primary	alignment	low_base_quality	11
SRR23343484	AD_Malaysia	254	primary	primary	fragment	conflicting_mates	0
SRR23343484	AD_Malaysia	254	primary	primary	fragment	independent_eligible	24
SRR23343485	AD_Malaysia	254	primary	primary	alignment	duplicate	7
SRR23343485	AD_Malaysia	254	primary	primary	alignment	eligible	21
SRR23343485	AD_Malaysia	254	primary	primary	alignment	incomplete_codon	1
SRR23343485	AD_Malaysia	254	primary	primary	alignment	low_base_quality	6
SRR23343485	AD_Malaysia	254	primary	primary	fragment	conflicting_mates	0
SRR23343485	AD_Malaysia	254	primary	primary	fragment	independent_eligible	20
SRR23343486	AD_Malaysia	254	primary	primary	alignment	duplicate	10
SRR23343486	AD_Malaysia	254	primary	primary	alignment	eligible	33
SRR23343486	AD_Malaysia	254	primary	primary	alignment	low_base_quality	7
SRR23343486	AD_Malaysia	254	primary	primary	fragment	conflicting_mates	0
SRR23343486	AD_Malaysia	254	primary	primary	fragment	independent_eligible	32
SRR23343487	AD_Malaysia	254	primary	primary	alignment	duplicate	4
SRR23343487	AD_Malaysia	254	primary	primary	alignment	eligible	25
SRR23343487	AD_Malaysia	254	primary	primary	alignment	low_base_quality	6
SRR23343487	AD_Malaysia	254	primary	primary	fragment	conflicting_mates	0
SRR23343487	AD_Malaysia	254	primary	primary	fragment	independent_eligible	25
SRR23343488	AD_Malaysia	254	primary	primary	alignment	duplicate	5
SRR23343488	AD_Malaysia	254	primary	primary	alignment	eligible	21
SRR23343488	AD_Malaysia	254	primary	primary	alignment	low_base_quality	5
SRR23343488	AD_Malaysia	254	primary	primary	fragment	conflicting_mates	0
SRR23343488	AD_Malaysia	254	primary	primary	fragment	independent_eligible	21
SRR23343489	AD_Malaysia	254	primary	primary	alignment	duplicate	7
SRR23343489	AD_Malaysia	254	primary	primary	alignment	eligible	33
SRR23343489	AD_Malaysia	254	primary	primary	alignment	incomplete_codon	1
SRR23343489	AD_Malaysia	254	primary	primary	alignment	low_base_quality	4
SRR23343489	AD_Malaysia	254	primary	primary	alignment	low_mapping_quality	1
SRR23343489	AD_Malaysia	254	primary	primary	fragment	conflicting_mates	0
SRR23343489	AD_Malaysia	254	primary	primary	fragment	independent_eligible	33
SRR23343490	AD_Malaysia	254	primary	primary	alignment	duplicate	9
SRR23343490	AD_Malaysia	254	primary	primary	alignment	eligible	22
SRR23343490	AD_Malaysia	254	primary	primary	alignment	incomplete_codon	1
SRR23343490	AD_Malaysia	254	primary	primary	alignment	low_base_quality	7
SRR23343490	AD_Malaysia	254	primary	primary	fragment	conflicting_mates	0
SRR23343490	AD_Malaysia	254	primary	primary	fragment	independent_eligible	21
SRR23343491	AD_Malaysia	254	primary	primary	alignment	duplicate	8
SRR23343491	AD_Malaysia	254	primary	primary	alignment	eligible	27
SRR23343491	AD_Malaysia	254	primary	primary	alignment	incomplete_codon	1
SRR23343491	AD_Malaysia	254	primary	primary	alignment	low_base_quality	7
SRR23343491	AD_Malaysia	254	primary	primary	fragment	conflicting_mates	0
SRR23343491	AD_Malaysia	254	primary	primary	fragment	independent_eligible	26
SRR23343492	AD_Malaysia	254	primary	primary	alignment	duplicate	2
SRR23343492	AD_Malaysia	254	primary	primary	alignment	eligible	30
SRR23343492	AD_Malaysia	254	primary	primary	alignment	low_base_quality	16
SRR23343492	AD_Malaysia	254	primary	primary	fragment	conflicting_mates	0
SRR23343492	AD_Malaysia	254	primary	primary	fragment	independent_eligible	29
SRR23343493	AD_Malaysia	254	primary	primary	alignment	duplicate	7
SRR23343493	AD_Malaysia	254	primary	primary	alignment	eligible	20
SRR23343493	AD_Malaysia	254	primary	primary	alignment	low_base_quality	6
SRR23343493	AD_Malaysia	254	primary	primary	fragment	conflicting_mates	0
SRR23343493	AD_Malaysia	254	primary	primary	fragment	independent_eligible	20
SRR23343494	AD_Malaysia	254	primary	primary	alignment	duplicate	4
SRR23343494	AD_Malaysia	254	primary	primary	alignment	eligible	24
SRR23343494	AD_Malaysia	254	primary	primary	alignment	low_base_quality	6
SRR23343494	AD_Malaysia	254	primary	primary	fragment	conflicting_mates	0
SRR23343494	AD_Malaysia	254	primary	primary	fragment	independent_eligible	24
SRR23343438	AD_Malaysia	452	within_species_comparison	primary	alignment	duplicate	14
SRR23343438	AD_Malaysia	452	within_species_comparison	primary	alignment	eligible	41
SRR23343438	AD_Malaysia	452	within_species_comparison	primary	alignment	incomplete_codon	1
SRR23343438	AD_Malaysia	452	within_species_comparison	primary	alignment	low_base_quality	16
SRR23343438	AD_Malaysia	452	within_species_comparison	primary	fragment	conflicting_mates	0
SRR23343438	AD_Malaysia	452	within_species_comparison	primary	fragment	independent_eligible	40
SRR23343439	AD_Malaysia	452	within_species_comparison	primary	alignment	duplicate	7
SRR23343439	AD_Malaysia	452	within_species_comparison	primary	alignment	eligible	28
SRR23343439	AD_Malaysia	452	within_species_comparison	primary	alignment	low_base_quality	7
SRR23343439	AD_Malaysia	452	within_species_comparison	primary	fragment	conflicting_mates	0
SRR23343439	AD_Malaysia	452	within_species_comparison	primary	fragment	independent_eligible	27
SRR23343440	AD_Malaysia	452	within_species_comparison	primary	alignment	duplicate	2
SRR23343440	AD_Malaysia	452	within_species_comparison	primary	alignment	eligible	25
SRR23343440	AD_Malaysia	452	within_species_comparison	primary	alignment	low_base_quality	6
SRR23343440	AD_Malaysia	452	within_species_comparison	primary	fragment	conflicting_mates	0
SRR23343440	AD_Malaysia	452	within_species_comparison	primary	fragment	independent_eligible	25
SRR23343441	AD_Malaysia	452	within_species_comparison	primary	alignment	duplicate	9
SRR23343441	AD_Malaysia	452	within_species_comparison	primary	alignment	eligible	27
SRR23343441	AD_Malaysia	452	within_species_comparison	primary	alignment	incomplete_codon	2
SRR23343441	AD_Malaysia	452	within_species_comparison	primary	alignment	low_base_quality	4
SRR23343441	AD_Malaysia	452	within_species_comparison	primary	fragment	conflicting_mates	0
SRR23343441	AD_Malaysia	452	within_species_comparison	primary	fragment	independent_eligible	27
SRR23343442	AD_Malaysia	452	within_species_comparison	primary	alignment	duplicate	8
SRR23343442	AD_Malaysia	452	within_species_comparison	primary	alignment	eligible	74
SRR23343442	AD_Malaysia	452	within_species_comparison	primary	alignment	incomplete_codon	3
SRR23343442	AD_Malaysia	452	within_species_comparison	primary	alignment	low_base_quality	6
SRR23343442	AD_Malaysia	452	within_species_comparison	primary	fragment	conflicting_mates	0
SRR23343442	AD_Malaysia	452	within_species_comparison	primary	fragment	independent_eligible	73
SRR23343443	AD_Malaysia	452	within_species_comparison	primary	alignment	duplicate	6
SRR23343443	AD_Malaysia	452	within_species_comparison	primary	alignment	eligible	25
SRR23343443	AD_Malaysia	452	within_species_comparison	primary	alignment	low_base_quality	5
SRR23343443	AD_Malaysia	452	within_species_comparison	primary	fragment	conflicting_mates	0
SRR23343443	AD_Malaysia	452	within_species_comparison	primary	fragment	independent_eligible	25
SRR23343444	AD_Malaysia	452	within_species_comparison	primary	alignment	duplicate	4
SRR23343444	AD_Malaysia	452	within_species_comparison	primary	alignment	eligible	26
SRR23343444	AD_Malaysia	452	within_species_comparison	primary	alignment	incomplete_codon	3
SRR23343444	AD_Malaysia	452	within_species_comparison	primary	alignment	low_base_quality	3
SRR23343444	AD_Malaysia	452	within_species_comparison	primary	alignment	low_mapping_quality	1
SRR23343444	AD_Malaysia	452	within_species_comparison	primary	fragment	conflicting_mates	0
SRR23343444	AD_Malaysia	452	within_species_comparison	primary	fragment	independent_eligible	25
SRR23343445	AD_Malaysia	452	within_species_comparison	primary	alignment	duplicate	4
SRR23343445	AD_Malaysia	452	within_species_comparison	primary	alignment	eligible	35
SRR23343445	AD_Malaysia	452	within_species_comparison	primary	alignment	incomplete_codon	2
SRR23343445	AD_Malaysia	452	within_species_comparison	primary	alignment	low_base_quality	4
SRR23343445	AD_Malaysia	452	within_species_comparison	primary	fragment	conflicting_mates	0
SRR23343445	AD_Malaysia	452	within_species_comparison	primary	fragment	independent_eligible	35
SRR23343446	AD_Malaysia	452	within_species_comparison	primary	alignment	duplicate	3
SRR23343446	AD_Malaysia	452	within_species_comparison	primary	alignment	eligible	31
SRR23343446	AD_Malaysia	452	within_species_comparison	primary	alignment	low_base_quality	1
SRR23343446	AD_Malaysia	452	within_species_comparison	primary	fragment	conflicting_mates	0
SRR23343446	AD_Malaysia	452	within_species_comparison	primary	fragment	independent_eligible	30
SRR23343447	AD_Malaysia	452	within_species_comparison	primary	alignment	duplicate	9
SRR23343447	AD_Malaysia	452	within_species_comparison	primary	alignment	eligible	44
SRR23343447	AD_Malaysia	452	within_species_comparison	primary	alignment	low_base_quality	2
SRR23343447	AD_Malaysia	452	within_species_comparison	primary	fragment	conflicting_mates	0
SRR23343447	AD_Malaysia	452	within_species_comparison	primary	fragment	independent_eligible	43
SRR23343448	AD_Malaysia	452	within_species_comparison	primary	alignment	duplicate	4
SRR23343448	AD_Malaysia	452	within_species_comparison	primary	alignment	eligible	20
SRR23343448	AD_Malaysia	452	within_species_comparison	primary	alignment	low_base_quality	2
SRR23343448	AD_Malaysia	452	within_species_comparison	primary	fragment	conflicting_mates	0
SRR23343448	AD_Malaysia	452	within_species_comparison	primary	fragment	independent_eligible	20
SRR23343449	AD_Malaysia	452	within_species_comparison	primary	alignment	duplicate	5
SRR23343449	AD_Malaysia	452	within_species_comparison	primary	alignment	eligible	17
SRR23343449	AD_Malaysia	452	within_species_comparison	primary	alignment	incomplete_codon	1
SRR23343449	AD_Malaysia	452	within_species_comparison	primary	alignment	low_base_quality	12
SRR23343449	AD_Malaysia	452	within_species_comparison	primary	fragment	conflicting_mates	0
SRR23343449	AD_Malaysia	452	within_species_comparison	primary	fragment	independent_eligible	16
SRR23343450	AD_Malaysia	452	within_species_comparison	primary	alignment	duplicate	1
SRR23343450	AD_Malaysia	452	within_species_comparison	primary	alignment	eligible	34
SRR23343450	AD_Malaysia	452	within_species_comparison	primary	alignment	low_base_quality	4
SRR23343450	AD_Malaysia	452	within_species_comparison	primary	fragment	conflicting_mates	0
SRR23343450	AD_Malaysia	452	within_species_comparison	primary	fragment	independent_eligible	33
SRR23343451	AD_Malaysia	452	within_species_comparison	primary	alignment	duplicate	7
SRR23343451	AD_Malaysia	452	within_species_comparison	primary	alignment	eligible	34
SRR23343451	AD_Malaysia	452	within_species_comparison	primary	alignment	incomplete_codon	2
SRR23343451	AD_Malaysia	452	within_species_comparison	primary	alignment	low_base_quality	2
SRR23343451	AD_Malaysia	452	within_species_comparison	primary	fragment	conflicting_mates	0
SRR23343451	AD_Malaysia	452	within_species_comparison	primary	fragment	independent_eligible	32
SRR23343452	AD_Malaysia	452	within_species_comparison	primary	alignment	duplicate	9
SRR23343452	AD_Malaysia	452	within_species_comparison	primary	alignment	eligible	48
SRR23343452	AD_Malaysia	452	within_species_comparison	primary	alignment	incomplete_codon	1
SRR23343452	AD_Malaysia	452	within_species_comparison	primary	alignment	low_base_quality	4
SRR23343452	AD_Malaysia	452	within_species_comparison	primary	fragment	conflicting_mates	0
SRR23343452	AD_Malaysia	452	within_species_comparison	primary	fragment	independent_eligible	48
SRR23343453	AD_Malaysia	452	within_species_comparison	primary	alignment	duplicate	5
SRR23343453	AD_Malaysia	452	within_species_comparison	primary	alignment	eligible	16
SRR23343453	AD_Malaysia	452	within_species_comparison	primary	fragment	conflicting_mates	0
SRR23343453	AD_Malaysia	452	within_species_comparison	primary	fragment	independent_eligible	15
SRR23343454	AD_Malaysia	452	within_species_comparison	primary	alignment	duplicate	5
SRR23343454	AD_Malaysia	452	within_species_comparison	primary	alignment	eligible	32
SRR23343454	AD_Malaysia	452	within_species_comparison	primary	alignment	incomplete_codon	1
SRR23343454	AD_Malaysia	452	within_species_comparison	primary	alignment	low_base_quality	1
SRR23343454	AD_Malaysia	452	within_species_comparison	primary	fragment	conflicting_mates	0
SRR23343454	AD_Malaysia	452	within_species_comparison	primary	fragment	independent_eligible	32
SRR23343455	AD_Malaysia	452	within_species_comparison	primary	alignment	duplicate	1
SRR23343455	AD_Malaysia	452	within_species_comparison	primary	alignment	eligible	4
SRR23343455	AD_Malaysia	452	within_species_comparison	primary	alignment	incomplete_codon	1
SRR23343455	AD_Malaysia	452	within_species_comparison	primary	alignment	low_base_quality	2
SRR23343455	AD_Malaysia	452	within_species_comparison	primary	fragment	conflicting_mates	0
SRR23343455	AD_Malaysia	452	within_species_comparison	primary	fragment	independent_eligible	4
SRR23343456	AD_Malaysia	452	within_species_comparison	primary	alignment	duplicate	4
SRR23343456	AD_Malaysia	452	within_species_comparison	primary	alignment	eligible	23
SRR23343456	AD_Malaysia	452	within_species_comparison	primary	alignment	low_base_quality	4
SRR23343456	AD_Malaysia	452	within_species_comparison	primary	fragment	conflicting_mates	0
SRR23343456	AD_Malaysia	452	within_species_comparison	primary	fragment	independent_eligible	22
SRR23343457	AD_Malaysia	452	within_species_comparison	primary	alignment	duplicate	8
SRR23343457	AD_Malaysia	452	within_species_comparison	primary	alignment	eligible	39
SRR23343457	AD_Malaysia	452	within_species_comparison	primary	alignment	incomplete_codon	1
SRR23343457	AD_Malaysia	452	within_species_comparison	primary	alignment	low_base_quality	3
SRR23343457	AD_Malaysia	452	within_species_comparison	primary	fragment	conflicting_mates	0
SRR23343457	AD_Malaysia	452	within_species_comparison	primary	fragment	independent_eligible	35
SRR23343458	AD_Malaysia	452	within_species_comparison	primary	alignment	duplicate	13
SRR23343458	AD_Malaysia	452	within_species_comparison	primary	alignment	eligible	51
SRR23343458	AD_Malaysia	452	within_species_comparison	primary	alignment	low_base_quality	4
SRR23343458	AD_Malaysia	452	within_species_comparison	primary	fragment	conflicting_mates	0
SRR23343458	AD_Malaysia	452	within_species_comparison	primary	fragment	independent_eligible	48
SRR23343459	AD_Malaysia	452	within_species_comparison	primary	alignment	duplicate	8
SRR23343459	AD_Malaysia	452	within_species_comparison	primary	alignment	eligible	22
SRR23343459	AD_Malaysia	452	within_species_comparison	primary	alignment	low_base_quality	6
SRR23343459	AD_Malaysia	452	within_species_comparison	primary	fragment	conflicting_mates	0
SRR23343459	AD_Malaysia	452	within_species_comparison	primary	fragment	independent_eligible	21
SRR23343460	AD_Malaysia	452	within_species_comparison	primary	alignment	duplicate	6
SRR23343460	AD_Malaysia	452	within_species_comparison	primary	alignment	eligible	31
SRR23343460	AD_Malaysia	452	within_species_comparison	primary	alignment	incomplete_codon	1
SRR23343460	AD_Malaysia	452	within_species_comparison	primary	alignment	low_base_quality	8
SRR23343460	AD_Malaysia	452	within_species_comparison	primary	fragment	conflicting_mates	0
SRR23343460	AD_Malaysia	452	within_species_comparison	primary	fragment	independent_eligible	29
SRR23343461	AD_Malaysia	452	within_species_comparison	primary	alignment	duplicate	7
SRR23343461	AD_Malaysia	452	within_species_comparison	primary	alignment	eligible	26
SRR23343461	AD_Malaysia	452	within_species_comparison	primary	alignment	incomplete_codon	5
SRR23343461	AD_Malaysia	452	within_species_comparison	primary	alignment	low_base_quality	3
SRR23343461	AD_Malaysia	452	within_species_comparison	primary	fragment	conflicting_mates	0
SRR23343461	AD_Malaysia	452	within_species_comparison	primary	fragment	independent_eligible	26
SRR23343462	AD_Malaysia	452	within_species_comparison	primary	alignment	duplicate	17
SRR23343462	AD_Malaysia	452	within_species_comparison	primary	alignment	eligible	51
SRR23343462	AD_Malaysia	452	within_species_comparison	primary	alignment	incomplete_codon	2
SRR23343462	AD_Malaysia	452	within_species_comparison	primary	alignment	low_base_quality	6
SRR23343462	AD_Malaysia	452	within_species_comparison	primary	fragment	conflicting_mates	0
SRR23343462	AD_Malaysia	452	within_species_comparison	primary	fragment	independent_eligible	47
SRR23343463	AD_Malaysia	452	within_species_comparison	primary	alignment	duplicate	9
SRR23343463	AD_Malaysia	452	within_species_comparison	primary	alignment	eligible	40
SRR23343463	AD_Malaysia	452	within_species_comparison	primary	alignment	incomplete_codon	4
SRR23343463	AD_Malaysia	452	within_species_comparison	primary	alignment	low_base_quality	3
SRR23343463	AD_Malaysia	452	within_species_comparison	primary	fragment	conflicting_mates	0
SRR23343463	AD_Malaysia	452	within_species_comparison	primary	fragment	independent_eligible	40
SRR23343464	AD_Malaysia	452	within_species_comparison	primary	alignment	duplicate	6
SRR23343464	AD_Malaysia	452	within_species_comparison	primary	alignment	eligible	31
SRR23343464	AD_Malaysia	452	within_species_comparison	primary	alignment	incomplete_codon	1
SRR23343464	AD_Malaysia	452	within_species_comparison	primary	alignment	low_base_quality	3
SRR23343464	AD_Malaysia	452	within_species_comparison	primary	fragment	conflicting_mates	0
SRR23343464	AD_Malaysia	452	within_species_comparison	primary	fragment	independent_eligible	29
SRR23343465	AD_Malaysia	452	within_species_comparison	primary	alignment	duplicate	3
SRR23343465	AD_Malaysia	452	within_species_comparison	primary	alignment	eligible	9
SRR23343465	AD_Malaysia	452	within_species_comparison	primary	alignment	low_base_quality	6
SRR23343465	AD_Malaysia	452	within_species_comparison	primary	fragment	conflicting_mates	0
SRR23343465	AD_Malaysia	452	within_species_comparison	primary	fragment	independent_eligible	9
SRR23343466	AD_Malaysia	452	within_species_comparison	primary	alignment	duplicate	3
SRR23343466	AD_Malaysia	452	within_species_comparison	primary	alignment	eligible	24
SRR23343466	AD_Malaysia	452	within_species_comparison	primary	alignment	low_base_quality	4
SRR23343466	AD_Malaysia	452	within_species_comparison	primary	fragment	conflicting_mates	0
SRR23343466	AD_Malaysia	452	within_species_comparison	primary	fragment	independent_eligible	23
SRR23343467	AD_Malaysia	452	within_species_comparison	primary	alignment	duplicate	7
SRR23343467	AD_Malaysia	452	within_species_comparison	primary	alignment	eligible	43
SRR23343467	AD_Malaysia	452	within_species_comparison	primary	alignment	incomplete_codon	2
SRR23343467	AD_Malaysia	452	within_species_comparison	primary	alignment	low_base_quality	5
SRR23343467	AD_Malaysia	452	within_species_comparison	primary	fragment	conflicting_mates	0
SRR23343467	AD_Malaysia	452	within_species_comparison	primary	fragment	independent_eligible	40
SRR23343468	AD_Malaysia	452	within_species_comparison	primary	alignment	duplicate	13
SRR23343468	AD_Malaysia	452	within_species_comparison	primary	alignment	eligible	37
SRR23343468	AD_Malaysia	452	within_species_comparison	primary	alignment	incomplete_codon	1
SRR23343468	AD_Malaysia	452	within_species_comparison	primary	alignment	low_base_quality	3
SRR23343468	AD_Malaysia	452	within_species_comparison	primary	fragment	conflicting_mates	0
SRR23343468	AD_Malaysia	452	within_species_comparison	primary	fragment	independent_eligible	35
SRR23343469	AD_Malaysia	452	within_species_comparison	primary	alignment	duplicate	8
SRR23343469	AD_Malaysia	452	within_species_comparison	primary	alignment	eligible	34
SRR23343469	AD_Malaysia	452	within_species_comparison	primary	alignment	low_base_quality	5
SRR23343469	AD_Malaysia	452	within_species_comparison	primary	fragment	conflicting_mates	0
SRR23343469	AD_Malaysia	452	within_species_comparison	primary	fragment	independent_eligible	33
SRR23343470	AD_Malaysia	452	within_species_comparison	primary	alignment	duplicate	7
SRR23343470	AD_Malaysia	452	within_species_comparison	primary	alignment	eligible	21
SRR23343470	AD_Malaysia	452	within_species_comparison	primary	alignment	incomplete_codon	1
SRR23343470	AD_Malaysia	452	within_species_comparison	primary	alignment	low_base_quality	3
SRR23343470	AD_Malaysia	452	within_species_comparison	primary	fragment	conflicting_mates	0
SRR23343470	AD_Malaysia	452	within_species_comparison	primary	fragment	independent_eligible	20
SRR23343471	AD_Malaysia	452	within_species_comparison	primary	alignment	duplicate	8
SRR23343471	AD_Malaysia	452	within_species_comparison	primary	alignment	eligible	23
SRR23343471	AD_Malaysia	452	within_species_comparison	primary	alignment	incomplete_codon	2
SRR23343471	AD_Malaysia	452	within_species_comparison	primary	alignment	low_base_quality	6
SRR23343471	AD_Malaysia	452	within_species_comparison	primary	alignment	unmapped	2
SRR23343471	AD_Malaysia	452	within_species_comparison	primary	fragment	conflicting_mates	0
SRR23343471	AD_Malaysia	452	within_species_comparison	primary	fragment	independent_eligible	23
SRR23343472	AD_Malaysia	452	within_species_comparison	primary	alignment	duplicate	9
SRR23343472	AD_Malaysia	452	within_species_comparison	primary	alignment	eligible	32
SRR23343472	AD_Malaysia	452	within_species_comparison	primary	alignment	incomplete_codon	3
SRR23343472	AD_Malaysia	452	within_species_comparison	primary	alignment	low_base_quality	2
SRR23343472	AD_Malaysia	452	within_species_comparison	primary	fragment	conflicting_mates	0
SRR23343472	AD_Malaysia	452	within_species_comparison	primary	fragment	independent_eligible	30
SRR23343473	AD_Malaysia	452	within_species_comparison	primary	alignment	duplicate	12
SRR23343473	AD_Malaysia	452	within_species_comparison	primary	alignment	eligible	62
SRR23343473	AD_Malaysia	452	within_species_comparison	primary	alignment	low_base_quality	4
SRR23343473	AD_Malaysia	452	within_species_comparison	primary	fragment	conflicting_mates	0
SRR23343473	AD_Malaysia	452	within_species_comparison	primary	fragment	independent_eligible	62
SRR23343474	AD_Malaysia	452	within_species_comparison	primary	alignment	duplicate	8
SRR23343474	AD_Malaysia	452	within_species_comparison	primary	alignment	eligible	26
SRR23343474	AD_Malaysia	452	within_species_comparison	primary	alignment	incomplete_codon	2
SRR23343474	AD_Malaysia	452	within_species_comparison	primary	alignment	low_base_quality	7
SRR23343474	AD_Malaysia	452	within_species_comparison	primary	fragment	conflicting_mates	0
SRR23343474	AD_Malaysia	452	within_species_comparison	primary	fragment	independent_eligible	26
SRR23343475	AD_Malaysia	452	within_species_comparison	primary	alignment	duplicate	7
SRR23343475	AD_Malaysia	452	within_species_comparison	primary	alignment	eligible	35
SRR23343475	AD_Malaysia	452	within_species_comparison	primary	alignment	incomplete_codon	1
SRR23343475	AD_Malaysia	452	within_species_comparison	primary	alignment	low_base_quality	5
SRR23343475	AD_Malaysia	452	within_species_comparison	primary	fragment	conflicting_mates	0
SRR23343475	AD_Malaysia	452	within_species_comparison	primary	fragment	independent_eligible	35
SRR23343476	AD_Malaysia	452	within_species_comparison	primary	alignment	duplicate	4
SRR23343476	AD_Malaysia	452	within_species_comparison	primary	alignment	eligible	22
SRR23343476	AD_Malaysia	452	within_species_comparison	primary	alignment	low_base_quality	7
SRR23343476	AD_Malaysia	452	within_species_comparison	primary	fragment	conflicting_mates	0
SRR23343476	AD_Malaysia	452	within_species_comparison	primary	fragment	independent_eligible	20
SRR23343477	AD_Malaysia	452	within_species_comparison	primary	alignment	duplicate	10
SRR23343477	AD_Malaysia	452	within_species_comparison	primary	alignment	eligible	35
SRR23343477	AD_Malaysia	452	within_species_comparison	primary	alignment	incomplete_codon	3
SRR23343477	AD_Malaysia	452	within_species_comparison	primary	alignment	low_base_quality	9
SRR23343477	AD_Malaysia	452	within_species_comparison	primary	fragment	conflicting_mates	0
SRR23343477	AD_Malaysia	452	within_species_comparison	primary	fragment	independent_eligible	35
SRR23343478	AD_Malaysia	452	within_species_comparison	primary	alignment	duplicate	7
SRR23343478	AD_Malaysia	452	within_species_comparison	primary	alignment	eligible	29
SRR23343478	AD_Malaysia	452	within_species_comparison	primary	alignment	low_base_quality	4
SRR23343478	AD_Malaysia	452	within_species_comparison	primary	fragment	conflicting_mates	0
SRR23343478	AD_Malaysia	452	within_species_comparison	primary	fragment	independent_eligible	28
SRR23343479	AD_Malaysia	452	within_species_comparison	primary	alignment	duplicate	3
SRR23343479	AD_Malaysia	452	within_species_comparison	primary	alignment	eligible	24
SRR23343479	AD_Malaysia	452	within_species_comparison	primary	alignment	low_base_quality	11
SRR23343479	AD_Malaysia	452	within_species_comparison	primary	fragment	conflicting_mates	0
SRR23343479	AD_Malaysia	452	within_species_comparison	primary	fragment	independent_eligible	23
SRR23343480	AD_Malaysia	452	within_species_comparison	primary	alignment	duplicate	5
SRR23343480	AD_Malaysia	452	within_species_comparison	primary	alignment	eligible	29
SRR23343480	AD_Malaysia	452	within_species_comparison	primary	alignment	incomplete_codon	1
SRR23343480	AD_Malaysia	452	within_species_comparison	primary	alignment	low_base_quality	6
SRR23343480	AD_Malaysia	452	within_species_comparison	primary	fragment	conflicting_mates	0
SRR23343480	AD_Malaysia	452	within_species_comparison	primary	fragment	independent_eligible	28
SRR23343481	AD_Malaysia	452	within_species_comparison	primary	alignment	duplicate	5
SRR23343481	AD_Malaysia	452	within_species_comparison	primary	alignment	eligible	19
SRR23343481	AD_Malaysia	452	within_species_comparison	primary	alignment	incomplete_codon	1
SRR23343481	AD_Malaysia	452	within_species_comparison	primary	alignment	low_base_quality	2
SRR23343481	AD_Malaysia	452	within_species_comparison	primary	fragment	conflicting_mates	0
SRR23343481	AD_Malaysia	452	within_species_comparison	primary	fragment	independent_eligible	19
SRR23343482	AD_Malaysia	452	within_species_comparison	primary	alignment	duplicate	10
SRR23343482	AD_Malaysia	452	within_species_comparison	primary	alignment	eligible	41
SRR23343482	AD_Malaysia	452	within_species_comparison	primary	alignment	incomplete_codon	2
SRR23343482	AD_Malaysia	452	within_species_comparison	primary	alignment	low_base_quality	2
SRR23343482	AD_Malaysia	452	within_species_comparison	primary	fragment	conflicting_mates	0
SRR23343482	AD_Malaysia	452	within_species_comparison	primary	fragment	independent_eligible	40
SRR23343483	AD_Malaysia	452	within_species_comparison	primary	alignment	duplicate	7
SRR23343483	AD_Malaysia	452	within_species_comparison	primary	alignment	eligible	32
SRR23343483	AD_Malaysia	452	within_species_comparison	primary	alignment	incomplete_codon	1
SRR23343483	AD_Malaysia	452	within_species_comparison	primary	alignment	low_base_quality	10
SRR23343483	AD_Malaysia	452	within_species_comparison	primary	fragment	conflicting_mates	0
SRR23343483	AD_Malaysia	452	within_species_comparison	primary	fragment	independent_eligible	32
SRR23343484	AD_Malaysia	452	within_species_comparison	primary	alignment	duplicate	8
SRR23343484	AD_Malaysia	452	within_species_comparison	primary	alignment	eligible	29
SRR23343484	AD_Malaysia	452	within_species_comparison	primary	alignment	incomplete_codon	3
SRR23343484	AD_Malaysia	452	within_species_comparison	primary	alignment	low_base_quality	6
SRR23343484	AD_Malaysia	452	within_species_comparison	primary	fragment	conflicting_mates	0
SRR23343484	AD_Malaysia	452	within_species_comparison	primary	fragment	independent_eligible	29
SRR23343485	AD_Malaysia	452	within_species_comparison	primary	alignment	duplicate	8
SRR23343485	AD_Malaysia	452	within_species_comparison	primary	alignment	eligible	25
SRR23343485	AD_Malaysia	452	within_species_comparison	primary	alignment	incomplete_codon	1
SRR23343485	AD_Malaysia	452	within_species_comparison	primary	alignment	low_base_quality	8
SRR23343485	AD_Malaysia	452	within_species_comparison	primary	fragment	conflicting_mates	0
SRR23343485	AD_Malaysia	452	within_species_comparison	primary	fragment	independent_eligible	25
SRR23343486	AD_Malaysia	452	within_species_comparison	primary	alignment	duplicate	13
SRR23343486	AD_Malaysia	452	within_species_comparison	primary	alignment	eligible	39
SRR23343486	AD_Malaysia	452	within_species_comparison	primary	alignment	incomplete_codon	1
SRR23343486	AD_Malaysia	452	within_species_comparison	primary	alignment	low_base_quality	7
SRR23343486	AD_Malaysia	452	within_species_comparison	primary	fragment	conflicting_mates	0
SRR23343486	AD_Malaysia	452	within_species_comparison	primary	fragment	independent_eligible	35
SRR23343487	AD_Malaysia	452	within_species_comparison	primary	alignment	duplicate	11
SRR23343487	AD_Malaysia	452	within_species_comparison	primary	alignment	eligible	42
SRR23343487	AD_Malaysia	452	within_species_comparison	primary	alignment	low_base_quality	5
SRR23343487	AD_Malaysia	452	within_species_comparison	primary	fragment	conflicting_mates	0
SRR23343487	AD_Malaysia	452	within_species_comparison	primary	fragment	independent_eligible	41
SRR23343488	AD_Malaysia	452	within_species_comparison	primary	alignment	duplicate	7
SRR23343488	AD_Malaysia	452	within_species_comparison	primary	alignment	eligible	35
SRR23343488	AD_Malaysia	452	within_species_comparison	primary	alignment	incomplete_codon	1
SRR23343488	AD_Malaysia	452	within_species_comparison	primary	alignment	low_base_quality	5
SRR23343488	AD_Malaysia	452	within_species_comparison	primary	fragment	conflicting_mates	0
SRR23343488	AD_Malaysia	452	within_species_comparison	primary	fragment	independent_eligible	35
SRR23343489	AD_Malaysia	452	within_species_comparison	primary	alignment	duplicate	8
SRR23343489	AD_Malaysia	452	within_species_comparison	primary	alignment	eligible	31
SRR23343489	AD_Malaysia	452	within_species_comparison	primary	alignment	incomplete_codon	1
SRR23343489	AD_Malaysia	452	within_species_comparison	primary	alignment	low_base_quality	9
SRR23343489	AD_Malaysia	452	within_species_comparison	primary	fragment	conflicting_mates	0
SRR23343489	AD_Malaysia	452	within_species_comparison	primary	fragment	independent_eligible	31
SRR23343490	AD_Malaysia	452	within_species_comparison	primary	alignment	duplicate	4
SRR23343490	AD_Malaysia	452	within_species_comparison	primary	alignment	eligible	17
SRR23343490	AD_Malaysia	452	within_species_comparison	primary	alignment	incomplete_codon	1
SRR23343490	AD_Malaysia	452	within_species_comparison	primary	alignment	low_base_quality	4
SRR23343490	AD_Malaysia	452	within_species_comparison	primary	fragment	conflicting_mates	0
SRR23343490	AD_Malaysia	452	within_species_comparison	primary	fragment	independent_eligible	17
SRR23343491	AD_Malaysia	452	within_species_comparison	primary	alignment	duplicate	7
SRR23343491	AD_Malaysia	452	within_species_comparison	primary	alignment	eligible	26
SRR23343491	AD_Malaysia	452	within_species_comparison	primary	alignment	low_base_quality	10
SRR23343491	AD_Malaysia	452	within_species_comparison	primary	fragment	conflicting_mates	0
SRR23343491	AD_Malaysia	452	within_species_comparison	primary	fragment	independent_eligible	26
SRR23343492	AD_Malaysia	452	within_species_comparison	primary	alignment	duplicate	4
SRR23343492	AD_Malaysia	452	within_species_comparison	primary	alignment	eligible	29
SRR23343492	AD_Malaysia	452	within_species_comparison	primary	alignment	low_base_quality	11
SRR23343492	AD_Malaysia	452	within_species_comparison	primary	fragment	conflicting_mates	0
SRR23343492	AD_Malaysia	452	within_species_comparison	primary	fragment	independent_eligible	28
SRR23343493	AD_Malaysia	452	within_species_comparison	primary	alignment	duplicate	4
SRR23343493	AD_Malaysia	452	within_species_comparison	primary	alignment	eligible	19
SRR23343493	AD_Malaysia	452	within_species_comparison	primary	alignment	low_base_quality	1
SRR23343493	AD_Malaysia	452	within_species_comparison	primary	fragment	conflicting_mates	0
SRR23343493	AD_Malaysia	452	within_species_comparison	primary	fragment	independent_eligible	18
SRR23343494	AD_Malaysia	452	within_species_comparison	primary	alignment	duplicate	10
SRR23343494	AD_Malaysia	452	within_species_comparison	primary	alignment	eligible	22
SRR23343494	AD_Malaysia	452	within_species_comparison	primary	alignment	incomplete_codon	2
SRR23343494	AD_Malaysia	452	within_species_comparison	primary	alignment	low_base_quality	11
SRR23343494	AD_Malaysia	452	within_species_comparison	primary	fragment	conflicting_mates	0
SRR23343494	AD_Malaysia	452	within_species_comparison	primary	fragment	independent_eligible	22
SRR23343438	AD_Malaysia	474	secondary	primary	alignment	duplicate	9
SRR23343438	AD_Malaysia	474	secondary	primary	alignment	eligible	44
SRR23343438	AD_Malaysia	474	secondary	primary	alignment	incomplete_codon	2
SRR23343438	AD_Malaysia	474	secondary	primary	alignment	low_base_quality	7
SRR23343438	AD_Malaysia	474	secondary	primary	fragment	conflicting_mates	0
SRR23343438	AD_Malaysia	474	secondary	primary	fragment	independent_eligible	42
SRR23343439	AD_Malaysia	474	secondary	primary	alignment	duplicate	6
SRR23343439	AD_Malaysia	474	secondary	primary	alignment	eligible	33
SRR23343439	AD_Malaysia	474	secondary	primary	alignment	low_base_quality	4
SRR23343439	AD_Malaysia	474	secondary	primary	fragment	conflicting_mates	0
SRR23343439	AD_Malaysia	474	secondary	primary	fragment	independent_eligible	33
SRR23343440	AD_Malaysia	474	secondary	primary	alignment	duplicate	4
SRR23343440	AD_Malaysia	474	secondary	primary	alignment	eligible	19
SRR23343440	AD_Malaysia	474	secondary	primary	alignment	incomplete_codon	1
SRR23343440	AD_Malaysia	474	secondary	primary	alignment	low_base_quality	9
SRR23343440	AD_Malaysia	474	secondary	primary	fragment	conflicting_mates	0
SRR23343440	AD_Malaysia	474	secondary	primary	fragment	independent_eligible	19
SRR23343441	AD_Malaysia	474	secondary	primary	alignment	duplicate	5
SRR23343441	AD_Malaysia	474	secondary	primary	alignment	eligible	23
SRR23343441	AD_Malaysia	474	secondary	primary	alignment	low_base_quality	2
SRR23343441	AD_Malaysia	474	secondary	primary	fragment	conflicting_mates	0
SRR23343441	AD_Malaysia	474	secondary	primary	fragment	independent_eligible	23
SRR23343442	AD_Malaysia	474	secondary	primary	alignment	duplicate	17
SRR23343442	AD_Malaysia	474	secondary	primary	alignment	eligible	67
SRR23343442	AD_Malaysia	474	secondary	primary	alignment	incomplete_codon	1
SRR23343442	AD_Malaysia	474	secondary	primary	alignment	low_base_quality	15
SRR23343442	AD_Malaysia	474	secondary	primary	fragment	conflicting_mates	0
SRR23343442	AD_Malaysia	474	secondary	primary	fragment	independent_eligible	63
SRR23343443	AD_Malaysia	474	secondary	primary	alignment	duplicate	4
SRR23343443	AD_Malaysia	474	secondary	primary	alignment	eligible	22
SRR23343443	AD_Malaysia	474	secondary	primary	alignment	low_base_quality	3
SRR23343443	AD_Malaysia	474	secondary	primary	fragment	conflicting_mates	0
SRR23343443	AD_Malaysia	474	secondary	primary	fragment	independent_eligible	22
SRR23343444	AD_Malaysia	474	secondary	primary	alignment	duplicate	5
SRR23343444	AD_Malaysia	474	secondary	primary	alignment	eligible	19
SRR23343444	AD_Malaysia	474	secondary	primary	alignment	incomplete_codon	1
SRR23343444	AD_Malaysia	474	secondary	primary	alignment	low_base_quality	4
SRR23343444	AD_Malaysia	474	secondary	primary	fragment	conflicting_mates	0
SRR23343444	AD_Malaysia	474	secondary	primary	fragment	independent_eligible	19
SRR23343445	AD_Malaysia	474	secondary	primary	alignment	duplicate	7
SRR23343445	AD_Malaysia	474	secondary	primary	alignment	eligible	44
SRR23343445	AD_Malaysia	474	secondary	primary	alignment	incomplete_codon	2
SRR23343445	AD_Malaysia	474	secondary	primary	alignment	low_base_quality	7
SRR23343445	AD_Malaysia	474	secondary	primary	fragment	conflicting_mates	0
SRR23343445	AD_Malaysia	474	secondary	primary	fragment	independent_eligible	42
SRR23343446	AD_Malaysia	474	secondary	primary	alignment	duplicate	4
SRR23343446	AD_Malaysia	474	secondary	primary	alignment	eligible	26
SRR23343446	AD_Malaysia	474	secondary	primary	alignment	incomplete_codon	2
SRR23343446	AD_Malaysia	474	secondary	primary	alignment	low_base_quality	8
SRR23343446	AD_Malaysia	474	secondary	primary	fragment	conflicting_mates	0
SRR23343446	AD_Malaysia	474	secondary	primary	fragment	independent_eligible	25
SRR23343447	AD_Malaysia	474	secondary	primary	alignment	duplicate	9
SRR23343447	AD_Malaysia	474	secondary	primary	alignment	eligible	35
SRR23343447	AD_Malaysia	474	secondary	primary	alignment	incomplete_codon	1
SRR23343447	AD_Malaysia	474	secondary	primary	alignment	low_base_quality	3
SRR23343447	AD_Malaysia	474	secondary	primary	fragment	conflicting_mates	0
SRR23343447	AD_Malaysia	474	secondary	primary	fragment	independent_eligible	33
SRR23343448	AD_Malaysia	474	secondary	primary	alignment	duplicate	2
SRR23343448	AD_Malaysia	474	secondary	primary	alignment	eligible	29
SRR23343448	AD_Malaysia	474	secondary	primary	alignment	low_base_quality	4
SRR23343448	AD_Malaysia	474	secondary	primary	fragment	conflicting_mates	0
SRR23343448	AD_Malaysia	474	secondary	primary	fragment	independent_eligible	29
SRR23343449	AD_Malaysia	474	secondary	primary	alignment	duplicate	6
SRR23343449	AD_Malaysia	474	secondary	primary	alignment	eligible	23
SRR23343449	AD_Malaysia	474	secondary	primary	alignment	incomplete_codon	1
SRR23343449	AD_Malaysia	474	secondary	primary	alignment	low_base_quality	7
SRR23343449	AD_Malaysia	474	secondary	primary	fragment	conflicting_mates	0
SRR23343449	AD_Malaysia	474	secondary	primary	fragment	independent_eligible	22
SRR23343450	AD_Malaysia	474	secondary	primary	alignment	duplicate	1
SRR23343450	AD_Malaysia	474	secondary	primary	alignment	eligible	29
SRR23343450	AD_Malaysia	474	secondary	primary	alignment	low_base_quality	9
SRR23343450	AD_Malaysia	474	secondary	primary	fragment	conflicting_mates	0
SRR23343450	AD_Malaysia	474	secondary	primary	fragment	independent_eligible	28
SRR23343451	AD_Malaysia	474	secondary	primary	alignment	duplicate	8
SRR23343451	AD_Malaysia	474	secondary	primary	alignment	eligible	29
SRR23343451	AD_Malaysia	474	secondary	primary	alignment	low_base_quality	9
SRR23343451	AD_Malaysia	474	secondary	primary	fragment	conflicting_mates	0
SRR23343451	AD_Malaysia	474	secondary	primary	fragment	independent_eligible	29
SRR23343452	AD_Malaysia	474	secondary	primary	alignment	duplicate	8
SRR23343452	AD_Malaysia	474	secondary	primary	alignment	eligible	39
SRR23343452	AD_Malaysia	474	secondary	primary	alignment	low_base_quality	11
SRR23343452	AD_Malaysia	474	secondary	primary	fragment	conflicting_mates	0
SRR23343452	AD_Malaysia	474	secondary	primary	fragment	independent_eligible	39
SRR23343453	AD_Malaysia	474	secondary	primary	alignment	duplicate	7
SRR23343453	AD_Malaysia	474	secondary	primary	alignment	eligible	17
SRR23343453	AD_Malaysia	474	secondary	primary	alignment	incomplete_codon	1
SRR23343453	AD_Malaysia	474	secondary	primary	alignment	low_base_quality	3
SRR23343453	AD_Malaysia	474	secondary	primary	fragment	conflicting_mates	0
SRR23343453	AD_Malaysia	474	secondary	primary	fragment	independent_eligible	16
SRR23343454	AD_Malaysia	474	secondary	primary	alignment	duplicate	6
SRR23343454	AD_Malaysia	474	secondary	primary	alignment	eligible	24
SRR23343454	AD_Malaysia	474	secondary	primary	alignment	incomplete_codon	1
SRR23343454	AD_Malaysia	474	secondary	primary	alignment	low_base_quality	10
SRR23343454	AD_Malaysia	474	secondary	primary	fragment	conflicting_mates	0
SRR23343454	AD_Malaysia	474	secondary	primary	fragment	independent_eligible	23
SRR23343455	AD_Malaysia	474	secondary	primary	alignment	duplicate	1
SRR23343455	AD_Malaysia	474	secondary	primary	alignment	eligible	3
SRR23343455	AD_Malaysia	474	secondary	primary	alignment	low_base_quality	1
SRR23343455	AD_Malaysia	474	secondary	primary	fragment	conflicting_mates	0
SRR23343455	AD_Malaysia	474	secondary	primary	fragment	independent_eligible	3
SRR23343456	AD_Malaysia	474	secondary	primary	alignment	duplicate	5
SRR23343456	AD_Malaysia	474	secondary	primary	alignment	eligible	22
SRR23343456	AD_Malaysia	474	secondary	primary	alignment	incomplete_codon	1
SRR23343456	AD_Malaysia	474	secondary	primary	alignment	low_base_quality	6
SRR23343456	AD_Malaysia	474	secondary	primary	fragment	conflicting_mates	0
SRR23343456	AD_Malaysia	474	secondary	primary	fragment	independent_eligible	22
SRR23343457	AD_Malaysia	474	secondary	primary	alignment	duplicate	6
SRR23343457	AD_Malaysia	474	secondary	primary	alignment	eligible	30
SRR23343457	AD_Malaysia	474	secondary	primary	alignment	low_base_quality	3
SRR23343457	AD_Malaysia	474	secondary	primary	fragment	conflicting_mates	0
SRR23343457	AD_Malaysia	474	secondary	primary	fragment	independent_eligible	28
SRR23343458	AD_Malaysia	474	secondary	primary	alignment	duplicate	9
SRR23343458	AD_Malaysia	474	secondary	primary	alignment	eligible	41
SRR23343458	AD_Malaysia	474	secondary	primary	alignment	incomplete_codon	1
SRR23343458	AD_Malaysia	474	secondary	primary	alignment	low_base_quality	8
SRR23343458	AD_Malaysia	474	secondary	primary	fragment	conflicting_mates	0
SRR23343458	AD_Malaysia	474	secondary	primary	fragment	independent_eligible	37
SRR23343459	AD_Malaysia	474	secondary	primary	alignment	duplicate	7
SRR23343459	AD_Malaysia	474	secondary	primary	alignment	eligible	22
SRR23343459	AD_Malaysia	474	secondary	primary	alignment	incomplete_codon	4
SRR23343459	AD_Malaysia	474	secondary	primary	alignment	low_base_quality	2
SRR23343459	AD_Malaysia	474	secondary	primary	fragment	conflicting_mates	0
SRR23343459	AD_Malaysia	474	secondary	primary	fragment	independent_eligible	22
SRR23343460	AD_Malaysia	474	secondary	primary	alignment	duplicate	11
SRR23343460	AD_Malaysia	474	secondary	primary	alignment	eligible	30
SRR23343460	AD_Malaysia	474	secondary	primary	alignment	incomplete_codon	2
SRR23343460	AD_Malaysia	474	secondary	primary	alignment	low_base_quality	7
SRR23343460	AD_Malaysia	474	secondary	primary	fragment	conflicting_mates	0
SRR23343460	AD_Malaysia	474	secondary	primary	fragment	independent_eligible	29
SRR23343461	AD_Malaysia	474	secondary	primary	alignment	duplicate	5
SRR23343461	AD_Malaysia	474	secondary	primary	alignment	eligible	31
SRR23343461	AD_Malaysia	474	secondary	primary	alignment	low_base_quality	6
SRR23343461	AD_Malaysia	474	secondary	primary	fragment	conflicting_mates	0
SRR23343461	AD_Malaysia	474	secondary	primary	fragment	independent_eligible	30
SRR23343462	AD_Malaysia	474	secondary	primary	alignment	duplicate	22
SRR23343462	AD_Malaysia	474	secondary	primary	alignment	eligible	61
SRR23343462	AD_Malaysia	474	secondary	primary	alignment	incomplete_codon	1
SRR23343462	AD_Malaysia	474	secondary	primary	alignment	low_base_quality	8
SRR23343462	AD_Malaysia	474	secondary	primary	fragment	conflicting_mates	0
SRR23343462	AD_Malaysia	474	secondary	primary	fragment	independent_eligible	57
SRR23343463	AD_Malaysia	474	secondary	primary	alignment	duplicate	14
SRR23343463	AD_Malaysia	474	secondary	primary	alignment	eligible	36
SRR23343463	AD_Malaysia	474	secondary	primary	alignment	incomplete_codon	2
SRR23343463	AD_Malaysia	474	secondary	primary	alignment	low_base_quality	5
SRR23343463	AD_Malaysia	474	secondary	primary	fragment	conflicting_mates	0
SRR23343463	AD_Malaysia	474	secondary	primary	fragment	independent_eligible	36
SRR23343464	AD_Malaysia	474	secondary	primary	alignment	duplicate	8
SRR23343464	AD_Malaysia	474	secondary	primary	alignment	eligible	27
SRR23343464	AD_Malaysia	474	secondary	primary	alignment	incomplete_codon	2
SRR23343464	AD_Malaysia	474	secondary	primary	alignment	low_base_quality	7
SRR23343464	AD_Malaysia	474	secondary	primary	fragment	conflicting_mates	0
SRR23343464	AD_Malaysia	474	secondary	primary	fragment	independent_eligible	25
SRR23343465	AD_Malaysia	474	secondary	primary	alignment	duplicate	7
SRR23343465	AD_Malaysia	474	secondary	primary	alignment	eligible	22
SRR23343465	AD_Malaysia	474	secondary	primary	alignment	incomplete_codon	1
SRR23343465	AD_Malaysia	474	secondary	primary	alignment	low_base_quality	5
SRR23343465	AD_Malaysia	474	secondary	primary	alignment	nonprimary_alignment	1
SRR23343465	AD_Malaysia	474	secondary	primary	fragment	conflicting_mates	0
SRR23343465	AD_Malaysia	474	secondary	primary	fragment	independent_eligible	22
SRR23343466	AD_Malaysia	474	secondary	primary	alignment	duplicate	9
SRR23343466	AD_Malaysia	474	secondary	primary	alignment	eligible	27
SRR23343466	AD_Malaysia	474	secondary	primary	alignment	low_base_quality	7
SRR23343466	AD_Malaysia	474	secondary	primary	fragment	conflicting_mates	0
SRR23343466	AD_Malaysia	474	secondary	primary	fragment	independent_eligible	26
SRR23343467	AD_Malaysia	474	secondary	primary	alignment	duplicate	5
SRR23343467	AD_Malaysia	474	secondary	primary	alignment	eligible	33
SRR23343467	AD_Malaysia	474	secondary	primary	alignment	incomplete_codon	1
SRR23343467	AD_Malaysia	474	secondary	primary	alignment	low_base_quality	13
SRR23343467	AD_Malaysia	474	secondary	primary	fragment	conflicting_mates	0
SRR23343467	AD_Malaysia	474	secondary	primary	fragment	independent_eligible	31
SRR23343468	AD_Malaysia	474	secondary	primary	alignment	duplicate	13
SRR23343468	AD_Malaysia	474	secondary	primary	alignment	eligible	38
SRR23343468	AD_Malaysia	474	secondary	primary	alignment	incomplete_codon	1
SRR23343468	AD_Malaysia	474	secondary	primary	alignment	low_base_quality	6
SRR23343468	AD_Malaysia	474	secondary	primary	fragment	conflicting_mates	0
SRR23343468	AD_Malaysia	474	secondary	primary	fragment	independent_eligible	36
SRR23343469	AD_Malaysia	474	secondary	primary	alignment	duplicate	9
SRR23343469	AD_Malaysia	474	secondary	primary	alignment	eligible	33
SRR23343469	AD_Malaysia	474	secondary	primary	alignment	incomplete_codon	1
SRR23343469	AD_Malaysia	474	secondary	primary	alignment	low_base_quality	6
SRR23343469	AD_Malaysia	474	secondary	primary	fragment	conflicting_mates	0
SRR23343469	AD_Malaysia	474	secondary	primary	fragment	independent_eligible	32
SRR23343470	AD_Malaysia	474	secondary	primary	alignment	duplicate	7
SRR23343470	AD_Malaysia	474	secondary	primary	alignment	eligible	21
SRR23343470	AD_Malaysia	474	secondary	primary	alignment	low_base_quality	3
SRR23343470	AD_Malaysia	474	secondary	primary	fragment	conflicting_mates	0
SRR23343470	AD_Malaysia	474	secondary	primary	fragment	independent_eligible	21
SRR23343471	AD_Malaysia	474	secondary	primary	alignment	duplicate	2
SRR23343471	AD_Malaysia	474	secondary	primary	alignment	eligible	19
SRR23343471	AD_Malaysia	474	secondary	primary	alignment	incomplete_codon	1
SRR23343471	AD_Malaysia	474	secondary	primary	alignment	low_base_quality	7
SRR23343471	AD_Malaysia	474	secondary	primary	fragment	conflicting_mates	0
SRR23343471	AD_Malaysia	474	secondary	primary	fragment	independent_eligible	19
SRR23343472	AD_Malaysia	474	secondary	primary	alignment	duplicate	7
SRR23343472	AD_Malaysia	474	secondary	primary	alignment	eligible	19
SRR23343472	AD_Malaysia	474	secondary	primary	alignment	incomplete_codon	1
SRR23343472	AD_Malaysia	474	secondary	primary	alignment	low_base_quality	5
SRR23343472	AD_Malaysia	474	secondary	primary	fragment	conflicting_mates	0
SRR23343472	AD_Malaysia	474	secondary	primary	fragment	independent_eligible	18
SRR23343473	AD_Malaysia	474	secondary	primary	alignment	duplicate	14
SRR23343473	AD_Malaysia	474	secondary	primary	alignment	eligible	68
SRR23343473	AD_Malaysia	474	secondary	primary	alignment	incomplete_codon	2
SRR23343473	AD_Malaysia	474	secondary	primary	alignment	low_base_quality	11
SRR23343473	AD_Malaysia	474	secondary	primary	fragment	conflicting_mates	0
SRR23343473	AD_Malaysia	474	secondary	primary	fragment	independent_eligible	67
SRR23343474	AD_Malaysia	474	secondary	primary	alignment	duplicate	3
SRR23343474	AD_Malaysia	474	secondary	primary	alignment	eligible	25
SRR23343474	AD_Malaysia	474	secondary	primary	alignment	incomplete_codon	1
SRR23343474	AD_Malaysia	474	secondary	primary	alignment	low_base_quality	9
SRR23343474	AD_Malaysia	474	secondary	primary	fragment	conflicting_mates	0
SRR23343474	AD_Malaysia	474	secondary	primary	fragment	independent_eligible	24
SRR23343475	AD_Malaysia	474	secondary	primary	alignment	duplicate	5
SRR23343475	AD_Malaysia	474	secondary	primary	alignment	eligible	38
SRR23343475	AD_Malaysia	474	secondary	primary	alignment	incomplete_codon	1
SRR23343475	AD_Malaysia	474	secondary	primary	alignment	low_base_quality	8
SRR23343475	AD_Malaysia	474	secondary	primary	fragment	conflicting_mates	0
SRR23343475	AD_Malaysia	474	secondary	primary	fragment	independent_eligible	35
SRR23343476	AD_Malaysia	474	secondary	primary	alignment	duplicate	2
SRR23343476	AD_Malaysia	474	secondary	primary	alignment	eligible	23
SRR23343476	AD_Malaysia	474	secondary	primary	alignment	low_base_quality	5
SRR23343476	AD_Malaysia	474	secondary	primary	fragment	conflicting_mates	0
SRR23343476	AD_Malaysia	474	secondary	primary	fragment	independent_eligible	23
SRR23343477	AD_Malaysia	474	secondary	primary	alignment	duplicate	13
SRR23343477	AD_Malaysia	474	secondary	primary	alignment	eligible	35
SRR23343477	AD_Malaysia	474	secondary	primary	alignment	incomplete_codon	2
SRR23343477	AD_Malaysia	474	secondary	primary	alignment	low_base_quality	6
SRR23343477	AD_Malaysia	474	secondary	primary	fragment	conflicting_mates	0
SRR23343477	AD_Malaysia	474	secondary	primary	fragment	independent_eligible	34
SRR23343478	AD_Malaysia	474	secondary	primary	alignment	duplicate	4
SRR23343478	AD_Malaysia	474	secondary	primary	alignment	eligible	21
SRR23343478	AD_Malaysia	474	secondary	primary	alignment	incomplete_codon	1
SRR23343478	AD_Malaysia	474	secondary	primary	alignment	low_base_quality	5
SRR23343478	AD_Malaysia	474	secondary	primary	fragment	conflicting_mates	0
SRR23343478	AD_Malaysia	474	secondary	primary	fragment	independent_eligible	21
SRR23343479	AD_Malaysia	474	secondary	primary	alignment	duplicate	7
SRR23343479	AD_Malaysia	474	secondary	primary	alignment	eligible	26
SRR23343479	AD_Malaysia	474	secondary	primary	alignment	incomplete_codon	1
SRR23343479	AD_Malaysia	474	secondary	primary	alignment	low_base_quality	9
SRR23343479	AD_Malaysia	474	secondary	primary	fragment	conflicting_mates	0
SRR23343479	AD_Malaysia	474	secondary	primary	fragment	independent_eligible	25
SRR23343480	AD_Malaysia	474	secondary	primary	alignment	duplicate	5
SRR23343480	AD_Malaysia	474	secondary	primary	alignment	eligible	20
SRR23343480	AD_Malaysia	474	secondary	primary	alignment	incomplete_codon	1
SRR23343480	AD_Malaysia	474	secondary	primary	alignment	low_base_quality	7
SRR23343480	AD_Malaysia	474	secondary	primary	fragment	conflicting_mates	0
SRR23343480	AD_Malaysia	474	secondary	primary	fragment	independent_eligible	20
SRR23343481	AD_Malaysia	474	secondary	primary	alignment	duplicate	2
SRR23343481	AD_Malaysia	474	secondary	primary	alignment	eligible	15
SRR23343481	AD_Malaysia	474	secondary	primary	alignment	low_base_quality	5
SRR23343481	AD_Malaysia	474	secondary	primary	fragment	conflicting_mates	0
SRR23343481	AD_Malaysia	474	secondary	primary	fragment	independent_eligible	15
SRR23343482	AD_Malaysia	474	secondary	primary	alignment	duplicate	9
SRR23343482	AD_Malaysia	474	secondary	primary	alignment	eligible	34
SRR23343482	AD_Malaysia	474	secondary	primary	alignment	low_base_quality	7
SRR23343482	AD_Malaysia	474	secondary	primary	fragment	conflicting_mates	0
SRR23343482	AD_Malaysia	474	secondary	primary	fragment	independent_eligible	34
SRR23343483	AD_Malaysia	474	secondary	primary	alignment	duplicate	5
SRR23343483	AD_Malaysia	474	secondary	primary	alignment	eligible	32
SRR23343483	AD_Malaysia	474	secondary	primary	alignment	incomplete_codon	1
SRR23343483	AD_Malaysia	474	secondary	primary	alignment	low_base_quality	4
SRR23343483	AD_Malaysia	474	secondary	primary	fragment	conflicting_mates	0
SRR23343483	AD_Malaysia	474	secondary	primary	fragment	independent_eligible	31
SRR23343484	AD_Malaysia	474	secondary	primary	alignment	duplicate	9
SRR23343484	AD_Malaysia	474	secondary	primary	alignment	eligible	29
SRR23343484	AD_Malaysia	474	secondary	primary	alignment	low_base_quality	10
SRR23343484	AD_Malaysia	474	secondary	primary	fragment	conflicting_mates	0
SRR23343484	AD_Malaysia	474	secondary	primary	fragment	independent_eligible	28
SRR23343485	AD_Malaysia	474	secondary	primary	alignment	duplicate	12
SRR23343485	AD_Malaysia	474	secondary	primary	alignment	eligible	31
SRR23343485	AD_Malaysia	474	secondary	primary	alignment	low_base_quality	6
SRR23343485	AD_Malaysia	474	secondary	primary	fragment	conflicting_mates	0
SRR23343485	AD_Malaysia	474	secondary	primary	fragment	independent_eligible	30
SRR23343486	AD_Malaysia	474	secondary	primary	alignment	duplicate	14
SRR23343486	AD_Malaysia	474	secondary	primary	alignment	eligible	46
SRR23343486	AD_Malaysia	474	secondary	primary	alignment	low_base_quality	11
SRR23343486	AD_Malaysia	474	secondary	primary	fragment	conflicting_mates	0
SRR23343486	AD_Malaysia	474	secondary	primary	fragment	independent_eligible	44
SRR23343487	AD_Malaysia	474	secondary	primary	alignment	duplicate	14
SRR23343487	AD_Malaysia	474	secondary	primary	alignment	eligible	35
SRR23343487	AD_Malaysia	474	secondary	primary	alignment	incomplete_codon	3
SRR23343487	AD_Malaysia	474	secondary	primary	alignment	low_base_quality	11
SRR23343487	AD_Malaysia	474	secondary	primary	fragment	conflicting_mates	0
SRR23343487	AD_Malaysia	474	secondary	primary	fragment	independent_eligible	35
SRR23343488	AD_Malaysia	474	secondary	primary	alignment	duplicate	5
SRR23343488	AD_Malaysia	474	secondary	primary	alignment	eligible	24
SRR23343488	AD_Malaysia	474	secondary	primary	alignment	incomplete_codon	2
SRR23343488	AD_Malaysia	474	secondary	primary	alignment	low_base_quality	12
SRR23343488	AD_Malaysia	474	secondary	primary	fragment	conflicting_mates	0
SRR23343488	AD_Malaysia	474	secondary	primary	fragment	independent_eligible	24
SRR23343489	AD_Malaysia	474	secondary	primary	alignment	duplicate	6
SRR23343489	AD_Malaysia	474	secondary	primary	alignment	eligible	26
SRR23343489	AD_Malaysia	474	secondary	primary	alignment	incomplete_codon	2
SRR23343489	AD_Malaysia	474	secondary	primary	alignment	low_base_quality	11
SRR23343489	AD_Malaysia	474	secondary	primary	fragment	conflicting_mates	0
SRR23343489	AD_Malaysia	474	secondary	primary	fragment	independent_eligible	26
SRR23343490	AD_Malaysia	474	secondary	primary	alignment	duplicate	4
SRR23343490	AD_Malaysia	474	secondary	primary	alignment	eligible	20
SRR23343490	AD_Malaysia	474	secondary	primary	alignment	low_base_quality	5
SRR23343490	AD_Malaysia	474	secondary	primary	fragment	conflicting_mates	0
SRR23343490	AD_Malaysia	474	secondary	primary	fragment	independent_eligible	20
SRR23343491	AD_Malaysia	474	secondary	primary	alignment	duplicate	5
SRR23343491	AD_Malaysia	474	secondary	primary	alignment	eligible	26
SRR23343491	AD_Malaysia	474	secondary	primary	alignment	incomplete_codon	2
SRR23343491	AD_Malaysia	474	secondary	primary	alignment	low_base_quality	9
SRR23343491	AD_Malaysia	474	secondary	primary	fragment	conflicting_mates	0
SRR23343491	AD_Malaysia	474	secondary	primary	fragment	independent_eligible	26
SRR23343492	AD_Malaysia	474	secondary	primary	alignment	duplicate	4
SRR23343492	AD_Malaysia	474	secondary	primary	alignment	eligible	31
SRR23343492	AD_Malaysia	474	secondary	primary	alignment	low_base_quality	8
SRR23343492	AD_Malaysia	474	secondary	primary	fragment	conflicting_mates	0
SRR23343492	AD_Malaysia	474	secondary	primary	fragment	independent_eligible	30
SRR23343493	AD_Malaysia	474	secondary	primary	alignment	duplicate	6
SRR23343493	AD_Malaysia	474	secondary	primary	alignment	eligible	18
SRR23343493	AD_Malaysia	474	secondary	primary	alignment	low_base_quality	6
SRR23343493	AD_Malaysia	474	secondary	primary	fragment	conflicting_mates	0
SRR23343493	AD_Malaysia	474	secondary	primary	fragment	independent_eligible	18
SRR23343494	AD_Malaysia	474	secondary	primary	alignment	duplicate	7
SRR23343494	AD_Malaysia	474	secondary	primary	alignment	eligible	26
SRR23343494	AD_Malaysia	474	secondary	primary	alignment	incomplete_codon	1
SRR23343494	AD_Malaysia	474	secondary	primary	alignment	low_base_quality	10
SRR23343494	AD_Malaysia	474	secondary	primary	fragment	conflicting_mates	0
SRR23343494	AD_Malaysia	474	secondary	primary	fragment	independent_eligible	26
SRR23343438	AD_Malaysia	549	primary	primary	alignment	duplicate	15
SRR23343438	AD_Malaysia	549	primary	primary	alignment	eligible	40
SRR23343438	AD_Malaysia	549	primary	primary	alignment	incomplete_codon	1
SRR23343438	AD_Malaysia	549	primary	primary	alignment	low_base_quality	8
SRR23343438	AD_Malaysia	549	primary	primary	fragment	conflicting_mates	0
SRR23343438	AD_Malaysia	549	primary	primary	fragment	independent_eligible	39
SRR23343439	AD_Malaysia	549	primary	primary	alignment	duplicate	4
SRR23343439	AD_Malaysia	549	primary	primary	alignment	eligible	25
SRR23343439	AD_Malaysia	549	primary	primary	alignment	low_base_quality	8
SRR23343439	AD_Malaysia	549	primary	primary	fragment	conflicting_mates	0
SRR23343439	AD_Malaysia	549	primary	primary	fragment	independent_eligible	25
SRR23343440	AD_Malaysia	549	primary	primary	alignment	duplicate	2
SRR23343440	AD_Malaysia	549	primary	primary	alignment	eligible	15
SRR23343440	AD_Malaysia	549	primary	primary	alignment	low_base_quality	2
SRR23343440	AD_Malaysia	549	primary	primary	fragment	conflicting_mates	0
SRR23343440	AD_Malaysia	549	primary	primary	fragment	independent_eligible	15
SRR23343441	AD_Malaysia	549	primary	primary	alignment	duplicate	16
SRR23343441	AD_Malaysia	549	primary	primary	alignment	eligible	22
SRR23343441	AD_Malaysia	549	primary	primary	alignment	low_base_quality	11
SRR23343441	AD_Malaysia	549	primary	primary	fragment	conflicting_mates	0
SRR23343441	AD_Malaysia	549	primary	primary	fragment	independent_eligible	22
SRR23343442	AD_Malaysia	549	primary	primary	alignment	duplicate	18
SRR23343442	AD_Malaysia	549	primary	primary	alignment	eligible	44
SRR23343442	AD_Malaysia	549	primary	primary	alignment	incomplete_codon	1
SRR23343442	AD_Malaysia	549	primary	primary	alignment	low_base_quality	9
SRR23343442	AD_Malaysia	549	primary	primary	fragment	conflicting_mates	0
SRR23343442	AD_Malaysia	549	primary	primary	fragment	independent_eligible	43
SRR23343443	AD_Malaysia	549	primary	primary	alignment	duplicate	12
SRR23343443	AD_Malaysia	549	primary	primary	alignment	eligible	23
SRR23343443	AD_Malaysia	549	primary	primary	alignment	incomplete_codon	1
SRR23343443	AD_Malaysia	549	primary	primary	alignment	low_base_quality	3
SRR23343443	AD_Malaysia	549	primary	primary	fragment	conflicting_mates	0
SRR23343443	AD_Malaysia	549	primary	primary	fragment	independent_eligible	22
SRR23343444	AD_Malaysia	549	primary	primary	alignment	duplicate	7
SRR23343444	AD_Malaysia	549	primary	primary	alignment	eligible	19
SRR23343444	AD_Malaysia	549	primary	primary	alignment	low_base_quality	5
SRR23343444	AD_Malaysia	549	primary	primary	alignment	low_mapping_quality	1
SRR23343444	AD_Malaysia	549	primary	primary	fragment	conflicting_mates	0
SRR23343444	AD_Malaysia	549	primary	primary	fragment	independent_eligible	17
SRR23343445	AD_Malaysia	549	primary	primary	alignment	duplicate	1
SRR23343445	AD_Malaysia	549	primary	primary	alignment	eligible	36
SRR23343445	AD_Malaysia	549	primary	primary	alignment	incomplete_codon	1
SRR23343445	AD_Malaysia	549	primary	primary	alignment	low_base_quality	7
SRR23343445	AD_Malaysia	549	primary	primary	fragment	conflicting_mates	0
SRR23343445	AD_Malaysia	549	primary	primary	fragment	independent_eligible	35
SRR23343446	AD_Malaysia	549	primary	primary	alignment	duplicate	10
SRR23343446	AD_Malaysia	549	primary	primary	alignment	eligible	29
SRR23343446	AD_Malaysia	549	primary	primary	alignment	low_base_quality	6
SRR23343446	AD_Malaysia	549	primary	primary	fragment	conflicting_mates	0
SRR23343446	AD_Malaysia	549	primary	primary	fragment	independent_eligible	28
SRR23343447	AD_Malaysia	549	primary	primary	alignment	duplicate	4
SRR23343447	AD_Malaysia	549	primary	primary	alignment	eligible	25
SRR23343447	AD_Malaysia	549	primary	primary	alignment	low_base_quality	4
SRR23343447	AD_Malaysia	549	primary	primary	fragment	conflicting_mates	0
SRR23343447	AD_Malaysia	549	primary	primary	fragment	independent_eligible	25
SRR23343448	AD_Malaysia	549	primary	primary	alignment	duplicate	3
SRR23343448	AD_Malaysia	549	primary	primary	alignment	eligible	24
SRR23343448	AD_Malaysia	549	primary	primary	alignment	low_base_quality	3
SRR23343448	AD_Malaysia	549	primary	primary	fragment	conflicting_mates	0
SRR23343448	AD_Malaysia	549	primary	primary	fragment	independent_eligible	24
SRR23343449	AD_Malaysia	549	primary	primary	alignment	duplicate	8
SRR23343449	AD_Malaysia	549	primary	primary	alignment	eligible	25
SRR23343449	AD_Malaysia	549	primary	primary	alignment	low_base_quality	8
SRR23343449	AD_Malaysia	549	primary	primary	fragment	conflicting_mates	0
SRR23343449	AD_Malaysia	549	primary	primary	fragment	independent_eligible	23
SRR23343450	AD_Malaysia	549	primary	primary	alignment	duplicate	5
SRR23343450	AD_Malaysia	549	primary	primary	alignment	eligible	38
SRR23343450	AD_Malaysia	549	primary	primary	alignment	incomplete_codon	1
SRR23343450	AD_Malaysia	549	primary	primary	alignment	low_base_quality	5
SRR23343450	AD_Malaysia	549	primary	primary	fragment	conflicting_mates	0
SRR23343450	AD_Malaysia	549	primary	primary	fragment	independent_eligible	38
SRR23343451	AD_Malaysia	549	primary	primary	alignment	duplicate	4
SRR23343451	AD_Malaysia	549	primary	primary	alignment	eligible	24
SRR23343451	AD_Malaysia	549	primary	primary	alignment	low_base_quality	4
SRR23343451	AD_Malaysia	549	primary	primary	fragment	conflicting_mates	0
SRR23343451	AD_Malaysia	549	primary	primary	fragment	independent_eligible	24
SRR23343452	AD_Malaysia	549	primary	primary	alignment	duplicate	4
SRR23343452	AD_Malaysia	549	primary	primary	alignment	eligible	31
SRR23343452	AD_Malaysia	549	primary	primary	alignment	incomplete_codon	1
SRR23343452	AD_Malaysia	549	primary	primary	alignment	low_base_quality	6
SRR23343452	AD_Malaysia	549	primary	primary	alignment	low_mapping_quality	1
SRR23343452	AD_Malaysia	549	primary	primary	fragment	conflicting_mates	0
SRR23343452	AD_Malaysia	549	primary	primary	fragment	independent_eligible	29
SRR23343453	AD_Malaysia	549	primary	primary	alignment	duplicate	6
SRR23343453	AD_Malaysia	549	primary	primary	alignment	eligible	18
SRR23343453	AD_Malaysia	549	primary	primary	alignment	incomplete_codon	1
SRR23343453	AD_Malaysia	549	primary	primary	alignment	low_base_quality	2
SRR23343453	AD_Malaysia	549	primary	primary	fragment	conflicting_mates	0
SRR23343453	AD_Malaysia	549	primary	primary	fragment	independent_eligible	17
SRR23343454	AD_Malaysia	549	primary	primary	alignment	duplicate	2
SRR23343454	AD_Malaysia	549	primary	primary	alignment	eligible	25
SRR23343454	AD_Malaysia	549	primary	primary	alignment	low_base_quality	6
SRR23343454	AD_Malaysia	549	primary	primary	fragment	conflicting_mates	0
SRR23343454	AD_Malaysia	549	primary	primary	fragment	independent_eligible	25
SRR23343455	AD_Malaysia	549	primary	primary	alignment	duplicate	1
SRR23343455	AD_Malaysia	549	primary	primary	alignment	eligible	7
SRR23343455	AD_Malaysia	549	primary	primary	alignment	low_base_quality	1
SRR23343455	AD_Malaysia	549	primary	primary	fragment	conflicting_mates	0
SRR23343455	AD_Malaysia	549	primary	primary	fragment	independent_eligible	7
SRR23343456	AD_Malaysia	549	primary	primary	alignment	duplicate	5
SRR23343456	AD_Malaysia	549	primary	primary	alignment	eligible	23
SRR23343456	AD_Malaysia	549	primary	primary	alignment	low_base_quality	3
SRR23343456	AD_Malaysia	549	primary	primary	fragment	conflicting_mates	0
SRR23343456	AD_Malaysia	549	primary	primary	fragment	independent_eligible	23
SRR23343457	AD_Malaysia	549	primary	primary	alignment	duplicate	10
SRR23343457	AD_Malaysia	549	primary	primary	alignment	eligible	36
SRR23343457	AD_Malaysia	549	primary	primary	alignment	low_base_quality	5
SRR23343457	AD_Malaysia	549	primary	primary	fragment	conflicting_mates	0
SRR23343457	AD_Malaysia	549	primary	primary	fragment	independent_eligible	33
SRR23343458	AD_Malaysia	549	primary	primary	alignment	duplicate	6
SRR23343458	AD_Malaysia	549	primary	primary	alignment	eligible	39
SRR23343458	AD_Malaysia	549	primary	primary	alignment	low_base_quality	4
SRR23343458	AD_Malaysia	549	primary	primary	fragment	conflicting_mates	0
SRR23343458	AD_Malaysia	549	primary	primary	fragment	independent_eligible	38
SRR23343459	AD_Malaysia	549	primary	primary	alignment	duplicate	6
SRR23343459	AD_Malaysia	549	primary	primary	alignment	eligible	21
SRR23343459	AD_Malaysia	549	primary	primary	alignment	low_base_quality	5
SRR23343459	AD_Malaysia	549	primary	primary	fragment	conflicting_mates	0
SRR23343459	AD_Malaysia	549	primary	primary	fragment	independent_eligible	21
SRR23343460	AD_Malaysia	549	primary	primary	alignment	duplicate	8
SRR23343460	AD_Malaysia	549	primary	primary	alignment	eligible	20
SRR23343460	AD_Malaysia	549	primary	primary	alignment	low_base_quality	4
SRR23343460	AD_Malaysia	549	primary	primary	fragment	conflicting_mates	0
SRR23343460	AD_Malaysia	549	primary	primary	fragment	independent_eligible	18
SRR23343461	AD_Malaysia	549	primary	primary	alignment	duplicate	3
SRR23343461	AD_Malaysia	549	primary	primary	alignment	eligible	21
SRR23343461	AD_Malaysia	549	primary	primary	alignment	incomplete_codon	1
SRR23343461	AD_Malaysia	549	primary	primary	alignment	low_base_quality	4
SRR23343461	AD_Malaysia	549	primary	primary	fragment	conflicting_mates	0
SRR23343461	AD_Malaysia	549	primary	primary	fragment	independent_eligible	20
SRR23343462	AD_Malaysia	549	primary	primary	alignment	duplicate	12
SRR23343462	AD_Malaysia	549	primary	primary	alignment	eligible	27
SRR23343462	AD_Malaysia	549	primary	primary	alignment	incomplete_codon	1
SRR23343462	AD_Malaysia	549	primary	primary	alignment	low_base_quality	7
SRR23343462	AD_Malaysia	549	primary	primary	fragment	conflicting_mates	0
SRR23343462	AD_Malaysia	549	primary	primary	fragment	independent_eligible	27
SRR23343463	AD_Malaysia	549	primary	primary	alignment	duplicate	9
SRR23343463	AD_Malaysia	549	primary	primary	alignment	eligible	25
SRR23343463	AD_Malaysia	549	primary	primary	alignment	incomplete_codon	2
SRR23343463	AD_Malaysia	549	primary	primary	alignment	low_base_quality	9
SRR23343463	AD_Malaysia	549	primary	primary	fragment	conflicting_mates	0
SRR23343463	AD_Malaysia	549	primary	primary	fragment	independent_eligible	25
SRR23343464	AD_Malaysia	549	primary	primary	alignment	duplicate	5
SRR23343464	AD_Malaysia	549	primary	primary	alignment	eligible	30
SRR23343464	AD_Malaysia	549	primary	primary	alignment	low_base_quality	5
SRR23343464	AD_Malaysia	549	primary	primary	fragment	conflicting_mates	0
SRR23343464	AD_Malaysia	549	primary	primary	fragment	independent_eligible	28
SRR23343465	AD_Malaysia	549	primary	primary	alignment	duplicate	1
SRR23343465	AD_Malaysia	549	primary	primary	alignment	eligible	25
SRR23343465	AD_Malaysia	549	primary	primary	alignment	low_base_quality	2
SRR23343465	AD_Malaysia	549	primary	primary	fragment	conflicting_mates	0
SRR23343465	AD_Malaysia	549	primary	primary	fragment	independent_eligible	24
SRR23343466	AD_Malaysia	549	primary	primary	alignment	duplicate	7
SRR23343466	AD_Malaysia	549	primary	primary	alignment	eligible	28
SRR23343466	AD_Malaysia	549	primary	primary	alignment	low_base_quality	2
SRR23343466	AD_Malaysia	549	primary	primary	fragment	conflicting_mates	0
SRR23343466	AD_Malaysia	549	primary	primary	fragment	independent_eligible	24
SRR23343467	AD_Malaysia	549	primary	primary	alignment	duplicate	11
SRR23343467	AD_Malaysia	549	primary	primary	alignment	eligible	27
SRR23343467	AD_Malaysia	549	primary	primary	alignment	low_base_quality	7
SRR23343467	AD_Malaysia	549	primary	primary	fragment	conflicting_mates	0
SRR23343467	AD_Malaysia	549	primary	primary	fragment	independent_eligible	25
SRR23343468	AD_Malaysia	549	primary	primary	alignment	duplicate	7
SRR23343468	AD_Malaysia	549	primary	primary	alignment	eligible	18
SRR23343468	AD_Malaysia	549	primary	primary	alignment	incomplete_codon	1
SRR23343468	AD_Malaysia	549	primary	primary	alignment	low_base_quality	5
SRR23343468	AD_Malaysia	549	primary	primary	fragment	conflicting_mates	0
SRR23343468	AD_Malaysia	549	primary	primary	fragment	independent_eligible	18
SRR23343469	AD_Malaysia	549	primary	primary	alignment	duplicate	1
SRR23343469	AD_Malaysia	549	primary	primary	alignment	eligible	24
SRR23343469	AD_Malaysia	549	primary	primary	alignment	incomplete_codon	2
SRR23343469	AD_Malaysia	549	primary	primary	alignment	low_base_quality	4
SRR23343469	AD_Malaysia	549	primary	primary	fragment	conflicting_mates	0
SRR23343469	AD_Malaysia	549	primary	primary	fragment	independent_eligible	24
SRR23343470	AD_Malaysia	549	primary	primary	alignment	duplicate	4
SRR23343470	AD_Malaysia	549	primary	primary	alignment	eligible	22
SRR23343470	AD_Malaysia	549	primary	primary	alignment	incomplete_codon	1
SRR23343470	AD_Malaysia	549	primary	primary	alignment	low_base_quality	9
SRR23343470	AD_Malaysia	549	primary	primary	fragment	conflicting_mates	0
SRR23343470	AD_Malaysia	549	primary	primary	fragment	independent_eligible	22
SRR23343471	AD_Malaysia	549	primary	primary	alignment	duplicate	2
SRR23343471	AD_Malaysia	549	primary	primary	alignment	eligible	13
SRR23343471	AD_Malaysia	549	primary	primary	alignment	low_base_quality	6
SRR23343471	AD_Malaysia	549	primary	primary	fragment	conflicting_mates	0
SRR23343471	AD_Malaysia	549	primary	primary	fragment	independent_eligible	13
SRR23343472	AD_Malaysia	549	primary	primary	alignment	duplicate	4
SRR23343472	AD_Malaysia	549	primary	primary	alignment	eligible	17
SRR23343472	AD_Malaysia	549	primary	primary	alignment	low_base_quality	5
SRR23343472	AD_Malaysia	549	primary	primary	fragment	conflicting_mates	0
SRR23343472	AD_Malaysia	549	primary	primary	fragment	independent_eligible	17
SRR23343473	AD_Malaysia	549	primary	primary	alignment	duplicate	16
SRR23343473	AD_Malaysia	549	primary	primary	alignment	eligible	55
SRR23343473	AD_Malaysia	549	primary	primary	alignment	incomplete_codon	3
SRR23343473	AD_Malaysia	549	primary	primary	alignment	low_base_quality	12
SRR23343473	AD_Malaysia	549	primary	primary	fragment	conflicting_mates	0
SRR23343473	AD_Malaysia	549	primary	primary	fragment	independent_eligible	55
SRR23343474	AD_Malaysia	549	primary	primary	alignment	duplicate	1
SRR23343474	AD_Malaysia	549	primary	primary	alignment	eligible	18
SRR23343474	AD_Malaysia	549	primary	primary	alignment	low_base_quality	5
SRR23343474	AD_Malaysia	549	primary	primary	fragment	conflicting_mates	0
SRR23343474	AD_Malaysia	549	primary	primary	fragment	independent_eligible	16
SRR23343475	AD_Malaysia	549	primary	primary	alignment	duplicate	3
SRR23343475	AD_Malaysia	549	primary	primary	alignment	eligible	20
SRR23343475	AD_Malaysia	549	primary	primary	alignment	incomplete_codon	1
SRR23343475	AD_Malaysia	549	primary	primary	alignment	low_base_quality	3
SRR23343475	AD_Malaysia	549	primary	primary	fragment	conflicting_mates	0
SRR23343475	AD_Malaysia	549	primary	primary	fragment	independent_eligible	19
SRR23343476	AD_Malaysia	549	primary	primary	alignment	duplicate	4
SRR23343476	AD_Malaysia	549	primary	primary	alignment	eligible	21
SRR23343476	AD_Malaysia	549	primary	primary	alignment	low_base_quality	5
SRR23343476	AD_Malaysia	549	primary	primary	fragment	conflicting_mates	0
SRR23343476	AD_Malaysia	549	primary	primary	fragment	independent_eligible	21
SRR23343477	AD_Malaysia	549	primary	primary	alignment	duplicate	6
SRR23343477	AD_Malaysia	549	primary	primary	alignment	eligible	24
SRR23343477	AD_Malaysia	549	primary	primary	alignment	incomplete_codon	2
SRR23343477	AD_Malaysia	549	primary	primary	alignment	low_base_quality	6
SRR23343477	AD_Malaysia	549	primary	primary	fragment	conflicting_mates	0
SRR23343477	AD_Malaysia	549	primary	primary	fragment	independent_eligible	24
SRR23343478	AD_Malaysia	549	primary	primary	alignment	duplicate	1
SRR23343478	AD_Malaysia	549	primary	primary	alignment	eligible	17
SRR23343478	AD_Malaysia	549	primary	primary	alignment	low_base_quality	4
SRR23343478	AD_Malaysia	549	primary	primary	fragment	conflicting_mates	0
SRR23343478	AD_Malaysia	549	primary	primary	fragment	independent_eligible	16
SRR23343479	AD_Malaysia	549	primary	primary	alignment	duplicate	5
SRR23343479	AD_Malaysia	549	primary	primary	alignment	eligible	33
SRR23343479	AD_Malaysia	549	primary	primary	alignment	low_base_quality	8
SRR23343479	AD_Malaysia	549	primary	primary	fragment	conflicting_mates	0
SRR23343479	AD_Malaysia	549	primary	primary	fragment	independent_eligible	32
SRR23343480	AD_Malaysia	549	primary	primary	alignment	duplicate	11
SRR23343480	AD_Malaysia	549	primary	primary	alignment	eligible	17
SRR23343480	AD_Malaysia	549	primary	primary	alignment	low_base_quality	5
SRR23343480	AD_Malaysia	549	primary	primary	fragment	conflicting_mates	0
SRR23343480	AD_Malaysia	549	primary	primary	fragment	independent_eligible	15
SRR23343481	AD_Malaysia	549	primary	primary	alignment	duplicate	3
SRR23343481	AD_Malaysia	549	primary	primary	alignment	eligible	12
SRR23343481	AD_Malaysia	549	primary	primary	alignment	low_base_quality	4
SRR23343481	AD_Malaysia	549	primary	primary	fragment	conflicting_mates	0
SRR23343481	AD_Malaysia	549	primary	primary	fragment	independent_eligible	12
SRR23343482	AD_Malaysia	549	primary	primary	alignment	duplicate	14
SRR23343482	AD_Malaysia	549	primary	primary	alignment	eligible	30
SRR23343482	AD_Malaysia	549	primary	primary	alignment	incomplete_codon	1
SRR23343482	AD_Malaysia	549	primary	primary	alignment	low_base_quality	4
SRR23343482	AD_Malaysia	549	primary	primary	alignment	low_mapping_quality	1
SRR23343482	AD_Malaysia	549	primary	primary	fragment	conflicting_mates	0
SRR23343482	AD_Malaysia	549	primary	primary	fragment	independent_eligible	28
SRR23343483	AD_Malaysia	549	primary	primary	alignment	duplicate	4
SRR23343483	AD_Malaysia	549	primary	primary	alignment	eligible	26
SRR23343483	AD_Malaysia	549	primary	primary	alignment	low_base_quality	7
SRR23343483	AD_Malaysia	549	primary	primary	fragment	conflicting_mates	0
SRR23343483	AD_Malaysia	549	primary	primary	fragment	independent_eligible	25
SRR23343484	AD_Malaysia	549	primary	primary	alignment	duplicate	9
SRR23343484	AD_Malaysia	549	primary	primary	alignment	eligible	39
SRR23343484	AD_Malaysia	549	primary	primary	alignment	low_base_quality	6
SRR23343484	AD_Malaysia	549	primary	primary	fragment	conflicting_mates	0
SRR23343484	AD_Malaysia	549	primary	primary	fragment	independent_eligible	36
SRR23343485	AD_Malaysia	549	primary	primary	alignment	duplicate	6
SRR23343485	AD_Malaysia	549	primary	primary	alignment	eligible	22
SRR23343485	AD_Malaysia	549	primary	primary	alignment	low_base_quality	8
SRR23343485	AD_Malaysia	549	primary	primary	fragment	conflicting_mates	0
SRR23343485	AD_Malaysia	549	primary	primary	fragment	independent_eligible	22
SRR23343486	AD_Malaysia	549	primary	primary	alignment	duplicate	7
SRR23343486	AD_Malaysia	549	primary	primary	alignment	eligible	35
SRR23343486	AD_Malaysia	549	primary	primary	alignment	low_base_quality	7
SRR23343486	AD_Malaysia	549	primary	primary	fragment	conflicting_mates	0
SRR23343486	AD_Malaysia	549	primary	primary	fragment	independent_eligible	35
SRR23343487	AD_Malaysia	549	primary	primary	alignment	duplicate	9
SRR23343487	AD_Malaysia	549	primary	primary	alignment	eligible	35
SRR23343487	AD_Malaysia	549	primary	primary	alignment	incomplete_codon	1
SRR23343487	AD_Malaysia	549	primary	primary	alignment	low_base_quality	4
SRR23343487	AD_Malaysia	549	primary	primary	fragment	conflicting_mates	0
SRR23343487	AD_Malaysia	549	primary	primary	fragment	independent_eligible	34
SRR23343488	AD_Malaysia	549	primary	primary	alignment	duplicate	3
SRR23343488	AD_Malaysia	549	primary	primary	alignment	eligible	27
SRR23343488	AD_Malaysia	549	primary	primary	alignment	low_base_quality	10
SRR23343488	AD_Malaysia	549	primary	primary	fragment	conflicting_mates	0
SRR23343488	AD_Malaysia	549	primary	primary	fragment	independent_eligible	27
SRR23343489	AD_Malaysia	549	primary	primary	alignment	duplicate	10
SRR23343489	AD_Malaysia	549	primary	primary	alignment	eligible	27
SRR23343489	AD_Malaysia	549	primary	primary	alignment	low_base_quality	12
SRR23343489	AD_Malaysia	549	primary	primary	fragment	conflicting_mates	0
SRR23343489	AD_Malaysia	549	primary	primary	fragment	independent_eligible	27
SRR23343490	AD_Malaysia	549	primary	primary	alignment	duplicate	6
SRR23343490	AD_Malaysia	549	primary	primary	alignment	eligible	26
SRR23343490	AD_Malaysia	549	primary	primary	alignment	incomplete_codon	2
SRR23343490	AD_Malaysia	549	primary	primary	alignment	low_base_quality	4
SRR23343490	AD_Malaysia	549	primary	primary	fragment	conflicting_mates	0
SRR23343490	AD_Malaysia	549	primary	primary	fragment	independent_eligible	26
SRR23343491	AD_Malaysia	549	primary	primary	alignment	duplicate	7
SRR23343491	AD_Malaysia	549	primary	primary	alignment	eligible	24
SRR23343491	AD_Malaysia	549	primary	primary	alignment	incomplete_codon	1
SRR23343491	AD_Malaysia	549	primary	primary	alignment	low_base_quality	7
SRR23343491	AD_Malaysia	549	primary	primary	fragment	conflicting_mates	0
SRR23343491	AD_Malaysia	549	primary	primary	fragment	independent_eligible	22
SRR23343492	AD_Malaysia	549	primary	primary	alignment	duplicate	5
SRR23343492	AD_Malaysia	549	primary	primary	alignment	eligible	17
SRR23343492	AD_Malaysia	549	primary	primary	alignment	incomplete_codon	1
SRR23343492	AD_Malaysia	549	primary	primary	alignment	low_base_quality	7
SRR23343492	AD_Malaysia	549	primary	primary	fragment	conflicting_mates	0
SRR23343492	AD_Malaysia	549	primary	primary	fragment	independent_eligible	17
SRR23343493	AD_Malaysia	549	primary	primary	alignment	duplicate	5
SRR23343493	AD_Malaysia	549	primary	primary	alignment	eligible	18
SRR23343493	AD_Malaysia	549	primary	primary	alignment	low_base_quality	4
SRR23343493	AD_Malaysia	549	primary	primary	fragment	conflicting_mates	0
SRR23343493	AD_Malaysia	549	primary	primary	fragment	independent_eligible	18
SRR23343494	AD_Malaysia	549	primary	primary	alignment	duplicate	11
SRR23343494	AD_Malaysia	549	primary	primary	alignment	eligible	29
SRR23343494	AD_Malaysia	549	primary	primary	alignment	incomplete_codon	1
SRR23343494	AD_Malaysia	549	primary	primary	alignment	low_base_quality	3
SRR23343494	AD_Malaysia	549	primary	primary	fragment	conflicting_mates	0
SRR23343494	AD_Malaysia	549	primary	primary	fragment	independent_eligible	29
SRR23343438	AD_Malaysia	717	secondary	primary	alignment	duplicate	9
SRR23343438	AD_Malaysia	717	secondary	primary	alignment	eligible	24
SRR23343438	AD_Malaysia	717	secondary	primary	alignment	incomplete_codon	3
SRR23343438	AD_Malaysia	717	secondary	primary	alignment	low_base_quality	26
SRR23343438	AD_Malaysia	717	secondary	primary	fragment	conflicting_mates	0
SRR23343438	AD_Malaysia	717	secondary	primary	fragment	independent_eligible	24
SRR23343439	AD_Malaysia	717	secondary	primary	alignment	duplicate	9
SRR23343439	AD_Malaysia	717	secondary	primary	alignment	eligible	25
SRR23343439	AD_Malaysia	717	secondary	primary	alignment	incomplete_codon	1
SRR23343439	AD_Malaysia	717	secondary	primary	alignment	low_base_quality	12
SRR23343439	AD_Malaysia	717	secondary	primary	fragment	conflicting_mates	0
SRR23343439	AD_Malaysia	717	secondary	primary	fragment	independent_eligible	25
SRR23343440	AD_Malaysia	717	secondary	primary	alignment	duplicate	4
SRR23343440	AD_Malaysia	717	secondary	primary	alignment	eligible	18
SRR23343440	AD_Malaysia	717	secondary	primary	alignment	low_base_quality	10
SRR23343440	AD_Malaysia	717	secondary	primary	fragment	conflicting_mates	0
SRR23343440	AD_Malaysia	717	secondary	primary	fragment	independent_eligible	18
SRR23343441	AD_Malaysia	717	secondary	primary	alignment	duplicate	4
SRR23343441	AD_Malaysia	717	secondary	primary	alignment	eligible	18
SRR23343441	AD_Malaysia	717	secondary	primary	alignment	incomplete_codon	1
SRR23343441	AD_Malaysia	717	secondary	primary	alignment	low_base_quality	18
SRR23343441	AD_Malaysia	717	secondary	primary	fragment	conflicting_mates	0
SRR23343441	AD_Malaysia	717	secondary	primary	fragment	independent_eligible	18
SRR23343442	AD_Malaysia	717	secondary	primary	alignment	duplicate	12
SRR23343442	AD_Malaysia	717	secondary	primary	alignment	eligible	43
SRR23343442	AD_Malaysia	717	secondary	primary	alignment	incomplete_codon	2
SRR23343442	AD_Malaysia	717	secondary	primary	alignment	low_base_quality	23
SRR23343442	AD_Malaysia	717	secondary	primary	fragment	conflicting_mates	0
SRR23343442	AD_Malaysia	717	secondary	primary	fragment	independent_eligible	42
SRR23343443	AD_Malaysia	717	secondary	primary	alignment	duplicate	10
SRR23343443	AD_Malaysia	717	secondary	primary	alignment	eligible	19
SRR23343443	AD_Malaysia	717	secondary	primary	alignment	low_base_quality	11
SRR23343443	AD_Malaysia	717	secondary	primary	fragment	conflicting_mates	0
SRR23343443	AD_Malaysia	717	secondary	primary	fragment	independent_eligible	19
SRR23343444	AD_Malaysia	717	secondary	primary	alignment	duplicate	7
SRR23343444	AD_Malaysia	717	secondary	primary	alignment	eligible	16
SRR23343444	AD_Malaysia	717	secondary	primary	alignment	incomplete_codon	1
SRR23343444	AD_Malaysia	717	secondary	primary	alignment	low_base_quality	7
SRR23343444	AD_Malaysia	717	secondary	primary	fragment	conflicting_mates	0
SRR23343444	AD_Malaysia	717	secondary	primary	fragment	independent_eligible	16
SRR23343445	AD_Malaysia	717	secondary	primary	alignment	duplicate	9
SRR23343445	AD_Malaysia	717	secondary	primary	alignment	eligible	31
SRR23343445	AD_Malaysia	717	secondary	primary	alignment	low_base_quality	8
SRR23343445	AD_Malaysia	717	secondary	primary	fragment	conflicting_mates	0
SRR23343445	AD_Malaysia	717	secondary	primary	fragment	independent_eligible	31
SRR23343446	AD_Malaysia	717	secondary	primary	alignment	duplicate	1
SRR23343446	AD_Malaysia	717	secondary	primary	alignment	eligible	16
SRR23343446	AD_Malaysia	717	secondary	primary	alignment	low_base_quality	8
SRR23343446	AD_Malaysia	717	secondary	primary	fragment	conflicting_mates	0
SRR23343446	AD_Malaysia	717	secondary	primary	fragment	independent_eligible	16
SRR23343447	AD_Malaysia	717	secondary	primary	alignment	duplicate	10
SRR23343447	AD_Malaysia	717	secondary	primary	alignment	eligible	26
SRR23343447	AD_Malaysia	717	secondary	primary	alignment	low_base_quality	3
SRR23343447	AD_Malaysia	717	secondary	primary	fragment	conflicting_mates	0
SRR23343447	AD_Malaysia	717	secondary	primary	fragment	independent_eligible	26
SRR23343448	AD_Malaysia	717	secondary	primary	alignment	duplicate	6
SRR23343448	AD_Malaysia	717	secondary	primary	alignment	eligible	12
SRR23343448	AD_Malaysia	717	secondary	primary	alignment	low_base_quality	6
SRR23343448	AD_Malaysia	717	secondary	primary	fragment	conflicting_mates	0
SRR23343448	AD_Malaysia	717	secondary	primary	fragment	independent_eligible	12
SRR23343449	AD_Malaysia	717	secondary	primary	alignment	duplicate	7
SRR23343449	AD_Malaysia	717	secondary	primary	alignment	eligible	13
SRR23343449	AD_Malaysia	717	secondary	primary	alignment	incomplete_codon	1
SRR23343449	AD_Malaysia	717	secondary	primary	alignment	low_base_quality	11
SRR23343449	AD_Malaysia	717	secondary	primary	fragment	conflicting_mates	0
SRR23343449	AD_Malaysia	717	secondary	primary	fragment	independent_eligible	13
SRR23343450	AD_Malaysia	717	secondary	primary	alignment	duplicate	5
SRR23343450	AD_Malaysia	717	secondary	primary	alignment	eligible	18
SRR23343450	AD_Malaysia	717	secondary	primary	alignment	low_base_quality	6
SRR23343450	AD_Malaysia	717	secondary	primary	fragment	conflicting_mates	0
SRR23343450	AD_Malaysia	717	secondary	primary	fragment	independent_eligible	18
SRR23343451	AD_Malaysia	717	secondary	primary	alignment	duplicate	2
SRR23343451	AD_Malaysia	717	secondary	primary	alignment	eligible	20
SRR23343451	AD_Malaysia	717	secondary	primary	alignment	incomplete_codon	1
SRR23343451	AD_Malaysia	717	secondary	primary	alignment	low_base_quality	5
SRR23343451	AD_Malaysia	717	secondary	primary	fragment	conflicting_mates	0
SRR23343451	AD_Malaysia	717	secondary	primary	fragment	independent_eligible	20
SRR23343452	AD_Malaysia	717	secondary	primary	alignment	duplicate	4
SRR23343452	AD_Malaysia	717	secondary	primary	alignment	eligible	27
SRR23343452	AD_Malaysia	717	secondary	primary	alignment	low_base_quality	14
SRR23343452	AD_Malaysia	717	secondary	primary	fragment	conflicting_mates	0
SRR23343452	AD_Malaysia	717	secondary	primary	fragment	independent_eligible	27
SRR23343453	AD_Malaysia	717	secondary	primary	alignment	duplicate	4
SRR23343453	AD_Malaysia	717	secondary	primary	alignment	eligible	17
SRR23343453	AD_Malaysia	717	secondary	primary	alignment	low_base_quality	8
SRR23343453	AD_Malaysia	717	secondary	primary	fragment	conflicting_mates	0
SRR23343453	AD_Malaysia	717	secondary	primary	fragment	independent_eligible	17
SRR23343454	AD_Malaysia	717	secondary	primary	alignment	duplicate	5
SRR23343454	AD_Malaysia	717	secondary	primary	alignment	eligible	23
SRR23343454	AD_Malaysia	717	secondary	primary	alignment	incomplete_codon	3
SRR23343454	AD_Malaysia	717	secondary	primary	alignment	low_base_quality	12
SRR23343454	AD_Malaysia	717	secondary	primary	fragment	conflicting_mates	0
SRR23343454	AD_Malaysia	717	secondary	primary	fragment	independent_eligible	23
SRR23343455	AD_Malaysia	717	secondary	primary	alignment	eligible	1
SRR23343455	AD_Malaysia	717	secondary	primary	fragment	conflicting_mates	0
SRR23343455	AD_Malaysia	717	secondary	primary	fragment	independent_eligible	1
SRR23343456	AD_Malaysia	717	secondary	primary	alignment	duplicate	4
SRR23343456	AD_Malaysia	717	secondary	primary	alignment	eligible	20
SRR23343456	AD_Malaysia	717	secondary	primary	alignment	low_base_quality	13
SRR23343456	AD_Malaysia	717	secondary	primary	fragment	conflicting_mates	0
SRR23343456	AD_Malaysia	717	secondary	primary	fragment	independent_eligible	20
SRR23343457	AD_Malaysia	717	secondary	primary	alignment	duplicate	1
SRR23343457	AD_Malaysia	717	secondary	primary	alignment	eligible	17
SRR23343457	AD_Malaysia	717	secondary	primary	alignment	low_base_quality	8
SRR23343457	AD_Malaysia	717	secondary	primary	fragment	conflicting_mates	0
SRR23343457	AD_Malaysia	717	secondary	primary	fragment	independent_eligible	17
SRR23343458	AD_Malaysia	717	secondary	primary	alignment	duplicate	7
SRR23343458	AD_Malaysia	717	secondary	primary	alignment	eligible	23
SRR23343458	AD_Malaysia	717	secondary	primary	alignment	low_base_quality	11
SRR23343458	AD_Malaysia	717	secondary	primary	fragment	conflicting_mates	0
SRR23343458	AD_Malaysia	717	secondary	primary	fragment	independent_eligible	23
SRR23343459	AD_Malaysia	717	secondary	primary	alignment	duplicate	2
SRR23343459	AD_Malaysia	717	secondary	primary	alignment	eligible	10
SRR23343459	AD_Malaysia	717	secondary	primary	alignment	low_base_quality	2
SRR23343459	AD_Malaysia	717	secondary	primary	fragment	conflicting_mates	0
SRR23343459	AD_Malaysia	717	secondary	primary	fragment	independent_eligible	10
SRR23343460	AD_Malaysia	717	secondary	primary	alignment	duplicate	6
SRR23343460	AD_Malaysia	717	secondary	primary	alignment	eligible	19
SRR23343460	AD_Malaysia	717	secondary	primary	alignment	incomplete_codon	1
SRR23343460	AD_Malaysia	717	secondary	primary	alignment	low_base_quality	10
SRR23343460	AD_Malaysia	717	secondary	primary	fragment	conflicting_mates	0
SRR23343460	AD_Malaysia	717	secondary	primary	fragment	independent_eligible	19
SRR23343461	AD_Malaysia	717	secondary	primary	alignment	duplicate	1
SRR23343461	AD_Malaysia	717	secondary	primary	alignment	eligible	16
SRR23343461	AD_Malaysia	717	secondary	primary	alignment	low_base_quality	9
SRR23343461	AD_Malaysia	717	secondary	primary	fragment	conflicting_mates	0
SRR23343461	AD_Malaysia	717	secondary	primary	fragment	independent_eligible	16
SRR23343462	AD_Malaysia	717	secondary	primary	alignment	duplicate	11
SRR23343462	AD_Malaysia	717	secondary	primary	alignment	eligible	39
SRR23343462	AD_Malaysia	717	secondary	primary	alignment	incomplete_codon	1
SRR23343462	AD_Malaysia	717	secondary	primary	alignment	low_base_quality	10
SRR23343462	AD_Malaysia	717	secondary	primary	fragment	conflicting_mates	0
SRR23343462	AD_Malaysia	717	secondary	primary	fragment	independent_eligible	39
SRR23343463	AD_Malaysia	717	secondary	primary	alignment	duplicate	7
SRR23343463	AD_Malaysia	717	secondary	primary	alignment	eligible	12
SRR23343463	AD_Malaysia	717	secondary	primary	alignment	incomplete_codon	1
SRR23343463	AD_Malaysia	717	secondary	primary	alignment	low_base_quality	11
SRR23343463	AD_Malaysia	717	secondary	primary	fragment	conflicting_mates	0
SRR23343463	AD_Malaysia	717	secondary	primary	fragment	independent_eligible	12
SRR23343464	AD_Malaysia	717	secondary	primary	alignment	duplicate	7
SRR23343464	AD_Malaysia	717	secondary	primary	alignment	eligible	17
SRR23343464	AD_Malaysia	717	secondary	primary	alignment	low_base_quality	5
SRR23343464	AD_Malaysia	717	secondary	primary	fragment	conflicting_mates	0
SRR23343464	AD_Malaysia	717	secondary	primary	fragment	independent_eligible	17
SRR23343465	AD_Malaysia	717	secondary	primary	alignment	duplicate	6
SRR23343465	AD_Malaysia	717	secondary	primary	alignment	eligible	17
SRR23343465	AD_Malaysia	717	secondary	primary	alignment	incomplete_codon	2
SRR23343465	AD_Malaysia	717	secondary	primary	alignment	low_base_quality	8
SRR23343465	AD_Malaysia	717	secondary	primary	fragment	conflicting_mates	0
SRR23343465	AD_Malaysia	717	secondary	primary	fragment	independent_eligible	17
SRR23343466	AD_Malaysia	717	secondary	primary	alignment	duplicate	8
SRR23343466	AD_Malaysia	717	secondary	primary	alignment	eligible	17
SRR23343466	AD_Malaysia	717	secondary	primary	alignment	low_base_quality	12
SRR23343466	AD_Malaysia	717	secondary	primary	fragment	conflicting_mates	0
SRR23343466	AD_Malaysia	717	secondary	primary	fragment	independent_eligible	17
SRR23343467	AD_Malaysia	717	secondary	primary	alignment	duplicate	3
SRR23343467	AD_Malaysia	717	secondary	primary	alignment	eligible	18
SRR23343467	AD_Malaysia	717	secondary	primary	alignment	low_base_quality	7
SRR23343467	AD_Malaysia	717	secondary	primary	fragment	conflicting_mates	0
SRR23343467	AD_Malaysia	717	secondary	primary	fragment	independent_eligible	18
SRR23343468	AD_Malaysia	717	secondary	primary	alignment	duplicate	8
SRR23343468	AD_Malaysia	717	secondary	primary	alignment	eligible	19
SRR23343468	AD_Malaysia	717	secondary	primary	alignment	incomplete_codon	2
SRR23343468	AD_Malaysia	717	secondary	primary	alignment	low_base_quality	12
SRR23343468	AD_Malaysia	717	secondary	primary	fragment	conflicting_mates	0
SRR23343468	AD_Malaysia	717	secondary	primary	fragment	independent_eligible	19
SRR23343469	AD_Malaysia	717	secondary	primary	alignment	duplicate	3
SRR23343469	AD_Malaysia	717	secondary	primary	alignment	eligible	17
SRR23343469	AD_Malaysia	717	secondary	primary	alignment	incomplete_codon	2
SRR23343469	AD_Malaysia	717	secondary	primary	alignment	low_base_quality	7
SRR23343469	AD_Malaysia	717	secondary	primary	fragment	conflicting_mates	0
SRR23343469	AD_Malaysia	717	secondary	primary	fragment	independent_eligible	17
SRR23343470	AD_Malaysia	717	secondary	primary	alignment	duplicate	2
SRR23343470	AD_Malaysia	717	secondary	primary	alignment	eligible	14
SRR23343470	AD_Malaysia	717	secondary	primary	alignment	low_base_quality	9
SRR23343470	AD_Malaysia	717	secondary	primary	fragment	conflicting_mates	0
SRR23343470	AD_Malaysia	717	secondary	primary	fragment	independent_eligible	14
SRR23343471	AD_Malaysia	717	secondary	primary	alignment	duplicate	6
SRR23343471	AD_Malaysia	717	secondary	primary	alignment	eligible	16
SRR23343471	AD_Malaysia	717	secondary	primary	alignment	incomplete_codon	2
SRR23343471	AD_Malaysia	717	secondary	primary	alignment	low_base_quality	9
SRR23343471	AD_Malaysia	717	secondary	primary	fragment	conflicting_mates	0
SRR23343471	AD_Malaysia	717	secondary	primary	fragment	independent_eligible	16
SRR23343472	AD_Malaysia	717	secondary	primary	alignment	duplicate	5
SRR23343472	AD_Malaysia	717	secondary	primary	alignment	eligible	26
SRR23343472	AD_Malaysia	717	secondary	primary	alignment	incomplete_codon	1
SRR23343472	AD_Malaysia	717	secondary	primary	alignment	low_base_quality	7
SRR23343472	AD_Malaysia	717	secondary	primary	fragment	conflicting_mates	0
SRR23343472	AD_Malaysia	717	secondary	primary	fragment	independent_eligible	26
SRR23343473	AD_Malaysia	717	secondary	primary	alignment	duplicate	7
SRR23343473	AD_Malaysia	717	secondary	primary	alignment	eligible	42
SRR23343473	AD_Malaysia	717	secondary	primary	alignment	incomplete_codon	2
SRR23343473	AD_Malaysia	717	secondary	primary	alignment	low_base_quality	19
SRR23343473	AD_Malaysia	717	secondary	primary	fragment	conflicting_mates	0
SRR23343473	AD_Malaysia	717	secondary	primary	fragment	independent_eligible	42
SRR23343474	AD_Malaysia	717	secondary	primary	alignment	duplicate	6
SRR23343474	AD_Malaysia	717	secondary	primary	alignment	eligible	17
SRR23343474	AD_Malaysia	717	secondary	primary	alignment	incomplete_codon	3
SRR23343474	AD_Malaysia	717	secondary	primary	alignment	low_base_quality	9
SRR23343474	AD_Malaysia	717	secondary	primary	fragment	conflicting_mates	0
SRR23343474	AD_Malaysia	717	secondary	primary	fragment	independent_eligible	17
SRR23343475	AD_Malaysia	717	secondary	primary	alignment	duplicate	11
SRR23343475	AD_Malaysia	717	secondary	primary	alignment	eligible	31
SRR23343475	AD_Malaysia	717	secondary	primary	alignment	low_base_quality	8
SRR23343475	AD_Malaysia	717	secondary	primary	fragment	conflicting_mates	0
SRR23343475	AD_Malaysia	717	secondary	primary	fragment	independent_eligible	31
SRR23343476	AD_Malaysia	717	secondary	primary	alignment	duplicate	7
SRR23343476	AD_Malaysia	717	secondary	primary	alignment	eligible	10
SRR23343476	AD_Malaysia	717	secondary	primary	alignment	incomplete_codon	1
SRR23343476	AD_Malaysia	717	secondary	primary	alignment	low_base_quality	7
SRR23343476	AD_Malaysia	717	secondary	primary	alignment	nonprimary_alignment	3
SRR23343476	AD_Malaysia	717	secondary	primary	fragment	conflicting_mates	0
SRR23343476	AD_Malaysia	717	secondary	primary	fragment	independent_eligible	10
SRR23343477	AD_Malaysia	717	secondary	primary	alignment	duplicate	8
SRR23343477	AD_Malaysia	717	secondary	primary	alignment	eligible	28
SRR23343477	AD_Malaysia	717	secondary	primary	alignment	incomplete_codon	1
SRR23343477	AD_Malaysia	717	secondary	primary	alignment	low_base_quality	13
SRR23343477	AD_Malaysia	717	secondary	primary	fragment	conflicting_mates	0
SRR23343477	AD_Malaysia	717	secondary	primary	fragment	independent_eligible	28
SRR23343478	AD_Malaysia	717	secondary	primary	alignment	duplicate	14
SRR23343478	AD_Malaysia	717	secondary	primary	alignment	eligible	25
SRR23343478	AD_Malaysia	717	secondary	primary	alignment	incomplete_codon	2
SRR23343478	AD_Malaysia	717	secondary	primary	alignment	low_base_quality	14
SRR23343478	AD_Malaysia	717	secondary	primary	fragment	conflicting_mates	0
SRR23343478	AD_Malaysia	717	secondary	primary	fragment	independent_eligible	25
SRR23343479	AD_Malaysia	717	secondary	primary	alignment	duplicate	9
SRR23343479	AD_Malaysia	717	secondary	primary	alignment	eligible	25
SRR23343479	AD_Malaysia	717	secondary	primary	alignment	low_base_quality	9
SRR23343479	AD_Malaysia	717	secondary	primary	fragment	conflicting_mates	0
SRR23343479	AD_Malaysia	717	secondary	primary	fragment	independent_eligible	25
SRR23343480	AD_Malaysia	717	secondary	primary	alignment	duplicate	3
SRR23343480	AD_Malaysia	717	secondary	primary	alignment	eligible	26
SRR23343480	AD_Malaysia	717	secondary	primary	alignment	low_base_quality	7
SRR23343480	AD_Malaysia	717	secondary	primary	fragment	conflicting_mates	0
SRR23343480	AD_Malaysia	717	secondary	primary	fragment	independent_eligible	26
SRR23343481	AD_Malaysia	717	secondary	primary	alignment	duplicate	4
SRR23343481	AD_Malaysia	717	secondary	primary	alignment	eligible	26
SRR23343481	AD_Malaysia	717	secondary	primary	alignment	low_base_quality	7
SRR23343481	AD_Malaysia	717	secondary	primary	fragment	conflicting_mates	0
SRR23343481	AD_Malaysia	717	secondary	primary	fragment	independent_eligible	26
SRR23343482	AD_Malaysia	717	secondary	primary	alignment	duplicate	11
SRR23343482	AD_Malaysia	717	secondary	primary	alignment	eligible	22
SRR23343482	AD_Malaysia	717	secondary	primary	alignment	incomplete_codon	2
SRR23343482	AD_Malaysia	717	secondary	primary	alignment	low_base_quality	11
SRR23343482	AD_Malaysia	717	secondary	primary	fragment	conflicting_mates	0
SRR23343482	AD_Malaysia	717	secondary	primary	fragment	independent_eligible	22
SRR23343483	AD_Malaysia	717	secondary	primary	alignment	duplicate	2
SRR23343483	AD_Malaysia	717	secondary	primary	alignment	eligible	29
SRR23343483	AD_Malaysia	717	secondary	primary	alignment	incomplete_codon	1
SRR23343483	AD_Malaysia	717	secondary	primary	alignment	low_base_quality	16
SRR23343483	AD_Malaysia	717	secondary	primary	fragment	conflicting_mates	0
SRR23343483	AD_Malaysia	717	secondary	primary	fragment	independent_eligible	28
SRR23343484	AD_Malaysia	717	secondary	primary	alignment	duplicate	7
SRR23343484	AD_Malaysia	717	secondary	primary	alignment	eligible	14
SRR23343484	AD_Malaysia	717	secondary	primary	alignment	low_base_quality	4
SRR23343484	AD_Malaysia	717	secondary	primary	fragment	conflicting_mates	0
SRR23343484	AD_Malaysia	717	secondary	primary	fragment	independent_eligible	14
SRR23343485	AD_Malaysia	717	secondary	primary	alignment	duplicate	3
SRR23343485	AD_Malaysia	717	secondary	primary	alignment	eligible	27
SRR23343485	AD_Malaysia	717	secondary	primary	alignment	low_base_quality	8
SRR23343485	AD_Malaysia	717	secondary	primary	fragment	conflicting_mates	0
SRR23343485	AD_Malaysia	717	secondary	primary	fragment	independent_eligible	27
SRR23343486	AD_Malaysia	717	secondary	primary	alignment	duplicate	6
SRR23343486	AD_Malaysia	717	secondary	primary	alignment	eligible	25
SRR23343486	AD_Malaysia	717	secondary	primary	alignment	incomplete_codon	1
SRR23343486	AD_Malaysia	717	secondary	primary	alignment	low_base_quality	11
SRR23343486	AD_Malaysia	717	secondary	primary	fragment	conflicting_mates	0
SRR23343486	AD_Malaysia	717	secondary	primary	fragment	independent_eligible	25
SRR23343487	AD_Malaysia	717	secondary	primary	alignment	duplicate	2
SRR23343487	AD_Malaysia	717	secondary	primary	alignment	eligible	23
SRR23343487	AD_Malaysia	717	secondary	primary	alignment	incomplete_codon	1
SRR23343487	AD_Malaysia	717	secondary	primary	alignment	low_base_quality	10
SRR23343487	AD_Malaysia	717	secondary	primary	fragment	conflicting_mates	0
SRR23343487	AD_Malaysia	717	secondary	primary	fragment	independent_eligible	23
SRR23343488	AD_Malaysia	717	secondary	primary	alignment	duplicate	3
SRR23343488	AD_Malaysia	717	secondary	primary	alignment	eligible	24
SRR23343488	AD_Malaysia	717	secondary	primary	alignment	low_base_quality	9
SRR23343488	AD_Malaysia	717	secondary	primary	fragment	conflicting_mates	0
SRR23343488	AD_Malaysia	717	secondary	primary	fragment	independent_eligible	24
SRR23343489	AD_Malaysia	717	secondary	primary	alignment	duplicate	5
SRR23343489	AD_Malaysia	717	secondary	primary	alignment	eligible	20
SRR23343489	AD_Malaysia	717	secondary	primary	alignment	incomplete_codon	2
SRR23343489	AD_Malaysia	717	secondary	primary	alignment	low_base_quality	11
SRR23343489	AD_Malaysia	717	secondary	primary	fragment	conflicting_mates	0
SRR23343489	AD_Malaysia	717	secondary	primary	fragment	independent_eligible	20
SRR23343490	AD_Malaysia	717	secondary	primary	alignment	duplicate	2
SRR23343490	AD_Malaysia	717	secondary	primary	alignment	eligible	13
SRR23343490	AD_Malaysia	717	secondary	primary	alignment	low_base_quality	7
SRR23343490	AD_Malaysia	717	secondary	primary	fragment	conflicting_mates	0
SRR23343490	AD_Malaysia	717	secondary	primary	fragment	independent_eligible	13
SRR23343491	AD_Malaysia	717	secondary	primary	alignment	duplicate	4
SRR23343491	AD_Malaysia	717	secondary	primary	alignment	eligible	19
SRR23343491	AD_Malaysia	717	secondary	primary	alignment	low_base_quality	12
SRR23343491	AD_Malaysia	717	secondary	primary	fragment	conflicting_mates	0
SRR23343491	AD_Malaysia	717	secondary	primary	fragment	independent_eligible	19
SRR23343492	AD_Malaysia	717	secondary	primary	alignment	eligible	25
SRR23343492	AD_Malaysia	717	secondary	primary	alignment	incomplete_codon	2
SRR23343492	AD_Malaysia	717	secondary	primary	alignment	low_base_quality	14
SRR23343492	AD_Malaysia	717	secondary	primary	fragment	conflicting_mates	0
SRR23343492	AD_Malaysia	717	secondary	primary	fragment	independent_eligible	25
SRR23343493	AD_Malaysia	717	secondary	primary	alignment	duplicate	8
SRR23343493	AD_Malaysia	717	secondary	primary	alignment	eligible	23
SRR23343493	AD_Malaysia	717	secondary	primary	alignment	low_base_quality	3
SRR23343493	AD_Malaysia	717	secondary	primary	fragment	conflicting_mates	0
SRR23343493	AD_Malaysia	717	secondary	primary	fragment	independent_eligible	22
SRR23343494	AD_Malaysia	717	secondary	primary	alignment	duplicate	9
SRR23343494	AD_Malaysia	717	secondary	primary	alignment	eligible	24
SRR23343494	AD_Malaysia	717	secondary	primary	alignment	incomplete_codon	2
SRR23343494	AD_Malaysia	717	secondary	primary	alignment	low_base_quality	10
SRR23343494	AD_Malaysia	717	secondary	primary	fragment	conflicting_mates	0
SRR23343494	AD_Malaysia	717	secondary	primary	fragment	independent_eligible	24
SRR23343438	AD_Malaysia	727	secondary	primary	alignment	duplicate	11
SRR23343438	AD_Malaysia	727	secondary	primary	alignment	eligible	39
SRR23343438	AD_Malaysia	727	secondary	primary	alignment	incomplete_codon	2
SRR23343438	AD_Malaysia	727	secondary	primary	alignment	low_base_quality	24
SRR23343438	AD_Malaysia	727	secondary	primary	fragment	conflicting_mates	0
SRR23343438	AD_Malaysia	727	secondary	primary	fragment	independent_eligible	39
SRR23343439	AD_Malaysia	727	secondary	primary	alignment	duplicate	3
SRR23343439	AD_Malaysia	727	secondary	primary	alignment	eligible	29
SRR23343439	AD_Malaysia	727	secondary	primary	alignment	incomplete_codon	3
SRR23343439	AD_Malaysia	727	secondary	primary	alignment	low_base_quality	7
SRR23343439	AD_Malaysia	727	secondary	primary	fragment	conflicting_mates	0
SRR23343439	AD_Malaysia	727	secondary	primary	fragment	independent_eligible	29
SRR23343440	AD_Malaysia	727	secondary	primary	alignment	duplicate	11
SRR23343440	AD_Malaysia	727	secondary	primary	alignment	eligible	27
SRR23343440	AD_Malaysia	727	secondary	primary	alignment	low_base_quality	9
SRR23343440	AD_Malaysia	727	secondary	primary	fragment	conflicting_mates	0
SRR23343440	AD_Malaysia	727	secondary	primary	fragment	independent_eligible	27
SRR23343441	AD_Malaysia	727	secondary	primary	alignment	duplicate	6
SRR23343441	AD_Malaysia	727	secondary	primary	alignment	eligible	24
SRR23343441	AD_Malaysia	727	secondary	primary	alignment	incomplete_codon	2
SRR23343441	AD_Malaysia	727	secondary	primary	alignment	low_base_quality	8
SRR23343441	AD_Malaysia	727	secondary	primary	fragment	conflicting_mates	0
SRR23343441	AD_Malaysia	727	secondary	primary	fragment	independent_eligible	24
SRR23343442	AD_Malaysia	727	secondary	primary	alignment	duplicate	12
SRR23343442	AD_Malaysia	727	secondary	primary	alignment	eligible	29
SRR23343442	AD_Malaysia	727	secondary	primary	alignment	incomplete_codon	1
SRR23343442	AD_Malaysia	727	secondary	primary	alignment	low_base_quality	23
SRR23343442	AD_Malaysia	727	secondary	primary	fragment	conflicting_mates	0
SRR23343442	AD_Malaysia	727	secondary	primary	fragment	independent_eligible	29
SRR23343443	AD_Malaysia	727	secondary	primary	alignment	duplicate	7
SRR23343443	AD_Malaysia	727	secondary	primary	alignment	eligible	14
SRR23343443	AD_Malaysia	727	secondary	primary	alignment	incomplete_codon	1
SRR23343443	AD_Malaysia	727	secondary	primary	alignment	low_base_quality	13
SRR23343443	AD_Malaysia	727	secondary	primary	fragment	conflicting_mates	0
SRR23343443	AD_Malaysia	727	secondary	primary	fragment	independent_eligible	14
SRR23343444	AD_Malaysia	727	secondary	primary	alignment	duplicate	8
SRR23343444	AD_Malaysia	727	secondary	primary	alignment	eligible	22
SRR23343444	AD_Malaysia	727	secondary	primary	alignment	low_base_quality	5
SRR23343444	AD_Malaysia	727	secondary	primary	fragment	conflicting_mates	0
SRR23343444	AD_Malaysia	727	secondary	primary	fragment	independent_eligible	22
SRR23343445	AD_Malaysia	727	secondary	primary	alignment	duplicate	6
SRR23343445	AD_Malaysia	727	secondary	primary	alignment	eligible	35
SRR23343445	AD_Malaysia	727	secondary	primary	alignment	incomplete_codon	1
SRR23343445	AD_Malaysia	727	secondary	primary	alignment	low_base_quality	8
SRR23343445	AD_Malaysia	727	secondary	primary	fragment	conflicting_mates	0
SRR23343445	AD_Malaysia	727	secondary	primary	fragment	independent_eligible	34
SRR23343446	AD_Malaysia	727	secondary	primary	alignment	duplicate	7
SRR23343446	AD_Malaysia	727	secondary	primary	alignment	eligible	25
SRR23343446	AD_Malaysia	727	secondary	primary	alignment	incomplete_codon	2
SRR23343446	AD_Malaysia	727	secondary	primary	alignment	low_base_quality	9
SRR23343446	AD_Malaysia	727	secondary	primary	fragment	conflicting_mates	0
SRR23343446	AD_Malaysia	727	secondary	primary	fragment	independent_eligible	25
SRR23343447	AD_Malaysia	727	secondary	primary	alignment	duplicate	5
SRR23343447	AD_Malaysia	727	secondary	primary	alignment	eligible	28
SRR23343447	AD_Malaysia	727	secondary	primary	alignment	incomplete_codon	3
SRR23343447	AD_Malaysia	727	secondary	primary	alignment	low_base_quality	14
SRR23343447	AD_Malaysia	727	secondary	primary	fragment	conflicting_mates	0
SRR23343447	AD_Malaysia	727	secondary	primary	fragment	independent_eligible	26
SRR23343448	AD_Malaysia	727	secondary	primary	alignment	duplicate	9
SRR23343448	AD_Malaysia	727	secondary	primary	alignment	eligible	20
SRR23343448	AD_Malaysia	727	secondary	primary	alignment	low_base_quality	10
SRR23343448	AD_Malaysia	727	secondary	primary	fragment	conflicting_mates	0
SRR23343448	AD_Malaysia	727	secondary	primary	fragment	independent_eligible	20
SRR23343449	AD_Malaysia	727	secondary	primary	alignment	duplicate	6
SRR23343449	AD_Malaysia	727	secondary	primary	alignment	eligible	23
SRR23343449	AD_Malaysia	727	secondary	primary	alignment	low_base_quality	7
SRR23343449	AD_Malaysia	727	secondary	primary	fragment	conflicting_mates	0
SRR23343449	AD_Malaysia	727	secondary	primary	fragment	independent_eligible	23
SRR23343450	AD_Malaysia	727	secondary	primary	alignment	duplicate	4
SRR23343450	AD_Malaysia	727	secondary	primary	alignment	eligible	25
SRR23343450	AD_Malaysia	727	secondary	primary	alignment	low_base_quality	6
SRR23343450	AD_Malaysia	727	secondary	primary	fragment	conflicting_mates	0
SRR23343450	AD_Malaysia	727	secondary	primary	fragment	independent_eligible	24
SRR23343451	AD_Malaysia	727	secondary	primary	alignment	duplicate	3
SRR23343451	AD_Malaysia	727	secondary	primary	alignment	eligible	25
SRR23343451	AD_Malaysia	727	secondary	primary	alignment	incomplete_codon	1
SRR23343451	AD_Malaysia	727	secondary	primary	alignment	low_base_quality	5
SRR23343451	AD_Malaysia	727	secondary	primary	fragment	conflicting_mates	0
SRR23343451	AD_Malaysia	727	secondary	primary	fragment	independent_eligible	24
SRR23343452	AD_Malaysia	727	secondary	primary	alignment	duplicate	10
SRR23343452	AD_Malaysia	727	secondary	primary	alignment	eligible	40
SRR23343452	AD_Malaysia	727	secondary	primary	alignment	incomplete_codon	3
SRR23343452	AD_Malaysia	727	secondary	primary	alignment	low_base_quality	6
SRR23343452	AD_Malaysia	727	secondary	primary	fragment	conflicting_mates	0
SRR23343452	AD_Malaysia	727	secondary	primary	fragment	independent_eligible	39
SRR23343453	AD_Malaysia	727	secondary	primary	alignment	duplicate	3
SRR23343453	AD_Malaysia	727	secondary	primary	alignment	eligible	8
SRR23343453	AD_Malaysia	727	secondary	primary	alignment	low_base_quality	5
SRR23343453	AD_Malaysia	727	secondary	primary	fragment	conflicting_mates	0
SRR23343453	AD_Malaysia	727	secondary	primary	fragment	independent_eligible	8
SRR23343454	AD_Malaysia	727	secondary	primary	alignment	duplicate	4
SRR23343454	AD_Malaysia	727	secondary	primary	alignment	eligible	18
SRR23343454	AD_Malaysia	727	secondary	primary	alignment	incomplete_codon	1
SRR23343454	AD_Malaysia	727	secondary	primary	alignment	low_base_quality	6
SRR23343454	AD_Malaysia	727	secondary	primary	fragment	conflicting_mates	0
SRR23343454	AD_Malaysia	727	secondary	primary	fragment	independent_eligible	18
SRR23343455	AD_Malaysia	727	secondary	primary	alignment	duplicate	1
SRR23343455	AD_Malaysia	727	secondary	primary	alignment	eligible	5
SRR23343455	AD_Malaysia	727	secondary	primary	fragment	conflicting_mates	0
SRR23343455	AD_Malaysia	727	secondary	primary	fragment	independent_eligible	5
SRR23343456	AD_Malaysia	727	secondary	primary	alignment	duplicate	7
SRR23343456	AD_Malaysia	727	secondary	primary	alignment	eligible	22
SRR23343456	AD_Malaysia	727	secondary	primary	alignment	low_base_quality	14
SRR23343456	AD_Malaysia	727	secondary	primary	fragment	conflicting_mates	0
SRR23343456	AD_Malaysia	727	secondary	primary	fragment	independent_eligible	22
SRR23343457	AD_Malaysia	727	secondary	primary	alignment	duplicate	5
SRR23343457	AD_Malaysia	727	secondary	primary	alignment	eligible	27
SRR23343457	AD_Malaysia	727	secondary	primary	alignment	low_base_quality	11
SRR23343457	AD_Malaysia	727	secondary	primary	fragment	conflicting_mates	0
SRR23343457	AD_Malaysia	727	secondary	primary	fragment	independent_eligible	27
SRR23343458	AD_Malaysia	727	secondary	primary	alignment	duplicate	5
SRR23343458	AD_Malaysia	727	secondary	primary	alignment	eligible	25
SRR23343458	AD_Malaysia	727	secondary	primary	alignment	incomplete_codon	1
SRR23343458	AD_Malaysia	727	secondary	primary	alignment	low_base_quality	10
SRR23343458	AD_Malaysia	727	secondary	primary	fragment	conflicting_mates	0
SRR23343458	AD_Malaysia	727	secondary	primary	fragment	independent_eligible	25
SRR23343459	AD_Malaysia	727	secondary	primary	alignment	duplicate	1
SRR23343459	AD_Malaysia	727	secondary	primary	alignment	eligible	18
SRR23343459	AD_Malaysia	727	secondary	primary	alignment	incomplete_codon	2
SRR23343459	AD_Malaysia	727	secondary	primary	alignment	low_base_quality	15
SRR23343459	AD_Malaysia	727	secondary	primary	fragment	conflicting_mates	0
SRR23343459	AD_Malaysia	727	secondary	primary	fragment	independent_eligible	18
SRR23343460	AD_Malaysia	727	secondary	primary	alignment	duplicate	4
SRR23343460	AD_Malaysia	727	secondary	primary	alignment	eligible	23
SRR23343460	AD_Malaysia	727	secondary	primary	alignment	incomplete_codon	1
SRR23343460	AD_Malaysia	727	secondary	primary	alignment	low_base_quality	5
SRR23343460	AD_Malaysia	727	secondary	primary	fragment	conflicting_mates	0
SRR23343460	AD_Malaysia	727	secondary	primary	fragment	independent_eligible	22
SRR23343461	AD_Malaysia	727	secondary	primary	alignment	duplicate	5
SRR23343461	AD_Malaysia	727	secondary	primary	alignment	eligible	31
SRR23343461	AD_Malaysia	727	secondary	primary	alignment	low_base_quality	9
SRR23343461	AD_Malaysia	727	secondary	primary	fragment	conflicting_mates	0
SRR23343461	AD_Malaysia	727	secondary	primary	fragment	independent_eligible	31
SRR23343462	AD_Malaysia	727	secondary	primary	alignment	duplicate	11
SRR23343462	AD_Malaysia	727	secondary	primary	alignment	eligible	34
SRR23343462	AD_Malaysia	727	secondary	primary	alignment	incomplete_codon	2
SRR23343462	AD_Malaysia	727	secondary	primary	alignment	low_base_quality	13
SRR23343462	AD_Malaysia	727	secondary	primary	fragment	conflicting_mates	0
SRR23343462	AD_Malaysia	727	secondary	primary	fragment	independent_eligible	34
SRR23343463	AD_Malaysia	727	secondary	primary	alignment	duplicate	8
SRR23343463	AD_Malaysia	727	secondary	primary	alignment	eligible	26
SRR23343463	AD_Malaysia	727	secondary	primary	alignment	incomplete_codon	1
SRR23343463	AD_Malaysia	727	secondary	primary	alignment	low_base_quality	10
SRR23343463	AD_Malaysia	727	secondary	primary	fragment	conflicting_mates	0
SRR23343463	AD_Malaysia	727	secondary	primary	fragment	independent_eligible	26
SRR23343464	AD_Malaysia	727	secondary	primary	alignment	duplicate	5
SRR23343464	AD_Malaysia	727	secondary	primary	alignment	eligible	29
SRR23343464	AD_Malaysia	727	secondary	primary	alignment	incomplete_codon	2
SRR23343464	AD_Malaysia	727	secondary	primary	alignment	low_base_quality	9
SRR23343464	AD_Malaysia	727	secondary	primary	fragment	conflicting_mates	0
SRR23343464	AD_Malaysia	727	secondary	primary	fragment	independent_eligible	29
SRR23343465	AD_Malaysia	727	secondary	primary	alignment	duplicate	7
SRR23343465	AD_Malaysia	727	secondary	primary	alignment	eligible	19
SRR23343465	AD_Malaysia	727	secondary	primary	alignment	incomplete_codon	3
SRR23343465	AD_Malaysia	727	secondary	primary	alignment	low_base_quality	7
SRR23343465	AD_Malaysia	727	secondary	primary	fragment	conflicting_mates	0
SRR23343465	AD_Malaysia	727	secondary	primary	fragment	independent_eligible	19
SRR23343466	AD_Malaysia	727	secondary	primary	alignment	duplicate	4
SRR23343466	AD_Malaysia	727	secondary	primary	alignment	eligible	17
SRR23343466	AD_Malaysia	727	secondary	primary	alignment	low_base_quality	6
SRR23343466	AD_Malaysia	727	secondary	primary	fragment	conflicting_mates	0
SRR23343466	AD_Malaysia	727	secondary	primary	fragment	independent_eligible	17
SRR23343467	AD_Malaysia	727	secondary	primary	alignment	duplicate	6
SRR23343467	AD_Malaysia	727	secondary	primary	alignment	eligible	17
SRR23343467	AD_Malaysia	727	secondary	primary	alignment	low_base_quality	11
SRR23343467	AD_Malaysia	727	secondary	primary	fragment	conflicting_mates	0
SRR23343467	AD_Malaysia	727	secondary	primary	fragment	independent_eligible	17
SRR23343468	AD_Malaysia	727	secondary	primary	alignment	duplicate	17
SRR23343468	AD_Malaysia	727	secondary	primary	alignment	eligible	22
SRR23343468	AD_Malaysia	727	secondary	primary	alignment	incomplete_codon	1
SRR23343468	AD_Malaysia	727	secondary	primary	alignment	low_base_quality	13
SRR23343468	AD_Malaysia	727	secondary	primary	fragment	conflicting_mates	0
SRR23343468	AD_Malaysia	727	secondary	primary	fragment	independent_eligible	22
SRR23343469	AD_Malaysia	727	secondary	primary	alignment	duplicate	4
SRR23343469	AD_Malaysia	727	secondary	primary	alignment	eligible	27
SRR23343469	AD_Malaysia	727	secondary	primary	alignment	incomplete_codon	1
SRR23343469	AD_Malaysia	727	secondary	primary	alignment	low_base_quality	6
SRR23343469	AD_Malaysia	727	secondary	primary	fragment	conflicting_mates	0
SRR23343469	AD_Malaysia	727	secondary	primary	fragment	independent_eligible	27
SRR23343470	AD_Malaysia	727	secondary	primary	alignment	duplicate	3
SRR23343470	AD_Malaysia	727	secondary	primary	alignment	eligible	19
SRR23343470	AD_Malaysia	727	secondary	primary	alignment	incomplete_codon	1
SRR23343470	AD_Malaysia	727	secondary	primary	alignment	low_base_quality	7
SRR23343470	AD_Malaysia	727	secondary	primary	fragment	conflicting_mates	0
SRR23343470	AD_Malaysia	727	secondary	primary	fragment	independent_eligible	19
SRR23343471	AD_Malaysia	727	secondary	primary	alignment	duplicate	8
SRR23343471	AD_Malaysia	727	secondary	primary	alignment	eligible	30
SRR23343471	AD_Malaysia	727	secondary	primary	alignment	low_base_quality	8
SRR23343471	AD_Malaysia	727	secondary	primary	fragment	conflicting_mates	0
SRR23343471	AD_Malaysia	727	secondary	primary	fragment	independent_eligible	30
SRR23343472	AD_Malaysia	727	secondary	primary	alignment	duplicate	6
SRR23343472	AD_Malaysia	727	secondary	primary	alignment	eligible	31
SRR23343472	AD_Malaysia	727	secondary	primary	alignment	incomplete_codon	1
SRR23343472	AD_Malaysia	727	secondary	primary	alignment	low_base_quality	7
SRR23343472	AD_Malaysia	727	secondary	primary	fragment	conflicting_mates	0
SRR23343472	AD_Malaysia	727	secondary	primary	fragment	independent_eligible	31
SRR23343473	AD_Malaysia	727	secondary	primary	alignment	duplicate	11
SRR23343473	AD_Malaysia	727	secondary	primary	alignment	eligible	45
SRR23343473	AD_Malaysia	727	secondary	primary	alignment	incomplete_codon	3
SRR23343473	AD_Malaysia	727	secondary	primary	alignment	low_base_quality	19
SRR23343473	AD_Malaysia	727	secondary	primary	fragment	conflicting_mates	0
SRR23343473	AD_Malaysia	727	secondary	primary	fragment	independent_eligible	45
SRR23343474	AD_Malaysia	727	secondary	primary	alignment	duplicate	4
SRR23343474	AD_Malaysia	727	secondary	primary	alignment	eligible	17
SRR23343474	AD_Malaysia	727	secondary	primary	alignment	incomplete_codon	1
SRR23343474	AD_Malaysia	727	secondary	primary	alignment	low_base_quality	14
SRR23343474	AD_Malaysia	727	secondary	primary	fragment	conflicting_mates	0
SRR23343474	AD_Malaysia	727	secondary	primary	fragment	independent_eligible	17
SRR23343475	AD_Malaysia	727	secondary	primary	alignment	duplicate	10
SRR23343475	AD_Malaysia	727	secondary	primary	alignment	eligible	17
SRR23343475	AD_Malaysia	727	secondary	primary	alignment	low_base_quality	4
SRR23343475	AD_Malaysia	727	secondary	primary	fragment	conflicting_mates	0
SRR23343475	AD_Malaysia	727	secondary	primary	fragment	independent_eligible	16
SRR23343476	AD_Malaysia	727	secondary	primary	alignment	duplicate	7
SRR23343476	AD_Malaysia	727	secondary	primary	alignment	eligible	18
SRR23343476	AD_Malaysia	727	secondary	primary	alignment	incomplete_codon	1
SRR23343476	AD_Malaysia	727	secondary	primary	alignment	low_base_quality	4
SRR23343476	AD_Malaysia	727	secondary	primary	fragment	conflicting_mates	0
SRR23343476	AD_Malaysia	727	secondary	primary	fragment	independent_eligible	18
SRR23343477	AD_Malaysia	727	secondary	primary	alignment	duplicate	9
SRR23343477	AD_Malaysia	727	secondary	primary	alignment	eligible	32
SRR23343477	AD_Malaysia	727	secondary	primary	alignment	incomplete_codon	1
SRR23343477	AD_Malaysia	727	secondary	primary	alignment	low_base_quality	10
SRR23343477	AD_Malaysia	727	secondary	primary	fragment	conflicting_mates	0
SRR23343477	AD_Malaysia	727	secondary	primary	fragment	independent_eligible	31
SRR23343478	AD_Malaysia	727	secondary	primary	alignment	duplicate	10
SRR23343478	AD_Malaysia	727	secondary	primary	alignment	eligible	22
SRR23343478	AD_Malaysia	727	secondary	primary	alignment	incomplete_codon	1
SRR23343478	AD_Malaysia	727	secondary	primary	alignment	low_base_quality	9
SRR23343478	AD_Malaysia	727	secondary	primary	fragment	conflicting_mates	0
SRR23343478	AD_Malaysia	727	secondary	primary	fragment	independent_eligible	22
SRR23343479	AD_Malaysia	727	secondary	primary	alignment	duplicate	5
SRR23343479	AD_Malaysia	727	secondary	primary	alignment	eligible	15
SRR23343479	AD_Malaysia	727	secondary	primary	alignment	incomplete_codon	1
SRR23343479	AD_Malaysia	727	secondary	primary	alignment	low_base_quality	13
SRR23343479	AD_Malaysia	727	secondary	primary	fragment	conflicting_mates	0
SRR23343479	AD_Malaysia	727	secondary	primary	fragment	independent_eligible	15
SRR23343480	AD_Malaysia	727	secondary	primary	alignment	duplicate	6
SRR23343480	AD_Malaysia	727	secondary	primary	alignment	eligible	24
SRR23343480	AD_Malaysia	727	secondary	primary	alignment	incomplete_codon	1
SRR23343480	AD_Malaysia	727	secondary	primary	alignment	low_base_quality	11
SRR23343480	AD_Malaysia	727	secondary	primary	fragment	conflicting_mates	0
SRR23343480	AD_Malaysia	727	secondary	primary	fragment	independent_eligible	24
SRR23343481	AD_Malaysia	727	secondary	primary	alignment	duplicate	6
SRR23343481	AD_Malaysia	727	secondary	primary	alignment	eligible	30
SRR23343481	AD_Malaysia	727	secondary	primary	alignment	incomplete_codon	2
SRR23343481	AD_Malaysia	727	secondary	primary	alignment	low_base_quality	12
SRR23343481	AD_Malaysia	727	secondary	primary	fragment	conflicting_mates	0
SRR23343481	AD_Malaysia	727	secondary	primary	fragment	independent_eligible	29
SRR23343482	AD_Malaysia	727	secondary	primary	alignment	duplicate	11
SRR23343482	AD_Malaysia	727	secondary	primary	alignment	eligible	29
SRR23343482	AD_Malaysia	727	secondary	primary	alignment	low_base_quality	6
SRR23343482	AD_Malaysia	727	secondary	primary	fragment	conflicting_mates	0
SRR23343482	AD_Malaysia	727	secondary	primary	fragment	independent_eligible	29
SRR23343483	AD_Malaysia	727	secondary	primary	alignment	duplicate	10
SRR23343483	AD_Malaysia	727	secondary	primary	alignment	eligible	27
SRR23343483	AD_Malaysia	727	secondary	primary	alignment	incomplete_codon	2
SRR23343483	AD_Malaysia	727	secondary	primary	alignment	low_base_quality	10
SRR23343483	AD_Malaysia	727	secondary	primary	fragment	conflicting_mates	0
SRR23343483	AD_Malaysia	727	secondary	primary	fragment	independent_eligible	27
SRR23343484	AD_Malaysia	727	secondary	primary	alignment	duplicate	4
SRR23343484	AD_Malaysia	727	secondary	primary	alignment	eligible	23
SRR23343484	AD_Malaysia	727	secondary	primary	alignment	incomplete_codon	1
SRR23343484	AD_Malaysia	727	secondary	primary	alignment	low_base_quality	3
SRR23343484	AD_Malaysia	727	secondary	primary	fragment	conflicting_mates	0
SRR23343484	AD_Malaysia	727	secondary	primary	fragment	independent_eligible	23
SRR23343485	AD_Malaysia	727	secondary	primary	alignment	duplicate	7
SRR23343485	AD_Malaysia	727	secondary	primary	alignment	eligible	19
SRR23343485	AD_Malaysia	727	secondary	primary	alignment	incomplete_codon	1
SRR23343485	AD_Malaysia	727	secondary	primary	alignment	low_base_quality	9
SRR23343485	AD_Malaysia	727	secondary	primary	fragment	conflicting_mates	0
SRR23343485	AD_Malaysia	727	secondary	primary	fragment	independent_eligible	19
SRR23343486	AD_Malaysia	727	secondary	primary	alignment	duplicate	9
SRR23343486	AD_Malaysia	727	secondary	primary	alignment	eligible	27
SRR23343486	AD_Malaysia	727	secondary	primary	alignment	incomplete_codon	1
SRR23343486	AD_Malaysia	727	secondary	primary	alignment	low_base_quality	8
SRR23343486	AD_Malaysia	727	secondary	primary	fragment	conflicting_mates	0
SRR23343486	AD_Malaysia	727	secondary	primary	fragment	independent_eligible	26
SRR23343487	AD_Malaysia	727	secondary	primary	alignment	duplicate	4
SRR23343487	AD_Malaysia	727	secondary	primary	alignment	eligible	33
SRR23343487	AD_Malaysia	727	secondary	primary	alignment	low_base_quality	9
SRR23343487	AD_Malaysia	727	secondary	primary	fragment	conflicting_mates	0
SRR23343487	AD_Malaysia	727	secondary	primary	fragment	independent_eligible	33
SRR23343488	AD_Malaysia	727	secondary	primary	alignment	duplicate	7
SRR23343488	AD_Malaysia	727	secondary	primary	alignment	eligible	19
SRR23343488	AD_Malaysia	727	secondary	primary	alignment	low_base_quality	10
SRR23343488	AD_Malaysia	727	secondary	primary	fragment	conflicting_mates	0
SRR23343488	AD_Malaysia	727	secondary	primary	fragment	independent_eligible	18
SRR23343489	AD_Malaysia	727	secondary	primary	alignment	duplicate	4
SRR23343489	AD_Malaysia	727	secondary	primary	alignment	eligible	30
SRR23343489	AD_Malaysia	727	secondary	primary	alignment	incomplete_codon	2
SRR23343489	AD_Malaysia	727	secondary	primary	alignment	low_base_quality	13
SRR23343489	AD_Malaysia	727	secondary	primary	fragment	conflicting_mates	0
SRR23343489	AD_Malaysia	727	secondary	primary	fragment	independent_eligible	30
SRR23343490	AD_Malaysia	727	secondary	primary	alignment	duplicate	8
SRR23343490	AD_Malaysia	727	secondary	primary	alignment	eligible	21
SRR23343490	AD_Malaysia	727	secondary	primary	alignment	incomplete_codon	1
SRR23343490	AD_Malaysia	727	secondary	primary	alignment	low_base_quality	6
SRR23343490	AD_Malaysia	727	secondary	primary	fragment	conflicting_mates	0
SRR23343490	AD_Malaysia	727	secondary	primary	fragment	independent_eligible	21
SRR23343491	AD_Malaysia	727	secondary	primary	alignment	duplicate	2
SRR23343491	AD_Malaysia	727	secondary	primary	alignment	eligible	19
SRR23343491	AD_Malaysia	727	secondary	primary	alignment	low_base_quality	8
SRR23343491	AD_Malaysia	727	secondary	primary	fragment	conflicting_mates	0
SRR23343491	AD_Malaysia	727	secondary	primary	fragment	independent_eligible	19
SRR23343492	AD_Malaysia	727	secondary	primary	alignment	duplicate	4
SRR23343492	AD_Malaysia	727	secondary	primary	alignment	eligible	28
SRR23343492	AD_Malaysia	727	secondary	primary	alignment	incomplete_codon	2
SRR23343492	AD_Malaysia	727	secondary	primary	alignment	low_base_quality	14
SRR23343492	AD_Malaysia	727	secondary	primary	fragment	conflicting_mates	0
SRR23343492	AD_Malaysia	727	secondary	primary	fragment	independent_eligible	28
SRR23343493	AD_Malaysia	727	secondary	primary	alignment	duplicate	10
SRR23343493	AD_Malaysia	727	secondary	primary	alignment	eligible	17
SRR23343493	AD_Malaysia	727	secondary	primary	alignment	incomplete_codon	2
SRR23343493	AD_Malaysia	727	secondary	primary	alignment	low_base_quality	9
SRR23343493	AD_Malaysia	727	secondary	primary	fragment	conflicting_mates	0
SRR23343493	AD_Malaysia	727	secondary	primary	fragment	independent_eligible	17
SRR23343494	AD_Malaysia	727	secondary	primary	alignment	duplicate	4
SRR23343494	AD_Malaysia	727	secondary	primary	alignment	eligible	22
SRR23343494	AD_Malaysia	727	secondary	primary	alignment	low_base_quality	10
SRR23343494	AD_Malaysia	727	secondary	primary	fragment	conflicting_mates	0
SRR23343494	AD_Malaysia	727	secondary	primary	fragment	independent_eligible	22
SRR23343438	AD_Malaysia	766	secondary	primary	alignment	duplicate	14
SRR23343438	AD_Malaysia	766	secondary	primary	alignment	eligible	44
SRR23343438	AD_Malaysia	766	secondary	primary	alignment	incomplete_codon	2
SRR23343438	AD_Malaysia	766	secondary	primary	alignment	low_base_quality	9
SRR23343438	AD_Malaysia	766	secondary	primary	fragment	conflicting_mates	0
SRR23343438	AD_Malaysia	766	secondary	primary	fragment	independent_eligible	43
SRR23343439	AD_Malaysia	766	secondary	primary	alignment	duplicate	9
SRR23343439	AD_Malaysia	766	secondary	primary	alignment	eligible	38
SRR23343439	AD_Malaysia	766	secondary	primary	alignment	incomplete_codon	1
SRR23343439	AD_Malaysia	766	secondary	primary	alignment	low_base_quality	5
SRR23343439	AD_Malaysia	766	secondary	primary	fragment	conflicting_mates	0
SRR23343439	AD_Malaysia	766	secondary	primary	fragment	independent_eligible	37
SRR23343440	AD_Malaysia	766	secondary	primary	alignment	duplicate	5
SRR23343440	AD_Malaysia	766	secondary	primary	alignment	eligible	30
SRR23343440	AD_Malaysia	766	secondary	primary	alignment	low_base_quality	9
SRR23343440	AD_Malaysia	766	secondary	primary	fragment	conflicting_mates	0
SRR23343440	AD_Malaysia	766	secondary	primary	fragment	independent_eligible	30
SRR23343441	AD_Malaysia	766	secondary	primary	alignment	duplicate	7
SRR23343441	AD_Malaysia	766	secondary	primary	alignment	eligible	20
SRR23343441	AD_Malaysia	766	secondary	primary	alignment	low_base_quality	5
SRR23343441	AD_Malaysia	766	secondary	primary	fragment	conflicting_mates	0
SRR23343441	AD_Malaysia	766	secondary	primary	fragment	independent_eligible	20
SRR23343442	AD_Malaysia	766	secondary	primary	alignment	duplicate	12
SRR23343442	AD_Malaysia	766	secondary	primary	alignment	eligible	46
SRR23343442	AD_Malaysia	766	secondary	primary	alignment	low_base_quality	7
SRR23343442	AD_Malaysia	766	secondary	primary	fragment	conflicting_mates	0
SRR23343442	AD_Malaysia	766	secondary	primary	fragment	independent_eligible	46
SRR23343443	AD_Malaysia	766	secondary	primary	alignment	duplicate	4
SRR23343443	AD_Malaysia	766	secondary	primary	alignment	eligible	29
SRR23343443	AD_Malaysia	766	secondary	primary	alignment	low_base_quality	5
SRR23343443	AD_Malaysia	766	secondary	primary	fragment	conflicting_mates	0
SRR23343443	AD_Malaysia	766	secondary	primary	fragment	independent_eligible	28
SRR23343444	AD_Malaysia	766	secondary	primary	alignment	duplicate	3
SRR23343444	AD_Malaysia	766	secondary	primary	alignment	eligible	14
SRR23343444	AD_Malaysia	766	secondary	primary	alignment	incomplete_codon	1
SRR23343444	AD_Malaysia	766	secondary	primary	alignment	low_base_quality	1
SRR23343444	AD_Malaysia	766	secondary	primary	fragment	conflicting_mates	0
SRR23343444	AD_Malaysia	766	secondary	primary	fragment	independent_eligible	13
SRR23343445	AD_Malaysia	766	secondary	primary	alignment	duplicate	7
SRR23343445	AD_Malaysia	766	secondary	primary	alignment	eligible	43
SRR23343445	AD_Malaysia	766	secondary	primary	alignment	incomplete_codon	2
SRR23343445	AD_Malaysia	766	secondary	primary	alignment	low_base_quality	2
SRR23343445	AD_Malaysia	766	secondary	primary	alignment	low_mapping_quality	1
SRR23343445	AD_Malaysia	766	secondary	primary	fragment	conflicting_mates	0
SRR23343445	AD_Malaysia	766	secondary	primary	fragment	independent_eligible	42
SRR23343446	AD_Malaysia	766	secondary	primary	alignment	duplicate	14
SRR23343446	AD_Malaysia	766	secondary	primary	alignment	eligible	27
SRR23343446	AD_Malaysia	766	secondary	primary	alignment	incomplete_codon	1
SRR23343446	AD_Malaysia	766	secondary	primary	alignment	low_base_quality	5
SRR23343446	AD_Malaysia	766	secondary	primary	fragment	conflicting_mates	0
SRR23343446	AD_Malaysia	766	secondary	primary	fragment	independent_eligible	27
SRR23343447	AD_Malaysia	766	secondary	primary	alignment	duplicate	14
SRR23343447	AD_Malaysia	766	secondary	primary	alignment	eligible	38
SRR23343447	AD_Malaysia	766	secondary	primary	alignment	incomplete_codon	2
SRR23343447	AD_Malaysia	766	secondary	primary	alignment	low_base_quality	1
SRR23343447	AD_Malaysia	766	secondary	primary	fragment	conflicting_mates	0
SRR23343447	AD_Malaysia	766	secondary	primary	fragment	independent_eligible	37
SRR23343448	AD_Malaysia	766	secondary	primary	alignment	duplicate	11
SRR23343448	AD_Malaysia	766	secondary	primary	alignment	eligible	27
SRR23343448	AD_Malaysia	766	secondary	primary	alignment	low_base_quality	2
SRR23343448	AD_Malaysia	766	secondary	primary	fragment	conflicting_mates	0
SRR23343448	AD_Malaysia	766	secondary	primary	fragment	independent_eligible	25
SRR23343449	AD_Malaysia	766	secondary	primary	alignment	duplicate	9
SRR23343449	AD_Malaysia	766	secondary	primary	alignment	eligible	26
SRR23343449	AD_Malaysia	766	secondary	primary	alignment	incomplete_codon	1
SRR23343449	AD_Malaysia	766	secondary	primary	alignment	low_base_quality	9
SRR23343449	AD_Malaysia	766	secondary	primary	fragment	conflicting_mates	0
SRR23343449	AD_Malaysia	766	secondary	primary	fragment	independent_eligible	26
SRR23343450	AD_Malaysia	766	secondary	primary	alignment	duplicate	8
SRR23343450	AD_Malaysia	766	secondary	primary	alignment	eligible	32
SRR23343450	AD_Malaysia	766	secondary	primary	alignment	low_base_quality	2
SRR23343450	AD_Malaysia	766	secondary	primary	fragment	conflicting_mates	0
SRR23343450	AD_Malaysia	766	secondary	primary	fragment	independent_eligible	32
SRR23343451	AD_Malaysia	766	secondary	primary	alignment	duplicate	3
SRR23343451	AD_Malaysia	766	secondary	primary	alignment	eligible	21
SRR23343451	AD_Malaysia	766	secondary	primary	alignment	low_base_quality	4
SRR23343451	AD_Malaysia	766	secondary	primary	fragment	conflicting_mates	0
SRR23343451	AD_Malaysia	766	secondary	primary	fragment	independent_eligible	21
SRR23343452	AD_Malaysia	766	secondary	primary	alignment	duplicate	5
SRR23343452	AD_Malaysia	766	secondary	primary	alignment	eligible	34
SRR23343452	AD_Malaysia	766	secondary	primary	alignment	low_base_quality	4
SRR23343452	AD_Malaysia	766	secondary	primary	fragment	conflicting_mates	0
SRR23343452	AD_Malaysia	766	secondary	primary	fragment	independent_eligible	33
SRR23343453	AD_Malaysia	766	secondary	primary	alignment	duplicate	5
SRR23343453	AD_Malaysia	766	secondary	primary	alignment	eligible	21
SRR23343453	AD_Malaysia	766	secondary	primary	alignment	incomplete_codon	2
SRR23343453	AD_Malaysia	766	secondary	primary	fragment	conflicting_mates	0
SRR23343453	AD_Malaysia	766	secondary	primary	fragment	independent_eligible	19
SRR23343454	AD_Malaysia	766	secondary	primary	alignment	duplicate	3
SRR23343454	AD_Malaysia	766	secondary	primary	alignment	eligible	16
SRR23343454	AD_Malaysia	766	secondary	primary	alignment	incomplete_codon	1
SRR23343454	AD_Malaysia	766	secondary	primary	alignment	low_base_quality	3
SRR23343454	AD_Malaysia	766	secondary	primary	fragment	conflicting_mates	0
SRR23343454	AD_Malaysia	766	secondary	primary	fragment	independent_eligible	16
SRR23343455	AD_Malaysia	766	secondary	primary	alignment	duplicate	1
SRR23343455	AD_Malaysia	766	secondary	primary	alignment	eligible	6
SRR23343455	AD_Malaysia	766	secondary	primary	alignment	incomplete_codon	1
SRR23343455	AD_Malaysia	766	secondary	primary	alignment	low_base_quality	1
SRR23343455	AD_Malaysia	766	secondary	primary	fragment	conflicting_mates	0
SRR23343455	AD_Malaysia	766	secondary	primary	fragment	independent_eligible	6
SRR23343456	AD_Malaysia	766	secondary	primary	alignment	duplicate	12
SRR23343456	AD_Malaysia	766	secondary	primary	alignment	eligible	38
SRR23343456	AD_Malaysia	766	secondary	primary	alignment	incomplete_codon	1
SRR23343456	AD_Malaysia	766	secondary	primary	alignment	low_base_quality	4
SRR23343456	AD_Malaysia	766	secondary	primary	fragment	conflicting_mates	0
SRR23343456	AD_Malaysia	766	secondary	primary	fragment	independent_eligible	37
SRR23343457	AD_Malaysia	766	secondary	primary	alignment	duplicate	8
SRR23343457	AD_Malaysia	766	secondary	primary	alignment	eligible	36
SRR23343457	AD_Malaysia	766	secondary	primary	alignment	low_base_quality	3
SRR23343457	AD_Malaysia	766	secondary	primary	fragment	conflicting_mates	0
SRR23343457	AD_Malaysia	766	secondary	primary	fragment	independent_eligible	34
SRR23343458	AD_Malaysia	766	secondary	primary	alignment	duplicate	12
SRR23343458	AD_Malaysia	766	secondary	primary	alignment	eligible	42
SRR23343458	AD_Malaysia	766	secondary	primary	alignment	incomplete_codon	1
SRR23343458	AD_Malaysia	766	secondary	primary	alignment	low_base_quality	2
SRR23343458	AD_Malaysia	766	secondary	primary	fragment	conflicting_mates	0
SRR23343458	AD_Malaysia	766	secondary	primary	fragment	independent_eligible	41
SRR23343459	AD_Malaysia	766	secondary	primary	alignment	duplicate	4
SRR23343459	AD_Malaysia	766	secondary	primary	alignment	eligible	27
SRR23343459	AD_Malaysia	766	secondary	primary	fragment	conflicting_mates	0
SRR23343459	AD_Malaysia	766	secondary	primary	fragment	independent_eligible	27
SRR23343460	AD_Malaysia	766	secondary	primary	alignment	duplicate	6
SRR23343460	AD_Malaysia	766	secondary	primary	alignment	eligible	24
SRR23343460	AD_Malaysia	766	secondary	primary	alignment	incomplete_codon	1
SRR23343460	AD_Malaysia	766	secondary	primary	alignment	low_base_quality	8
SRR23343460	AD_Malaysia	766	secondary	primary	fragment	conflicting_mates	0
SRR23343460	AD_Malaysia	766	secondary	primary	fragment	independent_eligible	24
SRR23343461	AD_Malaysia	766	secondary	primary	alignment	duplicate	6
SRR23343461	AD_Malaysia	766	secondary	primary	alignment	eligible	35
SRR23343461	AD_Malaysia	766	secondary	primary	alignment	incomplete_codon	2
SRR23343461	AD_Malaysia	766	secondary	primary	alignment	low_base_quality	3
SRR23343461	AD_Malaysia	766	secondary	primary	fragment	conflicting_mates	0
SRR23343461	AD_Malaysia	766	secondary	primary	fragment	independent_eligible	33
SRR23343462	AD_Malaysia	766	secondary	primary	alignment	duplicate	14
SRR23343462	AD_Malaysia	766	secondary	primary	alignment	eligible	47
SRR23343462	AD_Malaysia	766	secondary	primary	alignment	incomplete_codon	1
SRR23343462	AD_Malaysia	766	secondary	primary	fragment	conflicting_mates	0
SRR23343462	AD_Malaysia	766	secondary	primary	fragment	independent_eligible	47
SRR23343463	AD_Malaysia	766	secondary	primary	alignment	duplicate	11
SRR23343463	AD_Malaysia	766	secondary	primary	alignment	eligible	37
SRR23343463	AD_Malaysia	766	secondary	primary	alignment	incomplete_codon	1
SRR23343463	AD_Malaysia	766	secondary	primary	alignment	low_base_quality	4
SRR23343463	AD_Malaysia	766	secondary	primary	fragment	conflicting_mates	0
SRR23343463	AD_Malaysia	766	secondary	primary	fragment	independent_eligible	37
SRR23343464	AD_Malaysia	766	secondary	primary	alignment	duplicate	3
SRR23343464	AD_Malaysia	766	secondary	primary	alignment	eligible	31
SRR23343464	AD_Malaysia	766	secondary	primary	alignment	incomplete_codon	1
SRR23343464	AD_Malaysia	766	secondary	primary	alignment	low_base_quality	4
SRR23343464	AD_Malaysia	766	secondary	primary	fragment	conflicting_mates	0
SRR23343464	AD_Malaysia	766	secondary	primary	fragment	independent_eligible	29
SRR23343465	AD_Malaysia	766	secondary	primary	alignment	duplicate	4
SRR23343465	AD_Malaysia	766	secondary	primary	alignment	eligible	14
SRR23343465	AD_Malaysia	766	secondary	primary	alignment	incomplete_codon	1
SRR23343465	AD_Malaysia	766	secondary	primary	alignment	low_base_quality	3
SRR23343465	AD_Malaysia	766	secondary	primary	fragment	conflicting_mates	0
SRR23343465	AD_Malaysia	766	secondary	primary	fragment	independent_eligible	14
SRR23343466	AD_Malaysia	766	secondary	primary	alignment	duplicate	8
SRR23343466	AD_Malaysia	766	secondary	primary	alignment	eligible	20
SRR23343466	AD_Malaysia	766	secondary	primary	alignment	low_base_quality	2
SRR23343466	AD_Malaysia	766	secondary	primary	fragment	conflicting_mates	0
SRR23343466	AD_Malaysia	766	secondary	primary	fragment	independent_eligible	19
SRR23343467	AD_Malaysia	766	secondary	primary	alignment	duplicate	7
SRR23343467	AD_Malaysia	766	secondary	primary	alignment	eligible	21
SRR23343467	AD_Malaysia	766	secondary	primary	alignment	low_base_quality	3
SRR23343467	AD_Malaysia	766	secondary	primary	fragment	conflicting_mates	0
SRR23343467	AD_Malaysia	766	secondary	primary	fragment	independent_eligible	20
SRR23343468	AD_Malaysia	766	secondary	primary	alignment	duplicate	10
SRR23343468	AD_Malaysia	766	secondary	primary	alignment	eligible	36
SRR23343468	AD_Malaysia	766	secondary	primary	alignment	incomplete_codon	1
SRR23343468	AD_Malaysia	766	secondary	primary	alignment	low_base_quality	5
SRR23343468	AD_Malaysia	766	secondary	primary	fragment	conflicting_mates	0
SRR23343468	AD_Malaysia	766	secondary	primary	fragment	independent_eligible	31
SRR23343469	AD_Malaysia	766	secondary	primary	alignment	duplicate	4
SRR23343469	AD_Malaysia	766	secondary	primary	alignment	eligible	26
SRR23343469	AD_Malaysia	766	secondary	primary	alignment	incomplete_codon	1
SRR23343469	AD_Malaysia	766	secondary	primary	alignment	low_base_quality	2
SRR23343469	AD_Malaysia	766	secondary	primary	fragment	conflicting_mates	0
SRR23343469	AD_Malaysia	766	secondary	primary	fragment	independent_eligible	25
SRR23343470	AD_Malaysia	766	secondary	primary	alignment	duplicate	6
SRR23343470	AD_Malaysia	766	secondary	primary	alignment	eligible	20
SRR23343470	AD_Malaysia	766	secondary	primary	alignment	low_base_quality	3
SRR23343470	AD_Malaysia	766	secondary	primary	fragment	conflicting_mates	0
SRR23343470	AD_Malaysia	766	secondary	primary	fragment	independent_eligible	19
SRR23343471	AD_Malaysia	766	secondary	primary	alignment	duplicate	7
SRR23343471	AD_Malaysia	766	secondary	primary	alignment	eligible	19
SRR23343471	AD_Malaysia	766	secondary	primary	alignment	incomplete_codon	1
SRR23343471	AD_Malaysia	766	secondary	primary	alignment	low_base_quality	10
SRR23343471	AD_Malaysia	766	secondary	primary	fragment	conflicting_mates	0
SRR23343471	AD_Malaysia	766	secondary	primary	fragment	independent_eligible	19
SRR23343472	AD_Malaysia	766	secondary	primary	alignment	duplicate	5
SRR23343472	AD_Malaysia	766	secondary	primary	alignment	eligible	31
SRR23343472	AD_Malaysia	766	secondary	primary	alignment	low_base_quality	7
SRR23343472	AD_Malaysia	766	secondary	primary	fragment	conflicting_mates	0
SRR23343472	AD_Malaysia	766	secondary	primary	fragment	independent_eligible	29
SRR23343473	AD_Malaysia	766	secondary	primary	alignment	duplicate	4
SRR23343473	AD_Malaysia	766	secondary	primary	alignment	eligible	52
SRR23343473	AD_Malaysia	766	secondary	primary	alignment	incomplete_codon	3
SRR23343473	AD_Malaysia	766	secondary	primary	alignment	low_base_quality	10
SRR23343473	AD_Malaysia	766	secondary	primary	fragment	conflicting_mates	0
SRR23343473	AD_Malaysia	766	secondary	primary	fragment	independent_eligible	52
SRR23343474	AD_Malaysia	766	secondary	primary	alignment	duplicate	4
SRR23343474	AD_Malaysia	766	secondary	primary	alignment	eligible	26
SRR23343474	AD_Malaysia	766	secondary	primary	alignment	incomplete_codon	1
SRR23343474	AD_Malaysia	766	secondary	primary	alignment	low_base_quality	7
SRR23343474	AD_Malaysia	766	secondary	primary	fragment	conflicting_mates	0
SRR23343474	AD_Malaysia	766	secondary	primary	fragment	independent_eligible	25
SRR23343475	AD_Malaysia	766	secondary	primary	alignment	duplicate	14
SRR23343475	AD_Malaysia	766	secondary	primary	alignment	eligible	27
SRR23343475	AD_Malaysia	766	secondary	primary	alignment	incomplete_codon	2
SRR23343475	AD_Malaysia	766	secondary	primary	alignment	low_base_quality	4
SRR23343475	AD_Malaysia	766	secondary	primary	fragment	conflicting_mates	0
SRR23343475	AD_Malaysia	766	secondary	primary	fragment	independent_eligible	25
SRR23343476	AD_Malaysia	766	secondary	primary	alignment	duplicate	6
SRR23343476	AD_Malaysia	766	secondary	primary	alignment	eligible	22
SRR23343476	AD_Malaysia	766	secondary	primary	alignment	incomplete_codon	2
SRR23343476	AD_Malaysia	766	secondary	primary	alignment	low_base_quality	5
SRR23343476	AD_Malaysia	766	secondary	primary	fragment	conflicting_mates	0
SRR23343476	AD_Malaysia	766	secondary	primary	fragment	independent_eligible	21
SRR23343477	AD_Malaysia	766	secondary	primary	alignment	duplicate	10
SRR23343477	AD_Malaysia	766	secondary	primary	alignment	eligible	34
SRR23343477	AD_Malaysia	766	secondary	primary	alignment	incomplete_codon	1
SRR23343477	AD_Malaysia	766	secondary	primary	alignment	low_base_quality	7
SRR23343477	AD_Malaysia	766	secondary	primary	fragment	conflicting_mates	0
SRR23343477	AD_Malaysia	766	secondary	primary	fragment	independent_eligible	33
SRR23343478	AD_Malaysia	766	secondary	primary	alignment	duplicate	9
SRR23343478	AD_Malaysia	766	secondary	primary	alignment	eligible	25
SRR23343478	AD_Malaysia	766	secondary	primary	alignment	low_base_quality	13
SRR23343478	AD_Malaysia	766	secondary	primary	fragment	conflicting_mates	0
SRR23343478	AD_Malaysia	766	secondary	primary	fragment	independent_eligible	25
SRR23343479	AD_Malaysia	766	secondary	primary	alignment	duplicate	7
SRR23343479	AD_Malaysia	766	secondary	primary	alignment	eligible	26
SRR23343479	AD_Malaysia	766	secondary	primary	alignment	incomplete_codon	1
SRR23343479	AD_Malaysia	766	secondary	primary	alignment	low_base_quality	4
SRR23343479	AD_Malaysia	766	secondary	primary	fragment	conflicting_mates	0
SRR23343479	AD_Malaysia	766	secondary	primary	fragment	independent_eligible	26
SRR23343480	AD_Malaysia	766	secondary	primary	alignment	duplicate	7
SRR23343480	AD_Malaysia	766	secondary	primary	alignment	eligible	28
SRR23343480	AD_Malaysia	766	secondary	primary	alignment	low_base_quality	5
SRR23343480	AD_Malaysia	766	secondary	primary	fragment	conflicting_mates	0
SRR23343480	AD_Malaysia	766	secondary	primary	fragment	independent_eligible	28
SRR23343481	AD_Malaysia	766	secondary	primary	alignment	duplicate	7
SRR23343481	AD_Malaysia	766	secondary	primary	alignment	eligible	30
SRR23343481	AD_Malaysia	766	secondary	primary	alignment	incomplete_codon	2
SRR23343481	AD_Malaysia	766	secondary	primary	alignment	low_base_quality	8
SRR23343481	AD_Malaysia	766	secondary	primary	fragment	conflicting_mates	0
SRR23343481	AD_Malaysia	766	secondary	primary	fragment	independent_eligible	30
SRR23343482	AD_Malaysia	766	secondary	primary	alignment	duplicate	8
SRR23343482	AD_Malaysia	766	secondary	primary	alignment	eligible	29
SRR23343482	AD_Malaysia	766	secondary	primary	alignment	incomplete_codon	2
SRR23343482	AD_Malaysia	766	secondary	primary	alignment	low_base_quality	5
SRR23343482	AD_Malaysia	766	secondary	primary	fragment	conflicting_mates	0
SRR23343482	AD_Malaysia	766	secondary	primary	fragment	independent_eligible	28
SRR23343483	AD_Malaysia	766	secondary	primary	alignment	duplicate	6
SRR23343483	AD_Malaysia	766	secondary	primary	alignment	eligible	28
SRR23343483	AD_Malaysia	766	secondary	primary	alignment	incomplete_codon	1
SRR23343483	AD_Malaysia	766	secondary	primary	alignment	low_base_quality	11
SRR23343483	AD_Malaysia	766	secondary	primary	fragment	conflicting_mates	0
SRR23343483	AD_Malaysia	766	secondary	primary	fragment	independent_eligible	28
SRR23343484	AD_Malaysia	766	secondary	primary	alignment	duplicate	5
SRR23343484	AD_Malaysia	766	secondary	primary	alignment	eligible	32
SRR23343484	AD_Malaysia	766	secondary	primary	alignment	incomplete_codon	1
SRR23343484	AD_Malaysia	766	secondary	primary	alignment	low_base_quality	5
SRR23343484	AD_Malaysia	766	secondary	primary	fragment	conflicting_mates	0
SRR23343484	AD_Malaysia	766	secondary	primary	fragment	independent_eligible	32
SRR23343485	AD_Malaysia	766	secondary	primary	alignment	duplicate	5
SRR23343485	AD_Malaysia	766	secondary	primary	alignment	eligible	21
SRR23343485	AD_Malaysia	766	secondary	primary	alignment	low_base_quality	11
SRR23343485	AD_Malaysia	766	secondary	primary	fragment	conflicting_mates	0
SRR23343485	AD_Malaysia	766	secondary	primary	fragment	independent_eligible	21
SRR23343486	AD_Malaysia	766	secondary	primary	alignment	duplicate	6
SRR23343486	AD_Malaysia	766	secondary	primary	alignment	eligible	25
SRR23343486	AD_Malaysia	766	secondary	primary	alignment	low_base_quality	11
SRR23343486	AD_Malaysia	766	secondary	primary	fragment	conflicting_mates	0
SRR23343486	AD_Malaysia	766	secondary	primary	fragment	independent_eligible	24
SRR23343487	AD_Malaysia	766	secondary	primary	alignment	duplicate	4
SRR23343487	AD_Malaysia	766	secondary	primary	alignment	eligible	32
SRR23343487	AD_Malaysia	766	secondary	primary	alignment	incomplete_codon	1
SRR23343487	AD_Malaysia	766	secondary	primary	alignment	low_base_quality	5
SRR23343487	AD_Malaysia	766	secondary	primary	fragment	conflicting_mates	0
SRR23343487	AD_Malaysia	766	secondary	primary	fragment	independent_eligible	31
SRR23343488	AD_Malaysia	766	secondary	primary	alignment	duplicate	9
SRR23343488	AD_Malaysia	766	secondary	primary	alignment	eligible	26
SRR23343488	AD_Malaysia	766	secondary	primary	alignment	incomplete_codon	1
SRR23343488	AD_Malaysia	766	secondary	primary	alignment	low_base_quality	6
SRR23343488	AD_Malaysia	766	secondary	primary	fragment	conflicting_mates	0
SRR23343488	AD_Malaysia	766	secondary	primary	fragment	independent_eligible	26
SRR23343489	AD_Malaysia	766	secondary	primary	alignment	duplicate	4
SRR23343489	AD_Malaysia	766	secondary	primary	alignment	eligible	30
SRR23343489	AD_Malaysia	766	secondary	primary	alignment	low_base_quality	12
SRR23343489	AD_Malaysia	766	secondary	primary	fragment	conflicting_mates	0
SRR23343489	AD_Malaysia	766	secondary	primary	fragment	independent_eligible	29
SRR23343490	AD_Malaysia	766	secondary	primary	alignment	duplicate	9
SRR23343490	AD_Malaysia	766	secondary	primary	alignment	eligible	26
SRR23343490	AD_Malaysia	766	secondary	primary	alignment	low_base_quality	6
SRR23343490	AD_Malaysia	766	secondary	primary	fragment	conflicting_mates	0
SRR23343490	AD_Malaysia	766	secondary	primary	fragment	independent_eligible	26
SRR23343491	AD_Malaysia	766	secondary	primary	alignment	duplicate	5
SRR23343491	AD_Malaysia	766	secondary	primary	alignment	eligible	28
SRR23343491	AD_Malaysia	766	secondary	primary	alignment	incomplete_codon	1
SRR23343491	AD_Malaysia	766	secondary	primary	alignment	low_base_quality	6
SRR23343491	AD_Malaysia	766	secondary	primary	fragment	conflicting_mates	0
SRR23343491	AD_Malaysia	766	secondary	primary	fragment	independent_eligible	26
SRR23343492	AD_Malaysia	766	secondary	primary	alignment	duplicate	4
SRR23343492	AD_Malaysia	766	secondary	primary	alignment	eligible	30
SRR23343492	AD_Malaysia	766	secondary	primary	alignment	incomplete_codon	3
SRR23343492	AD_Malaysia	766	secondary	primary	alignment	low_base_quality	14
SRR23343492	AD_Malaysia	766	secondary	primary	fragment	conflicting_mates	0
SRR23343492	AD_Malaysia	766	secondary	primary	fragment	independent_eligible	29
SRR23343493	AD_Malaysia	766	secondary	primary	alignment	duplicate	5
SRR23343493	AD_Malaysia	766	secondary	primary	alignment	eligible	19
SRR23343493	AD_Malaysia	766	secondary	primary	alignment	incomplete_codon	1
SRR23343493	AD_Malaysia	766	secondary	primary	alignment	low_base_quality	4
SRR23343493	AD_Malaysia	766	secondary	primary	fragment	conflicting_mates	0
SRR23343493	AD_Malaysia	766	secondary	primary	fragment	independent_eligible	19
SRR23343494	AD_Malaysia	766	secondary	primary	alignment	duplicate	4
SRR23343494	AD_Malaysia	766	secondary	primary	alignment	eligible	42
SRR23343494	AD_Malaysia	766	secondary	primary	alignment	low_base_quality	5
SRR23343494	AD_Malaysia	766	secondary	primary	fragment	conflicting_mates	0
SRR23343494	AD_Malaysia	766	secondary	primary	fragment	independent_eligible	42
SRR23343438	AD_Malaysia	822	within_species_comparison	primary	alignment	duplicate	12
SRR23343438	AD_Malaysia	822	within_species_comparison	primary	alignment	eligible	52
SRR23343438	AD_Malaysia	822	within_species_comparison	primary	alignment	incomplete_codon	2
SRR23343438	AD_Malaysia	822	within_species_comparison	primary	alignment	low_base_quality	11
SRR23343438	AD_Malaysia	822	within_species_comparison	primary	fragment	conflicting_mates	0
SRR23343438	AD_Malaysia	822	within_species_comparison	primary	fragment	independent_eligible	50
SRR23343439	AD_Malaysia	822	within_species_comparison	primary	alignment	duplicate	10
SRR23343439	AD_Malaysia	822	within_species_comparison	primary	alignment	eligible	35
SRR23343439	AD_Malaysia	822	within_species_comparison	primary	alignment	low_base_quality	3
SRR23343439	AD_Malaysia	822	within_species_comparison	primary	fragment	conflicting_mates	0
SRR23343439	AD_Malaysia	822	within_species_comparison	primary	fragment	independent_eligible	34
SRR23343440	AD_Malaysia	822	within_species_comparison	primary	alignment	duplicate	4
SRR23343440	AD_Malaysia	822	within_species_comparison	primary	alignment	eligible	33
SRR23343440	AD_Malaysia	822	within_species_comparison	primary	alignment	incomplete_codon	1
SRR23343440	AD_Malaysia	822	within_species_comparison	primary	alignment	low_base_quality	3
SRR23343440	AD_Malaysia	822	within_species_comparison	primary	fragment	conflicting_mates	0
SRR23343440	AD_Malaysia	822	within_species_comparison	primary	fragment	independent_eligible	31
SRR23343441	AD_Malaysia	822	within_species_comparison	primary	alignment	duplicate	11
SRR23343441	AD_Malaysia	822	within_species_comparison	primary	alignment	eligible	25
SRR23343441	AD_Malaysia	822	within_species_comparison	primary	alignment	incomplete_codon	2
SRR23343441	AD_Malaysia	822	within_species_comparison	primary	alignment	low_base_quality	5
SRR23343441	AD_Malaysia	822	within_species_comparison	primary	fragment	conflicting_mates	0
SRR23343441	AD_Malaysia	822	within_species_comparison	primary	fragment	independent_eligible	24
SRR23343442	AD_Malaysia	822	within_species_comparison	primary	alignment	duplicate	15
SRR23343442	AD_Malaysia	822	within_species_comparison	primary	alignment	eligible	49
SRR23343442	AD_Malaysia	822	within_species_comparison	primary	alignment	incomplete_codon	2
SRR23343442	AD_Malaysia	822	within_species_comparison	primary	alignment	low_base_quality	7
SRR23343442	AD_Malaysia	822	within_species_comparison	primary	fragment	conflicting_mates	0
SRR23343442	AD_Malaysia	822	within_species_comparison	primary	fragment	independent_eligible	48
SRR23343443	AD_Malaysia	822	within_species_comparison	primary	alignment	duplicate	5
SRR23343443	AD_Malaysia	822	within_species_comparison	primary	alignment	eligible	27
SRR23343443	AD_Malaysia	822	within_species_comparison	primary	alignment	incomplete_codon	2
SRR23343443	AD_Malaysia	822	within_species_comparison	primary	alignment	low_base_quality	5
SRR23343443	AD_Malaysia	822	within_species_comparison	primary	fragment	conflicting_mates	0
SRR23343443	AD_Malaysia	822	within_species_comparison	primary	fragment	independent_eligible	27
SRR23343444	AD_Malaysia	822	within_species_comparison	primary	alignment	duplicate	5
SRR23343444	AD_Malaysia	822	within_species_comparison	primary	alignment	eligible	20
SRR23343444	AD_Malaysia	822	within_species_comparison	primary	alignment	incomplete_codon	1
SRR23343444	AD_Malaysia	822	within_species_comparison	primary	alignment	low_base_quality	1
SRR23343444	AD_Malaysia	822	within_species_comparison	primary	fragment	conflicting_mates	0
SRR23343444	AD_Malaysia	822	within_species_comparison	primary	fragment	independent_eligible	19
SRR23343445	AD_Malaysia	822	within_species_comparison	primary	alignment	duplicate	9
SRR23343445	AD_Malaysia	822	within_species_comparison	primary	alignment	eligible	51
SRR23343445	AD_Malaysia	822	within_species_comparison	primary	alignment	low_base_quality	7
SRR23343445	AD_Malaysia	822	within_species_comparison	primary	fragment	conflicting_mates	0
SRR23343445	AD_Malaysia	822	within_species_comparison	primary	fragment	independent_eligible	48
SRR23343446	AD_Malaysia	822	within_species_comparison	primary	alignment	duplicate	9
SRR23343446	AD_Malaysia	822	within_species_comparison	primary	alignment	eligible	27
SRR23343446	AD_Malaysia	822	within_species_comparison	primary	alignment	incomplete_codon	2
SRR23343446	AD_Malaysia	822	within_species_comparison	primary	alignment	low_base_quality	5
SRR23343446	AD_Malaysia	822	within_species_comparison	primary	fragment	conflicting_mates	0
SRR23343446	AD_Malaysia	822	within_species_comparison	primary	fragment	independent_eligible	25
SRR23343447	AD_Malaysia	822	within_species_comparison	primary	alignment	duplicate	11
SRR23343447	AD_Malaysia	822	within_species_comparison	primary	alignment	eligible	41
SRR23343447	AD_Malaysia	822	within_species_comparison	primary	alignment	incomplete_codon	1
SRR23343447	AD_Malaysia	822	within_species_comparison	primary	alignment	low_base_quality	6
SRR23343447	AD_Malaysia	822	within_species_comparison	primary	fragment	conflicting_mates	0
SRR23343447	AD_Malaysia	822	within_species_comparison	primary	fragment	independent_eligible	41
SRR23343448	AD_Malaysia	822	within_species_comparison	primary	alignment	duplicate	5
SRR23343448	AD_Malaysia	822	within_species_comparison	primary	alignment	eligible	29
SRR23343448	AD_Malaysia	822	within_species_comparison	primary	alignment	incomplete_codon	1
SRR23343448	AD_Malaysia	822	within_species_comparison	primary	fragment	conflicting_mates	0
SRR23343448	AD_Malaysia	822	within_species_comparison	primary	fragment	independent_eligible	28
SRR23343449	AD_Malaysia	822	within_species_comparison	primary	alignment	duplicate	6
SRR23343449	AD_Malaysia	822	within_species_comparison	primary	alignment	eligible	21
SRR23343449	AD_Malaysia	822	within_species_comparison	primary	alignment	low_base_quality	3
SRR23343449	AD_Malaysia	822	within_species_comparison	primary	fragment	conflicting_mates	0
SRR23343449	AD_Malaysia	822	within_species_comparison	primary	fragment	independent_eligible	21
SRR23343450	AD_Malaysia	822	within_species_comparison	primary	alignment	duplicate	2
SRR23343450	AD_Malaysia	822	within_species_comparison	primary	alignment	eligible	35
SRR23343450	AD_Malaysia	822	within_species_comparison	primary	alignment	incomplete_codon	2
SRR23343450	AD_Malaysia	822	within_species_comparison	primary	alignment	low_base_quality	2
SRR23343450	AD_Malaysia	822	within_species_comparison	primary	fragment	conflicting_mates	0
SRR23343450	AD_Malaysia	822	within_species_comparison	primary	fragment	independent_eligible	34
SRR23343451	AD_Malaysia	822	within_species_comparison	primary	alignment	duplicate	5
SRR23343451	AD_Malaysia	822	within_species_comparison	primary	alignment	eligible	23
SRR23343451	AD_Malaysia	822	within_species_comparison	primary	alignment	incomplete_codon	1
SRR23343451	AD_Malaysia	822	within_species_comparison	primary	alignment	low_base_quality	3
SRR23343451	AD_Malaysia	822	within_species_comparison	primary	fragment	conflicting_mates	0
SRR23343451	AD_Malaysia	822	within_species_comparison	primary	fragment	independent_eligible	21
SRR23343452	AD_Malaysia	822	within_species_comparison	primary	alignment	duplicate	7
SRR23343452	AD_Malaysia	822	within_species_comparison	primary	alignment	eligible	36
SRR23343452	AD_Malaysia	822	within_species_comparison	primary	alignment	incomplete_codon	1
SRR23343452	AD_Malaysia	822	within_species_comparison	primary	alignment	low_base_quality	6
SRR23343452	AD_Malaysia	822	within_species_comparison	primary	fragment	conflicting_mates	0
SRR23343452	AD_Malaysia	822	within_species_comparison	primary	fragment	independent_eligible	35
SRR23343453	AD_Malaysia	822	within_species_comparison	primary	alignment	eligible	19
SRR23343453	AD_Malaysia	822	within_species_comparison	primary	alignment	incomplete_codon	1
SRR23343453	AD_Malaysia	822	within_species_comparison	primary	alignment	low_base_quality	3
SRR23343453	AD_Malaysia	822	within_species_comparison	primary	fragment	conflicting_mates	0
SRR23343453	AD_Malaysia	822	within_species_comparison	primary	fragment	independent_eligible	19
SRR23343454	AD_Malaysia	822	within_species_comparison	primary	alignment	duplicate	3
SRR23343454	AD_Malaysia	822	within_species_comparison	primary	alignment	eligible	27
SRR23343454	AD_Malaysia	822	within_species_comparison	primary	alignment	incomplete_codon	1
SRR23343454	AD_Malaysia	822	within_species_comparison	primary	alignment	low_base_quality	7
SRR23343454	AD_Malaysia	822	within_species_comparison	primary	fragment	conflicting_mates	0
SRR23343454	AD_Malaysia	822	within_species_comparison	primary	fragment	independent_eligible	26
SRR23343455	AD_Malaysia	822	within_species_comparison	primary	alignment	eligible	1
SRR23343455	AD_Malaysia	822	within_species_comparison	primary	fragment	conflicting_mates	0
SRR23343455	AD_Malaysia	822	within_species_comparison	primary	fragment	independent_eligible	1
SRR23343456	AD_Malaysia	822	within_species_comparison	primary	alignment	duplicate	8
SRR23343456	AD_Malaysia	822	within_species_comparison	primary	alignment	eligible	40
SRR23343456	AD_Malaysia	822	within_species_comparison	primary	alignment	incomplete_codon	5
SRR23343456	AD_Malaysia	822	within_species_comparison	primary	alignment	low_base_quality	2
SRR23343456	AD_Malaysia	822	within_species_comparison	primary	fragment	conflicting_mates	0
SRR23343456	AD_Malaysia	822	within_species_comparison	primary	fragment	independent_eligible	37
SRR23343457	AD_Malaysia	822	within_species_comparison	primary	alignment	duplicate	5
SRR23343457	AD_Malaysia	822	within_species_comparison	primary	alignment	eligible	32
SRR23343457	AD_Malaysia	822	within_species_comparison	primary	alignment	incomplete_codon	1
SRR23343457	AD_Malaysia	822	within_species_comparison	primary	alignment	low_base_quality	5
SRR23343457	AD_Malaysia	822	within_species_comparison	primary	fragment	conflicting_mates	0
SRR23343457	AD_Malaysia	822	within_species_comparison	primary	fragment	independent_eligible	31
SRR23343458	AD_Malaysia	822	within_species_comparison	primary	alignment	duplicate	13
SRR23343458	AD_Malaysia	822	within_species_comparison	primary	alignment	eligible	43
SRR23343458	AD_Malaysia	822	within_species_comparison	primary	alignment	incomplete_codon	4
SRR23343458	AD_Malaysia	822	within_species_comparison	primary	alignment	low_base_quality	4
SRR23343458	AD_Malaysia	822	within_species_comparison	primary	fragment	conflicting_mates	0
SRR23343458	AD_Malaysia	822	within_species_comparison	primary	fragment	independent_eligible	42
SRR23343459	AD_Malaysia	822	within_species_comparison	primary	alignment	duplicate	8
SRR23343459	AD_Malaysia	822	within_species_comparison	primary	alignment	eligible	25
SRR23343459	AD_Malaysia	822	within_species_comparison	primary	alignment	incomplete_codon	1
SRR23343459	AD_Malaysia	822	within_species_comparison	primary	alignment	low_base_quality	7
SRR23343459	AD_Malaysia	822	within_species_comparison	primary	fragment	conflicting_mates	0
SRR23343459	AD_Malaysia	822	within_species_comparison	primary	fragment	independent_eligible	25
SRR23343460	AD_Malaysia	822	within_species_comparison	primary	alignment	duplicate	5
SRR23343460	AD_Malaysia	822	within_species_comparison	primary	alignment	eligible	29
SRR23343460	AD_Malaysia	822	within_species_comparison	primary	alignment	incomplete_codon	1
SRR23343460	AD_Malaysia	822	within_species_comparison	primary	alignment	low_base_quality	6
SRR23343460	AD_Malaysia	822	within_species_comparison	primary	fragment	conflicting_mates	0
SRR23343460	AD_Malaysia	822	within_species_comparison	primary	fragment	independent_eligible	29
SRR23343461	AD_Malaysia	822	within_species_comparison	primary	alignment	duplicate	6
SRR23343461	AD_Malaysia	822	within_species_comparison	primary	alignment	eligible	34
SRR23343461	AD_Malaysia	822	within_species_comparison	primary	alignment	low_base_quality	5
SRR23343461	AD_Malaysia	822	within_species_comparison	primary	fragment	conflicting_mates	0
SRR23343461	AD_Malaysia	822	within_species_comparison	primary	fragment	independent_eligible	34
SRR23343462	AD_Malaysia	822	within_species_comparison	primary	alignment	duplicate	21
SRR23343462	AD_Malaysia	822	within_species_comparison	primary	alignment	eligible	52
SRR23343462	AD_Malaysia	822	within_species_comparison	primary	alignment	incomplete_codon	2
SRR23343462	AD_Malaysia	822	within_species_comparison	primary	alignment	low_base_quality	7
SRR23343462	AD_Malaysia	822	within_species_comparison	primary	fragment	conflicting_mates	0
SRR23343462	AD_Malaysia	822	within_species_comparison	primary	fragment	independent_eligible	52
SRR23343463	AD_Malaysia	822	within_species_comparison	primary	alignment	duplicate	8
SRR23343463	AD_Malaysia	822	within_species_comparison	primary	alignment	eligible	37
SRR23343463	AD_Malaysia	822	within_species_comparison	primary	alignment	incomplete_codon	2
SRR23343463	AD_Malaysia	822	within_species_comparison	primary	alignment	low_base_quality	6
SRR23343463	AD_Malaysia	822	within_species_comparison	primary	fragment	conflicting_mates	0
SRR23343463	AD_Malaysia	822	within_species_comparison	primary	fragment	independent_eligible	36
SRR23343464	AD_Malaysia	822	within_species_comparison	primary	alignment	duplicate	7
SRR23343464	AD_Malaysia	822	within_species_comparison	primary	alignment	eligible	42
SRR23343464	AD_Malaysia	822	within_species_comparison	primary	alignment	incomplete_codon	1
SRR23343464	AD_Malaysia	822	within_species_comparison	primary	alignment	low_base_quality	3
SRR23343464	AD_Malaysia	822	within_species_comparison	primary	fragment	conflicting_mates	0
SRR23343464	AD_Malaysia	822	within_species_comparison	primary	fragment	independent_eligible	42
SRR23343465	AD_Malaysia	822	within_species_comparison	primary	alignment	duplicate	10
SRR23343465	AD_Malaysia	822	within_species_comparison	primary	alignment	eligible	28
SRR23343465	AD_Malaysia	822	within_species_comparison	primary	alignment	incomplete_codon	1
SRR23343465	AD_Malaysia	822	within_species_comparison	primary	alignment	low_base_quality	3
SRR23343465	AD_Malaysia	822	within_species_comparison	primary	fragment	conflicting_mates	0
SRR23343465	AD_Malaysia	822	within_species_comparison	primary	fragment	independent_eligible	26
SRR23343466	AD_Malaysia	822	within_species_comparison	primary	alignment	duplicate	2
SRR23343466	AD_Malaysia	822	within_species_comparison	primary	alignment	eligible	18
SRR23343466	AD_Malaysia	822	within_species_comparison	primary	alignment	low_base_quality	4
SRR23343466	AD_Malaysia	822	within_species_comparison	primary	fragment	conflicting_mates	0
SRR23343466	AD_Malaysia	822	within_species_comparison	primary	fragment	independent_eligible	17
SRR23343467	AD_Malaysia	822	within_species_comparison	primary	alignment	duplicate	10
SRR23343467	AD_Malaysia	822	within_species_comparison	primary	alignment	eligible	27
SRR23343467	AD_Malaysia	822	within_species_comparison	primary	alignment	incomplete_codon	2
SRR23343467	AD_Malaysia	822	within_species_comparison	primary	alignment	low_base_quality	4
SRR23343467	AD_Malaysia	822	within_species_comparison	primary	fragment	conflicting_mates	0
SRR23343467	AD_Malaysia	822	within_species_comparison	primary	fragment	independent_eligible	24
SRR23343468	AD_Malaysia	822	within_species_comparison	primary	alignment	duplicate	10
SRR23343468	AD_Malaysia	822	within_species_comparison	primary	alignment	eligible	30
SRR23343468	AD_Malaysia	822	within_species_comparison	primary	alignment	low_base_quality	4
SRR23343468	AD_Malaysia	822	within_species_comparison	primary	fragment	conflicting_mates	0
SRR23343468	AD_Malaysia	822	within_species_comparison	primary	fragment	independent_eligible	29
SRR23343469	AD_Malaysia	822	within_species_comparison	primary	alignment	duplicate	4
SRR23343469	AD_Malaysia	822	within_species_comparison	primary	alignment	eligible	35
SRR23343469	AD_Malaysia	822	within_species_comparison	primary	alignment	incomplete_codon	1
SRR23343469	AD_Malaysia	822	within_species_comparison	primary	alignment	low_base_quality	4
SRR23343469	AD_Malaysia	822	within_species_comparison	primary	fragment	conflicting_mates	0
SRR23343469	AD_Malaysia	822	within_species_comparison	primary	fragment	independent_eligible	34
SRR23343470	AD_Malaysia	822	within_species_comparison	primary	alignment	duplicate	6
SRR23343470	AD_Malaysia	822	within_species_comparison	primary	alignment	eligible	25
SRR23343470	AD_Malaysia	822	within_species_comparison	primary	alignment	low_base_quality	2
SRR23343470	AD_Malaysia	822	within_species_comparison	primary	fragment	conflicting_mates	0
SRR23343470	AD_Malaysia	822	within_species_comparison	primary	fragment	independent_eligible	25
SRR23343471	AD_Malaysia	822	within_species_comparison	primary	alignment	duplicate	5
SRR23343471	AD_Malaysia	822	within_species_comparison	primary	alignment	eligible	26
SRR23343471	AD_Malaysia	822	within_species_comparison	primary	alignment	low_base_quality	3
SRR23343471	AD_Malaysia	822	within_species_comparison	primary	fragment	conflicting_mates	0
SRR23343471	AD_Malaysia	822	within_species_comparison	primary	fragment	independent_eligible	26
SRR23343472	AD_Malaysia	822	within_species_comparison	primary	alignment	duplicate	4
SRR23343472	AD_Malaysia	822	within_species_comparison	primary	alignment	eligible	23
SRR23343472	AD_Malaysia	822	within_species_comparison	primary	alignment	low_base_quality	3
SRR23343472	AD_Malaysia	822	within_species_comparison	primary	fragment	conflicting_mates	0
SRR23343472	AD_Malaysia	822	within_species_comparison	primary	fragment	independent_eligible	23
SRR23343473	AD_Malaysia	822	within_species_comparison	primary	alignment	duplicate	19
SRR23343473	AD_Malaysia	822	within_species_comparison	primary	alignment	eligible	67
SRR23343473	AD_Malaysia	822	within_species_comparison	primary	alignment	incomplete_codon	1
SRR23343473	AD_Malaysia	822	within_species_comparison	primary	alignment	low_base_quality	14
SRR23343473	AD_Malaysia	822	within_species_comparison	primary	fragment	conflicting_mates	0
SRR23343473	AD_Malaysia	822	within_species_comparison	primary	fragment	independent_eligible	64
SRR23343474	AD_Malaysia	822	within_species_comparison	primary	alignment	duplicate	5
SRR23343474	AD_Malaysia	822	within_species_comparison	primary	alignment	eligible	33
SRR23343474	AD_Malaysia	822	within_species_comparison	primary	alignment	incomplete_codon	3
SRR23343474	AD_Malaysia	822	within_species_comparison	primary	alignment	low_base_quality	2
SRR23343474	AD_Malaysia	822	within_species_comparison	primary	fragment	conflicting_mates	0
SRR23343474	AD_Malaysia	822	within_species_comparison	primary	fragment	independent_eligible	32
SRR23343475	AD_Malaysia	822	within_species_comparison	primary	alignment	duplicate	14
SRR23343475	AD_Malaysia	822	within_species_comparison	primary	alignment	eligible	36
SRR23343475	AD_Malaysia	822	within_species_comparison	primary	alignment	incomplete_codon	2
SRR23343475	AD_Malaysia	822	within_species_comparison	primary	alignment	low_base_quality	1
SRR23343475	AD_Malaysia	822	within_species_comparison	primary	fragment	conflicting_mates	0
SRR23343475	AD_Malaysia	822	within_species_comparison	primary	fragment	independent_eligible	35
SRR23343476	AD_Malaysia	822	within_species_comparison	primary	alignment	duplicate	3
SRR23343476	AD_Malaysia	822	within_species_comparison	primary	alignment	eligible	18
SRR23343476	AD_Malaysia	822	within_species_comparison	primary	alignment	incomplete_codon	1
SRR23343476	AD_Malaysia	822	within_species_comparison	primary	alignment	low_base_quality	2
SRR23343476	AD_Malaysia	822	within_species_comparison	primary	fragment	conflicting_mates	0
SRR23343476	AD_Malaysia	822	within_species_comparison	primary	fragment	independent_eligible	17
SRR23343477	AD_Malaysia	822	within_species_comparison	primary	alignment	duplicate	9
SRR23343477	AD_Malaysia	822	within_species_comparison	primary	alignment	eligible	33
SRR23343477	AD_Malaysia	822	within_species_comparison	primary	alignment	incomplete_codon	3
SRR23343477	AD_Malaysia	822	within_species_comparison	primary	alignment	low_base_quality	6
SRR23343477	AD_Malaysia	822	within_species_comparison	primary	fragment	conflicting_mates	0
SRR23343477	AD_Malaysia	822	within_species_comparison	primary	fragment	independent_eligible	33
SRR23343478	AD_Malaysia	822	within_species_comparison	primary	alignment	duplicate	5
SRR23343478	AD_Malaysia	822	within_species_comparison	primary	alignment	eligible	32
SRR23343478	AD_Malaysia	822	within_species_comparison	primary	alignment	incomplete_codon	2
SRR23343478	AD_Malaysia	822	within_species_comparison	primary	alignment	low_base_quality	6
SRR23343478	AD_Malaysia	822	within_species_comparison	primary	fragment	conflicting_mates	0
SRR23343478	AD_Malaysia	822	within_species_comparison	primary	fragment	independent_eligible	32
SRR23343479	AD_Malaysia	822	within_species_comparison	primary	alignment	duplicate	7
SRR23343479	AD_Malaysia	822	within_species_comparison	primary	alignment	eligible	19
SRR23343479	AD_Malaysia	822	within_species_comparison	primary	alignment	incomplete_codon	2
SRR23343479	AD_Malaysia	822	within_species_comparison	primary	alignment	low_base_quality	6
SRR23343479	AD_Malaysia	822	within_species_comparison	primary	fragment	conflicting_mates	0
SRR23343479	AD_Malaysia	822	within_species_comparison	primary	fragment	independent_eligible	19
SRR23343480	AD_Malaysia	822	within_species_comparison	primary	alignment	duplicate	6
SRR23343480	AD_Malaysia	822	within_species_comparison	primary	alignment	eligible	41
SRR23343480	AD_Malaysia	822	within_species_comparison	primary	alignment	low_base_quality	2
SRR23343480	AD_Malaysia	822	within_species_comparison	primary	fragment	conflicting_mates	0
SRR23343480	AD_Malaysia	822	within_species_comparison	primary	fragment	independent_eligible	41
SRR23343481	AD_Malaysia	822	within_species_comparison	primary	alignment	duplicate	5
SRR23343481	AD_Malaysia	822	within_species_comparison	primary	alignment	eligible	30
SRR23343481	AD_Malaysia	822	within_species_comparison	primary	alignment	incomplete_codon	1
SRR23343481	AD_Malaysia	822	within_species_comparison	primary	alignment	low_base_quality	2
SRR23343481	AD_Malaysia	822	within_species_comparison	primary	fragment	conflicting_mates	0
SRR23343481	AD_Malaysia	822	within_species_comparison	primary	fragment	independent_eligible	30
SRR23343482	AD_Malaysia	822	within_species_comparison	primary	alignment	duplicate	5
SRR23343482	AD_Malaysia	822	within_species_comparison	primary	alignment	eligible	43
SRR23343482	AD_Malaysia	822	within_species_comparison	primary	alignment	incomplete_codon	1
SRR23343482	AD_Malaysia	822	within_species_comparison	primary	alignment	low_base_quality	3
SRR23343482	AD_Malaysia	822	within_species_comparison	primary	fragment	conflicting_mates	0
SRR23343482	AD_Malaysia	822	within_species_comparison	primary	fragment	independent_eligible	39
SRR23343483	AD_Malaysia	822	within_species_comparison	primary	alignment	duplicate	4
SRR23343483	AD_Malaysia	822	within_species_comparison	primary	alignment	eligible	31
SRR23343483	AD_Malaysia	822	within_species_comparison	primary	alignment	low_base_quality	5
SRR23343483	AD_Malaysia	822	within_species_comparison	primary	fragment	conflicting_mates	0
SRR23343483	AD_Malaysia	822	within_species_comparison	primary	fragment	independent_eligible	30
SRR23343484	AD_Malaysia	822	within_species_comparison	primary	alignment	duplicate	9
SRR23343484	AD_Malaysia	822	within_species_comparison	primary	alignment	eligible	50
SRR23343484	AD_Malaysia	822	within_species_comparison	primary	alignment	incomplete_codon	3
SRR23343484	AD_Malaysia	822	within_species_comparison	primary	alignment	low_base_quality	9
SRR23343484	AD_Malaysia	822	within_species_comparison	primary	fragment	conflicting_mates	0
SRR23343484	AD_Malaysia	822	within_species_comparison	primary	fragment	independent_eligible	49
SRR23343485	AD_Malaysia	822	within_species_comparison	primary	alignment	duplicate	11
SRR23343485	AD_Malaysia	822	within_species_comparison	primary	alignment	eligible	29
SRR23343485	AD_Malaysia	822	within_species_comparison	primary	alignment	incomplete_codon	1
SRR23343485	AD_Malaysia	822	within_species_comparison	primary	alignment	low_base_quality	5
SRR23343485	AD_Malaysia	822	within_species_comparison	primary	fragment	conflicting_mates	0
SRR23343485	AD_Malaysia	822	within_species_comparison	primary	fragment	independent_eligible	29
SRR23343486	AD_Malaysia	822	within_species_comparison	primary	alignment	duplicate	3
SRR23343486	AD_Malaysia	822	within_species_comparison	primary	alignment	eligible	25
SRR23343486	AD_Malaysia	822	within_species_comparison	primary	alignment	incomplete_codon	2
SRR23343486	AD_Malaysia	822	within_species_comparison	primary	alignment	low_base_quality	4
SRR23343486	AD_Malaysia	822	within_species_comparison	primary	fragment	conflicting_mates	0
SRR23343486	AD_Malaysia	822	within_species_comparison	primary	fragment	independent_eligible	25
SRR23343487	AD_Malaysia	822	within_species_comparison	primary	alignment	duplicate	9
SRR23343487	AD_Malaysia	822	within_species_comparison	primary	alignment	eligible	32
SRR23343487	AD_Malaysia	822	within_species_comparison	primary	alignment	incomplete_codon	1
SRR23343487	AD_Malaysia	822	within_species_comparison	primary	alignment	low_base_quality	3
SRR23343487	AD_Malaysia	822	within_species_comparison	primary	fragment	conflicting_mates	0
SRR23343487	AD_Malaysia	822	within_species_comparison	primary	fragment	independent_eligible	32
SRR23343488	AD_Malaysia	822	within_species_comparison	primary	alignment	duplicate	3
SRR23343488	AD_Malaysia	822	within_species_comparison	primary	alignment	eligible	20
SRR23343488	AD_Malaysia	822	within_species_comparison	primary	alignment	incomplete_codon	1
SRR23343488	AD_Malaysia	822	within_species_comparison	primary	alignment	low_base_quality	6
SRR23343488	AD_Malaysia	822	within_species_comparison	primary	fragment	conflicting_mates	0
SRR23343488	AD_Malaysia	822	within_species_comparison	primary	fragment	independent_eligible	20
SRR23343489	AD_Malaysia	822	within_species_comparison	primary	alignment	duplicate	4
SRR23343489	AD_Malaysia	822	within_species_comparison	primary	alignment	eligible	31
SRR23343489	AD_Malaysia	822	within_species_comparison	primary	alignment	incomplete_codon	1
SRR23343489	AD_Malaysia	822	within_species_comparison	primary	alignment	low_base_quality	6
SRR23343489	AD_Malaysia	822	within_species_comparison	primary	fragment	conflicting_mates	0
SRR23343489	AD_Malaysia	822	within_species_comparison	primary	fragment	independent_eligible	30
SRR23343490	AD_Malaysia	822	within_species_comparison	primary	alignment	duplicate	8
SRR23343490	AD_Malaysia	822	within_species_comparison	primary	alignment	eligible	31
SRR23343490	AD_Malaysia	822	within_species_comparison	primary	alignment	incomplete_codon	1
SRR23343490	AD_Malaysia	822	within_species_comparison	primary	alignment	low_base_quality	3
SRR23343490	AD_Malaysia	822	within_species_comparison	primary	fragment	conflicting_mates	0
SRR23343490	AD_Malaysia	822	within_species_comparison	primary	fragment	independent_eligible	31
SRR23343491	AD_Malaysia	822	within_species_comparison	primary	alignment	duplicate	6
SRR23343491	AD_Malaysia	822	within_species_comparison	primary	alignment	eligible	19
SRR23343491	AD_Malaysia	822	within_species_comparison	primary	alignment	low_base_quality	2
SRR23343491	AD_Malaysia	822	within_species_comparison	primary	fragment	conflicting_mates	0
SRR23343491	AD_Malaysia	822	within_species_comparison	primary	fragment	independent_eligible	19
SRR23343492	AD_Malaysia	822	within_species_comparison	primary	alignment	duplicate	1
SRR23343492	AD_Malaysia	822	within_species_comparison	primary	alignment	eligible	22
SRR23343492	AD_Malaysia	822	within_species_comparison	primary	alignment	incomplete_codon	1
SRR23343492	AD_Malaysia	822	within_species_comparison	primary	alignment	low_base_quality	3
SRR23343492	AD_Malaysia	822	within_species_comparison	primary	fragment	conflicting_mates	0
SRR23343492	AD_Malaysia	822	within_species_comparison	primary	fragment	independent_eligible	21
SRR23343493	AD_Malaysia	822	within_species_comparison	primary	alignment	duplicate	5
SRR23343493	AD_Malaysia	822	within_species_comparison	primary	alignment	eligible	23
SRR23343493	AD_Malaysia	822	within_species_comparison	primary	alignment	low_base_quality	2
SRR23343493	AD_Malaysia	822	within_species_comparison	primary	fragment	conflicting_mates	0
SRR23343493	AD_Malaysia	822	within_species_comparison	primary	fragment	independent_eligible	22
SRR23343494	AD_Malaysia	822	within_species_comparison	primary	alignment	duplicate	6
SRR23343494	AD_Malaysia	822	within_species_comparison	primary	alignment	eligible	35
SRR23343494	AD_Malaysia	822	within_species_comparison	primary	alignment	incomplete_codon	2
SRR23343494	AD_Malaysia	822	within_species_comparison	primary	alignment	low_base_quality	1
SRR23343494	AD_Malaysia	822	within_species_comparison	primary	fragment	conflicting_mates	0
SRR23343494	AD_Malaysia	822	within_species_comparison	primary	fragment	independent_eligible	35
SRR23343438	AD_Malaysia	1134	primary	primary	alignment	duplicate	8
SRR23343438	AD_Malaysia	1134	primary	primary	alignment	eligible	38
SRR23343438	AD_Malaysia	1134	primary	primary	alignment	low_base_quality	9
SRR23343438	AD_Malaysia	1134	primary	primary	fragment	conflicting_mates	0
SRR23343438	AD_Malaysia	1134	primary	primary	fragment	independent_eligible	37
SRR23343439	AD_Malaysia	1134	primary	primary	alignment	duplicate	9
SRR23343439	AD_Malaysia	1134	primary	primary	alignment	eligible	36
SRR23343439	AD_Malaysia	1134	primary	primary	alignment	incomplete_codon	3
SRR23343439	AD_Malaysia	1134	primary	primary	alignment	low_base_quality	10
SRR23343439	AD_Malaysia	1134	primary	primary	fragment	conflicting_mates	0
SRR23343439	AD_Malaysia	1134	primary	primary	fragment	independent_eligible	35
SRR23343440	AD_Malaysia	1134	primary	primary	alignment	duplicate	5
SRR23343440	AD_Malaysia	1134	primary	primary	alignment	eligible	27
SRR23343440	AD_Malaysia	1134	primary	primary	alignment	low_base_quality	17
SRR23343440	AD_Malaysia	1134	primary	primary	fragment	conflicting_mates	0
SRR23343440	AD_Malaysia	1134	primary	primary	fragment	independent_eligible	27
SRR23343441	AD_Malaysia	1134	primary	primary	alignment	duplicate	3
SRR23343441	AD_Malaysia	1134	primary	primary	alignment	eligible	28
SRR23343441	AD_Malaysia	1134	primary	primary	alignment	low_base_quality	9
SRR23343441	AD_Malaysia	1134	primary	primary	fragment	conflicting_mates	0
SRR23343441	AD_Malaysia	1134	primary	primary	fragment	independent_eligible	28
SRR23343442	AD_Malaysia	1134	primary	primary	alignment	duplicate	9
SRR23343442	AD_Malaysia	1134	primary	primary	alignment	eligible	53
SRR23343442	AD_Malaysia	1134	primary	primary	alignment	incomplete_codon	3
SRR23343442	AD_Malaysia	1134	primary	primary	alignment	low_base_quality	13
SRR23343442	AD_Malaysia	1134	primary	primary	fragment	conflicting_mates	0
SRR23343442	AD_Malaysia	1134	primary	primary	fragment	independent_eligible	52
SRR23343443	AD_Malaysia	1134	primary	primary	alignment	duplicate	6
SRR23343443	AD_Malaysia	1134	primary	primary	alignment	eligible	26
SRR23343443	AD_Malaysia	1134	primary	primary	alignment	low_base_quality	6
SRR23343443	AD_Malaysia	1134	primary	primary	fragment	conflicting_mates	0
SRR23343443	AD_Malaysia	1134	primary	primary	fragment	independent_eligible	25
SRR23343444	AD_Malaysia	1134	primary	primary	alignment	duplicate	5
SRR23343444	AD_Malaysia	1134	primary	primary	alignment	eligible	29
SRR23343444	AD_Malaysia	1134	primary	primary	alignment	low_base_quality	10
SRR23343444	AD_Malaysia	1134	primary	primary	fragment	conflicting_mates	0
SRR23343444	AD_Malaysia	1134	primary	primary	fragment	independent_eligible	28
SRR23343445	AD_Malaysia	1134	primary	primary	alignment	duplicate	6
SRR23343445	AD_Malaysia	1134	primary	primary	alignment	eligible	36
SRR23343445	AD_Malaysia	1134	primary	primary	alignment	incomplete_codon	2
SRR23343445	AD_Malaysia	1134	primary	primary	alignment	low_base_quality	7
SRR23343445	AD_Malaysia	1134	primary	primary	fragment	conflicting_mates	0
SRR23343445	AD_Malaysia	1134	primary	primary	fragment	independent_eligible	36
SRR23343446	AD_Malaysia	1134	primary	primary	alignment	duplicate	5
SRR23343446	AD_Malaysia	1134	primary	primary	alignment	eligible	21
SRR23343446	AD_Malaysia	1134	primary	primary	alignment	low_base_quality	7
SRR23343446	AD_Malaysia	1134	primary	primary	fragment	conflicting_mates	0
SRR23343446	AD_Malaysia	1134	primary	primary	fragment	independent_eligible	20
SRR23343447	AD_Malaysia	1134	primary	primary	alignment	duplicate	13
SRR23343447	AD_Malaysia	1134	primary	primary	alignment	eligible	38
SRR23343447	AD_Malaysia	1134	primary	primary	alignment	incomplete_codon	1
SRR23343447	AD_Malaysia	1134	primary	primary	alignment	low_base_quality	6
SRR23343447	AD_Malaysia	1134	primary	primary	fragment	conflicting_mates	0
SRR23343447	AD_Malaysia	1134	primary	primary	fragment	independent_eligible	37
SRR23343448	AD_Malaysia	1134	primary	primary	alignment	duplicate	6
SRR23343448	AD_Malaysia	1134	primary	primary	alignment	eligible	25
SRR23343448	AD_Malaysia	1134	primary	primary	alignment	incomplete_codon	1
SRR23343448	AD_Malaysia	1134	primary	primary	alignment	low_base_quality	5
SRR23343448	AD_Malaysia	1134	primary	primary	fragment	conflicting_mates	0
SRR23343448	AD_Malaysia	1134	primary	primary	fragment	independent_eligible	25
SRR23343449	AD_Malaysia	1134	primary	primary	alignment	duplicate	12
SRR23343449	AD_Malaysia	1134	primary	primary	alignment	eligible	30
SRR23343449	AD_Malaysia	1134	primary	primary	alignment	low_base_quality	5
SRR23343449	AD_Malaysia	1134	primary	primary	fragment	conflicting_mates	0
SRR23343449	AD_Malaysia	1134	primary	primary	fragment	independent_eligible	30
SRR23343450	AD_Malaysia	1134	primary	primary	alignment	duplicate	5
SRR23343450	AD_Malaysia	1134	primary	primary	alignment	eligible	27
SRR23343450	AD_Malaysia	1134	primary	primary	alignment	incomplete_codon	2
SRR23343450	AD_Malaysia	1134	primary	primary	alignment	low_base_quality	9
SRR23343450	AD_Malaysia	1134	primary	primary	fragment	conflicting_mates	0
SRR23343450	AD_Malaysia	1134	primary	primary	fragment	independent_eligible	27
SRR23343451	AD_Malaysia	1134	primary	primary	alignment	duplicate	9
SRR23343451	AD_Malaysia	1134	primary	primary	alignment	eligible	21
SRR23343451	AD_Malaysia	1134	primary	primary	alignment	low_base_quality	7
SRR23343451	AD_Malaysia	1134	primary	primary	alignment	low_mapping_quality	1
SRR23343451	AD_Malaysia	1134	primary	primary	fragment	conflicting_mates	0
SRR23343451	AD_Malaysia	1134	primary	primary	fragment	independent_eligible	20
SRR23343452	AD_Malaysia	1134	primary	primary	alignment	duplicate	7
SRR23343452	AD_Malaysia	1134	primary	primary	alignment	eligible	31
SRR23343452	AD_Malaysia	1134	primary	primary	alignment	incomplete_codon	3
SRR23343452	AD_Malaysia	1134	primary	primary	alignment	low_base_quality	10
SRR23343452	AD_Malaysia	1134	primary	primary	fragment	conflicting_mates	0
SRR23343452	AD_Malaysia	1134	primary	primary	fragment	independent_eligible	31
SRR23343453	AD_Malaysia	1134	primary	primary	alignment	duplicate	4
SRR23343453	AD_Malaysia	1134	primary	primary	alignment	eligible	22
SRR23343453	AD_Malaysia	1134	primary	primary	alignment	low_base_quality	3
SRR23343453	AD_Malaysia	1134	primary	primary	fragment	conflicting_mates	0
SRR23343453	AD_Malaysia	1134	primary	primary	fragment	independent_eligible	22
SRR23343454	AD_Malaysia	1134	primary	primary	alignment	duplicate	3
SRR23343454	AD_Malaysia	1134	primary	primary	alignment	eligible	24
SRR23343454	AD_Malaysia	1134	primary	primary	alignment	low_base_quality	5
SRR23343454	AD_Malaysia	1134	primary	primary	fragment	conflicting_mates	0
SRR23343454	AD_Malaysia	1134	primary	primary	fragment	independent_eligible	24
SRR23343455	AD_Malaysia	1134	primary	primary	alignment	eligible	2
SRR23343455	AD_Malaysia	1134	primary	primary	alignment	low_base_quality	1
SRR23343455	AD_Malaysia	1134	primary	primary	fragment	conflicting_mates	0
SRR23343455	AD_Malaysia	1134	primary	primary	fragment	independent_eligible	2
SRR23343456	AD_Malaysia	1134	primary	primary	alignment	duplicate	4
SRR23343456	AD_Malaysia	1134	primary	primary	alignment	eligible	27
SRR23343456	AD_Malaysia	1134	primary	primary	alignment	incomplete_codon	3
SRR23343456	AD_Malaysia	1134	primary	primary	alignment	low_base_quality	4
SRR23343456	AD_Malaysia	1134	primary	primary	fragment	conflicting_mates	0
SRR23343456	AD_Malaysia	1134	primary	primary	fragment	independent_eligible	27
SRR23343457	AD_Malaysia	1134	primary	primary	alignment	duplicate	8
SRR23343457	AD_Malaysia	1134	primary	primary	alignment	eligible	31
SRR23343457	AD_Malaysia	1134	primary	primary	alignment	incomplete_codon	1
SRR23343457	AD_Malaysia	1134	primary	primary	alignment	low_base_quality	6
SRR23343457	AD_Malaysia	1134	primary	primary	fragment	conflicting_mates	0
SRR23343457	AD_Malaysia	1134	primary	primary	fragment	independent_eligible	30
SRR23343458	AD_Malaysia	1134	primary	primary	alignment	duplicate	7
SRR23343458	AD_Malaysia	1134	primary	primary	alignment	eligible	34
SRR23343458	AD_Malaysia	1134	primary	primary	alignment	incomplete_codon	1
SRR23343458	AD_Malaysia	1134	primary	primary	alignment	low_base_quality	7
SRR23343458	AD_Malaysia	1134	primary	primary	fragment	conflicting_mates	0
SRR23343458	AD_Malaysia	1134	primary	primary	fragment	independent_eligible	34
SRR23343459	AD_Malaysia	1134	primary	primary	alignment	duplicate	5
SRR23343459	AD_Malaysia	1134	primary	primary	alignment	eligible	19
SRR23343459	AD_Malaysia	1134	primary	primary	alignment	low_base_quality	5
SRR23343459	AD_Malaysia	1134	primary	primary	fragment	conflicting_mates	0
SRR23343459	AD_Malaysia	1134	primary	primary	fragment	independent_eligible	19
SRR23343460	AD_Malaysia	1134	primary	primary	alignment	duplicate	5
SRR23343460	AD_Malaysia	1134	primary	primary	alignment	eligible	38
SRR23343460	AD_Malaysia	1134	primary	primary	alignment	incomplete_codon	2
SRR23343460	AD_Malaysia	1134	primary	primary	alignment	low_base_quality	13
SRR23343460	AD_Malaysia	1134	primary	primary	fragment	conflicting_mates	0
SRR23343460	AD_Malaysia	1134	primary	primary	fragment	independent_eligible	36
SRR23343461	AD_Malaysia	1134	primary	primary	alignment	duplicate	3
SRR23343461	AD_Malaysia	1134	primary	primary	alignment	eligible	30
SRR23343461	AD_Malaysia	1134	primary	primary	alignment	incomplete_codon	3
SRR23343461	AD_Malaysia	1134	primary	primary	alignment	low_base_quality	6
SRR23343461	AD_Malaysia	1134	primary	primary	fragment	conflicting_mates	0
SRR23343461	AD_Malaysia	1134	primary	primary	fragment	independent_eligible	30
SRR23343462	AD_Malaysia	1134	primary	primary	alignment	duplicate	6
SRR23343462	AD_Malaysia	1134	primary	primary	alignment	eligible	46
SRR23343462	AD_Malaysia	1134	primary	primary	alignment	incomplete_codon	1
SRR23343462	AD_Malaysia	1134	primary	primary	alignment	low_base_quality	4
SRR23343462	AD_Malaysia	1134	primary	primary	fragment	conflicting_mates	0
SRR23343462	AD_Malaysia	1134	primary	primary	fragment	independent_eligible	44
SRR23343463	AD_Malaysia	1134	primary	primary	alignment	duplicate	9
SRR23343463	AD_Malaysia	1134	primary	primary	alignment	eligible	30
SRR23343463	AD_Malaysia	1134	primary	primary	alignment	low_base_quality	10
SRR23343463	AD_Malaysia	1134	primary	primary	fragment	conflicting_mates	0
SRR23343463	AD_Malaysia	1134	primary	primary	fragment	independent_eligible	29
SRR23343464	AD_Malaysia	1134	primary	primary	alignment	duplicate	5
SRR23343464	AD_Malaysia	1134	primary	primary	alignment	eligible	27
SRR23343464	AD_Malaysia	1134	primary	primary	alignment	low_base_quality	9
SRR23343464	AD_Malaysia	1134	primary	primary	fragment	conflicting_mates	0
SRR23343464	AD_Malaysia	1134	primary	primary	fragment	independent_eligible	27
SRR23343465	AD_Malaysia	1134	primary	primary	alignment	duplicate	6
SRR23343465	AD_Malaysia	1134	primary	primary	alignment	eligible	17
SRR23343465	AD_Malaysia	1134	primary	primary	alignment	incomplete_codon	1
SRR23343465	AD_Malaysia	1134	primary	primary	alignment	low_base_quality	4
SRR23343465	AD_Malaysia	1134	primary	primary	fragment	conflicting_mates	0
SRR23343465	AD_Malaysia	1134	primary	primary	fragment	independent_eligible	16
SRR23343466	AD_Malaysia	1134	primary	primary	alignment	duplicate	4
SRR23343466	AD_Malaysia	1134	primary	primary	alignment	eligible	32
SRR23343466	AD_Malaysia	1134	primary	primary	alignment	low_base_quality	5
SRR23343466	AD_Malaysia	1134	primary	primary	fragment	conflicting_mates	0
SRR23343466	AD_Malaysia	1134	primary	primary	fragment	independent_eligible	31
SRR23343467	AD_Malaysia	1134	primary	primary	alignment	duplicate	4
SRR23343467	AD_Malaysia	1134	primary	primary	alignment	eligible	36
SRR23343467	AD_Malaysia	1134	primary	primary	alignment	low_base_quality	15
SRR23343467	AD_Malaysia	1134	primary	primary	fragment	conflicting_mates	0
SRR23343467	AD_Malaysia	1134	primary	primary	fragment	independent_eligible	36
SRR23343468	AD_Malaysia	1134	primary	primary	alignment	duplicate	12
SRR23343468	AD_Malaysia	1134	primary	primary	alignment	eligible	40
SRR23343468	AD_Malaysia	1134	primary	primary	alignment	low_base_quality	14
SRR23343468	AD_Malaysia	1134	primary	primary	fragment	conflicting_mates	0
SRR23343468	AD_Malaysia	1134	primary	primary	fragment	independent_eligible	40
SRR23343469	AD_Malaysia	1134	primary	primary	alignment	duplicate	4
SRR23343469	AD_Malaysia	1134	primary	primary	alignment	eligible	29
SRR23343469	AD_Malaysia	1134	primary	primary	alignment	incomplete_codon	1
SRR23343469	AD_Malaysia	1134	primary	primary	alignment	low_base_quality	7
SRR23343469	AD_Malaysia	1134	primary	primary	fragment	conflicting_mates	0
SRR23343469	AD_Malaysia	1134	primary	primary	fragment	independent_eligible	28
SRR23343470	AD_Malaysia	1134	primary	primary	alignment	duplicate	5
SRR23343470	AD_Malaysia	1134	primary	primary	alignment	eligible	22
SRR23343470	AD_Malaysia	1134	primary	primary	alignment	incomplete_codon	2
SRR23343470	AD_Malaysia	1134	primary	primary	alignment	low_base_quality	8
SRR23343470	AD_Malaysia	1134	primary	primary	fragment	conflicting_mates	0
SRR23343470	AD_Malaysia	1134	primary	primary	fragment	independent_eligible	21
SRR23343471	AD_Malaysia	1134	primary	primary	alignment	duplicate	5
SRR23343471	AD_Malaysia	1134	primary	primary	alignment	eligible	31
SRR23343471	AD_Malaysia	1134	primary	primary	alignment	incomplete_codon	1
SRR23343471	AD_Malaysia	1134	primary	primary	alignment	low_base_quality	15
SRR23343471	AD_Malaysia	1134	primary	primary	fragment	conflicting_mates	0
SRR23343471	AD_Malaysia	1134	primary	primary	fragment	independent_eligible	31
SRR23343472	AD_Malaysia	1134	primary	primary	alignment	duplicate	10
SRR23343472	AD_Malaysia	1134	primary	primary	alignment	eligible	32
SRR23343472	AD_Malaysia	1134	primary	primary	alignment	incomplete_codon	3
SRR23343472	AD_Malaysia	1134	primary	primary	alignment	low_base_quality	5
SRR23343472	AD_Malaysia	1134	primary	primary	fragment	conflicting_mates	0
SRR23343472	AD_Malaysia	1134	primary	primary	fragment	independent_eligible	32
SRR23343473	AD_Malaysia	1134	primary	primary	alignment	duplicate	14
SRR23343473	AD_Malaysia	1134	primary	primary	alignment	eligible	62
SRR23343473	AD_Malaysia	1134	primary	primary	alignment	incomplete_codon	1
SRR23343473	AD_Malaysia	1134	primary	primary	alignment	low_base_quality	12
SRR23343473	AD_Malaysia	1134	primary	primary	fragment	conflicting_mates	0
SRR23343473	AD_Malaysia	1134	primary	primary	fragment	independent_eligible	60
SRR23343474	AD_Malaysia	1134	primary	primary	alignment	duplicate	4
SRR23343474	AD_Malaysia	1134	primary	primary	alignment	eligible	30
SRR23343474	AD_Malaysia	1134	primary	primary	alignment	incomplete_codon	1
SRR23343474	AD_Malaysia	1134	primary	primary	alignment	low_base_quality	5
SRR23343474	AD_Malaysia	1134	primary	primary	fragment	conflicting_mates	0
SRR23343474	AD_Malaysia	1134	primary	primary	fragment	independent_eligible	29
SRR23343475	AD_Malaysia	1134	primary	primary	alignment	duplicate	6
SRR23343475	AD_Malaysia	1134	primary	primary	alignment	eligible	27
SRR23343475	AD_Malaysia	1134	primary	primary	alignment	incomplete_codon	2
SRR23343475	AD_Malaysia	1134	primary	primary	alignment	low_base_quality	5
SRR23343475	AD_Malaysia	1134	primary	primary	fragment	conflicting_mates	0
SRR23343475	AD_Malaysia	1134	primary	primary	fragment	independent_eligible	27
SRR23343476	AD_Malaysia	1134	primary	primary	alignment	duplicate	2
SRR23343476	AD_Malaysia	1134	primary	primary	alignment	eligible	17
SRR23343476	AD_Malaysia	1134	primary	primary	alignment	incomplete_codon	1
SRR23343476	AD_Malaysia	1134	primary	primary	alignment	low_base_quality	7
SRR23343476	AD_Malaysia	1134	primary	primary	fragment	conflicting_mates	0
SRR23343476	AD_Malaysia	1134	primary	primary	fragment	independent_eligible	17
SRR23343477	AD_Malaysia	1134	primary	primary	alignment	duplicate	6
SRR23343477	AD_Malaysia	1134	primary	primary	alignment	eligible	35
SRR23343477	AD_Malaysia	1134	primary	primary	alignment	incomplete_codon	2
SRR23343477	AD_Malaysia	1134	primary	primary	alignment	low_base_quality	8
SRR23343477	AD_Malaysia	1134	primary	primary	fragment	conflicting_mates	0
SRR23343477	AD_Malaysia	1134	primary	primary	fragment	independent_eligible	32
SRR23343478	AD_Malaysia	1134	primary	primary	alignment	duplicate	3
SRR23343478	AD_Malaysia	1134	primary	primary	alignment	eligible	23
SRR23343478	AD_Malaysia	1134	primary	primary	alignment	incomplete_codon	1
SRR23343478	AD_Malaysia	1134	primary	primary	alignment	low_base_quality	8
SRR23343478	AD_Malaysia	1134	primary	primary	fragment	conflicting_mates	0
SRR23343478	AD_Malaysia	1134	primary	primary	fragment	independent_eligible	23
SRR23343479	AD_Malaysia	1134	primary	primary	alignment	duplicate	6
SRR23343479	AD_Malaysia	1134	primary	primary	alignment	eligible	24
SRR23343479	AD_Malaysia	1134	primary	primary	alignment	incomplete_codon	1
SRR23343479	AD_Malaysia	1134	primary	primary	alignment	low_base_quality	2
SRR23343479	AD_Malaysia	1134	primary	primary	fragment	conflicting_mates	0
SRR23343479	AD_Malaysia	1134	primary	primary	fragment	independent_eligible	24
SRR23343480	AD_Malaysia	1134	primary	primary	alignment	duplicate	11
SRR23343480	AD_Malaysia	1134	primary	primary	alignment	eligible	33
SRR23343480	AD_Malaysia	1134	primary	primary	alignment	incomplete_codon	1
SRR23343480	AD_Malaysia	1134	primary	primary	alignment	low_base_quality	5
SRR23343480	AD_Malaysia	1134	primary	primary	fragment	conflicting_mates	0
SRR23343480	AD_Malaysia	1134	primary	primary	fragment	independent_eligible	32
SRR23343481	AD_Malaysia	1134	primary	primary	alignment	duplicate	5
SRR23343481	AD_Malaysia	1134	primary	primary	alignment	eligible	24
SRR23343481	AD_Malaysia	1134	primary	primary	alignment	low_base_quality	5
SRR23343481	AD_Malaysia	1134	primary	primary	fragment	conflicting_mates	0
SRR23343481	AD_Malaysia	1134	primary	primary	fragment	independent_eligible	24
SRR23343482	AD_Malaysia	1134	primary	primary	alignment	duplicate	9
SRR23343482	AD_Malaysia	1134	primary	primary	alignment	eligible	27
SRR23343482	AD_Malaysia	1134	primary	primary	alignment	low_base_quality	7
SRR23343482	AD_Malaysia	1134	primary	primary	fragment	conflicting_mates	0
SRR23343482	AD_Malaysia	1134	primary	primary	fragment	independent_eligible	26
SRR23343483	AD_Malaysia	1134	primary	primary	alignment	duplicate	6
SRR23343483	AD_Malaysia	1134	primary	primary	alignment	eligible	24
SRR23343483	AD_Malaysia	1134	primary	primary	alignment	low_base_quality	7
SRR23343483	AD_Malaysia	1134	primary	primary	fragment	conflicting_mates	0
SRR23343483	AD_Malaysia	1134	primary	primary	fragment	independent_eligible	24
SRR23343484	AD_Malaysia	1134	primary	primary	alignment	duplicate	18
SRR23343484	AD_Malaysia	1134	primary	primary	alignment	eligible	51
SRR23343484	AD_Malaysia	1134	primary	primary	alignment	incomplete_codon	2
SRR23343484	AD_Malaysia	1134	primary	primary	alignment	low_base_quality	12
SRR23343484	AD_Malaysia	1134	primary	primary	fragment	conflicting_mates	0
SRR23343484	AD_Malaysia	1134	primary	primary	fragment	independent_eligible	49
SRR23343485	AD_Malaysia	1134	primary	primary	alignment	duplicate	7
SRR23343485	AD_Malaysia	1134	primary	primary	alignment	eligible	24
SRR23343485	AD_Malaysia	1134	primary	primary	alignment	low_base_quality	5
SRR23343485	AD_Malaysia	1134	primary	primary	fragment	conflicting_mates	0
SRR23343485	AD_Malaysia	1134	primary	primary	fragment	independent_eligible	23
SRR23343486	AD_Malaysia	1134	primary	primary	alignment	duplicate	12
SRR23343486	AD_Malaysia	1134	primary	primary	alignment	eligible	35
SRR23343486	AD_Malaysia	1134	primary	primary	alignment	incomplete_codon	2
SRR23343486	AD_Malaysia	1134	primary	primary	alignment	low_base_quality	5
SRR23343486	AD_Malaysia	1134	primary	primary	fragment	conflicting_mates	0
SRR23343486	AD_Malaysia	1134	primary	primary	fragment	independent_eligible	31
SRR23343487	AD_Malaysia	1134	primary	primary	alignment	duplicate	9
SRR23343487	AD_Malaysia	1134	primary	primary	alignment	eligible	34
SRR23343487	AD_Malaysia	1134	primary	primary	alignment	incomplete_codon	2
SRR23343487	AD_Malaysia	1134	primary	primary	alignment	low_base_quality	3
SRR23343487	AD_Malaysia	1134	primary	primary	fragment	conflicting_mates	0
SRR23343487	AD_Malaysia	1134	primary	primary	fragment	independent_eligible	33
SRR23343488	AD_Malaysia	1134	primary	primary	alignment	duplicate	4
SRR23343488	AD_Malaysia	1134	primary	primary	alignment	eligible	27
SRR23343488	AD_Malaysia	1134	primary	primary	alignment	incomplete_codon	1
SRR23343488	AD_Malaysia	1134	primary	primary	alignment	low_base_quality	3
SRR23343488	AD_Malaysia	1134	primary	primary	fragment	conflicting_mates	0
SRR23343488	AD_Malaysia	1134	primary	primary	fragment	independent_eligible	27
SRR23343489	AD_Malaysia	1134	primary	primary	alignment	duplicate	7
SRR23343489	AD_Malaysia	1134	primary	primary	alignment	eligible	33
SRR23343489	AD_Malaysia	1134	primary	primary	alignment	incomplete_codon	1
SRR23343489	AD_Malaysia	1134	primary	primary	alignment	low_base_quality	7
SRR23343489	AD_Malaysia	1134	primary	primary	fragment	conflicting_mates	0
SRR23343489	AD_Malaysia	1134	primary	primary	fragment	independent_eligible	33
SRR23343490	AD_Malaysia	1134	primary	primary	alignment	duplicate	2
SRR23343490	AD_Malaysia	1134	primary	primary	alignment	eligible	22
SRR23343490	AD_Malaysia	1134	primary	primary	alignment	incomplete_codon	1
SRR23343490	AD_Malaysia	1134	primary	primary	alignment	low_base_quality	3
SRR23343490	AD_Malaysia	1134	primary	primary	fragment	conflicting_mates	0
SRR23343490	AD_Malaysia	1134	primary	primary	fragment	independent_eligible	22
SRR23343491	AD_Malaysia	1134	primary	primary	alignment	duplicate	1
SRR23343491	AD_Malaysia	1134	primary	primary	alignment	eligible	24
SRR23343491	AD_Malaysia	1134	primary	primary	alignment	incomplete_codon	1
SRR23343491	AD_Malaysia	1134	primary	primary	alignment	low_base_quality	5
SRR23343491	AD_Malaysia	1134	primary	primary	fragment	conflicting_mates	0
SRR23343491	AD_Malaysia	1134	primary	primary	fragment	independent_eligible	22
SRR23343492	AD_Malaysia	1134	primary	primary	alignment	duplicate	7
SRR23343492	AD_Malaysia	1134	primary	primary	alignment	eligible	36
SRR23343492	AD_Malaysia	1134	primary	primary	alignment	low_base_quality	4
SRR23343492	AD_Malaysia	1134	primary	primary	fragment	conflicting_mates	0
SRR23343492	AD_Malaysia	1134	primary	primary	fragment	independent_eligible	35
SRR23343493	AD_Malaysia	1134	primary	primary	alignment	duplicate	4
SRR23343493	AD_Malaysia	1134	primary	primary	alignment	eligible	19
SRR23343493	AD_Malaysia	1134	primary	primary	alignment	incomplete_codon	2
SRR23343493	AD_Malaysia	1134	primary	primary	alignment	low_base_quality	6
SRR23343493	AD_Malaysia	1134	primary	primary	fragment	conflicting_mates	0
SRR23343493	AD_Malaysia	1134	primary	primary	fragment	independent_eligible	18
SRR23343494	AD_Malaysia	1134	primary	primary	alignment	duplicate	8
SRR23343494	AD_Malaysia	1134	primary	primary	alignment	eligible	40
SRR23343494	AD_Malaysia	1134	primary	primary	alignment	low_base_quality	5
SRR23343494	AD_Malaysia	1134	primary	primary	fragment	conflicting_mates	0
SRR23343494	AD_Malaysia	1134	primary	primary	fragment	independent_eligible	38
SRR23343438	AD_Malaysia	254	primary	sensitivity	alignment	duplicate	11
SRR23343438	AD_Malaysia	254	primary	sensitivity	alignment	eligible	39
SRR23343438	AD_Malaysia	254	primary	sensitivity	alignment	incomplete_codon	2
SRR23343438	AD_Malaysia	254	primary	sensitivity	alignment	low_base_quality	3
SRR23343438	AD_Malaysia	254	primary	sensitivity	fragment	conflicting_mates	0
SRR23343438	AD_Malaysia	254	primary	sensitivity	fragment	independent_eligible	38
SRR23343439	AD_Malaysia	254	primary	sensitivity	alignment	duplicate	10
SRR23343439	AD_Malaysia	254	primary	sensitivity	alignment	eligible	29
SRR23343439	AD_Malaysia	254	primary	sensitivity	alignment	incomplete_codon	2
SRR23343439	AD_Malaysia	254	primary	sensitivity	alignment	low_base_quality	1
SRR23343439	AD_Malaysia	254	primary	sensitivity	fragment	conflicting_mates	0
SRR23343439	AD_Malaysia	254	primary	sensitivity	fragment	independent_eligible	29
SRR23343440	AD_Malaysia	254	primary	sensitivity	alignment	duplicate	8
SRR23343440	AD_Malaysia	254	primary	sensitivity	alignment	eligible	36
SRR23343440	AD_Malaysia	254	primary	sensitivity	alignment	low_base_quality	2
SRR23343440	AD_Malaysia	254	primary	sensitivity	fragment	conflicting_mates	0
SRR23343440	AD_Malaysia	254	primary	sensitivity	fragment	independent_eligible	36
SRR23343441	AD_Malaysia	254	primary	sensitivity	alignment	duplicate	9
SRR23343441	AD_Malaysia	254	primary	sensitivity	alignment	eligible	32
SRR23343441	AD_Malaysia	254	primary	sensitivity	alignment	incomplete_codon	1
SRR23343441	AD_Malaysia	254	primary	sensitivity	alignment	low_base_quality	1
SRR23343441	AD_Malaysia	254	primary	sensitivity	fragment	conflicting_mates	0
SRR23343441	AD_Malaysia	254	primary	sensitivity	fragment	independent_eligible	29
SRR23343442	AD_Malaysia	254	primary	sensitivity	alignment	duplicate	5
SRR23343442	AD_Malaysia	254	primary	sensitivity	alignment	eligible	35
SRR23343442	AD_Malaysia	254	primary	sensitivity	alignment	incomplete_codon	1
SRR23343442	AD_Malaysia	254	primary	sensitivity	alignment	low_base_quality	5
SRR23343442	AD_Malaysia	254	primary	sensitivity	fragment	conflicting_mates	0
SRR23343442	AD_Malaysia	254	primary	sensitivity	fragment	independent_eligible	34
SRR23343443	AD_Malaysia	254	primary	sensitivity	alignment	duplicate	6
SRR23343443	AD_Malaysia	254	primary	sensitivity	alignment	eligible	26
SRR23343443	AD_Malaysia	254	primary	sensitivity	alignment	incomplete_codon	1
SRR23343443	AD_Malaysia	254	primary	sensitivity	alignment	low_base_quality	2
SRR23343443	AD_Malaysia	254	primary	sensitivity	fragment	conflicting_mates	0
SRR23343443	AD_Malaysia	254	primary	sensitivity	fragment	independent_eligible	22
SRR23343444	AD_Malaysia	254	primary	sensitivity	alignment	duplicate	4
SRR23343444	AD_Malaysia	254	primary	sensitivity	alignment	eligible	27
SRR23343444	AD_Malaysia	254	primary	sensitivity	alignment	incomplete_codon	1
SRR23343444	AD_Malaysia	254	primary	sensitivity	alignment	low_base_quality	2
SRR23343444	AD_Malaysia	254	primary	sensitivity	fragment	conflicting_mates	0
SRR23343444	AD_Malaysia	254	primary	sensitivity	fragment	independent_eligible	27
SRR23343445	AD_Malaysia	254	primary	sensitivity	alignment	duplicate	6
SRR23343445	AD_Malaysia	254	primary	sensitivity	alignment	eligible	45
SRR23343445	AD_Malaysia	254	primary	sensitivity	alignment	incomplete_codon	3
SRR23343445	AD_Malaysia	254	primary	sensitivity	alignment	low_base_quality	4
SRR23343445	AD_Malaysia	254	primary	sensitivity	fragment	conflicting_mates	0
SRR23343445	AD_Malaysia	254	primary	sensitivity	fragment	independent_eligible	45
SRR23343446	AD_Malaysia	254	primary	sensitivity	alignment	eligible	22
SRR23343446	AD_Malaysia	254	primary	sensitivity	alignment	low_base_quality	4
SRR23343446	AD_Malaysia	254	primary	sensitivity	fragment	conflicting_mates	0
SRR23343446	AD_Malaysia	254	primary	sensitivity	fragment	independent_eligible	22
SRR23343447	AD_Malaysia	254	primary	sensitivity	alignment	duplicate	9
SRR23343447	AD_Malaysia	254	primary	sensitivity	alignment	eligible	32
SRR23343447	AD_Malaysia	254	primary	sensitivity	alignment	incomplete_codon	1
SRR23343447	AD_Malaysia	254	primary	sensitivity	alignment	low_base_quality	1
SRR23343447	AD_Malaysia	254	primary	sensitivity	alignment	low_mapping_quality	1
SRR23343447	AD_Malaysia	254	primary	sensitivity	fragment	conflicting_mates	0
SRR23343447	AD_Malaysia	254	primary	sensitivity	fragment	independent_eligible	32
SRR23343448	AD_Malaysia	254	primary	sensitivity	alignment	duplicate	5
SRR23343448	AD_Malaysia	254	primary	sensitivity	alignment	eligible	37
SRR23343448	AD_Malaysia	254	primary	sensitivity	alignment	low_base_quality	4
SRR23343448	AD_Malaysia	254	primary	sensitivity	fragment	conflicting_mates	0
SRR23343448	AD_Malaysia	254	primary	sensitivity	fragment	independent_eligible	37
SRR23343449	AD_Malaysia	254	primary	sensitivity	alignment	duplicate	7
SRR23343449	AD_Malaysia	254	primary	sensitivity	alignment	eligible	28
SRR23343449	AD_Malaysia	254	primary	sensitivity	alignment	low_base_quality	5
SRR23343449	AD_Malaysia	254	primary	sensitivity	alignment	unmapped	1
SRR23343449	AD_Malaysia	254	primary	sensitivity	fragment	conflicting_mates	0
SRR23343449	AD_Malaysia	254	primary	sensitivity	fragment	independent_eligible	26
SRR23343450	AD_Malaysia	254	primary	sensitivity	alignment	duplicate	7
SRR23343450	AD_Malaysia	254	primary	sensitivity	alignment	eligible	42
SRR23343450	AD_Malaysia	254	primary	sensitivity	alignment	incomplete_codon	1
SRR23343450	AD_Malaysia	254	primary	sensitivity	alignment	low_base_quality	2
SRR23343450	AD_Malaysia	254	primary	sensitivity	fragment	conflicting_mates	0
SRR23343450	AD_Malaysia	254	primary	sensitivity	fragment	independent_eligible	40
SRR23343451	AD_Malaysia	254	primary	sensitivity	alignment	duplicate	4
SRR23343451	AD_Malaysia	254	primary	sensitivity	alignment	eligible	28
SRR23343451	AD_Malaysia	254	primary	sensitivity	fragment	conflicting_mates	0
SRR23343451	AD_Malaysia	254	primary	sensitivity	fragment	independent_eligible	28
SRR23343452	AD_Malaysia	254	primary	sensitivity	alignment	duplicate	5
SRR23343452	AD_Malaysia	254	primary	sensitivity	alignment	eligible	29
SRR23343452	AD_Malaysia	254	primary	sensitivity	alignment	incomplete_codon	2
SRR23343452	AD_Malaysia	254	primary	sensitivity	alignment	low_base_quality	2
SRR23343452	AD_Malaysia	254	primary	sensitivity	fragment	conflicting_mates	0
SRR23343452	AD_Malaysia	254	primary	sensitivity	fragment	independent_eligible	28
SRR23343453	AD_Malaysia	254	primary	sensitivity	alignment	eligible	13
SRR23343453	AD_Malaysia	254	primary	sensitivity	alignment	low_base_quality	1
SRR23343453	AD_Malaysia	254	primary	sensitivity	fragment	conflicting_mates	0
SRR23343453	AD_Malaysia	254	primary	sensitivity	fragment	independent_eligible	13
SRR23343454	AD_Malaysia	254	primary	sensitivity	alignment	duplicate	3
SRR23343454	AD_Malaysia	254	primary	sensitivity	alignment	eligible	36
SRR23343454	AD_Malaysia	254	primary	sensitivity	alignment	low_base_quality	4
SRR23343454	AD_Malaysia	254	primary	sensitivity	fragment	conflicting_mates	0
SRR23343454	AD_Malaysia	254	primary	sensitivity	fragment	independent_eligible	35
SRR23343455	AD_Malaysia	254	primary	sensitivity	alignment	duplicate	1
SRR23343455	AD_Malaysia	254	primary	sensitivity	alignment	eligible	4
SRR23343455	AD_Malaysia	254	primary	sensitivity	fragment	conflicting_mates	0
SRR23343455	AD_Malaysia	254	primary	sensitivity	fragment	independent_eligible	4
SRR23343456	AD_Malaysia	254	primary	sensitivity	alignment	duplicate	6
SRR23343456	AD_Malaysia	254	primary	sensitivity	alignment	eligible	30
SRR23343456	AD_Malaysia	254	primary	sensitivity	alignment	low_base_quality	2
SRR23343456	AD_Malaysia	254	primary	sensitivity	fragment	conflicting_mates	0
SRR23343456	AD_Malaysia	254	primary	sensitivity	fragment	independent_eligible	30
SRR23343457	AD_Malaysia	254	primary	sensitivity	alignment	duplicate	10
SRR23343457	AD_Malaysia	254	primary	sensitivity	alignment	eligible	35
SRR23343457	AD_Malaysia	254	primary	sensitivity	alignment	low_base_quality	1
SRR23343457	AD_Malaysia	254	primary	sensitivity	fragment	conflicting_mates	0
SRR23343457	AD_Malaysia	254	primary	sensitivity	fragment	independent_eligible	34
SRR23343458	AD_Malaysia	254	primary	sensitivity	alignment	duplicate	9
SRR23343458	AD_Malaysia	254	primary	sensitivity	alignment	eligible	37
SRR23343458	AD_Malaysia	254	primary	sensitivity	alignment	incomplete_codon	1
SRR23343458	AD_Malaysia	254	primary	sensitivity	fragment	conflicting_mates	0
SRR23343458	AD_Malaysia	254	primary	sensitivity	fragment	independent_eligible	36
SRR23343459	AD_Malaysia	254	primary	sensitivity	alignment	duplicate	4
SRR23343459	AD_Malaysia	254	primary	sensitivity	alignment	eligible	21
SRR23343459	AD_Malaysia	254	primary	sensitivity	alignment	low_base_quality	4
SRR23343459	AD_Malaysia	254	primary	sensitivity	fragment	conflicting_mates	0
SRR23343459	AD_Malaysia	254	primary	sensitivity	fragment	independent_eligible	21
SRR23343460	AD_Malaysia	254	primary	sensitivity	alignment	duplicate	5
SRR23343460	AD_Malaysia	254	primary	sensitivity	alignment	eligible	27
SRR23343460	AD_Malaysia	254	primary	sensitivity	alignment	low_base_quality	3
SRR23343460	AD_Malaysia	254	primary	sensitivity	fragment	conflicting_mates	0
SRR23343460	AD_Malaysia	254	primary	sensitivity	fragment	independent_eligible	27
SRR23343461	AD_Malaysia	254	primary	sensitivity	alignment	duplicate	7
SRR23343461	AD_Malaysia	254	primary	sensitivity	alignment	eligible	38
SRR23343461	AD_Malaysia	254	primary	sensitivity	alignment	incomplete_codon	2
SRR23343461	AD_Malaysia	254	primary	sensitivity	alignment	low_base_quality	3
SRR23343461	AD_Malaysia	254	primary	sensitivity	fragment	conflicting_mates	0
SRR23343461	AD_Malaysia	254	primary	sensitivity	fragment	independent_eligible	36
SRR23343462	AD_Malaysia	254	primary	sensitivity	alignment	duplicate	9
SRR23343462	AD_Malaysia	254	primary	sensitivity	alignment	eligible	45
SRR23343462	AD_Malaysia	254	primary	sensitivity	alignment	incomplete_codon	2
SRR23343462	AD_Malaysia	254	primary	sensitivity	alignment	low_base_quality	1
SRR23343462	AD_Malaysia	254	primary	sensitivity	fragment	conflicting_mates	0
SRR23343462	AD_Malaysia	254	primary	sensitivity	fragment	independent_eligible	45
SRR23343463	AD_Malaysia	254	primary	sensitivity	alignment	duplicate	6
SRR23343463	AD_Malaysia	254	primary	sensitivity	alignment	eligible	30
SRR23343463	AD_Malaysia	254	primary	sensitivity	alignment	low_base_quality	1
SRR23343463	AD_Malaysia	254	primary	sensitivity	fragment	conflicting_mates	0
SRR23343463	AD_Malaysia	254	primary	sensitivity	fragment	independent_eligible	29
SRR23343464	AD_Malaysia	254	primary	sensitivity	alignment	duplicate	3
SRR23343464	AD_Malaysia	254	primary	sensitivity	alignment	eligible	28
SRR23343464	AD_Malaysia	254	primary	sensitivity	alignment	low_base_quality	1
SRR23343464	AD_Malaysia	254	primary	sensitivity	fragment	conflicting_mates	0
SRR23343464	AD_Malaysia	254	primary	sensitivity	fragment	independent_eligible	28
SRR23343465	AD_Malaysia	254	primary	sensitivity	alignment	duplicate	5
SRR23343465	AD_Malaysia	254	primary	sensitivity	alignment	eligible	15
SRR23343465	AD_Malaysia	254	primary	sensitivity	alignment	incomplete_codon	1
SRR23343465	AD_Malaysia	254	primary	sensitivity	alignment	low_base_quality	1
SRR23343465	AD_Malaysia	254	primary	sensitivity	fragment	conflicting_mates	0
SRR23343465	AD_Malaysia	254	primary	sensitivity	fragment	independent_eligible	15
SRR23343466	AD_Malaysia	254	primary	sensitivity	alignment	duplicate	9
SRR23343466	AD_Malaysia	254	primary	sensitivity	alignment	eligible	33
SRR23343466	AD_Malaysia	254	primary	sensitivity	alignment	low_base_quality	2
SRR23343466	AD_Malaysia	254	primary	sensitivity	fragment	conflicting_mates	0
SRR23343466	AD_Malaysia	254	primary	sensitivity	fragment	independent_eligible	33
SRR23343467	AD_Malaysia	254	primary	sensitivity	alignment	duplicate	9
SRR23343467	AD_Malaysia	254	primary	sensitivity	alignment	eligible	35
SRR23343467	AD_Malaysia	254	primary	sensitivity	alignment	low_base_quality	5
SRR23343467	AD_Malaysia	254	primary	sensitivity	fragment	conflicting_mates	0
SRR23343467	AD_Malaysia	254	primary	sensitivity	fragment	independent_eligible	35
SRR23343468	AD_Malaysia	254	primary	sensitivity	alignment	duplicate	7
SRR23343468	AD_Malaysia	254	primary	sensitivity	alignment	eligible	31
SRR23343468	AD_Malaysia	254	primary	sensitivity	alignment	incomplete_codon	2
SRR23343468	AD_Malaysia	254	primary	sensitivity	alignment	low_base_quality	3
SRR23343468	AD_Malaysia	254	primary	sensitivity	fragment	conflicting_mates	0
SRR23343468	AD_Malaysia	254	primary	sensitivity	fragment	independent_eligible	29
SRR23343469	AD_Malaysia	254	primary	sensitivity	alignment	duplicate	2
SRR23343469	AD_Malaysia	254	primary	sensitivity	alignment	eligible	23
SRR23343469	AD_Malaysia	254	primary	sensitivity	fragment	conflicting_mates	0
SRR23343469	AD_Malaysia	254	primary	sensitivity	fragment	independent_eligible	22
SRR23343470	AD_Malaysia	254	primary	sensitivity	alignment	duplicate	4
SRR23343470	AD_Malaysia	254	primary	sensitivity	alignment	eligible	22
SRR23343470	AD_Malaysia	254	primary	sensitivity	alignment	low_base_quality	4
SRR23343470	AD_Malaysia	254	primary	sensitivity	fragment	conflicting_mates	0
SRR23343470	AD_Malaysia	254	primary	sensitivity	fragment	independent_eligible	22
SRR23343471	AD_Malaysia	254	primary	sensitivity	alignment	duplicate	4
SRR23343471	AD_Malaysia	254	primary	sensitivity	alignment	eligible	22
SRR23343471	AD_Malaysia	254	primary	sensitivity	alignment	low_base_quality	3
SRR23343471	AD_Malaysia	254	primary	sensitivity	fragment	conflicting_mates	0
SRR23343471	AD_Malaysia	254	primary	sensitivity	fragment	independent_eligible	22
SRR23343472	AD_Malaysia	254	primary	sensitivity	alignment	duplicate	3
SRR23343472	AD_Malaysia	254	primary	sensitivity	alignment	eligible	26
SRR23343472	AD_Malaysia	254	primary	sensitivity	alignment	low_base_quality	1
SRR23343472	AD_Malaysia	254	primary	sensitivity	fragment	conflicting_mates	0
SRR23343472	AD_Malaysia	254	primary	sensitivity	fragment	independent_eligible	25
SRR23343473	AD_Malaysia	254	primary	sensitivity	alignment	duplicate	7
SRR23343473	AD_Malaysia	254	primary	sensitivity	alignment	eligible	52
SRR23343473	AD_Malaysia	254	primary	sensitivity	alignment	low_base_quality	2
SRR23343473	AD_Malaysia	254	primary	sensitivity	fragment	conflicting_mates	0
SRR23343473	AD_Malaysia	254	primary	sensitivity	fragment	independent_eligible	51
SRR23343474	AD_Malaysia	254	primary	sensitivity	alignment	duplicate	3
SRR23343474	AD_Malaysia	254	primary	sensitivity	alignment	eligible	19
SRR23343474	AD_Malaysia	254	primary	sensitivity	alignment	incomplete_codon	1
SRR23343474	AD_Malaysia	254	primary	sensitivity	alignment	low_base_quality	2
SRR23343474	AD_Malaysia	254	primary	sensitivity	fragment	conflicting_mates	0
SRR23343474	AD_Malaysia	254	primary	sensitivity	fragment	independent_eligible	19
SRR23343475	AD_Malaysia	254	primary	sensitivity	alignment	duplicate	10
SRR23343475	AD_Malaysia	254	primary	sensitivity	alignment	eligible	43
SRR23343475	AD_Malaysia	254	primary	sensitivity	alignment	low_base_quality	4
SRR23343475	AD_Malaysia	254	primary	sensitivity	fragment	conflicting_mates	0
SRR23343475	AD_Malaysia	254	primary	sensitivity	fragment	independent_eligible	43
SRR23343476	AD_Malaysia	254	primary	sensitivity	alignment	duplicate	7
SRR23343476	AD_Malaysia	254	primary	sensitivity	alignment	eligible	20
SRR23343476	AD_Malaysia	254	primary	sensitivity	alignment	incomplete_codon	2
SRR23343476	AD_Malaysia	254	primary	sensitivity	alignment	low_base_quality	1
SRR23343476	AD_Malaysia	254	primary	sensitivity	fragment	conflicting_mates	0
SRR23343476	AD_Malaysia	254	primary	sensitivity	fragment	independent_eligible	20
SRR23343477	AD_Malaysia	254	primary	sensitivity	alignment	duplicate	5
SRR23343477	AD_Malaysia	254	primary	sensitivity	alignment	eligible	32
SRR23343477	AD_Malaysia	254	primary	sensitivity	alignment	low_base_quality	1
SRR23343477	AD_Malaysia	254	primary	sensitivity	fragment	conflicting_mates	0
SRR23343477	AD_Malaysia	254	primary	sensitivity	fragment	independent_eligible	32
SRR23343478	AD_Malaysia	254	primary	sensitivity	alignment	duplicate	9
SRR23343478	AD_Malaysia	254	primary	sensitivity	alignment	eligible	27
SRR23343478	AD_Malaysia	254	primary	sensitivity	alignment	incomplete_codon	2
SRR23343478	AD_Malaysia	254	primary	sensitivity	alignment	low_base_quality	4
SRR23343478	AD_Malaysia	254	primary	sensitivity	fragment	conflicting_mates	0
SRR23343478	AD_Malaysia	254	primary	sensitivity	fragment	independent_eligible	26
SRR23343479	AD_Malaysia	254	primary	sensitivity	alignment	duplicate	9
SRR23343479	AD_Malaysia	254	primary	sensitivity	alignment	eligible	37
SRR23343479	AD_Malaysia	254	primary	sensitivity	alignment	low_base_quality	9
SRR23343479	AD_Malaysia	254	primary	sensitivity	fragment	conflicting_mates	0
SRR23343479	AD_Malaysia	254	primary	sensitivity	fragment	independent_eligible	37
SRR23343480	AD_Malaysia	254	primary	sensitivity	alignment	duplicate	12
SRR23343480	AD_Malaysia	254	primary	sensitivity	alignment	eligible	24
SRR23343480	AD_Malaysia	254	primary	sensitivity	alignment	low_base_quality	1
SRR23343480	AD_Malaysia	254	primary	sensitivity	fragment	conflicting_mates	0
SRR23343480	AD_Malaysia	254	primary	sensitivity	fragment	independent_eligible	24
SRR23343481	AD_Malaysia	254	primary	sensitivity	alignment	duplicate	6
SRR23343481	AD_Malaysia	254	primary	sensitivity	alignment	eligible	19
SRR23343481	AD_Malaysia	254	primary	sensitivity	alignment	incomplete_codon	1
SRR23343481	AD_Malaysia	254	primary	sensitivity	alignment	low_base_quality	1
SRR23343481	AD_Malaysia	254	primary	sensitivity	fragment	conflicting_mates	0
SRR23343481	AD_Malaysia	254	primary	sensitivity	fragment	independent_eligible	19
SRR23343482	AD_Malaysia	254	primary	sensitivity	alignment	duplicate	8
SRR23343482	AD_Malaysia	254	primary	sensitivity	alignment	eligible	32
SRR23343482	AD_Malaysia	254	primary	sensitivity	alignment	incomplete_codon	1
SRR23343482	AD_Malaysia	254	primary	sensitivity	alignment	low_base_quality	1
SRR23343482	AD_Malaysia	254	primary	sensitivity	fragment	conflicting_mates	0
SRR23343482	AD_Malaysia	254	primary	sensitivity	fragment	independent_eligible	31
SRR23343483	AD_Malaysia	254	primary	sensitivity	alignment	duplicate	8
SRR23343483	AD_Malaysia	254	primary	sensitivity	alignment	eligible	24
SRR23343483	AD_Malaysia	254	primary	sensitivity	alignment	low_base_quality	1
SRR23343483	AD_Malaysia	254	primary	sensitivity	fragment	conflicting_mates	0
SRR23343483	AD_Malaysia	254	primary	sensitivity	fragment	independent_eligible	22
SRR23343484	AD_Malaysia	254	primary	sensitivity	alignment	duplicate	2
SRR23343484	AD_Malaysia	254	primary	sensitivity	alignment	eligible	33
SRR23343484	AD_Malaysia	254	primary	sensitivity	alignment	incomplete_codon	3
SRR23343484	AD_Malaysia	254	primary	sensitivity	alignment	low_base_quality	2
SRR23343484	AD_Malaysia	254	primary	sensitivity	fragment	conflicting_mates	0
SRR23343484	AD_Malaysia	254	primary	sensitivity	fragment	independent_eligible	32
SRR23343485	AD_Malaysia	254	primary	sensitivity	alignment	duplicate	7
SRR23343485	AD_Malaysia	254	primary	sensitivity	alignment	eligible	26
SRR23343485	AD_Malaysia	254	primary	sensitivity	alignment	incomplete_codon	1
SRR23343485	AD_Malaysia	254	primary	sensitivity	alignment	low_base_quality	1
SRR23343485	AD_Malaysia	254	primary	sensitivity	fragment	conflicting_mates	0
SRR23343485	AD_Malaysia	254	primary	sensitivity	fragment	independent_eligible	25
SRR23343486	AD_Malaysia	254	primary	sensitivity	alignment	duplicate	10
SRR23343486	AD_Malaysia	254	primary	sensitivity	alignment	eligible	37
SRR23343486	AD_Malaysia	254	primary	sensitivity	alignment	low_base_quality	3
SRR23343486	AD_Malaysia	254	primary	sensitivity	fragment	conflicting_mates	0
SRR23343486	AD_Malaysia	254	primary	sensitivity	fragment	independent_eligible	36
SRR23343487	AD_Malaysia	254	primary	sensitivity	alignment	duplicate	4
SRR23343487	AD_Malaysia	254	primary	sensitivity	alignment	eligible	26
SRR23343487	AD_Malaysia	254	primary	sensitivity	alignment	low_base_quality	5
SRR23343487	AD_Malaysia	254	primary	sensitivity	fragment	conflicting_mates	0
SRR23343487	AD_Malaysia	254	primary	sensitivity	fragment	independent_eligible	26
SRR23343488	AD_Malaysia	254	primary	sensitivity	alignment	duplicate	5
SRR23343488	AD_Malaysia	254	primary	sensitivity	alignment	eligible	26
SRR23343488	AD_Malaysia	254	primary	sensitivity	fragment	conflicting_mates	0
SRR23343488	AD_Malaysia	254	primary	sensitivity	fragment	independent_eligible	26
SRR23343489	AD_Malaysia	254	primary	sensitivity	alignment	duplicate	7
SRR23343489	AD_Malaysia	254	primary	sensitivity	alignment	eligible	37
SRR23343489	AD_Malaysia	254	primary	sensitivity	alignment	incomplete_codon	1
SRR23343489	AD_Malaysia	254	primary	sensitivity	alignment	low_mapping_quality	1
SRR23343489	AD_Malaysia	254	primary	sensitivity	fragment	conflicting_mates	0
SRR23343489	AD_Malaysia	254	primary	sensitivity	fragment	independent_eligible	37
SRR23343490	AD_Malaysia	254	primary	sensitivity	alignment	duplicate	9
SRR23343490	AD_Malaysia	254	primary	sensitivity	alignment	eligible	27
SRR23343490	AD_Malaysia	254	primary	sensitivity	alignment	incomplete_codon	1
SRR23343490	AD_Malaysia	254	primary	sensitivity	alignment	low_base_quality	2
SRR23343490	AD_Malaysia	254	primary	sensitivity	fragment	conflicting_mates	0
SRR23343490	AD_Malaysia	254	primary	sensitivity	fragment	independent_eligible	26
SRR23343491	AD_Malaysia	254	primary	sensitivity	alignment	duplicate	8
SRR23343491	AD_Malaysia	254	primary	sensitivity	alignment	eligible	31
SRR23343491	AD_Malaysia	254	primary	sensitivity	alignment	incomplete_codon	1
SRR23343491	AD_Malaysia	254	primary	sensitivity	alignment	low_base_quality	3
SRR23343491	AD_Malaysia	254	primary	sensitivity	fragment	conflicting_mates	0
SRR23343491	AD_Malaysia	254	primary	sensitivity	fragment	independent_eligible	30
SRR23343492	AD_Malaysia	254	primary	sensitivity	alignment	duplicate	2
SRR23343492	AD_Malaysia	254	primary	sensitivity	alignment	eligible	41
SRR23343492	AD_Malaysia	254	primary	sensitivity	alignment	low_base_quality	5
SRR23343492	AD_Malaysia	254	primary	sensitivity	fragment	conflicting_mates	0
SRR23343492	AD_Malaysia	254	primary	sensitivity	fragment	independent_eligible	39
SRR23343493	AD_Malaysia	254	primary	sensitivity	alignment	duplicate	7
SRR23343493	AD_Malaysia	254	primary	sensitivity	alignment	eligible	22
SRR23343493	AD_Malaysia	254	primary	sensitivity	alignment	low_base_quality	4
SRR23343493	AD_Malaysia	254	primary	sensitivity	fragment	conflicting_mates	0
SRR23343493	AD_Malaysia	254	primary	sensitivity	fragment	independent_eligible	22
SRR23343494	AD_Malaysia	254	primary	sensitivity	alignment	duplicate	4
SRR23343494	AD_Malaysia	254	primary	sensitivity	alignment	eligible	27
SRR23343494	AD_Malaysia	254	primary	sensitivity	alignment	low_base_quality	3
SRR23343494	AD_Malaysia	254	primary	sensitivity	fragment	conflicting_mates	0
SRR23343494	AD_Malaysia	254	primary	sensitivity	fragment	independent_eligible	26
SRR23343438	AD_Malaysia	452	within_species_comparison	sensitivity	alignment	duplicate	14
SRR23343438	AD_Malaysia	452	within_species_comparison	sensitivity	alignment	eligible	51
SRR23343438	AD_Malaysia	452	within_species_comparison	sensitivity	alignment	incomplete_codon	1
SRR23343438	AD_Malaysia	452	within_species_comparison	sensitivity	alignment	low_base_quality	6
SRR23343438	AD_Malaysia	452	within_species_comparison	sensitivity	fragment	conflicting_mates	0
SRR23343438	AD_Malaysia	452	within_species_comparison	sensitivity	fragment	independent_eligible	48
SRR23343439	AD_Malaysia	452	within_species_comparison	sensitivity	alignment	duplicate	7
SRR23343439	AD_Malaysia	452	within_species_comparison	sensitivity	alignment	eligible	32
SRR23343439	AD_Malaysia	452	within_species_comparison	sensitivity	alignment	low_base_quality	3
SRR23343439	AD_Malaysia	452	within_species_comparison	sensitivity	fragment	conflicting_mates	0
SRR23343439	AD_Malaysia	452	within_species_comparison	sensitivity	fragment	independent_eligible	31
SRR23343440	AD_Malaysia	452	within_species_comparison	sensitivity	alignment	duplicate	2
SRR23343440	AD_Malaysia	452	within_species_comparison	sensitivity	alignment	eligible	28
SRR23343440	AD_Malaysia	452	within_species_comparison	sensitivity	alignment	low_base_quality	3
SRR23343440	AD_Malaysia	452	within_species_comparison	sensitivity	fragment	conflicting_mates	0
SRR23343440	AD_Malaysia	452	within_species_comparison	sensitivity	fragment	independent_eligible	28
SRR23343441	AD_Malaysia	452	within_species_comparison	sensitivity	alignment	duplicate	9
SRR23343441	AD_Malaysia	452	within_species_comparison	sensitivity	alignment	eligible	31
SRR23343441	AD_Malaysia	452	within_species_comparison	sensitivity	alignment	incomplete_codon	2
SRR23343441	AD_Malaysia	452	within_species_comparison	sensitivity	fragment	conflicting_mates	0
SRR23343441	AD_Malaysia	452	within_species_comparison	sensitivity	fragment	independent_eligible	31
SRR23343442	AD_Malaysia	452	within_species_comparison	sensitivity	alignment	duplicate	8
SRR23343442	AD_Malaysia	452	within_species_comparison	sensitivity	alignment	eligible	79
SRR23343442	AD_Malaysia	452	within_species_comparison	sensitivity	alignment	incomplete_codon	3
SRR23343442	AD_Malaysia	452	within_species_comparison	sensitivity	alignment	low_base_quality	1
SRR23343442	AD_Malaysia	452	within_species_comparison	sensitivity	fragment	conflicting_mates	0
SRR23343442	AD_Malaysia	452	within_species_comparison	sensitivity	fragment	independent_eligible	76
SRR23343443	AD_Malaysia	452	within_species_comparison	sensitivity	alignment	duplicate	6
SRR23343443	AD_Malaysia	452	within_species_comparison	sensitivity	alignment	eligible	29
SRR23343443	AD_Malaysia	452	within_species_comparison	sensitivity	alignment	low_base_quality	1
SRR23343443	AD_Malaysia	452	within_species_comparison	sensitivity	fragment	conflicting_mates	0
SRR23343443	AD_Malaysia	452	within_species_comparison	sensitivity	fragment	independent_eligible	29
SRR23343444	AD_Malaysia	452	within_species_comparison	sensitivity	alignment	duplicate	4
SRR23343444	AD_Malaysia	452	within_species_comparison	sensitivity	alignment	eligible	29
SRR23343444	AD_Malaysia	452	within_species_comparison	sensitivity	alignment	incomplete_codon	3
SRR23343444	AD_Malaysia	452	within_species_comparison	sensitivity	alignment	low_mapping_quality	1
SRR23343444	AD_Malaysia	452	within_species_comparison	sensitivity	fragment	conflicting_mates	0
SRR23343444	AD_Malaysia	452	within_species_comparison	sensitivity	fragment	independent_eligible	28
SRR23343445	AD_Malaysia	452	within_species_comparison	sensitivity	alignment	duplicate	4
SRR23343445	AD_Malaysia	452	within_species_comparison	sensitivity	alignment	eligible	39
SRR23343445	AD_Malaysia	452	within_species_comparison	sensitivity	alignment	incomplete_codon	2
SRR23343445	AD_Malaysia	452	within_species_comparison	sensitivity	fragment	conflicting_mates	0
SRR23343445	AD_Malaysia	452	within_species_comparison	sensitivity	fragment	independent_eligible	39
SRR23343446	AD_Malaysia	452	within_species_comparison	sensitivity	alignment	duplicate	3
SRR23343446	AD_Malaysia	452	within_species_comparison	sensitivity	alignment	eligible	31
SRR23343446	AD_Malaysia	452	within_species_comparison	sensitivity	alignment	low_base_quality	1
SRR23343446	AD_Malaysia	452	within_species_comparison	sensitivity	fragment	conflicting_mates	0
SRR23343446	AD_Malaysia	452	within_species_comparison	sensitivity	fragment	independent_eligible	30
SRR23343447	AD_Malaysia	452	within_species_comparison	sensitivity	alignment	duplicate	9
SRR23343447	AD_Malaysia	452	within_species_comparison	sensitivity	alignment	eligible	44
SRR23343447	AD_Malaysia	452	within_species_comparison	sensitivity	alignment	low_base_quality	2
SRR23343447	AD_Malaysia	452	within_species_comparison	sensitivity	fragment	conflicting_mates	0
SRR23343447	AD_Malaysia	452	within_species_comparison	sensitivity	fragment	independent_eligible	43
SRR23343448	AD_Malaysia	452	within_species_comparison	sensitivity	alignment	duplicate	4
SRR23343448	AD_Malaysia	452	within_species_comparison	sensitivity	alignment	eligible	21
SRR23343448	AD_Malaysia	452	within_species_comparison	sensitivity	alignment	low_base_quality	1
SRR23343448	AD_Malaysia	452	within_species_comparison	sensitivity	fragment	conflicting_mates	0
SRR23343448	AD_Malaysia	452	within_species_comparison	sensitivity	fragment	independent_eligible	21
SRR23343449	AD_Malaysia	452	within_species_comparison	sensitivity	alignment	duplicate	5
SRR23343449	AD_Malaysia	452	within_species_comparison	sensitivity	alignment	eligible	24
SRR23343449	AD_Malaysia	452	within_species_comparison	sensitivity	alignment	incomplete_codon	1
SRR23343449	AD_Malaysia	452	within_species_comparison	sensitivity	alignment	low_base_quality	5
SRR23343449	AD_Malaysia	452	within_species_comparison	sensitivity	fragment	conflicting_mates	0
SRR23343449	AD_Malaysia	452	within_species_comparison	sensitivity	fragment	independent_eligible	23
SRR23343450	AD_Malaysia	452	within_species_comparison	sensitivity	alignment	duplicate	1
SRR23343450	AD_Malaysia	452	within_species_comparison	sensitivity	alignment	eligible	38
SRR23343450	AD_Malaysia	452	within_species_comparison	sensitivity	fragment	conflicting_mates	0
SRR23343450	AD_Malaysia	452	within_species_comparison	sensitivity	fragment	independent_eligible	37
SRR23343451	AD_Malaysia	452	within_species_comparison	sensitivity	alignment	duplicate	7
SRR23343451	AD_Malaysia	452	within_species_comparison	sensitivity	alignment	eligible	36
SRR23343451	AD_Malaysia	452	within_species_comparison	sensitivity	alignment	incomplete_codon	2
SRR23343451	AD_Malaysia	452	within_species_comparison	sensitivity	fragment	conflicting_mates	0
SRR23343451	AD_Malaysia	452	within_species_comparison	sensitivity	fragment	independent_eligible	34
SRR23343452	AD_Malaysia	452	within_species_comparison	sensitivity	alignment	duplicate	9
SRR23343452	AD_Malaysia	452	within_species_comparison	sensitivity	alignment	eligible	51
SRR23343452	AD_Malaysia	452	within_species_comparison	sensitivity	alignment	incomplete_codon	1
SRR23343452	AD_Malaysia	452	within_species_comparison	sensitivity	alignment	low_base_quality	1
SRR23343452	AD_Malaysia	452	within_species_comparison	sensitivity	fragment	conflicting_mates	0
SRR23343452	AD_Malaysia	452	within_species_comparison	sensitivity	fragment	independent_eligible	51
SRR23343453	AD_Malaysia	452	within_species_comparison	sensitivity	alignment	duplicate	5
SRR23343453	AD_Malaysia	452	within_species_comparison	sensitivity	alignment	eligible	16
SRR23343453	AD_Malaysia	452	within_species_comparison	sensitivity	fragment	conflicting_mates	0
SRR23343453	AD_Malaysia	452	within_species_comparison	sensitivity	fragment	independent_eligible	15
SRR23343454	AD_Malaysia	452	within_species_comparison	sensitivity	alignment	duplicate	5
SRR23343454	AD_Malaysia	452	within_species_comparison	sensitivity	alignment	eligible	33
SRR23343454	AD_Malaysia	452	within_species_comparison	sensitivity	alignment	incomplete_codon	1
SRR23343454	AD_Malaysia	452	within_species_comparison	sensitivity	fragment	conflicting_mates	0
SRR23343454	AD_Malaysia	452	within_species_comparison	sensitivity	fragment	independent_eligible	33
SRR23343455	AD_Malaysia	452	within_species_comparison	sensitivity	alignment	duplicate	1
SRR23343455	AD_Malaysia	452	within_species_comparison	sensitivity	alignment	eligible	6
SRR23343455	AD_Malaysia	452	within_species_comparison	sensitivity	alignment	incomplete_codon	1
SRR23343455	AD_Malaysia	452	within_species_comparison	sensitivity	fragment	conflicting_mates	0
SRR23343455	AD_Malaysia	452	within_species_comparison	sensitivity	fragment	independent_eligible	6
SRR23343456	AD_Malaysia	452	within_species_comparison	sensitivity	alignment	duplicate	4
SRR23343456	AD_Malaysia	452	within_species_comparison	sensitivity	alignment	eligible	25
SRR23343456	AD_Malaysia	452	within_species_comparison	sensitivity	alignment	low_base_quality	2
SRR23343456	AD_Malaysia	452	within_species_comparison	sensitivity	fragment	conflicting_mates	0
SRR23343456	AD_Malaysia	452	within_species_comparison	sensitivity	fragment	independent_eligible	24
SRR23343457	AD_Malaysia	452	within_species_comparison	sensitivity	alignment	duplicate	8
SRR23343457	AD_Malaysia	452	within_species_comparison	sensitivity	alignment	eligible	42
SRR23343457	AD_Malaysia	452	within_species_comparison	sensitivity	alignment	incomplete_codon	1
SRR23343457	AD_Malaysia	452	within_species_comparison	sensitivity	fragment	conflicting_mates	0
SRR23343457	AD_Malaysia	452	within_species_comparison	sensitivity	fragment	independent_eligible	37
SRR23343458	AD_Malaysia	452	within_species_comparison	sensitivity	alignment	duplicate	13
SRR23343458	AD_Malaysia	452	within_species_comparison	sensitivity	alignment	eligible	53
SRR23343458	AD_Malaysia	452	within_species_comparison	sensitivity	alignment	low_base_quality	2
SRR23343458	AD_Malaysia	452	within_species_comparison	sensitivity	fragment	conflicting_mates	0
SRR23343458	AD_Malaysia	452	within_species_comparison	sensitivity	fragment	independent_eligible	50
SRR23343459	AD_Malaysia	452	within_species_comparison	sensitivity	alignment	duplicate	8
SRR23343459	AD_Malaysia	452	within_species_comparison	sensitivity	alignment	eligible	25
SRR23343459	AD_Malaysia	452	within_species_comparison	sensitivity	alignment	low_base_quality	3
SRR23343459	AD_Malaysia	452	within_species_comparison	sensitivity	fragment	conflicting_mates	0
SRR23343459	AD_Malaysia	452	within_species_comparison	sensitivity	fragment	independent_eligible	24
SRR23343460	AD_Malaysia	452	within_species_comparison	sensitivity	alignment	duplicate	6
SRR23343460	AD_Malaysia	452	within_species_comparison	sensitivity	alignment	eligible	36
SRR23343460	AD_Malaysia	452	within_species_comparison	sensitivity	alignment	incomplete_codon	1
SRR23343460	AD_Malaysia	452	within_species_comparison	sensitivity	alignment	low_base_quality	3
SRR23343460	AD_Malaysia	452	within_species_comparison	sensitivity	fragment	conflicting_mates	0
SRR23343460	AD_Malaysia	452	within_species_comparison	sensitivity	fragment	independent_eligible	34
SRR23343461	AD_Malaysia	452	within_species_comparison	sensitivity	alignment	duplicate	7
SRR23343461	AD_Malaysia	452	within_species_comparison	sensitivity	alignment	eligible	29
SRR23343461	AD_Malaysia	452	within_species_comparison	sensitivity	alignment	incomplete_codon	5
SRR23343461	AD_Malaysia	452	within_species_comparison	sensitivity	fragment	conflicting_mates	0
SRR23343461	AD_Malaysia	452	within_species_comparison	sensitivity	fragment	independent_eligible	29
SRR23343462	AD_Malaysia	452	within_species_comparison	sensitivity	alignment	duplicate	17
SRR23343462	AD_Malaysia	452	within_species_comparison	sensitivity	alignment	eligible	55
SRR23343462	AD_Malaysia	452	within_species_comparison	sensitivity	alignment	incomplete_codon	2
SRR23343462	AD_Malaysia	452	within_species_comparison	sensitivity	alignment	low_base_quality	2
SRR23343462	AD_Malaysia	452	within_species_comparison	sensitivity	fragment	conflicting_mates	0
SRR23343462	AD_Malaysia	452	within_species_comparison	sensitivity	fragment	independent_eligible	51
SRR23343463	AD_Malaysia	452	within_species_comparison	sensitivity	alignment	duplicate	9
SRR23343463	AD_Malaysia	452	within_species_comparison	sensitivity	alignment	eligible	42
SRR23343463	AD_Malaysia	452	within_species_comparison	sensitivity	alignment	incomplete_codon	4
SRR23343463	AD_Malaysia	452	within_species_comparison	sensitivity	alignment	low_base_quality	1
SRR23343463	AD_Malaysia	452	within_species_comparison	sensitivity	fragment	conflicting_mates	0
SRR23343463	AD_Malaysia	452	within_species_comparison	sensitivity	fragment	independent_eligible	42
SRR23343464	AD_Malaysia	452	within_species_comparison	sensitivity	alignment	duplicate	6
SRR23343464	AD_Malaysia	452	within_species_comparison	sensitivity	alignment	eligible	33
SRR23343464	AD_Malaysia	452	within_species_comparison	sensitivity	alignment	incomplete_codon	1
SRR23343464	AD_Malaysia	452	within_species_comparison	sensitivity	alignment	low_base_quality	1
SRR23343464	AD_Malaysia	452	within_species_comparison	sensitivity	fragment	conflicting_mates	0
SRR23343464	AD_Malaysia	452	within_species_comparison	sensitivity	fragment	independent_eligible	31
SRR23343465	AD_Malaysia	452	within_species_comparison	sensitivity	alignment	duplicate	3
SRR23343465	AD_Malaysia	452	within_species_comparison	sensitivity	alignment	eligible	13
SRR23343465	AD_Malaysia	452	within_species_comparison	sensitivity	alignment	low_base_quality	2
SRR23343465	AD_Malaysia	452	within_species_comparison	sensitivity	fragment	conflicting_mates	0
SRR23343465	AD_Malaysia	452	within_species_comparison	sensitivity	fragment	independent_eligible	12
SRR23343466	AD_Malaysia	452	within_species_comparison	sensitivity	alignment	duplicate	3
SRR23343466	AD_Malaysia	452	within_species_comparison	sensitivity	alignment	eligible	28
SRR23343466	AD_Malaysia	452	within_species_comparison	sensitivity	fragment	conflicting_mates	0
SRR23343466	AD_Malaysia	452	within_species_comparison	sensitivity	fragment	independent_eligible	27
SRR23343467	AD_Malaysia	452	within_species_comparison	sensitivity	alignment	duplicate	7
SRR23343467	AD_Malaysia	452	within_species_comparison	sensitivity	alignment	eligible	47
SRR23343467	AD_Malaysia	452	within_species_comparison	sensitivity	alignment	incomplete_codon	2
SRR23343467	AD_Malaysia	452	within_species_comparison	sensitivity	alignment	low_base_quality	1
SRR23343467	AD_Malaysia	452	within_species_comparison	sensitivity	fragment	conflicting_mates	0
SRR23343467	AD_Malaysia	452	within_species_comparison	sensitivity	fragment	independent_eligible	44
SRR23343468	AD_Malaysia	452	within_species_comparison	sensitivity	alignment	duplicate	13
SRR23343468	AD_Malaysia	452	within_species_comparison	sensitivity	alignment	eligible	40
SRR23343468	AD_Malaysia	452	within_species_comparison	sensitivity	alignment	incomplete_codon	1
SRR23343468	AD_Malaysia	452	within_species_comparison	sensitivity	fragment	conflicting_mates	0
SRR23343468	AD_Malaysia	452	within_species_comparison	sensitivity	fragment	independent_eligible	37
SRR23343469	AD_Malaysia	452	within_species_comparison	sensitivity	alignment	duplicate	8
SRR23343469	AD_Malaysia	452	within_species_comparison	sensitivity	alignment	eligible	38
SRR23343469	AD_Malaysia	452	within_species_comparison	sensitivity	alignment	low_base_quality	1
SRR23343469	AD_Malaysia	452	within_species_comparison	sensitivity	fragment	conflicting_mates	0
SRR23343469	AD_Malaysia	452	within_species_comparison	sensitivity	fragment	independent_eligible	37
SRR23343470	AD_Malaysia	452	within_species_comparison	sensitivity	alignment	duplicate	7
SRR23343470	AD_Malaysia	452	within_species_comparison	sensitivity	alignment	eligible	23
SRR23343470	AD_Malaysia	452	within_species_comparison	sensitivity	alignment	incomplete_codon	1
SRR23343470	AD_Malaysia	452	within_species_comparison	sensitivity	alignment	low_base_quality	1
SRR23343470	AD_Malaysia	452	within_species_comparison	sensitivity	fragment	conflicting_mates	0
SRR23343470	AD_Malaysia	452	within_species_comparison	sensitivity	fragment	independent_eligible	22
SRR23343471	AD_Malaysia	452	within_species_comparison	sensitivity	alignment	duplicate	8
SRR23343471	AD_Malaysia	452	within_species_comparison	sensitivity	alignment	eligible	27
SRR23343471	AD_Malaysia	452	within_species_comparison	sensitivity	alignment	incomplete_codon	2
SRR23343471	AD_Malaysia	452	within_species_comparison	sensitivity	alignment	low_base_quality	2
SRR23343471	AD_Malaysia	452	within_species_comparison	sensitivity	alignment	unmapped	2
SRR23343471	AD_Malaysia	452	within_species_comparison	sensitivity	fragment	conflicting_mates	0
SRR23343471	AD_Malaysia	452	within_species_comparison	sensitivity	fragment	independent_eligible	27
SRR23343472	AD_Malaysia	452	within_species_comparison	sensitivity	alignment	duplicate	9
SRR23343472	AD_Malaysia	452	within_species_comparison	sensitivity	alignment	eligible	32
SRR23343472	AD_Malaysia	452	within_species_comparison	sensitivity	alignment	incomplete_codon	3
SRR23343472	AD_Malaysia	452	within_species_comparison	sensitivity	alignment	low_base_quality	2
SRR23343472	AD_Malaysia	452	within_species_comparison	sensitivity	fragment	conflicting_mates	0
SRR23343472	AD_Malaysia	452	within_species_comparison	sensitivity	fragment	independent_eligible	30
SRR23343473	AD_Malaysia	452	within_species_comparison	sensitivity	alignment	duplicate	12
SRR23343473	AD_Malaysia	452	within_species_comparison	sensitivity	alignment	eligible	64
SRR23343473	AD_Malaysia	452	within_species_comparison	sensitivity	alignment	low_base_quality	2
SRR23343473	AD_Malaysia	452	within_species_comparison	sensitivity	fragment	conflicting_mates	0
SRR23343473	AD_Malaysia	452	within_species_comparison	sensitivity	fragment	independent_eligible	64
SRR23343474	AD_Malaysia	452	within_species_comparison	sensitivity	alignment	duplicate	8
SRR23343474	AD_Malaysia	452	within_species_comparison	sensitivity	alignment	eligible	28
SRR23343474	AD_Malaysia	452	within_species_comparison	sensitivity	alignment	incomplete_codon	2
SRR23343474	AD_Malaysia	452	within_species_comparison	sensitivity	alignment	low_base_quality	5
SRR23343474	AD_Malaysia	452	within_species_comparison	sensitivity	fragment	conflicting_mates	0
SRR23343474	AD_Malaysia	452	within_species_comparison	sensitivity	fragment	independent_eligible	28
SRR23343475	AD_Malaysia	452	within_species_comparison	sensitivity	alignment	duplicate	7
SRR23343475	AD_Malaysia	452	within_species_comparison	sensitivity	alignment	eligible	40
SRR23343475	AD_Malaysia	452	within_species_comparison	sensitivity	alignment	incomplete_codon	1
SRR23343475	AD_Malaysia	452	within_species_comparison	sensitivity	fragment	conflicting_mates	0
SRR23343475	AD_Malaysia	452	within_species_comparison	sensitivity	fragment	independent_eligible	39
SRR23343476	AD_Malaysia	452	within_species_comparison	sensitivity	alignment	duplicate	4
SRR23343476	AD_Malaysia	452	within_species_comparison	sensitivity	alignment	eligible	27
SRR23343476	AD_Malaysia	452	within_species_comparison	sensitivity	alignment	low_base_quality	2
SRR23343476	AD_Malaysia	452	within_species_comparison	sensitivity	fragment	conflicting_mates	0
SRR23343476	AD_Malaysia	452	within_species_comparison	sensitivity	fragment	independent_eligible	25
SRR23343477	AD_Malaysia	452	within_species_comparison	sensitivity	alignment	duplicate	10
SRR23343477	AD_Malaysia	452	within_species_comparison	sensitivity	alignment	eligible	40
SRR23343477	AD_Malaysia	452	within_species_comparison	sensitivity	alignment	incomplete_codon	3
SRR23343477	AD_Malaysia	452	within_species_comparison	sensitivity	alignment	low_base_quality	4
SRR23343477	AD_Malaysia	452	within_species_comparison	sensitivity	fragment	conflicting_mates	0
SRR23343477	AD_Malaysia	452	within_species_comparison	sensitivity	fragment	independent_eligible	39
SRR23343478	AD_Malaysia	452	within_species_comparison	sensitivity	alignment	duplicate	7
SRR23343478	AD_Malaysia	452	within_species_comparison	sensitivity	alignment	eligible	32
SRR23343478	AD_Malaysia	452	within_species_comparison	sensitivity	alignment	low_base_quality	1
SRR23343478	AD_Malaysia	452	within_species_comparison	sensitivity	fragment	conflicting_mates	0
SRR23343478	AD_Malaysia	452	within_species_comparison	sensitivity	fragment	independent_eligible	31
SRR23343479	AD_Malaysia	452	within_species_comparison	sensitivity	alignment	duplicate	3
SRR23343479	AD_Malaysia	452	within_species_comparison	sensitivity	alignment	eligible	30
SRR23343479	AD_Malaysia	452	within_species_comparison	sensitivity	alignment	low_base_quality	5
SRR23343479	AD_Malaysia	452	within_species_comparison	sensitivity	fragment	conflicting_mates	0
SRR23343479	AD_Malaysia	452	within_species_comparison	sensitivity	fragment	independent_eligible	29
SRR23343480	AD_Malaysia	452	within_species_comparison	sensitivity	alignment	duplicate	5
SRR23343480	AD_Malaysia	452	within_species_comparison	sensitivity	alignment	eligible	32
SRR23343480	AD_Malaysia	452	within_species_comparison	sensitivity	alignment	incomplete_codon	1
SRR23343480	AD_Malaysia	452	within_species_comparison	sensitivity	alignment	low_base_quality	3
SRR23343480	AD_Malaysia	452	within_species_comparison	sensitivity	fragment	conflicting_mates	0
SRR23343480	AD_Malaysia	452	within_species_comparison	sensitivity	fragment	independent_eligible	31
SRR23343481	AD_Malaysia	452	within_species_comparison	sensitivity	alignment	duplicate	5
SRR23343481	AD_Malaysia	452	within_species_comparison	sensitivity	alignment	eligible	20
SRR23343481	AD_Malaysia	452	within_species_comparison	sensitivity	alignment	incomplete_codon	1
SRR23343481	AD_Malaysia	452	within_species_comparison	sensitivity	alignment	low_base_quality	1
SRR23343481	AD_Malaysia	452	within_species_comparison	sensitivity	fragment	conflicting_mates	0
SRR23343481	AD_Malaysia	452	within_species_comparison	sensitivity	fragment	independent_eligible	20
SRR23343482	AD_Malaysia	452	within_species_comparison	sensitivity	alignment	duplicate	10
SRR23343482	AD_Malaysia	452	within_species_comparison	sensitivity	alignment	eligible	42
SRR23343482	AD_Malaysia	452	within_species_comparison	sensitivity	alignment	incomplete_codon	2
SRR23343482	AD_Malaysia	452	within_species_comparison	sensitivity	alignment	low_base_quality	1
SRR23343482	AD_Malaysia	452	within_species_comparison	sensitivity	fragment	conflicting_mates	0
SRR23343482	AD_Malaysia	452	within_species_comparison	sensitivity	fragment	independent_eligible	41
SRR23343483	AD_Malaysia	452	within_species_comparison	sensitivity	alignment	duplicate	7
SRR23343483	AD_Malaysia	452	within_species_comparison	sensitivity	alignment	eligible	39
SRR23343483	AD_Malaysia	452	within_species_comparison	sensitivity	alignment	incomplete_codon	1
SRR23343483	AD_Malaysia	452	within_species_comparison	sensitivity	alignment	low_base_quality	3
SRR23343483	AD_Malaysia	452	within_species_comparison	sensitivity	fragment	conflicting_mates	0
SRR23343483	AD_Malaysia	452	within_species_comparison	sensitivity	fragment	independent_eligible	37
SRR23343484	AD_Malaysia	452	within_species_comparison	sensitivity	alignment	duplicate	8
SRR23343484	AD_Malaysia	452	within_species_comparison	sensitivity	alignment	eligible	34
SRR23343484	AD_Malaysia	452	within_species_comparison	sensitivity	alignment	incomplete_codon	3
SRR23343484	AD_Malaysia	452	within_species_comparison	sensitivity	alignment	low_base_quality	1
SRR23343484	AD_Malaysia	452	within_species_comparison	sensitivity	fragment	conflicting_mates	0
SRR23343484	AD_Malaysia	452	within_species_comparison	sensitivity	fragment	independent_eligible	34
SRR23343485	AD_Malaysia	452	within_species_comparison	sensitivity	alignment	duplicate	8
SRR23343485	AD_Malaysia	452	within_species_comparison	sensitivity	alignment	eligible	31
SRR23343485	AD_Malaysia	452	within_species_comparison	sensitivity	alignment	incomplete_codon	1
SRR23343485	AD_Malaysia	452	within_species_comparison	sensitivity	alignment	low_base_quality	2
SRR23343485	AD_Malaysia	452	within_species_comparison	sensitivity	fragment	conflicting_mates	0
SRR23343485	AD_Malaysia	452	within_species_comparison	sensitivity	fragment	independent_eligible	31
SRR23343486	AD_Malaysia	452	within_species_comparison	sensitivity	alignment	duplicate	13
SRR23343486	AD_Malaysia	452	within_species_comparison	sensitivity	alignment	eligible	43
SRR23343486	AD_Malaysia	452	within_species_comparison	sensitivity	alignment	incomplete_codon	1
SRR23343486	AD_Malaysia	452	within_species_comparison	sensitivity	alignment	low_base_quality	3
SRR23343486	AD_Malaysia	452	within_species_comparison	sensitivity	fragment	conflicting_mates	0
SRR23343486	AD_Malaysia	452	within_species_comparison	sensitivity	fragment	independent_eligible	39
SRR23343487	AD_Malaysia	452	within_species_comparison	sensitivity	alignment	duplicate	11
SRR23343487	AD_Malaysia	452	within_species_comparison	sensitivity	alignment	eligible	46
SRR23343487	AD_Malaysia	452	within_species_comparison	sensitivity	alignment	low_base_quality	1
SRR23343487	AD_Malaysia	452	within_species_comparison	sensitivity	fragment	conflicting_mates	0
SRR23343487	AD_Malaysia	452	within_species_comparison	sensitivity	fragment	independent_eligible	45
SRR23343488	AD_Malaysia	452	within_species_comparison	sensitivity	alignment	duplicate	7
SRR23343488	AD_Malaysia	452	within_species_comparison	sensitivity	alignment	eligible	37
SRR23343488	AD_Malaysia	452	within_species_comparison	sensitivity	alignment	incomplete_codon	1
SRR23343488	AD_Malaysia	452	within_species_comparison	sensitivity	alignment	low_base_quality	3
SRR23343488	AD_Malaysia	452	within_species_comparison	sensitivity	fragment	conflicting_mates	0
SRR23343488	AD_Malaysia	452	within_species_comparison	sensitivity	fragment	independent_eligible	37
SRR23343489	AD_Malaysia	452	within_species_comparison	sensitivity	alignment	duplicate	8
SRR23343489	AD_Malaysia	452	within_species_comparison	sensitivity	alignment	eligible	35
SRR23343489	AD_Malaysia	452	within_species_comparison	sensitivity	alignment	incomplete_codon	1
SRR23343489	AD_Malaysia	452	within_species_comparison	sensitivity	alignment	low_base_quality	5
SRR23343489	AD_Malaysia	452	within_species_comparison	sensitivity	fragment	conflicting_mates	0
SRR23343489	AD_Malaysia	452	within_species_comparison	sensitivity	fragment	independent_eligible	35
SRR23343490	AD_Malaysia	452	within_species_comparison	sensitivity	alignment	duplicate	4
SRR23343490	AD_Malaysia	452	within_species_comparison	sensitivity	alignment	eligible	20
SRR23343490	AD_Malaysia	452	within_species_comparison	sensitivity	alignment	incomplete_codon	1
SRR23343490	AD_Malaysia	452	within_species_comparison	sensitivity	alignment	low_base_quality	1
SRR23343490	AD_Malaysia	452	within_species_comparison	sensitivity	fragment	conflicting_mates	0
SRR23343490	AD_Malaysia	452	within_species_comparison	sensitivity	fragment	independent_eligible	20
SRR23343491	AD_Malaysia	452	within_species_comparison	sensitivity	alignment	duplicate	7
SRR23343491	AD_Malaysia	452	within_species_comparison	sensitivity	alignment	eligible	35
SRR23343491	AD_Malaysia	452	within_species_comparison	sensitivity	alignment	low_base_quality	1
SRR23343491	AD_Malaysia	452	within_species_comparison	sensitivity	fragment	conflicting_mates	0
SRR23343491	AD_Malaysia	452	within_species_comparison	sensitivity	fragment	independent_eligible	35
SRR23343492	AD_Malaysia	452	within_species_comparison	sensitivity	alignment	duplicate	4
SRR23343492	AD_Malaysia	452	within_species_comparison	sensitivity	alignment	eligible	35
SRR23343492	AD_Malaysia	452	within_species_comparison	sensitivity	alignment	low_base_quality	5
SRR23343492	AD_Malaysia	452	within_species_comparison	sensitivity	fragment	conflicting_mates	0
SRR23343492	AD_Malaysia	452	within_species_comparison	sensitivity	fragment	independent_eligible	33
SRR23343493	AD_Malaysia	452	within_species_comparison	sensitivity	alignment	duplicate	4
SRR23343493	AD_Malaysia	452	within_species_comparison	sensitivity	alignment	eligible	19
SRR23343493	AD_Malaysia	452	within_species_comparison	sensitivity	alignment	low_base_quality	1
SRR23343493	AD_Malaysia	452	within_species_comparison	sensitivity	fragment	conflicting_mates	0
SRR23343493	AD_Malaysia	452	within_species_comparison	sensitivity	fragment	independent_eligible	18
SRR23343494	AD_Malaysia	452	within_species_comparison	sensitivity	alignment	duplicate	10
SRR23343494	AD_Malaysia	452	within_species_comparison	sensitivity	alignment	eligible	28
SRR23343494	AD_Malaysia	452	within_species_comparison	sensitivity	alignment	incomplete_codon	2
SRR23343494	AD_Malaysia	452	within_species_comparison	sensitivity	alignment	low_base_quality	5
SRR23343494	AD_Malaysia	452	within_species_comparison	sensitivity	fragment	conflicting_mates	0
SRR23343494	AD_Malaysia	452	within_species_comparison	sensitivity	fragment	independent_eligible	28
SRR23343438	AD_Malaysia	474	secondary	sensitivity	alignment	duplicate	9
SRR23343438	AD_Malaysia	474	secondary	sensitivity	alignment	eligible	49
SRR23343438	AD_Malaysia	474	secondary	sensitivity	alignment	incomplete_codon	2
SRR23343438	AD_Malaysia	474	secondary	sensitivity	alignment	low_base_quality	2
SRR23343438	AD_Malaysia	474	secondary	sensitivity	fragment	conflicting_mates	0
SRR23343438	AD_Malaysia	474	secondary	sensitivity	fragment	independent_eligible	47
SRR23343439	AD_Malaysia	474	secondary	sensitivity	alignment	duplicate	6
SRR23343439	AD_Malaysia	474	secondary	sensitivity	alignment	eligible	37
SRR23343439	AD_Malaysia	474	secondary	sensitivity	fragment	conflicting_mates	0
SRR23343439	AD_Malaysia	474	secondary	sensitivity	fragment	independent_eligible	37
SRR23343440	AD_Malaysia	474	secondary	sensitivity	alignment	duplicate	4
SRR23343440	AD_Malaysia	474	secondary	sensitivity	alignment	eligible	27
SRR23343440	AD_Malaysia	474	secondary	sensitivity	alignment	incomplete_codon	1
SRR23343440	AD_Malaysia	474	secondary	sensitivity	alignment	low_base_quality	1
SRR23343440	AD_Malaysia	474	secondary	sensitivity	fragment	conflicting_mates	0
SRR23343440	AD_Malaysia	474	secondary	sensitivity	fragment	independent_eligible	27
SRR23343441	AD_Malaysia	474	secondary	sensitivity	alignment	duplicate	5
SRR23343441	AD_Malaysia	474	secondary	sensitivity	alignment	eligible	25
SRR23343441	AD_Malaysia	474	secondary	sensitivity	fragment	conflicting_mates	0
SRR23343441	AD_Malaysia	474	secondary	sensitivity	fragment	independent_eligible	25
SRR23343442	AD_Malaysia	474	secondary	sensitivity	alignment	duplicate	17
SRR23343442	AD_Malaysia	474	secondary	sensitivity	alignment	eligible	76
SRR23343442	AD_Malaysia	474	secondary	sensitivity	alignment	incomplete_codon	1
SRR23343442	AD_Malaysia	474	secondary	sensitivity	alignment	low_base_quality	6
SRR23343442	AD_Malaysia	474	secondary	sensitivity	fragment	conflicting_mates	0
SRR23343442	AD_Malaysia	474	secondary	sensitivity	fragment	independent_eligible	70
SRR23343443	AD_Malaysia	474	secondary	sensitivity	alignment	duplicate	4
SRR23343443	AD_Malaysia	474	secondary	sensitivity	alignment	eligible	24
SRR23343443	AD_Malaysia	474	secondary	sensitivity	alignment	low_base_quality	1
SRR23343443	AD_Malaysia	474	secondary	sensitivity	fragment	conflicting_mates	0
SRR23343443	AD_Malaysia	474	secondary	sensitivity	fragment	independent_eligible	23
SRR23343444	AD_Malaysia	474	secondary	sensitivity	alignment	duplicate	5
SRR23343444	AD_Malaysia	474	secondary	sensitivity	alignment	eligible	22
SRR23343444	AD_Malaysia	474	secondary	sensitivity	alignment	incomplete_codon	1
SRR23343444	AD_Malaysia	474	secondary	sensitivity	alignment	low_base_quality	1
SRR23343444	AD_Malaysia	474	secondary	sensitivity	fragment	conflicting_mates	0
SRR23343444	AD_Malaysia	474	secondary	sensitivity	fragment	independent_eligible	21
SRR23343445	AD_Malaysia	474	secondary	sensitivity	alignment	duplicate	7
SRR23343445	AD_Malaysia	474	secondary	sensitivity	alignment	eligible	48
SRR23343445	AD_Malaysia	474	secondary	sensitivity	alignment	incomplete_codon	2
SRR23343445	AD_Malaysia	474	secondary	sensitivity	alignment	low_base_quality	3
SRR23343445	AD_Malaysia	474	secondary	sensitivity	fragment	conflicting_mates	0
SRR23343445	AD_Malaysia	474	secondary	sensitivity	fragment	independent_eligible	46
SRR23343446	AD_Malaysia	474	secondary	sensitivity	alignment	duplicate	4
SRR23343446	AD_Malaysia	474	secondary	sensitivity	alignment	eligible	28
SRR23343446	AD_Malaysia	474	secondary	sensitivity	alignment	incomplete_codon	2
SRR23343446	AD_Malaysia	474	secondary	sensitivity	alignment	low_base_quality	6
SRR23343446	AD_Malaysia	474	secondary	sensitivity	fragment	conflicting_mates	0
SRR23343446	AD_Malaysia	474	secondary	sensitivity	fragment	independent_eligible	27
SRR23343447	AD_Malaysia	474	secondary	sensitivity	alignment	duplicate	9
SRR23343447	AD_Malaysia	474	secondary	sensitivity	alignment	eligible	38
SRR23343447	AD_Malaysia	474	secondary	sensitivity	alignment	incomplete_codon	1
SRR23343447	AD_Malaysia	474	secondary	sensitivity	fragment	conflicting_mates	0
SRR23343447	AD_Malaysia	474	secondary	sensitivity	fragment	independent_eligible	36
SRR23343448	AD_Malaysia	474	secondary	sensitivity	alignment	duplicate	2
SRR23343448	AD_Malaysia	474	secondary	sensitivity	alignment	eligible	31
SRR23343448	AD_Malaysia	474	secondary	sensitivity	alignment	low_base_quality	2
SRR23343448	AD_Malaysia	474	secondary	sensitivity	fragment	conflicting_mates	0
SRR23343448	AD_Malaysia	474	secondary	sensitivity	fragment	independent_eligible	31
SRR23343449	AD_Malaysia	474	secondary	sensitivity	alignment	duplicate	6
SRR23343449	AD_Malaysia	474	secondary	sensitivity	alignment	eligible	28
SRR23343449	AD_Malaysia	474	secondary	sensitivity	alignment	incomplete_codon	1
SRR23343449	AD_Malaysia	474	secondary	sensitivity	alignment	low_base_quality	2
SRR23343449	AD_Malaysia	474	secondary	sensitivity	fragment	conflicting_mates	0
SRR23343449	AD_Malaysia	474	secondary	sensitivity	fragment	independent_eligible	27
SRR23343450	AD_Malaysia	474	secondary	sensitivity	alignment	duplicate	1
SRR23343450	AD_Malaysia	474	secondary	sensitivity	alignment	eligible	38
SRR23343450	AD_Malaysia	474	secondary	sensitivity	fragment	conflicting_mates	0
SRR23343450	AD_Malaysia	474	secondary	sensitivity	fragment	independent_eligible	37
SRR23343451	AD_Malaysia	474	secondary	sensitivity	alignment	duplicate	8
SRR23343451	AD_Malaysia	474	secondary	sensitivity	alignment	eligible	36
SRR23343451	AD_Malaysia	474	secondary	sensitivity	alignment	low_base_quality	2
SRR23343451	AD_Malaysia	474	secondary	sensitivity	fragment	conflicting_mates	0
SRR23343451	AD_Malaysia	474	secondary	sensitivity	fragment	independent_eligible	34
SRR23343452	AD_Malaysia	474	secondary	sensitivity	alignment	duplicate	8
SRR23343452	AD_Malaysia	474	secondary	sensitivity	alignment	eligible	47
SRR23343452	AD_Malaysia	474	secondary	sensitivity	alignment	low_base_quality	3
SRR23343452	AD_Malaysia	474	secondary	sensitivity	fragment	conflicting_mates	0
SRR23343452	AD_Malaysia	474	secondary	sensitivity	fragment	independent_eligible	46
SRR23343453	AD_Malaysia	474	secondary	sensitivity	alignment	duplicate	7
SRR23343453	AD_Malaysia	474	secondary	sensitivity	alignment	eligible	19
SRR23343453	AD_Malaysia	474	secondary	sensitivity	alignment	incomplete_codon	1
SRR23343453	AD_Malaysia	474	secondary	sensitivity	alignment	low_base_quality	1
SRR23343453	AD_Malaysia	474	secondary	sensitivity	fragment	conflicting_mates	0
SRR23343453	AD_Malaysia	474	secondary	sensitivity	fragment	independent_eligible	18
SRR23343454	AD_Malaysia	474	secondary	sensitivity	alignment	duplicate	6
SRR23343454	AD_Malaysia	474	secondary	sensitivity	alignment	eligible	29
SRR23343454	AD_Malaysia	474	secondary	sensitivity	alignment	incomplete_codon	1
SRR23343454	AD_Malaysia	474	secondary	sensitivity	alignment	low_base_quality	5
SRR23343454	AD_Malaysia	474	secondary	sensitivity	fragment	conflicting_mates	0
SRR23343454	AD_Malaysia	474	secondary	sensitivity	fragment	independent_eligible	28
SRR23343455	AD_Malaysia	474	secondary	sensitivity	alignment	duplicate	1
SRR23343455	AD_Malaysia	474	secondary	sensitivity	alignment	eligible	4
SRR23343455	AD_Malaysia	474	secondary	sensitivity	fragment	conflicting_mates	0
SRR23343455	AD_Malaysia	474	secondary	sensitivity	fragment	independent_eligible	4
SRR23343456	AD_Malaysia	474	secondary	sensitivity	alignment	duplicate	5
SRR23343456	AD_Malaysia	474	secondary	sensitivity	alignment	eligible	26
SRR23343456	AD_Malaysia	474	secondary	sensitivity	alignment	incomplete_codon	1
SRR23343456	AD_Malaysia	474	secondary	sensitivity	alignment	low_base_quality	2
SRR23343456	AD_Malaysia	474	secondary	sensitivity	fragment	conflicting_mates	0
SRR23343456	AD_Malaysia	474	secondary	sensitivity	fragment	independent_eligible	25
SRR23343457	AD_Malaysia	474	secondary	sensitivity	alignment	duplicate	6
SRR23343457	AD_Malaysia	474	secondary	sensitivity	alignment	eligible	33
SRR23343457	AD_Malaysia	474	secondary	sensitivity	fragment	conflicting_mates	0
SRR23343457	AD_Malaysia	474	secondary	sensitivity	fragment	independent_eligible	31
SRR23343458	AD_Malaysia	474	secondary	sensitivity	alignment	duplicate	9
SRR23343458	AD_Malaysia	474	secondary	sensitivity	alignment	eligible	48
SRR23343458	AD_Malaysia	474	secondary	sensitivity	alignment	incomplete_codon	1
SRR23343458	AD_Malaysia	474	secondary	sensitivity	alignment	low_base_quality	1
SRR23343458	AD_Malaysia	474	secondary	sensitivity	fragment	conflicting_mates	0
SRR23343458	AD_Malaysia	474	secondary	sensitivity	fragment	independent_eligible	44
SRR23343459	AD_Malaysia	474	secondary	sensitivity	alignment	duplicate	7
SRR23343459	AD_Malaysia	474	secondary	sensitivity	alignment	eligible	24
SRR23343459	AD_Malaysia	474	secondary	sensitivity	alignment	incomplete_codon	4
SRR23343459	AD_Malaysia	474	secondary	sensitivity	fragment	conflicting_mates	0
SRR23343459	AD_Malaysia	474	secondary	sensitivity	fragment	independent_eligible	23
SRR23343460	AD_Malaysia	474	secondary	sensitivity	alignment	duplicate	11
SRR23343460	AD_Malaysia	474	secondary	sensitivity	alignment	eligible	33
SRR23343460	AD_Malaysia	474	secondary	sensitivity	alignment	incomplete_codon	2
SRR23343460	AD_Malaysia	474	secondary	sensitivity	alignment	low_base_quality	4
SRR23343460	AD_Malaysia	474	secondary	sensitivity	fragment	conflicting_mates	0
SRR23343460	AD_Malaysia	474	secondary	sensitivity	fragment	independent_eligible	32
SRR23343461	AD_Malaysia	474	secondary	sensitivity	alignment	duplicate	5
SRR23343461	AD_Malaysia	474	secondary	sensitivity	alignment	eligible	36
SRR23343461	AD_Malaysia	474	secondary	sensitivity	alignment	low_base_quality	1
SRR23343461	AD_Malaysia	474	secondary	sensitivity	fragment	conflicting_mates	0
SRR23343461	AD_Malaysia	474	secondary	sensitivity	fragment	independent_eligible	34
SRR23343462	AD_Malaysia	474	secondary	sensitivity	alignment	duplicate	22
SRR23343462	AD_Malaysia	474	secondary	sensitivity	alignment	eligible	64
SRR23343462	AD_Malaysia	474	secondary	sensitivity	alignment	incomplete_codon	1
SRR23343462	AD_Malaysia	474	secondary	sensitivity	alignment	low_base_quality	5
SRR23343462	AD_Malaysia	474	secondary	sensitivity	fragment	conflicting_mates	0
SRR23343462	AD_Malaysia	474	secondary	sensitivity	fragment	independent_eligible	59
SRR23343463	AD_Malaysia	474	secondary	sensitivity	alignment	duplicate	14
SRR23343463	AD_Malaysia	474	secondary	sensitivity	alignment	eligible	40
SRR23343463	AD_Malaysia	474	secondary	sensitivity	alignment	incomplete_codon	2
SRR23343463	AD_Malaysia	474	secondary	sensitivity	alignment	low_base_quality	1
SRR23343463	AD_Malaysia	474	secondary	sensitivity	fragment	conflicting_mates	0
SRR23343463	AD_Malaysia	474	secondary	sensitivity	fragment	independent_eligible	40
SRR23343464	AD_Malaysia	474	secondary	sensitivity	alignment	duplicate	8
SRR23343464	AD_Malaysia	474	secondary	sensitivity	alignment	eligible	31
SRR23343464	AD_Malaysia	474	secondary	sensitivity	alignment	incomplete_codon	2
SRR23343464	AD_Malaysia	474	secondary	sensitivity	alignment	low_base_quality	3
SRR23343464	AD_Malaysia	474	secondary	sensitivity	fragment	conflicting_mates	0
SRR23343464	AD_Malaysia	474	secondary	sensitivity	fragment	independent_eligible	28
SRR23343465	AD_Malaysia	474	secondary	sensitivity	alignment	duplicate	7
SRR23343465	AD_Malaysia	474	secondary	sensitivity	alignment	eligible	26
SRR23343465	AD_Malaysia	474	secondary	sensitivity	alignment	incomplete_codon	1
SRR23343465	AD_Malaysia	474	secondary	sensitivity	alignment	low_base_quality	1
SRR23343465	AD_Malaysia	474	secondary	sensitivity	alignment	nonprimary_alignment	1
SRR23343465	AD_Malaysia	474	secondary	sensitivity	fragment	conflicting_mates	0
SRR23343465	AD_Malaysia	474	secondary	sensitivity	fragment	independent_eligible	25
SRR23343466	AD_Malaysia	474	secondary	sensitivity	alignment	duplicate	9
SRR23343466	AD_Malaysia	474	secondary	sensitivity	alignment	eligible	33
SRR23343466	AD_Malaysia	474	secondary	sensitivity	alignment	low_base_quality	1
SRR23343466	AD_Malaysia	474	secondary	sensitivity	fragment	conflicting_mates	0
SRR23343466	AD_Malaysia	474	secondary	sensitivity	fragment	independent_eligible	32
SRR23343467	AD_Malaysia	474	secondary	sensitivity	alignment	duplicate	5
SRR23343467	AD_Malaysia	474	secondary	sensitivity	alignment	eligible	40
SRR23343467	AD_Malaysia	474	secondary	sensitivity	alignment	incomplete_codon	1
SRR23343467	AD_Malaysia	474	secondary	sensitivity	alignment	low_base_quality	6
SRR23343467	AD_Malaysia	474	secondary	sensitivity	fragment	conflicting_mates	0
SRR23343467	AD_Malaysia	474	secondary	sensitivity	fragment	independent_eligible	37
SRR23343468	AD_Malaysia	474	secondary	sensitivity	alignment	duplicate	13
SRR23343468	AD_Malaysia	474	secondary	sensitivity	alignment	eligible	43
SRR23343468	AD_Malaysia	474	secondary	sensitivity	alignment	incomplete_codon	1
SRR23343468	AD_Malaysia	474	secondary	sensitivity	alignment	low_base_quality	1
SRR23343468	AD_Malaysia	474	secondary	sensitivity	fragment	conflicting_mates	0
SRR23343468	AD_Malaysia	474	secondary	sensitivity	fragment	independent_eligible	40
SRR23343469	AD_Malaysia	474	secondary	sensitivity	alignment	duplicate	9
SRR23343469	AD_Malaysia	474	secondary	sensitivity	alignment	eligible	37
SRR23343469	AD_Malaysia	474	secondary	sensitivity	alignment	incomplete_codon	1
SRR23343469	AD_Malaysia	474	secondary	sensitivity	alignment	low_base_quality	2
SRR23343469	AD_Malaysia	474	secondary	sensitivity	fragment	conflicting_mates	0
SRR23343469	AD_Malaysia	474	secondary	sensitivity	fragment	independent_eligible	36
SRR23343470	AD_Malaysia	474	secondary	sensitivity	alignment	duplicate	7
SRR23343470	AD_Malaysia	474	secondary	sensitivity	alignment	eligible	23
SRR23343470	AD_Malaysia	474	secondary	sensitivity	alignment	low_base_quality	1
SRR23343470	AD_Malaysia	474	secondary	sensitivity	fragment	conflicting_mates	0
SRR23343470	AD_Malaysia	474	secondary	sensitivity	fragment	independent_eligible	23
SRR23343471	AD_Malaysia	474	secondary	sensitivity	alignment	duplicate	2
SRR23343471	AD_Malaysia	474	secondary	sensitivity	alignment	eligible	22
SRR23343471	AD_Malaysia	474	secondary	sensitivity	alignment	incomplete_codon	1
SRR23343471	AD_Malaysia	474	secondary	sensitivity	alignment	low_base_quality	4
SRR23343471	AD_Malaysia	474	secondary	sensitivity	fragment	conflicting_mates	0
SRR23343471	AD_Malaysia	474	secondary	sensitivity	fragment	independent_eligible	22
SRR23343472	AD_Malaysia	474	secondary	sensitivity	alignment	duplicate	7
SRR23343472	AD_Malaysia	474	secondary	sensitivity	alignment	eligible	22
SRR23343472	AD_Malaysia	474	secondary	sensitivity	alignment	incomplete_codon	1
SRR23343472	AD_Malaysia	474	secondary	sensitivity	alignment	low_base_quality	2
SRR23343472	AD_Malaysia	474	secondary	sensitivity	fragment	conflicting_mates	0
SRR23343472	AD_Malaysia	474	secondary	sensitivity	fragment	independent_eligible	21
SRR23343473	AD_Malaysia	474	secondary	sensitivity	alignment	duplicate	14
SRR23343473	AD_Malaysia	474	secondary	sensitivity	alignment	eligible	73
SRR23343473	AD_Malaysia	474	secondary	sensitivity	alignment	incomplete_codon	2
SRR23343473	AD_Malaysia	474	secondary	sensitivity	alignment	low_base_quality	6
SRR23343473	AD_Malaysia	474	secondary	sensitivity	fragment	conflicting_mates	0
SRR23343473	AD_Malaysia	474	secondary	sensitivity	fragment	independent_eligible	71
SRR23343474	AD_Malaysia	474	secondary	sensitivity	alignment	duplicate	3
SRR23343474	AD_Malaysia	474	secondary	sensitivity	alignment	eligible	34
SRR23343474	AD_Malaysia	474	secondary	sensitivity	alignment	incomplete_codon	1
SRR23343474	AD_Malaysia	474	secondary	sensitivity	fragment	conflicting_mates	0
SRR23343474	AD_Malaysia	474	secondary	sensitivity	fragment	independent_eligible	32
SRR23343475	AD_Malaysia	474	secondary	sensitivity	alignment	duplicate	5
SRR23343475	AD_Malaysia	474	secondary	sensitivity	alignment	eligible	43
SRR23343475	AD_Malaysia	474	secondary	sensitivity	alignment	incomplete_codon	1
SRR23343475	AD_Malaysia	474	secondary	sensitivity	alignment	low_base_quality	3
SRR23343475	AD_Malaysia	474	secondary	sensitivity	fragment	conflicting_mates	0
SRR23343475	AD_Malaysia	474	secondary	sensitivity	fragment	independent_eligible	39
SRR23343476	AD_Malaysia	474	secondary	sensitivity	alignment	duplicate	2
SRR23343476	AD_Malaysia	474	secondary	sensitivity	alignment	eligible	24
SRR23343476	AD_Malaysia	474	secondary	sensitivity	alignment	low_base_quality	4
SRR23343476	AD_Malaysia	474	secondary	sensitivity	fragment	conflicting_mates	0
SRR23343476	AD_Malaysia	474	secondary	sensitivity	fragment	independent_eligible	24
SRR23343477	AD_Malaysia	474	secondary	sensitivity	alignment	duplicate	13
SRR23343477	AD_Malaysia	474	secondary	sensitivity	alignment	eligible	40
SRR23343477	AD_Malaysia	474	secondary	sensitivity	alignment	incomplete_codon	2
SRR23343477	AD_Malaysia	474	secondary	sensitivity	alignment	low_base_quality	1
SRR23343477	AD_Malaysia	474	secondary	sensitivity	fragment	conflicting_mates	0
SRR23343477	AD_Malaysia	474	secondary	sensitivity	fragment	independent_eligible	39
SRR23343478	AD_Malaysia	474	secondary	sensitivity	alignment	duplicate	4
SRR23343478	AD_Malaysia	474	secondary	sensitivity	alignment	eligible	23
SRR23343478	AD_Malaysia	474	secondary	sensitivity	alignment	incomplete_codon	1
SRR23343478	AD_Malaysia	474	secondary	sensitivity	alignment	low_base_quality	3
SRR23343478	AD_Malaysia	474	secondary	sensitivity	fragment	conflicting_mates	0
SRR23343478	AD_Malaysia	474	secondary	sensitivity	fragment	independent_eligible	23
SRR23343479	AD_Malaysia	474	secondary	sensitivity	alignment	duplicate	7
SRR23343479	AD_Malaysia	474	secondary	sensitivity	alignment	eligible	33
SRR23343479	AD_Malaysia	474	secondary	sensitivity	alignment	incomplete_codon	1
SRR23343479	AD_Malaysia	474	secondary	sensitivity	alignment	low_base_quality	2
SRR23343479	AD_Malaysia	474	secondary	sensitivity	fragment	conflicting_mates	0
SRR23343479	AD_Malaysia	474	secondary	sensitivity	fragment	independent_eligible	31
SRR23343480	AD_Malaysia	474	secondary	sensitivity	alignment	duplicate	5
SRR23343480	AD_Malaysia	474	secondary	sensitivity	alignment	eligible	26
SRR23343480	AD_Malaysia	474	secondary	sensitivity	alignment	incomplete_codon	1
SRR23343480	AD_Malaysia	474	secondary	sensitivity	alignment	low_base_quality	1
SRR23343480	AD_Malaysia	474	secondary	sensitivity	fragment	conflicting_mates	0
SRR23343480	AD_Malaysia	474	secondary	sensitivity	fragment	independent_eligible	26
SRR23343481	AD_Malaysia	474	secondary	sensitivity	alignment	duplicate	2
SRR23343481	AD_Malaysia	474	secondary	sensitivity	alignment	eligible	18
SRR23343481	AD_Malaysia	474	secondary	sensitivity	alignment	low_base_quality	2
SRR23343481	AD_Malaysia	474	secondary	sensitivity	fragment	conflicting_mates	0
SRR23343481	AD_Malaysia	474	secondary	sensitivity	fragment	independent_eligible	18
SRR23343482	AD_Malaysia	474	secondary	sensitivity	alignment	duplicate	9
SRR23343482	AD_Malaysia	474	secondary	sensitivity	alignment	eligible	39
SRR23343482	AD_Malaysia	474	secondary	sensitivity	alignment	low_base_quality	2
SRR23343482	AD_Malaysia	474	secondary	sensitivity	fragment	conflicting_mates	0
SRR23343482	AD_Malaysia	474	secondary	sensitivity	fragment	independent_eligible	39
SRR23343483	AD_Malaysia	474	secondary	sensitivity	alignment	duplicate	5
SRR23343483	AD_Malaysia	474	secondary	sensitivity	alignment	eligible	34
SRR23343483	AD_Malaysia	474	secondary	sensitivity	alignment	incomplete_codon	1
SRR23343483	AD_Malaysia	474	secondary	sensitivity	alignment	low_base_quality	2
SRR23343483	AD_Malaysia	474	secondary	sensitivity	fragment	conflicting_mates	0
SRR23343483	AD_Malaysia	474	secondary	sensitivity	fragment	independent_eligible	33
SRR23343484	AD_Malaysia	474	secondary	sensitivity	alignment	duplicate	9
SRR23343484	AD_Malaysia	474	secondary	sensitivity	alignment	eligible	36
SRR23343484	AD_Malaysia	474	secondary	sensitivity	alignment	low_base_quality	3
SRR23343484	AD_Malaysia	474	secondary	sensitivity	fragment	conflicting_mates	0
SRR23343484	AD_Malaysia	474	secondary	sensitivity	fragment	independent_eligible	34
SRR23343485	AD_Malaysia	474	secondary	sensitivity	alignment	duplicate	12
SRR23343485	AD_Malaysia	474	secondary	sensitivity	alignment	eligible	35
SRR23343485	AD_Malaysia	474	secondary	sensitivity	alignment	low_base_quality	2
SRR23343485	AD_Malaysia	474	secondary	sensitivity	fragment	conflicting_mates	0
SRR23343485	AD_Malaysia	474	secondary	sensitivity	fragment	independent_eligible	34
SRR23343486	AD_Malaysia	474	secondary	sensitivity	alignment	duplicate	14
SRR23343486	AD_Malaysia	474	secondary	sensitivity	alignment	eligible	55
SRR23343486	AD_Malaysia	474	secondary	sensitivity	alignment	low_base_quality	2
SRR23343486	AD_Malaysia	474	secondary	sensitivity	fragment	conflicting_mates	0
SRR23343486	AD_Malaysia	474	secondary	sensitivity	fragment	independent_eligible	50
SRR23343487	AD_Malaysia	474	secondary	sensitivity	alignment	duplicate	14
SRR23343487	AD_Malaysia	474	secondary	sensitivity	alignment	eligible	43
SRR23343487	AD_Malaysia	474	secondary	sensitivity	alignment	incomplete_codon	3
SRR23343487	AD_Malaysia	474	secondary	sensitivity	alignment	low_base_quality	3
SRR23343487	AD_Malaysia	474	secondary	sensitivity	fragment	conflicting_mates	0
SRR23343487	AD_Malaysia	474	secondary	sensitivity	fragment	independent_eligible	43
SRR23343488	AD_Malaysia	474	secondary	sensitivity	alignment	duplicate	5
SRR23343488	AD_Malaysia	474	secondary	sensitivity	alignment	eligible	31
SRR23343488	AD_Malaysia	474	secondary	sensitivity	alignment	incomplete_codon	2
SRR23343488	AD_Malaysia	474	secondary	sensitivity	alignment	low_base_quality	5
SRR23343488	AD_Malaysia	474	secondary	sensitivity	fragment	conflicting_mates	0
SRR23343488	AD_Malaysia	474	secondary	sensitivity	fragment	independent_eligible	31
SRR23343489	AD_Malaysia	474	secondary	sensitivity	alignment	duplicate	6
SRR23343489	AD_Malaysia	474	secondary	sensitivity	alignment	eligible	36
SRR23343489	AD_Malaysia	474	secondary	sensitivity	alignment	incomplete_codon	2
SRR23343489	AD_Malaysia	474	secondary	sensitivity	alignment	low_base_quality	1
SRR23343489	AD_Malaysia	474	secondary	sensitivity	fragment	conflicting_mates	0
SRR23343489	AD_Malaysia	474	secondary	sensitivity	fragment	independent_eligible	35
SRR23343490	AD_Malaysia	474	secondary	sensitivity	alignment	duplicate	4
SRR23343490	AD_Malaysia	474	secondary	sensitivity	alignment	eligible	21
SRR23343490	AD_Malaysia	474	secondary	sensitivity	alignment	low_base_quality	4
SRR23343490	AD_Malaysia	474	secondary	sensitivity	fragment	conflicting_mates	0
SRR23343490	AD_Malaysia	474	secondary	sensitivity	fragment	independent_eligible	21
SRR23343491	AD_Malaysia	474	secondary	sensitivity	alignment	duplicate	5
SRR23343491	AD_Malaysia	474	secondary	sensitivity	alignment	eligible	32
SRR23343491	AD_Malaysia	474	secondary	sensitivity	alignment	incomplete_codon	2
SRR23343491	AD_Malaysia	474	secondary	sensitivity	alignment	low_base_quality	3
SRR23343491	AD_Malaysia	474	secondary	sensitivity	fragment	conflicting_mates	0
SRR23343491	AD_Malaysia	474	secondary	sensitivity	fragment	independent_eligible	32
SRR23343492	AD_Malaysia	474	secondary	sensitivity	alignment	duplicate	4
SRR23343492	AD_Malaysia	474	secondary	sensitivity	alignment	eligible	33
SRR23343492	AD_Malaysia	474	secondary	sensitivity	alignment	low_base_quality	6
SRR23343492	AD_Malaysia	474	secondary	sensitivity	fragment	conflicting_mates	0
SRR23343492	AD_Malaysia	474	secondary	sensitivity	fragment	independent_eligible	32
SRR23343493	AD_Malaysia	474	secondary	sensitivity	alignment	duplicate	6
SRR23343493	AD_Malaysia	474	secondary	sensitivity	alignment	eligible	21
SRR23343493	AD_Malaysia	474	secondary	sensitivity	alignment	low_base_quality	3
SRR23343493	AD_Malaysia	474	secondary	sensitivity	fragment	conflicting_mates	0
SRR23343493	AD_Malaysia	474	secondary	sensitivity	fragment	independent_eligible	21
SRR23343494	AD_Malaysia	474	secondary	sensitivity	alignment	duplicate	7
SRR23343494	AD_Malaysia	474	secondary	sensitivity	alignment	eligible	34
SRR23343494	AD_Malaysia	474	secondary	sensitivity	alignment	incomplete_codon	1
SRR23343494	AD_Malaysia	474	secondary	sensitivity	alignment	low_base_quality	2
SRR23343494	AD_Malaysia	474	secondary	sensitivity	fragment	conflicting_mates	0
SRR23343494	AD_Malaysia	474	secondary	sensitivity	fragment	independent_eligible	33
SRR23343438	AD_Malaysia	549	primary	sensitivity	alignment	duplicate	15
SRR23343438	AD_Malaysia	549	primary	sensitivity	alignment	eligible	42
SRR23343438	AD_Malaysia	549	primary	sensitivity	alignment	incomplete_codon	1
SRR23343438	AD_Malaysia	549	primary	sensitivity	alignment	low_base_quality	6
SRR23343438	AD_Malaysia	549	primary	sensitivity	fragment	conflicting_mates	0
SRR23343438	AD_Malaysia	549	primary	sensitivity	fragment	independent_eligible	41
SRR23343439	AD_Malaysia	549	primary	sensitivity	alignment	duplicate	4
SRR23343439	AD_Malaysia	549	primary	sensitivity	alignment	eligible	30
SRR23343439	AD_Malaysia	549	primary	sensitivity	alignment	low_base_quality	3
SRR23343439	AD_Malaysia	549	primary	sensitivity	fragment	conflicting_mates	0
SRR23343439	AD_Malaysia	549	primary	sensitivity	fragment	independent_eligible	28
SRR23343440	AD_Malaysia	549	primary	sensitivity	alignment	duplicate	2
SRR23343440	AD_Malaysia	549	primary	sensitivity	alignment	eligible	15
SRR23343440	AD_Malaysia	549	primary	sensitivity	alignment	low_base_quality	2
SRR23343440	AD_Malaysia	549	primary	sensitivity	fragment	conflicting_mates	0
SRR23343440	AD_Malaysia	549	primary	sensitivity	fragment	independent_eligible	15
SRR23343441	AD_Malaysia	549	primary	sensitivity	alignment	duplicate	16
SRR23343441	AD_Malaysia	549	primary	sensitivity	alignment	eligible	28
SRR23343441	AD_Malaysia	549	primary	sensitivity	alignment	low_base_quality	5
SRR23343441	AD_Malaysia	549	primary	sensitivity	fragment	conflicting_mates	0
SRR23343441	AD_Malaysia	549	primary	sensitivity	fragment	independent_eligible	28
SRR23343442	AD_Malaysia	549	primary	sensitivity	alignment	duplicate	18
SRR23343442	AD_Malaysia	549	primary	sensitivity	alignment	eligible	50
SRR23343442	AD_Malaysia	549	primary	sensitivity	alignment	incomplete_codon	1
SRR23343442	AD_Malaysia	549	primary	sensitivity	alignment	low_base_quality	3
SRR23343442	AD_Malaysia	549	primary	sensitivity	fragment	conflicting_mates	0
SRR23343442	AD_Malaysia	549	primary	sensitivity	fragment	independent_eligible	49
SRR23343443	AD_Malaysia	549	primary	sensitivity	alignment	duplicate	12
SRR23343443	AD_Malaysia	549	primary	sensitivity	alignment	eligible	25
SRR23343443	AD_Malaysia	549	primary	sensitivity	alignment	incomplete_codon	1
SRR23343443	AD_Malaysia	549	primary	sensitivity	alignment	low_base_quality	1
SRR23343443	AD_Malaysia	549	primary	sensitivity	fragment	conflicting_mates	0
SRR23343443	AD_Malaysia	549	primary	sensitivity	fragment	independent_eligible	24
SRR23343444	AD_Malaysia	549	primary	sensitivity	alignment	duplicate	7
SRR23343444	AD_Malaysia	549	primary	sensitivity	alignment	eligible	23
SRR23343444	AD_Malaysia	549	primary	sensitivity	alignment	low_base_quality	1
SRR23343444	AD_Malaysia	549	primary	sensitivity	alignment	low_mapping_quality	1
SRR23343444	AD_Malaysia	549	primary	sensitivity	fragment	conflicting_mates	0
SRR23343444	AD_Malaysia	549	primary	sensitivity	fragment	independent_eligible	21
SRR23343445	AD_Malaysia	549	primary	sensitivity	alignment	duplicate	1
SRR23343445	AD_Malaysia	549	primary	sensitivity	alignment	eligible	41
SRR23343445	AD_Malaysia	549	primary	sensitivity	alignment	incomplete_codon	1
SRR23343445	AD_Malaysia	549	primary	sensitivity	alignment	low_base_quality	2
SRR23343445	AD_Malaysia	549	primary	sensitivity	fragment	conflicting_mates	0
SRR23343445	AD_Malaysia	549	primary	sensitivity	fragment	independent_eligible	40
SRR23343446	AD_Malaysia	549	primary	sensitivity	alignment	duplicate	10
SRR23343446	AD_Malaysia	549	primary	sensitivity	alignment	eligible	32
SRR23343446	AD_Malaysia	549	primary	sensitivity	alignment	low_base_quality	3
SRR23343446	AD_Malaysia	549	primary	sensitivity	fragment	conflicting_mates	0
SRR23343446	AD_Malaysia	549	primary	sensitivity	fragment	independent_eligible	31
SRR23343447	AD_Malaysia	549	primary	sensitivity	alignment	duplicate	4
SRR23343447	AD_Malaysia	549	primary	sensitivity	alignment	eligible	27
SRR23343447	AD_Malaysia	549	primary	sensitivity	alignment	low_base_quality	2
SRR23343447	AD_Malaysia	549	primary	sensitivity	fragment	conflicting_mates	0
SRR23343447	AD_Malaysia	549	primary	sensitivity	fragment	independent_eligible	27
SRR23343448	AD_Malaysia	549	primary	sensitivity	alignment	duplicate	3
SRR23343448	AD_Malaysia	549	primary	sensitivity	alignment	eligible	27
SRR23343448	AD_Malaysia	549	primary	sensitivity	fragment	conflicting_mates	0
SRR23343448	AD_Malaysia	549	primary	sensitivity	fragment	independent_eligible	27
SRR23343449	AD_Malaysia	549	primary	sensitivity	alignment	duplicate	8
SRR23343449	AD_Malaysia	549	primary	sensitivity	alignment	eligible	31
SRR23343449	AD_Malaysia	549	primary	sensitivity	alignment	low_base_quality	2
SRR23343449	AD_Malaysia	549	primary	sensitivity	fragment	conflicting_mates	0
SRR23343449	AD_Malaysia	549	primary	sensitivity	fragment	independent_eligible	29
SRR23343450	AD_Malaysia	549	primary	sensitivity	alignment	duplicate	5
SRR23343450	AD_Malaysia	549	primary	sensitivity	alignment	eligible	41
SRR23343450	AD_Malaysia	549	primary	sensitivity	alignment	incomplete_codon	1
SRR23343450	AD_Malaysia	549	primary	sensitivity	alignment	low_base_quality	2
SRR23343450	AD_Malaysia	549	primary	sensitivity	fragment	conflicting_mates	0
SRR23343450	AD_Malaysia	549	primary	sensitivity	fragment	independent_eligible	41
SRR23343451	AD_Malaysia	549	primary	sensitivity	alignment	duplicate	4
SRR23343451	AD_Malaysia	549	primary	sensitivity	alignment	eligible	28
SRR23343451	AD_Malaysia	549	primary	sensitivity	fragment	conflicting_mates	0
SRR23343451	AD_Malaysia	549	primary	sensitivity	fragment	independent_eligible	27
SRR23343452	AD_Malaysia	549	primary	sensitivity	alignment	duplicate	4
SRR23343452	AD_Malaysia	549	primary	sensitivity	alignment	eligible	37
SRR23343452	AD_Malaysia	549	primary	sensitivity	alignment	incomplete_codon	1
SRR23343452	AD_Malaysia	549	primary	sensitivity	alignment	low_mapping_quality	1
SRR23343452	AD_Malaysia	549	primary	sensitivity	fragment	conflicting_mates	0
SRR23343452	AD_Malaysia	549	primary	sensitivity	fragment	independent_eligible	34
SRR23343453	AD_Malaysia	549	primary	sensitivity	alignment	duplicate	6
SRR23343453	AD_Malaysia	549	primary	sensitivity	alignment	eligible	18
SRR23343453	AD_Malaysia	549	primary	sensitivity	alignment	incomplete_codon	1
SRR23343453	AD_Malaysia	549	primary	sensitivity	alignment	low_base_quality	2
SRR23343453	AD_Malaysia	549	primary	sensitivity	fragment	conflicting_mates	0
SRR23343453	AD_Malaysia	549	primary	sensitivity	fragment	independent_eligible	17
SRR23343454	AD_Malaysia	549	primary	sensitivity	alignment	duplicate	2
SRR23343454	AD_Malaysia	549	primary	sensitivity	alignment	eligible	31
SRR23343454	AD_Malaysia	549	primary	sensitivity	fragment	conflicting_mates	0
SRR23343454	AD_Malaysia	549	primary	sensitivity	fragment	independent_eligible	30
SRR23343455	AD_Malaysia	549	primary	sensitivity	alignment	duplicate	1
SRR23343455	AD_Malaysia	549	primary	sensitivity	alignment	eligible	7
SRR23343455	AD_Malaysia	549	primary	sensitivity	alignment	low_base_quality	1
SRR23343455	AD_Malaysia	549	primary	sensitivity	fragment	conflicting_mates	0
SRR23343455	AD_Malaysia	549	primary	sensitivity	fragment	independent_eligible	7
SRR23343456	AD_Malaysia	549	primary	sensitivity	alignment	duplicate	5
SRR23343456	AD_Malaysia	549	primary	sensitivity	alignment	eligible	24
SRR23343456	AD_Malaysia	549	primary	sensitivity	alignment	low_base_quality	2
SRR23343456	AD_Malaysia	549	primary	sensitivity	fragment	conflicting_mates	0
SRR23343456	AD_Malaysia	549	primary	sensitivity	fragment	independent_eligible	24
SRR23343457	AD_Malaysia	549	primary	sensitivity	alignment	duplicate	10
SRR23343457	AD_Malaysia	549	primary	sensitivity	alignment	eligible	39
SRR23343457	AD_Malaysia	549	primary	sensitivity	alignment	low_base_quality	2
SRR23343457	AD_Malaysia	549	primary	sensitivity	fragment	conflicting_mates	0
SRR23343457	AD_Malaysia	549	primary	sensitivity	fragment	independent_eligible	36
SRR23343458	AD_Malaysia	549	primary	sensitivity	alignment	duplicate	6
SRR23343458	AD_Malaysia	549	primary	sensitivity	alignment	eligible	42
SRR23343458	AD_Malaysia	549	primary	sensitivity	alignment	low_base_quality	1
SRR23343458	AD_Malaysia	549	primary	sensitivity	fragment	conflicting_mates	0
SRR23343458	AD_Malaysia	549	primary	sensitivity	fragment	independent_eligible	41
SRR23343459	AD_Malaysia	549	primary	sensitivity	alignment	duplicate	6
SRR23343459	AD_Malaysia	549	primary	sensitivity	alignment	eligible	25
SRR23343459	AD_Malaysia	549	primary	sensitivity	alignment	low_base_quality	1
SRR23343459	AD_Malaysia	549	primary	sensitivity	fragment	conflicting_mates	0
SRR23343459	AD_Malaysia	549	primary	sensitivity	fragment	independent_eligible	25
SRR23343460	AD_Malaysia	549	primary	sensitivity	alignment	duplicate	8
SRR23343460	AD_Malaysia	549	primary	sensitivity	alignment	eligible	23
SRR23343460	AD_Malaysia	549	primary	sensitivity	alignment	low_base_quality	1
SRR23343460	AD_Malaysia	549	primary	sensitivity	fragment	conflicting_mates	0
SRR23343460	AD_Malaysia	549	primary	sensitivity	fragment	independent_eligible	21
SRR23343461	AD_Malaysia	549	primary	sensitivity	alignment	duplicate	3
SRR23343461	AD_Malaysia	549	primary	sensitivity	alignment	eligible	25
SRR23343461	AD_Malaysia	549	primary	sensitivity	alignment	incomplete_codon	1
SRR23343461	AD_Malaysia	549	primary	sensitivity	fragment	conflicting_mates	0
SRR23343461	AD_Malaysia	549	primary	sensitivity	fragment	independent_eligible	24
SRR23343462	AD_Malaysia	549	primary	sensitivity	alignment	duplicate	12
SRR23343462	AD_Malaysia	549	primary	sensitivity	alignment	eligible	34
SRR23343462	AD_Malaysia	549	primary	sensitivity	alignment	incomplete_codon	1
SRR23343462	AD_Malaysia	549	primary	sensitivity	fragment	conflicting_mates	0
SRR23343462	AD_Malaysia	549	primary	sensitivity	fragment	independent_eligible	34
SRR23343463	AD_Malaysia	549	primary	sensitivity	alignment	duplicate	9
SRR23343463	AD_Malaysia	549	primary	sensitivity	alignment	eligible	31
SRR23343463	AD_Malaysia	549	primary	sensitivity	alignment	incomplete_codon	2
SRR23343463	AD_Malaysia	549	primary	sensitivity	alignment	low_base_quality	3
SRR23343463	AD_Malaysia	549	primary	sensitivity	fragment	conflicting_mates	0
SRR23343463	AD_Malaysia	549	primary	sensitivity	fragment	independent_eligible	31
SRR23343464	AD_Malaysia	549	primary	sensitivity	alignment	duplicate	5
SRR23343464	AD_Malaysia	549	primary	sensitivity	alignment	eligible	32
SRR23343464	AD_Malaysia	549	primary	sensitivity	alignment	low_base_quality	3
SRR23343464	AD_Malaysia	549	primary	sensitivity	fragment	conflicting_mates	0
SRR23343464	AD_Malaysia	549	primary	sensitivity	fragment	independent_eligible	29
SRR23343465	AD_Malaysia	549	primary	sensitivity	alignment	duplicate	1
SRR23343465	AD_Malaysia	549	primary	sensitivity	alignment	eligible	27
SRR23343465	AD_Malaysia	549	primary	sensitivity	fragment	conflicting_mates	0
SRR23343465	AD_Malaysia	549	primary	sensitivity	fragment	independent_eligible	26
SRR23343466	AD_Malaysia	549	primary	sensitivity	alignment	duplicate	7
SRR23343466	AD_Malaysia	549	primary	sensitivity	alignment	eligible	29
SRR23343466	AD_Malaysia	549	primary	sensitivity	alignment	low_base_quality	1
SRR23343466	AD_Malaysia	549	primary	sensitivity	fragment	conflicting_mates	0
SRR23343466	AD_Malaysia	549	primary	sensitivity	fragment	independent_eligible	25
SRR23343467	AD_Malaysia	549	primary	sensitivity	alignment	duplicate	11
SRR23343467	AD_Malaysia	549	primary	sensitivity	alignment	eligible	34
SRR23343467	AD_Malaysia	549	primary	sensitivity	fragment	conflicting_mates	0
SRR23343467	AD_Malaysia	549	primary	sensitivity	fragment	independent_eligible	32
SRR23343468	AD_Malaysia	549	primary	sensitivity	alignment	duplicate	7
SRR23343468	AD_Malaysia	549	primary	sensitivity	alignment	eligible	20
SRR23343468	AD_Malaysia	549	primary	sensitivity	alignment	incomplete_codon	1
SRR23343468	AD_Malaysia	549	primary	sensitivity	alignment	low_base_quality	3
SRR23343468	AD_Malaysia	549	primary	sensitivity	fragment	conflicting_mates	0
SRR23343468	AD_Malaysia	549	primary	sensitivity	fragment	independent_eligible	19
SRR23343469	AD_Malaysia	549	primary	sensitivity	alignment	duplicate	1
SRR23343469	AD_Malaysia	549	primary	sensitivity	alignment	eligible	26
SRR23343469	AD_Malaysia	549	primary	sensitivity	alignment	incomplete_codon	2
SRR23343469	AD_Malaysia	549	primary	sensitivity	alignment	low_base_quality	2
SRR23343469	AD_Malaysia	549	primary	sensitivity	fragment	conflicting_mates	0
SRR23343469	AD_Malaysia	549	primary	sensitivity	fragment	independent_eligible	26
SRR23343470	AD_Malaysia	549	primary	sensitivity	alignment	duplicate	4
SRR23343470	AD_Malaysia	549	primary	sensitivity	alignment	eligible	28
SRR23343470	AD_Malaysia	549	primary	sensitivity	alignment	incomplete_codon	1
SRR23343470	AD_Malaysia	549	primary	sensitivity	alignment	low_base_quality	3
SRR23343470	AD_Malaysia	549	primary	sensitivity	fragment	conflicting_mates	0
SRR23343470	AD_Malaysia	549	primary	sensitivity	fragment	independent_eligible	26
SRR23343471	AD_Malaysia	549	primary	sensitivity	alignment	duplicate	2
SRR23343471	AD_Malaysia	549	primary	sensitivity	alignment	eligible	17
SRR23343471	AD_Malaysia	549	primary	sensitivity	alignment	low_base_quality	2
SRR23343471	AD_Malaysia	549	primary	sensitivity	fragment	conflicting_mates	0
SRR23343471	AD_Malaysia	549	primary	sensitivity	fragment	independent_eligible	16
SRR23343472	AD_Malaysia	549	primary	sensitivity	alignment	duplicate	4
SRR23343472	AD_Malaysia	549	primary	sensitivity	alignment	eligible	20
SRR23343472	AD_Malaysia	549	primary	sensitivity	alignment	low_base_quality	2
SRR23343472	AD_Malaysia	549	primary	sensitivity	fragment	conflicting_mates	0
SRR23343472	AD_Malaysia	549	primary	sensitivity	fragment	independent_eligible	20
SRR23343473	AD_Malaysia	549	primary	sensitivity	alignment	duplicate	16
SRR23343473	AD_Malaysia	549	primary	sensitivity	alignment	eligible	64
SRR23343473	AD_Malaysia	549	primary	sensitivity	alignment	incomplete_codon	3
SRR23343473	AD_Malaysia	549	primary	sensitivity	alignment	low_base_quality	3
SRR23343473	AD_Malaysia	549	primary	sensitivity	fragment	conflicting_mates	0
SRR23343473	AD_Malaysia	549	primary	sensitivity	fragment	independent_eligible	64
SRR23343474	AD_Malaysia	549	primary	sensitivity	alignment	duplicate	1
SRR23343474	AD_Malaysia	549	primary	sensitivity	alignment	eligible	21
SRR23343474	AD_Malaysia	549	primary	sensitivity	alignment	low_base_quality	2
SRR23343474	AD_Malaysia	549	primary	sensitivity	fragment	conflicting_mates	0
SRR23343474	AD_Malaysia	549	primary	sensitivity	fragment	independent_eligible	18
SRR23343475	AD_Malaysia	549	primary	sensitivity	alignment	duplicate	3
SRR23343475	AD_Malaysia	549	primary	sensitivity	alignment	eligible	22
SRR23343475	AD_Malaysia	549	primary	sensitivity	alignment	incomplete_codon	1
SRR23343475	AD_Malaysia	549	primary	sensitivity	alignment	low_base_quality	1
SRR23343475	AD_Malaysia	549	primary	sensitivity	fragment	conflicting_mates	0
SRR23343475	AD_Malaysia	549	primary	sensitivity	fragment	independent_eligible	21
SRR23343476	AD_Malaysia	549	primary	sensitivity	alignment	duplicate	4
SRR23343476	AD_Malaysia	549	primary	sensitivity	alignment	eligible	26
SRR23343476	AD_Malaysia	549	primary	sensitivity	fragment	conflicting_mates	0
SRR23343476	AD_Malaysia	549	primary	sensitivity	fragment	independent_eligible	25
SRR23343477	AD_Malaysia	549	primary	sensitivity	alignment	duplicate	6
SRR23343477	AD_Malaysia	549	primary	sensitivity	alignment	eligible	27
SRR23343477	AD_Malaysia	549	primary	sensitivity	alignment	incomplete_codon	2
SRR23343477	AD_Malaysia	549	primary	sensitivity	alignment	low_base_quality	3
SRR23343477	AD_Malaysia	549	primary	sensitivity	fragment	conflicting_mates	0
SRR23343477	AD_Malaysia	549	primary	sensitivity	fragment	independent_eligible	26
SRR23343478	AD_Malaysia	549	primary	sensitivity	alignment	duplicate	1
SRR23343478	AD_Malaysia	549	primary	sensitivity	alignment	eligible	21
SRR23343478	AD_Malaysia	549	primary	sensitivity	fragment	conflicting_mates	0
SRR23343478	AD_Malaysia	549	primary	sensitivity	fragment	independent_eligible	20
SRR23343479	AD_Malaysia	549	primary	sensitivity	alignment	duplicate	5
SRR23343479	AD_Malaysia	549	primary	sensitivity	alignment	eligible	37
SRR23343479	AD_Malaysia	549	primary	sensitivity	alignment	low_base_quality	4
SRR23343479	AD_Malaysia	549	primary	sensitivity	fragment	conflicting_mates	0
SRR23343479	AD_Malaysia	549	primary	sensitivity	fragment	independent_eligible	35
SRR23343480	AD_Malaysia	549	primary	sensitivity	alignment	duplicate	11
SRR23343480	AD_Malaysia	549	primary	sensitivity	alignment	eligible	19
SRR23343480	AD_Malaysia	549	primary	sensitivity	alignment	low_base_quality	3
SRR23343480	AD_Malaysia	549	primary	sensitivity	fragment	conflicting_mates	0
SRR23343480	AD_Malaysia	549	primary	sensitivity	fragment	independent_eligible	17
SRR23343481	AD_Malaysia	549	primary	sensitivity	alignment	duplicate	3
SRR23343481	AD_Malaysia	549	primary	sensitivity	alignment	eligible	16
SRR23343481	AD_Malaysia	549	primary	sensitivity	fragment	conflicting_mates	0
SRR23343481	AD_Malaysia	549	primary	sensitivity	fragment	independent_eligible	16
SRR23343482	AD_Malaysia	549	primary	sensitivity	alignment	duplicate	14
SRR23343482	AD_Malaysia	549	primary	sensitivity	alignment	eligible	33
SRR23343482	AD_Malaysia	549	primary	sensitivity	alignment	incomplete_codon	1
SRR23343482	AD_Malaysia	549	primary	sensitivity	alignment	low_base_quality	1
SRR23343482	AD_Malaysia	549	primary	sensitivity	alignment	low_mapping_quality	1
SRR23343482	AD_Malaysia	549	primary	sensitivity	fragment	conflicting_mates	0
SRR23343482	AD_Malaysia	549	primary	sensitivity	fragment	independent_eligible	31
SRR23343483	AD_Malaysia	549	primary	sensitivity	alignment	duplicate	4
SRR23343483	AD_Malaysia	549	primary	sensitivity	alignment	eligible	32
SRR23343483	AD_Malaysia	549	primary	sensitivity	alignment	low_base_quality	1
SRR23343483	AD_Malaysia	549	primary	sensitivity	fragment	conflicting_mates	0
SRR23343483	AD_Malaysia	549	primary	sensitivity	fragment	independent_eligible	31
SRR23343484	AD_Malaysia	549	primary	sensitivity	alignment	duplicate	9
SRR23343484	AD_Malaysia	549	primary	sensitivity	alignment	eligible	42
SRR23343484	AD_Malaysia	549	primary	sensitivity	alignment	low_base_quality	3
SRR23343484	AD_Malaysia	549	primary	sensitivity	fragment	conflicting_mates	0
SRR23343484	AD_Malaysia	549	primary	sensitivity	fragment	independent_eligible	39
SRR23343485	AD_Malaysia	549	primary	sensitivity	alignment	duplicate	6
SRR23343485	AD_Malaysia	549	primary	sensitivity	alignment	eligible	30
SRR23343485	AD_Malaysia	549	primary	sensitivity	fragment	conflicting_mates	0
SRR23343485	AD_Malaysia	549	primary	sensitivity	fragment	independent_eligible	30
SRR23343486	AD_Malaysia	549	primary	sensitivity	alignment	duplicate	7
SRR23343486	AD_Malaysia	549	primary	sensitivity	alignment	eligible	41
SRR23343486	AD_Malaysia	549	primary	sensitivity	alignment	low_base_quality	1
SRR23343486	AD_Malaysia	549	primary	sensitivity	fragment	conflicting_mates	0
SRR23343486	AD_Malaysia	549	primary	sensitivity	fragment	independent_eligible	41
SRR23343487	AD_Malaysia	549	primary	sensitivity	alignment	duplicate	9
SRR23343487	AD_Malaysia	549	primary	sensitivity	alignment	eligible	38
SRR23343487	AD_Malaysia	549	primary	sensitivity	alignment	incomplete_codon	1
SRR23343487	AD_Malaysia	549	primary	sensitivity	alignment	low_base_quality	1
SRR23343487	AD_Malaysia	549	primary	sensitivity	fragment	conflicting_mates	0
SRR23343487	AD_Malaysia	549	primary	sensitivity	fragment	independent_eligible	37
SRR23343488	AD_Malaysia	549	primary	sensitivity	alignment	duplicate	3
SRR23343488	AD_Malaysia	549	primary	sensitivity	alignment	eligible	35
SRR23343488	AD_Malaysia	549	primary	sensitivity	alignment	low_base_quality	2
SRR23343488	AD_Malaysia	549	primary	sensitivity	fragment	conflicting_mates	0
SRR23343488	AD_Malaysia	549	primary	sensitivity	fragment	independent_eligible	35
SRR23343489	AD_Malaysia	549	primary	sensitivity	alignment	duplicate	10
SRR23343489	AD_Malaysia	549	primary	sensitivity	alignment	eligible	36
SRR23343489	AD_Malaysia	549	primary	sensitivity	alignment	low_base_quality	3
SRR23343489	AD_Malaysia	549	primary	sensitivity	fragment	conflicting_mates	0
SRR23343489	AD_Malaysia	549	primary	sensitivity	fragment	independent_eligible	36
SRR23343490	AD_Malaysia	549	primary	sensitivity	alignment	duplicate	6
SRR23343490	AD_Malaysia	549	primary	sensitivity	alignment	eligible	29
SRR23343490	AD_Malaysia	549	primary	sensitivity	alignment	incomplete_codon	2
SRR23343490	AD_Malaysia	549	primary	sensitivity	alignment	low_base_quality	1
SRR23343490	AD_Malaysia	549	primary	sensitivity	fragment	conflicting_mates	0
SRR23343490	AD_Malaysia	549	primary	sensitivity	fragment	independent_eligible	29
SRR23343491	AD_Malaysia	549	primary	sensitivity	alignment	duplicate	7
SRR23343491	AD_Malaysia	549	primary	sensitivity	alignment	eligible	31
SRR23343491	AD_Malaysia	549	primary	sensitivity	alignment	incomplete_codon	1
SRR23343491	AD_Malaysia	549	primary	sensitivity	fragment	conflicting_mates	0
SRR23343491	AD_Malaysia	549	primary	sensitivity	fragment	independent_eligible	28
SRR23343492	AD_Malaysia	549	primary	sensitivity	alignment	duplicate	5
SRR23343492	AD_Malaysia	549	primary	sensitivity	alignment	eligible	23
SRR23343492	AD_Malaysia	549	primary	sensitivity	alignment	incomplete_codon	1
SRR23343492	AD_Malaysia	549	primary	sensitivity	alignment	low_base_quality	1
SRR23343492	AD_Malaysia	549	primary	sensitivity	fragment	conflicting_mates	0
SRR23343492	AD_Malaysia	549	primary	sensitivity	fragment	independent_eligible	23
SRR23343493	AD_Malaysia	549	primary	sensitivity	alignment	duplicate	5
SRR23343493	AD_Malaysia	549	primary	sensitivity	alignment	eligible	21
SRR23343493	AD_Malaysia	549	primary	sensitivity	alignment	low_base_quality	1
SRR23343493	AD_Malaysia	549	primary	sensitivity	fragment	conflicting_mates	0
SRR23343493	AD_Malaysia	549	primary	sensitivity	fragment	independent_eligible	21
SRR23343494	AD_Malaysia	549	primary	sensitivity	alignment	duplicate	11
SRR23343494	AD_Malaysia	549	primary	sensitivity	alignment	eligible	31
SRR23343494	AD_Malaysia	549	primary	sensitivity	alignment	incomplete_codon	1
SRR23343494	AD_Malaysia	549	primary	sensitivity	alignment	low_base_quality	1
SRR23343494	AD_Malaysia	549	primary	sensitivity	fragment	conflicting_mates	0
SRR23343494	AD_Malaysia	549	primary	sensitivity	fragment	independent_eligible	31
SRR23343438	AD_Malaysia	717	secondary	sensitivity	alignment	duplicate	9
SRR23343438	AD_Malaysia	717	secondary	sensitivity	alignment	eligible	36
SRR23343438	AD_Malaysia	717	secondary	sensitivity	alignment	incomplete_codon	3
SRR23343438	AD_Malaysia	717	secondary	sensitivity	alignment	low_base_quality	14
SRR23343438	AD_Malaysia	717	secondary	sensitivity	fragment	conflicting_mates	0
SRR23343438	AD_Malaysia	717	secondary	sensitivity	fragment	independent_eligible	36
SRR23343439	AD_Malaysia	717	secondary	sensitivity	alignment	duplicate	9
SRR23343439	AD_Malaysia	717	secondary	sensitivity	alignment	eligible	29
SRR23343439	AD_Malaysia	717	secondary	sensitivity	alignment	incomplete_codon	1
SRR23343439	AD_Malaysia	717	secondary	sensitivity	alignment	low_base_quality	8
SRR23343439	AD_Malaysia	717	secondary	sensitivity	fragment	conflicting_mates	0
SRR23343439	AD_Malaysia	717	secondary	sensitivity	fragment	independent_eligible	28
SRR23343440	AD_Malaysia	717	secondary	sensitivity	alignment	duplicate	4
SRR23343440	AD_Malaysia	717	secondary	sensitivity	alignment	eligible	24
SRR23343440	AD_Malaysia	717	secondary	sensitivity	alignment	low_base_quality	4
SRR23343440	AD_Malaysia	717	secondary	sensitivity	fragment	conflicting_mates	0
SRR23343440	AD_Malaysia	717	secondary	sensitivity	fragment	independent_eligible	24
SRR23343441	AD_Malaysia	717	secondary	sensitivity	alignment	duplicate	4
SRR23343441	AD_Malaysia	717	secondary	sensitivity	alignment	eligible	29
SRR23343441	AD_Malaysia	717	secondary	sensitivity	alignment	incomplete_codon	1
SRR23343441	AD_Malaysia	717	secondary	sensitivity	alignment	low_base_quality	7
SRR23343441	AD_Malaysia	717	secondary	sensitivity	fragment	conflicting_mates	0
SRR23343441	AD_Malaysia	717	secondary	sensitivity	fragment	independent_eligible	29
SRR23343442	AD_Malaysia	717	secondary	sensitivity	alignment	duplicate	12
SRR23343442	AD_Malaysia	717	secondary	sensitivity	alignment	eligible	50
SRR23343442	AD_Malaysia	717	secondary	sensitivity	alignment	incomplete_codon	2
SRR23343442	AD_Malaysia	717	secondary	sensitivity	alignment	low_base_quality	16
SRR23343442	AD_Malaysia	717	secondary	sensitivity	fragment	conflicting_mates	0
SRR23343442	AD_Malaysia	717	secondary	sensitivity	fragment	independent_eligible	47
SRR23343443	AD_Malaysia	717	secondary	sensitivity	alignment	duplicate	10
SRR23343443	AD_Malaysia	717	secondary	sensitivity	alignment	eligible	23
SRR23343443	AD_Malaysia	717	secondary	sensitivity	alignment	low_base_quality	7
SRR23343443	AD_Malaysia	717	secondary	sensitivity	fragment	conflicting_mates	0
SRR23343443	AD_Malaysia	717	secondary	sensitivity	fragment	independent_eligible	23
SRR23343444	AD_Malaysia	717	secondary	sensitivity	alignment	duplicate	7
SRR23343444	AD_Malaysia	717	secondary	sensitivity	alignment	eligible	19
SRR23343444	AD_Malaysia	717	secondary	sensitivity	alignment	incomplete_codon	1
SRR23343444	AD_Malaysia	717	secondary	sensitivity	alignment	low_base_quality	4
SRR23343444	AD_Malaysia	717	secondary	sensitivity	fragment	conflicting_mates	0
SRR23343444	AD_Malaysia	717	secondary	sensitivity	fragment	independent_eligible	18
SRR23343445	AD_Malaysia	717	secondary	sensitivity	alignment	duplicate	9
SRR23343445	AD_Malaysia	717	secondary	sensitivity	alignment	eligible	37
SRR23343445	AD_Malaysia	717	secondary	sensitivity	alignment	low_base_quality	2
SRR23343445	AD_Malaysia	717	secondary	sensitivity	fragment	conflicting_mates	0
SRR23343445	AD_Malaysia	717	secondary	sensitivity	fragment	independent_eligible	37
SRR23343446	AD_Malaysia	717	secondary	sensitivity	alignment	duplicate	1
SRR23343446	AD_Malaysia	717	secondary	sensitivity	alignment	eligible	21
SRR23343446	AD_Malaysia	717	secondary	sensitivity	alignment	low_base_quality	3
SRR23343446	AD_Malaysia	717	secondary	sensitivity	fragment	conflicting_mates	0
SRR23343446	AD_Malaysia	717	secondary	sensitivity	fragment	independent_eligible	21
SRR23343447	AD_Malaysia	717	secondary	sensitivity	alignment	duplicate	10
SRR23343447	AD_Malaysia	717	secondary	sensitivity	alignment	eligible	27
SRR23343447	AD_Malaysia	717	secondary	sensitivity	alignment	low_base_quality	2
SRR23343447	AD_Malaysia	717	secondary	sensitivity	fragment	conflicting_mates	0
SRR23343447	AD_Malaysia	717	secondary	sensitivity	fragment	independent_eligible	27
SRR23343448	AD_Malaysia	717	secondary	sensitivity	alignment	duplicate	6
SRR23343448	AD_Malaysia	717	secondary	sensitivity	alignment	eligible	16
SRR23343448	AD_Malaysia	717	secondary	sensitivity	alignment	low_base_quality	2
SRR23343448	AD_Malaysia	717	secondary	sensitivity	fragment	conflicting_mates	0
SRR23343448	AD_Malaysia	717	secondary	sensitivity	fragment	independent_eligible	16
SRR23343449	AD_Malaysia	717	secondary	sensitivity	alignment	duplicate	7
SRR23343449	AD_Malaysia	717	secondary	sensitivity	alignment	eligible	19
SRR23343449	AD_Malaysia	717	secondary	sensitivity	alignment	incomplete_codon	1
SRR23343449	AD_Malaysia	717	secondary	sensitivity	alignment	low_base_quality	5
SRR23343449	AD_Malaysia	717	secondary	sensitivity	fragment	conflicting_mates	0
SRR23343449	AD_Malaysia	717	secondary	sensitivity	fragment	independent_eligible	19
SRR23343450	AD_Malaysia	717	secondary	sensitivity	alignment	duplicate	5
SRR23343450	AD_Malaysia	717	secondary	sensitivity	alignment	eligible	21
SRR23343450	AD_Malaysia	717	secondary	sensitivity	alignment	low_base_quality	3
SRR23343450	AD_Malaysia	717	secondary	sensitivity	fragment	conflicting_mates	0
SRR23343450	AD_Malaysia	717	secondary	sensitivity	fragment	independent_eligible	21
SRR23343451	AD_Malaysia	717	secondary	sensitivity	alignment	duplicate	2
SRR23343451	AD_Malaysia	717	secondary	sensitivity	alignment	eligible	23
SRR23343451	AD_Malaysia	717	secondary	sensitivity	alignment	incomplete_codon	1
SRR23343451	AD_Malaysia	717	secondary	sensitivity	alignment	low_base_quality	2
SRR23343451	AD_Malaysia	717	secondary	sensitivity	fragment	conflicting_mates	0
SRR23343451	AD_Malaysia	717	secondary	sensitivity	fragment	independent_eligible	23
SRR23343452	AD_Malaysia	717	secondary	sensitivity	alignment	duplicate	4
SRR23343452	AD_Malaysia	717	secondary	sensitivity	alignment	eligible	34
SRR23343452	AD_Malaysia	717	secondary	sensitivity	alignment	low_base_quality	7
SRR23343452	AD_Malaysia	717	secondary	sensitivity	fragment	conflicting_mates	0
SRR23343452	AD_Malaysia	717	secondary	sensitivity	fragment	independent_eligible	34
SRR23343453	AD_Malaysia	717	secondary	sensitivity	alignment	duplicate	4
SRR23343453	AD_Malaysia	717	secondary	sensitivity	alignment	eligible	22
SRR23343453	AD_Malaysia	717	secondary	sensitivity	alignment	low_base_quality	3
SRR23343453	AD_Malaysia	717	secondary	sensitivity	fragment	conflicting_mates	0
SRR23343453	AD_Malaysia	717	secondary	sensitivity	fragment	independent_eligible	22
SRR23343454	AD_Malaysia	717	secondary	sensitivity	alignment	duplicate	5
SRR23343454	AD_Malaysia	717	secondary	sensitivity	alignment	eligible	29
SRR23343454	AD_Malaysia	717	secondary	sensitivity	alignment	incomplete_codon	3
SRR23343454	AD_Malaysia	717	secondary	sensitivity	alignment	low_base_quality	6
SRR23343454	AD_Malaysia	717	secondary	sensitivity	fragment	conflicting_mates	0
SRR23343454	AD_Malaysia	717	secondary	sensitivity	fragment	independent_eligible	29
SRR23343455	AD_Malaysia	717	secondary	sensitivity	alignment	eligible	1
SRR23343455	AD_Malaysia	717	secondary	sensitivity	fragment	conflicting_mates	0
SRR23343455	AD_Malaysia	717	secondary	sensitivity	fragment	independent_eligible	1
SRR23343456	AD_Malaysia	717	secondary	sensitivity	alignment	duplicate	4
SRR23343456	AD_Malaysia	717	secondary	sensitivity	alignment	eligible	25
SRR23343456	AD_Malaysia	717	secondary	sensitivity	alignment	low_base_quality	8
SRR23343456	AD_Malaysia	717	secondary	sensitivity	fragment	conflicting_mates	0
SRR23343456	AD_Malaysia	717	secondary	sensitivity	fragment	independent_eligible	25
SRR23343457	AD_Malaysia	717	secondary	sensitivity	alignment	duplicate	1
SRR23343457	AD_Malaysia	717	secondary	sensitivity	alignment	eligible	19
SRR23343457	AD_Malaysia	717	secondary	sensitivity	alignment	low_base_quality	6
SRR23343457	AD_Malaysia	717	secondary	sensitivity	fragment	conflicting_mates	0
SRR23343457	AD_Malaysia	717	secondary	sensitivity	fragment	independent_eligible	19
SRR23343458	AD_Malaysia	717	secondary	sensitivity	alignment	duplicate	7
SRR23343458	AD_Malaysia	717	secondary	sensitivity	alignment	eligible	28
SRR23343458	AD_Malaysia	717	secondary	sensitivity	alignment	low_base_quality	6
SRR23343458	AD_Malaysia	717	secondary	sensitivity	fragment	conflicting_mates	0
SRR23343458	AD_Malaysia	717	secondary	sensitivity	fragment	independent_eligible	28
SRR23343459	AD_Malaysia	717	secondary	sensitivity	alignment	duplicate	2
SRR23343459	AD_Malaysia	717	secondary	sensitivity	alignment	eligible	10
SRR23343459	AD_Malaysia	717	secondary	sensitivity	alignment	low_base_quality	2
SRR23343459	AD_Malaysia	717	secondary	sensitivity	fragment	conflicting_mates	0
SRR23343459	AD_Malaysia	717	secondary	sensitivity	fragment	independent_eligible	10
SRR23343460	AD_Malaysia	717	secondary	sensitivity	alignment	duplicate	6
SRR23343460	AD_Malaysia	717	secondary	sensitivity	alignment	eligible	22
SRR23343460	AD_Malaysia	717	secondary	sensitivity	alignment	incomplete_codon	1
SRR23343460	AD_Malaysia	717	secondary	sensitivity	alignment	low_base_quality	7
SRR23343460	AD_Malaysia	717	secondary	sensitivity	fragment	conflicting_mates	0
SRR23343460	AD_Malaysia	717	secondary	sensitivity	fragment	independent_eligible	22
SRR23343461	AD_Malaysia	717	secondary	sensitivity	alignment	duplicate	1
SRR23343461	AD_Malaysia	717	secondary	sensitivity	alignment	eligible	22
SRR23343461	AD_Malaysia	717	secondary	sensitivity	alignment	low_base_quality	3
SRR23343461	AD_Malaysia	717	secondary	sensitivity	fragment	conflicting_mates	0
SRR23343461	AD_Malaysia	717	secondary	sensitivity	fragment	independent_eligible	22
SRR23343462	AD_Malaysia	717	secondary	sensitivity	alignment	duplicate	11
SRR23343462	AD_Malaysia	717	secondary	sensitivity	alignment	eligible	43
SRR23343462	AD_Malaysia	717	secondary	sensitivity	alignment	incomplete_codon	1
SRR23343462	AD_Malaysia	717	secondary	sensitivity	alignment	low_base_quality	6
SRR23343462	AD_Malaysia	717	secondary	sensitivity	fragment	conflicting_mates	0
SRR23343462	AD_Malaysia	717	secondary	sensitivity	fragment	independent_eligible	43
SRR23343463	AD_Malaysia	717	secondary	sensitivity	alignment	duplicate	7
SRR23343463	AD_Malaysia	717	secondary	sensitivity	alignment	eligible	16
SRR23343463	AD_Malaysia	717	secondary	sensitivity	alignment	incomplete_codon	1
SRR23343463	AD_Malaysia	717	secondary	sensitivity	alignment	low_base_quality	7
SRR23343463	AD_Malaysia	717	secondary	sensitivity	fragment	conflicting_mates	0
SRR23343463	AD_Malaysia	717	secondary	sensitivity	fragment	independent_eligible	16
SRR23343464	AD_Malaysia	717	secondary	sensitivity	alignment	duplicate	7
SRR23343464	AD_Malaysia	717	secondary	sensitivity	alignment	eligible	19
SRR23343464	AD_Malaysia	717	secondary	sensitivity	alignment	low_base_quality	3
SRR23343464	AD_Malaysia	717	secondary	sensitivity	fragment	conflicting_mates	0
SRR23343464	AD_Malaysia	717	secondary	sensitivity	fragment	independent_eligible	19
SRR23343465	AD_Malaysia	717	secondary	sensitivity	alignment	duplicate	6
SRR23343465	AD_Malaysia	717	secondary	sensitivity	alignment	eligible	21
SRR23343465	AD_Malaysia	717	secondary	sensitivity	alignment	incomplete_codon	2
SRR23343465	AD_Malaysia	717	secondary	sensitivity	alignment	low_base_quality	4
SRR23343465	AD_Malaysia	717	secondary	sensitivity	fragment	conflicting_mates	0
SRR23343465	AD_Malaysia	717	secondary	sensitivity	fragment	independent_eligible	21
SRR23343466	AD_Malaysia	717	secondary	sensitivity	alignment	duplicate	8
SRR23343466	AD_Malaysia	717	secondary	sensitivity	alignment	eligible	23
SRR23343466	AD_Malaysia	717	secondary	sensitivity	alignment	low_base_quality	6
SRR23343466	AD_Malaysia	717	secondary	sensitivity	fragment	conflicting_mates	0
SRR23343466	AD_Malaysia	717	secondary	sensitivity	fragment	independent_eligible	23
SRR23343467	AD_Malaysia	717	secondary	sensitivity	alignment	duplicate	3
SRR23343467	AD_Malaysia	717	secondary	sensitivity	alignment	eligible	20
SRR23343467	AD_Malaysia	717	secondary	sensitivity	alignment	low_base_quality	5
SRR23343467	AD_Malaysia	717	secondary	sensitivity	fragment	conflicting_mates	0
SRR23343467	AD_Malaysia	717	secondary	sensitivity	fragment	independent_eligible	20
SRR23343468	AD_Malaysia	717	secondary	sensitivity	alignment	duplicate	8
SRR23343468	AD_Malaysia	717	secondary	sensitivity	alignment	eligible	25
SRR23343468	AD_Malaysia	717	secondary	sensitivity	alignment	incomplete_codon	2
SRR23343468	AD_Malaysia	717	secondary	sensitivity	alignment	low_base_quality	6
SRR23343468	AD_Malaysia	717	secondary	sensitivity	fragment	conflicting_mates	0
SRR23343468	AD_Malaysia	717	secondary	sensitivity	fragment	independent_eligible	25
SRR23343469	AD_Malaysia	717	secondary	sensitivity	alignment	duplicate	3
SRR23343469	AD_Malaysia	717	secondary	sensitivity	alignment	eligible	22
SRR23343469	AD_Malaysia	717	secondary	sensitivity	alignment	incomplete_codon	2
SRR23343469	AD_Malaysia	717	secondary	sensitivity	alignment	low_base_quality	2
SRR23343469	AD_Malaysia	717	secondary	sensitivity	fragment	conflicting_mates	0
SRR23343469	AD_Malaysia	717	secondary	sensitivity	fragment	independent_eligible	22
SRR23343470	AD_Malaysia	717	secondary	sensitivity	alignment	duplicate	2
SRR23343470	AD_Malaysia	717	secondary	sensitivity	alignment	eligible	14
SRR23343470	AD_Malaysia	717	secondary	sensitivity	alignment	low_base_quality	9
SRR23343470	AD_Malaysia	717	secondary	sensitivity	fragment	conflicting_mates	0
SRR23343470	AD_Malaysia	717	secondary	sensitivity	fragment	independent_eligible	14
SRR23343471	AD_Malaysia	717	secondary	sensitivity	alignment	duplicate	6
SRR23343471	AD_Malaysia	717	secondary	sensitivity	alignment	eligible	23
SRR23343471	AD_Malaysia	717	secondary	sensitivity	alignment	incomplete_codon	2
SRR23343471	AD_Malaysia	717	secondary	sensitivity	alignment	low_base_quality	2
SRR23343471	AD_Malaysia	717	secondary	sensitivity	fragment	conflicting_mates	0
SRR23343471	AD_Malaysia	717	secondary	sensitivity	fragment	independent_eligible	23
SRR23343472	AD_Malaysia	717	secondary	sensitivity	alignment	duplicate	5
SRR23343472	AD_Malaysia	717	secondary	sensitivity	alignment	eligible	29
SRR23343472	AD_Malaysia	717	secondary	sensitivity	alignment	incomplete_codon	1
SRR23343472	AD_Malaysia	717	secondary	sensitivity	alignment	low_base_quality	4
SRR23343472	AD_Malaysia	717	secondary	sensitivity	fragment	conflicting_mates	0
SRR23343472	AD_Malaysia	717	secondary	sensitivity	fragment	independent_eligible	29
SRR23343473	AD_Malaysia	717	secondary	sensitivity	alignment	duplicate	7
SRR23343473	AD_Malaysia	717	secondary	sensitivity	alignment	eligible	48
SRR23343473	AD_Malaysia	717	secondary	sensitivity	alignment	incomplete_codon	2
SRR23343473	AD_Malaysia	717	secondary	sensitivity	alignment	low_base_quality	13
SRR23343473	AD_Malaysia	717	secondary	sensitivity	fragment	conflicting_mates	0
SRR23343473	AD_Malaysia	717	secondary	sensitivity	fragment	independent_eligible	48
SRR23343474	AD_Malaysia	717	secondary	sensitivity	alignment	duplicate	6
SRR23343474	AD_Malaysia	717	secondary	sensitivity	alignment	eligible	21
SRR23343474	AD_Malaysia	717	secondary	sensitivity	alignment	incomplete_codon	3
SRR23343474	AD_Malaysia	717	secondary	sensitivity	alignment	low_base_quality	5
SRR23343474	AD_Malaysia	717	secondary	sensitivity	fragment	conflicting_mates	0
SRR23343474	AD_Malaysia	717	secondary	sensitivity	fragment	independent_eligible	21
SRR23343475	AD_Malaysia	717	secondary	sensitivity	alignment	duplicate	11
SRR23343475	AD_Malaysia	717	secondary	sensitivity	alignment	eligible	37
SRR23343475	AD_Malaysia	717	secondary	sensitivity	alignment	low_base_quality	2
SRR23343475	AD_Malaysia	717	secondary	sensitivity	fragment	conflicting_mates	0
SRR23343475	AD_Malaysia	717	secondary	sensitivity	fragment	independent_eligible	37
SRR23343476	AD_Malaysia	717	secondary	sensitivity	alignment	duplicate	7
SRR23343476	AD_Malaysia	717	secondary	sensitivity	alignment	eligible	12
SRR23343476	AD_Malaysia	717	secondary	sensitivity	alignment	incomplete_codon	1
SRR23343476	AD_Malaysia	717	secondary	sensitivity	alignment	low_base_quality	5
SRR23343476	AD_Malaysia	717	secondary	sensitivity	alignment	nonprimary_alignment	3
SRR23343476	AD_Malaysia	717	secondary	sensitivity	fragment	conflicting_mates	0
SRR23343476	AD_Malaysia	717	secondary	sensitivity	fragment	independent_eligible	12
SRR23343477	AD_Malaysia	717	secondary	sensitivity	alignment	duplicate	8
SRR23343477	AD_Malaysia	717	secondary	sensitivity	alignment	eligible	35
SRR23343477	AD_Malaysia	717	secondary	sensitivity	alignment	incomplete_codon	1
SRR23343477	AD_Malaysia	717	secondary	sensitivity	alignment	low_base_quality	6
SRR23343477	AD_Malaysia	717	secondary	sensitivity	fragment	conflicting_mates	0
SRR23343477	AD_Malaysia	717	secondary	sensitivity	fragment	independent_eligible	35
SRR23343478	AD_Malaysia	717	secondary	sensitivity	alignment	duplicate	14
SRR23343478	AD_Malaysia	717	secondary	sensitivity	alignment	eligible	32
SRR23343478	AD_Malaysia	717	secondary	sensitivity	alignment	incomplete_codon	2
SRR23343478	AD_Malaysia	717	secondary	sensitivity	alignment	low_base_quality	7
SRR23343478	AD_Malaysia	717	secondary	sensitivity	fragment	conflicting_mates	0
SRR23343478	AD_Malaysia	717	secondary	sensitivity	fragment	independent_eligible	31
SRR23343479	AD_Malaysia	717	secondary	sensitivity	alignment	duplicate	9
SRR23343479	AD_Malaysia	717	secondary	sensitivity	alignment	eligible	30
SRR23343479	AD_Malaysia	717	secondary	sensitivity	alignment	low_base_quality	4
SRR23343479	AD_Malaysia	717	secondary	sensitivity	fragment	conflicting_mates	0
SRR23343479	AD_Malaysia	717	secondary	sensitivity	fragment	independent_eligible	29
SRR23343480	AD_Malaysia	717	secondary	sensitivity	alignment	duplicate	3
SRR23343480	AD_Malaysia	717	secondary	sensitivity	alignment	eligible	30
SRR23343480	AD_Malaysia	717	secondary	sensitivity	alignment	low_base_quality	3
SRR23343480	AD_Malaysia	717	secondary	sensitivity	fragment	conflicting_mates	0
SRR23343480	AD_Malaysia	717	secondary	sensitivity	fragment	independent_eligible	30
SRR23343481	AD_Malaysia	717	secondary	sensitivity	alignment	duplicate	4
SRR23343481	AD_Malaysia	717	secondary	sensitivity	alignment	eligible	30
SRR23343481	AD_Malaysia	717	secondary	sensitivity	alignment	low_base_quality	3
SRR23343481	AD_Malaysia	717	secondary	sensitivity	fragment	conflicting_mates	0
SRR23343481	AD_Malaysia	717	secondary	sensitivity	fragment	independent_eligible	29
SRR23343482	AD_Malaysia	717	secondary	sensitivity	alignment	duplicate	11
SRR23343482	AD_Malaysia	717	secondary	sensitivity	alignment	eligible	29
SRR23343482	AD_Malaysia	717	secondary	sensitivity	alignment	incomplete_codon	2
SRR23343482	AD_Malaysia	717	secondary	sensitivity	alignment	low_base_quality	4
SRR23343482	AD_Malaysia	717	secondary	sensitivity	fragment	conflicting_mates	0
SRR23343482	AD_Malaysia	717	secondary	sensitivity	fragment	independent_eligible	29
SRR23343483	AD_Malaysia	717	secondary	sensitivity	alignment	duplicate	2
SRR23343483	AD_Malaysia	717	secondary	sensitivity	alignment	eligible	36
SRR23343483	AD_Malaysia	717	secondary	sensitivity	alignment	incomplete_codon	1
SRR23343483	AD_Malaysia	717	secondary	sensitivity	alignment	low_base_quality	9
SRR23343483	AD_Malaysia	717	secondary	sensitivity	fragment	conflicting_mates	0
SRR23343483	AD_Malaysia	717	secondary	sensitivity	fragment	independent_eligible	35
SRR23343484	AD_Malaysia	717	secondary	sensitivity	alignment	duplicate	7
SRR23343484	AD_Malaysia	717	secondary	sensitivity	alignment	eligible	16
SRR23343484	AD_Malaysia	717	secondary	sensitivity	alignment	low_base_quality	2
SRR23343484	AD_Malaysia	717	secondary	sensitivity	fragment	conflicting_mates	0
SRR23343484	AD_Malaysia	717	secondary	sensitivity	fragment	independent_eligible	16
SRR23343485	AD_Malaysia	717	secondary	sensitivity	alignment	duplicate	3
SRR23343485	AD_Malaysia	717	secondary	sensitivity	alignment	eligible	30
SRR23343485	AD_Malaysia	717	secondary	sensitivity	alignment	low_base_quality	5
SRR23343485	AD_Malaysia	717	secondary	sensitivity	fragment	conflicting_mates	0
SRR23343485	AD_Malaysia	717	secondary	sensitivity	fragment	independent_eligible	30
SRR23343486	AD_Malaysia	717	secondary	sensitivity	alignment	duplicate	6
SRR23343486	AD_Malaysia	717	secondary	sensitivity	alignment	eligible	31
SRR23343486	AD_Malaysia	717	secondary	sensitivity	alignment	incomplete_codon	1
SRR23343486	AD_Malaysia	717	secondary	sensitivity	alignment	low_base_quality	5
SRR23343486	AD_Malaysia	717	secondary	sensitivity	fragment	conflicting_mates	0
SRR23343486	AD_Malaysia	717	secondary	sensitivity	fragment	independent_eligible	30
SRR23343487	AD_Malaysia	717	secondary	sensitivity	alignment	duplicate	2
SRR23343487	AD_Malaysia	717	secondary	sensitivity	alignment	eligible	29
SRR23343487	AD_Malaysia	717	secondary	sensitivity	alignment	incomplete_codon	1
SRR23343487	AD_Malaysia	717	secondary	sensitivity	alignment	low_base_quality	4
SRR23343487	AD_Malaysia	717	secondary	sensitivity	fragment	conflicting_mates	0
SRR23343487	AD_Malaysia	717	secondary	sensitivity	fragment	independent_eligible	29
SRR23343488	AD_Malaysia	717	secondary	sensitivity	alignment	duplicate	3
SRR23343488	AD_Malaysia	717	secondary	sensitivity	alignment	eligible	28
SRR23343488	AD_Malaysia	717	secondary	sensitivity	alignment	low_base_quality	5
SRR23343488	AD_Malaysia	717	secondary	sensitivity	fragment	conflicting_mates	0
SRR23343488	AD_Malaysia	717	secondary	sensitivity	fragment	independent_eligible	28
SRR23343489	AD_Malaysia	717	secondary	sensitivity	alignment	duplicate	5
SRR23343489	AD_Malaysia	717	secondary	sensitivity	alignment	eligible	27
SRR23343489	AD_Malaysia	717	secondary	sensitivity	alignment	incomplete_codon	2
SRR23343489	AD_Malaysia	717	secondary	sensitivity	alignment	low_base_quality	4
SRR23343489	AD_Malaysia	717	secondary	sensitivity	fragment	conflicting_mates	0
SRR23343489	AD_Malaysia	717	secondary	sensitivity	fragment	independent_eligible	26
SRR23343490	AD_Malaysia	717	secondary	sensitivity	alignment	duplicate	2
SRR23343490	AD_Malaysia	717	secondary	sensitivity	alignment	eligible	15
SRR23343490	AD_Malaysia	717	secondary	sensitivity	alignment	low_base_quality	5
SRR23343490	AD_Malaysia	717	secondary	sensitivity	fragment	conflicting_mates	0
SRR23343490	AD_Malaysia	717	secondary	sensitivity	fragment	independent_eligible	15
SRR23343491	AD_Malaysia	717	secondary	sensitivity	alignment	duplicate	4
SRR23343491	AD_Malaysia	717	secondary	sensitivity	alignment	eligible	23
SRR23343491	AD_Malaysia	717	secondary	sensitivity	alignment	low_base_quality	8
SRR23343491	AD_Malaysia	717	secondary	sensitivity	fragment	conflicting_mates	0
SRR23343491	AD_Malaysia	717	secondary	sensitivity	fragment	independent_eligible	23
SRR23343492	AD_Malaysia	717	secondary	sensitivity	alignment	eligible	33
SRR23343492	AD_Malaysia	717	secondary	sensitivity	alignment	incomplete_codon	2
SRR23343492	AD_Malaysia	717	secondary	sensitivity	alignment	low_base_quality	6
SRR23343492	AD_Malaysia	717	secondary	sensitivity	fragment	conflicting_mates	0
SRR23343492	AD_Malaysia	717	secondary	sensitivity	fragment	independent_eligible	32
SRR23343493	AD_Malaysia	717	secondary	sensitivity	alignment	duplicate	8
SRR23343493	AD_Malaysia	717	secondary	sensitivity	alignment	eligible	25
SRR23343493	AD_Malaysia	717	secondary	sensitivity	alignment	low_base_quality	1
SRR23343493	AD_Malaysia	717	secondary	sensitivity	fragment	conflicting_mates	0
SRR23343493	AD_Malaysia	717	secondary	sensitivity	fragment	independent_eligible	24
SRR23343494	AD_Malaysia	717	secondary	sensitivity	alignment	duplicate	9
SRR23343494	AD_Malaysia	717	secondary	sensitivity	alignment	eligible	30
SRR23343494	AD_Malaysia	717	secondary	sensitivity	alignment	incomplete_codon	2
SRR23343494	AD_Malaysia	717	secondary	sensitivity	alignment	low_base_quality	4
SRR23343494	AD_Malaysia	717	secondary	sensitivity	fragment	conflicting_mates	0
SRR23343494	AD_Malaysia	717	secondary	sensitivity	fragment	independent_eligible	30
SRR23343438	AD_Malaysia	727	secondary	sensitivity	alignment	duplicate	11
SRR23343438	AD_Malaysia	727	secondary	sensitivity	alignment	eligible	56
SRR23343438	AD_Malaysia	727	secondary	sensitivity	alignment	incomplete_codon	2
SRR23343438	AD_Malaysia	727	secondary	sensitivity	alignment	low_base_quality	7
SRR23343438	AD_Malaysia	727	secondary	sensitivity	fragment	conflicting_mates	0
SRR23343438	AD_Malaysia	727	secondary	sensitivity	fragment	independent_eligible	56
SRR23343439	AD_Malaysia	727	secondary	sensitivity	alignment	duplicate	3
SRR23343439	AD_Malaysia	727	secondary	sensitivity	alignment	eligible	34
SRR23343439	AD_Malaysia	727	secondary	sensitivity	alignment	incomplete_codon	3
SRR23343439	AD_Malaysia	727	secondary	sensitivity	alignment	low_base_quality	2
SRR23343439	AD_Malaysia	727	secondary	sensitivity	fragment	conflicting_mates	0
SRR23343439	AD_Malaysia	727	secondary	sensitivity	fragment	independent_eligible	33
SRR23343440	AD_Malaysia	727	secondary	sensitivity	alignment	duplicate	11
SRR23343440	AD_Malaysia	727	secondary	sensitivity	alignment	eligible	34
SRR23343440	AD_Malaysia	727	secondary	sensitivity	alignment	low_base_quality	2
SRR23343440	AD_Malaysia	727	secondary	sensitivity	fragment	conflicting_mates	0
SRR23343440	AD_Malaysia	727	secondary	sensitivity	fragment	independent_eligible	34
SRR23343441	AD_Malaysia	727	secondary	sensitivity	alignment	duplicate	6
SRR23343441	AD_Malaysia	727	secondary	sensitivity	alignment	eligible	28
SRR23343441	AD_Malaysia	727	secondary	sensitivity	alignment	incomplete_codon	2
SRR23343441	AD_Malaysia	727	secondary	sensitivity	alignment	low_base_quality	4
SRR23343441	AD_Malaysia	727	secondary	sensitivity	fragment	conflicting_mates	0
SRR23343441	AD_Malaysia	727	secondary	sensitivity	fragment	independent_eligible	28
SRR23343442	AD_Malaysia	727	secondary	sensitivity	alignment	duplicate	12
SRR23343442	AD_Malaysia	727	secondary	sensitivity	alignment	eligible	40
SRR23343442	AD_Malaysia	727	secondary	sensitivity	alignment	incomplete_codon	1
SRR23343442	AD_Malaysia	727	secondary	sensitivity	alignment	low_base_quality	12
SRR23343442	AD_Malaysia	727	secondary	sensitivity	fragment	conflicting_mates	0
SRR23343442	AD_Malaysia	727	secondary	sensitivity	fragment	independent_eligible	39
SRR23343443	AD_Malaysia	727	secondary	sensitivity	alignment	duplicate	7
SRR23343443	AD_Malaysia	727	secondary	sensitivity	alignment	eligible	22
SRR23343443	AD_Malaysia	727	secondary	sensitivity	alignment	incomplete_codon	1
SRR23343443	AD_Malaysia	727	secondary	sensitivity	alignment	low_base_quality	5
SRR23343443	AD_Malaysia	727	secondary	sensitivity	fragment	conflicting_mates	0
SRR23343443	AD_Malaysia	727	secondary	sensitivity	fragment	independent_eligible	22
SRR23343444	AD_Malaysia	727	secondary	sensitivity	alignment	duplicate	8
SRR23343444	AD_Malaysia	727	secondary	sensitivity	alignment	eligible	25
SRR23343444	AD_Malaysia	727	secondary	sensitivity	alignment	low_base_quality	2
SRR23343444	AD_Malaysia	727	secondary	sensitivity	fragment	conflicting_mates	0
SRR23343444	AD_Malaysia	727	secondary	sensitivity	fragment	independent_eligible	24
SRR23343445	AD_Malaysia	727	secondary	sensitivity	alignment	duplicate	6
SRR23343445	AD_Malaysia	727	secondary	sensitivity	alignment	eligible	37
SRR23343445	AD_Malaysia	727	secondary	sensitivity	alignment	incomplete_codon	1
SRR23343445	AD_Malaysia	727	secondary	sensitivity	alignment	low_base_quality	6
SRR23343445	AD_Malaysia	727	secondary	sensitivity	fragment	conflicting_mates	0
SRR23343445	AD_Malaysia	727	secondary	sensitivity	fragment	independent_eligible	36
SRR23343446	AD_Malaysia	727	secondary	sensitivity	alignment	duplicate	7
SRR23343446	AD_Malaysia	727	secondary	sensitivity	alignment	eligible	27
SRR23343446	AD_Malaysia	727	secondary	sensitivity	alignment	incomplete_codon	2
SRR23343446	AD_Malaysia	727	secondary	sensitivity	alignment	low_base_quality	7
SRR23343446	AD_Malaysia	727	secondary	sensitivity	fragment	conflicting_mates	0
SRR23343446	AD_Malaysia	727	secondary	sensitivity	fragment	independent_eligible	27
SRR23343447	AD_Malaysia	727	secondary	sensitivity	alignment	duplicate	5
SRR23343447	AD_Malaysia	727	secondary	sensitivity	alignment	eligible	36
SRR23343447	AD_Malaysia	727	secondary	sensitivity	alignment	incomplete_codon	3
SRR23343447	AD_Malaysia	727	secondary	sensitivity	alignment	low_base_quality	6
SRR23343447	AD_Malaysia	727	secondary	sensitivity	fragment	conflicting_mates	0
SRR23343447	AD_Malaysia	727	secondary	sensitivity	fragment	independent_eligible	34
SRR23343448	AD_Malaysia	727	secondary	sensitivity	alignment	duplicate	9
SRR23343448	AD_Malaysia	727	secondary	sensitivity	alignment	eligible	26
SRR23343448	AD_Malaysia	727	secondary	sensitivity	alignment	low_base_quality	4
SRR23343448	AD_Malaysia	727	secondary	sensitivity	fragment	conflicting_mates	0
SRR23343448	AD_Malaysia	727	secondary	sensitivity	fragment	independent_eligible	26
SRR23343449	AD_Malaysia	727	secondary	sensitivity	alignment	duplicate	6
SRR23343449	AD_Malaysia	727	secondary	sensitivity	alignment	eligible	27
SRR23343449	AD_Malaysia	727	secondary	sensitivity	alignment	low_base_quality	3
SRR23343449	AD_Malaysia	727	secondary	sensitivity	fragment	conflicting_mates	0
SRR23343449	AD_Malaysia	727	secondary	sensitivity	fragment	independent_eligible	27
SRR23343450	AD_Malaysia	727	secondary	sensitivity	alignment	duplicate	4
SRR23343450	AD_Malaysia	727	secondary	sensitivity	alignment	eligible	28
SRR23343450	AD_Malaysia	727	secondary	sensitivity	alignment	low_base_quality	3
SRR23343450	AD_Malaysia	727	secondary	sensitivity	fragment	conflicting_mates	0
SRR23343450	AD_Malaysia	727	secondary	sensitivity	fragment	independent_eligible	27
SRR23343451	AD_Malaysia	727	secondary	sensitivity	alignment	duplicate	3
SRR23343451	AD_Malaysia	727	secondary	sensitivity	alignment	eligible	25
SRR23343451	AD_Malaysia	727	secondary	sensitivity	alignment	incomplete_codon	1
SRR23343451	AD_Malaysia	727	secondary	sensitivity	alignment	low_base_quality	5
SRR23343451	AD_Malaysia	727	secondary	sensitivity	fragment	conflicting_mates	0
SRR23343451	AD_Malaysia	727	secondary	sensitivity	fragment	independent_eligible	24
SRR23343452	AD_Malaysia	727	secondary	sensitivity	alignment	duplicate	10
SRR23343452	AD_Malaysia	727	secondary	sensitivity	alignment	eligible	44
SRR23343452	AD_Malaysia	727	secondary	sensitivity	alignment	incomplete_codon	3
SRR23343452	AD_Malaysia	727	secondary	sensitivity	alignment	low_base_quality	2
SRR23343452	AD_Malaysia	727	secondary	sensitivity	fragment	conflicting_mates	0
SRR23343452	AD_Malaysia	727	secondary	sensitivity	fragment	independent_eligible	42
SRR23343453	AD_Malaysia	727	secondary	sensitivity	alignment	duplicate	3
SRR23343453	AD_Malaysia	727	secondary	sensitivity	alignment	eligible	10
SRR23343453	AD_Malaysia	727	secondary	sensitivity	alignment	low_base_quality	3
SRR23343453	AD_Malaysia	727	secondary	sensitivity	fragment	conflicting_mates	0
SRR23343453	AD_Malaysia	727	secondary	sensitivity	fragment	independent_eligible	10
SRR23343454	AD_Malaysia	727	secondary	sensitivity	alignment	duplicate	4
SRR23343454	AD_Malaysia	727	secondary	sensitivity	alignment	eligible	23
SRR23343454	AD_Malaysia	727	secondary	sensitivity	alignment	incomplete_codon	1
SRR23343454	AD_Malaysia	727	secondary	sensitivity	alignment	low_base_quality	1
SRR23343454	AD_Malaysia	727	secondary	sensitivity	fragment	conflicting_mates	0
SRR23343454	AD_Malaysia	727	secondary	sensitivity	fragment	independent_eligible	23
SRR23343455	AD_Malaysia	727	secondary	sensitivity	alignment	duplicate	1
SRR23343455	AD_Malaysia	727	secondary	sensitivity	alignment	eligible	5
SRR23343455	AD_Malaysia	727	secondary	sensitivity	fragment	conflicting_mates	0
SRR23343455	AD_Malaysia	727	secondary	sensitivity	fragment	independent_eligible	5
SRR23343456	AD_Malaysia	727	secondary	sensitivity	alignment	duplicate	7
SRR23343456	AD_Malaysia	727	secondary	sensitivity	alignment	eligible	30
SRR23343456	AD_Malaysia	727	secondary	sensitivity	alignment	low_base_quality	6
SRR23343456	AD_Malaysia	727	secondary	sensitivity	fragment	conflicting_mates	0
SRR23343456	AD_Malaysia	727	secondary	sensitivity	fragment	independent_eligible	30
SRR23343457	AD_Malaysia	727	secondary	sensitivity	alignment	duplicate	5
SRR23343457	AD_Malaysia	727	secondary	sensitivity	alignment	eligible	30
SRR23343457	AD_Malaysia	727	secondary	sensitivity	alignment	low_base_quality	8
SRR23343457	AD_Malaysia	727	secondary	sensitivity	fragment	conflicting_mates	0
SRR23343457	AD_Malaysia	727	secondary	sensitivity	fragment	independent_eligible	29
SRR23343458	AD_Malaysia	727	secondary	sensitivity	alignment	duplicate	5
SRR23343458	AD_Malaysia	727	secondary	sensitivity	alignment	eligible	26
SRR23343458	AD_Malaysia	727	secondary	sensitivity	alignment	incomplete_codon	1
SRR23343458	AD_Malaysia	727	secondary	sensitivity	alignment	low_base_quality	9
SRR23343458	AD_Malaysia	727	secondary	sensitivity	fragment	conflicting_mates	0
SRR23343458	AD_Malaysia	727	secondary	sensitivity	fragment	independent_eligible	26
SRR23343459	AD_Malaysia	727	secondary	sensitivity	alignment	duplicate	1
SRR23343459	AD_Malaysia	727	secondary	sensitivity	alignment	eligible	23
SRR23343459	AD_Malaysia	727	secondary	sensitivity	alignment	incomplete_codon	2
SRR23343459	AD_Malaysia	727	secondary	sensitivity	alignment	low_base_quality	10
SRR23343459	AD_Malaysia	727	secondary	sensitivity	fragment	conflicting_mates	0
SRR23343459	AD_Malaysia	727	secondary	sensitivity	fragment	independent_eligible	23
SRR23343460	AD_Malaysia	727	secondary	sensitivity	alignment	duplicate	4
SRR23343460	AD_Malaysia	727	secondary	sensitivity	alignment	eligible	26
SRR23343460	AD_Malaysia	727	secondary	sensitivity	alignment	incomplete_codon	1
SRR23343460	AD_Malaysia	727	secondary	sensitivity	alignment	low_base_quality	2
SRR23343460	AD_Malaysia	727	secondary	sensitivity	fragment	conflicting_mates	0
SRR23343460	AD_Malaysia	727	secondary	sensitivity	fragment	independent_eligible	25
SRR23343461	AD_Malaysia	727	secondary	sensitivity	alignment	duplicate	5
SRR23343461	AD_Malaysia	727	secondary	sensitivity	alignment	eligible	32
SRR23343461	AD_Malaysia	727	secondary	sensitivity	alignment	low_base_quality	8
SRR23343461	AD_Malaysia	727	secondary	sensitivity	fragment	conflicting_mates	0
SRR23343461	AD_Malaysia	727	secondary	sensitivity	fragment	independent_eligible	32
SRR23343462	AD_Malaysia	727	secondary	sensitivity	alignment	duplicate	11
SRR23343462	AD_Malaysia	727	secondary	sensitivity	alignment	eligible	36
SRR23343462	AD_Malaysia	727	secondary	sensitivity	alignment	incomplete_codon	2
SRR23343462	AD_Malaysia	727	secondary	sensitivity	alignment	low_base_quality	11
SRR23343462	AD_Malaysia	727	secondary	sensitivity	fragment	conflicting_mates	0
SRR23343462	AD_Malaysia	727	secondary	sensitivity	fragment	independent_eligible	36
SRR23343463	AD_Malaysia	727	secondary	sensitivity	alignment	duplicate	8
SRR23343463	AD_Malaysia	727	secondary	sensitivity	alignment	eligible	28
SRR23343463	AD_Malaysia	727	secondary	sensitivity	alignment	incomplete_codon	1
SRR23343463	AD_Malaysia	727	secondary	sensitivity	alignment	low_base_quality	8
SRR23343463	AD_Malaysia	727	secondary	sensitivity	fragment	conflicting_mates	0
SRR23343463	AD_Malaysia	727	secondary	sensitivity	fragment	independent_eligible	28
SRR23343464	AD_Malaysia	727	secondary	sensitivity	alignment	duplicate	5
SRR23343464	AD_Malaysia	727	secondary	sensitivity	alignment	eligible	31
SRR23343464	AD_Malaysia	727	secondary	sensitivity	alignment	incomplete_codon	2
SRR23343464	AD_Malaysia	727	secondary	sensitivity	alignment	low_base_quality	7
SRR23343464	AD_Malaysia	727	secondary	sensitivity	fragment	conflicting_mates	0
SRR23343464	AD_Malaysia	727	secondary	sensitivity	fragment	independent_eligible	31
SRR23343465	AD_Malaysia	727	secondary	sensitivity	alignment	duplicate	7
SRR23343465	AD_Malaysia	727	secondary	sensitivity	alignment	eligible	24
SRR23343465	AD_Malaysia	727	secondary	sensitivity	alignment	incomplete_codon	3
SRR23343465	AD_Malaysia	727	secondary	sensitivity	alignment	low_base_quality	2
SRR23343465	AD_Malaysia	727	secondary	sensitivity	fragment	conflicting_mates	0
SRR23343465	AD_Malaysia	727	secondary	sensitivity	fragment	independent_eligible	24
SRR23343466	AD_Malaysia	727	secondary	sensitivity	alignment	duplicate	4
SRR23343466	AD_Malaysia	727	secondary	sensitivity	alignment	eligible	19
SRR23343466	AD_Malaysia	727	secondary	sensitivity	alignment	low_base_quality	4
SRR23343466	AD_Malaysia	727	secondary	sensitivity	fragment	conflicting_mates	0
SRR23343466	AD_Malaysia	727	secondary	sensitivity	fragment	independent_eligible	19
SRR23343467	AD_Malaysia	727	secondary	sensitivity	alignment	duplicate	6
SRR23343467	AD_Malaysia	727	secondary	sensitivity	alignment	eligible	20
SRR23343467	AD_Malaysia	727	secondary	sensitivity	alignment	low_base_quality	8
SRR23343467	AD_Malaysia	727	secondary	sensitivity	fragment	conflicting_mates	0
SRR23343467	AD_Malaysia	727	secondary	sensitivity	fragment	independent_eligible	20
SRR23343468	AD_Malaysia	727	secondary	sensitivity	alignment	duplicate	17
SRR23343468	AD_Malaysia	727	secondary	sensitivity	alignment	eligible	30
SRR23343468	AD_Malaysia	727	secondary	sensitivity	alignment	incomplete_codon	1
SRR23343468	AD_Malaysia	727	secondary	sensitivity	alignment	low_base_quality	5
SRR23343468	AD_Malaysia	727	secondary	sensitivity	fragment	conflicting_mates	0
SRR23343468	AD_Malaysia	727	secondary	sensitivity	fragment	independent_eligible	29
SRR23343469	AD_Malaysia	727	secondary	sensitivity	alignment	duplicate	4
SRR23343469	AD_Malaysia	727	secondary	sensitivity	alignment	eligible	31
SRR23343469	AD_Malaysia	727	secondary	sensitivity	alignment	incomplete_codon	1
SRR23343469	AD_Malaysia	727	secondary	sensitivity	alignment	low_base_quality	2
SRR23343469	AD_Malaysia	727	secondary	sensitivity	fragment	conflicting_mates	0
SRR23343469	AD_Malaysia	727	secondary	sensitivity	fragment	independent_eligible	30
SRR23343470	AD_Malaysia	727	secondary	sensitivity	alignment	duplicate	3
SRR23343470	AD_Malaysia	727	secondary	sensitivity	alignment	eligible	22
SRR23343470	AD_Malaysia	727	secondary	sensitivity	alignment	incomplete_codon	1
SRR23343470	AD_Malaysia	727	secondary	sensitivity	alignment	low_base_quality	4
SRR23343470	AD_Malaysia	727	secondary	sensitivity	fragment	conflicting_mates	0
SRR23343470	AD_Malaysia	727	secondary	sensitivity	fragment	independent_eligible	22
SRR23343471	AD_Malaysia	727	secondary	sensitivity	alignment	duplicate	8
SRR23343471	AD_Malaysia	727	secondary	sensitivity	alignment	eligible	32
SRR23343471	AD_Malaysia	727	secondary	sensitivity	alignment	low_base_quality	6
SRR23343471	AD_Malaysia	727	secondary	sensitivity	fragment	conflicting_mates	0
SRR23343471	AD_Malaysia	727	secondary	sensitivity	fragment	independent_eligible	32
SRR23343472	AD_Malaysia	727	secondary	sensitivity	alignment	duplicate	6
SRR23343472	AD_Malaysia	727	secondary	sensitivity	alignment	eligible	34
SRR23343472	AD_Malaysia	727	secondary	sensitivity	alignment	incomplete_codon	1
SRR23343472	AD_Malaysia	727	secondary	sensitivity	alignment	low_base_quality	4
SRR23343472	AD_Malaysia	727	secondary	sensitivity	fragment	conflicting_mates	0
SRR23343472	AD_Malaysia	727	secondary	sensitivity	fragment	independent_eligible	34
SRR23343473	AD_Malaysia	727	secondary	sensitivity	alignment	duplicate	11
SRR23343473	AD_Malaysia	727	secondary	sensitivity	alignment	eligible	52
SRR23343473	AD_Malaysia	727	secondary	sensitivity	alignment	incomplete_codon	3
SRR23343473	AD_Malaysia	727	secondary	sensitivity	alignment	low_base_quality	12
SRR23343473	AD_Malaysia	727	secondary	sensitivity	fragment	conflicting_mates	0
SRR23343473	AD_Malaysia	727	secondary	sensitivity	fragment	independent_eligible	52
SRR23343474	AD_Malaysia	727	secondary	sensitivity	alignment	duplicate	4
SRR23343474	AD_Malaysia	727	secondary	sensitivity	alignment	eligible	25
SRR23343474	AD_Malaysia	727	secondary	sensitivity	alignment	incomplete_codon	1
SRR23343474	AD_Malaysia	727	secondary	sensitivity	alignment	low_base_quality	6
SRR23343474	AD_Malaysia	727	secondary	sensitivity	fragment	conflicting_mates	0
SRR23343474	AD_Malaysia	727	secondary	sensitivity	fragment	independent_eligible	25
SRR23343475	AD_Malaysia	727	secondary	sensitivity	alignment	duplicate	10
SRR23343475	AD_Malaysia	727	secondary	sensitivity	alignment	eligible	20
SRR23343475	AD_Malaysia	727	secondary	sensitivity	alignment	low_base_quality	1
SRR23343475	AD_Malaysia	727	secondary	sensitivity	fragment	conflicting_mates	0
SRR23343475	AD_Malaysia	727	secondary	sensitivity	fragment	independent_eligible	18
SRR23343476	AD_Malaysia	727	secondary	sensitivity	alignment	duplicate	7
SRR23343476	AD_Malaysia	727	secondary	sensitivity	alignment	eligible	20
SRR23343476	AD_Malaysia	727	secondary	sensitivity	alignment	incomplete_codon	1
SRR23343476	AD_Malaysia	727	secondary	sensitivity	alignment	low_base_quality	2
SRR23343476	AD_Malaysia	727	secondary	sensitivity	fragment	conflicting_mates	0
SRR23343476	AD_Malaysia	727	secondary	sensitivity	fragment	independent_eligible	20
SRR23343477	AD_Malaysia	727	secondary	sensitivity	alignment	duplicate	9
SRR23343477	AD_Malaysia	727	secondary	sensitivity	alignment	eligible	38
SRR23343477	AD_Malaysia	727	secondary	sensitivity	alignment	incomplete_codon	1
SRR23343477	AD_Malaysia	727	secondary	sensitivity	alignment	low_base_quality	4
SRR23343477	AD_Malaysia	727	secondary	sensitivity	fragment	conflicting_mates	0
SRR23343477	AD_Malaysia	727	secondary	sensitivity	fragment	independent_eligible	36
SRR23343478	AD_Malaysia	727	secondary	sensitivity	alignment	duplicate	10
SRR23343478	AD_Malaysia	727	secondary	sensitivity	alignment	eligible	28
SRR23343478	AD_Malaysia	727	secondary	sensitivity	alignment	incomplete_codon	1
SRR23343478	AD_Malaysia	727	secondary	sensitivity	alignment	low_base_quality	3
SRR23343478	AD_Malaysia	727	secondary	sensitivity	fragment	conflicting_mates	0
SRR23343478	AD_Malaysia	727	secondary	sensitivity	fragment	independent_eligible	28
SRR23343479	AD_Malaysia	727	secondary	sensitivity	alignment	duplicate	5
SRR23343479	AD_Malaysia	727	secondary	sensitivity	alignment	eligible	23
SRR23343479	AD_Malaysia	727	secondary	sensitivity	alignment	incomplete_codon	1
SRR23343479	AD_Malaysia	727	secondary	sensitivity	alignment	low_base_quality	5
SRR23343479	AD_Malaysia	727	secondary	sensitivity	fragment	conflicting_mates	0
SRR23343479	AD_Malaysia	727	secondary	sensitivity	fragment	independent_eligible	23
SRR23343480	AD_Malaysia	727	secondary	sensitivity	alignment	duplicate	6
SRR23343480	AD_Malaysia	727	secondary	sensitivity	alignment	eligible	32
SRR23343480	AD_Malaysia	727	secondary	sensitivity	alignment	incomplete_codon	1
SRR23343480	AD_Malaysia	727	secondary	sensitivity	alignment	low_base_quality	3
SRR23343480	AD_Malaysia	727	secondary	sensitivity	fragment	conflicting_mates	0
SRR23343480	AD_Malaysia	727	secondary	sensitivity	fragment	independent_eligible	32
SRR23343481	AD_Malaysia	727	secondary	sensitivity	alignment	duplicate	6
SRR23343481	AD_Malaysia	727	secondary	sensitivity	alignment	eligible	36
SRR23343481	AD_Malaysia	727	secondary	sensitivity	alignment	incomplete_codon	2
SRR23343481	AD_Malaysia	727	secondary	sensitivity	alignment	low_base_quality	6
SRR23343481	AD_Malaysia	727	secondary	sensitivity	fragment	conflicting_mates	0
SRR23343481	AD_Malaysia	727	secondary	sensitivity	fragment	independent_eligible	35
SRR23343482	AD_Malaysia	727	secondary	sensitivity	alignment	duplicate	11
SRR23343482	AD_Malaysia	727	secondary	sensitivity	alignment	eligible	33
SRR23343482	AD_Malaysia	727	secondary	sensitivity	alignment	low_base_quality	2
SRR23343482	AD_Malaysia	727	secondary	sensitivity	fragment	conflicting_mates	0
SRR23343482	AD_Malaysia	727	secondary	sensitivity	fragment	independent_eligible	33
SRR23343483	AD_Malaysia	727	secondary	sensitivity	alignment	duplicate	10
SRR23343483	AD_Malaysia	727	secondary	sensitivity	alignment	eligible	36
SRR23343483	AD_Malaysia	727	secondary	sensitivity	alignment	incomplete_codon	2
SRR23343483	AD_Malaysia	727	secondary	sensitivity	alignment	low_base_quality	1
SRR23343483	AD_Malaysia	727	secondary	sensitivity	fragment	conflicting_mates	0
SRR23343483	AD_Malaysia	727	secondary	sensitivity	fragment	independent_eligible	35
SRR23343484	AD_Malaysia	727	secondary	sensitivity	alignment	duplicate	4
SRR23343484	AD_Malaysia	727	secondary	sensitivity	alignment	eligible	26
SRR23343484	AD_Malaysia	727	secondary	sensitivity	alignment	incomplete_codon	1
SRR23343484	AD_Malaysia	727	secondary	sensitivity	fragment	conflicting_mates	0
SRR23343484	AD_Malaysia	727	secondary	sensitivity	fragment	independent_eligible	26
SRR23343485	AD_Malaysia	727	secondary	sensitivity	alignment	duplicate	7
SRR23343485	AD_Malaysia	727	secondary	sensitivity	alignment	eligible	25
SRR23343485	AD_Malaysia	727	secondary	sensitivity	alignment	incomplete_codon	1
SRR23343485	AD_Malaysia	727	secondary	sensitivity	alignment	low_base_quality	3
SRR23343485	AD_Malaysia	727	secondary	sensitivity	fragment	conflicting_mates	0
SRR23343485	AD_Malaysia	727	secondary	sensitivity	fragment	independent_eligible	25
SRR23343486	AD_Malaysia	727	secondary	sensitivity	alignment	duplicate	9
SRR23343486	AD_Malaysia	727	secondary	sensitivity	alignment	eligible	32
SRR23343486	AD_Malaysia	727	secondary	sensitivity	alignment	incomplete_codon	1
SRR23343486	AD_Malaysia	727	secondary	sensitivity	alignment	low_base_quality	3
SRR23343486	AD_Malaysia	727	secondary	sensitivity	fragment	conflicting_mates	0
SRR23343486	AD_Malaysia	727	secondary	sensitivity	fragment	independent_eligible	30
SRR23343487	AD_Malaysia	727	secondary	sensitivity	alignment	duplicate	4
SRR23343487	AD_Malaysia	727	secondary	sensitivity	alignment	eligible	36
SRR23343487	AD_Malaysia	727	secondary	sensitivity	alignment	low_base_quality	6
SRR23343487	AD_Malaysia	727	secondary	sensitivity	fragment	conflicting_mates	0
SRR23343487	AD_Malaysia	727	secondary	sensitivity	fragment	independent_eligible	35
SRR23343488	AD_Malaysia	727	secondary	sensitivity	alignment	duplicate	7
SRR23343488	AD_Malaysia	727	secondary	sensitivity	alignment	eligible	27
SRR23343488	AD_Malaysia	727	secondary	sensitivity	alignment	low_base_quality	2
SRR23343488	AD_Malaysia	727	secondary	sensitivity	fragment	conflicting_mates	0
SRR23343488	AD_Malaysia	727	secondary	sensitivity	fragment	independent_eligible	26
SRR23343489	AD_Malaysia	727	secondary	sensitivity	alignment	duplicate	4
SRR23343489	AD_Malaysia	727	secondary	sensitivity	alignment	eligible	34
SRR23343489	AD_Malaysia	727	secondary	sensitivity	alignment	incomplete_codon	2
SRR23343489	AD_Malaysia	727	secondary	sensitivity	alignment	low_base_quality	9
SRR23343489	AD_Malaysia	727	secondary	sensitivity	fragment	conflicting_mates	0
SRR23343489	AD_Malaysia	727	secondary	sensitivity	fragment	independent_eligible	34
SRR23343490	AD_Malaysia	727	secondary	sensitivity	alignment	duplicate	8
SRR23343490	AD_Malaysia	727	secondary	sensitivity	alignment	eligible	26
SRR23343490	AD_Malaysia	727	secondary	sensitivity	alignment	incomplete_codon	1
SRR23343490	AD_Malaysia	727	secondary	sensitivity	alignment	low_base_quality	1
SRR23343490	AD_Malaysia	727	secondary	sensitivity	fragment	conflicting_mates	0
SRR23343490	AD_Malaysia	727	secondary	sensitivity	fragment	independent_eligible	26
SRR23343491	AD_Malaysia	727	secondary	sensitivity	alignment	duplicate	2
SRR23343491	AD_Malaysia	727	secondary	sensitivity	alignment	eligible	24
SRR23343491	AD_Malaysia	727	secondary	sensitivity	alignment	low_base_quality	3
SRR23343491	AD_Malaysia	727	secondary	sensitivity	fragment	conflicting_mates	0
SRR23343491	AD_Malaysia	727	secondary	sensitivity	fragment	independent_eligible	24
SRR23343492	AD_Malaysia	727	secondary	sensitivity	alignment	duplicate	4
SRR23343492	AD_Malaysia	727	secondary	sensitivity	alignment	eligible	35
SRR23343492	AD_Malaysia	727	secondary	sensitivity	alignment	incomplete_codon	2
SRR23343492	AD_Malaysia	727	secondary	sensitivity	alignment	low_base_quality	7
SRR23343492	AD_Malaysia	727	secondary	sensitivity	fragment	conflicting_mates	0
SRR23343492	AD_Malaysia	727	secondary	sensitivity	fragment	independent_eligible	35
SRR23343493	AD_Malaysia	727	secondary	sensitivity	alignment	duplicate	10
SRR23343493	AD_Malaysia	727	secondary	sensitivity	alignment	eligible	22
SRR23343493	AD_Malaysia	727	secondary	sensitivity	alignment	incomplete_codon	2
SRR23343493	AD_Malaysia	727	secondary	sensitivity	alignment	low_base_quality	4
SRR23343493	AD_Malaysia	727	secondary	sensitivity	fragment	conflicting_mates	0
SRR23343493	AD_Malaysia	727	secondary	sensitivity	fragment	independent_eligible	22
SRR23343494	AD_Malaysia	727	secondary	sensitivity	alignment	duplicate	4
SRR23343494	AD_Malaysia	727	secondary	sensitivity	alignment	eligible	29
SRR23343494	AD_Malaysia	727	secondary	sensitivity	alignment	low_base_quality	3
SRR23343494	AD_Malaysia	727	secondary	sensitivity	fragment	conflicting_mates	0
SRR23343494	AD_Malaysia	727	secondary	sensitivity	fragment	independent_eligible	29
SRR23343438	AD_Malaysia	766	secondary	sensitivity	alignment	duplicate	14
SRR23343438	AD_Malaysia	766	secondary	sensitivity	alignment	eligible	51
SRR23343438	AD_Malaysia	766	secondary	sensitivity	alignment	incomplete_codon	2
SRR23343438	AD_Malaysia	766	secondary	sensitivity	alignment	low_base_quality	2
SRR23343438	AD_Malaysia	766	secondary	sensitivity	fragment	conflicting_mates	0
SRR23343438	AD_Malaysia	766	secondary	sensitivity	fragment	independent_eligible	50
SRR23343439	AD_Malaysia	766	secondary	sensitivity	alignment	duplicate	9
SRR23343439	AD_Malaysia	766	secondary	sensitivity	alignment	eligible	40
SRR23343439	AD_Malaysia	766	secondary	sensitivity	alignment	incomplete_codon	1
SRR23343439	AD_Malaysia	766	secondary	sensitivity	alignment	low_base_quality	3
SRR23343439	AD_Malaysia	766	secondary	sensitivity	fragment	conflicting_mates	0
SRR23343439	AD_Malaysia	766	secondary	sensitivity	fragment	independent_eligible	39
SRR23343440	AD_Malaysia	766	secondary	sensitivity	alignment	duplicate	5
SRR23343440	AD_Malaysia	766	secondary	sensitivity	alignment	eligible	35
SRR23343440	AD_Malaysia	766	secondary	sensitivity	alignment	low_base_quality	4
SRR23343440	AD_Malaysia	766	secondary	sensitivity	fragment	conflicting_mates	0
SRR23343440	AD_Malaysia	766	secondary	sensitivity	fragment	independent_eligible	34
SRR23343441	AD_Malaysia	766	secondary	sensitivity	alignment	duplicate	7
SRR23343441	AD_Malaysia	766	secondary	sensitivity	alignment	eligible	23
SRR23343441	AD_Malaysia	766	secondary	sensitivity	alignment	low_base_quality	2
SRR23343441	AD_Malaysia	766	secondary	sensitivity	fragment	conflicting_mates	0
SRR23343441	AD_Malaysia	766	secondary	sensitivity	fragment	independent_eligible	23
SRR23343442	AD_Malaysia	766	secondary	sensitivity	alignment	duplicate	12
SRR23343442	AD_Malaysia	766	secondary	sensitivity	alignment	eligible	53
SRR23343442	AD_Malaysia	766	secondary	sensitivity	fragment	conflicting_mates	0
SRR23343442	AD_Malaysia	766	secondary	sensitivity	fragment	independent_eligible	53
SRR23343443	AD_Malaysia	766	secondary	sensitivity	alignment	duplicate	4
SRR23343443	AD_Malaysia	766	secondary	sensitivity	alignment	eligible	33
SRR23343443	AD_Malaysia	766	secondary	sensitivity	alignment	low_base_quality	1
SRR23343443	AD_Malaysia	766	secondary	sensitivity	fragment	conflicting_mates	0
SRR23343443	AD_Malaysia	766	secondary	sensitivity	fragment	independent_eligible	32
SRR23343444	AD_Malaysia	766	secondary	sensitivity	alignment	duplicate	3
SRR23343444	AD_Malaysia	766	secondary	sensitivity	alignment	eligible	15
SRR23343444	AD_Malaysia	766	secondary	sensitivity	alignment	incomplete_codon	1
SRR23343444	AD_Malaysia	766	secondary	sensitivity	fragment	conflicting_mates	0
SRR23343444	AD_Malaysia	766	secondary	sensitivity	fragment	independent_eligible	14
SRR23343445	AD_Malaysia	766	secondary	sensitivity	alignment	duplicate	7
SRR23343445	AD_Malaysia	766	secondary	sensitivity	alignment	eligible	43
SRR23343445	AD_Malaysia	766	secondary	sensitivity	alignment	incomplete_codon	2
SRR23343445	AD_Malaysia	766	secondary	sensitivity	alignment	low_base_quality	2
SRR23343445	AD_Malaysia	766	secondary	sensitivity	alignment	low_mapping_quality	1
SRR23343445	AD_Malaysia	766	secondary	sensitivity	fragment	conflicting_mates	0
SRR23343445	AD_Malaysia	766	secondary	sensitivity	fragment	independent_eligible	42
SRR23343446	AD_Malaysia	766	secondary	sensitivity	alignment	duplicate	14
SRR23343446	AD_Malaysia	766	secondary	sensitivity	alignment	eligible	31
SRR23343446	AD_Malaysia	766	secondary	sensitivity	alignment	incomplete_codon	1
SRR23343446	AD_Malaysia	766	secondary	sensitivity	alignment	low_base_quality	1
SRR23343446	AD_Malaysia	766	secondary	sensitivity	fragment	conflicting_mates	0
SRR23343446	AD_Malaysia	766	secondary	sensitivity	fragment	independent_eligible	31
SRR23343447	AD_Malaysia	766	secondary	sensitivity	alignment	duplicate	14
SRR23343447	AD_Malaysia	766	secondary	sensitivity	alignment	eligible	39
SRR23343447	AD_Malaysia	766	secondary	sensitivity	alignment	incomplete_codon	2
SRR23343447	AD_Malaysia	766	secondary	sensitivity	fragment	conflicting_mates	0
SRR23343447	AD_Malaysia	766	secondary	sensitivity	fragment	independent_eligible	38
SRR23343448	AD_Malaysia	766	secondary	sensitivity	alignment	duplicate	11
SRR23343448	AD_Malaysia	766	secondary	sensitivity	alignment	eligible	29
SRR23343448	AD_Malaysia	766	secondary	sensitivity	fragment	conflicting_mates	0
SRR23343448	AD_Malaysia	766	secondary	sensitivity	fragment	independent_eligible	27
SRR23343449	AD_Malaysia	766	secondary	sensitivity	alignment	duplicate	9
SRR23343449	AD_Malaysia	766	secondary	sensitivity	alignment	eligible	31
SRR23343449	AD_Malaysia	766	secondary	sensitivity	alignment	incomplete_codon	1
SRR23343449	AD_Malaysia	766	secondary	sensitivity	alignment	low_base_quality	4
SRR23343449	AD_Malaysia	766	secondary	sensitivity	fragment	conflicting_mates	0
SRR23343449	AD_Malaysia	766	secondary	sensitivity	fragment	independent_eligible	31
SRR23343450	AD_Malaysia	766	secondary	sensitivity	alignment	duplicate	8
SRR23343450	AD_Malaysia	766	secondary	sensitivity	alignment	eligible	34
SRR23343450	AD_Malaysia	766	secondary	sensitivity	fragment	conflicting_mates	0
SRR23343450	AD_Malaysia	766	secondary	sensitivity	fragment	independent_eligible	34
SRR23343451	AD_Malaysia	766	secondary	sensitivity	alignment	duplicate	3
SRR23343451	AD_Malaysia	766	secondary	sensitivity	alignment	eligible	24
SRR23343451	AD_Malaysia	766	secondary	sensitivity	alignment	low_base_quality	1
SRR23343451	AD_Malaysia	766	secondary	sensitivity	fragment	conflicting_mates	0
SRR23343451	AD_Malaysia	766	secondary	sensitivity	fragment	independent_eligible	24
SRR23343452	AD_Malaysia	766	secondary	sensitivity	alignment	duplicate	5
SRR23343452	AD_Malaysia	766	secondary	sensitivity	alignment	eligible	38
SRR23343452	AD_Malaysia	766	secondary	sensitivity	fragment	conflicting_mates	0
SRR23343452	AD_Malaysia	766	secondary	sensitivity	fragment	independent_eligible	36
SRR23343453	AD_Malaysia	766	secondary	sensitivity	alignment	duplicate	5
SRR23343453	AD_Malaysia	766	secondary	sensitivity	alignment	eligible	21
SRR23343453	AD_Malaysia	766	secondary	sensitivity	alignment	incomplete_codon	2
SRR23343453	AD_Malaysia	766	secondary	sensitivity	fragment	conflicting_mates	0
SRR23343453	AD_Malaysia	766	secondary	sensitivity	fragment	independent_eligible	19
SRR23343454	AD_Malaysia	766	secondary	sensitivity	alignment	duplicate	3
SRR23343454	AD_Malaysia	766	secondary	sensitivity	alignment	eligible	17
SRR23343454	AD_Malaysia	766	secondary	sensitivity	alignment	incomplete_codon	1
SRR23343454	AD_Malaysia	766	secondary	sensitivity	alignment	low_base_quality	2
SRR23343454	AD_Malaysia	766	secondary	sensitivity	fragment	conflicting_mates	0
SRR23343454	AD_Malaysia	766	secondary	sensitivity	fragment	independent_eligible	17
SRR23343455	AD_Malaysia	766	secondary	sensitivity	alignment	duplicate	1
SRR23343455	AD_Malaysia	766	secondary	sensitivity	alignment	eligible	7
SRR23343455	AD_Malaysia	766	secondary	sensitivity	alignment	incomplete_codon	1
SRR23343455	AD_Malaysia	766	secondary	sensitivity	fragment	conflicting_mates	0
SRR23343455	AD_Malaysia	766	secondary	sensitivity	fragment	independent_eligible	7
SRR23343456	AD_Malaysia	766	secondary	sensitivity	alignment	duplicate	12
SRR23343456	AD_Malaysia	766	secondary	sensitivity	alignment	eligible	38
SRR23343456	AD_Malaysia	766	secondary	sensitivity	alignment	incomplete_codon	1
SRR23343456	AD_Malaysia	766	secondary	sensitivity	alignment	low_base_quality	4
SRR23343456	AD_Malaysia	766	secondary	sensitivity	fragment	conflicting_mates	0
SRR23343456	AD_Malaysia	766	secondary	sensitivity	fragment	independent_eligible	37
SRR23343457	AD_Malaysia	766	secondary	sensitivity	alignment	duplicate	8
SRR23343457	AD_Malaysia	766	secondary	sensitivity	alignment	eligible	38
SRR23343457	AD_Malaysia	766	secondary	sensitivity	alignment	low_base_quality	1
SRR23343457	AD_Malaysia	766	secondary	sensitivity	fragment	conflicting_mates	0
SRR23343457	AD_Malaysia	766	secondary	sensitivity	fragment	independent_eligible	36
SRR23343458	AD_Malaysia	766	secondary	sensitivity	alignment	duplicate	12
SRR23343458	AD_Malaysia	766	secondary	sensitivity	alignment	eligible	44
SRR23343458	AD_Malaysia	766	secondary	sensitivity	alignment	incomplete_codon	1
SRR23343458	AD_Malaysia	766	secondary	sensitivity	fragment	conflicting_mates	0
SRR23343458	AD_Malaysia	766	secondary	sensitivity	fragment	independent_eligible	43
SRR23343459	AD_Malaysia	766	secondary	sensitivity	alignment	duplicate	4
SRR23343459	AD_Malaysia	766	secondary	sensitivity	alignment	eligible	27
SRR23343459	AD_Malaysia	766	secondary	sensitivity	fragment	conflicting_mates	0
SRR23343459	AD_Malaysia	766	secondary	sensitivity	fragment	independent_eligible	27
SRR23343460	AD_Malaysia	766	secondary	sensitivity	alignment	duplicate	6
SRR23343460	AD_Malaysia	766	secondary	sensitivity	alignment	eligible	31
SRR23343460	AD_Malaysia	766	secondary	sensitivity	alignment	incomplete_codon	1
SRR23343460	AD_Malaysia	766	secondary	sensitivity	alignment	low_base_quality	1
SRR23343460	AD_Malaysia	766	secondary	sensitivity	fragment	conflicting_mates	0
SRR23343460	AD_Malaysia	766	secondary	sensitivity	fragment	independent_eligible	31
SRR23343461	AD_Malaysia	766	secondary	sensitivity	alignment	duplicate	6
SRR23343461	AD_Malaysia	766	secondary	sensitivity	alignment	eligible	37
SRR23343461	AD_Malaysia	766	secondary	sensitivity	alignment	incomplete_codon	2
SRR23343461	AD_Malaysia	766	secondary	sensitivity	alignment	low_base_quality	1
SRR23343461	AD_Malaysia	766	secondary	sensitivity	fragment	conflicting_mates	0
SRR23343461	AD_Malaysia	766	secondary	sensitivity	fragment	independent_eligible	35
SRR23343462	AD_Malaysia	766	secondary	sensitivity	alignment	duplicate	14
SRR23343462	AD_Malaysia	766	secondary	sensitivity	alignment	eligible	47
SRR23343462	AD_Malaysia	766	secondary	sensitivity	alignment	incomplete_codon	1
SRR23343462	AD_Malaysia	766	secondary	sensitivity	fragment	conflicting_mates	0
SRR23343462	AD_Malaysia	766	secondary	sensitivity	fragment	independent_eligible	47
SRR23343463	AD_Malaysia	766	secondary	sensitivity	alignment	duplicate	11
SRR23343463	AD_Malaysia	766	secondary	sensitivity	alignment	eligible	40
SRR23343463	AD_Malaysia	766	secondary	sensitivity	alignment	incomplete_codon	1
SRR23343463	AD_Malaysia	766	secondary	sensitivity	alignment	low_base_quality	1
SRR23343463	AD_Malaysia	766	secondary	sensitivity	fragment	conflicting_mates	0
SRR23343463	AD_Malaysia	766	secondary	sensitivity	fragment	independent_eligible	39
SRR23343464	AD_Malaysia	766	secondary	sensitivity	alignment	duplicate	3
SRR23343464	AD_Malaysia	766	secondary	sensitivity	alignment	eligible	34
SRR23343464	AD_Malaysia	766	secondary	sensitivity	alignment	incomplete_codon	1
SRR23343464	AD_Malaysia	766	secondary	sensitivity	alignment	low_base_quality	1
SRR23343464	AD_Malaysia	766	secondary	sensitivity	fragment	conflicting_mates	0
SRR23343464	AD_Malaysia	766	secondary	sensitivity	fragment	independent_eligible	32
SRR23343465	AD_Malaysia	766	secondary	sensitivity	alignment	duplicate	4
SRR23343465	AD_Malaysia	766	secondary	sensitivity	alignment	eligible	16
SRR23343465	AD_Malaysia	766	secondary	sensitivity	alignment	incomplete_codon	1
SRR23343465	AD_Malaysia	766	secondary	sensitivity	alignment	low_base_quality	1
SRR23343465	AD_Malaysia	766	secondary	sensitivity	fragment	conflicting_mates	0
SRR23343465	AD_Malaysia	766	secondary	sensitivity	fragment	independent_eligible	16
SRR23343466	AD_Malaysia	766	secondary	sensitivity	alignment	duplicate	8
SRR23343466	AD_Malaysia	766	secondary	sensitivity	alignment	eligible	20
SRR23343466	AD_Malaysia	766	secondary	sensitivity	alignment	low_base_quality	2
SRR23343466	AD_Malaysia	766	secondary	sensitivity	fragment	conflicting_mates	0
SRR23343466	AD_Malaysia	766	secondary	sensitivity	fragment	independent_eligible	19
SRR23343467	AD_Malaysia	766	secondary	sensitivity	alignment	duplicate	7
SRR23343467	AD_Malaysia	766	secondary	sensitivity	alignment	eligible	24
SRR23343467	AD_Malaysia	766	secondary	sensitivity	fragment	conflicting_mates	0
SRR23343467	AD_Malaysia	766	secondary	sensitivity	fragment	independent_eligible	23
SRR23343468	AD_Malaysia	766	secondary	sensitivity	alignment	duplicate	10
SRR23343468	AD_Malaysia	766	secondary	sensitivity	alignment	eligible	39
SRR23343468	AD_Malaysia	766	secondary	sensitivity	alignment	incomplete_codon	1
SRR23343468	AD_Malaysia	766	secondary	sensitivity	alignment	low_base_quality	2
SRR23343468	AD_Malaysia	766	secondary	sensitivity	fragment	conflicting_mates	0
SRR23343468	AD_Malaysia	766	secondary	sensitivity	fragment	independent_eligible	33
SRR23343469	AD_Malaysia	766	secondary	sensitivity	alignment	duplicate	4
SRR23343469	AD_Malaysia	766	secondary	sensitivity	alignment	eligible	26
SRR23343469	AD_Malaysia	766	secondary	sensitivity	alignment	incomplete_codon	1
SRR23343469	AD_Malaysia	766	secondary	sensitivity	alignment	low_base_quality	2
SRR23343469	AD_Malaysia	766	secondary	sensitivity	fragment	conflicting_mates	0
SRR23343469	AD_Malaysia	766	secondary	sensitivity	fragment	independent_eligible	25
SRR23343470	AD_Malaysia	766	secondary	sensitivity	alignment	duplicate	6
SRR23343470	AD_Malaysia	766	secondary	sensitivity	alignment	eligible	22
SRR23343470	AD_Malaysia	766	secondary	sensitivity	alignment	low_base_quality	1
SRR23343470	AD_Malaysia	766	secondary	sensitivity	fragment	conflicting_mates	0
SRR23343470	AD_Malaysia	766	secondary	sensitivity	fragment	independent_eligible	21
SRR23343471	AD_Malaysia	766	secondary	sensitivity	alignment	duplicate	7
SRR23343471	AD_Malaysia	766	secondary	sensitivity	alignment	eligible	27
SRR23343471	AD_Malaysia	766	secondary	sensitivity	alignment	incomplete_codon	1
SRR23343471	AD_Malaysia	766	secondary	sensitivity	alignment	low_base_quality	2
SRR23343471	AD_Malaysia	766	secondary	sensitivity	fragment	conflicting_mates	0
SRR23343471	AD_Malaysia	766	secondary	sensitivity	fragment	independent_eligible	27
SRR23343472	AD_Malaysia	766	secondary	sensitivity	alignment	duplicate	5
SRR23343472	AD_Malaysia	766	secondary	sensitivity	alignment	eligible	34
SRR23343472	AD_Malaysia	766	secondary	sensitivity	alignment	low_base_quality	4
SRR23343472	AD_Malaysia	766	secondary	sensitivity	fragment	conflicting_mates	0
SRR23343472	AD_Malaysia	766	secondary	sensitivity	fragment	independent_eligible	32
SRR23343473	AD_Malaysia	766	secondary	sensitivity	alignment	duplicate	4
SRR23343473	AD_Malaysia	766	secondary	sensitivity	alignment	eligible	61
SRR23343473	AD_Malaysia	766	secondary	sensitivity	alignment	incomplete_codon	3
SRR23343473	AD_Malaysia	766	secondary	sensitivity	alignment	low_base_quality	1
SRR23343473	AD_Malaysia	766	secondary	sensitivity	fragment	conflicting_mates	0
SRR23343473	AD_Malaysia	766	secondary	sensitivity	fragment	independent_eligible	61
SRR23343474	AD_Malaysia	766	secondary	sensitivity	alignment	duplicate	4
SRR23343474	AD_Malaysia	766	secondary	sensitivity	alignment	eligible	30
SRR23343474	AD_Malaysia	766	secondary	sensitivity	alignment	incomplete_codon	1
SRR23343474	AD_Malaysia	766	secondary	sensitivity	alignment	low_base_quality	3
SRR23343474	AD_Malaysia	766	secondary	sensitivity	fragment	conflicting_mates	0
SRR23343474	AD_Malaysia	766	secondary	sensitivity	fragment	independent_eligible	29
SRR23343475	AD_Malaysia	766	secondary	sensitivity	alignment	duplicate	14
SRR23343475	AD_Malaysia	766	secondary	sensitivity	alignment	eligible	30
SRR23343475	AD_Malaysia	766	secondary	sensitivity	alignment	incomplete_codon	2
SRR23343475	AD_Malaysia	766	secondary	sensitivity	alignment	low_base_quality	1
SRR23343475	AD_Malaysia	766	secondary	sensitivity	fragment	conflicting_mates	0
SRR23343475	AD_Malaysia	766	secondary	sensitivity	fragment	independent_eligible	27
SRR23343476	AD_Malaysia	766	secondary	sensitivity	alignment	duplicate	6
SRR23343476	AD_Malaysia	766	secondary	sensitivity	alignment	eligible	27
SRR23343476	AD_Malaysia	766	secondary	sensitivity	alignment	incomplete_codon	2
SRR23343476	AD_Malaysia	766	secondary	sensitivity	fragment	conflicting_mates	0
SRR23343476	AD_Malaysia	766	secondary	sensitivity	fragment	independent_eligible	26
SRR23343477	AD_Malaysia	766	secondary	sensitivity	alignment	duplicate	10
SRR23343477	AD_Malaysia	766	secondary	sensitivity	alignment	eligible	39
SRR23343477	AD_Malaysia	766	secondary	sensitivity	alignment	incomplete_codon	1
SRR23343477	AD_Malaysia	766	secondary	sensitivity	alignment	low_base_quality	2
SRR23343477	AD_Malaysia	766	secondary	sensitivity	fragment	conflicting_mates	0
SRR23343477	AD_Malaysia	766	secondary	sensitivity	fragment	independent_eligible	38
SRR23343478	AD_Malaysia	766	secondary	sensitivity	alignment	duplicate	9
SRR23343478	AD_Malaysia	766	secondary	sensitivity	alignment	eligible	36
SRR23343478	AD_Malaysia	766	secondary	sensitivity	alignment	low_base_quality	2
SRR23343478	AD_Malaysia	766	secondary	sensitivity	fragment	conflicting_mates	0
SRR23343478	AD_Malaysia	766	secondary	sensitivity	fragment	independent_eligible	35
SRR23343479	AD_Malaysia	766	secondary	sensitivity	alignment	duplicate	7
SRR23343479	AD_Malaysia	766	secondary	sensitivity	alignment	eligible	29
SRR23343479	AD_Malaysia	766	secondary	sensitivity	alignment	incomplete_codon	1
SRR23343479	AD_Malaysia	766	secondary	sensitivity	alignment	low_base_quality	1
SRR23343479	AD_Malaysia	766	secondary	sensitivity	fragment	conflicting_mates	0
SRR23343479	AD_Malaysia	766	secondary	sensitivity	fragment	independent_eligible	29
SRR23343480	AD_Malaysia	766	secondary	sensitivity	alignment	duplicate	7
SRR23343480	AD_Malaysia	766	secondary	sensitivity	alignment	eligible	31
SRR23343480	AD_Malaysia	766	secondary	sensitivity	alignment	low_base_quality	2
SRR23343480	AD_Malaysia	766	secondary	sensitivity	fragment	conflicting_mates	0
SRR23343480	AD_Malaysia	766	secondary	sensitivity	fragment	independent_eligible	31
SRR23343481	AD_Malaysia	766	secondary	sensitivity	alignment	duplicate	7
SRR23343481	AD_Malaysia	766	secondary	sensitivity	alignment	eligible	35
SRR23343481	AD_Malaysia	766	secondary	sensitivity	alignment	incomplete_codon	2
SRR23343481	AD_Malaysia	766	secondary	sensitivity	alignment	low_base_quality	3
SRR23343481	AD_Malaysia	766	secondary	sensitivity	fragment	conflicting_mates	0
SRR23343481	AD_Malaysia	766	secondary	sensitivity	fragment	independent_eligible	35
SRR23343482	AD_Malaysia	766	secondary	sensitivity	alignment	duplicate	8
SRR23343482	AD_Malaysia	766	secondary	sensitivity	alignment	eligible	30
SRR23343482	AD_Malaysia	766	secondary	sensitivity	alignment	incomplete_codon	2
SRR23343482	AD_Malaysia	766	secondary	sensitivity	alignment	low_base_quality	4
SRR23343482	AD_Malaysia	766	secondary	sensitivity	fragment	conflicting_mates	0
SRR23343482	AD_Malaysia	766	secondary	sensitivity	fragment	independent_eligible	29
SRR23343483	AD_Malaysia	766	secondary	sensitivity	alignment	duplicate	6
SRR23343483	AD_Malaysia	766	secondary	sensitivity	alignment	eligible	36
SRR23343483	AD_Malaysia	766	secondary	sensitivity	alignment	incomplete_codon	1
SRR23343483	AD_Malaysia	766	secondary	sensitivity	alignment	low_base_quality	3
SRR23343483	AD_Malaysia	766	secondary	sensitivity	fragment	conflicting_mates	0
SRR23343483	AD_Malaysia	766	secondary	sensitivity	fragment	independent_eligible	36
SRR23343484	AD_Malaysia	766	secondary	sensitivity	alignment	duplicate	5
SRR23343484	AD_Malaysia	766	secondary	sensitivity	alignment	eligible	35
SRR23343484	AD_Malaysia	766	secondary	sensitivity	alignment	incomplete_codon	1
SRR23343484	AD_Malaysia	766	secondary	sensitivity	alignment	low_base_quality	2
SRR23343484	AD_Malaysia	766	secondary	sensitivity	fragment	conflicting_mates	0
SRR23343484	AD_Malaysia	766	secondary	sensitivity	fragment	independent_eligible	35
SRR23343485	AD_Malaysia	766	secondary	sensitivity	alignment	duplicate	5
SRR23343485	AD_Malaysia	766	secondary	sensitivity	alignment	eligible	29
SRR23343485	AD_Malaysia	766	secondary	sensitivity	alignment	low_base_quality	3
SRR23343485	AD_Malaysia	766	secondary	sensitivity	fragment	conflicting_mates	0
SRR23343485	AD_Malaysia	766	secondary	sensitivity	fragment	independent_eligible	29
SRR23343486	AD_Malaysia	766	secondary	sensitivity	alignment	duplicate	6
SRR23343486	AD_Malaysia	766	secondary	sensitivity	alignment	eligible	35
SRR23343486	AD_Malaysia	766	secondary	sensitivity	alignment	low_base_quality	1
SRR23343486	AD_Malaysia	766	secondary	sensitivity	fragment	conflicting_mates	0
SRR23343486	AD_Malaysia	766	secondary	sensitivity	fragment	independent_eligible	34
SRR23343487	AD_Malaysia	766	secondary	sensitivity	alignment	duplicate	4
SRR23343487	AD_Malaysia	766	secondary	sensitivity	alignment	eligible	34
SRR23343487	AD_Malaysia	766	secondary	sensitivity	alignment	incomplete_codon	1
SRR23343487	AD_Malaysia	766	secondary	sensitivity	alignment	low_base_quality	3
SRR23343487	AD_Malaysia	766	secondary	sensitivity	fragment	conflicting_mates	0
SRR23343487	AD_Malaysia	766	secondary	sensitivity	fragment	independent_eligible	33
SRR23343488	AD_Malaysia	766	secondary	sensitivity	alignment	duplicate	9
SRR23343488	AD_Malaysia	766	secondary	sensitivity	alignment	eligible	31
SRR23343488	AD_Malaysia	766	secondary	sensitivity	alignment	incomplete_codon	1
SRR23343488	AD_Malaysia	766	secondary	sensitivity	alignment	low_base_quality	1
SRR23343488	AD_Malaysia	766	secondary	sensitivity	fragment	conflicting_mates	0
SRR23343488	AD_Malaysia	766	secondary	sensitivity	fragment	independent_eligible	31
SRR23343489	AD_Malaysia	766	secondary	sensitivity	alignment	duplicate	4
SRR23343489	AD_Malaysia	766	secondary	sensitivity	alignment	eligible	38
SRR23343489	AD_Malaysia	766	secondary	sensitivity	alignment	low_base_quality	4
SRR23343489	AD_Malaysia	766	secondary	sensitivity	fragment	conflicting_mates	0
SRR23343489	AD_Malaysia	766	secondary	sensitivity	fragment	independent_eligible	36
SRR23343490	AD_Malaysia	766	secondary	sensitivity	alignment	duplicate	9
SRR23343490	AD_Malaysia	766	secondary	sensitivity	alignment	eligible	30
SRR23343490	AD_Malaysia	766	secondary	sensitivity	alignment	low_base_quality	2
SRR23343490	AD_Malaysia	766	secondary	sensitivity	fragment	conflicting_mates	0
SRR23343490	AD_Malaysia	766	secondary	sensitivity	fragment	independent_eligible	29
SRR23343491	AD_Malaysia	766	secondary	sensitivity	alignment	duplicate	5
SRR23343491	AD_Malaysia	766	secondary	sensitivity	alignment	eligible	32
SRR23343491	AD_Malaysia	766	secondary	sensitivity	alignment	incomplete_codon	1
SRR23343491	AD_Malaysia	766	secondary	sensitivity	alignment	low_base_quality	2
SRR23343491	AD_Malaysia	766	secondary	sensitivity	fragment	conflicting_mates	0
SRR23343491	AD_Malaysia	766	secondary	sensitivity	fragment	independent_eligible	30
SRR23343492	AD_Malaysia	766	secondary	sensitivity	alignment	duplicate	4
SRR23343492	AD_Malaysia	766	secondary	sensitivity	alignment	eligible	39
SRR23343492	AD_Malaysia	766	secondary	sensitivity	alignment	incomplete_codon	3
SRR23343492	AD_Malaysia	766	secondary	sensitivity	alignment	low_base_quality	5
SRR23343492	AD_Malaysia	766	secondary	sensitivity	fragment	conflicting_mates	0
SRR23343492	AD_Malaysia	766	secondary	sensitivity	fragment	independent_eligible	37
SRR23343493	AD_Malaysia	766	secondary	sensitivity	alignment	duplicate	5
SRR23343493	AD_Malaysia	766	secondary	sensitivity	alignment	eligible	21
SRR23343493	AD_Malaysia	766	secondary	sensitivity	alignment	incomplete_codon	1
SRR23343493	AD_Malaysia	766	secondary	sensitivity	alignment	low_base_quality	2
SRR23343493	AD_Malaysia	766	secondary	sensitivity	fragment	conflicting_mates	0
SRR23343493	AD_Malaysia	766	secondary	sensitivity	fragment	independent_eligible	21
SRR23343494	AD_Malaysia	766	secondary	sensitivity	alignment	duplicate	4
SRR23343494	AD_Malaysia	766	secondary	sensitivity	alignment	eligible	45
SRR23343494	AD_Malaysia	766	secondary	sensitivity	alignment	low_base_quality	2
SRR23343494	AD_Malaysia	766	secondary	sensitivity	fragment	conflicting_mates	0
SRR23343494	AD_Malaysia	766	secondary	sensitivity	fragment	independent_eligible	45
SRR23343438	AD_Malaysia	822	within_species_comparison	sensitivity	alignment	duplicate	12
SRR23343438	AD_Malaysia	822	within_species_comparison	sensitivity	alignment	eligible	60
SRR23343438	AD_Malaysia	822	within_species_comparison	sensitivity	alignment	incomplete_codon	2
SRR23343438	AD_Malaysia	822	within_species_comparison	sensitivity	alignment	low_base_quality	3
SRR23343438	AD_Malaysia	822	within_species_comparison	sensitivity	fragment	conflicting_mates	0
SRR23343438	AD_Malaysia	822	within_species_comparison	sensitivity	fragment	independent_eligible	58
SRR23343439	AD_Malaysia	822	within_species_comparison	sensitivity	alignment	duplicate	10
SRR23343439	AD_Malaysia	822	within_species_comparison	sensitivity	alignment	eligible	38
SRR23343439	AD_Malaysia	822	within_species_comparison	sensitivity	fragment	conflicting_mates	0
SRR23343439	AD_Malaysia	822	within_species_comparison	sensitivity	fragment	independent_eligible	37
SRR23343440	AD_Malaysia	822	within_species_comparison	sensitivity	alignment	duplicate	4
SRR23343440	AD_Malaysia	822	within_species_comparison	sensitivity	alignment	eligible	36
SRR23343440	AD_Malaysia	822	within_species_comparison	sensitivity	alignment	incomplete_codon	1
SRR23343440	AD_Malaysia	822	within_species_comparison	sensitivity	fragment	conflicting_mates	0
SRR23343440	AD_Malaysia	822	within_species_comparison	sensitivity	fragment	independent_eligible	34
SRR23343441	AD_Malaysia	822	within_species_comparison	sensitivity	alignment	duplicate	11
SRR23343441	AD_Malaysia	822	within_species_comparison	sensitivity	alignment	eligible	28
SRR23343441	AD_Malaysia	822	within_species_comparison	sensitivity	alignment	incomplete_codon	2
SRR23343441	AD_Malaysia	822	within_species_comparison	sensitivity	alignment	low_base_quality	2
SRR23343441	AD_Malaysia	822	within_species_comparison	sensitivity	fragment	conflicting_mates	0
SRR23343441	AD_Malaysia	822	within_species_comparison	sensitivity	fragment	independent_eligible	26
SRR23343442	AD_Malaysia	822	within_species_comparison	sensitivity	alignment	duplicate	15
SRR23343442	AD_Malaysia	822	within_species_comparison	sensitivity	alignment	eligible	55
SRR23343442	AD_Malaysia	822	within_species_comparison	sensitivity	alignment	incomplete_codon	2
SRR23343442	AD_Malaysia	822	within_species_comparison	sensitivity	alignment	low_base_quality	1
SRR23343442	AD_Malaysia	822	within_species_comparison	sensitivity	fragment	conflicting_mates	0
SRR23343442	AD_Malaysia	822	within_species_comparison	sensitivity	fragment	independent_eligible	53
SRR23343443	AD_Malaysia	822	within_species_comparison	sensitivity	alignment	duplicate	5
SRR23343443	AD_Malaysia	822	within_species_comparison	sensitivity	alignment	eligible	30
SRR23343443	AD_Malaysia	822	within_species_comparison	sensitivity	alignment	incomplete_codon	2
SRR23343443	AD_Malaysia	822	within_species_comparison	sensitivity	alignment	low_base_quality	2
SRR23343443	AD_Malaysia	822	within_species_comparison	sensitivity	fragment	conflicting_mates	0
SRR23343443	AD_Malaysia	822	within_species_comparison	sensitivity	fragment	independent_eligible	29
SRR23343444	AD_Malaysia	822	within_species_comparison	sensitivity	alignment	duplicate	5
SRR23343444	AD_Malaysia	822	within_species_comparison	sensitivity	alignment	eligible	21
SRR23343444	AD_Malaysia	822	within_species_comparison	sensitivity	alignment	incomplete_codon	1
SRR23343444	AD_Malaysia	822	within_species_comparison	sensitivity	fragment	conflicting_mates	0
SRR23343444	AD_Malaysia	822	within_species_comparison	sensitivity	fragment	independent_eligible	20
SRR23343445	AD_Malaysia	822	within_species_comparison	sensitivity	alignment	duplicate	9
SRR23343445	AD_Malaysia	822	within_species_comparison	sensitivity	alignment	eligible	55
SRR23343445	AD_Malaysia	822	within_species_comparison	sensitivity	alignment	low_base_quality	3
SRR23343445	AD_Malaysia	822	within_species_comparison	sensitivity	fragment	conflicting_mates	0
SRR23343445	AD_Malaysia	822	within_species_comparison	sensitivity	fragment	independent_eligible	52
SRR23343446	AD_Malaysia	822	within_species_comparison	sensitivity	alignment	duplicate	9
SRR23343446	AD_Malaysia	822	within_species_comparison	sensitivity	alignment	eligible	30
SRR23343446	AD_Malaysia	822	within_species_comparison	sensitivity	alignment	incomplete_codon	2
SRR23343446	AD_Malaysia	822	within_species_comparison	sensitivity	alignment	low_base_quality	2
SRR23343446	AD_Malaysia	822	within_species_comparison	sensitivity	fragment	conflicting_mates	0
SRR23343446	AD_Malaysia	822	within_species_comparison	sensitivity	fragment	independent_eligible	28
SRR23343447	AD_Malaysia	822	within_species_comparison	sensitivity	alignment	duplicate	11
SRR23343447	AD_Malaysia	822	within_species_comparison	sensitivity	alignment	eligible	46
SRR23343447	AD_Malaysia	822	within_species_comparison	sensitivity	alignment	incomplete_codon	1
SRR23343447	AD_Malaysia	822	within_species_comparison	sensitivity	alignment	low_base_quality	1
SRR23343447	AD_Malaysia	822	within_species_comparison	sensitivity	fragment	conflicting_mates	0
SRR23343447	AD_Malaysia	822	within_species_comparison	sensitivity	fragment	independent_eligible	45
SRR23343448	AD_Malaysia	822	within_species_comparison	sensitivity	alignment	duplicate	5
SRR23343448	AD_Malaysia	822	within_species_comparison	sensitivity	alignment	eligible	29
SRR23343448	AD_Malaysia	822	within_species_comparison	sensitivity	alignment	incomplete_codon	1
SRR23343448	AD_Malaysia	822	within_species_comparison	sensitivity	fragment	conflicting_mates	0
SRR23343448	AD_Malaysia	822	within_species_comparison	sensitivity	fragment	independent_eligible	28
SRR23343449	AD_Malaysia	822	within_species_comparison	sensitivity	alignment	duplicate	6
SRR23343449	AD_Malaysia	822	within_species_comparison	sensitivity	alignment	eligible	24
SRR23343449	AD_Malaysia	822	within_species_comparison	sensitivity	fragment	conflicting_mates	0
SRR23343449	AD_Malaysia	822	within_species_comparison	sensitivity	fragment	independent_eligible	24
SRR23343450	AD_Malaysia	822	within_species_comparison	sensitivity	alignment	duplicate	2
SRR23343450	AD_Malaysia	822	within_species_comparison	sensitivity	alignment	eligible	36
SRR23343450	AD_Malaysia	822	within_species_comparison	sensitivity	alignment	incomplete_codon	2
SRR23343450	AD_Malaysia	822	within_species_comparison	sensitivity	alignment	low_base_quality	1
SRR23343450	AD_Malaysia	822	within_species_comparison	sensitivity	fragment	conflicting_mates	0
SRR23343450	AD_Malaysia	822	within_species_comparison	sensitivity	fragment	independent_eligible	35
SRR23343451	AD_Malaysia	822	within_species_comparison	sensitivity	alignment	duplicate	5
SRR23343451	AD_Malaysia	822	within_species_comparison	sensitivity	alignment	eligible	25
SRR23343451	AD_Malaysia	822	within_species_comparison	sensitivity	alignment	incomplete_codon	1
SRR23343451	AD_Malaysia	822	within_species_comparison	sensitivity	alignment	low_base_quality	1
SRR23343451	AD_Malaysia	822	within_species_comparison	sensitivity	fragment	conflicting_mates	0
SRR23343451	AD_Malaysia	822	within_species_comparison	sensitivity	fragment	independent_eligible	23
SRR23343452	AD_Malaysia	822	within_species_comparison	sensitivity	alignment	duplicate	7
SRR23343452	AD_Malaysia	822	within_species_comparison	sensitivity	alignment	eligible	39
SRR23343452	AD_Malaysia	822	within_species_comparison	sensitivity	alignment	incomplete_codon	1
SRR23343452	AD_Malaysia	822	within_species_comparison	sensitivity	alignment	low_base_quality	3
SRR23343452	AD_Malaysia	822	within_species_comparison	sensitivity	fragment	conflicting_mates	0
SRR23343452	AD_Malaysia	822	within_species_comparison	sensitivity	fragment	independent_eligible	38
SRR23343453	AD_Malaysia	822	within_species_comparison	sensitivity	alignment	eligible	22
SRR23343453	AD_Malaysia	822	within_species_comparison	sensitivity	alignment	incomplete_codon	1
SRR23343453	AD_Malaysia	822	within_species_comparison	sensitivity	fragment	conflicting_mates	0
SRR23343453	AD_Malaysia	822	within_species_comparison	sensitivity	fragment	independent_eligible	22
SRR23343454	AD_Malaysia	822	within_species_comparison	sensitivity	alignment	duplicate	3
SRR23343454	AD_Malaysia	822	within_species_comparison	sensitivity	alignment	eligible	32
SRR23343454	AD_Malaysia	822	within_species_comparison	sensitivity	alignment	incomplete_codon	1
SRR23343454	AD_Malaysia	822	within_species_comparison	sensitivity	alignment	low_base_quality	2
SRR23343454	AD_Malaysia	822	within_species_comparison	sensitivity	fragment	conflicting_mates	0
SRR23343454	AD_Malaysia	822	within_species_comparison	sensitivity	fragment	independent_eligible	30
SRR23343455	AD_Malaysia	822	within_species_comparison	sensitivity	alignment	eligible	1
SRR23343455	AD_Malaysia	822	within_species_comparison	sensitivity	fragment	conflicting_mates	0
SRR23343455	AD_Malaysia	822	within_species_comparison	sensitivity	fragment	independent_eligible	1
SRR23343456	AD_Malaysia	822	within_species_comparison	sensitivity	alignment	duplicate	8
SRR23343456	AD_Malaysia	822	within_species_comparison	sensitivity	alignment	eligible	40
SRR23343456	AD_Malaysia	822	within_species_comparison	sensitivity	alignment	incomplete_codon	5
SRR23343456	AD_Malaysia	822	within_species_comparison	sensitivity	alignment	low_base_quality	2
SRR23343456	AD_Malaysia	822	within_species_comparison	sensitivity	fragment	conflicting_mates	0
SRR23343456	AD_Malaysia	822	within_species_comparison	sensitivity	fragment	independent_eligible	37
SRR23343457	AD_Malaysia	822	within_species_comparison	sensitivity	alignment	duplicate	5
SRR23343457	AD_Malaysia	822	within_species_comparison	sensitivity	alignment	eligible	36
SRR23343457	AD_Malaysia	822	within_species_comparison	sensitivity	alignment	incomplete_codon	1
SRR23343457	AD_Malaysia	822	within_species_comparison	sensitivity	alignment	low_base_quality	1
SRR23343457	AD_Malaysia	822	within_species_comparison	sensitivity	fragment	conflicting_mates	0
SRR23343457	AD_Malaysia	822	within_species_comparison	sensitivity	fragment	independent_eligible	34
SRR23343458	AD_Malaysia	822	within_species_comparison	sensitivity	alignment	duplicate	13
SRR23343458	AD_Malaysia	822	within_species_comparison	sensitivity	alignment	eligible	44
SRR23343458	AD_Malaysia	822	within_species_comparison	sensitivity	alignment	incomplete_codon	4
SRR23343458	AD_Malaysia	822	within_species_comparison	sensitivity	alignment	low_base_quality	3
SRR23343458	AD_Malaysia	822	within_species_comparison	sensitivity	fragment	conflicting_mates	0
SRR23343458	AD_Malaysia	822	within_species_comparison	sensitivity	fragment	independent_eligible	42
SRR23343459	AD_Malaysia	822	within_species_comparison	sensitivity	alignment	duplicate	8
SRR23343459	AD_Malaysia	822	within_species_comparison	sensitivity	alignment	eligible	30
SRR23343459	AD_Malaysia	822	within_species_comparison	sensitivity	alignment	incomplete_codon	1
SRR23343459	AD_Malaysia	822	within_species_comparison	sensitivity	alignment	low_base_quality	2
SRR23343459	AD_Malaysia	822	within_species_comparison	sensitivity	fragment	conflicting_mates	0
SRR23343459	AD_Malaysia	822	within_species_comparison	sensitivity	fragment	independent_eligible	29
SRR23343460	AD_Malaysia	822	within_species_comparison	sensitivity	alignment	duplicate	5
SRR23343460	AD_Malaysia	822	within_species_comparison	sensitivity	alignment	eligible	35
SRR23343460	AD_Malaysia	822	within_species_comparison	sensitivity	alignment	incomplete_codon	1
SRR23343460	AD_Malaysia	822	within_species_comparison	sensitivity	fragment	conflicting_mates	0
SRR23343460	AD_Malaysia	822	within_species_comparison	sensitivity	fragment	independent_eligible	35
SRR23343461	AD_Malaysia	822	within_species_comparison	sensitivity	alignment	duplicate	6
SRR23343461	AD_Malaysia	822	within_species_comparison	sensitivity	alignment	eligible	39
SRR23343461	AD_Malaysia	822	within_species_comparison	sensitivity	fragment	conflicting_mates	0
SRR23343461	AD_Malaysia	822	within_species_comparison	sensitivity	fragment	independent_eligible	38
SRR23343462	AD_Malaysia	822	within_species_comparison	sensitivity	alignment	duplicate	21
SRR23343462	AD_Malaysia	822	within_species_comparison	sensitivity	alignment	eligible	57
SRR23343462	AD_Malaysia	822	within_species_comparison	sensitivity	alignment	incomplete_codon	2
SRR23343462	AD_Malaysia	822	within_species_comparison	sensitivity	alignment	low_base_quality	2
SRR23343462	AD_Malaysia	822	within_species_comparison	sensitivity	fragment	conflicting_mates	0
SRR23343462	AD_Malaysia	822	within_species_comparison	sensitivity	fragment	independent_eligible	57
SRR23343463	AD_Malaysia	822	within_species_comparison	sensitivity	alignment	duplicate	8
SRR23343463	AD_Malaysia	822	within_species_comparison	sensitivity	alignment	eligible	43
SRR23343463	AD_Malaysia	822	within_species_comparison	sensitivity	alignment	incomplete_codon	2
SRR23343463	AD_Malaysia	822	within_species_comparison	sensitivity	fragment	conflicting_mates	0
SRR23343463	AD_Malaysia	822	within_species_comparison	sensitivity	fragment	independent_eligible	42
SRR23343464	AD_Malaysia	822	within_species_comparison	sensitivity	alignment	duplicate	7
SRR23343464	AD_Malaysia	822	within_species_comparison	sensitivity	alignment	eligible	43
SRR23343464	AD_Malaysia	822	within_species_comparison	sensitivity	alignment	incomplete_codon	1
SRR23343464	AD_Malaysia	822	within_species_comparison	sensitivity	alignment	low_base_quality	2
SRR23343464	AD_Malaysia	822	within_species_comparison	sensitivity	fragment	conflicting_mates	0
SRR23343464	AD_Malaysia	822	within_species_comparison	sensitivity	fragment	independent_eligible	43
SRR23343465	AD_Malaysia	822	within_species_comparison	sensitivity	alignment	duplicate	10
SRR23343465	AD_Malaysia	822	within_species_comparison	sensitivity	alignment	eligible	30
SRR23343465	AD_Malaysia	822	within_species_comparison	sensitivity	alignment	incomplete_codon	1
SRR23343465	AD_Malaysia	822	within_species_comparison	sensitivity	alignment	low_base_quality	1
SRR23343465	AD_Malaysia	822	within_species_comparison	sensitivity	fragment	conflicting_mates	0
SRR23343465	AD_Malaysia	822	within_species_comparison	sensitivity	fragment	independent_eligible	28
SRR23343466	AD_Malaysia	822	within_species_comparison	sensitivity	alignment	duplicate	2
SRR23343466	AD_Malaysia	822	within_species_comparison	sensitivity	alignment	eligible	22
SRR23343466	AD_Malaysia	822	within_species_comparison	sensitivity	fragment	conflicting_mates	0
SRR23343466	AD_Malaysia	822	within_species_comparison	sensitivity	fragment	independent_eligible	21
SRR23343467	AD_Malaysia	822	within_species_comparison	sensitivity	alignment	duplicate	10
SRR23343467	AD_Malaysia	822	within_species_comparison	sensitivity	alignment	eligible	29
SRR23343467	AD_Malaysia	822	within_species_comparison	sensitivity	alignment	incomplete_codon	2
SRR23343467	AD_Malaysia	822	within_species_comparison	sensitivity	alignment	low_base_quality	2
SRR23343467	AD_Malaysia	822	within_species_comparison	sensitivity	fragment	conflicting_mates	0
SRR23343467	AD_Malaysia	822	within_species_comparison	sensitivity	fragment	independent_eligible	26
SRR23343468	AD_Malaysia	822	within_species_comparison	sensitivity	alignment	duplicate	10
SRR23343468	AD_Malaysia	822	within_species_comparison	sensitivity	alignment	eligible	33
SRR23343468	AD_Malaysia	822	within_species_comparison	sensitivity	alignment	low_base_quality	1
SRR23343468	AD_Malaysia	822	within_species_comparison	sensitivity	fragment	conflicting_mates	0
SRR23343468	AD_Malaysia	822	within_species_comparison	sensitivity	fragment	independent_eligible	32
SRR23343469	AD_Malaysia	822	within_species_comparison	sensitivity	alignment	duplicate	4
SRR23343469	AD_Malaysia	822	within_species_comparison	sensitivity	alignment	eligible	36
SRR23343469	AD_Malaysia	822	within_species_comparison	sensitivity	alignment	incomplete_codon	1
SRR23343469	AD_Malaysia	822	within_species_comparison	sensitivity	alignment	low_base_quality	3
SRR23343469	AD_Malaysia	822	within_species_comparison	sensitivity	fragment	conflicting_mates	0
SRR23343469	AD_Malaysia	822	within_species_comparison	sensitivity	fragment	independent_eligible	35
SRR23343470	AD_Malaysia	822	within_species_comparison	sensitivity	alignment	duplicate	6
SRR23343470	AD_Malaysia	822	within_species_comparison	sensitivity	alignment	eligible	26
SRR23343470	AD_Malaysia	822	within_species_comparison	sensitivity	alignment	low_base_quality	1
SRR23343470	AD_Malaysia	822	within_species_comparison	sensitivity	fragment	conflicting_mates	0
SRR23343470	AD_Malaysia	822	within_species_comparison	sensitivity	fragment	independent_eligible	26
SRR23343471	AD_Malaysia	822	within_species_comparison	sensitivity	alignment	duplicate	5
SRR23343471	AD_Malaysia	822	within_species_comparison	sensitivity	alignment	eligible	28
SRR23343471	AD_Malaysia	822	within_species_comparison	sensitivity	alignment	low_base_quality	1
SRR23343471	AD_Malaysia	822	within_species_comparison	sensitivity	fragment	conflicting_mates	0
SRR23343471	AD_Malaysia	822	within_species_comparison	sensitivity	fragment	independent_eligible	28
SRR23343472	AD_Malaysia	822	within_species_comparison	sensitivity	alignment	duplicate	4
SRR23343472	AD_Malaysia	822	within_species_comparison	sensitivity	alignment	eligible	25
SRR23343472	AD_Malaysia	822	within_species_comparison	sensitivity	alignment	low_base_quality	1
SRR23343472	AD_Malaysia	822	within_species_comparison	sensitivity	fragment	conflicting_mates	0
SRR23343472	AD_Malaysia	822	within_species_comparison	sensitivity	fragment	independent_eligible	25
SRR23343473	AD_Malaysia	822	within_species_comparison	sensitivity	alignment	duplicate	19
SRR23343473	AD_Malaysia	822	within_species_comparison	sensitivity	alignment	eligible	75
SRR23343473	AD_Malaysia	822	within_species_comparison	sensitivity	alignment	incomplete_codon	1
SRR23343473	AD_Malaysia	822	within_species_comparison	sensitivity	alignment	low_base_quality	6
SRR23343473	AD_Malaysia	822	within_species_comparison	sensitivity	fragment	conflicting_mates	0
SRR23343473	AD_Malaysia	822	within_species_comparison	sensitivity	fragment	independent_eligible	72
SRR23343474	AD_Malaysia	822	within_species_comparison	sensitivity	alignment	duplicate	5
SRR23343474	AD_Malaysia	822	within_species_comparison	sensitivity	alignment	eligible	34
SRR23343474	AD_Malaysia	822	within_species_comparison	sensitivity	alignment	incomplete_codon	3
SRR23343474	AD_Malaysia	822	within_species_comparison	sensitivity	alignment	low_base_quality	1
SRR23343474	AD_Malaysia	822	within_species_comparison	sensitivity	fragment	conflicting_mates	0
SRR23343474	AD_Malaysia	822	within_species_comparison	sensitivity	fragment	independent_eligible	33
SRR23343475	AD_Malaysia	822	within_species_comparison	sensitivity	alignment	duplicate	14
SRR23343475	AD_Malaysia	822	within_species_comparison	sensitivity	alignment	eligible	37
SRR23343475	AD_Malaysia	822	within_species_comparison	sensitivity	alignment	incomplete_codon	2
SRR23343475	AD_Malaysia	822	within_species_comparison	sensitivity	fragment	conflicting_mates	0
SRR23343475	AD_Malaysia	822	within_species_comparison	sensitivity	fragment	independent_eligible	36
SRR23343476	AD_Malaysia	822	within_species_comparison	sensitivity	alignment	duplicate	3
SRR23343476	AD_Malaysia	822	within_species_comparison	sensitivity	alignment	eligible	18
SRR23343476	AD_Malaysia	822	within_species_comparison	sensitivity	alignment	incomplete_codon	1
SRR23343476	AD_Malaysia	822	within_species_comparison	sensitivity	alignment	low_base_quality	2
SRR23343476	AD_Malaysia	822	within_species_comparison	sensitivity	fragment	conflicting_mates	0
SRR23343476	AD_Malaysia	822	within_species_comparison	sensitivity	fragment	independent_eligible	17
SRR23343477	AD_Malaysia	822	within_species_comparison	sensitivity	alignment	duplicate	9
SRR23343477	AD_Malaysia	822	within_species_comparison	sensitivity	alignment	eligible	38
SRR23343477	AD_Malaysia	822	within_species_comparison	sensitivity	alignment	incomplete_codon	3
SRR23343477	AD_Malaysia	822	within_species_comparison	sensitivity	alignment	low_base_quality	1
SRR23343477	AD_Malaysia	822	within_species_comparison	sensitivity	fragment	conflicting_mates	0
SRR23343477	AD_Malaysia	822	within_species_comparison	sensitivity	fragment	independent_eligible	38
SRR23343478	AD_Malaysia	822	within_species_comparison	sensitivity	alignment	duplicate	5
SRR23343478	AD_Malaysia	822	within_species_comparison	sensitivity	alignment	eligible	37
SRR23343478	AD_Malaysia	822	within_species_comparison	sensitivity	alignment	incomplete_codon	2
SRR23343478	AD_Malaysia	822	within_species_comparison	sensitivity	alignment	low_base_quality	1
SRR23343478	AD_Malaysia	822	within_species_comparison	sensitivity	fragment	conflicting_mates	0
SRR23343478	AD_Malaysia	822	within_species_comparison	sensitivity	fragment	independent_eligible	36
SRR23343479	AD_Malaysia	822	within_species_comparison	sensitivity	alignment	duplicate	7
SRR23343479	AD_Malaysia	822	within_species_comparison	sensitivity	alignment	eligible	23
SRR23343479	AD_Malaysia	822	within_species_comparison	sensitivity	alignment	incomplete_codon	2
SRR23343479	AD_Malaysia	822	within_species_comparison	sensitivity	alignment	low_base_quality	2
SRR23343479	AD_Malaysia	822	within_species_comparison	sensitivity	fragment	conflicting_mates	0
SRR23343479	AD_Malaysia	822	within_species_comparison	sensitivity	fragment	independent_eligible	23
SRR23343480	AD_Malaysia	822	within_species_comparison	sensitivity	alignment	duplicate	6
SRR23343480	AD_Malaysia	822	within_species_comparison	sensitivity	alignment	eligible	43
SRR23343480	AD_Malaysia	822	within_species_comparison	sensitivity	fragment	conflicting_mates	0
SRR23343480	AD_Malaysia	822	within_species_comparison	sensitivity	fragment	independent_eligible	42
SRR23343481	AD_Malaysia	822	within_species_comparison	sensitivity	alignment	duplicate	5
SRR23343481	AD_Malaysia	822	within_species_comparison	sensitivity	alignment	eligible	32
SRR23343481	AD_Malaysia	822	within_species_comparison	sensitivity	alignment	incomplete_codon	1
SRR23343481	AD_Malaysia	822	within_species_comparison	sensitivity	fragment	conflicting_mates	0
SRR23343481	AD_Malaysia	822	within_species_comparison	sensitivity	fragment	independent_eligible	32
SRR23343482	AD_Malaysia	822	within_species_comparison	sensitivity	alignment	duplicate	5
SRR23343482	AD_Malaysia	822	within_species_comparison	sensitivity	alignment	eligible	46
SRR23343482	AD_Malaysia	822	within_species_comparison	sensitivity	alignment	incomplete_codon	1
SRR23343482	AD_Malaysia	822	within_species_comparison	sensitivity	fragment	conflicting_mates	0
SRR23343482	AD_Malaysia	822	within_species_comparison	sensitivity	fragment	independent_eligible	42
SRR23343483	AD_Malaysia	822	within_species_comparison	sensitivity	alignment	duplicate	4
SRR23343483	AD_Malaysia	822	within_species_comparison	sensitivity	alignment	eligible	34
SRR23343483	AD_Malaysia	822	within_species_comparison	sensitivity	alignment	low_base_quality	2
SRR23343483	AD_Malaysia	822	within_species_comparison	sensitivity	fragment	conflicting_mates	0
SRR23343483	AD_Malaysia	822	within_species_comparison	sensitivity	fragment	independent_eligible	33
SRR23343484	AD_Malaysia	822	within_species_comparison	sensitivity	alignment	duplicate	9
SRR23343484	AD_Malaysia	822	within_species_comparison	sensitivity	alignment	eligible	58
SRR23343484	AD_Malaysia	822	within_species_comparison	sensitivity	alignment	incomplete_codon	3
SRR23343484	AD_Malaysia	822	within_species_comparison	sensitivity	alignment	low_base_quality	1
SRR23343484	AD_Malaysia	822	within_species_comparison	sensitivity	fragment	conflicting_mates	0
SRR23343484	AD_Malaysia	822	within_species_comparison	sensitivity	fragment	independent_eligible	57
SRR23343485	AD_Malaysia	822	within_species_comparison	sensitivity	alignment	duplicate	11
SRR23343485	AD_Malaysia	822	within_species_comparison	sensitivity	alignment	eligible	33
SRR23343485	AD_Malaysia	822	within_species_comparison	sensitivity	alignment	incomplete_codon	1
SRR23343485	AD_Malaysia	822	within_species_comparison	sensitivity	alignment	low_base_quality	1
SRR23343485	AD_Malaysia	822	within_species_comparison	sensitivity	fragment	conflicting_mates	0
SRR23343485	AD_Malaysia	822	within_species_comparison	sensitivity	fragment	independent_eligible	33
SRR23343486	AD_Malaysia	822	within_species_comparison	sensitivity	alignment	duplicate	3
SRR23343486	AD_Malaysia	822	within_species_comparison	sensitivity	alignment	eligible	27
SRR23343486	AD_Malaysia	822	within_species_comparison	sensitivity	alignment	incomplete_codon	2
SRR23343486	AD_Malaysia	822	within_species_comparison	sensitivity	alignment	low_base_quality	2
SRR23343486	AD_Malaysia	822	within_species_comparison	sensitivity	fragment	conflicting_mates	0
SRR23343486	AD_Malaysia	822	within_species_comparison	sensitivity	fragment	independent_eligible	27
SRR23343487	AD_Malaysia	822	within_species_comparison	sensitivity	alignment	duplicate	9
SRR23343487	AD_Malaysia	822	within_species_comparison	sensitivity	alignment	eligible	34
SRR23343487	AD_Malaysia	822	within_species_comparison	sensitivity	alignment	incomplete_codon	1
SRR23343487	AD_Malaysia	822	within_species_comparison	sensitivity	alignment	low_base_quality	1
SRR23343487	AD_Malaysia	822	within_species_comparison	sensitivity	fragment	conflicting_mates	0
SRR23343487	AD_Malaysia	822	within_species_comparison	sensitivity	fragment	independent_eligible	34
SRR23343488	AD_Malaysia	822	within_species_comparison	sensitivity	alignment	duplicate	3
SRR23343488	AD_Malaysia	822	within_species_comparison	sensitivity	alignment	eligible	23
SRR23343488	AD_Malaysia	822	within_species_comparison	sensitivity	alignment	incomplete_codon	1
SRR23343488	AD_Malaysia	822	within_species_comparison	sensitivity	alignment	low_base_quality	3
SRR23343488	AD_Malaysia	822	within_species_comparison	sensitivity	fragment	conflicting_mates	0
SRR23343488	AD_Malaysia	822	within_species_comparison	sensitivity	fragment	independent_eligible	23
SRR23343489	AD_Malaysia	822	within_species_comparison	sensitivity	alignment	duplicate	4
SRR23343489	AD_Malaysia	822	within_species_comparison	sensitivity	alignment	eligible	36
SRR23343489	AD_Malaysia	822	within_species_comparison	sensitivity	alignment	incomplete_codon	1
SRR23343489	AD_Malaysia	822	within_species_comparison	sensitivity	alignment	low_base_quality	1
SRR23343489	AD_Malaysia	822	within_species_comparison	sensitivity	fragment	conflicting_mates	0
SRR23343489	AD_Malaysia	822	within_species_comparison	sensitivity	fragment	independent_eligible	35
SRR23343490	AD_Malaysia	822	within_species_comparison	sensitivity	alignment	duplicate	8
SRR23343490	AD_Malaysia	822	within_species_comparison	sensitivity	alignment	eligible	33
SRR23343490	AD_Malaysia	822	within_species_comparison	sensitivity	alignment	incomplete_codon	1
SRR23343490	AD_Malaysia	822	within_species_comparison	sensitivity	alignment	low_base_quality	1
SRR23343490	AD_Malaysia	822	within_species_comparison	sensitivity	fragment	conflicting_mates	0
SRR23343490	AD_Malaysia	822	within_species_comparison	sensitivity	fragment	independent_eligible	33
SRR23343491	AD_Malaysia	822	within_species_comparison	sensitivity	alignment	duplicate	6
SRR23343491	AD_Malaysia	822	within_species_comparison	sensitivity	alignment	eligible	20
SRR23343491	AD_Malaysia	822	within_species_comparison	sensitivity	alignment	low_base_quality	1
SRR23343491	AD_Malaysia	822	within_species_comparison	sensitivity	fragment	conflicting_mates	0
SRR23343491	AD_Malaysia	822	within_species_comparison	sensitivity	fragment	independent_eligible	20
SRR23343492	AD_Malaysia	822	within_species_comparison	sensitivity	alignment	duplicate	1
SRR23343492	AD_Malaysia	822	within_species_comparison	sensitivity	alignment	eligible	24
SRR23343492	AD_Malaysia	822	within_species_comparison	sensitivity	alignment	incomplete_codon	1
SRR23343492	AD_Malaysia	822	within_species_comparison	sensitivity	alignment	low_base_quality	1
SRR23343492	AD_Malaysia	822	within_species_comparison	sensitivity	fragment	conflicting_mates	0
SRR23343492	AD_Malaysia	822	within_species_comparison	sensitivity	fragment	independent_eligible	23
SRR23343493	AD_Malaysia	822	within_species_comparison	sensitivity	alignment	duplicate	5
SRR23343493	AD_Malaysia	822	within_species_comparison	sensitivity	alignment	eligible	24
SRR23343493	AD_Malaysia	822	within_species_comparison	sensitivity	alignment	low_base_quality	1
SRR23343493	AD_Malaysia	822	within_species_comparison	sensitivity	fragment	conflicting_mates	0
SRR23343493	AD_Malaysia	822	within_species_comparison	sensitivity	fragment	independent_eligible	23
SRR23343494	AD_Malaysia	822	within_species_comparison	sensitivity	alignment	duplicate	6
SRR23343494	AD_Malaysia	822	within_species_comparison	sensitivity	alignment	eligible	36
SRR23343494	AD_Malaysia	822	within_species_comparison	sensitivity	alignment	incomplete_codon	2
SRR23343494	AD_Malaysia	822	within_species_comparison	sensitivity	fragment	conflicting_mates	0
SRR23343494	AD_Malaysia	822	within_species_comparison	sensitivity	fragment	independent_eligible	36
SRR23343438	AD_Malaysia	1134	primary	sensitivity	alignment	duplicate	8
SRR23343438	AD_Malaysia	1134	primary	sensitivity	alignment	eligible	45
SRR23343438	AD_Malaysia	1134	primary	sensitivity	alignment	low_base_quality	2
SRR23343438	AD_Malaysia	1134	primary	sensitivity	fragment	conflicting_mates	0
SRR23343438	AD_Malaysia	1134	primary	sensitivity	fragment	independent_eligible	44
SRR23343439	AD_Malaysia	1134	primary	sensitivity	alignment	duplicate	9
SRR23343439	AD_Malaysia	1134	primary	sensitivity	alignment	eligible	44
SRR23343439	AD_Malaysia	1134	primary	sensitivity	alignment	incomplete_codon	3
SRR23343439	AD_Malaysia	1134	primary	sensitivity	alignment	low_base_quality	2
SRR23343439	AD_Malaysia	1134	primary	sensitivity	fragment	conflicting_mates	0
SRR23343439	AD_Malaysia	1134	primary	sensitivity	fragment	independent_eligible	43
SRR23343440	AD_Malaysia	1134	primary	sensitivity	alignment	duplicate	5
SRR23343440	AD_Malaysia	1134	primary	sensitivity	alignment	eligible	38
SRR23343440	AD_Malaysia	1134	primary	sensitivity	alignment	low_base_quality	6
SRR23343440	AD_Malaysia	1134	primary	sensitivity	fragment	conflicting_mates	0
SRR23343440	AD_Malaysia	1134	primary	sensitivity	fragment	independent_eligible	38
SRR23343441	AD_Malaysia	1134	primary	sensitivity	alignment	duplicate	3
SRR23343441	AD_Malaysia	1134	primary	sensitivity	alignment	eligible	34
SRR23343441	AD_Malaysia	1134	primary	sensitivity	alignment	low_base_quality	3
SRR23343441	AD_Malaysia	1134	primary	sensitivity	fragment	conflicting_mates	0
SRR23343441	AD_Malaysia	1134	primary	sensitivity	fragment	independent_eligible	34
SRR23343442	AD_Malaysia	1134	primary	sensitivity	alignment	duplicate	9
SRR23343442	AD_Malaysia	1134	primary	sensitivity	alignment	eligible	58
SRR23343442	AD_Malaysia	1134	primary	sensitivity	alignment	incomplete_codon	3
SRR23343442	AD_Malaysia	1134	primary	sensitivity	alignment	low_base_quality	8
SRR23343442	AD_Malaysia	1134	primary	sensitivity	fragment	conflicting_mates	0
SRR23343442	AD_Malaysia	1134	primary	sensitivity	fragment	independent_eligible	57
SRR23343443	AD_Malaysia	1134	primary	sensitivity	alignment	duplicate	6
SRR23343443	AD_Malaysia	1134	primary	sensitivity	alignment	eligible	30
SRR23343443	AD_Malaysia	1134	primary	sensitivity	alignment	low_base_quality	2
SRR23343443	AD_Malaysia	1134	primary	sensitivity	fragment	conflicting_mates	0
SRR23343443	AD_Malaysia	1134	primary	sensitivity	fragment	independent_eligible	28
SRR23343444	AD_Malaysia	1134	primary	sensitivity	alignment	duplicate	5
SRR23343444	AD_Malaysia	1134	primary	sensitivity	alignment	eligible	36
SRR23343444	AD_Malaysia	1134	primary	sensitivity	alignment	low_base_quality	3
SRR23343444	AD_Malaysia	1134	primary	sensitivity	fragment	conflicting_mates	0
SRR23343444	AD_Malaysia	1134	primary	sensitivity	fragment	independent_eligible	34
SRR23343445	AD_Malaysia	1134	primary	sensitivity	alignment	duplicate	6
SRR23343445	AD_Malaysia	1134	primary	sensitivity	alignment	eligible	41
SRR23343445	AD_Malaysia	1134	primary	sensitivity	alignment	incomplete_codon	2
SRR23343445	AD_Malaysia	1134	primary	sensitivity	alignment	low_base_quality	2
SRR23343445	AD_Malaysia	1134	primary	sensitivity	fragment	conflicting_mates	0
SRR23343445	AD_Malaysia	1134	primary	sensitivity	fragment	independent_eligible	41
SRR23343446	AD_Malaysia	1134	primary	sensitivity	alignment	duplicate	5
SRR23343446	AD_Malaysia	1134	primary	sensitivity	alignment	eligible	27
SRR23343446	AD_Malaysia	1134	primary	sensitivity	alignment	low_base_quality	1
SRR23343446	AD_Malaysia	1134	primary	sensitivity	fragment	conflicting_mates	0
SRR23343446	AD_Malaysia	1134	primary	sensitivity	fragment	independent_eligible	26
SRR23343447	AD_Malaysia	1134	primary	sensitivity	alignment	duplicate	13
SRR23343447	AD_Malaysia	1134	primary	sensitivity	alignment	eligible	42
SRR23343447	AD_Malaysia	1134	primary	sensitivity	alignment	incomplete_codon	1
SRR23343447	AD_Malaysia	1134	primary	sensitivity	alignment	low_base_quality	2
SRR23343447	AD_Malaysia	1134	primary	sensitivity	fragment	conflicting_mates	0
SRR23343447	AD_Malaysia	1134	primary	sensitivity	fragment	independent_eligible	41
SRR23343448	AD_Malaysia	1134	primary	sensitivity	alignment	duplicate	6
SRR23343448	AD_Malaysia	1134	primary	sensitivity	alignment	eligible	29
SRR23343448	AD_Malaysia	1134	primary	sensitivity	alignment	incomplete_codon	1
SRR23343448	AD_Malaysia	1134	primary	sensitivity	alignment	low_base_quality	1
SRR23343448	AD_Malaysia	1134	primary	sensitivity	fragment	conflicting_mates	0
SRR23343448	AD_Malaysia	1134	primary	sensitivity	fragment	independent_eligible	28
SRR23343449	AD_Malaysia	1134	primary	sensitivity	alignment	duplicate	12
SRR23343449	AD_Malaysia	1134	primary	sensitivity	alignment	eligible	33
SRR23343449	AD_Malaysia	1134	primary	sensitivity	alignment	low_base_quality	2
SRR23343449	AD_Malaysia	1134	primary	sensitivity	fragment	conflicting_mates	0
SRR23343449	AD_Malaysia	1134	primary	sensitivity	fragment	independent_eligible	33
SRR23343450	AD_Malaysia	1134	primary	sensitivity	alignment	duplicate	5
SRR23343450	AD_Malaysia	1134	primary	sensitivity	alignment	eligible	34
SRR23343450	AD_Malaysia	1134	primary	sensitivity	alignment	incomplete_codon	2
SRR23343450	AD_Malaysia	1134	primary	sensitivity	alignment	low_base_quality	2
SRR23343450	AD_Malaysia	1134	primary	sensitivity	fragment	conflicting_mates	0
SRR23343450	AD_Malaysia	1134	primary	sensitivity	fragment	independent_eligible	34
SRR23343451	AD_Malaysia	1134	primary	sensitivity	alignment	duplicate	9
SRR23343451	AD_Malaysia	1134	primary	sensitivity	alignment	eligible	26
SRR23343451	AD_Malaysia	1134	primary	sensitivity	alignment	low_base_quality	2
SRR23343451	AD_Malaysia	1134	primary	sensitivity	alignment	low_mapping_quality	1
SRR23343451	AD_Malaysia	1134	primary	sensitivity	fragment	conflicting_mates	0
SRR23343451	AD_Malaysia	1134	primary	sensitivity	fragment	independent_eligible	25
SRR23343452	AD_Malaysia	1134	primary	sensitivity	alignment	duplicate	7
SRR23343452	AD_Malaysia	1134	primary	sensitivity	alignment	eligible	38
SRR23343452	AD_Malaysia	1134	primary	sensitivity	alignment	incomplete_codon	3
SRR23343452	AD_Malaysia	1134	primary	sensitivity	alignment	low_base_quality	3
SRR23343452	AD_Malaysia	1134	primary	sensitivity	fragment	conflicting_mates	0
SRR23343452	AD_Malaysia	1134	primary	sensitivity	fragment	independent_eligible	38
SRR23343453	AD_Malaysia	1134	primary	sensitivity	alignment	duplicate	4
SRR23343453	AD_Malaysia	1134	primary	sensitivity	alignment	eligible	23
SRR23343453	AD_Malaysia	1134	primary	sensitivity	alignment	low_base_quality	2
SRR23343453	AD_Malaysia	1134	primary	sensitivity	fragment	conflicting_mates	0
SRR23343453	AD_Malaysia	1134	primary	sensitivity	fragment	independent_eligible	23
SRR23343454	AD_Malaysia	1134	primary	sensitivity	alignment	duplicate	3
SRR23343454	AD_Malaysia	1134	primary	sensitivity	alignment	eligible	25
SRR23343454	AD_Malaysia	1134	primary	sensitivity	alignment	low_base_quality	4
SRR23343454	AD_Malaysia	1134	primary	sensitivity	fragment	conflicting_mates	0
SRR23343454	AD_Malaysia	1134	primary	sensitivity	fragment	independent_eligible	25
SRR23343455	AD_Malaysia	1134	primary	sensitivity	alignment	eligible	2
SRR23343455	AD_Malaysia	1134	primary	sensitivity	alignment	low_base_quality	1
SRR23343455	AD_Malaysia	1134	primary	sensitivity	fragment	conflicting_mates	0
SRR23343455	AD_Malaysia	1134	primary	sensitivity	fragment	independent_eligible	2
SRR23343456	AD_Malaysia	1134	primary	sensitivity	alignment	duplicate	4
SRR23343456	AD_Malaysia	1134	primary	sensitivity	alignment	eligible	31
SRR23343456	AD_Malaysia	1134	primary	sensitivity	alignment	incomplete_codon	3
SRR23343456	AD_Malaysia	1134	primary	sensitivity	fragment	conflicting_mates	0
SRR23343456	AD_Malaysia	1134	primary	sensitivity	fragment	independent_eligible	30
SRR23343457	AD_Malaysia	1134	primary	sensitivity	alignment	duplicate	8
SRR23343457	AD_Malaysia	1134	primary	sensitivity	alignment	eligible	35
SRR23343457	AD_Malaysia	1134	primary	sensitivity	alignment	incomplete_codon	1
SRR23343457	AD_Malaysia	1134	primary	sensitivity	alignment	low_base_quality	2
SRR23343457	AD_Malaysia	1134	primary	sensitivity	fragment	conflicting_mates	0
SRR23343457	AD_Malaysia	1134	primary	sensitivity	fragment	independent_eligible	34
SRR23343458	AD_Malaysia	1134	primary	sensitivity	alignment	duplicate	7
SRR23343458	AD_Malaysia	1134	primary	sensitivity	alignment	eligible	40
SRR23343458	AD_Malaysia	1134	primary	sensitivity	alignment	incomplete_codon	1
SRR23343458	AD_Malaysia	1134	primary	sensitivity	alignment	low_base_quality	1
SRR23343458	AD_Malaysia	1134	primary	sensitivity	fragment	conflicting_mates	0
SRR23343458	AD_Malaysia	1134	primary	sensitivity	fragment	independent_eligible	40
SRR23343459	AD_Malaysia	1134	primary	sensitivity	alignment	duplicate	5
SRR23343459	AD_Malaysia	1134	primary	sensitivity	alignment	eligible	24
SRR23343459	AD_Malaysia	1134	primary	sensitivity	fragment	conflicting_mates	0
SRR23343459	AD_Malaysia	1134	primary	sensitivity	fragment	independent_eligible	24
SRR23343460	AD_Malaysia	1134	primary	sensitivity	alignment	duplicate	5
SRR23343460	AD_Malaysia	1134	primary	sensitivity	alignment	eligible	48
SRR23343460	AD_Malaysia	1134	primary	sensitivity	alignment	incomplete_codon	2
SRR23343460	AD_Malaysia	1134	primary	sensitivity	alignment	low_base_quality	3
SRR23343460	AD_Malaysia	1134	primary	sensitivity	fragment	conflicting_mates	0
SRR23343460	AD_Malaysia	1134	primary	sensitivity	fragment	independent_eligible	46
SRR23343461	AD_Malaysia	1134	primary	sensitivity	alignment	duplicate	3
SRR23343461	AD_Malaysia	1134	primary	sensitivity	alignment	eligible	32
SRR23343461	AD_Malaysia	1134	primary	sensitivity	alignment	incomplete_codon	3
SRR23343461	AD_Malaysia	1134	primary	sensitivity	alignment	low_base_quality	4
SRR23343461	AD_Malaysia	1134	primary	sensitivity	fragment	conflicting_mates	0
SRR23343461	AD_Malaysia	1134	primary	sensitivity	fragment	independent_eligible	32
SRR23343462	AD_Malaysia	1134	primary	sensitivity	alignment	duplicate	6
SRR23343462	AD_Malaysia	1134	primary	sensitivity	alignment	eligible	48
SRR23343462	AD_Malaysia	1134	primary	sensitivity	alignment	incomplete_codon	1
SRR23343462	AD_Malaysia	1134	primary	sensitivity	alignment	low_base_quality	2
SRR23343462	AD_Malaysia	1134	primary	sensitivity	fragment	conflicting_mates	0
SRR23343462	AD_Malaysia	1134	primary	sensitivity	fragment	independent_eligible	46
SRR23343463	AD_Malaysia	1134	primary	sensitivity	alignment	duplicate	9
SRR23343463	AD_Malaysia	1134	primary	sensitivity	alignment	eligible	37
SRR23343463	AD_Malaysia	1134	primary	sensitivity	alignment	low_base_quality	3
SRR23343463	AD_Malaysia	1134	primary	sensitivity	fragment	conflicting_mates	0
SRR23343463	AD_Malaysia	1134	primary	sensitivity	fragment	independent_eligible	36
SRR23343464	AD_Malaysia	1134	primary	sensitivity	alignment	duplicate	5
SRR23343464	AD_Malaysia	1134	primary	sensitivity	alignment	eligible	35
SRR23343464	AD_Malaysia	1134	primary	sensitivity	alignment	low_base_quality	1
SRR23343464	AD_Malaysia	1134	primary	sensitivity	fragment	conflicting_mates	0
SRR23343464	AD_Malaysia	1134	primary	sensitivity	fragment	independent_eligible	35
SRR23343465	AD_Malaysia	1134	primary	sensitivity	alignment	duplicate	6
SRR23343465	AD_Malaysia	1134	primary	sensitivity	alignment	eligible	20
SRR23343465	AD_Malaysia	1134	primary	sensitivity	alignment	incomplete_codon	1
SRR23343465	AD_Malaysia	1134	primary	sensitivity	alignment	low_base_quality	1
SRR23343465	AD_Malaysia	1134	primary	sensitivity	fragment	conflicting_mates	0
SRR23343465	AD_Malaysia	1134	primary	sensitivity	fragment	independent_eligible	19
SRR23343466	AD_Malaysia	1134	primary	sensitivity	alignment	duplicate	4
SRR23343466	AD_Malaysia	1134	primary	sensitivity	alignment	eligible	36
SRR23343466	AD_Malaysia	1134	primary	sensitivity	alignment	low_base_quality	1
SRR23343466	AD_Malaysia	1134	primary	sensitivity	fragment	conflicting_mates	0
SRR23343466	AD_Malaysia	1134	primary	sensitivity	fragment	independent_eligible	35
SRR23343467	AD_Malaysia	1134	primary	sensitivity	alignment	duplicate	4
SRR23343467	AD_Malaysia	1134	primary	sensitivity	alignment	eligible	46
SRR23343467	AD_Malaysia	1134	primary	sensitivity	alignment	low_base_quality	5
SRR23343467	AD_Malaysia	1134	primary	sensitivity	fragment	conflicting_mates	0
SRR23343467	AD_Malaysia	1134	primary	sensitivity	fragment	independent_eligible	45
SRR23343468	AD_Malaysia	1134	primary	sensitivity	alignment	duplicate	12
SRR23343468	AD_Malaysia	1134	primary	sensitivity	alignment	eligible	51
SRR23343468	AD_Malaysia	1134	primary	sensitivity	alignment	low_base_quality	3
SRR23343468	AD_Malaysia	1134	primary	sensitivity	fragment	conflicting_mates	0
SRR23343468	AD_Malaysia	1134	primary	sensitivity	fragment	independent_eligible	49
SRR23343469	AD_Malaysia	1134	primary	sensitivity	alignment	duplicate	4
SRR23343469	AD_Malaysia	1134	primary	sensitivity	alignment	eligible	34
SRR23343469	AD_Malaysia	1134	primary	sensitivity	alignment	incomplete_codon	1
SRR23343469	AD_Malaysia	1134	primary	sensitivity	alignment	low_base_quality	2
SRR23343469	AD_Malaysia	1134	primary	sensitivity	fragment	conflicting_mates	0
SRR23343469	AD_Malaysia	1134	primary	sensitivity	fragment	independent_eligible	33
SRR23343470	AD_Malaysia	1134	primary	sensitivity	alignment	duplicate	5
SRR23343470	AD_Malaysia	1134	primary	sensitivity	alignment	eligible	27
SRR23343470	AD_Malaysia	1134	primary	sensitivity	alignment	incomplete_codon	2
SRR23343470	AD_Malaysia	1134	primary	sensitivity	alignment	low_base_quality	3
SRR23343470	AD_Malaysia	1134	primary	sensitivity	fragment	conflicting_mates	0
SRR23343470	AD_Malaysia	1134	primary	sensitivity	fragment	independent_eligible	26
SRR23343471	AD_Malaysia	1134	primary	sensitivity	alignment	duplicate	5
SRR23343471	AD_Malaysia	1134	primary	sensitivity	alignment	eligible	40
SRR23343471	AD_Malaysia	1134	primary	sensitivity	alignment	incomplete_codon	1
SRR23343471	AD_Malaysia	1134	primary	sensitivity	alignment	low_base_quality	6
SRR23343471	AD_Malaysia	1134	primary	sensitivity	fragment	conflicting_mates	0
SRR23343471	AD_Malaysia	1134	primary	sensitivity	fragment	independent_eligible	40
SRR23343472	AD_Malaysia	1134	primary	sensitivity	alignment	duplicate	10
SRR23343472	AD_Malaysia	1134	primary	sensitivity	alignment	eligible	36
SRR23343472	AD_Malaysia	1134	primary	sensitivity	alignment	incomplete_codon	3
SRR23343472	AD_Malaysia	1134	primary	sensitivity	alignment	low_base_quality	1
SRR23343472	AD_Malaysia	1134	primary	sensitivity	fragment	conflicting_mates	0
SRR23343472	AD_Malaysia	1134	primary	sensitivity	fragment	independent_eligible	36
SRR23343473	AD_Malaysia	1134	primary	sensitivity	alignment	duplicate	14
SRR23343473	AD_Malaysia	1134	primary	sensitivity	alignment	eligible	68
SRR23343473	AD_Malaysia	1134	primary	sensitivity	alignment	incomplete_codon	1
SRR23343473	AD_Malaysia	1134	primary	sensitivity	alignment	low_base_quality	6
SRR23343473	AD_Malaysia	1134	primary	sensitivity	fragment	conflicting_mates	0
SRR23343473	AD_Malaysia	1134	primary	sensitivity	fragment	independent_eligible	66
SRR23343474	AD_Malaysia	1134	primary	sensitivity	alignment	duplicate	4
SRR23343474	AD_Malaysia	1134	primary	sensitivity	alignment	eligible	34
SRR23343474	AD_Malaysia	1134	primary	sensitivity	alignment	incomplete_codon	1
SRR23343474	AD_Malaysia	1134	primary	sensitivity	alignment	low_base_quality	1
SRR23343474	AD_Malaysia	1134	primary	sensitivity	fragment	conflicting_mates	0
SRR23343474	AD_Malaysia	1134	primary	sensitivity	fragment	independent_eligible	33
SRR23343475	AD_Malaysia	1134	primary	sensitivity	alignment	duplicate	6
SRR23343475	AD_Malaysia	1134	primary	sensitivity	alignment	eligible	31
SRR23343475	AD_Malaysia	1134	primary	sensitivity	alignment	incomplete_codon	2
SRR23343475	AD_Malaysia	1134	primary	sensitivity	alignment	low_base_quality	1
SRR23343475	AD_Malaysia	1134	primary	sensitivity	fragment	conflicting_mates	0
SRR23343475	AD_Malaysia	1134	primary	sensitivity	fragment	independent_eligible	30
SRR23343476	AD_Malaysia	1134	primary	sensitivity	alignment	duplicate	2
SRR23343476	AD_Malaysia	1134	primary	sensitivity	alignment	eligible	24
SRR23343476	AD_Malaysia	1134	primary	sensitivity	alignment	incomplete_codon	1
SRR23343476	AD_Malaysia	1134	primary	sensitivity	fragment	conflicting_mates	0
SRR23343476	AD_Malaysia	1134	primary	sensitivity	fragment	independent_eligible	24
SRR23343477	AD_Malaysia	1134	primary	sensitivity	alignment	duplicate	6
SRR23343477	AD_Malaysia	1134	primary	sensitivity	alignment	eligible	40
SRR23343477	AD_Malaysia	1134	primary	sensitivity	alignment	incomplete_codon	2
SRR23343477	AD_Malaysia	1134	primary	sensitivity	alignment	low_base_quality	3
SRR23343477	AD_Malaysia	1134	primary	sensitivity	fragment	conflicting_mates	0
SRR23343477	AD_Malaysia	1134	primary	sensitivity	fragment	independent_eligible	37
SRR23343478	AD_Malaysia	1134	primary	sensitivity	alignment	duplicate	3
SRR23343478	AD_Malaysia	1134	primary	sensitivity	alignment	eligible	28
SRR23343478	AD_Malaysia	1134	primary	sensitivity	alignment	incomplete_codon	1
SRR23343478	AD_Malaysia	1134	primary	sensitivity	alignment	low_base_quality	3
SRR23343478	AD_Malaysia	1134	primary	sensitivity	fragment	conflicting_mates	0
SRR23343478	AD_Malaysia	1134	primary	sensitivity	fragment	independent_eligible	28
SRR23343479	AD_Malaysia	1134	primary	sensitivity	alignment	duplicate	6
SRR23343479	AD_Malaysia	1134	primary	sensitivity	alignment	eligible	26
SRR23343479	AD_Malaysia	1134	primary	sensitivity	alignment	incomplete_codon	1
SRR23343479	AD_Malaysia	1134	primary	sensitivity	fragment	conflicting_mates	0
SRR23343479	AD_Malaysia	1134	primary	sensitivity	fragment	independent_eligible	26
SRR23343480	AD_Malaysia	1134	primary	sensitivity	alignment	duplicate	11
SRR23343480	AD_Malaysia	1134	primary	sensitivity	alignment	eligible	37
SRR23343480	AD_Malaysia	1134	primary	sensitivity	alignment	incomplete_codon	1
SRR23343480	AD_Malaysia	1134	primary	sensitivity	alignment	low_base_quality	1
SRR23343480	AD_Malaysia	1134	primary	sensitivity	fragment	conflicting_mates	0
SRR23343480	AD_Malaysia	1134	primary	sensitivity	fragment	independent_eligible	36
SRR23343481	AD_Malaysia	1134	primary	sensitivity	alignment	duplicate	5
SRR23343481	AD_Malaysia	1134	primary	sensitivity	alignment	eligible	29
SRR23343481	AD_Malaysia	1134	primary	sensitivity	fragment	conflicting_mates	0
SRR23343481	AD_Malaysia	1134	primary	sensitivity	fragment	independent_eligible	28
SRR23343482	AD_Malaysia	1134	primary	sensitivity	alignment	duplicate	9
SRR23343482	AD_Malaysia	1134	primary	sensitivity	alignment	eligible	32
SRR23343482	AD_Malaysia	1134	primary	sensitivity	alignment	low_base_quality	2
SRR23343482	AD_Malaysia	1134	primary	sensitivity	fragment	conflicting_mates	0
SRR23343482	AD_Malaysia	1134	primary	sensitivity	fragment	independent_eligible	30
SRR23343483	AD_Malaysia	1134	primary	sensitivity	alignment	duplicate	6
SRR23343483	AD_Malaysia	1134	primary	sensitivity	alignment	eligible	26
SRR23343483	AD_Malaysia	1134	primary	sensitivity	alignment	low_base_quality	5
SRR23343483	AD_Malaysia	1134	primary	sensitivity	fragment	conflicting_mates	0
SRR23343483	AD_Malaysia	1134	primary	sensitivity	fragment	independent_eligible	26
SRR23343484	AD_Malaysia	1134	primary	sensitivity	alignment	duplicate	18
SRR23343484	AD_Malaysia	1134	primary	sensitivity	alignment	eligible	59
SRR23343484	AD_Malaysia	1134	primary	sensitivity	alignment	incomplete_codon	2
SRR23343484	AD_Malaysia	1134	primary	sensitivity	alignment	low_base_quality	4
SRR23343484	AD_Malaysia	1134	primary	sensitivity	fragment	conflicting_mates	0
SRR23343484	AD_Malaysia	1134	primary	sensitivity	fragment	independent_eligible	55
SRR23343485	AD_Malaysia	1134	primary	sensitivity	alignment	duplicate	7
SRR23343485	AD_Malaysia	1134	primary	sensitivity	alignment	eligible	29
SRR23343485	AD_Malaysia	1134	primary	sensitivity	fragment	conflicting_mates	0
SRR23343485	AD_Malaysia	1134	primary	sensitivity	fragment	independent_eligible	27
SRR23343486	AD_Malaysia	1134	primary	sensitivity	alignment	duplicate	12
SRR23343486	AD_Malaysia	1134	primary	sensitivity	alignment	eligible	38
SRR23343486	AD_Malaysia	1134	primary	sensitivity	alignment	incomplete_codon	2
SRR23343486	AD_Malaysia	1134	primary	sensitivity	alignment	low_base_quality	2
SRR23343486	AD_Malaysia	1134	primary	sensitivity	fragment	conflicting_mates	0
SRR23343486	AD_Malaysia	1134	primary	sensitivity	fragment	independent_eligible	34
SRR23343487	AD_Malaysia	1134	primary	sensitivity	alignment	duplicate	9
SRR23343487	AD_Malaysia	1134	primary	sensitivity	alignment	eligible	36
SRR23343487	AD_Malaysia	1134	primary	sensitivity	alignment	incomplete_codon	2
SRR23343487	AD_Malaysia	1134	primary	sensitivity	alignment	low_base_quality	1
SRR23343487	AD_Malaysia	1134	primary	sensitivity	fragment	conflicting_mates	0
SRR23343487	AD_Malaysia	1134	primary	sensitivity	fragment	independent_eligible	35
SRR23343488	AD_Malaysia	1134	primary	sensitivity	alignment	duplicate	4
SRR23343488	AD_Malaysia	1134	primary	sensitivity	alignment	eligible	27
SRR23343488	AD_Malaysia	1134	primary	sensitivity	alignment	incomplete_codon	1
SRR23343488	AD_Malaysia	1134	primary	sensitivity	alignment	low_base_quality	3
SRR23343488	AD_Malaysia	1134	primary	sensitivity	fragment	conflicting_mates	0
SRR23343488	AD_Malaysia	1134	primary	sensitivity	fragment	independent_eligible	27
SRR23343489	AD_Malaysia	1134	primary	sensitivity	alignment	duplicate	7
SRR23343489	AD_Malaysia	1134	primary	sensitivity	alignment	eligible	38
SRR23343489	AD_Malaysia	1134	primary	sensitivity	alignment	incomplete_codon	1
SRR23343489	AD_Malaysia	1134	primary	sensitivity	alignment	low_base_quality	2
SRR23343489	AD_Malaysia	1134	primary	sensitivity	fragment	conflicting_mates	0
SRR23343489	AD_Malaysia	1134	primary	sensitivity	fragment	independent_eligible	38
SRR23343490	AD_Malaysia	1134	primary	sensitivity	alignment	duplicate	2
SRR23343490	AD_Malaysia	1134	primary	sensitivity	alignment	eligible	25
SRR23343490	AD_Malaysia	1134	primary	sensitivity	alignment	incomplete_codon	1
SRR23343490	AD_Malaysia	1134	primary	sensitivity	fragment	conflicting_mates	0
SRR23343490	AD_Malaysia	1134	primary	sensitivity	fragment	independent_eligible	25
SRR23343491	AD_Malaysia	1134	primary	sensitivity	alignment	duplicate	1
SRR23343491	AD_Malaysia	1134	primary	sensitivity	alignment	eligible	27
SRR23343491	AD_Malaysia	1134	primary	sensitivity	alignment	incomplete_codon	1
SRR23343491	AD_Malaysia	1134	primary	sensitivity	alignment	low_base_quality	2
SRR23343491	AD_Malaysia	1134	primary	sensitivity	fragment	conflicting_mates	0
SRR23343491	AD_Malaysia	1134	primary	sensitivity	fragment	independent_eligible	25
SRR23343492	AD_Malaysia	1134	primary	sensitivity	alignment	duplicate	7
SRR23343492	AD_Malaysia	1134	primary	sensitivity	alignment	eligible	39
SRR23343492	AD_Malaysia	1134	primary	sensitivity	alignment	low_base_quality	1
SRR23343492	AD_Malaysia	1134	primary	sensitivity	fragment	conflicting_mates	0
SRR23343492	AD_Malaysia	1134	primary	sensitivity	fragment	independent_eligible	38
SRR23343493	AD_Malaysia	1134	primary	sensitivity	alignment	duplicate	4
SRR23343493	AD_Malaysia	1134	primary	sensitivity	alignment	eligible	23
SRR23343493	AD_Malaysia	1134	primary	sensitivity	alignment	incomplete_codon	2
SRR23343493	AD_Malaysia	1134	primary	sensitivity	alignment	low_base_quality	2
SRR23343493	AD_Malaysia	1134	primary	sensitivity	fragment	conflicting_mates	0
SRR23343493	AD_Malaysia	1134	primary	sensitivity	fragment	independent_eligible	21
SRR23343494	AD_Malaysia	1134	primary	sensitivity	alignment	duplicate	8
SRR23343494	AD_Malaysia	1134	primary	sensitivity	alignment	eligible	43
SRR23343494	AD_Malaysia	1134	primary	sensitivity	alignment	low_base_quality	2
SRR23343494	AD_Malaysia	1134	primary	sensitivity	fragment	conflicting_mates	0
SRR23343494	AD_Malaysia	1134	primary	sensitivity	fragment	independent_eligible	41
