run_accession	species	location	assembly	start_1based	end_1based	mean_fragment_depth
SRR23343438	Apis dorsata	China: Yunnan, Puer	AL_Shangrila	650749	650848	61.2000
SRR23343438	Apis dorsata	China: Yunnan, Puer	AL_Shangrila	650849	650948	56.9900
SRR23343438	Apis dorsata	China: Yunnan, Puer	AL_Shangrila	650949	651048	46.5200
SRR23343438	Apis dorsata	China: Yunnan, Puer	AL_Shangrila	651049	651148	55.0300
SRR23343438	Apis dorsata	China: Yunnan, Puer	AL_Shangrila	651149	651248	48.4500
SRR23343438	Apis dorsata	China: Yunnan, Puer	AL_Shangrila	651249	651348	49.0600
SRR23343438	Apis dorsata	China: Yunnan, Puer	AL_Shangrila	651349	651448	51.3000
SRR23343438	Apis dorsata	China: Yunnan, Puer	AL_Shangrila	651449	651548	48.3500
SRR23343438	Apis dorsata	China: Yunnan, Puer	AL_Shangrila	651549	651648	45.3800
SRR23343438	Apis dorsata	China: Yunnan, Puer	AL_Shangrila	651649	651748	42.8400
SRR23343438	Apis dorsata	China: Yunnan, Puer	AL_Shangrila	651749	651848	44.4800
SRR23343438	Apis dorsata	China: Yunnan, Puer	AL_Shangrila	651849	651948	51.7900
SRR23343438	Apis dorsata	China: Yunnan, Puer	AL_Shangrila	651949	652048	54.8400
SRR23343438	Apis dorsata	China: Yunnan, Puer	AL_Shangrila	652049	652148	46.8500
SRR23343438	Apis dorsata	China: Yunnan, Puer	AL_Shangrila	652149	652248	56.6700
SRR23343438	Apis dorsata	China: Yunnan, Puer	AL_Shangrila	652249	652348	54.9700
SRR23343438	Apis dorsata	China: Yunnan, Puer	AL_Shangrila	652349	652448	42.2900
SRR23343438	Apis dorsata	China: Yunnan, Puer	AL_Shangrila	652449	652548	50.6800
SRR23343438	Apis dorsata	China: Yunnan, Puer	AL_Shangrila	652549	652648	49.0800
SRR23343438	Apis dorsata	China: Yunnan, Puer	AL_Shangrila	652649	652748	40.5700
SRR23343438	Apis dorsata	China: Yunnan, Puer	AL_Shangrila	652749	652848	48.0100
SRR23343438	Apis dorsata	China: Yunnan, Puer	AL_Shangrila	652849	652948	53.3900
SRR23343438	Apis dorsata	China: Yunnan, Puer	AL_Shangrila	652949	653048	45.2800
SRR23343438	Apis dorsata	China: Yunnan, Puer	AL_Shangrila	653049	653148	41.5600
SRR23343438	Apis dorsata	China: Yunnan, Puer	AL_Shangrila	653149	653248	39.9800
SRR23343438	Apis dorsata	China: Yunnan, Puer	AL_Shangrila	653249	653348	40.5200
SRR23343438	Apis dorsata	China: Yunnan, Puer	AL_Shangrila	653349	653448	40.8200
SRR23343438	Apis dorsata	China: Yunnan, Puer	AL_Shangrila	653449	653548	47.2000
SRR23343438	Apis dorsata	China: Yunnan, Puer	AL_Shangrila	653549	653648	59.1000
SRR23343438	Apis dorsata	China: Yunnan, Puer	AL_Shangrila	653649	653748	53.3700
SRR23343438	Apis dorsata	China: Yunnan, Puer	AL_Shangrila	653749	653848	46.8100
SRR23343438	Apis dorsata	China: Yunnan, Puer	AL_Shangrila	653849	653948	59.3800
SRR23343438	Apis dorsata	China: Yunnan, Puer	AL_Shangrila	653949	654048	46.0500
SRR23343438	Apis dorsata	China: Yunnan, Puer	AL_Shangrila	654049	654148	42.5500
SRR23343438	Apis dorsata	China: Yunnan, Puer	AL_Shangrila	654149	654248	52.5900
SRR23343438	Apis dorsata	China: Yunnan, Puer	AL_Shangrila	654249	654348	52.3900
SRR23343438	Apis dorsata	China: Yunnan, Puer	AL_Shangrila	654349	654448	52.3200
SRR23343438	Apis dorsata	China: Yunnan, Puer	AL_Shangrila	654449	654548	50.4300
SRR23343438	Apis dorsata	China: Yunnan, Puer	AL_Shangrila	654549	654648	44.8300
SRR23343438	Apis dorsata	China: Yunnan, Puer	AL_Shangrila	654649	654748	42.4600
SRR23343438	Apis dorsata	China: Yunnan, Puer	AL_Shangrila	654749	654848	46.1200
SRR23343438	Apis dorsata	China: Yunnan, Puer	AL_Shangrila	654849	654948	40.5400
SRR23343438	Apis dorsata	China: Yunnan, Puer	AL_Shangrila	654949	655048	52.1200
SRR23343438	Apis dorsata	China: Yunnan, Puer	AL_Shangrila	655049	655148	51.3800
SRR23343438	Apis dorsata	China: Yunnan, Puer	AL_Shangrila	655149	655248	49.3400
SRR23343438	Apis dorsata	China: Yunnan, Puer	AL_Shangrila	655249	655348	43.5000
SRR23343438	Apis dorsata	China: Yunnan, Puer	AL_Shangrila	655349	655448	47.0600
SRR23343438	Apis dorsata	China: Yunnan, Puer	AL_Shangrila	655449	655548	51.8200
SRR23343438	Apis dorsata	China: Yunnan, Puer	AL_Shangrila	655549	655648	48.7400
SRR23343438	Apis dorsata	China: Yunnan, Puer	AL_Shangrila	655649	655748	33.5100
SRR23343438	Apis dorsata	China: Yunnan, Puer	AL_Shangrila	655749	655848	45.3300
SRR23343438	Apis dorsata	China: Yunnan, Puer	AL_Shangrila	655849	655948	49.6200
SRR23343438	Apis dorsata	China: Yunnan, Puer	AL_Shangrila	655949	656048	44.6100
SRR23343438	Apis dorsata	China: Yunnan, Puer	AL_Shangrila	656049	656148	46.4900
SRR23343438	Apis dorsata	China: Yunnan, Puer	AL_Shangrila	656149	656248	51.4200
SRR23343438	Apis dorsata	China: Yunnan, Puer	AL_Shangrila	656249	656348	44.1500
SRR23343438	Apis dorsata	China: Yunnan, Puer	AL_Shangrila	656349	656448	48.1000
SRR23343438	Apis dorsata	China: Yunnan, Puer	AL_Shangrila	656449	656548	53.0200
SRR23343438	Apis dorsata	China: Yunnan, Puer	AL_Shangrila	656549	656648	43.8100
SRR23343438	Apis dorsata	China: Yunnan, Puer	AL_Shangrila	656649	656748	59.4000
SRR23343438	Apis dorsata	China: Yunnan, Puer	AL_Shangrila	656749	656848	58.9800
SRR23343438	Apis dorsata	China: Yunnan, Puer	AL_Shangrila	656849	656948	51.5000
SRR23343438	Apis dorsata	China: Yunnan, Puer	AL_Shangrila	656949	657048	53.0300
SRR23343438	Apis dorsata	China: Yunnan, Puer	AL_Shangrila	657049	657148	46.3300
SRR23343438	Apis dorsata	China: Yunnan, Puer	AL_Shangrila	657149	657248	36.9100
SRR23343438	Apis dorsata	China: Yunnan, Puer	AL_Shangrila	657249	657348	22.6100
SRR23343438	Apis dorsata	China: Yunnan, Puer	AL_Shangrila	657349	657448	33.6300
SRR23343438	Apis dorsata	China: Yunnan, Puer	AL_Shangrila	657449	657548	41.8600
SRR23343438	Apis dorsata	China: Yunnan, Puer	AL_Shangrila	657549	657648	35.2300
SRR23343438	Apis dorsata	China: Yunnan, Puer	AL_Shangrila	657649	657748	39.6800
SRR23343438	Apis dorsata	China: Yunnan, Puer	AL_Shangrila	657749	657848	44.4600
SRR23343438	Apis dorsata	China: Yunnan, Puer	AL_Shangrila	657849	657948	26.0600
SRR23343438	Apis dorsata	China: Yunnan, Puer	AL_Shangrila	657949	658048	14.8100
SRR23343438	Apis dorsata	China: Yunnan, Puer	AL_Shangrila	658049	658148	20.2200
SRR23343438	Apis dorsata	China: Yunnan, Puer	AL_Shangrila	658149	658248	23.9900
SRR23343438	Apis dorsata	China: Yunnan, Puer	AL_Shangrila	658249	658348	21.6700
SRR23343438	Apis dorsata	China: Yunnan, Puer	AL_Shangrila	658349	658448	31.4300
SRR23343438	Apis dorsata	China: Yunnan, Puer	AL_Shangrila	658449	658548	42.6600
SRR23343438	Apis dorsata	China: Yunnan, Puer	AL_Shangrila	658549	658648	42.9800
SRR23343438	Apis dorsata	China: Yunnan, Puer	AL_Shangrila	658649	658748	33.0100
SRR23343438	Apis dorsata	China: Yunnan, Puer	AL_Shangrila	658749	658836	40.9432
SRR23343439	Apis dorsata	China: Yunnan, Puer	AL_Shangrila	650749	650848	32.5100
SRR23343439	Apis dorsata	China: Yunnan, Puer	AL_Shangrila	650849	650948	30.4400
SRR23343439	Apis dorsata	China: Yunnan, Puer	AL_Shangrila	650949	651048	31.7400
SRR23343439	Apis dorsata	China: Yunnan, Puer	AL_Shangrila	651049	651148	36.7500
SRR23343439	Apis dorsata	China: Yunnan, Puer	AL_Shangrila	651149	651248	34.4500
SRR23343439	Apis dorsata	China: Yunnan, Puer	AL_Shangrila	651249	651348	29.1300
SRR23343439	Apis dorsata	China: Yunnan, Puer	AL_Shangrila	651349	651448	23.9700
SRR23343439	Apis dorsata	China: Yunnan, Puer	AL_Shangrila	651449	651548	29.6200
SRR23343439	Apis dorsata	China: Yunnan, Puer	AL_Shangrila	651549	651648	31.5800
SRR23343439	Apis dorsata	China: Yunnan, Puer	AL_Shangrila	651649	651748	28.1700
SRR23343439	Apis dorsata	China: Yunnan, Puer	AL_Shangrila	651749	651848	27.6200
SRR23343439	Apis dorsata	China: Yunnan, Puer	AL_Shangrila	651849	651948	28.8800
SRR23343439	Apis dorsata	China: Yunnan, Puer	AL_Shangrila	651949	652048	35.4200
SRR23343439	Apis dorsata	China: Yunnan, Puer	AL_Shangrila	652049	652148	34.7300
SRR23343439	Apis dorsata	China: Yunnan, Puer	AL_Shangrila	652149	652248	33.9000
SRR23343439	Apis dorsata	China: Yunnan, Puer	AL_Shangrila	652249	652348	31.8500
SRR23343439	Apis dorsata	China: Yunnan, Puer	AL_Shangrila	652349	652448	41.2900
SRR23343439	Apis dorsata	China: Yunnan, Puer	AL_Shangrila	652449	652548	43.8500
SRR23343439	Apis dorsata	China: Yunnan, Puer	AL_Shangrila	652549	652648	46.4200
SRR23343439	Apis dorsata	China: Yunnan, Puer	AL_Shangrila	652649	652748	41.2800
SRR23343439	Apis dorsata	China: Yunnan, Puer	AL_Shangrila	652749	652848	44.7000
SRR23343439	Apis dorsata	China: Yunnan, Puer	AL_Shangrila	652849	652948	40.3200
SRR23343439	Apis dorsata	China: Yunnan, Puer	AL_Shangrila	652949	653048	42.0300
SRR23343439	Apis dorsata	China: Yunnan, Puer	AL_Shangrila	653049	653148	44.7300
SRR23343439	Apis dorsata	China: Yunnan, Puer	AL_Shangrila	653149	653248	33.9400
SRR23343439	Apis dorsata	China: Yunnan, Puer	AL_Shangrila	653249	653348	36.2400
SRR23343439	Apis dorsata	China: Yunnan, Puer	AL_Shangrila	653349	653448	36.9300
SRR23343439	Apis dorsata	China: Yunnan, Puer	AL_Shangrila	653449	653548	34.0900
SRR23343439	Apis dorsata	China: Yunnan, Puer	AL_Shangrila	653549	653648	35.4400
SRR23343439	Apis dorsata	China: Yunnan, Puer	AL_Shangrila	653649	653748	32.6200
SRR23343439	Apis dorsata	China: Yunnan, Puer	AL_Shangrila	653749	653848	35.9300
SRR23343439	Apis dorsata	China: Yunnan, Puer	AL_Shangrila	653849	653948	38.3300
SRR23343439	Apis dorsata	China: Yunnan, Puer	AL_Shangrila	653949	654048	27.0600
SRR23343439	Apis dorsata	China: Yunnan, Puer	AL_Shangrila	654049	654148	29.8400
SRR23343439	Apis dorsata	China: Yunnan, Puer	AL_Shangrila	654149	654248	41.7900
SRR23343439	Apis dorsata	China: Yunnan, Puer	AL_Shangrila	654249	654348	36.9600
SRR23343439	Apis dorsata	China: Yunnan, Puer	AL_Shangrila	654349	654448	35.7300
SRR23343439	Apis dorsata	China: Yunnan, Puer	AL_Shangrila	654449	654548	33.9500
SRR23343439	Apis dorsata	China: Yunnan, Puer	AL_Shangrila	654549	654648	27.4900
SRR23343439	Apis dorsata	China: Yunnan, Puer	AL_Shangrila	654649	654748	32.1100
SRR23343439	Apis dorsata	China: Yunnan, Puer	AL_Shangrila	654749	654848	31.7500
SRR23343439	Apis dorsata	China: Yunnan, Puer	AL_Shangrila	654849	654948	35.0400
SRR23343439	Apis dorsata	China: Yunnan, Puer	AL_Shangrila	654949	655048	37.1600
SRR23343439	Apis dorsata	China: Yunnan, Puer	AL_Shangrila	655049	655148	37.5400
SRR23343439	Apis dorsata	China: Yunnan, Puer	AL_Shangrila	655149	655248	32.4000
SRR23343439	Apis dorsata	China: Yunnan, Puer	AL_Shangrila	655249	655348	26.4900
SRR23343439	Apis dorsata	China: Yunnan, Puer	AL_Shangrila	655349	655448	26.4500
SRR23343439	Apis dorsata	China: Yunnan, Puer	AL_Shangrila	655449	655548	25.4600
SRR23343439	Apis dorsata	China: Yunnan, Puer	AL_Shangrila	655549	655648	23.5200
SRR23343439	Apis dorsata	China: Yunnan, Puer	AL_Shangrila	655649	655748	18.9500
SRR23343439	Apis dorsata	China: Yunnan, Puer	AL_Shangrila	655749	655848	24.0100
SRR23343439	Apis dorsata	China: Yunnan, Puer	AL_Shangrila	655849	655948	27.1200
SRR23343439	Apis dorsata	China: Yunnan, Puer	AL_Shangrila	655949	656048	28.0200
SRR23343439	Apis dorsata	China: Yunnan, Puer	AL_Shangrila	656049	656148	28.3700
SRR23343439	Apis dorsata	China: Yunnan, Puer	AL_Shangrila	656149	656248	28.4800
SRR23343439	Apis dorsata	China: Yunnan, Puer	AL_Shangrila	656249	656348	31.2200
SRR23343439	Apis dorsata	China: Yunnan, Puer	AL_Shangrila	656349	656448	35.2500
SRR23343439	Apis dorsata	China: Yunnan, Puer	AL_Shangrila	656449	656548	33.2700
SRR23343439	Apis dorsata	China: Yunnan, Puer	AL_Shangrila	656549	656648	28.1700
SRR23343439	Apis dorsata	China: Yunnan, Puer	AL_Shangrila	656649	656748	35.5700
SRR23343439	Apis dorsata	China: Yunnan, Puer	AL_Shangrila	656749	656848	33.2000
SRR23343439	Apis dorsata	China: Yunnan, Puer	AL_Shangrila	656849	656948	26.1000
SRR23343439	Apis dorsata	China: Yunnan, Puer	AL_Shangrila	656949	657048	33.4300
SRR23343439	Apis dorsata	China: Yunnan, Puer	AL_Shangrila	657049	657148	30.2100
SRR23343439	Apis dorsata	China: Yunnan, Puer	AL_Shangrila	657149	657248	27.4600
SRR23343439	Apis dorsata	China: Yunnan, Puer	AL_Shangrila	657249	657348	21.1100
SRR23343439	Apis dorsata	China: Yunnan, Puer	AL_Shangrila	657349	657448	27.8700
SRR23343439	Apis dorsata	China: Yunnan, Puer	AL_Shangrila	657449	657548	28.0900
SRR23343439	Apis dorsata	China: Yunnan, Puer	AL_Shangrila	657549	657648	29.2900
SRR23343439	Apis dorsata	China: Yunnan, Puer	AL_Shangrila	657649	657748	37.9900
SRR23343439	Apis dorsata	China: Yunnan, Puer	AL_Shangrila	657749	657848	36.0900
SRR23343439	Apis dorsata	China: Yunnan, Puer	AL_Shangrila	657849	657948	23.4100
SRR23343439	Apis dorsata	China: Yunnan, Puer	AL_Shangrila	657949	658048	17.4300
SRR23343439	Apis dorsata	China: Yunnan, Puer	AL_Shangrila	658049	658148	10.2000
SRR23343439	Apis dorsata	China: Yunnan, Puer	AL_Shangrila	658149	658248	12.7200
SRR23343439	Apis dorsata	China: Yunnan, Puer	AL_Shangrila	658249	658348	14.8700
SRR23343439	Apis dorsata	China: Yunnan, Puer	AL_Shangrila	658349	658448	20.1500
SRR23343439	Apis dorsata	China: Yunnan, Puer	AL_Shangrila	658449	658548	18.6100
SRR23343439	Apis dorsata	China: Yunnan, Puer	AL_Shangrila	658549	658648	21.7600
SRR23343439	Apis dorsata	China: Yunnan, Puer	AL_Shangrila	658649	658748	29.5000
SRR23343439	Apis dorsata	China: Yunnan, Puer	AL_Shangrila	658749	658836	32.4659
SRR23343440	Apis dorsata	China: Yunnan, Puer	AL_Shangrila	650749	650848	24.7300
SRR23343440	Apis dorsata	China: Yunnan, Puer	AL_Shangrila	650849	650948	33.4400
SRR23343440	Apis dorsata	China: Yunnan, Puer	AL_Shangrila	650949	651048	31.2700
SRR23343440	Apis dorsata	China: Yunnan, Puer	AL_Shangrila	651049	651148	29.1300
SRR23343440	Apis dorsata	China: Yunnan, Puer	AL_Shangrila	651149	651248	32.4900
SRR23343440	Apis dorsata	China: Yunnan, Puer	AL_Shangrila	651249	651348	39.1700
SRR23343440	Apis dorsata	China: Yunnan, Puer	AL_Shangrila	651349	651448	35.7200
SRR23343440	Apis dorsata	China: Yunnan, Puer	AL_Shangrila	651449	651548	41.8100
SRR23343440	Apis dorsata	China: Yunnan, Puer	AL_Shangrila	651549	651648	44.0400
SRR23343440	Apis dorsata	China: Yunnan, Puer	AL_Shangrila	651649	651748	34.6700
SRR23343440	Apis dorsata	China: Yunnan, Puer	AL_Shangrila	651749	651848	31.9200
SRR23343440	Apis dorsata	China: Yunnan, Puer	AL_Shangrila	651849	651948	36.4800
SRR23343440	Apis dorsata	China: Yunnan, Puer	AL_Shangrila	651949	652048	40.2800
SRR23343440	Apis dorsata	China: Yunnan, Puer	AL_Shangrila	652049	652148	38.0700
SRR23343440	Apis dorsata	China: Yunnan, Puer	AL_Shangrila	652149	652248	39.8000
SRR23343440	Apis dorsata	China: Yunnan, Puer	AL_Shangrila	652249	652348	45.8000
SRR23343440	Apis dorsata	China: Yunnan, Puer	AL_Shangrila	652349	652448	44.9200
SRR23343440	Apis dorsata	China: Yunnan, Puer	AL_Shangrila	652449	652548	41.4400
SRR23343440	Apis dorsata	China: Yunnan, Puer	AL_Shangrila	652549	652648	47.6100
SRR23343440	Apis dorsata	China: Yunnan, Puer	AL_Shangrila	652649	652748	40.5200
SRR23343440	Apis dorsata	China: Yunnan, Puer	AL_Shangrila	652749	652848	34.6000
SRR23343440	Apis dorsata	China: Yunnan, Puer	AL_Shangrila	652849	652948	39.0500
SRR23343440	Apis dorsata	China: Yunnan, Puer	AL_Shangrila	652949	653048	38.3400
SRR23343440	Apis dorsata	China: Yunnan, Puer	AL_Shangrila	653049	653148	41.2800
SRR23343440	Apis dorsata	China: Yunnan, Puer	AL_Shangrila	653149	653248	35.2800
SRR23343440	Apis dorsata	China: Yunnan, Puer	AL_Shangrila	653249	653348	43.0900
SRR23343440	Apis dorsata	China: Yunnan, Puer	AL_Shangrila	653349	653448	37.9600
SRR23343440	Apis dorsata	China: Yunnan, Puer	AL_Shangrila	653449	653548	30.1600
SRR23343440	Apis dorsata	China: Yunnan, Puer	AL_Shangrila	653549	653648	32.2400
SRR23343440	Apis dorsata	China: Yunnan, Puer	AL_Shangrila	653649	653748	44.9900
SRR23343440	Apis dorsata	China: Yunnan, Puer	AL_Shangrila	653749	653848	38.8600
SRR23343440	Apis dorsata	China: Yunnan, Puer	AL_Shangrila	653849	653948	35.8700
SRR23343440	Apis dorsata	China: Yunnan, Puer	AL_Shangrila	653949	654048	23.9300
SRR23343440	Apis dorsata	China: Yunnan, Puer	AL_Shangrila	654049	654148	24.7900
SRR23343440	Apis dorsata	China: Yunnan, Puer	AL_Shangrila	654149	654248	27.1900
SRR23343440	Apis dorsata	China: Yunnan, Puer	AL_Shangrila	654249	654348	19.7200
SRR23343440	Apis dorsata	China: Yunnan, Puer	AL_Shangrila	654349	654448	21.8500
SRR23343440	Apis dorsata	China: Yunnan, Puer	AL_Shangrila	654449	654548	14.7500
SRR23343440	Apis dorsata	China: Yunnan, Puer	AL_Shangrila	654549	654648	3.2400
SRR23343440	Apis dorsata	China: Yunnan, Puer	AL_Shangrila	654649	654748	10.2100
SRR23343440	Apis dorsata	China: Yunnan, Puer	AL_Shangrila	654749	654848	15.6300
SRR23343440	Apis dorsata	China: Yunnan, Puer	AL_Shangrila	654849	654948	21.2400
SRR23343440	Apis dorsata	China: Yunnan, Puer	AL_Shangrila	654949	655048	35.0100
SRR23343440	Apis dorsata	China: Yunnan, Puer	AL_Shangrila	655049	655148	31.9800
SRR23343440	Apis dorsata	China: Yunnan, Puer	AL_Shangrila	655149	655248	29.5900
SRR23343440	Apis dorsata	China: Yunnan, Puer	AL_Shangrila	655249	655348	33.8300
SRR23343440	Apis dorsata	China: Yunnan, Puer	AL_Shangrila	655349	655448	30.3400
SRR23343440	Apis dorsata	China: Yunnan, Puer	AL_Shangrila	655449	655548	31.9800
SRR23343440	Apis dorsata	China: Yunnan, Puer	AL_Shangrila	655549	655648	36.9900
SRR23343440	Apis dorsata	China: Yunnan, Puer	AL_Shangrila	655649	655748	22.5800
SRR23343440	Apis dorsata	China: Yunnan, Puer	AL_Shangrila	655749	655848	32.3100
SRR23343440	Apis dorsata	China: Yunnan, Puer	AL_Shangrila	655849	655948	40.3400
SRR23343440	Apis dorsata	China: Yunnan, Puer	AL_Shangrila	655949	656048	34.4100
SRR23343440	Apis dorsata	China: Yunnan, Puer	AL_Shangrila	656049	656148	38.0000
SRR23343440	Apis dorsata	China: Yunnan, Puer	AL_Shangrila	656149	656248	37.6900
SRR23343440	Apis dorsata	China: Yunnan, Puer	AL_Shangrila	656249	656348	35.5300
SRR23343440	Apis dorsata	China: Yunnan, Puer	AL_Shangrila	656349	656448	35.2700
SRR23343440	Apis dorsata	China: Yunnan, Puer	AL_Shangrila	656449	656548	32.0800
SRR23343440	Apis dorsata	China: Yunnan, Puer	AL_Shangrila	656549	656648	27.6700
SRR23343440	Apis dorsata	China: Yunnan, Puer	AL_Shangrila	656649	656748	34.4900
SRR23343440	Apis dorsata	China: Yunnan, Puer	AL_Shangrila	656749	656848	36.6900
SRR23343440	Apis dorsata	China: Yunnan, Puer	AL_Shangrila	656849	656948	33.2300
SRR23343440	Apis dorsata	China: Yunnan, Puer	AL_Shangrila	656949	657048	32.2800
SRR23343440	Apis dorsata	China: Yunnan, Puer	AL_Shangrila	657049	657148	29.2500
SRR23343440	Apis dorsata	China: Yunnan, Puer	AL_Shangrila	657149	657248	33.8600
SRR23343440	Apis dorsata	China: Yunnan, Puer	AL_Shangrila	657249	657348	18.0800
SRR23343440	Apis dorsata	China: Yunnan, Puer	AL_Shangrila	657349	657448	20.0800
SRR23343440	Apis dorsata	China: Yunnan, Puer	AL_Shangrila	657449	657548	18.8600
SRR23343440	Apis dorsata	China: Yunnan, Puer	AL_Shangrila	657549	657648	18.6800
SRR23343440	Apis dorsata	China: Yunnan, Puer	AL_Shangrila	657649	657748	18.9000
SRR23343440	Apis dorsata	China: Yunnan, Puer	AL_Shangrila	657749	657848	21.3200
SRR23343440	Apis dorsata	China: Yunnan, Puer	AL_Shangrila	657849	657948	14.7800
SRR23343440	Apis dorsata	China: Yunnan, Puer	AL_Shangrila	657949	658048	12.2900
SRR23343440	Apis dorsata	China: Yunnan, Puer	AL_Shangrila	658049	658148	10.1600
SRR23343440	Apis dorsata	China: Yunnan, Puer	AL_Shangrila	658149	658248	12.7700
SRR23343440	Apis dorsata	China: Yunnan, Puer	AL_Shangrila	658249	658348	19.3600
SRR23343440	Apis dorsata	China: Yunnan, Puer	AL_Shangrila	658349	658448	28.1700
SRR23343440	Apis dorsata	China: Yunnan, Puer	AL_Shangrila	658449	658548	38.2600
SRR23343440	Apis dorsata	China: Yunnan, Puer	AL_Shangrila	658549	658648	41.7200
SRR23343440	Apis dorsata	China: Yunnan, Puer	AL_Shangrila	658649	658748	39.6900
SRR23343440	Apis dorsata	China: Yunnan, Puer	AL_Shangrila	658749	658836	36.1136
SRR23343441	Apis dorsata	China: Yunnan, Xishuangbanna	AL_Shangrila	650749	650848	21.7900
SRR23343441	Apis dorsata	China: Yunnan, Xishuangbanna	AL_Shangrila	650849	650948	25.1100
SRR23343441	Apis dorsata	China: Yunnan, Xishuangbanna	AL_Shangrila	650949	651048	27.6100
SRR23343441	Apis dorsata	China: Yunnan, Xishuangbanna	AL_Shangrila	651049	651148	29.1800
SRR23343441	Apis dorsata	China: Yunnan, Xishuangbanna	AL_Shangrila	651149	651248	29.3200
SRR23343441	Apis dorsata	China: Yunnan, Xishuangbanna	AL_Shangrila	651249	651348	27.0800
SRR23343441	Apis dorsata	China: Yunnan, Xishuangbanna	AL_Shangrila	651349	651448	30.6900
SRR23343441	Apis dorsata	China: Yunnan, Xishuangbanna	AL_Shangrila	651449	651548	28.9000
SRR23343441	Apis dorsata	China: Yunnan, Xishuangbanna	AL_Shangrila	651549	651648	25.3800
SRR23343441	Apis dorsata	China: Yunnan, Xishuangbanna	AL_Shangrila	651649	651748	30.4000
SRR23343441	Apis dorsata	China: Yunnan, Xishuangbanna	AL_Shangrila	651749	651848	37.9400
SRR23343441	Apis dorsata	China: Yunnan, Xishuangbanna	AL_Shangrila	651849	651948	37.8400
SRR23343441	Apis dorsata	China: Yunnan, Xishuangbanna	AL_Shangrila	651949	652048	35.1700
SRR23343441	Apis dorsata	China: Yunnan, Xishuangbanna	AL_Shangrila	652049	652148	34.8800
SRR23343441	Apis dorsata	China: Yunnan, Xishuangbanna	AL_Shangrila	652149	652248	41.3100
SRR23343441	Apis dorsata	China: Yunnan, Xishuangbanna	AL_Shangrila	652249	652348	42.1300
SRR23343441	Apis dorsata	China: Yunnan, Xishuangbanna	AL_Shangrila	652349	652448	43.7300
SRR23343441	Apis dorsata	China: Yunnan, Xishuangbanna	AL_Shangrila	652449	652548	34.7900
SRR23343441	Apis dorsata	China: Yunnan, Xishuangbanna	AL_Shangrila	652549	652648	41.7800
SRR23343441	Apis dorsata	China: Yunnan, Xishuangbanna	AL_Shangrila	652649	652748	35.9800
SRR23343441	Apis dorsata	China: Yunnan, Xishuangbanna	AL_Shangrila	652749	652848	34.0900
SRR23343441	Apis dorsata	China: Yunnan, Xishuangbanna	AL_Shangrila	652849	652948	30.7800
SRR23343441	Apis dorsata	China: Yunnan, Xishuangbanna	AL_Shangrila	652949	653048	34.8000
SRR23343441	Apis dorsata	China: Yunnan, Xishuangbanna	AL_Shangrila	653049	653148	28.4200
SRR23343441	Apis dorsata	China: Yunnan, Xishuangbanna	AL_Shangrila	653149	653248	23.0000
SRR23343441	Apis dorsata	China: Yunnan, Xishuangbanna	AL_Shangrila	653249	653348	28.7200
SRR23343441	Apis dorsata	China: Yunnan, Xishuangbanna	AL_Shangrila	653349	653448	33.7700
SRR23343441	Apis dorsata	China: Yunnan, Xishuangbanna	AL_Shangrila	653449	653548	33.7400
SRR23343441	Apis dorsata	China: Yunnan, Xishuangbanna	AL_Shangrila	653549	653648	31.5900
SRR23343441	Apis dorsata	China: Yunnan, Xishuangbanna	AL_Shangrila	653649	653748	31.9300
SRR23343441	Apis dorsata	China: Yunnan, Xishuangbanna	AL_Shangrila	653749	653848	24.8800
SRR23343441	Apis dorsata	China: Yunnan, Xishuangbanna	AL_Shangrila	653849	653948	30.3700
SRR23343441	Apis dorsata	China: Yunnan, Xishuangbanna	AL_Shangrila	653949	654048	25.1500
SRR23343441	Apis dorsata	China: Yunnan, Xishuangbanna	AL_Shangrila	654049	654148	29.4900
SRR23343441	Apis dorsata	China: Yunnan, Xishuangbanna	AL_Shangrila	654149	654248	37.3100
SRR23343441	Apis dorsata	China: Yunnan, Xishuangbanna	AL_Shangrila	654249	654348	32.1800
SRR23343441	Apis dorsata	China: Yunnan, Xishuangbanna	AL_Shangrila	654349	654448	33.9700
SRR23343441	Apis dorsata	China: Yunnan, Xishuangbanna	AL_Shangrila	654449	654548	32.7900
SRR23343441	Apis dorsata	China: Yunnan, Xishuangbanna	AL_Shangrila	654549	654648	24.8600
SRR23343441	Apis dorsata	China: Yunnan, Xishuangbanna	AL_Shangrila	654649	654748	28.7400
SRR23343441	Apis dorsata	China: Yunnan, Xishuangbanna	AL_Shangrila	654749	654848	28.7700
SRR23343441	Apis dorsata	China: Yunnan, Xishuangbanna	AL_Shangrila	654849	654948	23.3800
SRR23343441	Apis dorsata	China: Yunnan, Xishuangbanna	AL_Shangrila	654949	655048	35.9900
SRR23343441	Apis dorsata	China: Yunnan, Xishuangbanna	AL_Shangrila	655049	655148	27.6300
SRR23343441	Apis dorsata	China: Yunnan, Xishuangbanna	AL_Shangrila	655149	655248	32.6600
SRR23343441	Apis dorsata	China: Yunnan, Xishuangbanna	AL_Shangrila	655249	655348	36.5200
SRR23343441	Apis dorsata	China: Yunnan, Xishuangbanna	AL_Shangrila	655349	655448	34.2600
SRR23343441	Apis dorsata	China: Yunnan, Xishuangbanna	AL_Shangrila	655449	655548	22.3600
SRR23343441	Apis dorsata	China: Yunnan, Xishuangbanna	AL_Shangrila	655549	655648	21.2700
SRR23343441	Apis dorsata	China: Yunnan, Xishuangbanna	AL_Shangrila	655649	655748	18.2800
SRR23343441	Apis dorsata	China: Yunnan, Xishuangbanna	AL_Shangrila	655749	655848	22.8700
SRR23343441	Apis dorsata	China: Yunnan, Xishuangbanna	AL_Shangrila	655849	655948	25.7600
SRR23343441	Apis dorsata	China: Yunnan, Xishuangbanna	AL_Shangrila	655949	656048	24.1100
SRR23343441	Apis dorsata	China: Yunnan, Xishuangbanna	AL_Shangrila	656049	656148	31.3200
SRR23343441	Apis dorsata	China: Yunnan, Xishuangbanna	AL_Shangrila	656149	656248	28.0400
SRR23343441	Apis dorsata	China: Yunnan, Xishuangbanna	AL_Shangrila	656249	656348	33.7600
SRR23343441	Apis dorsata	China: Yunnan, Xishuangbanna	AL_Shangrila	656349	656448	37.4000
SRR23343441	Apis dorsata	China: Yunnan, Xishuangbanna	AL_Shangrila	656449	656548	31.6900
SRR23343441	Apis dorsata	China: Yunnan, Xishuangbanna	AL_Shangrila	656549	656648	25.5300
SRR23343441	Apis dorsata	China: Yunnan, Xishuangbanna	AL_Shangrila	656649	656748	20.2900
SRR23343441	Apis dorsata	China: Yunnan, Xishuangbanna	AL_Shangrila	656749	656848	25.9000
SRR23343441	Apis dorsata	China: Yunnan, Xishuangbanna	AL_Shangrila	656849	656948	27.7100
SRR23343441	Apis dorsata	China: Yunnan, Xishuangbanna	AL_Shangrila	656949	657048	35.1300
SRR23343441	Apis dorsata	China: Yunnan, Xishuangbanna	AL_Shangrila	657049	657148	26.3000
SRR23343441	Apis dorsata	China: Yunnan, Xishuangbanna	AL_Shangrila	657149	657248	25.9800
SRR23343441	Apis dorsata	China: Yunnan, Xishuangbanna	AL_Shangrila	657249	657348	30.2200
SRR23343441	Apis dorsata	China: Yunnan, Xishuangbanna	AL_Shangrila	657349	657448	28.1700
SRR23343441	Apis dorsata	China: Yunnan, Xishuangbanna	AL_Shangrila	657449	657548	32.1500
SRR23343441	Apis dorsata	China: Yunnan, Xishuangbanna	AL_Shangrila	657549	657648	31.2500
SRR23343441	Apis dorsata	China: Yunnan, Xishuangbanna	AL_Shangrila	657649	657748	25.3700
SRR23343441	Apis dorsata	China: Yunnan, Xishuangbanna	AL_Shangrila	657749	657848	27.3200
SRR23343441	Apis dorsata	China: Yunnan, Xishuangbanna	AL_Shangrila	657849	657948	14.7200
SRR23343441	Apis dorsata	China: Yunnan, Xishuangbanna	AL_Shangrila	657949	658048	13.8500
SRR23343441	Apis dorsata	China: Yunnan, Xishuangbanna	AL_Shangrila	658049	658148	14.1600
SRR23343441	Apis dorsata	China: Yunnan, Xishuangbanna	AL_Shangrila	658149	658248	12.0300
SRR23343441	Apis dorsata	China: Yunnan, Xishuangbanna	AL_Shangrila	658249	658348	11.1100
SRR23343441	Apis dorsata	China: Yunnan, Xishuangbanna	AL_Shangrila	658349	658448	20.1600
SRR23343441	Apis dorsata	China: Yunnan, Xishuangbanna	AL_Shangrila	658449	658548	26.3500
SRR23343441	Apis dorsata	China: Yunnan, Xishuangbanna	AL_Shangrila	658549	658648	24.6100
SRR23343441	Apis dorsata	China: Yunnan, Xishuangbanna	AL_Shangrila	658649	658748	27.1800
SRR23343441	Apis dorsata	China: Yunnan, Xishuangbanna	AL_Shangrila	658749	658836	23.3523
SRR23343442	Apis laboriosa	China: Tibet, Rikaze	AL_Shangrila	650749	650848	46.2700
SRR23343442	Apis laboriosa	China: Tibet, Rikaze	AL_Shangrila	650849	650948	41.7200
SRR23343442	Apis laboriosa	China: Tibet, Rikaze	AL_Shangrila	650949	651048	39.7900
SRR23343442	Apis laboriosa	China: Tibet, Rikaze	AL_Shangrila	651049	651148	50.0700
SRR23343442	Apis laboriosa	China: Tibet, Rikaze	AL_Shangrila	651149	651248	38.2400
SRR23343442	Apis laboriosa	China: Tibet, Rikaze	AL_Shangrila	651249	651348	45.9100
SRR23343442	Apis laboriosa	China: Tibet, Rikaze	AL_Shangrila	651349	651448	39.9700
SRR23343442	Apis laboriosa	China: Tibet, Rikaze	AL_Shangrila	651449	651548	42.0700
SRR23343442	Apis laboriosa	China: Tibet, Rikaze	AL_Shangrila	651549	651648	51.8800
SRR23343442	Apis laboriosa	China: Tibet, Rikaze	AL_Shangrila	651649	651748	52.8600
SRR23343442	Apis laboriosa	China: Tibet, Rikaze	AL_Shangrila	651749	651848	59.1500
SRR23343442	Apis laboriosa	China: Tibet, Rikaze	AL_Shangrila	651849	651948	60.1900
SRR23343442	Apis laboriosa	China: Tibet, Rikaze	AL_Shangrila	651949	652048	54.0900
SRR23343442	Apis laboriosa	China: Tibet, Rikaze	AL_Shangrila	652049	652148	49.8200
SRR23343442	Apis laboriosa	China: Tibet, Rikaze	AL_Shangrila	652149	652248	57.9900
SRR23343442	Apis laboriosa	China: Tibet, Rikaze	AL_Shangrila	652249	652348	62.5100
SRR23343442	Apis laboriosa	China: Tibet, Rikaze	AL_Shangrila	652349	652448	66.3000
SRR23343442	Apis laboriosa	China: Tibet, Rikaze	AL_Shangrila	652449	652548	61.5000
SRR23343442	Apis laboriosa	China: Tibet, Rikaze	AL_Shangrila	652549	652648	61.1400
SRR23343442	Apis laboriosa	China: Tibet, Rikaze	AL_Shangrila	652649	652748	67.0000
SRR23343442	Apis laboriosa	China: Tibet, Rikaze	AL_Shangrila	652749	652848	64.6800
SRR23343442	Apis laboriosa	China: Tibet, Rikaze	AL_Shangrila	652849	652948	54.8300
SRR23343442	Apis laboriosa	China: Tibet, Rikaze	AL_Shangrila	652949	653048	54.1800
SRR23343442	Apis laboriosa	China: Tibet, Rikaze	AL_Shangrila	653049	653148	50.4000
SRR23343442	Apis laboriosa	China: Tibet, Rikaze	AL_Shangrila	653149	653248	47.1000
SRR23343442	Apis laboriosa	China: Tibet, Rikaze	AL_Shangrila	653249	653348	56.9300
SRR23343442	Apis laboriosa	China: Tibet, Rikaze	AL_Shangrila	653349	653448	51.0300
SRR23343442	Apis laboriosa	China: Tibet, Rikaze	AL_Shangrila	653449	653548	56.9400
SRR23343442	Apis laboriosa	China: Tibet, Rikaze	AL_Shangrila	653549	653648	57.1200
SRR23343442	Apis laboriosa	China: Tibet, Rikaze	AL_Shangrila	653649	653748	54.5000
SRR23343442	Apis laboriosa	China: Tibet, Rikaze	AL_Shangrila	653749	653848	56.1500
SRR23343442	Apis laboriosa	China: Tibet, Rikaze	AL_Shangrila	653849	653948	48.8600
SRR23343442	Apis laboriosa	China: Tibet, Rikaze	AL_Shangrila	653949	654048	35.3800
SRR23343442	Apis laboriosa	China: Tibet, Rikaze	AL_Shangrila	654049	654148	53.7300
SRR23343442	Apis laboriosa	China: Tibet, Rikaze	AL_Shangrila	654149	654248	67.9400
SRR23343442	Apis laboriosa	China: Tibet, Rikaze	AL_Shangrila	654249	654348	52.0400
SRR23343442	Apis laboriosa	China: Tibet, Rikaze	AL_Shangrila	654349	654448	43.8000
SRR23343442	Apis laboriosa	China: Tibet, Rikaze	AL_Shangrila	654449	654548	43.8000
SRR23343442	Apis laboriosa	China: Tibet, Rikaze	AL_Shangrila	654549	654648	39.9100
SRR23343442	Apis laboriosa	China: Tibet, Rikaze	AL_Shangrila	654649	654748	48.6200
SRR23343442	Apis laboriosa	China: Tibet, Rikaze	AL_Shangrila	654749	654848	48.2000
SRR23343442	Apis laboriosa	China: Tibet, Rikaze	AL_Shangrila	654849	654948	48.9000
SRR23343442	Apis laboriosa	China: Tibet, Rikaze	AL_Shangrila	654949	655048	65.3700
SRR23343442	Apis laboriosa	China: Tibet, Rikaze	AL_Shangrila	655049	655148	76.7500
SRR23343442	Apis laboriosa	China: Tibet, Rikaze	AL_Shangrila	655149	655248	75.1600
SRR23343442	Apis laboriosa	China: Tibet, Rikaze	AL_Shangrila	655249	655348	66.4300
SRR23343442	Apis laboriosa	China: Tibet, Rikaze	AL_Shangrila	655349	655448	63.8000
SRR23343442	Apis laboriosa	China: Tibet, Rikaze	AL_Shangrila	655449	655548	59.1100
SRR23343442	Apis laboriosa	China: Tibet, Rikaze	AL_Shangrila	655549	655648	57.0400
SRR23343442	Apis laboriosa	China: Tibet, Rikaze	AL_Shangrila	655649	655748	49.2200
SRR23343442	Apis laboriosa	China: Tibet, Rikaze	AL_Shangrila	655749	655848	57.3900
SRR23343442	Apis laboriosa	China: Tibet, Rikaze	AL_Shangrila	655849	655948	46.1600
SRR23343442	Apis laboriosa	China: Tibet, Rikaze	AL_Shangrila	655949	656048	33.1200
SRR23343442	Apis laboriosa	China: Tibet, Rikaze	AL_Shangrila	656049	656148	36.6900
SRR23343442	Apis laboriosa	China: Tibet, Rikaze	AL_Shangrila	656149	656248	37.4600
SRR23343442	Apis laboriosa	China: Tibet, Rikaze	AL_Shangrila	656249	656348	38.3400
SRR23343442	Apis laboriosa	China: Tibet, Rikaze	AL_Shangrila	656349	656448	41.4700
SRR23343442	Apis laboriosa	China: Tibet, Rikaze	AL_Shangrila	656449	656548	51.0500
SRR23343442	Apis laboriosa	China: Tibet, Rikaze	AL_Shangrila	656549	656648	60.6800
SRR23343442	Apis laboriosa	China: Tibet, Rikaze	AL_Shangrila	656649	656748	65.3000
SRR23343442	Apis laboriosa	China: Tibet, Rikaze	AL_Shangrila	656749	656848	65.9500
SRR23343442	Apis laboriosa	China: Tibet, Rikaze	AL_Shangrila	656849	656948	57.9500
SRR23343442	Apis laboriosa	China: Tibet, Rikaze	AL_Shangrila	656949	657048	52.2000
SRR23343442	Apis laboriosa	China: Tibet, Rikaze	AL_Shangrila	657049	657148	50.6800
SRR23343442	Apis laboriosa	China: Tibet, Rikaze	AL_Shangrila	657149	657248	45.1100
SRR23343442	Apis laboriosa	China: Tibet, Rikaze	AL_Shangrila	657249	657348	30.9300
SRR23343442	Apis laboriosa	China: Tibet, Rikaze	AL_Shangrila	657349	657448	28.0600
SRR23343442	Apis laboriosa	China: Tibet, Rikaze	AL_Shangrila	657449	657548	41.7900
SRR23343442	Apis laboriosa	China: Tibet, Rikaze	AL_Shangrila	657549	657648	43.4000
SRR23343442	Apis laboriosa	China: Tibet, Rikaze	AL_Shangrila	657649	657748	47.4200
SRR23343442	Apis laboriosa	China: Tibet, Rikaze	AL_Shangrila	657749	657848	41.9500
SRR23343442	Apis laboriosa	China: Tibet, Rikaze	AL_Shangrila	657849	657948	34.9100
SRR23343442	Apis laboriosa	China: Tibet, Rikaze	AL_Shangrila	657949	658048	38.9400
SRR23343442	Apis laboriosa	China: Tibet, Rikaze	AL_Shangrila	658049	658148	39.8800
SRR23343442	Apis laboriosa	China: Tibet, Rikaze	AL_Shangrila	658149	658248	39.9800
SRR23343442	Apis laboriosa	China: Tibet, Rikaze	AL_Shangrila	658249	658348	44.6600
SRR23343442	Apis laboriosa	China: Tibet, Rikaze	AL_Shangrila	658349	658448	42.5900
SRR23343442	Apis laboriosa	China: Tibet, Rikaze	AL_Shangrila	658449	658548	32.2900
SRR23343442	Apis laboriosa	China: Tibet, Rikaze	AL_Shangrila	658549	658648	41.1600
SRR23343442	Apis laboriosa	China: Tibet, Rikaze	AL_Shangrila	658649	658748	39.3600
SRR23343442	Apis laboriosa	China: Tibet, Rikaze	AL_Shangrila	658749	658836	40.4773
SRR23343443	Apis laboriosa	China: Tibet, Rikaze	AL_Shangrila	650749	650848	23.4100
SRR23343443	Apis laboriosa	China: Tibet, Rikaze	AL_Shangrila	650849	650948	24.9400
SRR23343443	Apis laboriosa	China: Tibet, Rikaze	AL_Shangrila	650949	651048	20.9600
SRR23343443	Apis laboriosa	China: Tibet, Rikaze	AL_Shangrila	651049	651148	18.1200
SRR23343443	Apis laboriosa	China: Tibet, Rikaze	AL_Shangrila	651149	651248	16.9400
SRR23343443	Apis laboriosa	China: Tibet, Rikaze	AL_Shangrila	651249	651348	16.3400
SRR23343443	Apis laboriosa	China: Tibet, Rikaze	AL_Shangrila	651349	651448	22.0200
SRR23343443	Apis laboriosa	China: Tibet, Rikaze	AL_Shangrila	651449	651548	28.3300
SRR23343443	Apis laboriosa	China: Tibet, Rikaze	AL_Shangrila	651549	651648	28.3200
SRR23343443	Apis laboriosa	China: Tibet, Rikaze	AL_Shangrila	651649	651748	31.0900
SRR23343443	Apis laboriosa	China: Tibet, Rikaze	AL_Shangrila	651749	651848	34.5100
SRR23343443	Apis laboriosa	China: Tibet, Rikaze	AL_Shangrila	651849	651948	31.5300
SRR23343443	Apis laboriosa	China: Tibet, Rikaze	AL_Shangrila	651949	652048	29.4100
SRR23343443	Apis laboriosa	China: Tibet, Rikaze	AL_Shangrila	652049	652148	26.3800
SRR23343443	Apis laboriosa	China: Tibet, Rikaze	AL_Shangrila	652149	652248	31.6400
SRR23343443	Apis laboriosa	China: Tibet, Rikaze	AL_Shangrila	652249	652348	33.5300
SRR23343443	Apis laboriosa	China: Tibet, Rikaze	AL_Shangrila	652349	652448	32.3100
SRR23343443	Apis laboriosa	China: Tibet, Rikaze	AL_Shangrila	652449	652548	27.9100
SRR23343443	Apis laboriosa	China: Tibet, Rikaze	AL_Shangrila	652549	652648	22.2300
SRR23343443	Apis laboriosa	China: Tibet, Rikaze	AL_Shangrila	652649	652748	21.1800
SRR23343443	Apis laboriosa	China: Tibet, Rikaze	AL_Shangrila	652749	652848	24.3400
SRR23343443	Apis laboriosa	China: Tibet, Rikaze	AL_Shangrila	652849	652948	20.1900
SRR23343443	Apis laboriosa	China: Tibet, Rikaze	AL_Shangrila	652949	653048	20.8100
SRR23343443	Apis laboriosa	China: Tibet, Rikaze	AL_Shangrila	653049	653148	23.9300
SRR23343443	Apis laboriosa	China: Tibet, Rikaze	AL_Shangrila	653149	653248	23.8100
SRR23343443	Apis laboriosa	China: Tibet, Rikaze	AL_Shangrila	653249	653348	30.0300
SRR23343443	Apis laboriosa	China: Tibet, Rikaze	AL_Shangrila	653349	653448	26.5900
SRR23343443	Apis laboriosa	China: Tibet, Rikaze	AL_Shangrila	653449	653548	24.0200
SRR23343443	Apis laboriosa	China: Tibet, Rikaze	AL_Shangrila	653549	653648	29.4400
SRR23343443	Apis laboriosa	China: Tibet, Rikaze	AL_Shangrila	653649	653748	31.7800
SRR23343443	Apis laboriosa	China: Tibet, Rikaze	AL_Shangrila	653749	653848	29.3800
SRR23343443	Apis laboriosa	China: Tibet, Rikaze	AL_Shangrila	653849	653948	33.0200
SRR23343443	Apis laboriosa	China: Tibet, Rikaze	AL_Shangrila	653949	654048	18.6500
SRR23343443	Apis laboriosa	China: Tibet, Rikaze	AL_Shangrila	654049	654148	21.5500
SRR23343443	Apis laboriosa	China: Tibet, Rikaze	AL_Shangrila	654149	654248	29.5500
SRR23343443	Apis laboriosa	China: Tibet, Rikaze	AL_Shangrila	654249	654348	19.5200
SRR23343443	Apis laboriosa	China: Tibet, Rikaze	AL_Shangrila	654349	654448	25.9700
SRR23343443	Apis laboriosa	China: Tibet, Rikaze	AL_Shangrila	654449	654548	21.3600
SRR23343443	Apis laboriosa	China: Tibet, Rikaze	AL_Shangrila	654549	654648	16.4800
SRR23343443	Apis laboriosa	China: Tibet, Rikaze	AL_Shangrila	654649	654748	21.6700
SRR23343443	Apis laboriosa	China: Tibet, Rikaze	AL_Shangrila	654749	654848	23.1900
SRR23343443	Apis laboriosa	China: Tibet, Rikaze	AL_Shangrila	654849	654948	24.3900
SRR23343443	Apis laboriosa	China: Tibet, Rikaze	AL_Shangrila	654949	655048	25.9300
SRR23343443	Apis laboriosa	China: Tibet, Rikaze	AL_Shangrila	655049	655148	26.7100
SRR23343443	Apis laboriosa	China: Tibet, Rikaze	AL_Shangrila	655149	655248	27.8100
SRR23343443	Apis laboriosa	China: Tibet, Rikaze	AL_Shangrila	655249	655348	27.4900
SRR23343443	Apis laboriosa	China: Tibet, Rikaze	AL_Shangrila	655349	655448	26.6700
SRR23343443	Apis laboriosa	China: Tibet, Rikaze	AL_Shangrila	655449	655548	26.7800
SRR23343443	Apis laboriosa	China: Tibet, Rikaze	AL_Shangrila	655549	655648	28.7100
SRR23343443	Apis laboriosa	China: Tibet, Rikaze	AL_Shangrila	655649	655748	20.4500
SRR23343443	Apis laboriosa	China: Tibet, Rikaze	AL_Shangrila	655749	655848	15.8300
SRR23343443	Apis laboriosa	China: Tibet, Rikaze	AL_Shangrila	655849	655948	24.8000
SRR23343443	Apis laboriosa	China: Tibet, Rikaze	AL_Shangrila	655949	656048	20.1200
SRR23343443	Apis laboriosa	China: Tibet, Rikaze	AL_Shangrila	656049	656148	24.6700
SRR23343443	Apis laboriosa	China: Tibet, Rikaze	AL_Shangrila	656149	656248	22.6500
SRR23343443	Apis laboriosa	China: Tibet, Rikaze	AL_Shangrila	656249	656348	22.7800
SRR23343443	Apis laboriosa	China: Tibet, Rikaze	AL_Shangrila	656349	656448	20.8100
SRR23343443	Apis laboriosa	China: Tibet, Rikaze	AL_Shangrila	656449	656548	21.9700
SRR23343443	Apis laboriosa	China: Tibet, Rikaze	AL_Shangrila	656549	656648	18.7800
SRR23343443	Apis laboriosa	China: Tibet, Rikaze	AL_Shangrila	656649	656748	25.8400
SRR23343443	Apis laboriosa	China: Tibet, Rikaze	AL_Shangrila	656749	656848	25.3000
SRR23343443	Apis laboriosa	China: Tibet, Rikaze	AL_Shangrila	656849	656948	26.6300
SRR23343443	Apis laboriosa	China: Tibet, Rikaze	AL_Shangrila	656949	657048	30.6000
SRR23343443	Apis laboriosa	China: Tibet, Rikaze	AL_Shangrila	657049	657148	26.2000
SRR23343443	Apis laboriosa	China: Tibet, Rikaze	AL_Shangrila	657149	657248	29.6200
SRR23343443	Apis laboriosa	China: Tibet, Rikaze	AL_Shangrila	657249	657348	23.6600
SRR23343443	Apis laboriosa	China: Tibet, Rikaze	AL_Shangrila	657349	657448	24.4400
SRR23343443	Apis laboriosa	China: Tibet, Rikaze	AL_Shangrila	657449	657548	28.3500
SRR23343443	Apis laboriosa	China: Tibet, Rikaze	AL_Shangrila	657549	657648	30.1700
SRR23343443	Apis laboriosa	China: Tibet, Rikaze	AL_Shangrila	657649	657748	30.3300
SRR23343443	Apis laboriosa	China: Tibet, Rikaze	AL_Shangrila	657749	657848	28.5800
SRR23343443	Apis laboriosa	China: Tibet, Rikaze	AL_Shangrila	657849	657948	19.1400
SRR23343443	Apis laboriosa	China: Tibet, Rikaze	AL_Shangrila	657949	658048	22.8100
SRR23343443	Apis laboriosa	China: Tibet, Rikaze	AL_Shangrila	658049	658148	20.5000
SRR23343443	Apis laboriosa	China: Tibet, Rikaze	AL_Shangrila	658149	658248	25.7900
SRR23343443	Apis laboriosa	China: Tibet, Rikaze	AL_Shangrila	658249	658348	27.9900
SRR23343443	Apis laboriosa	China: Tibet, Rikaze	AL_Shangrila	658349	658448	25.8800
SRR23343443	Apis laboriosa	China: Tibet, Rikaze	AL_Shangrila	658449	658548	28.4600
SRR23343443	Apis laboriosa	China: Tibet, Rikaze	AL_Shangrila	658549	658648	30.2300
SRR23343443	Apis laboriosa	China: Tibet, Rikaze	AL_Shangrila	658649	658748	34.8400
SRR23343443	Apis laboriosa	China: Tibet, Rikaze	AL_Shangrila	658749	658836	24.9091
SRR23343444	Apis laboriosa	China: Tibet, Rikaze	AL_Shangrila	650749	650848	23.6400
SRR23343444	Apis laboriosa	China: Tibet, Rikaze	AL_Shangrila	650849	650948	22.2300
SRR23343444	Apis laboriosa	China: Tibet, Rikaze	AL_Shangrila	650949	651048	25.6400
SRR23343444	Apis laboriosa	China: Tibet, Rikaze	AL_Shangrila	651049	651148	22.3400
SRR23343444	Apis laboriosa	China: Tibet, Rikaze	AL_Shangrila	651149	651248	16.3600
SRR23343444	Apis laboriosa	China: Tibet, Rikaze	AL_Shangrila	651249	651348	24.7300
SRR23343444	Apis laboriosa	China: Tibet, Rikaze	AL_Shangrila	651349	651448	18.1300
SRR23343444	Apis laboriosa	China: Tibet, Rikaze	AL_Shangrila	651449	651548	21.1300
SRR23343444	Apis laboriosa	China: Tibet, Rikaze	AL_Shangrila	651549	651648	19.1900
SRR23343444	Apis laboriosa	China: Tibet, Rikaze	AL_Shangrila	651649	651748	20.9300
SRR23343444	Apis laboriosa	China: Tibet, Rikaze	AL_Shangrila	651749	651848	23.9000
SRR23343444	Apis laboriosa	China: Tibet, Rikaze	AL_Shangrila	651849	651948	23.4200
SRR23343444	Apis laboriosa	China: Tibet, Rikaze	AL_Shangrila	651949	652048	22.5700
SRR23343444	Apis laboriosa	China: Tibet, Rikaze	AL_Shangrila	652049	652148	23.7300
SRR23343444	Apis laboriosa	China: Tibet, Rikaze	AL_Shangrila	652149	652248	26.6700
SRR23343444	Apis laboriosa	China: Tibet, Rikaze	AL_Shangrila	652249	652348	33.5800
SRR23343444	Apis laboriosa	China: Tibet, Rikaze	AL_Shangrila	652349	652448	30.4700
SRR23343444	Apis laboriosa	China: Tibet, Rikaze	AL_Shangrila	652449	652548	34.8700
SRR23343444	Apis laboriosa	China: Tibet, Rikaze	AL_Shangrila	652549	652648	30.6700
SRR23343444	Apis laboriosa	China: Tibet, Rikaze	AL_Shangrila	652649	652748	33.1000
SRR23343444	Apis laboriosa	China: Tibet, Rikaze	AL_Shangrila	652749	652848	29.8400
SRR23343444	Apis laboriosa	China: Tibet, Rikaze	AL_Shangrila	652849	652948	34.7000
SRR23343444	Apis laboriosa	China: Tibet, Rikaze	AL_Shangrila	652949	653048	33.4700
SRR23343444	Apis laboriosa	China: Tibet, Rikaze	AL_Shangrila	653049	653148	31.0400
SRR23343444	Apis laboriosa	China: Tibet, Rikaze	AL_Shangrila	653149	653248	30.0700
SRR23343444	Apis laboriosa	China: Tibet, Rikaze	AL_Shangrila	653249	653348	27.1300
SRR23343444	Apis laboriosa	China: Tibet, Rikaze	AL_Shangrila	653349	653448	29.7300
SRR23343444	Apis laboriosa	China: Tibet, Rikaze	AL_Shangrila	653449	653548	29.1300
SRR23343444	Apis laboriosa	China: Tibet, Rikaze	AL_Shangrila	653549	653648	19.4600
SRR23343444	Apis laboriosa	China: Tibet, Rikaze	AL_Shangrila	653649	653748	16.7700
SRR23343444	Apis laboriosa	China: Tibet, Rikaze	AL_Shangrila	653749	653848	15.4700
SRR23343444	Apis laboriosa	China: Tibet, Rikaze	AL_Shangrila	653849	653948	18.3100
SRR23343444	Apis laboriosa	China: Tibet, Rikaze	AL_Shangrila	653949	654048	17.5300
SRR23343444	Apis laboriosa	China: Tibet, Rikaze	AL_Shangrila	654049	654148	17.4100
SRR23343444	Apis laboriosa	China: Tibet, Rikaze	AL_Shangrila	654149	654248	25.1900
SRR23343444	Apis laboriosa	China: Tibet, Rikaze	AL_Shangrila	654249	654348	22.5800
SRR23343444	Apis laboriosa	China: Tibet, Rikaze	AL_Shangrila	654349	654448	22.0800
SRR23343444	Apis laboriosa	China: Tibet, Rikaze	AL_Shangrila	654449	654548	17.4200
SRR23343444	Apis laboriosa	China: Tibet, Rikaze	AL_Shangrila	654549	654648	16.0100
SRR23343444	Apis laboriosa	China: Tibet, Rikaze	AL_Shangrila	654649	654748	15.8600
SRR23343444	Apis laboriosa	China: Tibet, Rikaze	AL_Shangrila	654749	654848	23.3200
SRR23343444	Apis laboriosa	China: Tibet, Rikaze	AL_Shangrila	654849	654948	30.5900
SRR23343444	Apis laboriosa	China: Tibet, Rikaze	AL_Shangrila	654949	655048	27.5300
SRR23343444	Apis laboriosa	China: Tibet, Rikaze	AL_Shangrila	655049	655148	23.9200
SRR23343444	Apis laboriosa	China: Tibet, Rikaze	AL_Shangrila	655149	655248	33.4900
SRR23343444	Apis laboriosa	China: Tibet, Rikaze	AL_Shangrila	655249	655348	33.7000
SRR23343444	Apis laboriosa	China: Tibet, Rikaze	AL_Shangrila	655349	655448	24.6200
SRR23343444	Apis laboriosa	China: Tibet, Rikaze	AL_Shangrila	655449	655548	28.4200
SRR23343444	Apis laboriosa	China: Tibet, Rikaze	AL_Shangrila	655549	655648	27.8200
SRR23343444	Apis laboriosa	China: Tibet, Rikaze	AL_Shangrila	655649	655748	22.6100
SRR23343444	Apis laboriosa	China: Tibet, Rikaze	AL_Shangrila	655749	655848	27.2600
SRR23343444	Apis laboriosa	China: Tibet, Rikaze	AL_Shangrila	655849	655948	27.4700
SRR23343444	Apis laboriosa	China: Tibet, Rikaze	AL_Shangrila	655949	656048	24.7900
SRR23343444	Apis laboriosa	China: Tibet, Rikaze	AL_Shangrila	656049	656148	27.9500
SRR23343444	Apis laboriosa	China: Tibet, Rikaze	AL_Shangrila	656149	656248	27.8700
SRR23343444	Apis laboriosa	China: Tibet, Rikaze	AL_Shangrila	656249	656348	25.6100
SRR23343444	Apis laboriosa	China: Tibet, Rikaze	AL_Shangrila	656349	656448	23.3600
SRR23343444	Apis laboriosa	China: Tibet, Rikaze	AL_Shangrila	656449	656548	18.5400
SRR23343444	Apis laboriosa	China: Tibet, Rikaze	AL_Shangrila	656549	656648	26.3600
SRR23343444	Apis laboriosa	China: Tibet, Rikaze	AL_Shangrila	656649	656748	32.6500
SRR23343444	Apis laboriosa	China: Tibet, Rikaze	AL_Shangrila	656749	656848	32.2700
SRR23343444	Apis laboriosa	China: Tibet, Rikaze	AL_Shangrila	656849	656948	23.2700
SRR23343444	Apis laboriosa	China: Tibet, Rikaze	AL_Shangrila	656949	657048	20.8600
SRR23343444	Apis laboriosa	China: Tibet, Rikaze	AL_Shangrila	657049	657148	23.5400
SRR23343444	Apis laboriosa	China: Tibet, Rikaze	AL_Shangrila	657149	657248	18.5200
SRR23343444	Apis laboriosa	China: Tibet, Rikaze	AL_Shangrila	657249	657348	18.6500
SRR23343444	Apis laboriosa	China: Tibet, Rikaze	AL_Shangrila	657349	657448	14.4300
SRR23343444	Apis laboriosa	China: Tibet, Rikaze	AL_Shangrila	657449	657548	22.1100
SRR23343444	Apis laboriosa	China: Tibet, Rikaze	AL_Shangrila	657549	657648	19.3500
SRR23343444	Apis laboriosa	China: Tibet, Rikaze	AL_Shangrila	657649	657748	18.4700
SRR23343444	Apis laboriosa	China: Tibet, Rikaze	AL_Shangrila	657749	657848	20.5900
SRR23343444	Apis laboriosa	China: Tibet, Rikaze	AL_Shangrila	657849	657948	21.4000
SRR23343444	Apis laboriosa	China: Tibet, Rikaze	AL_Shangrila	657949	658048	16.5500
SRR23343444	Apis laboriosa	China: Tibet, Rikaze	AL_Shangrila	658049	658148	20.7200
SRR23343444	Apis laboriosa	China: Tibet, Rikaze	AL_Shangrila	658149	658248	21.4500
SRR23343444	Apis laboriosa	China: Tibet, Rikaze	AL_Shangrila	658249	658348	20.3700
SRR23343444	Apis laboriosa	China: Tibet, Rikaze	AL_Shangrila	658349	658448	22.5600
SRR23343444	Apis laboriosa	China: Tibet, Rikaze	AL_Shangrila	658449	658548	19.8500
SRR23343444	Apis laboriosa	China: Tibet, Rikaze	AL_Shangrila	658549	658648	20.5100
SRR23343444	Apis laboriosa	China: Tibet, Rikaze	AL_Shangrila	658649	658748	20.1100
SRR23343444	Apis laboriosa	China: Tibet, Rikaze	AL_Shangrila	658749	658836	24.4773
SRR23343445	Apis laboriosa	China: Tibet, Rikaze	AL_Shangrila	650749	650848	43.7500
SRR23343445	Apis laboriosa	China: Tibet, Rikaze	AL_Shangrila	650849	650948	44.2100
SRR23343445	Apis laboriosa	China: Tibet, Rikaze	AL_Shangrila	650949	651048	45.2300
SRR23343445	Apis laboriosa	China: Tibet, Rikaze	AL_Shangrila	651049	651148	43.5600
SRR23343445	Apis laboriosa	China: Tibet, Rikaze	AL_Shangrila	651149	651248	33.3600
SRR23343445	Apis laboriosa	China: Tibet, Rikaze	AL_Shangrila	651249	651348	38.6100
SRR23343445	Apis laboriosa	China: Tibet, Rikaze	AL_Shangrila	651349	651448	47.7200
SRR23343445	Apis laboriosa	China: Tibet, Rikaze	AL_Shangrila	651449	651548	44.7800
SRR23343445	Apis laboriosa	China: Tibet, Rikaze	AL_Shangrila	651549	651648	41.3600
SRR23343445	Apis laboriosa	China: Tibet, Rikaze	AL_Shangrila	651649	651748	46.6100
SRR23343445	Apis laboriosa	China: Tibet, Rikaze	AL_Shangrila	651749	651848	52.2900
SRR23343445	Apis laboriosa	China: Tibet, Rikaze	AL_Shangrila	651849	651948	50.8500
SRR23343445	Apis laboriosa	China: Tibet, Rikaze	AL_Shangrila	651949	652048	52.5100
SRR23343445	Apis laboriosa	China: Tibet, Rikaze	AL_Shangrila	652049	652148	41.5300
SRR23343445	Apis laboriosa	China: Tibet, Rikaze	AL_Shangrila	652149	652248	43.3800
SRR23343445	Apis laboriosa	China: Tibet, Rikaze	AL_Shangrila	652249	652348	42.7200
SRR23343445	Apis laboriosa	China: Tibet, Rikaze	AL_Shangrila	652349	652448	41.3300
SRR23343445	Apis laboriosa	China: Tibet, Rikaze	AL_Shangrila	652449	652548	44.9900
SRR23343445	Apis laboriosa	China: Tibet, Rikaze	AL_Shangrila	652549	652648	45.1000
SRR23343445	Apis laboriosa	China: Tibet, Rikaze	AL_Shangrila	652649	652748	50.3900
SRR23343445	Apis laboriosa	China: Tibet, Rikaze	AL_Shangrila	652749	652848	49.8300
SRR23343445	Apis laboriosa	China: Tibet, Rikaze	AL_Shangrila	652849	652948	53.2300
SRR23343445	Apis laboriosa	China: Tibet, Rikaze	AL_Shangrila	652949	653048	50.6400
SRR23343445	Apis laboriosa	China: Tibet, Rikaze	AL_Shangrila	653049	653148	47.8600
SRR23343445	Apis laboriosa	China: Tibet, Rikaze	AL_Shangrila	653149	653248	34.2900
SRR23343445	Apis laboriosa	China: Tibet, Rikaze	AL_Shangrila	653249	653348	39.0900
SRR23343445	Apis laboriosa	China: Tibet, Rikaze	AL_Shangrila	653349	653448	45.3000
SRR23343445	Apis laboriosa	China: Tibet, Rikaze	AL_Shangrila	653449	653548	48.7900
SRR23343445	Apis laboriosa	China: Tibet, Rikaze	AL_Shangrila	653549	653648	54.7000
SRR23343445	Apis laboriosa	China: Tibet, Rikaze	AL_Shangrila	653649	653748	48.6600
SRR23343445	Apis laboriosa	China: Tibet, Rikaze	AL_Shangrila	653749	653848	44.9500
SRR23343445	Apis laboriosa	China: Tibet, Rikaze	AL_Shangrila	653849	653948	44.8900
SRR23343445	Apis laboriosa	China: Tibet, Rikaze	AL_Shangrila	653949	654048	30.7100
SRR23343445	Apis laboriosa	China: Tibet, Rikaze	AL_Shangrila	654049	654148	36.6000
SRR23343445	Apis laboriosa	China: Tibet, Rikaze	AL_Shangrila	654149	654248	38.2300
SRR23343445	Apis laboriosa	China: Tibet, Rikaze	AL_Shangrila	654249	654348	38.3400
SRR23343445	Apis laboriosa	China: Tibet, Rikaze	AL_Shangrila	654349	654448	49.7900
SRR23343445	Apis laboriosa	China: Tibet, Rikaze	AL_Shangrila	654449	654548	46.6300
SRR23343445	Apis laboriosa	China: Tibet, Rikaze	AL_Shangrila	654549	654648	46.0800
SRR23343445	Apis laboriosa	China: Tibet, Rikaze	AL_Shangrila	654649	654748	44.0400
SRR23343445	Apis laboriosa	China: Tibet, Rikaze	AL_Shangrila	654749	654848	41.5300
SRR23343445	Apis laboriosa	China: Tibet, Rikaze	AL_Shangrila	654849	654948	48.7000
SRR23343445	Apis laboriosa	China: Tibet, Rikaze	AL_Shangrila	654949	655048	46.1000
SRR23343445	Apis laboriosa	China: Tibet, Rikaze	AL_Shangrila	655049	655148	47.3900
SRR23343445	Apis laboriosa	China: Tibet, Rikaze	AL_Shangrila	655149	655248	36.6600
SRR23343445	Apis laboriosa	China: Tibet, Rikaze	AL_Shangrila	655249	655348	34.0000
SRR23343445	Apis laboriosa	China: Tibet, Rikaze	AL_Shangrila	655349	655448	35.7700
SRR23343445	Apis laboriosa	China: Tibet, Rikaze	AL_Shangrila	655449	655548	34.2300
SRR23343445	Apis laboriosa	China: Tibet, Rikaze	AL_Shangrila	655549	655648	33.4300
SRR23343445	Apis laboriosa	China: Tibet, Rikaze	AL_Shangrila	655649	655748	46.1200
SRR23343445	Apis laboriosa	China: Tibet, Rikaze	AL_Shangrila	655749	655848	44.6500
SRR23343445	Apis laboriosa	China: Tibet, Rikaze	AL_Shangrila	655849	655948	49.0400
SRR23343445	Apis laboriosa	China: Tibet, Rikaze	AL_Shangrila	655949	656048	46.2800
SRR23343445	Apis laboriosa	China: Tibet, Rikaze	AL_Shangrila	656049	656148	48.2200
SRR23343445	Apis laboriosa	China: Tibet, Rikaze	AL_Shangrila	656149	656248	49.6400
SRR23343445	Apis laboriosa	China: Tibet, Rikaze	AL_Shangrila	656249	656348	42.5000
SRR23343445	Apis laboriosa	China: Tibet, Rikaze	AL_Shangrila	656349	656448	51.7200
SRR23343445	Apis laboriosa	China: Tibet, Rikaze	AL_Shangrila	656449	656548	49.2800
SRR23343445	Apis laboriosa	China: Tibet, Rikaze	AL_Shangrila	656549	656648	48.9400
SRR23343445	Apis laboriosa	China: Tibet, Rikaze	AL_Shangrila	656649	656748	49.4900
SRR23343445	Apis laboriosa	China: Tibet, Rikaze	AL_Shangrila	656749	656848	49.8600
SRR23343445	Apis laboriosa	China: Tibet, Rikaze	AL_Shangrila	656849	656948	43.9100
SRR23343445	Apis laboriosa	China: Tibet, Rikaze	AL_Shangrila	656949	657048	42.6300
SRR23343445	Apis laboriosa	China: Tibet, Rikaze	AL_Shangrila	657049	657148	36.4000
SRR23343445	Apis laboriosa	China: Tibet, Rikaze	AL_Shangrila	657149	657248	34.0200
SRR23343445	Apis laboriosa	China: Tibet, Rikaze	AL_Shangrila	657249	657348	28.8100
SRR23343445	Apis laboriosa	China: Tibet, Rikaze	AL_Shangrila	657349	657448	30.7200
SRR23343445	Apis laboriosa	China: Tibet, Rikaze	AL_Shangrila	657449	657548	35.4500
SRR23343445	Apis laboriosa	China: Tibet, Rikaze	AL_Shangrila	657549	657648	42.3200
SRR23343445	Apis laboriosa	China: Tibet, Rikaze	AL_Shangrila	657649	657748	41.0200
SRR23343445	Apis laboriosa	China: Tibet, Rikaze	AL_Shangrila	657749	657848	40.1500
SRR23343445	Apis laboriosa	China: Tibet, Rikaze	AL_Shangrila	657849	657948	28.3000
SRR23343445	Apis laboriosa	China: Tibet, Rikaze	AL_Shangrila	657949	658048	20.7700
SRR23343445	Apis laboriosa	China: Tibet, Rikaze	AL_Shangrila	658049	658148	23.3500
SRR23343445	Apis laboriosa	China: Tibet, Rikaze	AL_Shangrila	658149	658248	27.0700
SRR23343445	Apis laboriosa	China: Tibet, Rikaze	AL_Shangrila	658249	658348	38.9700
SRR23343445	Apis laboriosa	China: Tibet, Rikaze	AL_Shangrila	658349	658448	36.3500
SRR23343445	Apis laboriosa	China: Tibet, Rikaze	AL_Shangrila	658449	658548	37.0800
SRR23343445	Apis laboriosa	China: Tibet, Rikaze	AL_Shangrila	658549	658648	39.9100
SRR23343445	Apis laboriosa	China: Tibet, Rikaze	AL_Shangrila	658649	658748	48.2200
SRR23343445	Apis laboriosa	China: Tibet, Rikaze	AL_Shangrila	658749	658836	49.8068
SRR23343446	Apis laboriosa	China: Tibet, Rikaze	AL_Shangrila	650749	650848	20.6200
SRR23343446	Apis laboriosa	China: Tibet, Rikaze	AL_Shangrila	650849	650948	26.7700
SRR23343446	Apis laboriosa	China: Tibet, Rikaze	AL_Shangrila	650949	651048	22.3400
SRR23343446	Apis laboriosa	China: Tibet, Rikaze	AL_Shangrila	651049	651148	20.8500
SRR23343446	Apis laboriosa	China: Tibet, Rikaze	AL_Shangrila	651149	651248	22.4900
SRR23343446	Apis laboriosa	China: Tibet, Rikaze	AL_Shangrila	651249	651348	21.0900
SRR23343446	Apis laboriosa	China: Tibet, Rikaze	AL_Shangrila	651349	651448	20.4100
SRR23343446	Apis laboriosa	China: Tibet, Rikaze	AL_Shangrila	651449	651548	25.3700
SRR23343446	Apis laboriosa	China: Tibet, Rikaze	AL_Shangrila	651549	651648	25.0700
SRR23343446	Apis laboriosa	China: Tibet, Rikaze	AL_Shangrila	651649	651748	27.9700
SRR23343446	Apis laboriosa	China: Tibet, Rikaze	AL_Shangrila	651749	651848	25.4600
SRR23343446	Apis laboriosa	China: Tibet, Rikaze	AL_Shangrila	651849	651948	27.6000
SRR23343446	Apis laboriosa	China: Tibet, Rikaze	AL_Shangrila	651949	652048	25.5700
SRR23343446	Apis laboriosa	China: Tibet, Rikaze	AL_Shangrila	652049	652148	20.8400
SRR23343446	Apis laboriosa	China: Tibet, Rikaze	AL_Shangrila	652149	652248	27.5600
SRR23343446	Apis laboriosa	China: Tibet, Rikaze	AL_Shangrila	652249	652348	23.7400
SRR23343446	Apis laboriosa	China: Tibet, Rikaze	AL_Shangrila	652349	652448	20.6800
SRR23343446	Apis laboriosa	China: Tibet, Rikaze	AL_Shangrila	652449	652548	25.9400
SRR23343446	Apis laboriosa	China: Tibet, Rikaze	AL_Shangrila	652549	652648	21.6000
SRR23343446	Apis laboriosa	China: Tibet, Rikaze	AL_Shangrila	652649	652748	20.9600
SRR23343446	Apis laboriosa	China: Tibet, Rikaze	AL_Shangrila	652749	652848	28.5500
SRR23343446	Apis laboriosa	China: Tibet, Rikaze	AL_Shangrila	652849	652948	32.0700
SRR23343446	Apis laboriosa	China: Tibet, Rikaze	AL_Shangrila	652949	653048	27.3000
SRR23343446	Apis laboriosa	China: Tibet, Rikaze	AL_Shangrila	653049	653148	34.4600
SRR23343446	Apis laboriosa	China: Tibet, Rikaze	AL_Shangrila	653149	653248	30.5800
SRR23343446	Apis laboriosa	China: Tibet, Rikaze	AL_Shangrila	653249	653348	31.9200
SRR23343446	Apis laboriosa	China: Tibet, Rikaze	AL_Shangrila	653349	653448	31.4700
SRR23343446	Apis laboriosa	China: Tibet, Rikaze	AL_Shangrila	653449	653548	28.9800
SRR23343446	Apis laboriosa	China: Tibet, Rikaze	AL_Shangrila	653549	653648	28.9000
SRR23343446	Apis laboriosa	China: Tibet, Rikaze	AL_Shangrila	653649	653748	40.0100
SRR23343446	Apis laboriosa	China: Tibet, Rikaze	AL_Shangrila	653749	653848	34.0600
SRR23343446	Apis laboriosa	China: Tibet, Rikaze	AL_Shangrila	653849	653948	35.3000
SRR23343446	Apis laboriosa	China: Tibet, Rikaze	AL_Shangrila	653949	654048	25.0000
SRR23343446	Apis laboriosa	China: Tibet, Rikaze	AL_Shangrila	654049	654148	22.8800
SRR23343446	Apis laboriosa	China: Tibet, Rikaze	AL_Shangrila	654149	654248	25.5900
SRR23343446	Apis laboriosa	China: Tibet, Rikaze	AL_Shangrila	654249	654348	27.5100
SRR23343446	Apis laboriosa	China: Tibet, Rikaze	AL_Shangrila	654349	654448	28.6400
SRR23343446	Apis laboriosa	China: Tibet, Rikaze	AL_Shangrila	654449	654548	24.7400
SRR23343446	Apis laboriosa	China: Tibet, Rikaze	AL_Shangrila	654549	654648	28.6900
SRR23343446	Apis laboriosa	China: Tibet, Rikaze	AL_Shangrila	654649	654748	29.3500
SRR23343446	Apis laboriosa	China: Tibet, Rikaze	AL_Shangrila	654749	654848	30.7800
SRR23343446	Apis laboriosa	China: Tibet, Rikaze	AL_Shangrila	654849	654948	32.4400
SRR23343446	Apis laboriosa	China: Tibet, Rikaze	AL_Shangrila	654949	655048	34.4500
SRR23343446	Apis laboriosa	China: Tibet, Rikaze	AL_Shangrila	655049	655148	31.8400
SRR23343446	Apis laboriosa	China: Tibet, Rikaze	AL_Shangrila	655149	655248	29.3500
SRR23343446	Apis laboriosa	China: Tibet, Rikaze	AL_Shangrila	655249	655348	20.8900
SRR23343446	Apis laboriosa	China: Tibet, Rikaze	AL_Shangrila	655349	655448	21.0200
SRR23343446	Apis laboriosa	China: Tibet, Rikaze	AL_Shangrila	655449	655548	18.7500
SRR23343446	Apis laboriosa	China: Tibet, Rikaze	AL_Shangrila	655549	655648	21.0800
SRR23343446	Apis laboriosa	China: Tibet, Rikaze	AL_Shangrila	655649	655748	16.2800
SRR23343446	Apis laboriosa	China: Tibet, Rikaze	AL_Shangrila	655749	655848	20.5900
SRR23343446	Apis laboriosa	China: Tibet, Rikaze	AL_Shangrila	655849	655948	16.2800
SRR23343446	Apis laboriosa	China: Tibet, Rikaze	AL_Shangrila	655949	656048	20.3500
SRR23343446	Apis laboriosa	China: Tibet, Rikaze	AL_Shangrila	656049	656148	22.6300
SRR23343446	Apis laboriosa	China: Tibet, Rikaze	AL_Shangrila	656149	656248	16.7200
SRR23343446	Apis laboriosa	China: Tibet, Rikaze	AL_Shangrila	656249	656348	22.5300
SRR23343446	Apis laboriosa	China: Tibet, Rikaze	AL_Shangrila	656349	656448	25.7100
SRR23343446	Apis laboriosa	China: Tibet, Rikaze	AL_Shangrila	656449	656548	26.4300
SRR23343446	Apis laboriosa	China: Tibet, Rikaze	AL_Shangrila	656549	656648	29.0800
SRR23343446	Apis laboriosa	China: Tibet, Rikaze	AL_Shangrila	656649	656748	31.7300
SRR23343446	Apis laboriosa	China: Tibet, Rikaze	AL_Shangrila	656749	656848	27.8500
SRR23343446	Apis laboriosa	China: Tibet, Rikaze	AL_Shangrila	656849	656948	28.1500
SRR23343446	Apis laboriosa	China: Tibet, Rikaze	AL_Shangrila	656949	657048	30.1400
SRR23343446	Apis laboriosa	China: Tibet, Rikaze	AL_Shangrila	657049	657148	24.2500
SRR23343446	Apis laboriosa	China: Tibet, Rikaze	AL_Shangrila	657149	657248	15.4900
SRR23343446	Apis laboriosa	China: Tibet, Rikaze	AL_Shangrila	657249	657348	14.5900
SRR23343446	Apis laboriosa	China: Tibet, Rikaze	AL_Shangrila	657349	657448	19.2200
SRR23343446	Apis laboriosa	China: Tibet, Rikaze	AL_Shangrila	657449	657548	15.0700
SRR23343446	Apis laboriosa	China: Tibet, Rikaze	AL_Shangrila	657549	657648	17.9100
SRR23343446	Apis laboriosa	China: Tibet, Rikaze	AL_Shangrila	657649	657748	21.4300
SRR23343446	Apis laboriosa	China: Tibet, Rikaze	AL_Shangrila	657749	657848	21.0100
SRR23343446	Apis laboriosa	China: Tibet, Rikaze	AL_Shangrila	657849	657948	25.1100
SRR23343446	Apis laboriosa	China: Tibet, Rikaze	AL_Shangrila	657949	658048	18.3200
SRR23343446	Apis laboriosa	China: Tibet, Rikaze	AL_Shangrila	658049	658148	19.5100
SRR23343446	Apis laboriosa	China: Tibet, Rikaze	AL_Shangrila	658149	658248	22.9900
SRR23343446	Apis laboriosa	China: Tibet, Rikaze	AL_Shangrila	658249	658348	21.1600
SRR23343446	Apis laboriosa	China: Tibet, Rikaze	AL_Shangrila	658349	658448	24.2400
SRR23343446	Apis laboriosa	China: Tibet, Rikaze	AL_Shangrila	658449	658548	25.8400
SRR23343446	Apis laboriosa	China: Tibet, Rikaze	AL_Shangrila	658549	658648	23.2400
SRR23343446	Apis laboriosa	China: Tibet, Rikaze	AL_Shangrila	658649	658748	29.8900
SRR23343446	Apis laboriosa	China: Tibet, Rikaze	AL_Shangrila	658749	658836	21.2159
SRR23343447	Apis laboriosa	China: Tibet, Rikaze	AL_Shangrila	650749	650848	32.7100
SRR23343447	Apis laboriosa	China: Tibet, Rikaze	AL_Shangrila	650849	650948	32.2900
SRR23343447	Apis laboriosa	China: Tibet, Rikaze	AL_Shangrila	650949	651048	30.0300
SRR23343447	Apis laboriosa	China: Tibet, Rikaze	AL_Shangrila	651049	651148	24.6000
SRR23343447	Apis laboriosa	China: Tibet, Rikaze	AL_Shangrila	651149	651248	27.8800
SRR23343447	Apis laboriosa	China: Tibet, Rikaze	AL_Shangrila	651249	651348	31.8800
SRR23343447	Apis laboriosa	China: Tibet, Rikaze	AL_Shangrila	651349	651448	33.6000
SRR23343447	Apis laboriosa	China: Tibet, Rikaze	AL_Shangrila	651449	651548	33.1400
SRR23343447	Apis laboriosa	China: Tibet, Rikaze	AL_Shangrila	651549	651648	34.7100
SRR23343447	Apis laboriosa	China: Tibet, Rikaze	AL_Shangrila	651649	651748	28.9400
SRR23343447	Apis laboriosa	China: Tibet, Rikaze	AL_Shangrila	651749	651848	33.5100
SRR23343447	Apis laboriosa	China: Tibet, Rikaze	AL_Shangrila	651849	651948	29.6800
SRR23343447	Apis laboriosa	China: Tibet, Rikaze	AL_Shangrila	651949	652048	36.0400
SRR23343447	Apis laboriosa	China: Tibet, Rikaze	AL_Shangrila	652049	652148	40.0500
SRR23343447	Apis laboriosa	China: Tibet, Rikaze	AL_Shangrila	652149	652248	44.8400
SRR23343447	Apis laboriosa	China: Tibet, Rikaze	AL_Shangrila	652249	652348	50.5300
SRR23343447	Apis laboriosa	China: Tibet, Rikaze	AL_Shangrila	652349	652448	41.5400
SRR23343447	Apis laboriosa	China: Tibet, Rikaze	AL_Shangrila	652449	652548	42.3700
SRR23343447	Apis laboriosa	China: Tibet, Rikaze	AL_Shangrila	652549	652648	42.5200
SRR23343447	Apis laboriosa	China: Tibet, Rikaze	AL_Shangrila	652649	652748	44.5600
SRR23343447	Apis laboriosa	China: Tibet, Rikaze	AL_Shangrila	652749	652848	34.4900
SRR23343447	Apis laboriosa	China: Tibet, Rikaze	AL_Shangrila	652849	652948	35.0100
SRR23343447	Apis laboriosa	China: Tibet, Rikaze	AL_Shangrila	652949	653048	33.4800
SRR23343447	Apis laboriosa	China: Tibet, Rikaze	AL_Shangrila	653049	653148	29.1000
SRR23343447	Apis laboriosa	China: Tibet, Rikaze	AL_Shangrila	653149	653248	25.4800
SRR23343447	Apis laboriosa	China: Tibet, Rikaze	AL_Shangrila	653249	653348	36.4800
SRR23343447	Apis laboriosa	China: Tibet, Rikaze	AL_Shangrila	653349	653448	39.3300
SRR23343447	Apis laboriosa	China: Tibet, Rikaze	AL_Shangrila	653449	653548	42.4200
SRR23343447	Apis laboriosa	China: Tibet, Rikaze	AL_Shangrila	653549	653648	44.9000
SRR23343447	Apis laboriosa	China: Tibet, Rikaze	AL_Shangrila	653649	653748	43.8000
SRR23343447	Apis laboriosa	China: Tibet, Rikaze	AL_Shangrila	653749	653848	51.5400
SRR23343447	Apis laboriosa	China: Tibet, Rikaze	AL_Shangrila	653849	653948	37.1100
SRR23343447	Apis laboriosa	China: Tibet, Rikaze	AL_Shangrila	653949	654048	33.2800
SRR23343447	Apis laboriosa	China: Tibet, Rikaze	AL_Shangrila	654049	654148	29.2100
SRR23343447	Apis laboriosa	China: Tibet, Rikaze	AL_Shangrila	654149	654248	27.7600
SRR23343447	Apis laboriosa	China: Tibet, Rikaze	AL_Shangrila	654249	654348	28.3200
SRR23343447	Apis laboriosa	China: Tibet, Rikaze	AL_Shangrila	654349	654448	26.0800
SRR23343447	Apis laboriosa	China: Tibet, Rikaze	AL_Shangrila	654449	654548	22.3200
SRR23343447	Apis laboriosa	China: Tibet, Rikaze	AL_Shangrila	654549	654648	21.1000
SRR23343447	Apis laboriosa	China: Tibet, Rikaze	AL_Shangrila	654649	654748	25.7100
SRR23343447	Apis laboriosa	China: Tibet, Rikaze	AL_Shangrila	654749	654848	30.3500
SRR23343447	Apis laboriosa	China: Tibet, Rikaze	AL_Shangrila	654849	654948	34.2200
SRR23343447	Apis laboriosa	China: Tibet, Rikaze	AL_Shangrila	654949	655048	40.6000
SRR23343447	Apis laboriosa	China: Tibet, Rikaze	AL_Shangrila	655049	655148	36.0400
SRR23343447	Apis laboriosa	China: Tibet, Rikaze	AL_Shangrila	655149	655248	41.2000
SRR23343447	Apis laboriosa	China: Tibet, Rikaze	AL_Shangrila	655249	655348	35.3600
SRR23343447	Apis laboriosa	China: Tibet, Rikaze	AL_Shangrila	655349	655448	29.1000
SRR23343447	Apis laboriosa	China: Tibet, Rikaze	AL_Shangrila	655449	655548	27.5600
SRR23343447	Apis laboriosa	China: Tibet, Rikaze	AL_Shangrila	655549	655648	23.9800
SRR23343447	Apis laboriosa	China: Tibet, Rikaze	AL_Shangrila	655649	655748	25.4100
SRR23343447	Apis laboriosa	China: Tibet, Rikaze	AL_Shangrila	655749	655848	26.9600
SRR23343447	Apis laboriosa	China: Tibet, Rikaze	AL_Shangrila	655849	655948	35.3500
SRR23343447	Apis laboriosa	China: Tibet, Rikaze	AL_Shangrila	655949	656048	32.0900
SRR23343447	Apis laboriosa	China: Tibet, Rikaze	AL_Shangrila	656049	656148	32.2500
SRR23343447	Apis laboriosa	China: Tibet, Rikaze	AL_Shangrila	656149	656248	33.7600
SRR23343447	Apis laboriosa	China: Tibet, Rikaze	AL_Shangrila	656249	656348	34.0500
SRR23343447	Apis laboriosa	China: Tibet, Rikaze	AL_Shangrila	656349	656448	29.9300
SRR23343447	Apis laboriosa	China: Tibet, Rikaze	AL_Shangrila	656449	656548	28.8500
SRR23343447	Apis laboriosa	China: Tibet, Rikaze	AL_Shangrila	656549	656648	32.2100
SRR23343447	Apis laboriosa	China: Tibet, Rikaze	AL_Shangrila	656649	656748	33.9200
SRR23343447	Apis laboriosa	China: Tibet, Rikaze	AL_Shangrila	656749	656848	28.2200
SRR23343447	Apis laboriosa	China: Tibet, Rikaze	AL_Shangrila	656849	656948	37.4100
SRR23343447	Apis laboriosa	China: Tibet, Rikaze	AL_Shangrila	656949	657048	32.8500
SRR23343447	Apis laboriosa	China: Tibet, Rikaze	AL_Shangrila	657049	657148	27.7700
SRR23343447	Apis laboriosa	China: Tibet, Rikaze	AL_Shangrila	657149	657248	25.7300
SRR23343447	Apis laboriosa	China: Tibet, Rikaze	AL_Shangrila	657249	657348	17.2900
SRR23343447	Apis laboriosa	China: Tibet, Rikaze	AL_Shangrila	657349	657448	33.2200
SRR23343447	Apis laboriosa	China: Tibet, Rikaze	AL_Shangrila	657449	657548	32.2600
SRR23343447	Apis laboriosa	China: Tibet, Rikaze	AL_Shangrila	657549	657648	29.6900
SRR23343447	Apis laboriosa	China: Tibet, Rikaze	AL_Shangrila	657649	657748	35.8600
SRR23343447	Apis laboriosa	China: Tibet, Rikaze	AL_Shangrila	657749	657848	28.2000
SRR23343447	Apis laboriosa	China: Tibet, Rikaze	AL_Shangrila	657849	657948	23.9200
SRR23343447	Apis laboriosa	China: Tibet, Rikaze	AL_Shangrila	657949	658048	20.4200
SRR23343447	Apis laboriosa	China: Tibet, Rikaze	AL_Shangrila	658049	658148	19.9500
SRR23343447	Apis laboriosa	China: Tibet, Rikaze	AL_Shangrila	658149	658248	20.9100
SRR23343447	Apis laboriosa	China: Tibet, Rikaze	AL_Shangrila	658249	658348	33.7500
SRR23343447	Apis laboriosa	China: Tibet, Rikaze	AL_Shangrila	658349	658448	29.2700
SRR23343447	Apis laboriosa	China: Tibet, Rikaze	AL_Shangrila	658449	658548	24.5500
SRR23343447	Apis laboriosa	China: Tibet, Rikaze	AL_Shangrila	658549	658648	28.8100
SRR23343447	Apis laboriosa	China: Tibet, Rikaze	AL_Shangrila	658649	658748	23.4200
SRR23343447	Apis laboriosa	China: Tibet, Rikaze	AL_Shangrila	658749	658836	22.7273
SRR23343448	Apis laboriosa	China: Tibet, Linzhi	AL_Shangrila	650749	650848	32.7600
SRR23343448	Apis laboriosa	China: Tibet, Linzhi	AL_Shangrila	650849	650948	29.7000
SRR23343448	Apis laboriosa	China: Tibet, Linzhi	AL_Shangrila	650949	651048	34.9900
SRR23343448	Apis laboriosa	China: Tibet, Linzhi	AL_Shangrila	651049	651148	38.2700
SRR23343448	Apis laboriosa	China: Tibet, Linzhi	AL_Shangrila	651149	651248	41.3400
SRR23343448	Apis laboriosa	China: Tibet, Linzhi	AL_Shangrila	651249	651348	39.0100
SRR23343448	Apis laboriosa	China: Tibet, Linzhi	AL_Shangrila	651349	651448	36.0000
SRR23343448	Apis laboriosa	China: Tibet, Linzhi	AL_Shangrila	651449	651548	35.0800
SRR23343448	Apis laboriosa	China: Tibet, Linzhi	AL_Shangrila	651549	651648	41.2500
SRR23343448	Apis laboriosa	China: Tibet, Linzhi	AL_Shangrila	651649	651748	38.2500
SRR23343448	Apis laboriosa	China: Tibet, Linzhi	AL_Shangrila	651749	651848	34.3700
SRR23343448	Apis laboriosa	China: Tibet, Linzhi	AL_Shangrila	651849	651948	36.5600
SRR23343448	Apis laboriosa	China: Tibet, Linzhi	AL_Shangrila	651949	652048	30.7200
SRR23343448	Apis laboriosa	China: Tibet, Linzhi	AL_Shangrila	652049	652148	27.0300
SRR23343448	Apis laboriosa	China: Tibet, Linzhi	AL_Shangrila	652149	652248	30.1200
SRR23343448	Apis laboriosa	China: Tibet, Linzhi	AL_Shangrila	652249	652348	29.4500
SRR23343448	Apis laboriosa	China: Tibet, Linzhi	AL_Shangrila	652349	652448	27.2900
SRR23343448	Apis laboriosa	China: Tibet, Linzhi	AL_Shangrila	652449	652548	31.7400
SRR23343448	Apis laboriosa	China: Tibet, Linzhi	AL_Shangrila	652549	652648	30.8500
SRR23343448	Apis laboriosa	China: Tibet, Linzhi	AL_Shangrila	652649	652748	37.9700
SRR23343448	Apis laboriosa	China: Tibet, Linzhi	AL_Shangrila	652749	652848	41.3800
SRR23343448	Apis laboriosa	China: Tibet, Linzhi	AL_Shangrila	652849	652948	32.3800
SRR23343448	Apis laboriosa	China: Tibet, Linzhi	AL_Shangrila	652949	653048	36.4700
SRR23343448	Apis laboriosa	China: Tibet, Linzhi	AL_Shangrila	653049	653148	39.2800
SRR23343448	Apis laboriosa	China: Tibet, Linzhi	AL_Shangrila	653149	653248	37.9100
SRR23343448	Apis laboriosa	China: Tibet, Linzhi	AL_Shangrila	653249	653348	33.3300
SRR23343448	Apis laboriosa	China: Tibet, Linzhi	AL_Shangrila	653349	653448	36.2500
SRR23343448	Apis laboriosa	China: Tibet, Linzhi	AL_Shangrila	653449	653548	45.3000
SRR23343448	Apis laboriosa	China: Tibet, Linzhi	AL_Shangrila	653549	653648	32.9600
SRR23343448	Apis laboriosa	China: Tibet, Linzhi	AL_Shangrila	653649	653748	30.3300
SRR23343448	Apis laboriosa	China: Tibet, Linzhi	AL_Shangrila	653749	653848	28.0600
SRR23343448	Apis laboriosa	China: Tibet, Linzhi	AL_Shangrila	653849	653948	28.6100
SRR23343448	Apis laboriosa	China: Tibet, Linzhi	AL_Shangrila	653949	654048	20.3500
SRR23343448	Apis laboriosa	China: Tibet, Linzhi	AL_Shangrila	654049	654148	17.5600
SRR23343448	Apis laboriosa	China: Tibet, Linzhi	AL_Shangrila	654149	654248	19.7300
SRR23343448	Apis laboriosa	China: Tibet, Linzhi	AL_Shangrila	654249	654348	22.6700
SRR23343448	Apis laboriosa	China: Tibet, Linzhi	AL_Shangrila	654349	654448	22.1700
SRR23343448	Apis laboriosa	China: Tibet, Linzhi	AL_Shangrila	654449	654548	24.6500
SRR23343448	Apis laboriosa	China: Tibet, Linzhi	AL_Shangrila	654549	654648	28.8200
SRR23343448	Apis laboriosa	China: Tibet, Linzhi	AL_Shangrila	654649	654748	28.8400
SRR23343448	Apis laboriosa	China: Tibet, Linzhi	AL_Shangrila	654749	654848	26.4900
SRR23343448	Apis laboriosa	China: Tibet, Linzhi	AL_Shangrila	654849	654948	27.3100
SRR23343448	Apis laboriosa	China: Tibet, Linzhi	AL_Shangrila	654949	655048	27.6400
SRR23343448	Apis laboriosa	China: Tibet, Linzhi	AL_Shangrila	655049	655148	27.7700
SRR23343448	Apis laboriosa	China: Tibet, Linzhi	AL_Shangrila	655149	655248	18.6000
SRR23343448	Apis laboriosa	China: Tibet, Linzhi	AL_Shangrila	655249	655348	16.2300
SRR23343448	Apis laboriosa	China: Tibet, Linzhi	AL_Shangrila	655349	655448	19.7800
SRR23343448	Apis laboriosa	China: Tibet, Linzhi	AL_Shangrila	655449	655548	16.8500
SRR23343448	Apis laboriosa	China: Tibet, Linzhi	AL_Shangrila	655549	655648	20.4000
SRR23343448	Apis laboriosa	China: Tibet, Linzhi	AL_Shangrila	655649	655748	26.4100
SRR23343448	Apis laboriosa	China: Tibet, Linzhi	AL_Shangrila	655749	655848	29.6100
SRR23343448	Apis laboriosa	China: Tibet, Linzhi	AL_Shangrila	655849	655948	32.8300
SRR23343448	Apis laboriosa	China: Tibet, Linzhi	AL_Shangrila	655949	656048	31.4200
SRR23343448	Apis laboriosa	China: Tibet, Linzhi	AL_Shangrila	656049	656148	38.0900
SRR23343448	Apis laboriosa	China: Tibet, Linzhi	AL_Shangrila	656149	656248	32.9600
SRR23343448	Apis laboriosa	China: Tibet, Linzhi	AL_Shangrila	656249	656348	32.5400
SRR23343448	Apis laboriosa	China: Tibet, Linzhi	AL_Shangrila	656349	656448	34.1400
SRR23343448	Apis laboriosa	China: Tibet, Linzhi	AL_Shangrila	656449	656548	35.6000
SRR23343448	Apis laboriosa	China: Tibet, Linzhi	AL_Shangrila	656549	656648	29.2700
SRR23343448	Apis laboriosa	China: Tibet, Linzhi	AL_Shangrila	656649	656748	30.2900
SRR23343448	Apis laboriosa	China: Tibet, Linzhi	AL_Shangrila	656749	656848	29.6400
SRR23343448	Apis laboriosa	China: Tibet, Linzhi	AL_Shangrila	656849	656948	29.5900
SRR23343448	Apis laboriosa	China: Tibet, Linzhi	AL_Shangrila	656949	657048	34.8500
SRR23343448	Apis laboriosa	China: Tibet, Linzhi	AL_Shangrila	657049	657148	34.6500
SRR23343448	Apis laboriosa	China: Tibet, Linzhi	AL_Shangrila	657149	657248	33.7900
SRR23343448	Apis laboriosa	China: Tibet, Linzhi	AL_Shangrila	657249	657348	33.4200
SRR23343448	Apis laboriosa	China: Tibet, Linzhi	AL_Shangrila	657349	657448	28.8000
SRR23343448	Apis laboriosa	China: Tibet, Linzhi	AL_Shangrila	657449	657548	27.4800
SRR23343448	Apis laboriosa	China: Tibet, Linzhi	AL_Shangrila	657549	657648	29.1000
SRR23343448	Apis laboriosa	China: Tibet, Linzhi	AL_Shangrila	657649	657748	36.5500
SRR23343448	Apis laboriosa	China: Tibet, Linzhi	AL_Shangrila	657749	657848	24.6200
SRR23343448	Apis laboriosa	China: Tibet, Linzhi	AL_Shangrila	657849	657948	23.9800
SRR23343448	Apis laboriosa	China: Tibet, Linzhi	AL_Shangrila	657949	658048	35.5100
SRR23343448	Apis laboriosa	China: Tibet, Linzhi	AL_Shangrila	658049	658148	26.9200
SRR23343448	Apis laboriosa	China: Tibet, Linzhi	AL_Shangrila	658149	658248	23.2500
SRR23343448	Apis laboriosa	China: Tibet, Linzhi	AL_Shangrila	658249	658348	27.6500
SRR23343448	Apis laboriosa	China: Tibet, Linzhi	AL_Shangrila	658349	658448	34.4100
SRR23343448	Apis laboriosa	China: Tibet, Linzhi	AL_Shangrila	658449	658548	29.2900
SRR23343448	Apis laboriosa	China: Tibet, Linzhi	AL_Shangrila	658549	658648	30.1000
SRR23343448	Apis laboriosa	China: Tibet, Linzhi	AL_Shangrila	658649	658748	28.2200
SRR23343448	Apis laboriosa	China: Tibet, Linzhi	AL_Shangrila	658749	658836	26.9318
SRR23343449	Apis dorsata	China: Yunnan, Xishuangbanna	AL_Shangrila	650749	650848	30.1800
SRR23343449	Apis dorsata	China: Yunnan, Xishuangbanna	AL_Shangrila	650849	650948	28.2000
SRR23343449	Apis dorsata	China: Yunnan, Xishuangbanna	AL_Shangrila	650949	651048	23.5800
SRR23343449	Apis dorsata	China: Yunnan, Xishuangbanna	AL_Shangrila	651049	651148	21.8800
SRR23343449	Apis dorsata	China: Yunnan, Xishuangbanna	AL_Shangrila	651149	651248	21.1700
SRR23343449	Apis dorsata	China: Yunnan, Xishuangbanna	AL_Shangrila	651249	651348	23.6000
SRR23343449	Apis dorsata	China: Yunnan, Xishuangbanna	AL_Shangrila	651349	651448	26.5300
SRR23343449	Apis dorsata	China: Yunnan, Xishuangbanna	AL_Shangrila	651449	651548	31.8700
SRR23343449	Apis dorsata	China: Yunnan, Xishuangbanna	AL_Shangrila	651549	651648	24.6000
SRR23343449	Apis dorsata	China: Yunnan, Xishuangbanna	AL_Shangrila	651649	651748	27.2700
SRR23343449	Apis dorsata	China: Yunnan, Xishuangbanna	AL_Shangrila	651749	651848	36.2800
SRR23343449	Apis dorsata	China: Yunnan, Xishuangbanna	AL_Shangrila	651849	651948	32.4400
SRR23343449	Apis dorsata	China: Yunnan, Xishuangbanna	AL_Shangrila	651949	652048	30.2300
SRR23343449	Apis dorsata	China: Yunnan, Xishuangbanna	AL_Shangrila	652049	652148	26.6200
SRR23343449	Apis dorsata	China: Yunnan, Xishuangbanna	AL_Shangrila	652149	652248	27.6400
SRR23343449	Apis dorsata	China: Yunnan, Xishuangbanna	AL_Shangrila	652249	652348	27.4900
SRR23343449	Apis dorsata	China: Yunnan, Xishuangbanna	AL_Shangrila	652349	652448	33.4300
SRR23343449	Apis dorsata	China: Yunnan, Xishuangbanna	AL_Shangrila	652449	652548	32.8400
SRR23343449	Apis dorsata	China: Yunnan, Xishuangbanna	AL_Shangrila	652549	652648	37.4500
SRR23343449	Apis dorsata	China: Yunnan, Xishuangbanna	AL_Shangrila	652649	652748	39.0500
SRR23343449	Apis dorsata	China: Yunnan, Xishuangbanna	AL_Shangrila	652749	652848	35.6600
SRR23343449	Apis dorsata	China: Yunnan, Xishuangbanna	AL_Shangrila	652849	652948	37.4000
SRR23343449	Apis dorsata	China: Yunnan, Xishuangbanna	AL_Shangrila	652949	653048	34.4700
SRR23343449	Apis dorsata	China: Yunnan, Xishuangbanna	AL_Shangrila	653049	653148	31.6800
SRR23343449	Apis dorsata	China: Yunnan, Xishuangbanna	AL_Shangrila	653149	653248	27.8500
SRR23343449	Apis dorsata	China: Yunnan, Xishuangbanna	AL_Shangrila	653249	653348	32.0400
SRR23343449	Apis dorsata	China: Yunnan, Xishuangbanna	AL_Shangrila	653349	653448	32.7600
SRR23343449	Apis dorsata	China: Yunnan, Xishuangbanna	AL_Shangrila	653449	653548	30.9300
SRR23343449	Apis dorsata	China: Yunnan, Xishuangbanna	AL_Shangrila	653549	653648	22.9000
SRR23343449	Apis dorsata	China: Yunnan, Xishuangbanna	AL_Shangrila	653649	653748	29.5300
SRR23343449	Apis dorsata	China: Yunnan, Xishuangbanna	AL_Shangrila	653749	653848	33.5400
SRR23343449	Apis dorsata	China: Yunnan, Xishuangbanna	AL_Shangrila	653849	653948	34.4600
SRR23343449	Apis dorsata	China: Yunnan, Xishuangbanna	AL_Shangrila	653949	654048	20.5900
SRR23343449	Apis dorsata	China: Yunnan, Xishuangbanna	AL_Shangrila	654049	654148	19.7500
SRR23343449	Apis dorsata	China: Yunnan, Xishuangbanna	AL_Shangrila	654149	654248	27.4000
SRR23343449	Apis dorsata	China: Yunnan, Xishuangbanna	AL_Shangrila	654249	654348	23.8900
SRR23343449	Apis dorsata	China: Yunnan, Xishuangbanna	AL_Shangrila	654349	654448	25.2200
SRR23343449	Apis dorsata	China: Yunnan, Xishuangbanna	AL_Shangrila	654449	654548	24.5100
SRR23343449	Apis dorsata	China: Yunnan, Xishuangbanna	AL_Shangrila	654549	654648	21.4200
SRR23343449	Apis dorsata	China: Yunnan, Xishuangbanna	AL_Shangrila	654649	654748	24.1900
SRR23343449	Apis dorsata	China: Yunnan, Xishuangbanna	AL_Shangrila	654749	654848	29.1400
SRR23343449	Apis dorsata	China: Yunnan, Xishuangbanna	AL_Shangrila	654849	654948	23.2100
SRR23343449	Apis dorsata	China: Yunnan, Xishuangbanna	AL_Shangrila	654949	655048	26.2800
SRR23343449	Apis dorsata	China: Yunnan, Xishuangbanna	AL_Shangrila	655049	655148	27.0500
SRR23343449	Apis dorsata	China: Yunnan, Xishuangbanna	AL_Shangrila	655149	655248	25.4500
SRR23343449	Apis dorsata	China: Yunnan, Xishuangbanna	AL_Shangrila	655249	655348	26.5900
SRR23343449	Apis dorsata	China: Yunnan, Xishuangbanna	AL_Shangrila	655349	655448	31.9000
SRR23343449	Apis dorsata	China: Yunnan, Xishuangbanna	AL_Shangrila	655449	655548	28.4700
SRR23343449	Apis dorsata	China: Yunnan, Xishuangbanna	AL_Shangrila	655549	655648	24.4800
SRR23343449	Apis dorsata	China: Yunnan, Xishuangbanna	AL_Shangrila	655649	655748	23.1600
SRR23343449	Apis dorsata	China: Yunnan, Xishuangbanna	AL_Shangrila	655749	655848	25.3200
SRR23343449	Apis dorsata	China: Yunnan, Xishuangbanna	AL_Shangrila	655849	655948	20.8100
SRR23343449	Apis dorsata	China: Yunnan, Xishuangbanna	AL_Shangrila	655949	656048	23.6500
SRR23343449	Apis dorsata	China: Yunnan, Xishuangbanna	AL_Shangrila	656049	656148	30.5300
SRR23343449	Apis dorsata	China: Yunnan, Xishuangbanna	AL_Shangrila	656149	656248	28.8800
SRR23343449	Apis dorsata	China: Yunnan, Xishuangbanna	AL_Shangrila	656249	656348	23.2400
SRR23343449	Apis dorsata	China: Yunnan, Xishuangbanna	AL_Shangrila	656349	656448	25.5600
SRR23343449	Apis dorsata	China: Yunnan, Xishuangbanna	AL_Shangrila	656449	656548	23.1300
SRR23343449	Apis dorsata	China: Yunnan, Xishuangbanna	AL_Shangrila	656549	656648	23.9800
SRR23343449	Apis dorsata	China: Yunnan, Xishuangbanna	AL_Shangrila	656649	656748	31.0700
SRR23343449	Apis dorsata	China: Yunnan, Xishuangbanna	AL_Shangrila	656749	656848	32.2300
SRR23343449	Apis dorsata	China: Yunnan, Xishuangbanna	AL_Shangrila	656849	656948	30.9600
SRR23343449	Apis dorsata	China: Yunnan, Xishuangbanna	AL_Shangrila	656949	657048	29.8500
SRR23343449	Apis dorsata	China: Yunnan, Xishuangbanna	AL_Shangrila	657049	657148	26.7600
SRR23343449	Apis dorsata	China: Yunnan, Xishuangbanna	AL_Shangrila	657149	657248	22.4200
SRR23343449	Apis dorsata	China: Yunnan, Xishuangbanna	AL_Shangrila	657249	657348	19.3900
SRR23343449	Apis dorsata	China: Yunnan, Xishuangbanna	AL_Shangrila	657349	657448	27.8400
SRR23343449	Apis dorsata	China: Yunnan, Xishuangbanna	AL_Shangrila	657449	657548	25.4300
SRR23343449	Apis dorsata	China: Yunnan, Xishuangbanna	AL_Shangrila	657549	657648	25.6000
SRR23343449	Apis dorsata	China: Yunnan, Xishuangbanna	AL_Shangrila	657649	657748	29.6200
SRR23343449	Apis dorsata	China: Yunnan, Xishuangbanna	AL_Shangrila	657749	657848	31.4100
SRR23343449	Apis dorsata	China: Yunnan, Xishuangbanna	AL_Shangrila	657849	657948	20.3000
SRR23343449	Apis dorsata	China: Yunnan, Xishuangbanna	AL_Shangrila	657949	658048	21.6000
SRR23343449	Apis dorsata	China: Yunnan, Xishuangbanna	AL_Shangrila	658049	658148	19.7000
SRR23343449	Apis dorsata	China: Yunnan, Xishuangbanna	AL_Shangrila	658149	658248	17.8800
SRR23343449	Apis dorsata	China: Yunnan, Xishuangbanna	AL_Shangrila	658249	658348	19.3500
SRR23343449	Apis dorsata	China: Yunnan, Xishuangbanna	AL_Shangrila	658349	658448	21.8800
SRR23343449	Apis dorsata	China: Yunnan, Xishuangbanna	AL_Shangrila	658449	658548	24.5700
SRR23343449	Apis dorsata	China: Yunnan, Xishuangbanna	AL_Shangrila	658549	658648	24.8800
SRR23343449	Apis dorsata	China: Yunnan, Xishuangbanna	AL_Shangrila	658649	658748	24.5200
SRR23343449	Apis dorsata	China: Yunnan, Xishuangbanna	AL_Shangrila	658749	658836	21.2500
SRR23343450	Apis laboriosa	China: Tibet, Linzhi	AL_Shangrila	650749	650848	40.1000
SRR23343450	Apis laboriosa	China: Tibet, Linzhi	AL_Shangrila	650849	650948	43.0400
SRR23343450	Apis laboriosa	China: Tibet, Linzhi	AL_Shangrila	650949	651048	42.1400
SRR23343450	Apis laboriosa	China: Tibet, Linzhi	AL_Shangrila	651049	651148	40.0300
SRR23343450	Apis laboriosa	China: Tibet, Linzhi	AL_Shangrila	651149	651248	38.4800
SRR23343450	Apis laboriosa	China: Tibet, Linzhi	AL_Shangrila	651249	651348	34.4900
SRR23343450	Apis laboriosa	China: Tibet, Linzhi	AL_Shangrila	651349	651448	34.8500
SRR23343450	Apis laboriosa	China: Tibet, Linzhi	AL_Shangrila	651449	651548	35.9800
SRR23343450	Apis laboriosa	China: Tibet, Linzhi	AL_Shangrila	651549	651648	35.4700
SRR23343450	Apis laboriosa	China: Tibet, Linzhi	AL_Shangrila	651649	651748	39.1100
SRR23343450	Apis laboriosa	China: Tibet, Linzhi	AL_Shangrila	651749	651848	43.9100
SRR23343450	Apis laboriosa	China: Tibet, Linzhi	AL_Shangrila	651849	651948	45.7700
SRR23343450	Apis laboriosa	China: Tibet, Linzhi	AL_Shangrila	651949	652048	40.3800
SRR23343450	Apis laboriosa	China: Tibet, Linzhi	AL_Shangrila	652049	652148	32.3400
SRR23343450	Apis laboriosa	China: Tibet, Linzhi	AL_Shangrila	652149	652248	42.5500
SRR23343450	Apis laboriosa	China: Tibet, Linzhi	AL_Shangrila	652249	652348	40.6900
SRR23343450	Apis laboriosa	China: Tibet, Linzhi	AL_Shangrila	652349	652448	35.9200
SRR23343450	Apis laboriosa	China: Tibet, Linzhi	AL_Shangrila	652449	652548	34.6600
SRR23343450	Apis laboriosa	China: Tibet, Linzhi	AL_Shangrila	652549	652648	40.1000
SRR23343450	Apis laboriosa	China: Tibet, Linzhi	AL_Shangrila	652649	652748	38.0200
SRR23343450	Apis laboriosa	China: Tibet, Linzhi	AL_Shangrila	652749	652848	33.8000
SRR23343450	Apis laboriosa	China: Tibet, Linzhi	AL_Shangrila	652849	652948	32.8100
SRR23343450	Apis laboriosa	China: Tibet, Linzhi	AL_Shangrila	652949	653048	39.5300
SRR23343450	Apis laboriosa	China: Tibet, Linzhi	AL_Shangrila	653049	653148	35.7200
SRR23343450	Apis laboriosa	China: Tibet, Linzhi	AL_Shangrila	653149	653248	30.7900
SRR23343450	Apis laboriosa	China: Tibet, Linzhi	AL_Shangrila	653249	653348	35.7000
SRR23343450	Apis laboriosa	China: Tibet, Linzhi	AL_Shangrila	653349	653448	44.7500
SRR23343450	Apis laboriosa	China: Tibet, Linzhi	AL_Shangrila	653449	653548	41.4400
SRR23343450	Apis laboriosa	China: Tibet, Linzhi	AL_Shangrila	653549	653648	36.1800
SRR23343450	Apis laboriosa	China: Tibet, Linzhi	AL_Shangrila	653649	653748	47.3600
SRR23343450	Apis laboriosa	China: Tibet, Linzhi	AL_Shangrila	653749	653848	42.1400
SRR23343450	Apis laboriosa	China: Tibet, Linzhi	AL_Shangrila	653849	653948	33.5900
SRR23343450	Apis laboriosa	China: Tibet, Linzhi	AL_Shangrila	653949	654048	22.4400
SRR23343450	Apis laboriosa	China: Tibet, Linzhi	AL_Shangrila	654049	654148	22.4600
SRR23343450	Apis laboriosa	China: Tibet, Linzhi	AL_Shangrila	654149	654248	31.4000
SRR23343450	Apis laboriosa	China: Tibet, Linzhi	AL_Shangrila	654249	654348	34.0300
SRR23343450	Apis laboriosa	China: Tibet, Linzhi	AL_Shangrila	654349	654448	32.7100
SRR23343450	Apis laboriosa	China: Tibet, Linzhi	AL_Shangrila	654449	654548	40.0900
SRR23343450	Apis laboriosa	China: Tibet, Linzhi	AL_Shangrila	654549	654648	42.8800
SRR23343450	Apis laboriosa	China: Tibet, Linzhi	AL_Shangrila	654649	654748	38.0100
SRR23343450	Apis laboriosa	China: Tibet, Linzhi	AL_Shangrila	654749	654848	37.3700
SRR23343450	Apis laboriosa	China: Tibet, Linzhi	AL_Shangrila	654849	654948	32.5900
SRR23343450	Apis laboriosa	China: Tibet, Linzhi	AL_Shangrila	654949	655048	42.1300
SRR23343450	Apis laboriosa	China: Tibet, Linzhi	AL_Shangrila	655049	655148	39.6100
SRR23343450	Apis laboriosa	China: Tibet, Linzhi	AL_Shangrila	655149	655248	38.6100
SRR23343450	Apis laboriosa	China: Tibet, Linzhi	AL_Shangrila	655249	655348	41.4200
SRR23343450	Apis laboriosa	China: Tibet, Linzhi	AL_Shangrila	655349	655448	38.6800
SRR23343450	Apis laboriosa	China: Tibet, Linzhi	AL_Shangrila	655449	655548	32.4400
SRR23343450	Apis laboriosa	China: Tibet, Linzhi	AL_Shangrila	655549	655648	31.6800
SRR23343450	Apis laboriosa	China: Tibet, Linzhi	AL_Shangrila	655649	655748	30.5500
SRR23343450	Apis laboriosa	China: Tibet, Linzhi	AL_Shangrila	655749	655848	26.6800
SRR23343450	Apis laboriosa	China: Tibet, Linzhi	AL_Shangrila	655849	655948	33.7100
SRR23343450	Apis laboriosa	China: Tibet, Linzhi	AL_Shangrila	655949	656048	35.9000
SRR23343450	Apis laboriosa	China: Tibet, Linzhi	AL_Shangrila	656049	656148	41.7100
SRR23343450	Apis laboriosa	China: Tibet, Linzhi	AL_Shangrila	656149	656248	42.1700
SRR23343450	Apis laboriosa	China: Tibet, Linzhi	AL_Shangrila	656249	656348	37.3100
SRR23343450	Apis laboriosa	China: Tibet, Linzhi	AL_Shangrila	656349	656448	37.0800
SRR23343450	Apis laboriosa	China: Tibet, Linzhi	AL_Shangrila	656449	656548	31.5800
SRR23343450	Apis laboriosa	China: Tibet, Linzhi	AL_Shangrila	656549	656648	30.5300
SRR23343450	Apis laboriosa	China: Tibet, Linzhi	AL_Shangrila	656649	656748	33.5500
SRR23343450	Apis laboriosa	China: Tibet, Linzhi	AL_Shangrila	656749	656848	33.1700
SRR23343450	Apis laboriosa	China: Tibet, Linzhi	AL_Shangrila	656849	656948	27.4400
SRR23343450	Apis laboriosa	China: Tibet, Linzhi	AL_Shangrila	656949	657048	32.9000
SRR23343450	Apis laboriosa	China: Tibet, Linzhi	AL_Shangrila	657049	657148	41.8500
SRR23343450	Apis laboriosa	China: Tibet, Linzhi	AL_Shangrila	657149	657248	38.4900
SRR23343450	Apis laboriosa	China: Tibet, Linzhi	AL_Shangrila	657249	657348	34.2300
SRR23343450	Apis laboriosa	China: Tibet, Linzhi	AL_Shangrila	657349	657448	42.5900
SRR23343450	Apis laboriosa	China: Tibet, Linzhi	AL_Shangrila	657449	657548	42.7300
SRR23343450	Apis laboriosa	China: Tibet, Linzhi	AL_Shangrila	657549	657648	39.5600
SRR23343450	Apis laboriosa	China: Tibet, Linzhi	AL_Shangrila	657649	657748	40.3300
SRR23343450	Apis laboriosa	China: Tibet, Linzhi	AL_Shangrila	657749	657848	32.1000
SRR23343450	Apis laboriosa	China: Tibet, Linzhi	AL_Shangrila	657849	657948	37.1200
SRR23343450	Apis laboriosa	China: Tibet, Linzhi	AL_Shangrila	657949	658048	36.3400
SRR23343450	Apis laboriosa	China: Tibet, Linzhi	AL_Shangrila	658049	658148	28.4600
SRR23343450	Apis laboriosa	China: Tibet, Linzhi	AL_Shangrila	658149	658248	34.2700
SRR23343450	Apis laboriosa	China: Tibet, Linzhi	AL_Shangrila	658249	658348	31.8100
SRR23343450	Apis laboriosa	China: Tibet, Linzhi	AL_Shangrila	658349	658448	28.9200
SRR23343450	Apis laboriosa	China: Tibet, Linzhi	AL_Shangrila	658449	658548	30.7300
SRR23343450	Apis laboriosa	China: Tibet, Linzhi	AL_Shangrila	658549	658648	30.3600
SRR23343450	Apis laboriosa	China: Tibet, Linzhi	AL_Shangrila	658649	658748	25.0500
SRR23343450	Apis laboriosa	China: Tibet, Linzhi	AL_Shangrila	658749	658836	22.0455
SRR23343451	Apis laboriosa	China: Tibet, Linzhi	AL_Shangrila	650749	650848	24.5200
SRR23343451	Apis laboriosa	China: Tibet, Linzhi	AL_Shangrila	650849	650948	24.0500
SRR23343451	Apis laboriosa	China: Tibet, Linzhi	AL_Shangrila	650949	651048	21.9700
SRR23343451	Apis laboriosa	China: Tibet, Linzhi	AL_Shangrila	651049	651148	22.7600
SRR23343451	Apis laboriosa	China: Tibet, Linzhi	AL_Shangrila	651149	651248	20.7000
SRR23343451	Apis laboriosa	China: Tibet, Linzhi	AL_Shangrila	651249	651348	24.0600
SRR23343451	Apis laboriosa	China: Tibet, Linzhi	AL_Shangrila	651349	651448	27.0000
SRR23343451	Apis laboriosa	China: Tibet, Linzhi	AL_Shangrila	651449	651548	29.1000
SRR23343451	Apis laboriosa	China: Tibet, Linzhi	AL_Shangrila	651549	651648	31.4800
SRR23343451	Apis laboriosa	China: Tibet, Linzhi	AL_Shangrila	651649	651748	33.7900
SRR23343451	Apis laboriosa	China: Tibet, Linzhi	AL_Shangrila	651749	651848	39.3500
SRR23343451	Apis laboriosa	China: Tibet, Linzhi	AL_Shangrila	651849	651948	29.9100
SRR23343451	Apis laboriosa	China: Tibet, Linzhi	AL_Shangrila	651949	652048	31.3100
SRR23343451	Apis laboriosa	China: Tibet, Linzhi	AL_Shangrila	652049	652148	30.9300
SRR23343451	Apis laboriosa	China: Tibet, Linzhi	AL_Shangrila	652149	652248	24.2000
SRR23343451	Apis laboriosa	China: Tibet, Linzhi	AL_Shangrila	652249	652348	23.6300
SRR23343451	Apis laboriosa	China: Tibet, Linzhi	AL_Shangrila	652349	652448	22.6100
SRR23343451	Apis laboriosa	China: Tibet, Linzhi	AL_Shangrila	652449	652548	32.3400
SRR23343451	Apis laboriosa	China: Tibet, Linzhi	AL_Shangrila	652549	652648	38.3000
SRR23343451	Apis laboriosa	China: Tibet, Linzhi	AL_Shangrila	652649	652748	31.7000
SRR23343451	Apis laboriosa	China: Tibet, Linzhi	AL_Shangrila	652749	652848	36.0600
SRR23343451	Apis laboriosa	China: Tibet, Linzhi	AL_Shangrila	652849	652948	29.7500
SRR23343451	Apis laboriosa	China: Tibet, Linzhi	AL_Shangrila	652949	653048	33.2300
SRR23343451	Apis laboriosa	China: Tibet, Linzhi	AL_Shangrila	653049	653148	31.3800
SRR23343451	Apis laboriosa	China: Tibet, Linzhi	AL_Shangrila	653149	653248	24.5000
SRR23343451	Apis laboriosa	China: Tibet, Linzhi	AL_Shangrila	653249	653348	28.6200
SRR23343451	Apis laboriosa	China: Tibet, Linzhi	AL_Shangrila	653349	653448	28.4800
SRR23343451	Apis laboriosa	China: Tibet, Linzhi	AL_Shangrila	653449	653548	33.9600
SRR23343451	Apis laboriosa	China: Tibet, Linzhi	AL_Shangrila	653549	653648	27.3900
SRR23343451	Apis laboriosa	China: Tibet, Linzhi	AL_Shangrila	653649	653748	25.4300
SRR23343451	Apis laboriosa	China: Tibet, Linzhi	AL_Shangrila	653749	653848	24.4100
SRR23343451	Apis laboriosa	China: Tibet, Linzhi	AL_Shangrila	653849	653948	27.9700
SRR23343451	Apis laboriosa	China: Tibet, Linzhi	AL_Shangrila	653949	654048	20.4100
SRR23343451	Apis laboriosa	China: Tibet, Linzhi	AL_Shangrila	654049	654148	23.0000
SRR23343451	Apis laboriosa	China: Tibet, Linzhi	AL_Shangrila	654149	654248	30.4200
SRR23343451	Apis laboriosa	China: Tibet, Linzhi	AL_Shangrila	654249	654348	29.6000
SRR23343451	Apis laboriosa	China: Tibet, Linzhi	AL_Shangrila	654349	654448	30.5900
SRR23343451	Apis laboriosa	China: Tibet, Linzhi	AL_Shangrila	654449	654548	21.8700
SRR23343451	Apis laboriosa	China: Tibet, Linzhi	AL_Shangrila	654549	654648	14.9100
SRR23343451	Apis laboriosa	China: Tibet, Linzhi	AL_Shangrila	654649	654748	16.3600
SRR23343451	Apis laboriosa	China: Tibet, Linzhi	AL_Shangrila	654749	654848	24.9100
SRR23343451	Apis laboriosa	China: Tibet, Linzhi	AL_Shangrila	654849	654948	24.6700
SRR23343451	Apis laboriosa	China: Tibet, Linzhi	AL_Shangrila	654949	655048	31.4700
SRR23343451	Apis laboriosa	China: Tibet, Linzhi	AL_Shangrila	655049	655148	35.5900
SRR23343451	Apis laboriosa	China: Tibet, Linzhi	AL_Shangrila	655149	655248	37.4100
SRR23343451	Apis laboriosa	China: Tibet, Linzhi	AL_Shangrila	655249	655348	38.6600
SRR23343451	Apis laboriosa	China: Tibet, Linzhi	AL_Shangrila	655349	655448	32.6200
SRR23343451	Apis laboriosa	China: Tibet, Linzhi	AL_Shangrila	655449	655548	37.0400
SRR23343451	Apis laboriosa	China: Tibet, Linzhi	AL_Shangrila	655549	655648	27.9300
SRR23343451	Apis laboriosa	China: Tibet, Linzhi	AL_Shangrila	655649	655748	28.9800
SRR23343451	Apis laboriosa	China: Tibet, Linzhi	AL_Shangrila	655749	655848	33.2900
SRR23343451	Apis laboriosa	China: Tibet, Linzhi	AL_Shangrila	655849	655948	28.1100
SRR23343451	Apis laboriosa	China: Tibet, Linzhi	AL_Shangrila	655949	656048	25.5300
SRR23343451	Apis laboriosa	China: Tibet, Linzhi	AL_Shangrila	656049	656148	27.4900
SRR23343451	Apis laboriosa	China: Tibet, Linzhi	AL_Shangrila	656149	656248	23.5700
SRR23343451	Apis laboriosa	China: Tibet, Linzhi	AL_Shangrila	656249	656348	22.9600
SRR23343451	Apis laboriosa	China: Tibet, Linzhi	AL_Shangrila	656349	656448	26.0100
SRR23343451	Apis laboriosa	China: Tibet, Linzhi	AL_Shangrila	656449	656548	28.3000
SRR23343451	Apis laboriosa	China: Tibet, Linzhi	AL_Shangrila	656549	656648	26.4900
SRR23343451	Apis laboriosa	China: Tibet, Linzhi	AL_Shangrila	656649	656748	31.6700
SRR23343451	Apis laboriosa	China: Tibet, Linzhi	AL_Shangrila	656749	656848	31.1300
SRR23343451	Apis laboriosa	China: Tibet, Linzhi	AL_Shangrila	656849	656948	27.2400
SRR23343451	Apis laboriosa	China: Tibet, Linzhi	AL_Shangrila	656949	657048	24.5700
SRR23343451	Apis laboriosa	China: Tibet, Linzhi	AL_Shangrila	657049	657148	22.6200
SRR23343451	Apis laboriosa	China: Tibet, Linzhi	AL_Shangrila	657149	657248	24.1700
SRR23343451	Apis laboriosa	China: Tibet, Linzhi	AL_Shangrila	657249	657348	23.9200
SRR23343451	Apis laboriosa	China: Tibet, Linzhi	AL_Shangrila	657349	657448	25.1600
SRR23343451	Apis laboriosa	China: Tibet, Linzhi	AL_Shangrila	657449	657548	25.3600
SRR23343451	Apis laboriosa	China: Tibet, Linzhi	AL_Shangrila	657549	657648	18.7800
SRR23343451	Apis laboriosa	China: Tibet, Linzhi	AL_Shangrila	657649	657748	23.1900
SRR23343451	Apis laboriosa	China: Tibet, Linzhi	AL_Shangrila	657749	657848	24.6500
SRR23343451	Apis laboriosa	China: Tibet, Linzhi	AL_Shangrila	657849	657948	28.4000
SRR23343451	Apis laboriosa	China: Tibet, Linzhi	AL_Shangrila	657949	658048	30.8900
SRR23343451	Apis laboriosa	China: Tibet, Linzhi	AL_Shangrila	658049	658148	32.3600
SRR23343451	Apis laboriosa	China: Tibet, Linzhi	AL_Shangrila	658149	658248	32.8000
SRR23343451	Apis laboriosa	China: Tibet, Linzhi	AL_Shangrila	658249	658348	28.4800
SRR23343451	Apis laboriosa	China: Tibet, Linzhi	AL_Shangrila	658349	658448	21.6000
SRR23343451	Apis laboriosa	China: Tibet, Linzhi	AL_Shangrila	658449	658548	17.0100
SRR23343451	Apis laboriosa	China: Tibet, Linzhi	AL_Shangrila	658549	658648	14.8500
SRR23343451	Apis laboriosa	China: Tibet, Linzhi	AL_Shangrila	658649	658748	12.4500
SRR23343451	Apis laboriosa	China: Tibet, Linzhi	AL_Shangrila	658749	658836	19.5568
SRR23343452	Apis laboriosa	China: Tibet, Linzhi	AL_Shangrila	650749	650848	32.0000
SRR23343452	Apis laboriosa	China: Tibet, Linzhi	AL_Shangrila	650849	650948	41.4700
SRR23343452	Apis laboriosa	China: Tibet, Linzhi	AL_Shangrila	650949	651048	41.6200
SRR23343452	Apis laboriosa	China: Tibet, Linzhi	AL_Shangrila	651049	651148	34.1200
SRR23343452	Apis laboriosa	China: Tibet, Linzhi	AL_Shangrila	651149	651248	33.3100
SRR23343452	Apis laboriosa	China: Tibet, Linzhi	AL_Shangrila	651249	651348	33.4500
SRR23343452	Apis laboriosa	China: Tibet, Linzhi	AL_Shangrila	651349	651448	32.2300
SRR23343452	Apis laboriosa	China: Tibet, Linzhi	AL_Shangrila	651449	651548	28.9100
SRR23343452	Apis laboriosa	China: Tibet, Linzhi	AL_Shangrila	651549	651648	32.3200
SRR23343452	Apis laboriosa	China: Tibet, Linzhi	AL_Shangrila	651649	651748	35.4300
SRR23343452	Apis laboriosa	China: Tibet, Linzhi	AL_Shangrila	651749	651848	38.3400
SRR23343452	Apis laboriosa	China: Tibet, Linzhi	AL_Shangrila	651849	651948	45.0900
SRR23343452	Apis laboriosa	China: Tibet, Linzhi	AL_Shangrila	651949	652048	35.9200
SRR23343452	Apis laboriosa	China: Tibet, Linzhi	AL_Shangrila	652049	652148	37.2900
SRR23343452	Apis laboriosa	China: Tibet, Linzhi	AL_Shangrila	652149	652248	36.0400
SRR23343452	Apis laboriosa	China: Tibet, Linzhi	AL_Shangrila	652249	652348	39.6100
SRR23343452	Apis laboriosa	China: Tibet, Linzhi	AL_Shangrila	652349	652448	41.6600
SRR23343452	Apis laboriosa	China: Tibet, Linzhi	AL_Shangrila	652449	652548	46.4000
SRR23343452	Apis laboriosa	China: Tibet, Linzhi	AL_Shangrila	652549	652648	45.0100
SRR23343452	Apis laboriosa	China: Tibet, Linzhi	AL_Shangrila	652649	652748	41.3500
SRR23343452	Apis laboriosa	China: Tibet, Linzhi	AL_Shangrila	652749	652848	40.2500
SRR23343452	Apis laboriosa	China: Tibet, Linzhi	AL_Shangrila	652849	652948	33.1300
SRR23343452	Apis laboriosa	China: Tibet, Linzhi	AL_Shangrila	652949	653048	35.4700
SRR23343452	Apis laboriosa	China: Tibet, Linzhi	AL_Shangrila	653049	653148	36.1500
SRR23343452	Apis laboriosa	China: Tibet, Linzhi	AL_Shangrila	653149	653248	35.9400
SRR23343452	Apis laboriosa	China: Tibet, Linzhi	AL_Shangrila	653249	653348	30.4900
SRR23343452	Apis laboriosa	China: Tibet, Linzhi	AL_Shangrila	653349	653448	29.3300
SRR23343452	Apis laboriosa	China: Tibet, Linzhi	AL_Shangrila	653449	653548	32.3400
SRR23343452	Apis laboriosa	China: Tibet, Linzhi	AL_Shangrila	653549	653648	37.2800
SRR23343452	Apis laboriosa	China: Tibet, Linzhi	AL_Shangrila	653649	653748	45.2700
SRR23343452	Apis laboriosa	China: Tibet, Linzhi	AL_Shangrila	653749	653848	38.6100
SRR23343452	Apis laboriosa	China: Tibet, Linzhi	AL_Shangrila	653849	653948	40.7000
SRR23343452	Apis laboriosa	China: Tibet, Linzhi	AL_Shangrila	653949	654048	35.4300
SRR23343452	Apis laboriosa	China: Tibet, Linzhi	AL_Shangrila	654049	654148	34.9900
SRR23343452	Apis laboriosa	China: Tibet, Linzhi	AL_Shangrila	654149	654248	39.7200
SRR23343452	Apis laboriosa	China: Tibet, Linzhi	AL_Shangrila	654249	654348	49.4900
SRR23343452	Apis laboriosa	China: Tibet, Linzhi	AL_Shangrila	654349	654448	45.2300
SRR23343452	Apis laboriosa	China: Tibet, Linzhi	AL_Shangrila	654449	654548	38.5600
SRR23343452	Apis laboriosa	China: Tibet, Linzhi	AL_Shangrila	654549	654648	39.4000
SRR23343452	Apis laboriosa	China: Tibet, Linzhi	AL_Shangrila	654649	654748	38.6700
SRR23343452	Apis laboriosa	China: Tibet, Linzhi	AL_Shangrila	654749	654848	35.6400
SRR23343452	Apis laboriosa	China: Tibet, Linzhi	AL_Shangrila	654849	654948	43.7200
SRR23343452	Apis laboriosa	China: Tibet, Linzhi	AL_Shangrila	654949	655048	43.5700
SRR23343452	Apis laboriosa	China: Tibet, Linzhi	AL_Shangrila	655049	655148	48.5700
SRR23343452	Apis laboriosa	China: Tibet, Linzhi	AL_Shangrila	655149	655248	46.7500
SRR23343452	Apis laboriosa	China: Tibet, Linzhi	AL_Shangrila	655249	655348	48.1500
SRR23343452	Apis laboriosa	China: Tibet, Linzhi	AL_Shangrila	655349	655448	42.2400
SRR23343452	Apis laboriosa	China: Tibet, Linzhi	AL_Shangrila	655449	655548	41.3800
SRR23343452	Apis laboriosa	China: Tibet, Linzhi	AL_Shangrila	655549	655648	32.5100
SRR23343452	Apis laboriosa	China: Tibet, Linzhi	AL_Shangrila	655649	655748	29.1600
SRR23343452	Apis laboriosa	China: Tibet, Linzhi	AL_Shangrila	655749	655848	37.8700
SRR23343452	Apis laboriosa	China: Tibet, Linzhi	AL_Shangrila	655849	655948	29.9200
SRR23343452	Apis laboriosa	China: Tibet, Linzhi	AL_Shangrila	655949	656048	27.0700
SRR23343452	Apis laboriosa	China: Tibet, Linzhi	AL_Shangrila	656049	656148	32.6800
SRR23343452	Apis laboriosa	China: Tibet, Linzhi	AL_Shangrila	656149	656248	34.8200
SRR23343452	Apis laboriosa	China: Tibet, Linzhi	AL_Shangrila	656249	656348	33.4000
SRR23343452	Apis laboriosa	China: Tibet, Linzhi	AL_Shangrila	656349	656448	23.4900
SRR23343452	Apis laboriosa	China: Tibet, Linzhi	AL_Shangrila	656449	656548	27.6500
SRR23343452	Apis laboriosa	China: Tibet, Linzhi	AL_Shangrila	656549	656648	29.9800
SRR23343452	Apis laboriosa	China: Tibet, Linzhi	AL_Shangrila	656649	656748	34.2600
SRR23343452	Apis laboriosa	China: Tibet, Linzhi	AL_Shangrila	656749	656848	30.8700
SRR23343452	Apis laboriosa	China: Tibet, Linzhi	AL_Shangrila	656849	656948	33.0900
SRR23343452	Apis laboriosa	China: Tibet, Linzhi	AL_Shangrila	656949	657048	35.1100
SRR23343452	Apis laboriosa	China: Tibet, Linzhi	AL_Shangrila	657049	657148	27.0200
SRR23343452	Apis laboriosa	China: Tibet, Linzhi	AL_Shangrila	657149	657248	30.5500
SRR23343452	Apis laboriosa	China: Tibet, Linzhi	AL_Shangrila	657249	657348	24.3700
SRR23343452	Apis laboriosa	China: Tibet, Linzhi	AL_Shangrila	657349	657448	23.4400
SRR23343452	Apis laboriosa	China: Tibet, Linzhi	AL_Shangrila	657449	657548	29.7200
SRR23343452	Apis laboriosa	China: Tibet, Linzhi	AL_Shangrila	657549	657648	28.1700
SRR23343452	Apis laboriosa	China: Tibet, Linzhi	AL_Shangrila	657649	657748	28.1700
SRR23343452	Apis laboriosa	China: Tibet, Linzhi	AL_Shangrila	657749	657848	33.2800
SRR23343452	Apis laboriosa	China: Tibet, Linzhi	AL_Shangrila	657849	657948	29.2900
SRR23343452	Apis laboriosa	China: Tibet, Linzhi	AL_Shangrila	657949	658048	23.0400
SRR23343452	Apis laboriosa	China: Tibet, Linzhi	AL_Shangrila	658049	658148	26.0300
SRR23343452	Apis laboriosa	China: Tibet, Linzhi	AL_Shangrila	658149	658248	38.3700
SRR23343452	Apis laboriosa	China: Tibet, Linzhi	AL_Shangrila	658249	658348	30.1400
SRR23343452	Apis laboriosa	China: Tibet, Linzhi	AL_Shangrila	658349	658448	34.9900
SRR23343452	Apis laboriosa	China: Tibet, Linzhi	AL_Shangrila	658449	658548	34.9200
SRR23343452	Apis laboriosa	China: Tibet, Linzhi	AL_Shangrila	658549	658648	31.1500
SRR23343452	Apis laboriosa	China: Tibet, Linzhi	AL_Shangrila	658649	658748	26.9400
SRR23343452	Apis laboriosa	China: Tibet, Linzhi	AL_Shangrila	658749	658836	39.4205
SRR23343453	Apis laboriosa	China: Yunnan, Diqing	AL_Shangrila	650749	650848	25.2100
SRR23343453	Apis laboriosa	China: Yunnan, Diqing	AL_Shangrila	650849	650948	22.6700
SRR23343453	Apis laboriosa	China: Yunnan, Diqing	AL_Shangrila	650949	651048	16.7500
SRR23343453	Apis laboriosa	China: Yunnan, Diqing	AL_Shangrila	651049	651148	11.6200
SRR23343453	Apis laboriosa	China: Yunnan, Diqing	AL_Shangrila	651149	651248	14.0200
SRR23343453	Apis laboriosa	China: Yunnan, Diqing	AL_Shangrila	651249	651348	12.7500
SRR23343453	Apis laboriosa	China: Yunnan, Diqing	AL_Shangrila	651349	651448	13.0600
SRR23343453	Apis laboriosa	China: Yunnan, Diqing	AL_Shangrila	651449	651548	10.4600
SRR23343453	Apis laboriosa	China: Yunnan, Diqing	AL_Shangrila	651549	651648	12.3400
SRR23343453	Apis laboriosa	China: Yunnan, Diqing	AL_Shangrila	651649	651748	20.8400
SRR23343453	Apis laboriosa	China: Yunnan, Diqing	AL_Shangrila	651749	651848	21.3600
SRR23343453	Apis laboriosa	China: Yunnan, Diqing	AL_Shangrila	651849	651948	23.1100
SRR23343453	Apis laboriosa	China: Yunnan, Diqing	AL_Shangrila	651949	652048	25.5300
SRR23343453	Apis laboriosa	China: Yunnan, Diqing	AL_Shangrila	652049	652148	31.6800
SRR23343453	Apis laboriosa	China: Yunnan, Diqing	AL_Shangrila	652149	652248	27.8300
SRR23343453	Apis laboriosa	China: Yunnan, Diqing	AL_Shangrila	652249	652348	28.5800
SRR23343453	Apis laboriosa	China: Yunnan, Diqing	AL_Shangrila	652349	652448	25.0000
SRR23343453	Apis laboriosa	China: Yunnan, Diqing	AL_Shangrila	652449	652548	21.3100
SRR23343453	Apis laboriosa	China: Yunnan, Diqing	AL_Shangrila	652549	652648	20.8700
SRR23343453	Apis laboriosa	China: Yunnan, Diqing	AL_Shangrila	652649	652748	27.0400
SRR23343453	Apis laboriosa	China: Yunnan, Diqing	AL_Shangrila	652749	652848	36.0800
SRR23343453	Apis laboriosa	China: Yunnan, Diqing	AL_Shangrila	652849	652948	29.7500
SRR23343453	Apis laboriosa	China: Yunnan, Diqing	AL_Shangrila	652949	653048	32.6600
SRR23343453	Apis laboriosa	China: Yunnan, Diqing	AL_Shangrila	653049	653148	38.3600
SRR23343453	Apis laboriosa	China: Yunnan, Diqing	AL_Shangrila	653149	653248	31.0000
SRR23343453	Apis laboriosa	China: Yunnan, Diqing	AL_Shangrila	653249	653348	32.8900
SRR23343453	Apis laboriosa	China: Yunnan, Diqing	AL_Shangrila	653349	653448	27.6900
SRR23343453	Apis laboriosa	China: Yunnan, Diqing	AL_Shangrila	653449	653548	26.1700
SRR23343453	Apis laboriosa	China: Yunnan, Diqing	AL_Shangrila	653549	653648	21.1800
SRR23343453	Apis laboriosa	China: Yunnan, Diqing	AL_Shangrila	653649	653748	22.7100
SRR23343453	Apis laboriosa	China: Yunnan, Diqing	AL_Shangrila	653749	653848	23.8800
SRR23343453	Apis laboriosa	China: Yunnan, Diqing	AL_Shangrila	653849	653948	17.7500
SRR23343453	Apis laboriosa	China: Yunnan, Diqing	AL_Shangrila	653949	654048	9.9900
SRR23343453	Apis laboriosa	China: Yunnan, Diqing	AL_Shangrila	654049	654148	20.7500
SRR23343453	Apis laboriosa	China: Yunnan, Diqing	AL_Shangrila	654149	654248	19.0000
SRR23343453	Apis laboriosa	China: Yunnan, Diqing	AL_Shangrila	654249	654348	18.9800
SRR23343453	Apis laboriosa	China: Yunnan, Diqing	AL_Shangrila	654349	654448	15.2700
SRR23343453	Apis laboriosa	China: Yunnan, Diqing	AL_Shangrila	654449	654548	11.6600
SRR23343453	Apis laboriosa	China: Yunnan, Diqing	AL_Shangrila	654549	654648	12.0100
SRR23343453	Apis laboriosa	China: Yunnan, Diqing	AL_Shangrila	654649	654748	15.8000
SRR23343453	Apis laboriosa	China: Yunnan, Diqing	AL_Shangrila	654749	654848	15.7200
SRR23343453	Apis laboriosa	China: Yunnan, Diqing	AL_Shangrila	654849	654948	16.2200
SRR23343453	Apis laboriosa	China: Yunnan, Diqing	AL_Shangrila	654949	655048	20.0400
SRR23343453	Apis laboriosa	China: Yunnan, Diqing	AL_Shangrila	655049	655148	20.6500
SRR23343453	Apis laboriosa	China: Yunnan, Diqing	AL_Shangrila	655149	655248	11.8600
SRR23343453	Apis laboriosa	China: Yunnan, Diqing	AL_Shangrila	655249	655348	10.2900
SRR23343453	Apis laboriosa	China: Yunnan, Diqing	AL_Shangrila	655349	655448	10.7000
SRR23343453	Apis laboriosa	China: Yunnan, Diqing	AL_Shangrila	655449	655548	4.6300
SRR23343453	Apis laboriosa	China: Yunnan, Diqing	AL_Shangrila	655549	655648	4.5900
SRR23343453	Apis laboriosa	China: Yunnan, Diqing	AL_Shangrila	655649	655748	9.2600
SRR23343453	Apis laboriosa	China: Yunnan, Diqing	AL_Shangrila	655749	655848	6.7900
SRR23343453	Apis laboriosa	China: Yunnan, Diqing	AL_Shangrila	655849	655948	8.6200
SRR23343453	Apis laboriosa	China: Yunnan, Diqing	AL_Shangrila	655949	656048	8.7400
SRR23343453	Apis laboriosa	China: Yunnan, Diqing	AL_Shangrila	656049	656148	13.8400
SRR23343453	Apis laboriosa	China: Yunnan, Diqing	AL_Shangrila	656149	656248	14.7300
SRR23343453	Apis laboriosa	China: Yunnan, Diqing	AL_Shangrila	656249	656348	14.5200
SRR23343453	Apis laboriosa	China: Yunnan, Diqing	AL_Shangrila	656349	656448	9.9000
SRR23343453	Apis laboriosa	China: Yunnan, Diqing	AL_Shangrila	656449	656548	13.5400
SRR23343453	Apis laboriosa	China: Yunnan, Diqing	AL_Shangrila	656549	656648	15.2100
SRR23343453	Apis laboriosa	China: Yunnan, Diqing	AL_Shangrila	656649	656748	13.1200
SRR23343453	Apis laboriosa	China: Yunnan, Diqing	AL_Shangrila	656749	656848	16.2000
SRR23343453	Apis laboriosa	China: Yunnan, Diqing	AL_Shangrila	656849	656948	14.0200
SRR23343453	Apis laboriosa	China: Yunnan, Diqing	AL_Shangrila	656949	657048	9.0500
SRR23343453	Apis laboriosa	China: Yunnan, Diqing	AL_Shangrila	657049	657148	4.6200
SRR23343453	Apis laboriosa	China: Yunnan, Diqing	AL_Shangrila	657149	657248	1.8800
SRR23343453	Apis laboriosa	China: Yunnan, Diqing	AL_Shangrila	657249	657348	1.6300
SRR23343453	Apis laboriosa	China: Yunnan, Diqing	AL_Shangrila	657349	657448	1.1700
SRR23343453	Apis laboriosa	China: Yunnan, Diqing	AL_Shangrila	657449	657548	0.6100
SRR23343453	Apis laboriosa	China: Yunnan, Diqing	AL_Shangrila	657549	657648	1.3500
SRR23343453	Apis laboriosa	China: Yunnan, Diqing	AL_Shangrila	657649	657748	0.9900
SRR23343453	Apis laboriosa	China: Yunnan, Diqing	AL_Shangrila	657749	657848	0.0400
SRR23343453	Apis laboriosa	China: Yunnan, Diqing	AL_Shangrila	657849	657948	0.0000
SRR23343453	Apis laboriosa	China: Yunnan, Diqing	AL_Shangrila	657949	658048	0.6400
SRR23343453	Apis laboriosa	China: Yunnan, Diqing	AL_Shangrila	658049	658148	0.8200
SRR23343453	Apis laboriosa	China: Yunnan, Diqing	AL_Shangrila	658149	658248	1.0700
SRR23343453	Apis laboriosa	China: Yunnan, Diqing	AL_Shangrila	658249	658348	1.2200
SRR23343453	Apis laboriosa	China: Yunnan, Diqing	AL_Shangrila	658349	658448	1.1900
SRR23343453	Apis laboriosa	China: Yunnan, Diqing	AL_Shangrila	658449	658548	3.1400
SRR23343453	Apis laboriosa	China: Yunnan, Diqing	AL_Shangrila	658549	658648	6.2900
SRR23343453	Apis laboriosa	China: Yunnan, Diqing	AL_Shangrila	658649	658748	4.8200
SRR23343453	Apis laboriosa	China: Yunnan, Diqing	AL_Shangrila	658749	658836	6.7500
SRR23343454	Apis laboriosa	China: Yunnan, Diqing	AL_Shangrila	650749	650848	29.9400
SRR23343454	Apis laboriosa	China: Yunnan, Diqing	AL_Shangrila	650849	650948	26.1300
SRR23343454	Apis laboriosa	China: Yunnan, Diqing	AL_Shangrila	650949	651048	31.2100
SRR23343454	Apis laboriosa	China: Yunnan, Diqing	AL_Shangrila	651049	651148	29.1200
SRR23343454	Apis laboriosa	China: Yunnan, Diqing	AL_Shangrila	651149	651248	24.4800
SRR23343454	Apis laboriosa	China: Yunnan, Diqing	AL_Shangrila	651249	651348	36.4700
SRR23343454	Apis laboriosa	China: Yunnan, Diqing	AL_Shangrila	651349	651448	28.8700
SRR23343454	Apis laboriosa	China: Yunnan, Diqing	AL_Shangrila	651449	651548	32.2900
SRR23343454	Apis laboriosa	China: Yunnan, Diqing	AL_Shangrila	651549	651648	36.0600
SRR23343454	Apis laboriosa	China: Yunnan, Diqing	AL_Shangrila	651649	651748	27.0900
SRR23343454	Apis laboriosa	China: Yunnan, Diqing	AL_Shangrila	651749	651848	39.1500
SRR23343454	Apis laboriosa	China: Yunnan, Diqing	AL_Shangrila	651849	651948	25.3500
SRR23343454	Apis laboriosa	China: Yunnan, Diqing	AL_Shangrila	651949	652048	33.6400
SRR23343454	Apis laboriosa	China: Yunnan, Diqing	AL_Shangrila	652049	652148	33.8700
SRR23343454	Apis laboriosa	China: Yunnan, Diqing	AL_Shangrila	652149	652248	25.4500
SRR23343454	Apis laboriosa	China: Yunnan, Diqing	AL_Shangrila	652249	652348	32.3100
SRR23343454	Apis laboriosa	China: Yunnan, Diqing	AL_Shangrila	652349	652448	27.9900
SRR23343454	Apis laboriosa	China: Yunnan, Diqing	AL_Shangrila	652449	652548	26.2400
SRR23343454	Apis laboriosa	China: Yunnan, Diqing	AL_Shangrila	652549	652648	36.3700
SRR23343454	Apis laboriosa	China: Yunnan, Diqing	AL_Shangrila	652649	652748	41.4600
SRR23343454	Apis laboriosa	China: Yunnan, Diqing	AL_Shangrila	652749	652848	29.5000
SRR23343454	Apis laboriosa	China: Yunnan, Diqing	AL_Shangrila	652849	652948	29.8100
SRR23343454	Apis laboriosa	China: Yunnan, Diqing	AL_Shangrila	652949	653048	33.5800
SRR23343454	Apis laboriosa	China: Yunnan, Diqing	AL_Shangrila	653049	653148	30.3900
SRR23343454	Apis laboriosa	China: Yunnan, Diqing	AL_Shangrila	653149	653248	36.0300
SRR23343454	Apis laboriosa	China: Yunnan, Diqing	AL_Shangrila	653249	653348	30.3700
SRR23343454	Apis laboriosa	China: Yunnan, Diqing	AL_Shangrila	653349	653448	34.2300
SRR23343454	Apis laboriosa	China: Yunnan, Diqing	AL_Shangrila	653449	653548	39.4500
SRR23343454	Apis laboriosa	China: Yunnan, Diqing	AL_Shangrila	653549	653648	33.2400
SRR23343454	Apis laboriosa	China: Yunnan, Diqing	AL_Shangrila	653649	653748	29.1300
SRR23343454	Apis laboriosa	China: Yunnan, Diqing	AL_Shangrila	653749	653848	22.8400
SRR23343454	Apis laboriosa	China: Yunnan, Diqing	AL_Shangrila	653849	653948	21.0400
SRR23343454	Apis laboriosa	China: Yunnan, Diqing	AL_Shangrila	653949	654048	17.5400
SRR23343454	Apis laboriosa	China: Yunnan, Diqing	AL_Shangrila	654049	654148	27.5500
SRR23343454	Apis laboriosa	China: Yunnan, Diqing	AL_Shangrila	654149	654248	32.4900
SRR23343454	Apis laboriosa	China: Yunnan, Diqing	AL_Shangrila	654249	654348	31.1700
SRR23343454	Apis laboriosa	China: Yunnan, Diqing	AL_Shangrila	654349	654448	32.6400
SRR23343454	Apis laboriosa	China: Yunnan, Diqing	AL_Shangrila	654449	654548	30.2800
SRR23343454	Apis laboriosa	China: Yunnan, Diqing	AL_Shangrila	654549	654648	28.2000
SRR23343454	Apis laboriosa	China: Yunnan, Diqing	AL_Shangrila	654649	654748	28.4100
SRR23343454	Apis laboriosa	China: Yunnan, Diqing	AL_Shangrila	654749	654848	30.9700
SRR23343454	Apis laboriosa	China: Yunnan, Diqing	AL_Shangrila	654849	654948	34.6800
SRR23343454	Apis laboriosa	China: Yunnan, Diqing	AL_Shangrila	654949	655048	26.3700
SRR23343454	Apis laboriosa	China: Yunnan, Diqing	AL_Shangrila	655049	655148	31.9200
SRR23343454	Apis laboriosa	China: Yunnan, Diqing	AL_Shangrila	655149	655248	30.6600
SRR23343454	Apis laboriosa	China: Yunnan, Diqing	AL_Shangrila	655249	655348	28.7500
SRR23343454	Apis laboriosa	China: Yunnan, Diqing	AL_Shangrila	655349	655448	25.8300
SRR23343454	Apis laboriosa	China: Yunnan, Diqing	AL_Shangrila	655449	655548	31.8800
SRR23343454	Apis laboriosa	China: Yunnan, Diqing	AL_Shangrila	655549	655648	36.0100
SRR23343454	Apis laboriosa	China: Yunnan, Diqing	AL_Shangrila	655649	655748	35.9400
SRR23343454	Apis laboriosa	China: Yunnan, Diqing	AL_Shangrila	655749	655848	36.3900
SRR23343454	Apis laboriosa	China: Yunnan, Diqing	AL_Shangrila	655849	655948	40.6100
SRR23343454	Apis laboriosa	China: Yunnan, Diqing	AL_Shangrila	655949	656048	40.5600
SRR23343454	Apis laboriosa	China: Yunnan, Diqing	AL_Shangrila	656049	656148	37.0800
SRR23343454	Apis laboriosa	China: Yunnan, Diqing	AL_Shangrila	656149	656248	38.5100
SRR23343454	Apis laboriosa	China: Yunnan, Diqing	AL_Shangrila	656249	656348	37.3100
SRR23343454	Apis laboriosa	China: Yunnan, Diqing	AL_Shangrila	656349	656448	36.8700
SRR23343454	Apis laboriosa	China: Yunnan, Diqing	AL_Shangrila	656449	656548	37.2000
SRR23343454	Apis laboriosa	China: Yunnan, Diqing	AL_Shangrila	656549	656648	34.1000
SRR23343454	Apis laboriosa	China: Yunnan, Diqing	AL_Shangrila	656649	656748	28.7400
SRR23343454	Apis laboriosa	China: Yunnan, Diqing	AL_Shangrila	656749	656848	35.6000
SRR23343454	Apis laboriosa	China: Yunnan, Diqing	AL_Shangrila	656849	656948	26.5400
SRR23343454	Apis laboriosa	China: Yunnan, Diqing	AL_Shangrila	656949	657048	26.0200
SRR23343454	Apis laboriosa	China: Yunnan, Diqing	AL_Shangrila	657049	657148	24.9500
SRR23343454	Apis laboriosa	China: Yunnan, Diqing	AL_Shangrila	657149	657248	30.6300
SRR23343454	Apis laboriosa	China: Yunnan, Diqing	AL_Shangrila	657249	657348	24.7300
SRR23343454	Apis laboriosa	China: Yunnan, Diqing	AL_Shangrila	657349	657448	24.0200
SRR23343454	Apis laboriosa	China: Yunnan, Diqing	AL_Shangrila	657449	657548	29.4500
SRR23343454	Apis laboriosa	China: Yunnan, Diqing	AL_Shangrila	657549	657648	24.3800
SRR23343454	Apis laboriosa	China: Yunnan, Diqing	AL_Shangrila	657649	657748	26.3600
SRR23343454	Apis laboriosa	China: Yunnan, Diqing	AL_Shangrila	657749	657848	19.8100
SRR23343454	Apis laboriosa	China: Yunnan, Diqing	AL_Shangrila	657849	657948	27.7600
SRR23343454	Apis laboriosa	China: Yunnan, Diqing	AL_Shangrila	657949	658048	23.6800
SRR23343454	Apis laboriosa	China: Yunnan, Diqing	AL_Shangrila	658049	658148	28.2700
SRR23343454	Apis laboriosa	China: Yunnan, Diqing	AL_Shangrila	658149	658248	26.9900
SRR23343454	Apis laboriosa	China: Yunnan, Diqing	AL_Shangrila	658249	658348	26.7800
SRR23343454	Apis laboriosa	China: Yunnan, Diqing	AL_Shangrila	658349	658448	30.5800
SRR23343454	Apis laboriosa	China: Yunnan, Diqing	AL_Shangrila	658449	658548	32.5000
SRR23343454	Apis laboriosa	China: Yunnan, Diqing	AL_Shangrila	658549	658648	29.6900
SRR23343454	Apis laboriosa	China: Yunnan, Diqing	AL_Shangrila	658649	658748	32.1900
SRR23343454	Apis laboriosa	China: Yunnan, Diqing	AL_Shangrila	658749	658836	30.3523
SRR23343455	Apis laboriosa	China: Yunnan, Diqing	AL_Shangrila	650749	650848	7.8100
SRR23343455	Apis laboriosa	China: Yunnan, Diqing	AL_Shangrila	650849	650948	7.3200
SRR23343455	Apis laboriosa	China: Yunnan, Diqing	AL_Shangrila	650949	651048	7.2700
SRR23343455	Apis laboriosa	China: Yunnan, Diqing	AL_Shangrila	651049	651148	9.2200
SRR23343455	Apis laboriosa	China: Yunnan, Diqing	AL_Shangrila	651149	651248	6.5900
SRR23343455	Apis laboriosa	China: Yunnan, Diqing	AL_Shangrila	651249	651348	5.6100
SRR23343455	Apis laboriosa	China: Yunnan, Diqing	AL_Shangrila	651349	651448	5.1800
SRR23343455	Apis laboriosa	China: Yunnan, Diqing	AL_Shangrila	651449	651548	5.1900
SRR23343455	Apis laboriosa	China: Yunnan, Diqing	AL_Shangrila	651549	651648	6.1800
SRR23343455	Apis laboriosa	China: Yunnan, Diqing	AL_Shangrila	651649	651748	7.9200
SRR23343455	Apis laboriosa	China: Yunnan, Diqing	AL_Shangrila	651749	651848	6.8300
SRR23343455	Apis laboriosa	China: Yunnan, Diqing	AL_Shangrila	651849	651948	8.5100
SRR23343455	Apis laboriosa	China: Yunnan, Diqing	AL_Shangrila	651949	652048	5.5600
SRR23343455	Apis laboriosa	China: Yunnan, Diqing	AL_Shangrila	652049	652148	7.0000
SRR23343455	Apis laboriosa	China: Yunnan, Diqing	AL_Shangrila	652149	652248	5.1700
SRR23343455	Apis laboriosa	China: Yunnan, Diqing	AL_Shangrila	652249	652348	2.6800
SRR23343455	Apis laboriosa	China: Yunnan, Diqing	AL_Shangrila	652349	652448	3.5900
SRR23343455	Apis laboriosa	China: Yunnan, Diqing	AL_Shangrila	652449	652548	2.6500
SRR23343455	Apis laboriosa	China: Yunnan, Diqing	AL_Shangrila	652549	652648	0.7700
SRR23343455	Apis laboriosa	China: Yunnan, Diqing	AL_Shangrila	652649	652748	0.9700
SRR23343455	Apis laboriosa	China: Yunnan, Diqing	AL_Shangrila	652749	652848	0.3200
SRR23343455	Apis laboriosa	China: Yunnan, Diqing	AL_Shangrila	652849	652948	1.0000
SRR23343455	Apis laboriosa	China: Yunnan, Diqing	AL_Shangrila	652949	653048	0.9500
SRR23343455	Apis laboriosa	China: Yunnan, Diqing	AL_Shangrila	653049	653148	2.9600
SRR23343455	Apis laboriosa	China: Yunnan, Diqing	AL_Shangrila	653149	653248	3.2300
SRR23343455	Apis laboriosa	China: Yunnan, Diqing	AL_Shangrila	653249	653348	4.3800
SRR23343455	Apis laboriosa	China: Yunnan, Diqing	AL_Shangrila	653349	653448	4.1800
SRR23343455	Apis laboriosa	China: Yunnan, Diqing	AL_Shangrila	653449	653548	3.5200
SRR23343455	Apis laboriosa	China: Yunnan, Diqing	AL_Shangrila	653549	653648	1.3200
SRR23343455	Apis laboriosa	China: Yunnan, Diqing	AL_Shangrila	653649	653748	5.0000
SRR23343455	Apis laboriosa	China: Yunnan, Diqing	AL_Shangrila	653749	653848	7.2500
SRR23343455	Apis laboriosa	China: Yunnan, Diqing	AL_Shangrila	653849	653948	7.0900
SRR23343455	Apis laboriosa	China: Yunnan, Diqing	AL_Shangrila	653949	654048	3.3000
SRR23343455	Apis laboriosa	China: Yunnan, Diqing	AL_Shangrila	654049	654148	1.1100
SRR23343455	Apis laboriosa	China: Yunnan, Diqing	AL_Shangrila	654149	654248	1.2500
SRR23343455	Apis laboriosa	China: Yunnan, Diqing	AL_Shangrila	654249	654348	1.1000
SRR23343455	Apis laboriosa	China: Yunnan, Diqing	AL_Shangrila	654349	654448	1.2700
SRR23343455	Apis laboriosa	China: Yunnan, Diqing	AL_Shangrila	654449	654548	1.3200
SRR23343455	Apis laboriosa	China: Yunnan, Diqing	AL_Shangrila	654549	654648	2.7900
SRR23343455	Apis laboriosa	China: Yunnan, Diqing	AL_Shangrila	654649	654748	4.7300
SRR23343455	Apis laboriosa	China: Yunnan, Diqing	AL_Shangrila	654749	654848	7.1500
SRR23343455	Apis laboriosa	China: Yunnan, Diqing	AL_Shangrila	654849	654948	5.7100
SRR23343455	Apis laboriosa	China: Yunnan, Diqing	AL_Shangrila	654949	655048	3.1600
SRR23343455	Apis laboriosa	China: Yunnan, Diqing	AL_Shangrila	655049	655148	3.9600
SRR23343455	Apis laboriosa	China: Yunnan, Diqing	AL_Shangrila	655149	655248	4.8000
SRR23343455	Apis laboriosa	China: Yunnan, Diqing	AL_Shangrila	655249	655348	2.6400
SRR23343455	Apis laboriosa	China: Yunnan, Diqing	AL_Shangrila	655349	655448	2.1900
SRR23343455	Apis laboriosa	China: Yunnan, Diqing	AL_Shangrila	655449	655548	2.4000
SRR23343455	Apis laboriosa	China: Yunnan, Diqing	AL_Shangrila	655549	655648	1.0600
SRR23343455	Apis laboriosa	China: Yunnan, Diqing	AL_Shangrila	655649	655748	2.0200
SRR23343455	Apis laboriosa	China: Yunnan, Diqing	AL_Shangrila	655749	655848	3.2800
SRR23343455	Apis laboriosa	China: Yunnan, Diqing	AL_Shangrila	655849	655948	4.7300
SRR23343455	Apis laboriosa	China: Yunnan, Diqing	AL_Shangrila	655949	656048	4.5700
SRR23343455	Apis laboriosa	China: Yunnan, Diqing	AL_Shangrila	656049	656148	3.3800
SRR23343455	Apis laboriosa	China: Yunnan, Diqing	AL_Shangrila	656149	656248	4.3800
SRR23343455	Apis laboriosa	China: Yunnan, Diqing	AL_Shangrila	656249	656348	2.7900
SRR23343455	Apis laboriosa	China: Yunnan, Diqing	AL_Shangrila	656349	656448	2.0300
SRR23343455	Apis laboriosa	China: Yunnan, Diqing	AL_Shangrila	656449	656548	2.2600
SRR23343455	Apis laboriosa	China: Yunnan, Diqing	AL_Shangrila	656549	656648	3.2500
SRR23343455	Apis laboriosa	China: Yunnan, Diqing	AL_Shangrila	656649	656748	3.7600
SRR23343455	Apis laboriosa	China: Yunnan, Diqing	AL_Shangrila	656749	656848	4.5300
SRR23343455	Apis laboriosa	China: Yunnan, Diqing	AL_Shangrila	656849	656948	6.6600
SRR23343455	Apis laboriosa	China: Yunnan, Diqing	AL_Shangrila	656949	657048	7.5700
SRR23343455	Apis laboriosa	China: Yunnan, Diqing	AL_Shangrila	657049	657148	5.9700
SRR23343455	Apis laboriosa	China: Yunnan, Diqing	AL_Shangrila	657149	657248	4.4200
SRR23343455	Apis laboriosa	China: Yunnan, Diqing	AL_Shangrila	657249	657348	3.8000
SRR23343455	Apis laboriosa	China: Yunnan, Diqing	AL_Shangrila	657349	657448	3.7300
SRR23343455	Apis laboriosa	China: Yunnan, Diqing	AL_Shangrila	657449	657548	4.9000
SRR23343455	Apis laboriosa	China: Yunnan, Diqing	AL_Shangrila	657549	657648	8.1500
SRR23343455	Apis laboriosa	China: Yunnan, Diqing	AL_Shangrila	657649	657748	7.4000
SRR23343455	Apis laboriosa	China: Yunnan, Diqing	AL_Shangrila	657749	657848	11.8300
SRR23343455	Apis laboriosa	China: Yunnan, Diqing	AL_Shangrila	657849	657948	6.9100
SRR23343455	Apis laboriosa	China: Yunnan, Diqing	AL_Shangrila	657949	658048	7.6000
SRR23343455	Apis laboriosa	China: Yunnan, Diqing	AL_Shangrila	658049	658148	8.1900
SRR23343455	Apis laboriosa	China: Yunnan, Diqing	AL_Shangrila	658149	658248	11.2000
SRR23343455	Apis laboriosa	China: Yunnan, Diqing	AL_Shangrila	658249	658348	11.1200
SRR23343455	Apis laboriosa	China: Yunnan, Diqing	AL_Shangrila	658349	658448	10.3000
SRR23343455	Apis laboriosa	China: Yunnan, Diqing	AL_Shangrila	658449	658548	10.5000
SRR23343455	Apis laboriosa	China: Yunnan, Diqing	AL_Shangrila	658549	658648	9.0700
SRR23343455	Apis laboriosa	China: Yunnan, Diqing	AL_Shangrila	658649	658748	8.7300
SRR23343455	Apis laboriosa	China: Yunnan, Diqing	AL_Shangrila	658749	658836	12.1136
SRR23343456	Apis laboriosa	China: Yunnan, Diqing	AL_Shangrila	650749	650848	29.0000
SRR23343456	Apis laboriosa	China: Yunnan, Diqing	AL_Shangrila	650849	650948	27.7900
SRR23343456	Apis laboriosa	China: Yunnan, Diqing	AL_Shangrila	650949	651048	33.5200
SRR23343456	Apis laboriosa	China: Yunnan, Diqing	AL_Shangrila	651049	651148	36.6300
SRR23343456	Apis laboriosa	China: Yunnan, Diqing	AL_Shangrila	651149	651248	25.4700
SRR23343456	Apis laboriosa	China: Yunnan, Diqing	AL_Shangrila	651249	651348	27.4300
SRR23343456	Apis laboriosa	China: Yunnan, Diqing	AL_Shangrila	651349	651448	30.2700
SRR23343456	Apis laboriosa	China: Yunnan, Diqing	AL_Shangrila	651449	651548	23.3100
SRR23343456	Apis laboriosa	China: Yunnan, Diqing	AL_Shangrila	651549	651648	25.0600
SRR23343456	Apis laboriosa	China: Yunnan, Diqing	AL_Shangrila	651649	651748	26.5400
SRR23343456	Apis laboriosa	China: Yunnan, Diqing	AL_Shangrila	651749	651848	21.6700
SRR23343456	Apis laboriosa	China: Yunnan, Diqing	AL_Shangrila	651849	651948	24.2300
SRR23343456	Apis laboriosa	China: Yunnan, Diqing	AL_Shangrila	651949	652048	26.5000
SRR23343456	Apis laboriosa	China: Yunnan, Diqing	AL_Shangrila	652049	652148	35.5000
SRR23343456	Apis laboriosa	China: Yunnan, Diqing	AL_Shangrila	652149	652248	35.3000
SRR23343456	Apis laboriosa	China: Yunnan, Diqing	AL_Shangrila	652249	652348	33.5800
SRR23343456	Apis laboriosa	China: Yunnan, Diqing	AL_Shangrila	652349	652448	30.2500
SRR23343456	Apis laboriosa	China: Yunnan, Diqing	AL_Shangrila	652449	652548	29.1300
SRR23343456	Apis laboriosa	China: Yunnan, Diqing	AL_Shangrila	652549	652648	32.3600
SRR23343456	Apis laboriosa	China: Yunnan, Diqing	AL_Shangrila	652649	652748	30.7600
SRR23343456	Apis laboriosa	China: Yunnan, Diqing	AL_Shangrila	652749	652848	28.3900
SRR23343456	Apis laboriosa	China: Yunnan, Diqing	AL_Shangrila	652849	652948	30.5200
SRR23343456	Apis laboriosa	China: Yunnan, Diqing	AL_Shangrila	652949	653048	26.9700
SRR23343456	Apis laboriosa	China: Yunnan, Diqing	AL_Shangrila	653049	653148	27.3800
SRR23343456	Apis laboriosa	China: Yunnan, Diqing	AL_Shangrila	653149	653248	27.7900
SRR23343456	Apis laboriosa	China: Yunnan, Diqing	AL_Shangrila	653249	653348	34.3600
SRR23343456	Apis laboriosa	China: Yunnan, Diqing	AL_Shangrila	653349	653448	36.0800
SRR23343456	Apis laboriosa	China: Yunnan, Diqing	AL_Shangrila	653449	653548	45.0000
SRR23343456	Apis laboriosa	China: Yunnan, Diqing	AL_Shangrila	653549	653648	44.2800
SRR23343456	Apis laboriosa	China: Yunnan, Diqing	AL_Shangrila	653649	653748	33.8800
SRR23343456	Apis laboriosa	China: Yunnan, Diqing	AL_Shangrila	653749	653848	44.6000
SRR23343456	Apis laboriosa	China: Yunnan, Diqing	AL_Shangrila	653849	653948	38.4600
SRR23343456	Apis laboriosa	China: Yunnan, Diqing	AL_Shangrila	653949	654048	26.2800
SRR23343456	Apis laboriosa	China: Yunnan, Diqing	AL_Shangrila	654049	654148	29.8500
SRR23343456	Apis laboriosa	China: Yunnan, Diqing	AL_Shangrila	654149	654248	24.5800
SRR23343456	Apis laboriosa	China: Yunnan, Diqing	AL_Shangrila	654249	654348	24.0800
SRR23343456	Apis laboriosa	China: Yunnan, Diqing	AL_Shangrila	654349	654448	22.2300
SRR23343456	Apis laboriosa	China: Yunnan, Diqing	AL_Shangrila	654449	654548	23.0800
SRR23343456	Apis laboriosa	China: Yunnan, Diqing	AL_Shangrila	654549	654648	22.2300
SRR23343456	Apis laboriosa	China: Yunnan, Diqing	AL_Shangrila	654649	654748	22.9900
SRR23343456	Apis laboriosa	China: Yunnan, Diqing	AL_Shangrila	654749	654848	23.9000
SRR23343456	Apis laboriosa	China: Yunnan, Diqing	AL_Shangrila	654849	654948	21.4900
SRR23343456	Apis laboriosa	China: Yunnan, Diqing	AL_Shangrila	654949	655048	23.6500
SRR23343456	Apis laboriosa	China: Yunnan, Diqing	AL_Shangrila	655049	655148	25.6100
SRR23343456	Apis laboriosa	China: Yunnan, Diqing	AL_Shangrila	655149	655248	25.6100
SRR23343456	Apis laboriosa	China: Yunnan, Diqing	AL_Shangrila	655249	655348	28.5800
SRR23343456	Apis laboriosa	China: Yunnan, Diqing	AL_Shangrila	655349	655448	31.2500
SRR23343456	Apis laboriosa	China: Yunnan, Diqing	AL_Shangrila	655449	655548	26.3000
SRR23343456	Apis laboriosa	China: Yunnan, Diqing	AL_Shangrila	655549	655648	30.2500
SRR23343456	Apis laboriosa	China: Yunnan, Diqing	AL_Shangrila	655649	655748	28.2100
SRR23343456	Apis laboriosa	China: Yunnan, Diqing	AL_Shangrila	655749	655848	22.3400
SRR23343456	Apis laboriosa	China: Yunnan, Diqing	AL_Shangrila	655849	655948	23.3100
SRR23343456	Apis laboriosa	China: Yunnan, Diqing	AL_Shangrila	655949	656048	21.6700
SRR23343456	Apis laboriosa	China: Yunnan, Diqing	AL_Shangrila	656049	656148	27.9200
SRR23343456	Apis laboriosa	China: Yunnan, Diqing	AL_Shangrila	656149	656248	22.8200
SRR23343456	Apis laboriosa	China: Yunnan, Diqing	AL_Shangrila	656249	656348	27.4100
SRR23343456	Apis laboriosa	China: Yunnan, Diqing	AL_Shangrila	656349	656448	34.2800
SRR23343456	Apis laboriosa	China: Yunnan, Diqing	AL_Shangrila	656449	656548	31.5100
SRR23343456	Apis laboriosa	China: Yunnan, Diqing	AL_Shangrila	656549	656648	28.3400
SRR23343456	Apis laboriosa	China: Yunnan, Diqing	AL_Shangrila	656649	656748	28.9300
SRR23343456	Apis laboriosa	China: Yunnan, Diqing	AL_Shangrila	656749	656848	24.2700
SRR23343456	Apis laboriosa	China: Yunnan, Diqing	AL_Shangrila	656849	656948	21.3800
SRR23343456	Apis laboriosa	China: Yunnan, Diqing	AL_Shangrila	656949	657048	19.2800
SRR23343456	Apis laboriosa	China: Yunnan, Diqing	AL_Shangrila	657049	657148	21.3200
SRR23343456	Apis laboriosa	China: Yunnan, Diqing	AL_Shangrila	657149	657248	19.0500
SRR23343456	Apis laboriosa	China: Yunnan, Diqing	AL_Shangrila	657249	657348	19.7100
SRR23343456	Apis laboriosa	China: Yunnan, Diqing	AL_Shangrila	657349	657448	19.4800
SRR23343456	Apis laboriosa	China: Yunnan, Diqing	AL_Shangrila	657449	657548	18.7600
SRR23343456	Apis laboriosa	China: Yunnan, Diqing	AL_Shangrila	657549	657648	21.3700
SRR23343456	Apis laboriosa	China: Yunnan, Diqing	AL_Shangrila	657649	657748	29.0800
SRR23343456	Apis laboriosa	China: Yunnan, Diqing	AL_Shangrila	657749	657848	28.1800
SRR23343456	Apis laboriosa	China: Yunnan, Diqing	AL_Shangrila	657849	657948	24.9900
SRR23343456	Apis laboriosa	China: Yunnan, Diqing	AL_Shangrila	657949	658048	28.7300
SRR23343456	Apis laboriosa	China: Yunnan, Diqing	AL_Shangrila	658049	658148	33.2600
SRR23343456	Apis laboriosa	China: Yunnan, Diqing	AL_Shangrila	658149	658248	31.0300
SRR23343456	Apis laboriosa	China: Yunnan, Diqing	AL_Shangrila	658249	658348	31.5900
SRR23343456	Apis laboriosa	China: Yunnan, Diqing	AL_Shangrila	658349	658448	25.0300
SRR23343456	Apis laboriosa	China: Yunnan, Diqing	AL_Shangrila	658449	658548	20.2800
SRR23343456	Apis laboriosa	China: Yunnan, Diqing	AL_Shangrila	658549	658648	28.1900
SRR23343456	Apis laboriosa	China: Yunnan, Diqing	AL_Shangrila	658649	658748	22.9500
SRR23343456	Apis laboriosa	China: Yunnan, Diqing	AL_Shangrila	658749	658836	16.4545
SRR23343457	Apis laboriosa	China: Yunnan, Baoshan	AL_Shangrila	650749	650848	26.0700
SRR23343457	Apis laboriosa	China: Yunnan, Baoshan	AL_Shangrila	650849	650948	25.7600
SRR23343457	Apis laboriosa	China: Yunnan, Baoshan	AL_Shangrila	650949	651048	25.9700
SRR23343457	Apis laboriosa	China: Yunnan, Baoshan	AL_Shangrila	651049	651148	29.1100
SRR23343457	Apis laboriosa	China: Yunnan, Baoshan	AL_Shangrila	651149	651248	24.2900
SRR23343457	Apis laboriosa	China: Yunnan, Baoshan	AL_Shangrila	651249	651348	28.1200
SRR23343457	Apis laboriosa	China: Yunnan, Baoshan	AL_Shangrila	651349	651448	39.2200
SRR23343457	Apis laboriosa	China: Yunnan, Baoshan	AL_Shangrila	651449	651548	30.4300
SRR23343457	Apis laboriosa	China: Yunnan, Baoshan	AL_Shangrila	651549	651648	33.3700
SRR23343457	Apis laboriosa	China: Yunnan, Baoshan	AL_Shangrila	651649	651748	33.2800
SRR23343457	Apis laboriosa	China: Yunnan, Baoshan	AL_Shangrila	651749	651848	29.5500
SRR23343457	Apis laboriosa	China: Yunnan, Baoshan	AL_Shangrila	651849	651948	33.3800
SRR23343457	Apis laboriosa	China: Yunnan, Baoshan	AL_Shangrila	651949	652048	31.2200
SRR23343457	Apis laboriosa	China: Yunnan, Baoshan	AL_Shangrila	652049	652148	37.5400
SRR23343457	Apis laboriosa	China: Yunnan, Baoshan	AL_Shangrila	652149	652248	31.5600
SRR23343457	Apis laboriosa	China: Yunnan, Baoshan	AL_Shangrila	652249	652348	38.8400
SRR23343457	Apis laboriosa	China: Yunnan, Baoshan	AL_Shangrila	652349	652448	37.3500
SRR23343457	Apis laboriosa	China: Yunnan, Baoshan	AL_Shangrila	652449	652548	34.7700
SRR23343457	Apis laboriosa	China: Yunnan, Baoshan	AL_Shangrila	652549	652648	38.3900
SRR23343457	Apis laboriosa	China: Yunnan, Baoshan	AL_Shangrila	652649	652748	36.9400
SRR23343457	Apis laboriosa	China: Yunnan, Baoshan	AL_Shangrila	652749	652848	35.5200
SRR23343457	Apis laboriosa	China: Yunnan, Baoshan	AL_Shangrila	652849	652948	37.2600
SRR23343457	Apis laboriosa	China: Yunnan, Baoshan	AL_Shangrila	652949	653048	30.9100
SRR23343457	Apis laboriosa	China: Yunnan, Baoshan	AL_Shangrila	653049	653148	31.2000
SRR23343457	Apis laboriosa	China: Yunnan, Baoshan	AL_Shangrila	653149	653248	30.1700
SRR23343457	Apis laboriosa	China: Yunnan, Baoshan	AL_Shangrila	653249	653348	36.1800
SRR23343457	Apis laboriosa	China: Yunnan, Baoshan	AL_Shangrila	653349	653448	33.0000
SRR23343457	Apis laboriosa	China: Yunnan, Baoshan	AL_Shangrila	653449	653548	31.8100
SRR23343457	Apis laboriosa	China: Yunnan, Baoshan	AL_Shangrila	653549	653648	36.0400
SRR23343457	Apis laboriosa	China: Yunnan, Baoshan	AL_Shangrila	653649	653748	39.5500
SRR23343457	Apis laboriosa	China: Yunnan, Baoshan	AL_Shangrila	653749	653848	41.7500
SRR23343457	Apis laboriosa	China: Yunnan, Baoshan	AL_Shangrila	653849	653948	38.8500
SRR23343457	Apis laboriosa	China: Yunnan, Baoshan	AL_Shangrila	653949	654048	24.7700
SRR23343457	Apis laboriosa	China: Yunnan, Baoshan	AL_Shangrila	654049	654148	21.9600
SRR23343457	Apis laboriosa	China: Yunnan, Baoshan	AL_Shangrila	654149	654248	31.5900
SRR23343457	Apis laboriosa	China: Yunnan, Baoshan	AL_Shangrila	654249	654348	26.4300
SRR23343457	Apis laboriosa	China: Yunnan, Baoshan	AL_Shangrila	654349	654448	28.8500
SRR23343457	Apis laboriosa	China: Yunnan, Baoshan	AL_Shangrila	654449	654548	18.5300
SRR23343457	Apis laboriosa	China: Yunnan, Baoshan	AL_Shangrila	654549	654648	17.1700
SRR23343457	Apis laboriosa	China: Yunnan, Baoshan	AL_Shangrila	654649	654748	29.8300
SRR23343457	Apis laboriosa	China: Yunnan, Baoshan	AL_Shangrila	654749	654848	32.9700
SRR23343457	Apis laboriosa	China: Yunnan, Baoshan	AL_Shangrila	654849	654948	34.1600
SRR23343457	Apis laboriosa	China: Yunnan, Baoshan	AL_Shangrila	654949	655048	34.4500
SRR23343457	Apis laboriosa	China: Yunnan, Baoshan	AL_Shangrila	655049	655148	31.1100
SRR23343457	Apis laboriosa	China: Yunnan, Baoshan	AL_Shangrila	655149	655248	36.9600
SRR23343457	Apis laboriosa	China: Yunnan, Baoshan	AL_Shangrila	655249	655348	40.3100
SRR23343457	Apis laboriosa	China: Yunnan, Baoshan	AL_Shangrila	655349	655448	32.7800
SRR23343457	Apis laboriosa	China: Yunnan, Baoshan	AL_Shangrila	655449	655548	27.8900
SRR23343457	Apis laboriosa	China: Yunnan, Baoshan	AL_Shangrila	655549	655648	33.6700
SRR23343457	Apis laboriosa	China: Yunnan, Baoshan	AL_Shangrila	655649	655748	33.2400
SRR23343457	Apis laboriosa	China: Yunnan, Baoshan	AL_Shangrila	655749	655848	39.7200
SRR23343457	Apis laboriosa	China: Yunnan, Baoshan	AL_Shangrila	655849	655948	32.7700
SRR23343457	Apis laboriosa	China: Yunnan, Baoshan	AL_Shangrila	655949	656048	27.1800
SRR23343457	Apis laboriosa	China: Yunnan, Baoshan	AL_Shangrila	656049	656148	34.6200
SRR23343457	Apis laboriosa	China: Yunnan, Baoshan	AL_Shangrila	656149	656248	34.7100
SRR23343457	Apis laboriosa	China: Yunnan, Baoshan	AL_Shangrila	656249	656348	31.4600
SRR23343457	Apis laboriosa	China: Yunnan, Baoshan	AL_Shangrila	656349	656448	28.0100
SRR23343457	Apis laboriosa	China: Yunnan, Baoshan	AL_Shangrila	656449	656548	25.8600
SRR23343457	Apis laboriosa	China: Yunnan, Baoshan	AL_Shangrila	656549	656648	31.9900
SRR23343457	Apis laboriosa	China: Yunnan, Baoshan	AL_Shangrila	656649	656748	39.2400
SRR23343457	Apis laboriosa	China: Yunnan, Baoshan	AL_Shangrila	656749	656848	33.7400
SRR23343457	Apis laboriosa	China: Yunnan, Baoshan	AL_Shangrila	656849	656948	32.7700
SRR23343457	Apis laboriosa	China: Yunnan, Baoshan	AL_Shangrila	656949	657048	36.9600
SRR23343457	Apis laboriosa	China: Yunnan, Baoshan	AL_Shangrila	657049	657148	34.1000
SRR23343457	Apis laboriosa	China: Yunnan, Baoshan	AL_Shangrila	657149	657248	30.7100
SRR23343457	Apis laboriosa	China: Yunnan, Baoshan	AL_Shangrila	657249	657348	28.5900
SRR23343457	Apis laboriosa	China: Yunnan, Baoshan	AL_Shangrila	657349	657448	22.3800
SRR23343457	Apis laboriosa	China: Yunnan, Baoshan	AL_Shangrila	657449	657548	26.8600
SRR23343457	Apis laboriosa	China: Yunnan, Baoshan	AL_Shangrila	657549	657648	28.6100
SRR23343457	Apis laboriosa	China: Yunnan, Baoshan	AL_Shangrila	657649	657748	30.8200
SRR23343457	Apis laboriosa	China: Yunnan, Baoshan	AL_Shangrila	657749	657848	27.7900
SRR23343457	Apis laboriosa	China: Yunnan, Baoshan	AL_Shangrila	657849	657948	25.2700
SRR23343457	Apis laboriosa	China: Yunnan, Baoshan	AL_Shangrila	657949	658048	26.4700
SRR23343457	Apis laboriosa	China: Yunnan, Baoshan	AL_Shangrila	658049	658148	23.4400
SRR23343457	Apis laboriosa	China: Yunnan, Baoshan	AL_Shangrila	658149	658248	18.0500
SRR23343457	Apis laboriosa	China: Yunnan, Baoshan	AL_Shangrila	658249	658348	23.0300
SRR23343457	Apis laboriosa	China: Yunnan, Baoshan	AL_Shangrila	658349	658448	23.7000
SRR23343457	Apis laboriosa	China: Yunnan, Baoshan	AL_Shangrila	658449	658548	22.4500
SRR23343457	Apis laboriosa	China: Yunnan, Baoshan	AL_Shangrila	658549	658648	21.4000
SRR23343457	Apis laboriosa	China: Yunnan, Baoshan	AL_Shangrila	658649	658748	19.5200
SRR23343457	Apis laboriosa	China: Yunnan, Baoshan	AL_Shangrila	658749	658836	23.3636
SRR23343458	Apis laboriosa	China: Yunnan, Baoshan	AL_Shangrila	650749	650848	42.6200
SRR23343458	Apis laboriosa	China: Yunnan, Baoshan	AL_Shangrila	650849	650948	34.6500
SRR23343458	Apis laboriosa	China: Yunnan, Baoshan	AL_Shangrila	650949	651048	34.1200
SRR23343458	Apis laboriosa	China: Yunnan, Baoshan	AL_Shangrila	651049	651148	35.1400
SRR23343458	Apis laboriosa	China: Yunnan, Baoshan	AL_Shangrila	651149	651248	24.7600
SRR23343458	Apis laboriosa	China: Yunnan, Baoshan	AL_Shangrila	651249	651348	28.4500
SRR23343458	Apis laboriosa	China: Yunnan, Baoshan	AL_Shangrila	651349	651448	28.3500
SRR23343458	Apis laboriosa	China: Yunnan, Baoshan	AL_Shangrila	651449	651548	32.1000
SRR23343458	Apis laboriosa	China: Yunnan, Baoshan	AL_Shangrila	651549	651648	37.0900
SRR23343458	Apis laboriosa	China: Yunnan, Baoshan	AL_Shangrila	651649	651748	40.4400
SRR23343458	Apis laboriosa	China: Yunnan, Baoshan	AL_Shangrila	651749	651848	49.8300
SRR23343458	Apis laboriosa	China: Yunnan, Baoshan	AL_Shangrila	651849	651948	44.2600
SRR23343458	Apis laboriosa	China: Yunnan, Baoshan	AL_Shangrila	651949	652048	48.4900
SRR23343458	Apis laboriosa	China: Yunnan, Baoshan	AL_Shangrila	652049	652148	44.2000
SRR23343458	Apis laboriosa	China: Yunnan, Baoshan	AL_Shangrila	652149	652248	43.4100
SRR23343458	Apis laboriosa	China: Yunnan, Baoshan	AL_Shangrila	652249	652348	43.4900
SRR23343458	Apis laboriosa	China: Yunnan, Baoshan	AL_Shangrila	652349	652448	40.1400
SRR23343458	Apis laboriosa	China: Yunnan, Baoshan	AL_Shangrila	652449	652548	44.6700
SRR23343458	Apis laboriosa	China: Yunnan, Baoshan	AL_Shangrila	652549	652648	46.7700
SRR23343458	Apis laboriosa	China: Yunnan, Baoshan	AL_Shangrila	652649	652748	44.3600
SRR23343458	Apis laboriosa	China: Yunnan, Baoshan	AL_Shangrila	652749	652848	44.0200
SRR23343458	Apis laboriosa	China: Yunnan, Baoshan	AL_Shangrila	652849	652948	35.0400
SRR23343458	Apis laboriosa	China: Yunnan, Baoshan	AL_Shangrila	652949	653048	37.8700
SRR23343458	Apis laboriosa	China: Yunnan, Baoshan	AL_Shangrila	653049	653148	51.9500
SRR23343458	Apis laboriosa	China: Yunnan, Baoshan	AL_Shangrila	653149	653248	52.0500
SRR23343458	Apis laboriosa	China: Yunnan, Baoshan	AL_Shangrila	653249	653348	51.6700
SRR23343458	Apis laboriosa	China: Yunnan, Baoshan	AL_Shangrila	653349	653448	49.6600
SRR23343458	Apis laboriosa	China: Yunnan, Baoshan	AL_Shangrila	653449	653548	52.3700
SRR23343458	Apis laboriosa	China: Yunnan, Baoshan	AL_Shangrila	653549	653648	45.1600
SRR23343458	Apis laboriosa	China: Yunnan, Baoshan	AL_Shangrila	653649	653748	48.9800
SRR23343458	Apis laboriosa	China: Yunnan, Baoshan	AL_Shangrila	653749	653848	41.3800
SRR23343458	Apis laboriosa	China: Yunnan, Baoshan	AL_Shangrila	653849	653948	45.2800
SRR23343458	Apis laboriosa	China: Yunnan, Baoshan	AL_Shangrila	653949	654048	25.0100
SRR23343458	Apis laboriosa	China: Yunnan, Baoshan	AL_Shangrila	654049	654148	30.9500
SRR23343458	Apis laboriosa	China: Yunnan, Baoshan	AL_Shangrila	654149	654248	33.5200
SRR23343458	Apis laboriosa	China: Yunnan, Baoshan	AL_Shangrila	654249	654348	27.6000
SRR23343458	Apis laboriosa	China: Yunnan, Baoshan	AL_Shangrila	654349	654448	37.9900
SRR23343458	Apis laboriosa	China: Yunnan, Baoshan	AL_Shangrila	654449	654548	33.4700
SRR23343458	Apis laboriosa	China: Yunnan, Baoshan	AL_Shangrila	654549	654648	33.9200
SRR23343458	Apis laboriosa	China: Yunnan, Baoshan	AL_Shangrila	654649	654748	36.8000
SRR23343458	Apis laboriosa	China: Yunnan, Baoshan	AL_Shangrila	654749	654848	42.4300
SRR23343458	Apis laboriosa	China: Yunnan, Baoshan	AL_Shangrila	654849	654948	43.9500
SRR23343458	Apis laboriosa	China: Yunnan, Baoshan	AL_Shangrila	654949	655048	39.9000
SRR23343458	Apis laboriosa	China: Yunnan, Baoshan	AL_Shangrila	655049	655148	43.8800
SRR23343458	Apis laboriosa	China: Yunnan, Baoshan	AL_Shangrila	655149	655248	48.7300
SRR23343458	Apis laboriosa	China: Yunnan, Baoshan	AL_Shangrila	655249	655348	39.3800
SRR23343458	Apis laboriosa	China: Yunnan, Baoshan	AL_Shangrila	655349	655448	38.0600
SRR23343458	Apis laboriosa	China: Yunnan, Baoshan	AL_Shangrila	655449	655548	34.4800
SRR23343458	Apis laboriosa	China: Yunnan, Baoshan	AL_Shangrila	655549	655648	30.9700
SRR23343458	Apis laboriosa	China: Yunnan, Baoshan	AL_Shangrila	655649	655748	37.1800
SRR23343458	Apis laboriosa	China: Yunnan, Baoshan	AL_Shangrila	655749	655848	26.2000
SRR23343458	Apis laboriosa	China: Yunnan, Baoshan	AL_Shangrila	655849	655948	29.4700
SRR23343458	Apis laboriosa	China: Yunnan, Baoshan	AL_Shangrila	655949	656048	32.2800
SRR23343458	Apis laboriosa	China: Yunnan, Baoshan	AL_Shangrila	656049	656148	35.2400
SRR23343458	Apis laboriosa	China: Yunnan, Baoshan	AL_Shangrila	656149	656248	36.0600
SRR23343458	Apis laboriosa	China: Yunnan, Baoshan	AL_Shangrila	656249	656348	43.2000
SRR23343458	Apis laboriosa	China: Yunnan, Baoshan	AL_Shangrila	656349	656448	40.4000
SRR23343458	Apis laboriosa	China: Yunnan, Baoshan	AL_Shangrila	656449	656548	34.8200
SRR23343458	Apis laboriosa	China: Yunnan, Baoshan	AL_Shangrila	656549	656648	33.9200
SRR23343458	Apis laboriosa	China: Yunnan, Baoshan	AL_Shangrila	656649	656748	30.5000
SRR23343458	Apis laboriosa	China: Yunnan, Baoshan	AL_Shangrila	656749	656848	33.5200
SRR23343458	Apis laboriosa	China: Yunnan, Baoshan	AL_Shangrila	656849	656948	43.0200
SRR23343458	Apis laboriosa	China: Yunnan, Baoshan	AL_Shangrila	656949	657048	43.5400
SRR23343458	Apis laboriosa	China: Yunnan, Baoshan	AL_Shangrila	657049	657148	37.4200
SRR23343458	Apis laboriosa	China: Yunnan, Baoshan	AL_Shangrila	657149	657248	27.6700
SRR23343458	Apis laboriosa	China: Yunnan, Baoshan	AL_Shangrila	657249	657348	24.0900
SRR23343458	Apis laboriosa	China: Yunnan, Baoshan	AL_Shangrila	657349	657448	27.7100
SRR23343458	Apis laboriosa	China: Yunnan, Baoshan	AL_Shangrila	657449	657548	34.1700
SRR23343458	Apis laboriosa	China: Yunnan, Baoshan	AL_Shangrila	657549	657648	41.5200
SRR23343458	Apis laboriosa	China: Yunnan, Baoshan	AL_Shangrila	657649	657748	46.4600
SRR23343458	Apis laboriosa	China: Yunnan, Baoshan	AL_Shangrila	657749	657848	42.2200
SRR23343458	Apis laboriosa	China: Yunnan, Baoshan	AL_Shangrila	657849	657948	38.3200
SRR23343458	Apis laboriosa	China: Yunnan, Baoshan	AL_Shangrila	657949	658048	29.2400
SRR23343458	Apis laboriosa	China: Yunnan, Baoshan	AL_Shangrila	658049	658148	32.3000
SRR23343458	Apis laboriosa	China: Yunnan, Baoshan	AL_Shangrila	658149	658248	33.2700
SRR23343458	Apis laboriosa	China: Yunnan, Baoshan	AL_Shangrila	658249	658348	27.0400
SRR23343458	Apis laboriosa	China: Yunnan, Baoshan	AL_Shangrila	658349	658448	37.5500
SRR23343458	Apis laboriosa	China: Yunnan, Baoshan	AL_Shangrila	658449	658548	35.4700
SRR23343458	Apis laboriosa	China: Yunnan, Baoshan	AL_Shangrila	658549	658648	34.3700
SRR23343458	Apis laboriosa	China: Yunnan, Baoshan	AL_Shangrila	658649	658748	38.4800
SRR23343458	Apis laboriosa	China: Yunnan, Baoshan	AL_Shangrila	658749	658836	42.1932
SRR23343459	Apis laboriosa	China: Yunnan, Baoshan	AL_Shangrila	650749	650848	22.6900
SRR23343459	Apis laboriosa	China: Yunnan, Baoshan	AL_Shangrila	650849	650948	24.5400
SRR23343459	Apis laboriosa	China: Yunnan, Baoshan	AL_Shangrila	650949	651048	26.9400
SRR23343459	Apis laboriosa	China: Yunnan, Baoshan	AL_Shangrila	651049	651148	23.1600
SRR23343459	Apis laboriosa	China: Yunnan, Baoshan	AL_Shangrila	651149	651248	23.2800
SRR23343459	Apis laboriosa	China: Yunnan, Baoshan	AL_Shangrila	651249	651348	20.9100
SRR23343459	Apis laboriosa	China: Yunnan, Baoshan	AL_Shangrila	651349	651448	18.6200
SRR23343459	Apis laboriosa	China: Yunnan, Baoshan	AL_Shangrila	651449	651548	20.2800
SRR23343459	Apis laboriosa	China: Yunnan, Baoshan	AL_Shangrila	651549	651648	27.9400
SRR23343459	Apis laboriosa	China: Yunnan, Baoshan	AL_Shangrila	651649	651748	40.3000
SRR23343459	Apis laboriosa	China: Yunnan, Baoshan	AL_Shangrila	651749	651848	34.7100
SRR23343459	Apis laboriosa	China: Yunnan, Baoshan	AL_Shangrila	651849	651948	37.1500
SRR23343459	Apis laboriosa	China: Yunnan, Baoshan	AL_Shangrila	651949	652048	41.9700
SRR23343459	Apis laboriosa	China: Yunnan, Baoshan	AL_Shangrila	652049	652148	35.9900
SRR23343459	Apis laboriosa	China: Yunnan, Baoshan	AL_Shangrila	652149	652248	31.0800
SRR23343459	Apis laboriosa	China: Yunnan, Baoshan	AL_Shangrila	652249	652348	38.2500
SRR23343459	Apis laboriosa	China: Yunnan, Baoshan	AL_Shangrila	652349	652448	23.3200
SRR23343459	Apis laboriosa	China: Yunnan, Baoshan	AL_Shangrila	652449	652548	24.2700
SRR23343459	Apis laboriosa	China: Yunnan, Baoshan	AL_Shangrila	652549	652648	26.5500
SRR23343459	Apis laboriosa	China: Yunnan, Baoshan	AL_Shangrila	652649	652748	30.1200
SRR23343459	Apis laboriosa	China: Yunnan, Baoshan	AL_Shangrila	652749	652848	32.7600
SRR23343459	Apis laboriosa	China: Yunnan, Baoshan	AL_Shangrila	652849	652948	34.1300
SRR23343459	Apis laboriosa	China: Yunnan, Baoshan	AL_Shangrila	652949	653048	34.8600
SRR23343459	Apis laboriosa	China: Yunnan, Baoshan	AL_Shangrila	653049	653148	34.3300
SRR23343459	Apis laboriosa	China: Yunnan, Baoshan	AL_Shangrila	653149	653248	23.8700
SRR23343459	Apis laboriosa	China: Yunnan, Baoshan	AL_Shangrila	653249	653348	25.8100
SRR23343459	Apis laboriosa	China: Yunnan, Baoshan	AL_Shangrila	653349	653448	21.6100
SRR23343459	Apis laboriosa	China: Yunnan, Baoshan	AL_Shangrila	653449	653548	24.1100
SRR23343459	Apis laboriosa	China: Yunnan, Baoshan	AL_Shangrila	653549	653648	29.3700
SRR23343459	Apis laboriosa	China: Yunnan, Baoshan	AL_Shangrila	653649	653748	27.4900
SRR23343459	Apis laboriosa	China: Yunnan, Baoshan	AL_Shangrila	653749	653848	29.1700
SRR23343459	Apis laboriosa	China: Yunnan, Baoshan	AL_Shangrila	653849	653948	30.3800
SRR23343459	Apis laboriosa	China: Yunnan, Baoshan	AL_Shangrila	653949	654048	23.1900
SRR23343459	Apis laboriosa	China: Yunnan, Baoshan	AL_Shangrila	654049	654148	14.2200
SRR23343459	Apis laboriosa	China: Yunnan, Baoshan	AL_Shangrila	654149	654248	21.3800
SRR23343459	Apis laboriosa	China: Yunnan, Baoshan	AL_Shangrila	654249	654348	28.4500
SRR23343459	Apis laboriosa	China: Yunnan, Baoshan	AL_Shangrila	654349	654448	23.4600
SRR23343459	Apis laboriosa	China: Yunnan, Baoshan	AL_Shangrila	654449	654548	30.3200
SRR23343459	Apis laboriosa	China: Yunnan, Baoshan	AL_Shangrila	654549	654648	27.5100
SRR23343459	Apis laboriosa	China: Yunnan, Baoshan	AL_Shangrila	654649	654748	24.5600
SRR23343459	Apis laboriosa	China: Yunnan, Baoshan	AL_Shangrila	654749	654848	26.5300
SRR23343459	Apis laboriosa	China: Yunnan, Baoshan	AL_Shangrila	654849	654948	27.5400
SRR23343459	Apis laboriosa	China: Yunnan, Baoshan	AL_Shangrila	654949	655048	24.1000
SRR23343459	Apis laboriosa	China: Yunnan, Baoshan	AL_Shangrila	655049	655148	24.4100
SRR23343459	Apis laboriosa	China: Yunnan, Baoshan	AL_Shangrila	655149	655248	24.4900
SRR23343459	Apis laboriosa	China: Yunnan, Baoshan	AL_Shangrila	655249	655348	28.1400
SRR23343459	Apis laboriosa	China: Yunnan, Baoshan	AL_Shangrila	655349	655448	31.7700
SRR23343459	Apis laboriosa	China: Yunnan, Baoshan	AL_Shangrila	655449	655548	29.3600
SRR23343459	Apis laboriosa	China: Yunnan, Baoshan	AL_Shangrila	655549	655648	25.2300
SRR23343459	Apis laboriosa	China: Yunnan, Baoshan	AL_Shangrila	655649	655748	31.7100
SRR23343459	Apis laboriosa	China: Yunnan, Baoshan	AL_Shangrila	655749	655848	26.5800
SRR23343459	Apis laboriosa	China: Yunnan, Baoshan	AL_Shangrila	655849	655948	26.9400
SRR23343459	Apis laboriosa	China: Yunnan, Baoshan	AL_Shangrila	655949	656048	23.9300
SRR23343459	Apis laboriosa	China: Yunnan, Baoshan	AL_Shangrila	656049	656148	24.0500
SRR23343459	Apis laboriosa	China: Yunnan, Baoshan	AL_Shangrila	656149	656248	27.9500
SRR23343459	Apis laboriosa	China: Yunnan, Baoshan	AL_Shangrila	656249	656348	30.6000
SRR23343459	Apis laboriosa	China: Yunnan, Baoshan	AL_Shangrila	656349	656448	31.5400
SRR23343459	Apis laboriosa	China: Yunnan, Baoshan	AL_Shangrila	656449	656548	29.1100
SRR23343459	Apis laboriosa	China: Yunnan, Baoshan	AL_Shangrila	656549	656648	32.5400
SRR23343459	Apis laboriosa	China: Yunnan, Baoshan	AL_Shangrila	656649	656748	31.1700
SRR23343459	Apis laboriosa	China: Yunnan, Baoshan	AL_Shangrila	656749	656848	29.8300
SRR23343459	Apis laboriosa	China: Yunnan, Baoshan	AL_Shangrila	656849	656948	36.3100
SRR23343459	Apis laboriosa	China: Yunnan, Baoshan	AL_Shangrila	656949	657048	35.3300
SRR23343459	Apis laboriosa	China: Yunnan, Baoshan	AL_Shangrila	657049	657148	29.3000
SRR23343459	Apis laboriosa	China: Yunnan, Baoshan	AL_Shangrila	657149	657248	26.3800
SRR23343459	Apis laboriosa	China: Yunnan, Baoshan	AL_Shangrila	657249	657348	23.0200
SRR23343459	Apis laboriosa	China: Yunnan, Baoshan	AL_Shangrila	657349	657448	23.2900
SRR23343459	Apis laboriosa	China: Yunnan, Baoshan	AL_Shangrila	657449	657548	25.9000
SRR23343459	Apis laboriosa	China: Yunnan, Baoshan	AL_Shangrila	657549	657648	22.2300
SRR23343459	Apis laboriosa	China: Yunnan, Baoshan	AL_Shangrila	657649	657748	16.6600
SRR23343459	Apis laboriosa	China: Yunnan, Baoshan	AL_Shangrila	657749	657848	20.1900
SRR23343459	Apis laboriosa	China: Yunnan, Baoshan	AL_Shangrila	657849	657948	21.6000
SRR23343459	Apis laboriosa	China: Yunnan, Baoshan	AL_Shangrila	657949	658048	13.2200
SRR23343459	Apis laboriosa	China: Yunnan, Baoshan	AL_Shangrila	658049	658148	11.3500
SRR23343459	Apis laboriosa	China: Yunnan, Baoshan	AL_Shangrila	658149	658248	16.5800
SRR23343459	Apis laboriosa	China: Yunnan, Baoshan	AL_Shangrila	658249	658348	17.1600
SRR23343459	Apis laboriosa	China: Yunnan, Baoshan	AL_Shangrila	658349	658448	15.0300
SRR23343459	Apis laboriosa	China: Yunnan, Baoshan	AL_Shangrila	658449	658548	15.6900
SRR23343459	Apis laboriosa	China: Yunnan, Baoshan	AL_Shangrila	658549	658648	18.5300
SRR23343459	Apis laboriosa	China: Yunnan, Baoshan	AL_Shangrila	658649	658748	20.6900
SRR23343459	Apis laboriosa	China: Yunnan, Baoshan	AL_Shangrila	658749	658836	19.2614
SRR23343460	Apis dorsata	China: Yunnan, Xishuangbanna	AL_Shangrila	650749	650848	24.8500
SRR23343460	Apis dorsata	China: Yunnan, Xishuangbanna	AL_Shangrila	650849	650948	25.9300
SRR23343460	Apis dorsata	China: Yunnan, Xishuangbanna	AL_Shangrila	650949	651048	25.0300
SRR23343460	Apis dorsata	China: Yunnan, Xishuangbanna	AL_Shangrila	651049	651148	29.3200
SRR23343460	Apis dorsata	China: Yunnan, Xishuangbanna	AL_Shangrila	651149	651248	23.4000
SRR23343460	Apis dorsata	China: Yunnan, Xishuangbanna	AL_Shangrila	651249	651348	27.7600
SRR23343460	Apis dorsata	China: Yunnan, Xishuangbanna	AL_Shangrila	651349	651448	30.2900
SRR23343460	Apis dorsata	China: Yunnan, Xishuangbanna	AL_Shangrila	651449	651548	30.6000
SRR23343460	Apis dorsata	China: Yunnan, Xishuangbanna	AL_Shangrila	651549	651648	31.5000
SRR23343460	Apis dorsata	China: Yunnan, Xishuangbanna	AL_Shangrila	651649	651748	26.2000
SRR23343460	Apis dorsata	China: Yunnan, Xishuangbanna	AL_Shangrila	651749	651848	36.7200
SRR23343460	Apis dorsata	China: Yunnan, Xishuangbanna	AL_Shangrila	651849	651948	38.2100
SRR23343460	Apis dorsata	China: Yunnan, Xishuangbanna	AL_Shangrila	651949	652048	48.1300
SRR23343460	Apis dorsata	China: Yunnan, Xishuangbanna	AL_Shangrila	652049	652148	36.1200
SRR23343460	Apis dorsata	China: Yunnan, Xishuangbanna	AL_Shangrila	652149	652248	36.3100
SRR23343460	Apis dorsata	China: Yunnan, Xishuangbanna	AL_Shangrila	652249	652348	43.0400
SRR23343460	Apis dorsata	China: Yunnan, Xishuangbanna	AL_Shangrila	652349	652448	47.4400
SRR23343460	Apis dorsata	China: Yunnan, Xishuangbanna	AL_Shangrila	652449	652548	42.0000
SRR23343460	Apis dorsata	China: Yunnan, Xishuangbanna	AL_Shangrila	652549	652648	37.7900
SRR23343460	Apis dorsata	China: Yunnan, Xishuangbanna	AL_Shangrila	652649	652748	32.0400
SRR23343460	Apis dorsata	China: Yunnan, Xishuangbanna	AL_Shangrila	652749	652848	31.5600
SRR23343460	Apis dorsata	China: Yunnan, Xishuangbanna	AL_Shangrila	652849	652948	29.9900
SRR23343460	Apis dorsata	China: Yunnan, Xishuangbanna	AL_Shangrila	652949	653048	31.4500
SRR23343460	Apis dorsata	China: Yunnan, Xishuangbanna	AL_Shangrila	653049	653148	38.0700
SRR23343460	Apis dorsata	China: Yunnan, Xishuangbanna	AL_Shangrila	653149	653248	30.8700
SRR23343460	Apis dorsata	China: Yunnan, Xishuangbanna	AL_Shangrila	653249	653348	35.0500
SRR23343460	Apis dorsata	China: Yunnan, Xishuangbanna	AL_Shangrila	653349	653448	29.7600
SRR23343460	Apis dorsata	China: Yunnan, Xishuangbanna	AL_Shangrila	653449	653548	34.5200
SRR23343460	Apis dorsata	China: Yunnan, Xishuangbanna	AL_Shangrila	653549	653648	35.6300
SRR23343460	Apis dorsata	China: Yunnan, Xishuangbanna	AL_Shangrila	653649	653748	35.1700
SRR23343460	Apis dorsata	China: Yunnan, Xishuangbanna	AL_Shangrila	653749	653848	33.7800
SRR23343460	Apis dorsata	China: Yunnan, Xishuangbanna	AL_Shangrila	653849	653948	30.8000
SRR23343460	Apis dorsata	China: Yunnan, Xishuangbanna	AL_Shangrila	653949	654048	18.5600
SRR23343460	Apis dorsata	China: Yunnan, Xishuangbanna	AL_Shangrila	654049	654148	22.1500
SRR23343460	Apis dorsata	China: Yunnan, Xishuangbanna	AL_Shangrila	654149	654248	32.0300
SRR23343460	Apis dorsata	China: Yunnan, Xishuangbanna	AL_Shangrila	654249	654348	25.2200
SRR23343460	Apis dorsata	China: Yunnan, Xishuangbanna	AL_Shangrila	654349	654448	18.2200
SRR23343460	Apis dorsata	China: Yunnan, Xishuangbanna	AL_Shangrila	654449	654548	18.5000
SRR23343460	Apis dorsata	China: Yunnan, Xishuangbanna	AL_Shangrila	654549	654648	5.6500
SRR23343460	Apis dorsata	China: Yunnan, Xishuangbanna	AL_Shangrila	654649	654748	11.5000
SRR23343460	Apis dorsata	China: Yunnan, Xishuangbanna	AL_Shangrila	654749	654848	19.2300
SRR23343460	Apis dorsata	China: Yunnan, Xishuangbanna	AL_Shangrila	654849	654948	17.0200
SRR23343460	Apis dorsata	China: Yunnan, Xishuangbanna	AL_Shangrila	654949	655048	31.3400
SRR23343460	Apis dorsata	China: Yunnan, Xishuangbanna	AL_Shangrila	655049	655148	35.9500
SRR23343460	Apis dorsata	China: Yunnan, Xishuangbanna	AL_Shangrila	655149	655248	32.4900
SRR23343460	Apis dorsata	China: Yunnan, Xishuangbanna	AL_Shangrila	655249	655348	32.2300
SRR23343460	Apis dorsata	China: Yunnan, Xishuangbanna	AL_Shangrila	655349	655448	37.0500
SRR23343460	Apis dorsata	China: Yunnan, Xishuangbanna	AL_Shangrila	655449	655548	34.3500
SRR23343460	Apis dorsata	China: Yunnan, Xishuangbanna	AL_Shangrila	655549	655648	42.7200
SRR23343460	Apis dorsata	China: Yunnan, Xishuangbanna	AL_Shangrila	655649	655748	26.2900
SRR23343460	Apis dorsata	China: Yunnan, Xishuangbanna	AL_Shangrila	655749	655848	29.3200
SRR23343460	Apis dorsata	China: Yunnan, Xishuangbanna	AL_Shangrila	655849	655948	38.1300
SRR23343460	Apis dorsata	China: Yunnan, Xishuangbanna	AL_Shangrila	655949	656048	30.5700
SRR23343460	Apis dorsata	China: Yunnan, Xishuangbanna	AL_Shangrila	656049	656148	32.9100
SRR23343460	Apis dorsata	China: Yunnan, Xishuangbanna	AL_Shangrila	656149	656248	33.8200
SRR23343460	Apis dorsata	China: Yunnan, Xishuangbanna	AL_Shangrila	656249	656348	31.6600
SRR23343460	Apis dorsata	China: Yunnan, Xishuangbanna	AL_Shangrila	656349	656448	26.7800
SRR23343460	Apis dorsata	China: Yunnan, Xishuangbanna	AL_Shangrila	656449	656548	25.8700
SRR23343460	Apis dorsata	China: Yunnan, Xishuangbanna	AL_Shangrila	656549	656648	19.2400
SRR23343460	Apis dorsata	China: Yunnan, Xishuangbanna	AL_Shangrila	656649	656748	25.0400
SRR23343460	Apis dorsata	China: Yunnan, Xishuangbanna	AL_Shangrila	656749	656848	28.7200
SRR23343460	Apis dorsata	China: Yunnan, Xishuangbanna	AL_Shangrila	656849	656948	24.5700
SRR23343460	Apis dorsata	China: Yunnan, Xishuangbanna	AL_Shangrila	656949	657048	22.5300
SRR23343460	Apis dorsata	China: Yunnan, Xishuangbanna	AL_Shangrila	657049	657148	20.1800
SRR23343460	Apis dorsata	China: Yunnan, Xishuangbanna	AL_Shangrila	657149	657248	12.0400
SRR23343460	Apis dorsata	China: Yunnan, Xishuangbanna	AL_Shangrila	657249	657348	4.7200
SRR23343460	Apis dorsata	China: Yunnan, Xishuangbanna	AL_Shangrila	657349	657448	11.5800
SRR23343460	Apis dorsata	China: Yunnan, Xishuangbanna	AL_Shangrila	657449	657548	14.0400
SRR23343460	Apis dorsata	China: Yunnan, Xishuangbanna	AL_Shangrila	657549	657648	15.9200
SRR23343460	Apis dorsata	China: Yunnan, Xishuangbanna	AL_Shangrila	657649	657748	13.8600
SRR23343460	Apis dorsata	China: Yunnan, Xishuangbanna	AL_Shangrila	657749	657848	16.7500
SRR23343460	Apis dorsata	China: Yunnan, Xishuangbanna	AL_Shangrila	657849	657948	11.4000
SRR23343460	Apis dorsata	China: Yunnan, Xishuangbanna	AL_Shangrila	657949	658048	6.2400
SRR23343460	Apis dorsata	China: Yunnan, Xishuangbanna	AL_Shangrila	658049	658148	1.3800
SRR23343460	Apis dorsata	China: Yunnan, Xishuangbanna	AL_Shangrila	658149	658248	5.0300
SRR23343460	Apis dorsata	China: Yunnan, Xishuangbanna	AL_Shangrila	658249	658348	14.0300
SRR23343460	Apis dorsata	China: Yunnan, Xishuangbanna	AL_Shangrila	658349	658448	24.3300
SRR23343460	Apis dorsata	China: Yunnan, Xishuangbanna	AL_Shangrila	658449	658548	29.1200
SRR23343460	Apis dorsata	China: Yunnan, Xishuangbanna	AL_Shangrila	658549	658648	22.7700
SRR23343460	Apis dorsata	China: Yunnan, Xishuangbanna	AL_Shangrila	658649	658748	30.1800
SRR23343460	Apis dorsata	China: Yunnan, Xishuangbanna	AL_Shangrila	658749	658836	29.7500
SRR23343461	Apis laboriosa	China: Yunnan, Baoshan	AL_Shangrila	650749	650848	36.9800
SRR23343461	Apis laboriosa	China: Yunnan, Baoshan	AL_Shangrila	650849	650948	34.6200
SRR23343461	Apis laboriosa	China: Yunnan, Baoshan	AL_Shangrila	650949	651048	35.8200
SRR23343461	Apis laboriosa	China: Yunnan, Baoshan	AL_Shangrila	651049	651148	26.3800
SRR23343461	Apis laboriosa	China: Yunnan, Baoshan	AL_Shangrila	651149	651248	27.1400
SRR23343461	Apis laboriosa	China: Yunnan, Baoshan	AL_Shangrila	651249	651348	36.8100
SRR23343461	Apis laboriosa	China: Yunnan, Baoshan	AL_Shangrila	651349	651448	28.2500
SRR23343461	Apis laboriosa	China: Yunnan, Baoshan	AL_Shangrila	651449	651548	34.3600
SRR23343461	Apis laboriosa	China: Yunnan, Baoshan	AL_Shangrila	651549	651648	32.6500
SRR23343461	Apis laboriosa	China: Yunnan, Baoshan	AL_Shangrila	651649	651748	34.8400
SRR23343461	Apis laboriosa	China: Yunnan, Baoshan	AL_Shangrila	651749	651848	38.0100
SRR23343461	Apis laboriosa	China: Yunnan, Baoshan	AL_Shangrila	651849	651948	34.2000
SRR23343461	Apis laboriosa	China: Yunnan, Baoshan	AL_Shangrila	651949	652048	33.7100
SRR23343461	Apis laboriosa	China: Yunnan, Baoshan	AL_Shangrila	652049	652148	30.0000
SRR23343461	Apis laboriosa	China: Yunnan, Baoshan	AL_Shangrila	652149	652248	35.0100
SRR23343461	Apis laboriosa	China: Yunnan, Baoshan	AL_Shangrila	652249	652348	41.4900
SRR23343461	Apis laboriosa	China: Yunnan, Baoshan	AL_Shangrila	652349	652448	31.7100
SRR23343461	Apis laboriosa	China: Yunnan, Baoshan	AL_Shangrila	652449	652548	40.7400
SRR23343461	Apis laboriosa	China: Yunnan, Baoshan	AL_Shangrila	652549	652648	38.8700
SRR23343461	Apis laboriosa	China: Yunnan, Baoshan	AL_Shangrila	652649	652748	39.3800
SRR23343461	Apis laboriosa	China: Yunnan, Baoshan	AL_Shangrila	652749	652848	36.9100
SRR23343461	Apis laboriosa	China: Yunnan, Baoshan	AL_Shangrila	652849	652948	43.2700
SRR23343461	Apis laboriosa	China: Yunnan, Baoshan	AL_Shangrila	652949	653048	35.4900
SRR23343461	Apis laboriosa	China: Yunnan, Baoshan	AL_Shangrila	653049	653148	36.2400
SRR23343461	Apis laboriosa	China: Yunnan, Baoshan	AL_Shangrila	653149	653248	37.0600
SRR23343461	Apis laboriosa	China: Yunnan, Baoshan	AL_Shangrila	653249	653348	43.0300
SRR23343461	Apis laboriosa	China: Yunnan, Baoshan	AL_Shangrila	653349	653448	37.3100
SRR23343461	Apis laboriosa	China: Yunnan, Baoshan	AL_Shangrila	653449	653548	39.9500
SRR23343461	Apis laboriosa	China: Yunnan, Baoshan	AL_Shangrila	653549	653648	38.1900
SRR23343461	Apis laboriosa	China: Yunnan, Baoshan	AL_Shangrila	653649	653748	41.1000
SRR23343461	Apis laboriosa	China: Yunnan, Baoshan	AL_Shangrila	653749	653848	37.0300
SRR23343461	Apis laboriosa	China: Yunnan, Baoshan	AL_Shangrila	653849	653948	39.3300
SRR23343461	Apis laboriosa	China: Yunnan, Baoshan	AL_Shangrila	653949	654048	25.9700
SRR23343461	Apis laboriosa	China: Yunnan, Baoshan	AL_Shangrila	654049	654148	23.7300
SRR23343461	Apis laboriosa	China: Yunnan, Baoshan	AL_Shangrila	654149	654248	22.5800
SRR23343461	Apis laboriosa	China: Yunnan, Baoshan	AL_Shangrila	654249	654348	25.6600
SRR23343461	Apis laboriosa	China: Yunnan, Baoshan	AL_Shangrila	654349	654448	28.1400
SRR23343461	Apis laboriosa	China: Yunnan, Baoshan	AL_Shangrila	654449	654548	25.0300
SRR23343461	Apis laboriosa	China: Yunnan, Baoshan	AL_Shangrila	654549	654648	27.2700
SRR23343461	Apis laboriosa	China: Yunnan, Baoshan	AL_Shangrila	654649	654748	27.4400
SRR23343461	Apis laboriosa	China: Yunnan, Baoshan	AL_Shangrila	654749	654848	25.0200
SRR23343461	Apis laboriosa	China: Yunnan, Baoshan	AL_Shangrila	654849	654948	27.7400
SRR23343461	Apis laboriosa	China: Yunnan, Baoshan	AL_Shangrila	654949	655048	34.8100
SRR23343461	Apis laboriosa	China: Yunnan, Baoshan	AL_Shangrila	655049	655148	36.7200
SRR23343461	Apis laboriosa	China: Yunnan, Baoshan	AL_Shangrila	655149	655248	36.9400
SRR23343461	Apis laboriosa	China: Yunnan, Baoshan	AL_Shangrila	655249	655348	40.1400
SRR23343461	Apis laboriosa	China: Yunnan, Baoshan	AL_Shangrila	655349	655448	28.9400
SRR23343461	Apis laboriosa	China: Yunnan, Baoshan	AL_Shangrila	655449	655548	28.7800
SRR23343461	Apis laboriosa	China: Yunnan, Baoshan	AL_Shangrila	655549	655648	35.1400
SRR23343461	Apis laboriosa	China: Yunnan, Baoshan	AL_Shangrila	655649	655748	35.7300
SRR23343461	Apis laboriosa	China: Yunnan, Baoshan	AL_Shangrila	655749	655848	35.7900
SRR23343461	Apis laboriosa	China: Yunnan, Baoshan	AL_Shangrila	655849	655948	35.8800
SRR23343461	Apis laboriosa	China: Yunnan, Baoshan	AL_Shangrila	655949	656048	36.2500
SRR23343461	Apis laboriosa	China: Yunnan, Baoshan	AL_Shangrila	656049	656148	38.0800
SRR23343461	Apis laboriosa	China: Yunnan, Baoshan	AL_Shangrila	656149	656248	30.6300
SRR23343461	Apis laboriosa	China: Yunnan, Baoshan	AL_Shangrila	656249	656348	29.8100
SRR23343461	Apis laboriosa	China: Yunnan, Baoshan	AL_Shangrila	656349	656448	26.7100
SRR23343461	Apis laboriosa	China: Yunnan, Baoshan	AL_Shangrila	656449	656548	28.8800
SRR23343461	Apis laboriosa	China: Yunnan, Baoshan	AL_Shangrila	656549	656648	29.0500
SRR23343461	Apis laboriosa	China: Yunnan, Baoshan	AL_Shangrila	656649	656748	33.0200
SRR23343461	Apis laboriosa	China: Yunnan, Baoshan	AL_Shangrila	656749	656848	30.9500
SRR23343461	Apis laboriosa	China: Yunnan, Baoshan	AL_Shangrila	656849	656948	24.2500
SRR23343461	Apis laboriosa	China: Yunnan, Baoshan	AL_Shangrila	656949	657048	27.5800
SRR23343461	Apis laboriosa	China: Yunnan, Baoshan	AL_Shangrila	657049	657148	29.0200
SRR23343461	Apis laboriosa	China: Yunnan, Baoshan	AL_Shangrila	657149	657248	26.1200
SRR23343461	Apis laboriosa	China: Yunnan, Baoshan	AL_Shangrila	657249	657348	27.5100
SRR23343461	Apis laboriosa	China: Yunnan, Baoshan	AL_Shangrila	657349	657448	24.2200
SRR23343461	Apis laboriosa	China: Yunnan, Baoshan	AL_Shangrila	657449	657548	29.0700
SRR23343461	Apis laboriosa	China: Yunnan, Baoshan	AL_Shangrila	657549	657648	27.0600
SRR23343461	Apis laboriosa	China: Yunnan, Baoshan	AL_Shangrila	657649	657748	25.5700
SRR23343461	Apis laboriosa	China: Yunnan, Baoshan	AL_Shangrila	657749	657848	23.2800
SRR23343461	Apis laboriosa	China: Yunnan, Baoshan	AL_Shangrila	657849	657948	25.0200
SRR23343461	Apis laboriosa	China: Yunnan, Baoshan	AL_Shangrila	657949	658048	21.2700
SRR23343461	Apis laboriosa	China: Yunnan, Baoshan	AL_Shangrila	658049	658148	13.4700
SRR23343461	Apis laboriosa	China: Yunnan, Baoshan	AL_Shangrila	658149	658248	22.0800
SRR23343461	Apis laboriosa	China: Yunnan, Baoshan	AL_Shangrila	658249	658348	22.6400
SRR23343461	Apis laboriosa	China: Yunnan, Baoshan	AL_Shangrila	658349	658448	20.6900
SRR23343461	Apis laboriosa	China: Yunnan, Baoshan	AL_Shangrila	658449	658548	23.6100
SRR23343461	Apis laboriosa	China: Yunnan, Baoshan	AL_Shangrila	658549	658648	27.9000
SRR23343461	Apis laboriosa	China: Yunnan, Baoshan	AL_Shangrila	658649	658748	34.9800
SRR23343461	Apis laboriosa	China: Yunnan, Baoshan	AL_Shangrila	658749	658836	30.9886
SRR23343462	Apis laboriosa	China: Yunnan, Baoshan	AL_Shangrila	650749	650848	45.2000
SRR23343462	Apis laboriosa	China: Yunnan, Baoshan	AL_Shangrila	650849	650948	49.7100
SRR23343462	Apis laboriosa	China: Yunnan, Baoshan	AL_Shangrila	650949	651048	42.0400
SRR23343462	Apis laboriosa	China: Yunnan, Baoshan	AL_Shangrila	651049	651148	45.2500
SRR23343462	Apis laboriosa	China: Yunnan, Baoshan	AL_Shangrila	651149	651248	36.3800
SRR23343462	Apis laboriosa	China: Yunnan, Baoshan	AL_Shangrila	651249	651348	35.5900
SRR23343462	Apis laboriosa	China: Yunnan, Baoshan	AL_Shangrila	651349	651448	38.4800
SRR23343462	Apis laboriosa	China: Yunnan, Baoshan	AL_Shangrila	651449	651548	36.3900
SRR23343462	Apis laboriosa	China: Yunnan, Baoshan	AL_Shangrila	651549	651648	36.2900
SRR23343462	Apis laboriosa	China: Yunnan, Baoshan	AL_Shangrila	651649	651748	32.6700
SRR23343462	Apis laboriosa	China: Yunnan, Baoshan	AL_Shangrila	651749	651848	36.2800
SRR23343462	Apis laboriosa	China: Yunnan, Baoshan	AL_Shangrila	651849	651948	42.5400
SRR23343462	Apis laboriosa	China: Yunnan, Baoshan	AL_Shangrila	651949	652048	41.4300
SRR23343462	Apis laboriosa	China: Yunnan, Baoshan	AL_Shangrila	652049	652148	42.3900
SRR23343462	Apis laboriosa	China: Yunnan, Baoshan	AL_Shangrila	652149	652248	43.7400
SRR23343462	Apis laboriosa	China: Yunnan, Baoshan	AL_Shangrila	652249	652348	40.2700
SRR23343462	Apis laboriosa	China: Yunnan, Baoshan	AL_Shangrila	652349	652448	45.0100
SRR23343462	Apis laboriosa	China: Yunnan, Baoshan	AL_Shangrila	652449	652548	47.8900
SRR23343462	Apis laboriosa	China: Yunnan, Baoshan	AL_Shangrila	652549	652648	53.7100
SRR23343462	Apis laboriosa	China: Yunnan, Baoshan	AL_Shangrila	652649	652748	52.2700
SRR23343462	Apis laboriosa	China: Yunnan, Baoshan	AL_Shangrila	652749	652848	47.7300
SRR23343462	Apis laboriosa	China: Yunnan, Baoshan	AL_Shangrila	652849	652948	40.6000
SRR23343462	Apis laboriosa	China: Yunnan, Baoshan	AL_Shangrila	652949	653048	40.5500
SRR23343462	Apis laboriosa	China: Yunnan, Baoshan	AL_Shangrila	653049	653148	51.8600
SRR23343462	Apis laboriosa	China: Yunnan, Baoshan	AL_Shangrila	653149	653248	49.6000
SRR23343462	Apis laboriosa	China: Yunnan, Baoshan	AL_Shangrila	653249	653348	53.3300
SRR23343462	Apis laboriosa	China: Yunnan, Baoshan	AL_Shangrila	653349	653448	56.5300
SRR23343462	Apis laboriosa	China: Yunnan, Baoshan	AL_Shangrila	653449	653548	56.8300
SRR23343462	Apis laboriosa	China: Yunnan, Baoshan	AL_Shangrila	653549	653648	57.4900
SRR23343462	Apis laboriosa	China: Yunnan, Baoshan	AL_Shangrila	653649	653748	51.0300
SRR23343462	Apis laboriosa	China: Yunnan, Baoshan	AL_Shangrila	653749	653848	48.1400
SRR23343462	Apis laboriosa	China: Yunnan, Baoshan	AL_Shangrila	653849	653948	50.0100
SRR23343462	Apis laboriosa	China: Yunnan, Baoshan	AL_Shangrila	653949	654048	33.6700
SRR23343462	Apis laboriosa	China: Yunnan, Baoshan	AL_Shangrila	654049	654148	42.7200
SRR23343462	Apis laboriosa	China: Yunnan, Baoshan	AL_Shangrila	654149	654248	44.6600
SRR23343462	Apis laboriosa	China: Yunnan, Baoshan	AL_Shangrila	654249	654348	37.1800
SRR23343462	Apis laboriosa	China: Yunnan, Baoshan	AL_Shangrila	654349	654448	37.5200
SRR23343462	Apis laboriosa	China: Yunnan, Baoshan	AL_Shangrila	654449	654548	35.4100
SRR23343462	Apis laboriosa	China: Yunnan, Baoshan	AL_Shangrila	654549	654648	28.0800
SRR23343462	Apis laboriosa	China: Yunnan, Baoshan	AL_Shangrila	654649	654748	30.4200
SRR23343462	Apis laboriosa	China: Yunnan, Baoshan	AL_Shangrila	654749	654848	35.6900
SRR23343462	Apis laboriosa	China: Yunnan, Baoshan	AL_Shangrila	654849	654948	41.4700
SRR23343462	Apis laboriosa	China: Yunnan, Baoshan	AL_Shangrila	654949	655048	51.7700
SRR23343462	Apis laboriosa	China: Yunnan, Baoshan	AL_Shangrila	655049	655148	58.2600
SRR23343462	Apis laboriosa	China: Yunnan, Baoshan	AL_Shangrila	655149	655248	53.5800
SRR23343462	Apis laboriosa	China: Yunnan, Baoshan	AL_Shangrila	655249	655348	46.8000
SRR23343462	Apis laboriosa	China: Yunnan, Baoshan	AL_Shangrila	655349	655448	42.3200
SRR23343462	Apis laboriosa	China: Yunnan, Baoshan	AL_Shangrila	655449	655548	36.3300
SRR23343462	Apis laboriosa	China: Yunnan, Baoshan	AL_Shangrila	655549	655648	35.3600
SRR23343462	Apis laboriosa	China: Yunnan, Baoshan	AL_Shangrila	655649	655748	32.6900
SRR23343462	Apis laboriosa	China: Yunnan, Baoshan	AL_Shangrila	655749	655848	39.9800
SRR23343462	Apis laboriosa	China: Yunnan, Baoshan	AL_Shangrila	655849	655948	54.5000
SRR23343462	Apis laboriosa	China: Yunnan, Baoshan	AL_Shangrila	655949	656048	48.8000
SRR23343462	Apis laboriosa	China: Yunnan, Baoshan	AL_Shangrila	656049	656148	41.6600
SRR23343462	Apis laboriosa	China: Yunnan, Baoshan	AL_Shangrila	656149	656248	35.5900
SRR23343462	Apis laboriosa	China: Yunnan, Baoshan	AL_Shangrila	656249	656348	34.7500
SRR23343462	Apis laboriosa	China: Yunnan, Baoshan	AL_Shangrila	656349	656448	32.0800
SRR23343462	Apis laboriosa	China: Yunnan, Baoshan	AL_Shangrila	656449	656548	39.3000
SRR23343462	Apis laboriosa	China: Yunnan, Baoshan	AL_Shangrila	656549	656648	40.7600
SRR23343462	Apis laboriosa	China: Yunnan, Baoshan	AL_Shangrila	656649	656748	44.8300
SRR23343462	Apis laboriosa	China: Yunnan, Baoshan	AL_Shangrila	656749	656848	45.3000
SRR23343462	Apis laboriosa	China: Yunnan, Baoshan	AL_Shangrila	656849	656948	40.3900
SRR23343462	Apis laboriosa	China: Yunnan, Baoshan	AL_Shangrila	656949	657048	48.2700
SRR23343462	Apis laboriosa	China: Yunnan, Baoshan	AL_Shangrila	657049	657148	40.4700
SRR23343462	Apis laboriosa	China: Yunnan, Baoshan	AL_Shangrila	657149	657248	28.0900
SRR23343462	Apis laboriosa	China: Yunnan, Baoshan	AL_Shangrila	657249	657348	31.3800
SRR23343462	Apis laboriosa	China: Yunnan, Baoshan	AL_Shangrila	657349	657448	30.3400
SRR23343462	Apis laboriosa	China: Yunnan, Baoshan	AL_Shangrila	657449	657548	18.4800
SRR23343462	Apis laboriosa	China: Yunnan, Baoshan	AL_Shangrila	657549	657648	28.9100
SRR23343462	Apis laboriosa	China: Yunnan, Baoshan	AL_Shangrila	657649	657748	31.3000
SRR23343462	Apis laboriosa	China: Yunnan, Baoshan	AL_Shangrila	657749	657848	32.3600
SRR23343462	Apis laboriosa	China: Yunnan, Baoshan	AL_Shangrila	657849	657948	31.6400
SRR23343462	Apis laboriosa	China: Yunnan, Baoshan	AL_Shangrila	657949	658048	32.5200
SRR23343462	Apis laboriosa	China: Yunnan, Baoshan	AL_Shangrila	658049	658148	32.4300
SRR23343462	Apis laboriosa	China: Yunnan, Baoshan	AL_Shangrila	658149	658248	35.1800
SRR23343462	Apis laboriosa	China: Yunnan, Baoshan	AL_Shangrila	658249	658348	41.4000
SRR23343462	Apis laboriosa	China: Yunnan, Baoshan	AL_Shangrila	658349	658448	41.5100
SRR23343462	Apis laboriosa	China: Yunnan, Baoshan	AL_Shangrila	658449	658548	45.6200
SRR23343462	Apis laboriosa	China: Yunnan, Baoshan	AL_Shangrila	658549	658648	49.4000
SRR23343462	Apis laboriosa	China: Yunnan, Baoshan	AL_Shangrila	658649	658748	44.7900
SRR23343462	Apis laboriosa	China: Yunnan, Baoshan	AL_Shangrila	658749	658836	45.9432
SRR23343463	Apis laboriosa	China: Yunnan, Baoshan	AL_Shangrila	650749	650848	42.7900
SRR23343463	Apis laboriosa	China: Yunnan, Baoshan	AL_Shangrila	650849	650948	42.8800
SRR23343463	Apis laboriosa	China: Yunnan, Baoshan	AL_Shangrila	650949	651048	39.9100
SRR23343463	Apis laboriosa	China: Yunnan, Baoshan	AL_Shangrila	651049	651148	43.0100
SRR23343463	Apis laboriosa	China: Yunnan, Baoshan	AL_Shangrila	651149	651248	31.6500
SRR23343463	Apis laboriosa	China: Yunnan, Baoshan	AL_Shangrila	651249	651348	29.1300
SRR23343463	Apis laboriosa	China: Yunnan, Baoshan	AL_Shangrila	651349	651448	35.5600
SRR23343463	Apis laboriosa	China: Yunnan, Baoshan	AL_Shangrila	651449	651548	35.1800
SRR23343463	Apis laboriosa	China: Yunnan, Baoshan	AL_Shangrila	651549	651648	36.7800
SRR23343463	Apis laboriosa	China: Yunnan, Baoshan	AL_Shangrila	651649	651748	31.1400
SRR23343463	Apis laboriosa	China: Yunnan, Baoshan	AL_Shangrila	651749	651848	32.9000
SRR23343463	Apis laboriosa	China: Yunnan, Baoshan	AL_Shangrila	651849	651948	35.5400
SRR23343463	Apis laboriosa	China: Yunnan, Baoshan	AL_Shangrila	651949	652048	34.4300
SRR23343463	Apis laboriosa	China: Yunnan, Baoshan	AL_Shangrila	652049	652148	33.2500
SRR23343463	Apis laboriosa	China: Yunnan, Baoshan	AL_Shangrila	652149	652248	36.9800
SRR23343463	Apis laboriosa	China: Yunnan, Baoshan	AL_Shangrila	652249	652348	42.7700
SRR23343463	Apis laboriosa	China: Yunnan, Baoshan	AL_Shangrila	652349	652448	42.0600
SRR23343463	Apis laboriosa	China: Yunnan, Baoshan	AL_Shangrila	652449	652548	44.7800
SRR23343463	Apis laboriosa	China: Yunnan, Baoshan	AL_Shangrila	652549	652648	46.5300
SRR23343463	Apis laboriosa	China: Yunnan, Baoshan	AL_Shangrila	652649	652748	32.7800
SRR23343463	Apis laboriosa	China: Yunnan, Baoshan	AL_Shangrila	652749	652848	31.8800
SRR23343463	Apis laboriosa	China: Yunnan, Baoshan	AL_Shangrila	652849	652948	35.0100
SRR23343463	Apis laboriosa	China: Yunnan, Baoshan	AL_Shangrila	652949	653048	30.3100
SRR23343463	Apis laboriosa	China: Yunnan, Baoshan	AL_Shangrila	653049	653148	30.8600
SRR23343463	Apis laboriosa	China: Yunnan, Baoshan	AL_Shangrila	653149	653248	35.8700
SRR23343463	Apis laboriosa	China: Yunnan, Baoshan	AL_Shangrila	653249	653348	47.7300
SRR23343463	Apis laboriosa	China: Yunnan, Baoshan	AL_Shangrila	653349	653448	43.0000
SRR23343463	Apis laboriosa	China: Yunnan, Baoshan	AL_Shangrila	653449	653548	45.1000
SRR23343463	Apis laboriosa	China: Yunnan, Baoshan	AL_Shangrila	653549	653648	43.5600
SRR23343463	Apis laboriosa	China: Yunnan, Baoshan	AL_Shangrila	653649	653748	43.0300
SRR23343463	Apis laboriosa	China: Yunnan, Baoshan	AL_Shangrila	653749	653848	45.9900
SRR23343463	Apis laboriosa	China: Yunnan, Baoshan	AL_Shangrila	653849	653948	37.7200
SRR23343463	Apis laboriosa	China: Yunnan, Baoshan	AL_Shangrila	653949	654048	25.1400
SRR23343463	Apis laboriosa	China: Yunnan, Baoshan	AL_Shangrila	654049	654148	23.2200
SRR23343463	Apis laboriosa	China: Yunnan, Baoshan	AL_Shangrila	654149	654248	28.2700
SRR23343463	Apis laboriosa	China: Yunnan, Baoshan	AL_Shangrila	654249	654348	36.1400
SRR23343463	Apis laboriosa	China: Yunnan, Baoshan	AL_Shangrila	654349	654448	31.3100
SRR23343463	Apis laboriosa	China: Yunnan, Baoshan	AL_Shangrila	654449	654548	29.1200
SRR23343463	Apis laboriosa	China: Yunnan, Baoshan	AL_Shangrila	654549	654648	31.1700
SRR23343463	Apis laboriosa	China: Yunnan, Baoshan	AL_Shangrila	654649	654748	31.9300
SRR23343463	Apis laboriosa	China: Yunnan, Baoshan	AL_Shangrila	654749	654848	31.5700
SRR23343463	Apis laboriosa	China: Yunnan, Baoshan	AL_Shangrila	654849	654948	35.2300
SRR23343463	Apis laboriosa	China: Yunnan, Baoshan	AL_Shangrila	654949	655048	38.6700
SRR23343463	Apis laboriosa	China: Yunnan, Baoshan	AL_Shangrila	655049	655148	38.5500
SRR23343463	Apis laboriosa	China: Yunnan, Baoshan	AL_Shangrila	655149	655248	45.5200
SRR23343463	Apis laboriosa	China: Yunnan, Baoshan	AL_Shangrila	655249	655348	42.1800
SRR23343463	Apis laboriosa	China: Yunnan, Baoshan	AL_Shangrila	655349	655448	36.4200
SRR23343463	Apis laboriosa	China: Yunnan, Baoshan	AL_Shangrila	655449	655548	30.5900
SRR23343463	Apis laboriosa	China: Yunnan, Baoshan	AL_Shangrila	655549	655648	27.9100
SRR23343463	Apis laboriosa	China: Yunnan, Baoshan	AL_Shangrila	655649	655748	31.3700
SRR23343463	Apis laboriosa	China: Yunnan, Baoshan	AL_Shangrila	655749	655848	30.5500
SRR23343463	Apis laboriosa	China: Yunnan, Baoshan	AL_Shangrila	655849	655948	30.6900
SRR23343463	Apis laboriosa	China: Yunnan, Baoshan	AL_Shangrila	655949	656048	26.7400
SRR23343463	Apis laboriosa	China: Yunnan, Baoshan	AL_Shangrila	656049	656148	32.2300
SRR23343463	Apis laboriosa	China: Yunnan, Baoshan	AL_Shangrila	656149	656248	35.8100
SRR23343463	Apis laboriosa	China: Yunnan, Baoshan	AL_Shangrila	656249	656348	34.1500
SRR23343463	Apis laboriosa	China: Yunnan, Baoshan	AL_Shangrila	656349	656448	34.7500
SRR23343463	Apis laboriosa	China: Yunnan, Baoshan	AL_Shangrila	656449	656548	44.6400
SRR23343463	Apis laboriosa	China: Yunnan, Baoshan	AL_Shangrila	656549	656648	40.2900
SRR23343463	Apis laboriosa	China: Yunnan, Baoshan	AL_Shangrila	656649	656748	38.1700
SRR23343463	Apis laboriosa	China: Yunnan, Baoshan	AL_Shangrila	656749	656848	35.1100
SRR23343463	Apis laboriosa	China: Yunnan, Baoshan	AL_Shangrila	656849	656948	29.4500
SRR23343463	Apis laboriosa	China: Yunnan, Baoshan	AL_Shangrila	656949	657048	32.0800
SRR23343463	Apis laboriosa	China: Yunnan, Baoshan	AL_Shangrila	657049	657148	31.2000
SRR23343463	Apis laboriosa	China: Yunnan, Baoshan	AL_Shangrila	657149	657248	29.7600
SRR23343463	Apis laboriosa	China: Yunnan, Baoshan	AL_Shangrila	657249	657348	23.9100
SRR23343463	Apis laboriosa	China: Yunnan, Baoshan	AL_Shangrila	657349	657448	25.2900
SRR23343463	Apis laboriosa	China: Yunnan, Baoshan	AL_Shangrila	657449	657548	23.8000
SRR23343463	Apis laboriosa	China: Yunnan, Baoshan	AL_Shangrila	657549	657648	26.4300
SRR23343463	Apis laboriosa	China: Yunnan, Baoshan	AL_Shangrila	657649	657748	30.7000
SRR23343463	Apis laboriosa	China: Yunnan, Baoshan	AL_Shangrila	657749	657848	24.3000
SRR23343463	Apis laboriosa	China: Yunnan, Baoshan	AL_Shangrila	657849	657948	19.3800
SRR23343463	Apis laboriosa	China: Yunnan, Baoshan	AL_Shangrila	657949	658048	23.6100
SRR23343463	Apis laboriosa	China: Yunnan, Baoshan	AL_Shangrila	658049	658148	23.9000
SRR23343463	Apis laboriosa	China: Yunnan, Baoshan	AL_Shangrila	658149	658248	24.9500
SRR23343463	Apis laboriosa	China: Yunnan, Baoshan	AL_Shangrila	658249	658348	30.3800
SRR23343463	Apis laboriosa	China: Yunnan, Baoshan	AL_Shangrila	658349	658448	33.3900
SRR23343463	Apis laboriosa	China: Yunnan, Baoshan	AL_Shangrila	658449	658548	29.1300
SRR23343463	Apis laboriosa	China: Yunnan, Baoshan	AL_Shangrila	658549	658648	36.5100
SRR23343463	Apis laboriosa	China: Yunnan, Baoshan	AL_Shangrila	658649	658748	32.8900
SRR23343463	Apis laboriosa	China: Yunnan, Baoshan	AL_Shangrila	658749	658836	25.5341
SRR23343464	Apis laboriosa	China: Yunnan, Honghe	AL_Shangrila	650749	650848	34.4900
SRR23343464	Apis laboriosa	China: Yunnan, Honghe	AL_Shangrila	650849	650948	28.9400
SRR23343464	Apis laboriosa	China: Yunnan, Honghe	AL_Shangrila	650949	651048	25.9800
SRR23343464	Apis laboriosa	China: Yunnan, Honghe	AL_Shangrila	651049	651148	30.8200
SRR23343464	Apis laboriosa	China: Yunnan, Honghe	AL_Shangrila	651149	651248	24.5800
SRR23343464	Apis laboriosa	China: Yunnan, Honghe	AL_Shangrila	651249	651348	28.0600
SRR23343464	Apis laboriosa	China: Yunnan, Honghe	AL_Shangrila	651349	651448	28.5300
SRR23343464	Apis laboriosa	China: Yunnan, Honghe	AL_Shangrila	651449	651548	33.5700
SRR23343464	Apis laboriosa	China: Yunnan, Honghe	AL_Shangrila	651549	651648	29.7900
SRR23343464	Apis laboriosa	China: Yunnan, Honghe	AL_Shangrila	651649	651748	29.2100
SRR23343464	Apis laboriosa	China: Yunnan, Honghe	AL_Shangrila	651749	651848	33.6500
SRR23343464	Apis laboriosa	China: Yunnan, Honghe	AL_Shangrila	651849	651948	30.3700
SRR23343464	Apis laboriosa	China: Yunnan, Honghe	AL_Shangrila	651949	652048	30.8300
SRR23343464	Apis laboriosa	China: Yunnan, Honghe	AL_Shangrila	652049	652148	31.3700
SRR23343464	Apis laboriosa	China: Yunnan, Honghe	AL_Shangrila	652149	652248	40.2400
SRR23343464	Apis laboriosa	China: Yunnan, Honghe	AL_Shangrila	652249	652348	40.8200
SRR23343464	Apis laboriosa	China: Yunnan, Honghe	AL_Shangrila	652349	652448	33.7000
SRR23343464	Apis laboriosa	China: Yunnan, Honghe	AL_Shangrila	652449	652548	39.4400
SRR23343464	Apis laboriosa	China: Yunnan, Honghe	AL_Shangrila	652549	652648	38.1900
SRR23343464	Apis laboriosa	China: Yunnan, Honghe	AL_Shangrila	652649	652748	26.6700
SRR23343464	Apis laboriosa	China: Yunnan, Honghe	AL_Shangrila	652749	652848	30.7200
SRR23343464	Apis laboriosa	China: Yunnan, Honghe	AL_Shangrila	652849	652948	25.7900
SRR23343464	Apis laboriosa	China: Yunnan, Honghe	AL_Shangrila	652949	653048	26.3700
SRR23343464	Apis laboriosa	China: Yunnan, Honghe	AL_Shangrila	653049	653148	26.7600
SRR23343464	Apis laboriosa	China: Yunnan, Honghe	AL_Shangrila	653149	653248	30.2000
SRR23343464	Apis laboriosa	China: Yunnan, Honghe	AL_Shangrila	653249	653348	25.5600
SRR23343464	Apis laboriosa	China: Yunnan, Honghe	AL_Shangrila	653349	653448	33.6700
SRR23343464	Apis laboriosa	China: Yunnan, Honghe	AL_Shangrila	653449	653548	37.5800
SRR23343464	Apis laboriosa	China: Yunnan, Honghe	AL_Shangrila	653549	653648	40.3600
SRR23343464	Apis laboriosa	China: Yunnan, Honghe	AL_Shangrila	653649	653748	37.0800
SRR23343464	Apis laboriosa	China: Yunnan, Honghe	AL_Shangrila	653749	653848	30.4400
SRR23343464	Apis laboriosa	China: Yunnan, Honghe	AL_Shangrila	653849	653948	35.1500
SRR23343464	Apis laboriosa	China: Yunnan, Honghe	AL_Shangrila	653949	654048	27.5400
SRR23343464	Apis laboriosa	China: Yunnan, Honghe	AL_Shangrila	654049	654148	24.2400
SRR23343464	Apis laboriosa	China: Yunnan, Honghe	AL_Shangrila	654149	654248	31.1400
SRR23343464	Apis laboriosa	China: Yunnan, Honghe	AL_Shangrila	654249	654348	29.1700
SRR23343464	Apis laboriosa	China: Yunnan, Honghe	AL_Shangrila	654349	654448	35.4000
SRR23343464	Apis laboriosa	China: Yunnan, Honghe	AL_Shangrila	654449	654548	28.5700
SRR23343464	Apis laboriosa	China: Yunnan, Honghe	AL_Shangrila	654549	654648	24.6800
SRR23343464	Apis laboriosa	China: Yunnan, Honghe	AL_Shangrila	654649	654748	26.5600
SRR23343464	Apis laboriosa	China: Yunnan, Honghe	AL_Shangrila	654749	654848	32.3000
SRR23343464	Apis laboriosa	China: Yunnan, Honghe	AL_Shangrila	654849	654948	32.8600
SRR23343464	Apis laboriosa	China: Yunnan, Honghe	AL_Shangrila	654949	655048	23.8700
SRR23343464	Apis laboriosa	China: Yunnan, Honghe	AL_Shangrila	655049	655148	29.8300
SRR23343464	Apis laboriosa	China: Yunnan, Honghe	AL_Shangrila	655149	655248	29.7100
SRR23343464	Apis laboriosa	China: Yunnan, Honghe	AL_Shangrila	655249	655348	28.4000
SRR23343464	Apis laboriosa	China: Yunnan, Honghe	AL_Shangrila	655349	655448	29.9100
SRR23343464	Apis laboriosa	China: Yunnan, Honghe	AL_Shangrila	655449	655548	26.3400
SRR23343464	Apis laboriosa	China: Yunnan, Honghe	AL_Shangrila	655549	655648	25.9300
SRR23343464	Apis laboriosa	China: Yunnan, Honghe	AL_Shangrila	655649	655748	23.3900
SRR23343464	Apis laboriosa	China: Yunnan, Honghe	AL_Shangrila	655749	655848	24.0300
SRR23343464	Apis laboriosa	China: Yunnan, Honghe	AL_Shangrila	655849	655948	27.3000
SRR23343464	Apis laboriosa	China: Yunnan, Honghe	AL_Shangrila	655949	656048	23.1700
SRR23343464	Apis laboriosa	China: Yunnan, Honghe	AL_Shangrila	656049	656148	25.6600
SRR23343464	Apis laboriosa	China: Yunnan, Honghe	AL_Shangrila	656149	656248	28.5600
SRR23343464	Apis laboriosa	China: Yunnan, Honghe	AL_Shangrila	656249	656348	29.7400
SRR23343464	Apis laboriosa	China: Yunnan, Honghe	AL_Shangrila	656349	656448	29.3300
SRR23343464	Apis laboriosa	China: Yunnan, Honghe	AL_Shangrila	656449	656548	30.5800
SRR23343464	Apis laboriosa	China: Yunnan, Honghe	AL_Shangrila	656549	656648	32.4000
SRR23343464	Apis laboriosa	China: Yunnan, Honghe	AL_Shangrila	656649	656748	32.7700
SRR23343464	Apis laboriosa	China: Yunnan, Honghe	AL_Shangrila	656749	656848	34.8100
SRR23343464	Apis laboriosa	China: Yunnan, Honghe	AL_Shangrila	656849	656948	38.2200
SRR23343464	Apis laboriosa	China: Yunnan, Honghe	AL_Shangrila	656949	657048	37.8600
SRR23343464	Apis laboriosa	China: Yunnan, Honghe	AL_Shangrila	657049	657148	28.3000
SRR23343464	Apis laboriosa	China: Yunnan, Honghe	AL_Shangrila	657149	657248	18.5800
SRR23343464	Apis laboriosa	China: Yunnan, Honghe	AL_Shangrila	657249	657348	9.8500
SRR23343464	Apis laboriosa	China: Yunnan, Honghe	AL_Shangrila	657349	657448	18.3500
SRR23343464	Apis laboriosa	China: Yunnan, Honghe	AL_Shangrila	657449	657548	23.0800
SRR23343464	Apis laboriosa	China: Yunnan, Honghe	AL_Shangrila	657549	657648	24.8400
SRR23343464	Apis laboriosa	China: Yunnan, Honghe	AL_Shangrila	657649	657748	21.7700
SRR23343464	Apis laboriosa	China: Yunnan, Honghe	AL_Shangrila	657749	657848	23.9800
SRR23343464	Apis laboriosa	China: Yunnan, Honghe	AL_Shangrila	657849	657948	24.6200
SRR23343464	Apis laboriosa	China: Yunnan, Honghe	AL_Shangrila	657949	658048	24.8300
SRR23343464	Apis laboriosa	China: Yunnan, Honghe	AL_Shangrila	658049	658148	26.6600
SRR23343464	Apis laboriosa	China: Yunnan, Honghe	AL_Shangrila	658149	658248	29.2200
SRR23343464	Apis laboriosa	China: Yunnan, Honghe	AL_Shangrila	658249	658348	28.6500
SRR23343464	Apis laboriosa	China: Yunnan, Honghe	AL_Shangrila	658349	658448	29.9800
SRR23343464	Apis laboriosa	China: Yunnan, Honghe	AL_Shangrila	658449	658548	27.2700
SRR23343464	Apis laboriosa	China: Yunnan, Honghe	AL_Shangrila	658549	658648	21.6700
SRR23343464	Apis laboriosa	China: Yunnan, Honghe	AL_Shangrila	658649	658748	18.9300
SRR23343464	Apis laboriosa	China: Yunnan, Honghe	AL_Shangrila	658749	658836	28.2841
SRR23343465	Apis laboriosa	China: Yunnan, Honghe	AL_Shangrila	650749	650848	13.4700
SRR23343465	Apis laboriosa	China: Yunnan, Honghe	AL_Shangrila	650849	650948	10.8400
SRR23343465	Apis laboriosa	China: Yunnan, Honghe	AL_Shangrila	650949	651048	14.1700
SRR23343465	Apis laboriosa	China: Yunnan, Honghe	AL_Shangrila	651049	651148	16.6500
SRR23343465	Apis laboriosa	China: Yunnan, Honghe	AL_Shangrila	651149	651248	12.7400
SRR23343465	Apis laboriosa	China: Yunnan, Honghe	AL_Shangrila	651249	651348	15.5400
SRR23343465	Apis laboriosa	China: Yunnan, Honghe	AL_Shangrila	651349	651448	15.6100
SRR23343465	Apis laboriosa	China: Yunnan, Honghe	AL_Shangrila	651449	651548	14.4500
SRR23343465	Apis laboriosa	China: Yunnan, Honghe	AL_Shangrila	651549	651648	19.2100
SRR23343465	Apis laboriosa	China: Yunnan, Honghe	AL_Shangrila	651649	651748	18.4700
SRR23343465	Apis laboriosa	China: Yunnan, Honghe	AL_Shangrila	651749	651848	18.2900
SRR23343465	Apis laboriosa	China: Yunnan, Honghe	AL_Shangrila	651849	651948	19.5400
SRR23343465	Apis laboriosa	China: Yunnan, Honghe	AL_Shangrila	651949	652048	28.3300
SRR23343465	Apis laboriosa	China: Yunnan, Honghe	AL_Shangrila	652049	652148	30.5600
SRR23343465	Apis laboriosa	China: Yunnan, Honghe	AL_Shangrila	652149	652248	27.7500
SRR23343465	Apis laboriosa	China: Yunnan, Honghe	AL_Shangrila	652249	652348	29.6000
SRR23343465	Apis laboriosa	China: Yunnan, Honghe	AL_Shangrila	652349	652448	23.0800
SRR23343465	Apis laboriosa	China: Yunnan, Honghe	AL_Shangrila	652449	652548	23.2100
SRR23343465	Apis laboriosa	China: Yunnan, Honghe	AL_Shangrila	652549	652648	18.1600
SRR23343465	Apis laboriosa	China: Yunnan, Honghe	AL_Shangrila	652649	652748	12.7300
SRR23343465	Apis laboriosa	China: Yunnan, Honghe	AL_Shangrila	652749	652848	17.1600
SRR23343465	Apis laboriosa	China: Yunnan, Honghe	AL_Shangrila	652849	652948	21.5800
SRR23343465	Apis laboriosa	China: Yunnan, Honghe	AL_Shangrila	652949	653048	23.0700
SRR23343465	Apis laboriosa	China: Yunnan, Honghe	AL_Shangrila	653049	653148	24.2200
SRR23343465	Apis laboriosa	China: Yunnan, Honghe	AL_Shangrila	653149	653248	29.0300
SRR23343465	Apis laboriosa	China: Yunnan, Honghe	AL_Shangrila	653249	653348	27.2500
SRR23343465	Apis laboriosa	China: Yunnan, Honghe	AL_Shangrila	653349	653448	26.8600
SRR23343465	Apis laboriosa	China: Yunnan, Honghe	AL_Shangrila	653449	653548	29.0400
SRR23343465	Apis laboriosa	China: Yunnan, Honghe	AL_Shangrila	653549	653648	31.0000
SRR23343465	Apis laboriosa	China: Yunnan, Honghe	AL_Shangrila	653649	653748	22.3900
SRR23343465	Apis laboriosa	China: Yunnan, Honghe	AL_Shangrila	653749	653848	18.7000
SRR23343465	Apis laboriosa	China: Yunnan, Honghe	AL_Shangrila	653849	653948	21.9400
SRR23343465	Apis laboriosa	China: Yunnan, Honghe	AL_Shangrila	653949	654048	16.7400
SRR23343465	Apis laboriosa	China: Yunnan, Honghe	AL_Shangrila	654049	654148	19.9600
SRR23343465	Apis laboriosa	China: Yunnan, Honghe	AL_Shangrila	654149	654248	28.5300
SRR23343465	Apis laboriosa	China: Yunnan, Honghe	AL_Shangrila	654249	654348	25.0500
SRR23343465	Apis laboriosa	China: Yunnan, Honghe	AL_Shangrila	654349	654448	21.6700
SRR23343465	Apis laboriosa	China: Yunnan, Honghe	AL_Shangrila	654449	654548	19.4600
SRR23343465	Apis laboriosa	China: Yunnan, Honghe	AL_Shangrila	654549	654648	16.8400
SRR23343465	Apis laboriosa	China: Yunnan, Honghe	AL_Shangrila	654649	654748	22.2800
SRR23343465	Apis laboriosa	China: Yunnan, Honghe	AL_Shangrila	654749	654848	24.7100
SRR23343465	Apis laboriosa	China: Yunnan, Honghe	AL_Shangrila	654849	654948	22.8200
SRR23343465	Apis laboriosa	China: Yunnan, Honghe	AL_Shangrila	654949	655048	21.7600
SRR23343465	Apis laboriosa	China: Yunnan, Honghe	AL_Shangrila	655049	655148	23.8800
SRR23343465	Apis laboriosa	China: Yunnan, Honghe	AL_Shangrila	655149	655248	16.4300
SRR23343465	Apis laboriosa	China: Yunnan, Honghe	AL_Shangrila	655249	655348	19.2300
SRR23343465	Apis laboriosa	China: Yunnan, Honghe	AL_Shangrila	655349	655448	18.1600
SRR23343465	Apis laboriosa	China: Yunnan, Honghe	AL_Shangrila	655449	655548	18.6200
SRR23343465	Apis laboriosa	China: Yunnan, Honghe	AL_Shangrila	655549	655648	22.5200
SRR23343465	Apis laboriosa	China: Yunnan, Honghe	AL_Shangrila	655649	655748	21.2900
SRR23343465	Apis laboriosa	China: Yunnan, Honghe	AL_Shangrila	655749	655848	21.3800
SRR23343465	Apis laboriosa	China: Yunnan, Honghe	AL_Shangrila	655849	655948	19.6700
SRR23343465	Apis laboriosa	China: Yunnan, Honghe	AL_Shangrila	655949	656048	13.9300
SRR23343465	Apis laboriosa	China: Yunnan, Honghe	AL_Shangrila	656049	656148	17.1900
SRR23343465	Apis laboriosa	China: Yunnan, Honghe	AL_Shangrila	656149	656248	20.3800
SRR23343465	Apis laboriosa	China: Yunnan, Honghe	AL_Shangrila	656249	656348	16.6200
SRR23343465	Apis laboriosa	China: Yunnan, Honghe	AL_Shangrila	656349	656448	20.6800
SRR23343465	Apis laboriosa	China: Yunnan, Honghe	AL_Shangrila	656449	656548	17.8200
SRR23343465	Apis laboriosa	China: Yunnan, Honghe	AL_Shangrila	656549	656648	15.8900
SRR23343465	Apis laboriosa	China: Yunnan, Honghe	AL_Shangrila	656649	656748	23.2600
SRR23343465	Apis laboriosa	China: Yunnan, Honghe	AL_Shangrila	656749	656848	15.6700
SRR23343465	Apis laboriosa	China: Yunnan, Honghe	AL_Shangrila	656849	656948	17.4200
SRR23343465	Apis laboriosa	China: Yunnan, Honghe	AL_Shangrila	656949	657048	18.4000
SRR23343465	Apis laboriosa	China: Yunnan, Honghe	AL_Shangrila	657049	657148	19.4500
SRR23343465	Apis laboriosa	China: Yunnan, Honghe	AL_Shangrila	657149	657248	19.1200
SRR23343465	Apis laboriosa	China: Yunnan, Honghe	AL_Shangrila	657249	657348	17.9400
SRR23343465	Apis laboriosa	China: Yunnan, Honghe	AL_Shangrila	657349	657448	19.3400
SRR23343465	Apis laboriosa	China: Yunnan, Honghe	AL_Shangrila	657449	657548	21.8200
SRR23343465	Apis laboriosa	China: Yunnan, Honghe	AL_Shangrila	657549	657648	16.4200
SRR23343465	Apis laboriosa	China: Yunnan, Honghe	AL_Shangrila	657649	657748	19.6000
SRR23343465	Apis laboriosa	China: Yunnan, Honghe	AL_Shangrila	657749	657848	15.5000
SRR23343465	Apis laboriosa	China: Yunnan, Honghe	AL_Shangrila	657849	657948	10.0500
SRR23343465	Apis laboriosa	China: Yunnan, Honghe	AL_Shangrila	657949	658048	13.3800
SRR23343465	Apis laboriosa	China: Yunnan, Honghe	AL_Shangrila	658049	658148	14.7600
SRR23343465	Apis laboriosa	China: Yunnan, Honghe	AL_Shangrila	658149	658248	17.6600
SRR23343465	Apis laboriosa	China: Yunnan, Honghe	AL_Shangrila	658249	658348	20.7000
SRR23343465	Apis laboriosa	China: Yunnan, Honghe	AL_Shangrila	658349	658448	20.7300
SRR23343465	Apis laboriosa	China: Yunnan, Honghe	AL_Shangrila	658449	658548	14.4200
SRR23343465	Apis laboriosa	China: Yunnan, Honghe	AL_Shangrila	658549	658648	13.3200
SRR23343465	Apis laboriosa	China: Yunnan, Honghe	AL_Shangrila	658649	658748	13.1900
SRR23343465	Apis laboriosa	China: Yunnan, Honghe	AL_Shangrila	658749	658836	12.5000
SRR23343466	Apis laboriosa	China: Yunnan, Honghe	AL_Shangrila	650749	650848	26.0600
SRR23343466	Apis laboriosa	China: Yunnan, Honghe	AL_Shangrila	650849	650948	27.1300
SRR23343466	Apis laboriosa	China: Yunnan, Honghe	AL_Shangrila	650949	651048	23.7000
SRR23343466	Apis laboriosa	China: Yunnan, Honghe	AL_Shangrila	651049	651148	18.5200
SRR23343466	Apis laboriosa	China: Yunnan, Honghe	AL_Shangrila	651149	651248	19.5100
SRR23343466	Apis laboriosa	China: Yunnan, Honghe	AL_Shangrila	651249	651348	22.8300
SRR23343466	Apis laboriosa	China: Yunnan, Honghe	AL_Shangrila	651349	651448	23.2200
SRR23343466	Apis laboriosa	China: Yunnan, Honghe	AL_Shangrila	651449	651548	19.5700
SRR23343466	Apis laboriosa	China: Yunnan, Honghe	AL_Shangrila	651549	651648	21.4500
SRR23343466	Apis laboriosa	China: Yunnan, Honghe	AL_Shangrila	651649	651748	24.0800
SRR23343466	Apis laboriosa	China: Yunnan, Honghe	AL_Shangrila	651749	651848	21.4500
SRR23343466	Apis laboriosa	China: Yunnan, Honghe	AL_Shangrila	651849	651948	25.4800
SRR23343466	Apis laboriosa	China: Yunnan, Honghe	AL_Shangrila	651949	652048	26.6700
SRR23343466	Apis laboriosa	China: Yunnan, Honghe	AL_Shangrila	652049	652148	21.4400
SRR23343466	Apis laboriosa	China: Yunnan, Honghe	AL_Shangrila	652149	652248	27.9000
SRR23343466	Apis laboriosa	China: Yunnan, Honghe	AL_Shangrila	652249	652348	36.9500
SRR23343466	Apis laboriosa	China: Yunnan, Honghe	AL_Shangrila	652349	652448	35.2900
SRR23343466	Apis laboriosa	China: Yunnan, Honghe	AL_Shangrila	652449	652548	33.7100
SRR23343466	Apis laboriosa	China: Yunnan, Honghe	AL_Shangrila	652549	652648	31.4100
SRR23343466	Apis laboriosa	China: Yunnan, Honghe	AL_Shangrila	652649	652748	33.9500
SRR23343466	Apis laboriosa	China: Yunnan, Honghe	AL_Shangrila	652749	652848	37.6800
SRR23343466	Apis laboriosa	China: Yunnan, Honghe	AL_Shangrila	652849	652948	37.9700
SRR23343466	Apis laboriosa	China: Yunnan, Honghe	AL_Shangrila	652949	653048	28.4400
SRR23343466	Apis laboriosa	China: Yunnan, Honghe	AL_Shangrila	653049	653148	28.4800
SRR23343466	Apis laboriosa	China: Yunnan, Honghe	AL_Shangrila	653149	653248	27.0700
SRR23343466	Apis laboriosa	China: Yunnan, Honghe	AL_Shangrila	653249	653348	22.2900
SRR23343466	Apis laboriosa	China: Yunnan, Honghe	AL_Shangrila	653349	653448	24.9800
SRR23343466	Apis laboriosa	China: Yunnan, Honghe	AL_Shangrila	653449	653548	28.7800
SRR23343466	Apis laboriosa	China: Yunnan, Honghe	AL_Shangrila	653549	653648	23.6600
SRR23343466	Apis laboriosa	China: Yunnan, Honghe	AL_Shangrila	653649	653748	24.9400
SRR23343466	Apis laboriosa	China: Yunnan, Honghe	AL_Shangrila	653749	653848	23.2300
SRR23343466	Apis laboriosa	China: Yunnan, Honghe	AL_Shangrila	653849	653948	23.0600
SRR23343466	Apis laboriosa	China: Yunnan, Honghe	AL_Shangrila	653949	654048	17.0800
SRR23343466	Apis laboriosa	China: Yunnan, Honghe	AL_Shangrila	654049	654148	26.7000
SRR23343466	Apis laboriosa	China: Yunnan, Honghe	AL_Shangrila	654149	654248	28.4600
SRR23343466	Apis laboriosa	China: Yunnan, Honghe	AL_Shangrila	654249	654348	28.3200
SRR23343466	Apis laboriosa	China: Yunnan, Honghe	AL_Shangrila	654349	654448	30.8500
SRR23343466	Apis laboriosa	China: Yunnan, Honghe	AL_Shangrila	654449	654548	27.6500
SRR23343466	Apis laboriosa	China: Yunnan, Honghe	AL_Shangrila	654549	654648	21.2400
SRR23343466	Apis laboriosa	China: Yunnan, Honghe	AL_Shangrila	654649	654748	26.4000
SRR23343466	Apis laboriosa	China: Yunnan, Honghe	AL_Shangrila	654749	654848	23.3500
SRR23343466	Apis laboriosa	China: Yunnan, Honghe	AL_Shangrila	654849	654948	19.1300
SRR23343466	Apis laboriosa	China: Yunnan, Honghe	AL_Shangrila	654949	655048	21.8600
SRR23343466	Apis laboriosa	China: Yunnan, Honghe	AL_Shangrila	655049	655148	29.6700
SRR23343466	Apis laboriosa	China: Yunnan, Honghe	AL_Shangrila	655149	655248	26.4800
SRR23343466	Apis laboriosa	China: Yunnan, Honghe	AL_Shangrila	655249	655348	29.4200
SRR23343466	Apis laboriosa	China: Yunnan, Honghe	AL_Shangrila	655349	655448	25.6100
SRR23343466	Apis laboriosa	China: Yunnan, Honghe	AL_Shangrila	655449	655548	25.2100
SRR23343466	Apis laboriosa	China: Yunnan, Honghe	AL_Shangrila	655549	655648	25.6900
SRR23343466	Apis laboriosa	China: Yunnan, Honghe	AL_Shangrila	655649	655748	24.1300
SRR23343466	Apis laboriosa	China: Yunnan, Honghe	AL_Shangrila	655749	655848	24.6000
SRR23343466	Apis laboriosa	China: Yunnan, Honghe	AL_Shangrila	655849	655948	32.7700
SRR23343466	Apis laboriosa	China: Yunnan, Honghe	AL_Shangrila	655949	656048	33.9500
SRR23343466	Apis laboriosa	China: Yunnan, Honghe	AL_Shangrila	656049	656148	34.2600
SRR23343466	Apis laboriosa	China: Yunnan, Honghe	AL_Shangrila	656149	656248	33.5900
SRR23343466	Apis laboriosa	China: Yunnan, Honghe	AL_Shangrila	656249	656348	23.9900
SRR23343466	Apis laboriosa	China: Yunnan, Honghe	AL_Shangrila	656349	656448	20.6900
SRR23343466	Apis laboriosa	China: Yunnan, Honghe	AL_Shangrila	656449	656548	20.3400
SRR23343466	Apis laboriosa	China: Yunnan, Honghe	AL_Shangrila	656549	656648	20.6300
SRR23343466	Apis laboriosa	China: Yunnan, Honghe	AL_Shangrila	656649	656748	37.1700
SRR23343466	Apis laboriosa	China: Yunnan, Honghe	AL_Shangrila	656749	656848	39.7200
SRR23343466	Apis laboriosa	China: Yunnan, Honghe	AL_Shangrila	656849	656948	34.4600
SRR23343466	Apis laboriosa	China: Yunnan, Honghe	AL_Shangrila	656949	657048	28.5100
SRR23343466	Apis laboriosa	China: Yunnan, Honghe	AL_Shangrila	657049	657148	22.4500
SRR23343466	Apis laboriosa	China: Yunnan, Honghe	AL_Shangrila	657149	657248	19.6300
SRR23343466	Apis laboriosa	China: Yunnan, Honghe	AL_Shangrila	657249	657348	19.0700
SRR23343466	Apis laboriosa	China: Yunnan, Honghe	AL_Shangrila	657349	657448	15.5800
SRR23343466	Apis laboriosa	China: Yunnan, Honghe	AL_Shangrila	657449	657548	13.9600
SRR23343466	Apis laboriosa	China: Yunnan, Honghe	AL_Shangrila	657549	657648	17.1900
SRR23343466	Apis laboriosa	China: Yunnan, Honghe	AL_Shangrila	657649	657748	20.3800
SRR23343466	Apis laboriosa	China: Yunnan, Honghe	AL_Shangrila	657749	657848	20.3100
SRR23343466	Apis laboriosa	China: Yunnan, Honghe	AL_Shangrila	657849	657948	19.6200
SRR23343466	Apis laboriosa	China: Yunnan, Honghe	AL_Shangrila	657949	658048	20.3000
SRR23343466	Apis laboriosa	China: Yunnan, Honghe	AL_Shangrila	658049	658148	17.5500
SRR23343466	Apis laboriosa	China: Yunnan, Honghe	AL_Shangrila	658149	658248	19.1300
SRR23343466	Apis laboriosa	China: Yunnan, Honghe	AL_Shangrila	658249	658348	21.5600
SRR23343466	Apis laboriosa	China: Yunnan, Honghe	AL_Shangrila	658349	658448	24.4000
SRR23343466	Apis laboriosa	China: Yunnan, Honghe	AL_Shangrila	658449	658548	23.8400
SRR23343466	Apis laboriosa	China: Yunnan, Honghe	AL_Shangrila	658549	658648	17.1300
SRR23343466	Apis laboriosa	China: Yunnan, Honghe	AL_Shangrila	658649	658748	7.1000
SRR23343466	Apis laboriosa	China: Yunnan, Honghe	AL_Shangrila	658749	658836	5.5114
SRR23343467	Apis laboriosa	China: Yunnan, Honghe	AL_Shangrila	650749	650848	29.7900
SRR23343467	Apis laboriosa	China: Yunnan, Honghe	AL_Shangrila	650849	650948	25.5900
SRR23343467	Apis laboriosa	China: Yunnan, Honghe	AL_Shangrila	650949	651048	26.5700
SRR23343467	Apis laboriosa	China: Yunnan, Honghe	AL_Shangrila	651049	651148	24.7200
SRR23343467	Apis laboriosa	China: Yunnan, Honghe	AL_Shangrila	651149	651248	19.6800
SRR23343467	Apis laboriosa	China: Yunnan, Honghe	AL_Shangrila	651249	651348	23.2500
SRR23343467	Apis laboriosa	China: Yunnan, Honghe	AL_Shangrila	651349	651448	28.6800
SRR23343467	Apis laboriosa	China: Yunnan, Honghe	AL_Shangrila	651449	651548	23.4300
SRR23343467	Apis laboriosa	China: Yunnan, Honghe	AL_Shangrila	651549	651648	22.3700
SRR23343467	Apis laboriosa	China: Yunnan, Honghe	AL_Shangrila	651649	651748	29.8000
SRR23343467	Apis laboriosa	China: Yunnan, Honghe	AL_Shangrila	651749	651848	29.7800
SRR23343467	Apis laboriosa	China: Yunnan, Honghe	AL_Shangrila	651849	651948	30.6000
SRR23343467	Apis laboriosa	China: Yunnan, Honghe	AL_Shangrila	651949	652048	31.4000
SRR23343467	Apis laboriosa	China: Yunnan, Honghe	AL_Shangrila	652049	652148	38.0500
SRR23343467	Apis laboriosa	China: Yunnan, Honghe	AL_Shangrila	652149	652248	42.2600
SRR23343467	Apis laboriosa	China: Yunnan, Honghe	AL_Shangrila	652249	652348	43.9400
SRR23343467	Apis laboriosa	China: Yunnan, Honghe	AL_Shangrila	652349	652448	47.6500
SRR23343467	Apis laboriosa	China: Yunnan, Honghe	AL_Shangrila	652449	652548	43.9200
SRR23343467	Apis laboriosa	China: Yunnan, Honghe	AL_Shangrila	652549	652648	42.7300
SRR23343467	Apis laboriosa	China: Yunnan, Honghe	AL_Shangrila	652649	652748	35.8900
SRR23343467	Apis laboriosa	China: Yunnan, Honghe	AL_Shangrila	652749	652848	37.2900
SRR23343467	Apis laboriosa	China: Yunnan, Honghe	AL_Shangrila	652849	652948	40.0000
SRR23343467	Apis laboriosa	China: Yunnan, Honghe	AL_Shangrila	652949	653048	43.3600
SRR23343467	Apis laboriosa	China: Yunnan, Honghe	AL_Shangrila	653049	653148	39.0700
SRR23343467	Apis laboriosa	China: Yunnan, Honghe	AL_Shangrila	653149	653248	35.2400
SRR23343467	Apis laboriosa	China: Yunnan, Honghe	AL_Shangrila	653249	653348	29.0600
SRR23343467	Apis laboriosa	China: Yunnan, Honghe	AL_Shangrila	653349	653448	29.7100
SRR23343467	Apis laboriosa	China: Yunnan, Honghe	AL_Shangrila	653449	653548	30.3300
SRR23343467	Apis laboriosa	China: Yunnan, Honghe	AL_Shangrila	653549	653648	28.5500
SRR23343467	Apis laboriosa	China: Yunnan, Honghe	AL_Shangrila	653649	653748	31.8800
SRR23343467	Apis laboriosa	China: Yunnan, Honghe	AL_Shangrila	653749	653848	28.7600
SRR23343467	Apis laboriosa	China: Yunnan, Honghe	AL_Shangrila	653849	653948	26.8100
SRR23343467	Apis laboriosa	China: Yunnan, Honghe	AL_Shangrila	653949	654048	21.1900
SRR23343467	Apis laboriosa	China: Yunnan, Honghe	AL_Shangrila	654049	654148	22.3900
SRR23343467	Apis laboriosa	China: Yunnan, Honghe	AL_Shangrila	654149	654248	19.4900
SRR23343467	Apis laboriosa	China: Yunnan, Honghe	AL_Shangrila	654249	654348	22.6000
SRR23343467	Apis laboriosa	China: Yunnan, Honghe	AL_Shangrila	654349	654448	30.7300
SRR23343467	Apis laboriosa	China: Yunnan, Honghe	AL_Shangrila	654449	654548	27.2400
SRR23343467	Apis laboriosa	China: Yunnan, Honghe	AL_Shangrila	654549	654648	34.0500
SRR23343467	Apis laboriosa	China: Yunnan, Honghe	AL_Shangrila	654649	654748	28.5300
SRR23343467	Apis laboriosa	China: Yunnan, Honghe	AL_Shangrila	654749	654848	37.8300
SRR23343467	Apis laboriosa	China: Yunnan, Honghe	AL_Shangrila	654849	654948	35.9400
SRR23343467	Apis laboriosa	China: Yunnan, Honghe	AL_Shangrila	654949	655048	32.4900
SRR23343467	Apis laboriosa	China: Yunnan, Honghe	AL_Shangrila	655049	655148	39.1500
SRR23343467	Apis laboriosa	China: Yunnan, Honghe	AL_Shangrila	655149	655248	40.5100
SRR23343467	Apis laboriosa	China: Yunnan, Honghe	AL_Shangrila	655249	655348	28.5100
SRR23343467	Apis laboriosa	China: Yunnan, Honghe	AL_Shangrila	655349	655448	30.5300
SRR23343467	Apis laboriosa	China: Yunnan, Honghe	AL_Shangrila	655449	655548	29.3100
SRR23343467	Apis laboriosa	China: Yunnan, Honghe	AL_Shangrila	655549	655648	33.0500
SRR23343467	Apis laboriosa	China: Yunnan, Honghe	AL_Shangrila	655649	655748	32.2700
SRR23343467	Apis laboriosa	China: Yunnan, Honghe	AL_Shangrila	655749	655848	23.0400
SRR23343467	Apis laboriosa	China: Yunnan, Honghe	AL_Shangrila	655849	655948	26.1500
SRR23343467	Apis laboriosa	China: Yunnan, Honghe	AL_Shangrila	655949	656048	27.1500
SRR23343467	Apis laboriosa	China: Yunnan, Honghe	AL_Shangrila	656049	656148	37.2900
SRR23343467	Apis laboriosa	China: Yunnan, Honghe	AL_Shangrila	656149	656248	39.9400
SRR23343467	Apis laboriosa	China: Yunnan, Honghe	AL_Shangrila	656249	656348	41.4500
SRR23343467	Apis laboriosa	China: Yunnan, Honghe	AL_Shangrila	656349	656448	36.1700
SRR23343467	Apis laboriosa	China: Yunnan, Honghe	AL_Shangrila	656449	656548	34.8900
SRR23343467	Apis laboriosa	China: Yunnan, Honghe	AL_Shangrila	656549	656648	28.3900
SRR23343467	Apis laboriosa	China: Yunnan, Honghe	AL_Shangrila	656649	656748	27.7600
SRR23343467	Apis laboriosa	China: Yunnan, Honghe	AL_Shangrila	656749	656848	31.6200
SRR23343467	Apis laboriosa	China: Yunnan, Honghe	AL_Shangrila	656849	656948	30.0700
SRR23343467	Apis laboriosa	China: Yunnan, Honghe	AL_Shangrila	656949	657048	36.3700
SRR23343467	Apis laboriosa	China: Yunnan, Honghe	AL_Shangrila	657049	657148	33.0600
SRR23343467	Apis laboriosa	China: Yunnan, Honghe	AL_Shangrila	657149	657248	29.0300
SRR23343467	Apis laboriosa	China: Yunnan, Honghe	AL_Shangrila	657249	657348	29.8400
SRR23343467	Apis laboriosa	China: Yunnan, Honghe	AL_Shangrila	657349	657448	25.6700
SRR23343467	Apis laboriosa	China: Yunnan, Honghe	AL_Shangrila	657449	657548	29.4800
SRR23343467	Apis laboriosa	China: Yunnan, Honghe	AL_Shangrila	657549	657648	25.1400
SRR23343467	Apis laboriosa	China: Yunnan, Honghe	AL_Shangrila	657649	657748	19.8300
SRR23343467	Apis laboriosa	China: Yunnan, Honghe	AL_Shangrila	657749	657848	14.3100
SRR23343467	Apis laboriosa	China: Yunnan, Honghe	AL_Shangrila	657849	657948	13.0300
SRR23343467	Apis laboriosa	China: Yunnan, Honghe	AL_Shangrila	657949	658048	14.9400
SRR23343467	Apis laboriosa	China: Yunnan, Honghe	AL_Shangrila	658049	658148	10.9200
SRR23343467	Apis laboriosa	China: Yunnan, Honghe	AL_Shangrila	658149	658248	19.1200
SRR23343467	Apis laboriosa	China: Yunnan, Honghe	AL_Shangrila	658249	658348	22.5600
SRR23343467	Apis laboriosa	China: Yunnan, Honghe	AL_Shangrila	658349	658448	19.4200
SRR23343467	Apis laboriosa	China: Yunnan, Honghe	AL_Shangrila	658449	658548	25.5800
SRR23343467	Apis laboriosa	China: Yunnan, Honghe	AL_Shangrila	658549	658648	19.3200
SRR23343467	Apis laboriosa	China: Yunnan, Honghe	AL_Shangrila	658649	658748	17.0700
SRR23343467	Apis laboriosa	China: Yunnan, Honghe	AL_Shangrila	658749	658836	22.6364
SRR23343468	Apis laboriosa	China: Yunnan, Honghe	AL_Shangrila	650749	650848	27.6200
SRR23343468	Apis laboriosa	China: Yunnan, Honghe	AL_Shangrila	650849	650948	30.7600
SRR23343468	Apis laboriosa	China: Yunnan, Honghe	AL_Shangrila	650949	651048	29.3900
SRR23343468	Apis laboriosa	China: Yunnan, Honghe	AL_Shangrila	651049	651148	29.2700
SRR23343468	Apis laboriosa	China: Yunnan, Honghe	AL_Shangrila	651149	651248	27.8400
SRR23343468	Apis laboriosa	China: Yunnan, Honghe	AL_Shangrila	651249	651348	28.3000
SRR23343468	Apis laboriosa	China: Yunnan, Honghe	AL_Shangrila	651349	651448	32.9500
SRR23343468	Apis laboriosa	China: Yunnan, Honghe	AL_Shangrila	651449	651548	34.8800
SRR23343468	Apis laboriosa	China: Yunnan, Honghe	AL_Shangrila	651549	651648	34.6300
SRR23343468	Apis laboriosa	China: Yunnan, Honghe	AL_Shangrila	651649	651748	30.9400
SRR23343468	Apis laboriosa	China: Yunnan, Honghe	AL_Shangrila	651749	651848	28.1900
SRR23343468	Apis laboriosa	China: Yunnan, Honghe	AL_Shangrila	651849	651948	32.1300
SRR23343468	Apis laboriosa	China: Yunnan, Honghe	AL_Shangrila	651949	652048	35.5400
SRR23343468	Apis laboriosa	China: Yunnan, Honghe	AL_Shangrila	652049	652148	35.2700
SRR23343468	Apis laboriosa	China: Yunnan, Honghe	AL_Shangrila	652149	652248	44.6100
SRR23343468	Apis laboriosa	China: Yunnan, Honghe	AL_Shangrila	652249	652348	49.5300
SRR23343468	Apis laboriosa	China: Yunnan, Honghe	AL_Shangrila	652349	652448	49.0600
SRR23343468	Apis laboriosa	China: Yunnan, Honghe	AL_Shangrila	652449	652548	45.5300
SRR23343468	Apis laboriosa	China: Yunnan, Honghe	AL_Shangrila	652549	652648	37.8800
SRR23343468	Apis laboriosa	China: Yunnan, Honghe	AL_Shangrila	652649	652748	36.0600
SRR23343468	Apis laboriosa	China: Yunnan, Honghe	AL_Shangrila	652749	652848	31.0400
SRR23343468	Apis laboriosa	China: Yunnan, Honghe	AL_Shangrila	652849	652948	35.7200
SRR23343468	Apis laboriosa	China: Yunnan, Honghe	AL_Shangrila	652949	653048	40.6900
SRR23343468	Apis laboriosa	China: Yunnan, Honghe	AL_Shangrila	653049	653148	42.1300
SRR23343468	Apis laboriosa	China: Yunnan, Honghe	AL_Shangrila	653149	653248	34.2900
SRR23343468	Apis laboriosa	China: Yunnan, Honghe	AL_Shangrila	653249	653348	36.3800
SRR23343468	Apis laboriosa	China: Yunnan, Honghe	AL_Shangrila	653349	653448	35.1700
SRR23343468	Apis laboriosa	China: Yunnan, Honghe	AL_Shangrila	653449	653548	34.0600
SRR23343468	Apis laboriosa	China: Yunnan, Honghe	AL_Shangrila	653549	653648	30.7800
SRR23343468	Apis laboriosa	China: Yunnan, Honghe	AL_Shangrila	653649	653748	35.9100
SRR23343468	Apis laboriosa	China: Yunnan, Honghe	AL_Shangrila	653749	653848	34.0600
SRR23343468	Apis laboriosa	China: Yunnan, Honghe	AL_Shangrila	653849	653948	37.9000
SRR23343468	Apis laboriosa	China: Yunnan, Honghe	AL_Shangrila	653949	654048	24.4100
SRR23343468	Apis laboriosa	China: Yunnan, Honghe	AL_Shangrila	654049	654148	25.4200
SRR23343468	Apis laboriosa	China: Yunnan, Honghe	AL_Shangrila	654149	654248	26.1600
SRR23343468	Apis laboriosa	China: Yunnan, Honghe	AL_Shangrila	654249	654348	34.3800
SRR23343468	Apis laboriosa	China: Yunnan, Honghe	AL_Shangrila	654349	654448	31.5400
SRR23343468	Apis laboriosa	China: Yunnan, Honghe	AL_Shangrila	654449	654548	27.4000
SRR23343468	Apis laboriosa	China: Yunnan, Honghe	AL_Shangrila	654549	654648	25.0400
SRR23343468	Apis laboriosa	China: Yunnan, Honghe	AL_Shangrila	654649	654748	21.9600
SRR23343468	Apis laboriosa	China: Yunnan, Honghe	AL_Shangrila	654749	654848	21.0400
SRR23343468	Apis laboriosa	China: Yunnan, Honghe	AL_Shangrila	654849	654948	26.4900
SRR23343468	Apis laboriosa	China: Yunnan, Honghe	AL_Shangrila	654949	655048	28.2500
SRR23343468	Apis laboriosa	China: Yunnan, Honghe	AL_Shangrila	655049	655148	36.0700
SRR23343468	Apis laboriosa	China: Yunnan, Honghe	AL_Shangrila	655149	655248	39.7300
SRR23343468	Apis laboriosa	China: Yunnan, Honghe	AL_Shangrila	655249	655348	42.3000
SRR23343468	Apis laboriosa	China: Yunnan, Honghe	AL_Shangrila	655349	655448	38.0800
SRR23343468	Apis laboriosa	China: Yunnan, Honghe	AL_Shangrila	655449	655548	29.0700
SRR23343468	Apis laboriosa	China: Yunnan, Honghe	AL_Shangrila	655549	655648	28.2200
SRR23343468	Apis laboriosa	China: Yunnan, Honghe	AL_Shangrila	655649	655748	27.5800
SRR23343468	Apis laboriosa	China: Yunnan, Honghe	AL_Shangrila	655749	655848	25.0200
SRR23343468	Apis laboriosa	China: Yunnan, Honghe	AL_Shangrila	655849	655948	29.1900
SRR23343468	Apis laboriosa	China: Yunnan, Honghe	AL_Shangrila	655949	656048	27.3300
SRR23343468	Apis laboriosa	China: Yunnan, Honghe	AL_Shangrila	656049	656148	33.5600
SRR23343468	Apis laboriosa	China: Yunnan, Honghe	AL_Shangrila	656149	656248	39.1100
SRR23343468	Apis laboriosa	China: Yunnan, Honghe	AL_Shangrila	656249	656348	40.3000
SRR23343468	Apis laboriosa	China: Yunnan, Honghe	AL_Shangrila	656349	656448	34.5000
SRR23343468	Apis laboriosa	China: Yunnan, Honghe	AL_Shangrila	656449	656548	26.6100
SRR23343468	Apis laboriosa	China: Yunnan, Honghe	AL_Shangrila	656549	656648	25.6800
SRR23343468	Apis laboriosa	China: Yunnan, Honghe	AL_Shangrila	656649	656748	28.2900
SRR23343468	Apis laboriosa	China: Yunnan, Honghe	AL_Shangrila	656749	656848	32.4800
SRR23343468	Apis laboriosa	China: Yunnan, Honghe	AL_Shangrila	656849	656948	29.6200
SRR23343468	Apis laboriosa	China: Yunnan, Honghe	AL_Shangrila	656949	657048	27.5700
SRR23343468	Apis laboriosa	China: Yunnan, Honghe	AL_Shangrila	657049	657148	28.1200
SRR23343468	Apis laboriosa	China: Yunnan, Honghe	AL_Shangrila	657149	657248	27.9400
SRR23343468	Apis laboriosa	China: Yunnan, Honghe	AL_Shangrila	657249	657348	32.7100
SRR23343468	Apis laboriosa	China: Yunnan, Honghe	AL_Shangrila	657349	657448	26.7400
SRR23343468	Apis laboriosa	China: Yunnan, Honghe	AL_Shangrila	657449	657548	26.7300
SRR23343468	Apis laboriosa	China: Yunnan, Honghe	AL_Shangrila	657549	657648	25.1500
SRR23343468	Apis laboriosa	China: Yunnan, Honghe	AL_Shangrila	657649	657748	28.3200
SRR23343468	Apis laboriosa	China: Yunnan, Honghe	AL_Shangrila	657749	657848	26.2100
SRR23343468	Apis laboriosa	China: Yunnan, Honghe	AL_Shangrila	657849	657948	18.1300
SRR23343468	Apis laboriosa	China: Yunnan, Honghe	AL_Shangrila	657949	658048	13.4700
SRR23343468	Apis laboriosa	China: Yunnan, Honghe	AL_Shangrila	658049	658148	15.0100
SRR23343468	Apis laboriosa	China: Yunnan, Honghe	AL_Shangrila	658149	658248	24.2300
SRR23343468	Apis laboriosa	China: Yunnan, Honghe	AL_Shangrila	658249	658348	31.0500
SRR23343468	Apis laboriosa	China: Yunnan, Honghe	AL_Shangrila	658349	658448	29.4600
SRR23343468	Apis laboriosa	China: Yunnan, Honghe	AL_Shangrila	658449	658548	28.2100
SRR23343468	Apis laboriosa	China: Yunnan, Honghe	AL_Shangrila	658549	658648	27.9300
SRR23343468	Apis laboriosa	China: Yunnan, Honghe	AL_Shangrila	658649	658748	30.2800
SRR23343468	Apis laboriosa	China: Yunnan, Honghe	AL_Shangrila	658749	658836	30.3182
SRR23343469	Apis laboriosa	China: Yunnan, Honghe	AL_Shangrila	650749	650848	19.2900
SRR23343469	Apis laboriosa	China: Yunnan, Honghe	AL_Shangrila	650849	650948	23.8800
SRR23343469	Apis laboriosa	China: Yunnan, Honghe	AL_Shangrila	650949	651048	26.1800
SRR23343469	Apis laboriosa	China: Yunnan, Honghe	AL_Shangrila	651049	651148	27.1500
SRR23343469	Apis laboriosa	China: Yunnan, Honghe	AL_Shangrila	651149	651248	24.4300
SRR23343469	Apis laboriosa	China: Yunnan, Honghe	AL_Shangrila	651249	651348	23.6000
SRR23343469	Apis laboriosa	China: Yunnan, Honghe	AL_Shangrila	651349	651448	25.4100
SRR23343469	Apis laboriosa	China: Yunnan, Honghe	AL_Shangrila	651449	651548	26.6300
SRR23343469	Apis laboriosa	China: Yunnan, Honghe	AL_Shangrila	651549	651648	28.3900
SRR23343469	Apis laboriosa	China: Yunnan, Honghe	AL_Shangrila	651649	651748	31.5100
SRR23343469	Apis laboriosa	China: Yunnan, Honghe	AL_Shangrila	651749	651848	29.6200
SRR23343469	Apis laboriosa	China: Yunnan, Honghe	AL_Shangrila	651849	651948	27.2300
SRR23343469	Apis laboriosa	China: Yunnan, Honghe	AL_Shangrila	651949	652048	29.5700
SRR23343469	Apis laboriosa	China: Yunnan, Honghe	AL_Shangrila	652049	652148	26.4600
SRR23343469	Apis laboriosa	China: Yunnan, Honghe	AL_Shangrila	652149	652248	32.5500
SRR23343469	Apis laboriosa	China: Yunnan, Honghe	AL_Shangrila	652249	652348	30.6600
SRR23343469	Apis laboriosa	China: Yunnan, Honghe	AL_Shangrila	652349	652448	32.2900
SRR23343469	Apis laboriosa	China: Yunnan, Honghe	AL_Shangrila	652449	652548	37.2700
SRR23343469	Apis laboriosa	China: Yunnan, Honghe	AL_Shangrila	652549	652648	30.8000
SRR23343469	Apis laboriosa	China: Yunnan, Honghe	AL_Shangrila	652649	652748	33.1900
SRR23343469	Apis laboriosa	China: Yunnan, Honghe	AL_Shangrila	652749	652848	26.2200
SRR23343469	Apis laboriosa	China: Yunnan, Honghe	AL_Shangrila	652849	652948	33.0400
SRR23343469	Apis laboriosa	China: Yunnan, Honghe	AL_Shangrila	652949	653048	35.9300
SRR23343469	Apis laboriosa	China: Yunnan, Honghe	AL_Shangrila	653049	653148	36.1500
SRR23343469	Apis laboriosa	China: Yunnan, Honghe	AL_Shangrila	653149	653248	33.1000
SRR23343469	Apis laboriosa	China: Yunnan, Honghe	AL_Shangrila	653249	653348	28.4500
SRR23343469	Apis laboriosa	China: Yunnan, Honghe	AL_Shangrila	653349	653448	28.5700
SRR23343469	Apis laboriosa	China: Yunnan, Honghe	AL_Shangrila	653449	653548	25.2400
SRR23343469	Apis laboriosa	China: Yunnan, Honghe	AL_Shangrila	653549	653648	34.5900
SRR23343469	Apis laboriosa	China: Yunnan, Honghe	AL_Shangrila	653649	653748	35.1800
SRR23343469	Apis laboriosa	China: Yunnan, Honghe	AL_Shangrila	653749	653848	26.8900
SRR23343469	Apis laboriosa	China: Yunnan, Honghe	AL_Shangrila	653849	653948	30.7200
SRR23343469	Apis laboriosa	China: Yunnan, Honghe	AL_Shangrila	653949	654048	23.0700
SRR23343469	Apis laboriosa	China: Yunnan, Honghe	AL_Shangrila	654049	654148	23.0100
SRR23343469	Apis laboriosa	China: Yunnan, Honghe	AL_Shangrila	654149	654248	26.0500
SRR23343469	Apis laboriosa	China: Yunnan, Honghe	AL_Shangrila	654249	654348	28.6700
SRR23343469	Apis laboriosa	China: Yunnan, Honghe	AL_Shangrila	654349	654448	27.1200
SRR23343469	Apis laboriosa	China: Yunnan, Honghe	AL_Shangrila	654449	654548	28.6300
SRR23343469	Apis laboriosa	China: Yunnan, Honghe	AL_Shangrila	654549	654648	27.9200
SRR23343469	Apis laboriosa	China: Yunnan, Honghe	AL_Shangrila	654649	654748	27.6800
SRR23343469	Apis laboriosa	China: Yunnan, Honghe	AL_Shangrila	654749	654848	25.1300
SRR23343469	Apis laboriosa	China: Yunnan, Honghe	AL_Shangrila	654849	654948	28.5900
SRR23343469	Apis laboriosa	China: Yunnan, Honghe	AL_Shangrila	654949	655048	25.7600
SRR23343469	Apis laboriosa	China: Yunnan, Honghe	AL_Shangrila	655049	655148	33.5500
SRR23343469	Apis laboriosa	China: Yunnan, Honghe	AL_Shangrila	655149	655248	34.0200
SRR23343469	Apis laboriosa	China: Yunnan, Honghe	AL_Shangrila	655249	655348	30.4700
SRR23343469	Apis laboriosa	China: Yunnan, Honghe	AL_Shangrila	655349	655448	26.3700
SRR23343469	Apis laboriosa	China: Yunnan, Honghe	AL_Shangrila	655449	655548	18.0100
SRR23343469	Apis laboriosa	China: Yunnan, Honghe	AL_Shangrila	655549	655648	15.4300
SRR23343469	Apis laboriosa	China: Yunnan, Honghe	AL_Shangrila	655649	655748	15.8700
SRR23343469	Apis laboriosa	China: Yunnan, Honghe	AL_Shangrila	655749	655848	21.1200
SRR23343469	Apis laboriosa	China: Yunnan, Honghe	AL_Shangrila	655849	655948	23.3800
SRR23343469	Apis laboriosa	China: Yunnan, Honghe	AL_Shangrila	655949	656048	17.8000
SRR23343469	Apis laboriosa	China: Yunnan, Honghe	AL_Shangrila	656049	656148	23.8900
SRR23343469	Apis laboriosa	China: Yunnan, Honghe	AL_Shangrila	656149	656248	28.7700
SRR23343469	Apis laboriosa	China: Yunnan, Honghe	AL_Shangrila	656249	656348	26.4900
SRR23343469	Apis laboriosa	China: Yunnan, Honghe	AL_Shangrila	656349	656448	26.2700
SRR23343469	Apis laboriosa	China: Yunnan, Honghe	AL_Shangrila	656449	656548	29.3500
SRR23343469	Apis laboriosa	China: Yunnan, Honghe	AL_Shangrila	656549	656648	28.1000
SRR23343469	Apis laboriosa	China: Yunnan, Honghe	AL_Shangrila	656649	656748	27.7200
SRR23343469	Apis laboriosa	China: Yunnan, Honghe	AL_Shangrila	656749	656848	29.1600
SRR23343469	Apis laboriosa	China: Yunnan, Honghe	AL_Shangrila	656849	656948	25.3300
SRR23343469	Apis laboriosa	China: Yunnan, Honghe	AL_Shangrila	656949	657048	26.0500
SRR23343469	Apis laboriosa	China: Yunnan, Honghe	AL_Shangrila	657049	657148	22.4600
SRR23343469	Apis laboriosa	China: Yunnan, Honghe	AL_Shangrila	657149	657248	23.7200
SRR23343469	Apis laboriosa	China: Yunnan, Honghe	AL_Shangrila	657249	657348	18.8700
SRR23343469	Apis laboriosa	China: Yunnan, Honghe	AL_Shangrila	657349	657448	22.5500
SRR23343469	Apis laboriosa	China: Yunnan, Honghe	AL_Shangrila	657449	657548	24.4600
SRR23343469	Apis laboriosa	China: Yunnan, Honghe	AL_Shangrila	657549	657648	25.8300
SRR23343469	Apis laboriosa	China: Yunnan, Honghe	AL_Shangrila	657649	657748	29.8400
SRR23343469	Apis laboriosa	China: Yunnan, Honghe	AL_Shangrila	657749	657848	15.3500
SRR23343469	Apis laboriosa	China: Yunnan, Honghe	AL_Shangrila	657849	657948	12.1200
SRR23343469	Apis laboriosa	China: Yunnan, Honghe	AL_Shangrila	657949	658048	18.2600
SRR23343469	Apis laboriosa	China: Yunnan, Honghe	AL_Shangrila	658049	658148	17.4700
SRR23343469	Apis laboriosa	China: Yunnan, Honghe	AL_Shangrila	658149	658248	18.2800
SRR23343469	Apis laboriosa	China: Yunnan, Honghe	AL_Shangrila	658249	658348	30.8400
SRR23343469	Apis laboriosa	China: Yunnan, Honghe	AL_Shangrila	658349	658448	26.0800
SRR23343469	Apis laboriosa	China: Yunnan, Honghe	AL_Shangrila	658449	658548	29.0200
SRR23343469	Apis laboriosa	China: Yunnan, Honghe	AL_Shangrila	658549	658648	30.0600
SRR23343469	Apis laboriosa	China: Yunnan, Honghe	AL_Shangrila	658649	658748	24.4600
SRR23343469	Apis laboriosa	China: Yunnan, Honghe	AL_Shangrila	658749	658836	26.9205
SRR23343470	Apis laboriosa	China: Yunnan, Honghe	AL_Shangrila	650749	650848	21.3400
SRR23343470	Apis laboriosa	China: Yunnan, Honghe	AL_Shangrila	650849	650948	22.0700
SRR23343470	Apis laboriosa	China: Yunnan, Honghe	AL_Shangrila	650949	651048	29.7800
SRR23343470	Apis laboriosa	China: Yunnan, Honghe	AL_Shangrila	651049	651148	26.4400
SRR23343470	Apis laboriosa	China: Yunnan, Honghe	AL_Shangrila	651149	651248	18.9500
SRR23343470	Apis laboriosa	China: Yunnan, Honghe	AL_Shangrila	651249	651348	21.2600
SRR23343470	Apis laboriosa	China: Yunnan, Honghe	AL_Shangrila	651349	651448	20.6100
SRR23343470	Apis laboriosa	China: Yunnan, Honghe	AL_Shangrila	651449	651548	21.6300
SRR23343470	Apis laboriosa	China: Yunnan, Honghe	AL_Shangrila	651549	651648	32.0900
SRR23343470	Apis laboriosa	China: Yunnan, Honghe	AL_Shangrila	651649	651748	26.3700
SRR23343470	Apis laboriosa	China: Yunnan, Honghe	AL_Shangrila	651749	651848	31.0800
SRR23343470	Apis laboriosa	China: Yunnan, Honghe	AL_Shangrila	651849	651948	34.7400
SRR23343470	Apis laboriosa	China: Yunnan, Honghe	AL_Shangrila	651949	652048	36.2100
SRR23343470	Apis laboriosa	China: Yunnan, Honghe	AL_Shangrila	652049	652148	37.2400
SRR23343470	Apis laboriosa	China: Yunnan, Honghe	AL_Shangrila	652149	652248	31.1100
SRR23343470	Apis laboriosa	China: Yunnan, Honghe	AL_Shangrila	652249	652348	27.2100
SRR23343470	Apis laboriosa	China: Yunnan, Honghe	AL_Shangrila	652349	652448	25.0700
SRR23343470	Apis laboriosa	China: Yunnan, Honghe	AL_Shangrila	652449	652548	29.3200
SRR23343470	Apis laboriosa	China: Yunnan, Honghe	AL_Shangrila	652549	652648	29.6100
SRR23343470	Apis laboriosa	China: Yunnan, Honghe	AL_Shangrila	652649	652748	32.6300
SRR23343470	Apis laboriosa	China: Yunnan, Honghe	AL_Shangrila	652749	652848	38.9300
SRR23343470	Apis laboriosa	China: Yunnan, Honghe	AL_Shangrila	652849	652948	36.3400
SRR23343470	Apis laboriosa	China: Yunnan, Honghe	AL_Shangrila	652949	653048	32.2400
SRR23343470	Apis laboriosa	China: Yunnan, Honghe	AL_Shangrila	653049	653148	21.2800
SRR23343470	Apis laboriosa	China: Yunnan, Honghe	AL_Shangrila	653149	653248	21.1100
SRR23343470	Apis laboriosa	China: Yunnan, Honghe	AL_Shangrila	653249	653348	24.9500
SRR23343470	Apis laboriosa	China: Yunnan, Honghe	AL_Shangrila	653349	653448	32.6000
SRR23343470	Apis laboriosa	China: Yunnan, Honghe	AL_Shangrila	653449	653548	28.3500
SRR23343470	Apis laboriosa	China: Yunnan, Honghe	AL_Shangrila	653549	653648	27.2600
SRR23343470	Apis laboriosa	China: Yunnan, Honghe	AL_Shangrila	653649	653748	30.5600
SRR23343470	Apis laboriosa	China: Yunnan, Honghe	AL_Shangrila	653749	653848	28.5600
SRR23343470	Apis laboriosa	China: Yunnan, Honghe	AL_Shangrila	653849	653948	22.8800
SRR23343470	Apis laboriosa	China: Yunnan, Honghe	AL_Shangrila	653949	654048	16.1800
SRR23343470	Apis laboriosa	China: Yunnan, Honghe	AL_Shangrila	654049	654148	19.2500
SRR23343470	Apis laboriosa	China: Yunnan, Honghe	AL_Shangrila	654149	654248	25.6800
SRR23343470	Apis laboriosa	China: Yunnan, Honghe	AL_Shangrila	654249	654348	34.5500
SRR23343470	Apis laboriosa	China: Yunnan, Honghe	AL_Shangrila	654349	654448	33.5200
SRR23343470	Apis laboriosa	China: Yunnan, Honghe	AL_Shangrila	654449	654548	30.4100
SRR23343470	Apis laboriosa	China: Yunnan, Honghe	AL_Shangrila	654549	654648	24.7900
SRR23343470	Apis laboriosa	China: Yunnan, Honghe	AL_Shangrila	654649	654748	22.2000
SRR23343470	Apis laboriosa	China: Yunnan, Honghe	AL_Shangrila	654749	654848	26.7300
SRR23343470	Apis laboriosa	China: Yunnan, Honghe	AL_Shangrila	654849	654948	19.9700
SRR23343470	Apis laboriosa	China: Yunnan, Honghe	AL_Shangrila	654949	655048	21.0100
SRR23343470	Apis laboriosa	China: Yunnan, Honghe	AL_Shangrila	655049	655148	23.6300
SRR23343470	Apis laboriosa	China: Yunnan, Honghe	AL_Shangrila	655149	655248	22.1500
SRR23343470	Apis laboriosa	China: Yunnan, Honghe	AL_Shangrila	655249	655348	25.9300
SRR23343470	Apis laboriosa	China: Yunnan, Honghe	AL_Shangrila	655349	655448	22.0300
SRR23343470	Apis laboriosa	China: Yunnan, Honghe	AL_Shangrila	655449	655548	20.7400
SRR23343470	Apis laboriosa	China: Yunnan, Honghe	AL_Shangrila	655549	655648	16.8100
SRR23343470	Apis laboriosa	China: Yunnan, Honghe	AL_Shangrila	655649	655748	9.3700
SRR23343470	Apis laboriosa	China: Yunnan, Honghe	AL_Shangrila	655749	655848	16.1200
SRR23343470	Apis laboriosa	China: Yunnan, Honghe	AL_Shangrila	655849	655948	13.3100
SRR23343470	Apis laboriosa	China: Yunnan, Honghe	AL_Shangrila	655949	656048	14.6900
SRR23343470	Apis laboriosa	China: Yunnan, Honghe	AL_Shangrila	656049	656148	24.4600
SRR23343470	Apis laboriosa	China: Yunnan, Honghe	AL_Shangrila	656149	656248	25.9600
SRR23343470	Apis laboriosa	China: Yunnan, Honghe	AL_Shangrila	656249	656348	31.8900
SRR23343470	Apis laboriosa	China: Yunnan, Honghe	AL_Shangrila	656349	656448	30.6100
SRR23343470	Apis laboriosa	China: Yunnan, Honghe	AL_Shangrila	656449	656548	27.4200
SRR23343470	Apis laboriosa	China: Yunnan, Honghe	AL_Shangrila	656549	656648	27.8300
SRR23343470	Apis laboriosa	China: Yunnan, Honghe	AL_Shangrila	656649	656748	29.9600
SRR23343470	Apis laboriosa	China: Yunnan, Honghe	AL_Shangrila	656749	656848	25.8800
SRR23343470	Apis laboriosa	China: Yunnan, Honghe	AL_Shangrila	656849	656948	34.5600
SRR23343470	Apis laboriosa	China: Yunnan, Honghe	AL_Shangrila	656949	657048	28.0000
SRR23343470	Apis laboriosa	China: Yunnan, Honghe	AL_Shangrila	657049	657148	28.7700
SRR23343470	Apis laboriosa	China: Yunnan, Honghe	AL_Shangrila	657149	657248	24.8300
SRR23343470	Apis laboriosa	China: Yunnan, Honghe	AL_Shangrila	657249	657348	19.4700
SRR23343470	Apis laboriosa	China: Yunnan, Honghe	AL_Shangrila	657349	657448	16.5600
SRR23343470	Apis laboriosa	China: Yunnan, Honghe	AL_Shangrila	657449	657548	21.5700
SRR23343470	Apis laboriosa	China: Yunnan, Honghe	AL_Shangrila	657549	657648	20.3700
SRR23343470	Apis laboriosa	China: Yunnan, Honghe	AL_Shangrila	657649	657748	22.9800
SRR23343470	Apis laboriosa	China: Yunnan, Honghe	AL_Shangrila	657749	657848	20.2200
SRR23343470	Apis laboriosa	China: Yunnan, Honghe	AL_Shangrila	657849	657948	13.3900
SRR23343470	Apis laboriosa	China: Yunnan, Honghe	AL_Shangrila	657949	658048	7.1400
SRR23343470	Apis laboriosa	China: Yunnan, Honghe	AL_Shangrila	658049	658148	1.9500
SRR23343470	Apis laboriosa	China: Yunnan, Honghe	AL_Shangrila	658149	658248	2.0600
SRR23343470	Apis laboriosa	China: Yunnan, Honghe	AL_Shangrila	658249	658348	5.8900
SRR23343470	Apis laboriosa	China: Yunnan, Honghe	AL_Shangrila	658349	658448	9.8600
SRR23343470	Apis laboriosa	China: Yunnan, Honghe	AL_Shangrila	658449	658548	10.8500
SRR23343470	Apis laboriosa	China: Yunnan, Honghe	AL_Shangrila	658549	658648	9.8200
SRR23343470	Apis laboriosa	China: Yunnan, Honghe	AL_Shangrila	658649	658748	4.4900
SRR23343470	Apis laboriosa	China: Yunnan, Honghe	AL_Shangrila	658749	658836	6.0682
SRR23343471	Apis dorsata	China: Yunnan, Xishuangbanna	AL_Shangrila	650749	650848	35.2200
SRR23343471	Apis dorsata	China: Yunnan, Xishuangbanna	AL_Shangrila	650849	650948	29.2800
SRR23343471	Apis dorsata	China: Yunnan, Xishuangbanna	AL_Shangrila	650949	651048	26.7200
SRR23343471	Apis dorsata	China: Yunnan, Xishuangbanna	AL_Shangrila	651049	651148	29.0700
SRR23343471	Apis dorsata	China: Yunnan, Xishuangbanna	AL_Shangrila	651149	651248	26.1200
SRR23343471	Apis dorsata	China: Yunnan, Xishuangbanna	AL_Shangrila	651249	651348	33.0700
SRR23343471	Apis dorsata	China: Yunnan, Xishuangbanna	AL_Shangrila	651349	651448	29.4500
SRR23343471	Apis dorsata	China: Yunnan, Xishuangbanna	AL_Shangrila	651449	651548	34.1300
SRR23343471	Apis dorsata	China: Yunnan, Xishuangbanna	AL_Shangrila	651549	651648	32.1300
SRR23343471	Apis dorsata	China: Yunnan, Xishuangbanna	AL_Shangrila	651649	651748	24.8500
SRR23343471	Apis dorsata	China: Yunnan, Xishuangbanna	AL_Shangrila	651749	651848	25.1800
SRR23343471	Apis dorsata	China: Yunnan, Xishuangbanna	AL_Shangrila	651849	651948	29.3500
SRR23343471	Apis dorsata	China: Yunnan, Xishuangbanna	AL_Shangrila	651949	652048	28.2400
SRR23343471	Apis dorsata	China: Yunnan, Xishuangbanna	AL_Shangrila	652049	652148	29.3800
SRR23343471	Apis dorsata	China: Yunnan, Xishuangbanna	AL_Shangrila	652149	652248	28.9800
SRR23343471	Apis dorsata	China: Yunnan, Xishuangbanna	AL_Shangrila	652249	652348	40.9600
SRR23343471	Apis dorsata	China: Yunnan, Xishuangbanna	AL_Shangrila	652349	652448	41.6300
SRR23343471	Apis dorsata	China: Yunnan, Xishuangbanna	AL_Shangrila	652449	652548	39.6500
SRR23343471	Apis dorsata	China: Yunnan, Xishuangbanna	AL_Shangrila	652549	652648	28.3800
SRR23343471	Apis dorsata	China: Yunnan, Xishuangbanna	AL_Shangrila	652649	652748	29.4500
SRR23343471	Apis dorsata	China: Yunnan, Xishuangbanna	AL_Shangrila	652749	652848	34.3700
SRR23343471	Apis dorsata	China: Yunnan, Xishuangbanna	AL_Shangrila	652849	652948	30.2000
SRR23343471	Apis dorsata	China: Yunnan, Xishuangbanna	AL_Shangrila	652949	653048	29.1500
SRR23343471	Apis dorsata	China: Yunnan, Xishuangbanna	AL_Shangrila	653049	653148	34.7700
SRR23343471	Apis dorsata	China: Yunnan, Xishuangbanna	AL_Shangrila	653149	653248	25.8800
SRR23343471	Apis dorsata	China: Yunnan, Xishuangbanna	AL_Shangrila	653249	653348	24.4700
SRR23343471	Apis dorsata	China: Yunnan, Xishuangbanna	AL_Shangrila	653349	653448	25.7200
SRR23343471	Apis dorsata	China: Yunnan, Xishuangbanna	AL_Shangrila	653449	653548	23.7800
SRR23343471	Apis dorsata	China: Yunnan, Xishuangbanna	AL_Shangrila	653549	653648	25.9100
SRR23343471	Apis dorsata	China: Yunnan, Xishuangbanna	AL_Shangrila	653649	653748	34.0200
SRR23343471	Apis dorsata	China: Yunnan, Xishuangbanna	AL_Shangrila	653749	653848	25.9600
SRR23343471	Apis dorsata	China: Yunnan, Xishuangbanna	AL_Shangrila	653849	653948	31.8600
SRR23343471	Apis dorsata	China: Yunnan, Xishuangbanna	AL_Shangrila	653949	654048	21.4800
SRR23343471	Apis dorsata	China: Yunnan, Xishuangbanna	AL_Shangrila	654049	654148	20.7100
SRR23343471	Apis dorsata	China: Yunnan, Xishuangbanna	AL_Shangrila	654149	654248	27.1700
SRR23343471	Apis dorsata	China: Yunnan, Xishuangbanna	AL_Shangrila	654249	654348	23.1600
SRR23343471	Apis dorsata	China: Yunnan, Xishuangbanna	AL_Shangrila	654349	654448	23.1300
SRR23343471	Apis dorsata	China: Yunnan, Xishuangbanna	AL_Shangrila	654449	654548	17.1200
SRR23343471	Apis dorsata	China: Yunnan, Xishuangbanna	AL_Shangrila	654549	654648	12.8100
SRR23343471	Apis dorsata	China: Yunnan, Xishuangbanna	AL_Shangrila	654649	654748	14.2200
SRR23343471	Apis dorsata	China: Yunnan, Xishuangbanna	AL_Shangrila	654749	654848	17.4200
SRR23343471	Apis dorsata	China: Yunnan, Xishuangbanna	AL_Shangrila	654849	654948	20.1500
SRR23343471	Apis dorsata	China: Yunnan, Xishuangbanna	AL_Shangrila	654949	655048	25.5800
SRR23343471	Apis dorsata	China: Yunnan, Xishuangbanna	AL_Shangrila	655049	655148	24.2400
SRR23343471	Apis dorsata	China: Yunnan, Xishuangbanna	AL_Shangrila	655149	655248	30.5800
SRR23343471	Apis dorsata	China: Yunnan, Xishuangbanna	AL_Shangrila	655249	655348	25.6000
SRR23343471	Apis dorsata	China: Yunnan, Xishuangbanna	AL_Shangrila	655349	655448	17.7800
SRR23343471	Apis dorsata	China: Yunnan, Xishuangbanna	AL_Shangrila	655449	655548	24.0000
SRR23343471	Apis dorsata	China: Yunnan, Xishuangbanna	AL_Shangrila	655549	655648	25.5600
SRR23343471	Apis dorsata	China: Yunnan, Xishuangbanna	AL_Shangrila	655649	655748	19.2400
SRR23343471	Apis dorsata	China: Yunnan, Xishuangbanna	AL_Shangrila	655749	655848	27.0800
SRR23343471	Apis dorsata	China: Yunnan, Xishuangbanna	AL_Shangrila	655849	655948	25.6600
SRR23343471	Apis dorsata	China: Yunnan, Xishuangbanna	AL_Shangrila	655949	656048	22.1600
SRR23343471	Apis dorsata	China: Yunnan, Xishuangbanna	AL_Shangrila	656049	656148	22.5100
SRR23343471	Apis dorsata	China: Yunnan, Xishuangbanna	AL_Shangrila	656149	656248	20.9500
SRR23343471	Apis dorsata	China: Yunnan, Xishuangbanna	AL_Shangrila	656249	656348	19.0500
SRR23343471	Apis dorsata	China: Yunnan, Xishuangbanna	AL_Shangrila	656349	656448	26.7200
SRR23343471	Apis dorsata	China: Yunnan, Xishuangbanna	AL_Shangrila	656449	656548	29.7300
SRR23343471	Apis dorsata	China: Yunnan, Xishuangbanna	AL_Shangrila	656549	656648	28.6200
SRR23343471	Apis dorsata	China: Yunnan, Xishuangbanna	AL_Shangrila	656649	656748	25.9600
SRR23343471	Apis dorsata	China: Yunnan, Xishuangbanna	AL_Shangrila	656749	656848	26.5500
SRR23343471	Apis dorsata	China: Yunnan, Xishuangbanna	AL_Shangrila	656849	656948	32.6900
SRR23343471	Apis dorsata	China: Yunnan, Xishuangbanna	AL_Shangrila	656949	657048	31.8700
SRR23343471	Apis dorsata	China: Yunnan, Xishuangbanna	AL_Shangrila	657049	657148	32.4400
SRR23343471	Apis dorsata	China: Yunnan, Xishuangbanna	AL_Shangrila	657149	657248	33.3800
SRR23343471	Apis dorsata	China: Yunnan, Xishuangbanna	AL_Shangrila	657249	657348	19.4900
SRR23343471	Apis dorsata	China: Yunnan, Xishuangbanna	AL_Shangrila	657349	657448	21.9500
SRR23343471	Apis dorsata	China: Yunnan, Xishuangbanna	AL_Shangrila	657449	657548	18.8400
SRR23343471	Apis dorsata	China: Yunnan, Xishuangbanna	AL_Shangrila	657549	657648	19.2700
SRR23343471	Apis dorsata	China: Yunnan, Xishuangbanna	AL_Shangrila	657649	657748	21.5700
SRR23343471	Apis dorsata	China: Yunnan, Xishuangbanna	AL_Shangrila	657749	657848	20.1400
SRR23343471	Apis dorsata	China: Yunnan, Xishuangbanna	AL_Shangrila	657849	657948	16.6900
SRR23343471	Apis dorsata	China: Yunnan, Xishuangbanna	AL_Shangrila	657949	658048	18.4800
SRR23343471	Apis dorsata	China: Yunnan, Xishuangbanna	AL_Shangrila	658049	658148	16.4800
SRR23343471	Apis dorsata	China: Yunnan, Xishuangbanna	AL_Shangrila	658149	658248	20.7400
SRR23343471	Apis dorsata	China: Yunnan, Xishuangbanna	AL_Shangrila	658249	658348	26.0700
SRR23343471	Apis dorsata	China: Yunnan, Xishuangbanna	AL_Shangrila	658349	658448	35.5700
SRR23343471	Apis dorsata	China: Yunnan, Xishuangbanna	AL_Shangrila	658449	658548	25.9900
SRR23343471	Apis dorsata	China: Yunnan, Xishuangbanna	AL_Shangrila	658549	658648	24.8500
SRR23343471	Apis dorsata	China: Yunnan, Xishuangbanna	AL_Shangrila	658649	658748	27.3400
SRR23343471	Apis dorsata	China: Yunnan, Xishuangbanna	AL_Shangrila	658749	658836	24.1591
SRR23343472	Apis laboriosa	China: Yunnan, Honghe	AL_Shangrila	650749	650848	27.0500
SRR23343472	Apis laboriosa	China: Yunnan, Honghe	AL_Shangrila	650849	650948	21.4000
SRR23343472	Apis laboriosa	China: Yunnan, Honghe	AL_Shangrila	650949	651048	16.6300
SRR23343472	Apis laboriosa	China: Yunnan, Honghe	AL_Shangrila	651049	651148	18.4800
SRR23343472	Apis laboriosa	China: Yunnan, Honghe	AL_Shangrila	651149	651248	22.1200
SRR23343472	Apis laboriosa	China: Yunnan, Honghe	AL_Shangrila	651249	651348	23.5300
SRR23343472	Apis laboriosa	China: Yunnan, Honghe	AL_Shangrila	651349	651448	31.5900
SRR23343472	Apis laboriosa	China: Yunnan, Honghe	AL_Shangrila	651449	651548	26.9700
SRR23343472	Apis laboriosa	China: Yunnan, Honghe	AL_Shangrila	651549	651648	28.7300
SRR23343472	Apis laboriosa	China: Yunnan, Honghe	AL_Shangrila	651649	651748	26.5200
SRR23343472	Apis laboriosa	China: Yunnan, Honghe	AL_Shangrila	651749	651848	27.4400
SRR23343472	Apis laboriosa	China: Yunnan, Honghe	AL_Shangrila	651849	651948	29.8500
SRR23343472	Apis laboriosa	China: Yunnan, Honghe	AL_Shangrila	651949	652048	35.7700
SRR23343472	Apis laboriosa	China: Yunnan, Honghe	AL_Shangrila	652049	652148	24.2000
SRR23343472	Apis laboriosa	China: Yunnan, Honghe	AL_Shangrila	652149	652248	29.2900
SRR23343472	Apis laboriosa	China: Yunnan, Honghe	AL_Shangrila	652249	652348	34.9700
SRR23343472	Apis laboriosa	China: Yunnan, Honghe	AL_Shangrila	652349	652448	34.8000
SRR23343472	Apis laboriosa	China: Yunnan, Honghe	AL_Shangrila	652449	652548	38.9600
SRR23343472	Apis laboriosa	China: Yunnan, Honghe	AL_Shangrila	652549	652648	39.5700
SRR23343472	Apis laboriosa	China: Yunnan, Honghe	AL_Shangrila	652649	652748	36.2300
SRR23343472	Apis laboriosa	China: Yunnan, Honghe	AL_Shangrila	652749	652848	32.3000
SRR23343472	Apis laboriosa	China: Yunnan, Honghe	AL_Shangrila	652849	652948	34.2200
SRR23343472	Apis laboriosa	China: Yunnan, Honghe	AL_Shangrila	652949	653048	34.5900
SRR23343472	Apis laboriosa	China: Yunnan, Honghe	AL_Shangrila	653049	653148	39.4800
SRR23343472	Apis laboriosa	China: Yunnan, Honghe	AL_Shangrila	653149	653248	42.4600
SRR23343472	Apis laboriosa	China: Yunnan, Honghe	AL_Shangrila	653249	653348	40.9600
SRR23343472	Apis laboriosa	China: Yunnan, Honghe	AL_Shangrila	653349	653448	34.5300
SRR23343472	Apis laboriosa	China: Yunnan, Honghe	AL_Shangrila	653449	653548	34.9000
SRR23343472	Apis laboriosa	China: Yunnan, Honghe	AL_Shangrila	653549	653648	27.7400
SRR23343472	Apis laboriosa	China: Yunnan, Honghe	AL_Shangrila	653649	653748	26.0600
SRR23343472	Apis laboriosa	China: Yunnan, Honghe	AL_Shangrila	653749	653848	37.1200
SRR23343472	Apis laboriosa	China: Yunnan, Honghe	AL_Shangrila	653849	653948	40.2300
SRR23343472	Apis laboriosa	China: Yunnan, Honghe	AL_Shangrila	653949	654048	28.3100
SRR23343472	Apis laboriosa	China: Yunnan, Honghe	AL_Shangrila	654049	654148	28.2800
SRR23343472	Apis laboriosa	China: Yunnan, Honghe	AL_Shangrila	654149	654248	33.0700
SRR23343472	Apis laboriosa	China: Yunnan, Honghe	AL_Shangrila	654249	654348	26.9200
SRR23343472	Apis laboriosa	China: Yunnan, Honghe	AL_Shangrila	654349	654448	30.6400
SRR23343472	Apis laboriosa	China: Yunnan, Honghe	AL_Shangrila	654449	654548	27.6000
SRR23343472	Apis laboriosa	China: Yunnan, Honghe	AL_Shangrila	654549	654648	23.5500
SRR23343472	Apis laboriosa	China: Yunnan, Honghe	AL_Shangrila	654649	654748	20.2400
SRR23343472	Apis laboriosa	China: Yunnan, Honghe	AL_Shangrila	654749	654848	22.2900
SRR23343472	Apis laboriosa	China: Yunnan, Honghe	AL_Shangrila	654849	654948	26.7100
SRR23343472	Apis laboriosa	China: Yunnan, Honghe	AL_Shangrila	654949	655048	27.5500
SRR23343472	Apis laboriosa	China: Yunnan, Honghe	AL_Shangrila	655049	655148	24.7400
SRR23343472	Apis laboriosa	China: Yunnan, Honghe	AL_Shangrila	655149	655248	32.7700
SRR23343472	Apis laboriosa	China: Yunnan, Honghe	AL_Shangrila	655249	655348	28.5400
SRR23343472	Apis laboriosa	China: Yunnan, Honghe	AL_Shangrila	655349	655448	25.8100
SRR23343472	Apis laboriosa	China: Yunnan, Honghe	AL_Shangrila	655449	655548	37.4600
SRR23343472	Apis laboriosa	China: Yunnan, Honghe	AL_Shangrila	655549	655648	33.1400
SRR23343472	Apis laboriosa	China: Yunnan, Honghe	AL_Shangrila	655649	655748	31.1200
SRR23343472	Apis laboriosa	China: Yunnan, Honghe	AL_Shangrila	655749	655848	33.7200
SRR23343472	Apis laboriosa	China: Yunnan, Honghe	AL_Shangrila	655849	655948	30.8600
SRR23343472	Apis laboriosa	China: Yunnan, Honghe	AL_Shangrila	655949	656048	27.9500
SRR23343472	Apis laboriosa	China: Yunnan, Honghe	AL_Shangrila	656049	656148	29.8000
SRR23343472	Apis laboriosa	China: Yunnan, Honghe	AL_Shangrila	656149	656248	35.4000
SRR23343472	Apis laboriosa	China: Yunnan, Honghe	AL_Shangrila	656249	656348	30.9800
SRR23343472	Apis laboriosa	China: Yunnan, Honghe	AL_Shangrila	656349	656448	30.8600
SRR23343472	Apis laboriosa	China: Yunnan, Honghe	AL_Shangrila	656449	656548	31.6700
SRR23343472	Apis laboriosa	China: Yunnan, Honghe	AL_Shangrila	656549	656648	32.1200
SRR23343472	Apis laboriosa	China: Yunnan, Honghe	AL_Shangrila	656649	656748	30.9300
SRR23343472	Apis laboriosa	China: Yunnan, Honghe	AL_Shangrila	656749	656848	38.0900
SRR23343472	Apis laboriosa	China: Yunnan, Honghe	AL_Shangrila	656849	656948	31.3800
SRR23343472	Apis laboriosa	China: Yunnan, Honghe	AL_Shangrila	656949	657048	35.8300
SRR23343472	Apis laboriosa	China: Yunnan, Honghe	AL_Shangrila	657049	657148	30.3900
SRR23343472	Apis laboriosa	China: Yunnan, Honghe	AL_Shangrila	657149	657248	28.4000
SRR23343472	Apis laboriosa	China: Yunnan, Honghe	AL_Shangrila	657249	657348	18.8100
SRR23343472	Apis laboriosa	China: Yunnan, Honghe	AL_Shangrila	657349	657448	21.4200
SRR23343472	Apis laboriosa	China: Yunnan, Honghe	AL_Shangrila	657449	657548	25.4400
SRR23343472	Apis laboriosa	China: Yunnan, Honghe	AL_Shangrila	657549	657648	21.6000
SRR23343472	Apis laboriosa	China: Yunnan, Honghe	AL_Shangrila	657649	657748	27.4300
SRR23343472	Apis laboriosa	China: Yunnan, Honghe	AL_Shangrila	657749	657848	26.8600
SRR23343472	Apis laboriosa	China: Yunnan, Honghe	AL_Shangrila	657849	657948	23.1700
SRR23343472	Apis laboriosa	China: Yunnan, Honghe	AL_Shangrila	657949	658048	28.1500
SRR23343472	Apis laboriosa	China: Yunnan, Honghe	AL_Shangrila	658049	658148	20.2100
SRR23343472	Apis laboriosa	China: Yunnan, Honghe	AL_Shangrila	658149	658248	28.4900
SRR23343472	Apis laboriosa	China: Yunnan, Honghe	AL_Shangrila	658249	658348	26.0700
SRR23343472	Apis laboriosa	China: Yunnan, Honghe	AL_Shangrila	658349	658448	31.2800
SRR23343472	Apis laboriosa	China: Yunnan, Honghe	AL_Shangrila	658449	658548	33.1100
SRR23343472	Apis laboriosa	China: Yunnan, Honghe	AL_Shangrila	658549	658648	33.6300
SRR23343472	Apis laboriosa	China: Yunnan, Honghe	AL_Shangrila	658649	658748	27.3400
SRR23343472	Apis laboriosa	China: Yunnan, Honghe	AL_Shangrila	658749	658836	23.6136
SRR23343473	Apis laboriosa	China: Yunnan, Honghe	AL_Shangrila	650749	650848	68.1100
SRR23343473	Apis laboriosa	China: Yunnan, Honghe	AL_Shangrila	650849	650948	81.5200
SRR23343473	Apis laboriosa	China: Yunnan, Honghe	AL_Shangrila	650949	651048	61.5900
SRR23343473	Apis laboriosa	China: Yunnan, Honghe	AL_Shangrila	651049	651148	65.3200
SRR23343473	Apis laboriosa	China: Yunnan, Honghe	AL_Shangrila	651149	651248	72.1900
SRR23343473	Apis laboriosa	China: Yunnan, Honghe	AL_Shangrila	651249	651348	67.3400
SRR23343473	Apis laboriosa	China: Yunnan, Honghe	AL_Shangrila	651349	651448	56.0200
SRR23343473	Apis laboriosa	China: Yunnan, Honghe	AL_Shangrila	651449	651548	58.3200
SRR23343473	Apis laboriosa	China: Yunnan, Honghe	AL_Shangrila	651549	651648	71.5500
SRR23343473	Apis laboriosa	China: Yunnan, Honghe	AL_Shangrila	651649	651748	59.1200
SRR23343473	Apis laboriosa	China: Yunnan, Honghe	AL_Shangrila	651749	651848	68.7700
SRR23343473	Apis laboriosa	China: Yunnan, Honghe	AL_Shangrila	651849	651948	78.7700
SRR23343473	Apis laboriosa	China: Yunnan, Honghe	AL_Shangrila	651949	652048	83.0200
SRR23343473	Apis laboriosa	China: Yunnan, Honghe	AL_Shangrila	652049	652148	71.5000
SRR23343473	Apis laboriosa	China: Yunnan, Honghe	AL_Shangrila	652149	652248	79.2500
SRR23343473	Apis laboriosa	China: Yunnan, Honghe	AL_Shangrila	652249	652348	80.2400
SRR23343473	Apis laboriosa	China: Yunnan, Honghe	AL_Shangrila	652349	652448	73.2100
SRR23343473	Apis laboriosa	China: Yunnan, Honghe	AL_Shangrila	652449	652548	71.0700
SRR23343473	Apis laboriosa	China: Yunnan, Honghe	AL_Shangrila	652549	652648	69.1400
SRR23343473	Apis laboriosa	China: Yunnan, Honghe	AL_Shangrila	652649	652748	70.2600
SRR23343473	Apis laboriosa	China: Yunnan, Honghe	AL_Shangrila	652749	652848	65.1700
SRR23343473	Apis laboriosa	China: Yunnan, Honghe	AL_Shangrila	652849	652948	74.2500
SRR23343473	Apis laboriosa	China: Yunnan, Honghe	AL_Shangrila	652949	653048	73.9600
SRR23343473	Apis laboriosa	China: Yunnan, Honghe	AL_Shangrila	653049	653148	70.3200
SRR23343473	Apis laboriosa	China: Yunnan, Honghe	AL_Shangrila	653149	653248	67.4500
SRR23343473	Apis laboriosa	China: Yunnan, Honghe	AL_Shangrila	653249	653348	61.9600
SRR23343473	Apis laboriosa	China: Yunnan, Honghe	AL_Shangrila	653349	653448	69.0900
SRR23343473	Apis laboriosa	China: Yunnan, Honghe	AL_Shangrila	653449	653548	72.7800
SRR23343473	Apis laboriosa	China: Yunnan, Honghe	AL_Shangrila	653549	653648	74.4300
SRR23343473	Apis laboriosa	China: Yunnan, Honghe	AL_Shangrila	653649	653748	79.3500
SRR23343473	Apis laboriosa	China: Yunnan, Honghe	AL_Shangrila	653749	653848	67.1900
SRR23343473	Apis laboriosa	China: Yunnan, Honghe	AL_Shangrila	653849	653948	69.3900
SRR23343473	Apis laboriosa	China: Yunnan, Honghe	AL_Shangrila	653949	654048	47.3900
SRR23343473	Apis laboriosa	China: Yunnan, Honghe	AL_Shangrila	654049	654148	59.0500
SRR23343473	Apis laboriosa	China: Yunnan, Honghe	AL_Shangrila	654149	654248	59.9100
SRR23343473	Apis laboriosa	China: Yunnan, Honghe	AL_Shangrila	654249	654348	57.5600
SRR23343473	Apis laboriosa	China: Yunnan, Honghe	AL_Shangrila	654349	654448	54.6400
SRR23343473	Apis laboriosa	China: Yunnan, Honghe	AL_Shangrila	654449	654548	51.5300
SRR23343473	Apis laboriosa	China: Yunnan, Honghe	AL_Shangrila	654549	654648	43.6100
SRR23343473	Apis laboriosa	China: Yunnan, Honghe	AL_Shangrila	654649	654748	58.9700
SRR23343473	Apis laboriosa	China: Yunnan, Honghe	AL_Shangrila	654749	654848	67.5700
SRR23343473	Apis laboriosa	China: Yunnan, Honghe	AL_Shangrila	654849	654948	64.7300
SRR23343473	Apis laboriosa	China: Yunnan, Honghe	AL_Shangrila	654949	655048	74.9800
SRR23343473	Apis laboriosa	China: Yunnan, Honghe	AL_Shangrila	655049	655148	79.9800
SRR23343473	Apis laboriosa	China: Yunnan, Honghe	AL_Shangrila	655149	655248	63.2400
SRR23343473	Apis laboriosa	China: Yunnan, Honghe	AL_Shangrila	655249	655348	61.4900
SRR23343473	Apis laboriosa	China: Yunnan, Honghe	AL_Shangrila	655349	655448	65.4700
SRR23343473	Apis laboriosa	China: Yunnan, Honghe	AL_Shangrila	655449	655548	63.4200
SRR23343473	Apis laboriosa	China: Yunnan, Honghe	AL_Shangrila	655549	655648	49.3900
SRR23343473	Apis laboriosa	China: Yunnan, Honghe	AL_Shangrila	655649	655748	41.7100
SRR23343473	Apis laboriosa	China: Yunnan, Honghe	AL_Shangrila	655749	655848	51.5600
SRR23343473	Apis laboriosa	China: Yunnan, Honghe	AL_Shangrila	655849	655948	56.0100
SRR23343473	Apis laboriosa	China: Yunnan, Honghe	AL_Shangrila	655949	656048	50.6500
SRR23343473	Apis laboriosa	China: Yunnan, Honghe	AL_Shangrila	656049	656148	51.7500
SRR23343473	Apis laboriosa	China: Yunnan, Honghe	AL_Shangrila	656149	656248	56.7500
SRR23343473	Apis laboriosa	China: Yunnan, Honghe	AL_Shangrila	656249	656348	64.1700
SRR23343473	Apis laboriosa	China: Yunnan, Honghe	AL_Shangrila	656349	656448	68.9400
SRR23343473	Apis laboriosa	China: Yunnan, Honghe	AL_Shangrila	656449	656548	70.5500
SRR23343473	Apis laboriosa	China: Yunnan, Honghe	AL_Shangrila	656549	656648	64.5300
SRR23343473	Apis laboriosa	China: Yunnan, Honghe	AL_Shangrila	656649	656748	71.3900
SRR23343473	Apis laboriosa	China: Yunnan, Honghe	AL_Shangrila	656749	656848	67.8500
SRR23343473	Apis laboriosa	China: Yunnan, Honghe	AL_Shangrila	656849	656948	64.0300
SRR23343473	Apis laboriosa	China: Yunnan, Honghe	AL_Shangrila	656949	657048	67.4700
SRR23343473	Apis laboriosa	China: Yunnan, Honghe	AL_Shangrila	657049	657148	63.7800
SRR23343473	Apis laboriosa	China: Yunnan, Honghe	AL_Shangrila	657149	657248	65.2800
SRR23343473	Apis laboriosa	China: Yunnan, Honghe	AL_Shangrila	657249	657348	51.7500
SRR23343473	Apis laboriosa	China: Yunnan, Honghe	AL_Shangrila	657349	657448	44.7300
SRR23343473	Apis laboriosa	China: Yunnan, Honghe	AL_Shangrila	657449	657548	53.3900
SRR23343473	Apis laboriosa	China: Yunnan, Honghe	AL_Shangrila	657549	657648	50.1200
SRR23343473	Apis laboriosa	China: Yunnan, Honghe	AL_Shangrila	657649	657748	53.4500
SRR23343473	Apis laboriosa	China: Yunnan, Honghe	AL_Shangrila	657749	657848	52.1100
SRR23343473	Apis laboriosa	China: Yunnan, Honghe	AL_Shangrila	657849	657948	49.8400
SRR23343473	Apis laboriosa	China: Yunnan, Honghe	AL_Shangrila	657949	658048	43.6900
SRR23343473	Apis laboriosa	China: Yunnan, Honghe	AL_Shangrila	658049	658148	44.5100
SRR23343473	Apis laboriosa	China: Yunnan, Honghe	AL_Shangrila	658149	658248	55.5900
SRR23343473	Apis laboriosa	China: Yunnan, Honghe	AL_Shangrila	658249	658348	51.3600
SRR23343473	Apis laboriosa	China: Yunnan, Honghe	AL_Shangrila	658349	658448	52.6300
SRR23343473	Apis laboriosa	China: Yunnan, Honghe	AL_Shangrila	658449	658548	57.5400
SRR23343473	Apis laboriosa	China: Yunnan, Honghe	AL_Shangrila	658549	658648	54.9800
SRR23343473	Apis laboriosa	China: Yunnan, Honghe	AL_Shangrila	658649	658748	55.9600
SRR23343473	Apis laboriosa	China: Yunnan, Honghe	AL_Shangrila	658749	658836	56.2386
SRR23343474	Apis dorsata	China: Guangxi, Nanning	AL_Shangrila	650749	650848	26.3900
SRR23343474	Apis dorsata	China: Guangxi, Nanning	AL_Shangrila	650849	650948	28.7900
SRR23343474	Apis dorsata	China: Guangxi, Nanning	AL_Shangrila	650949	651048	29.2800
SRR23343474	Apis dorsata	China: Guangxi, Nanning	AL_Shangrila	651049	651148	32.2100
SRR23343474	Apis dorsata	China: Guangxi, Nanning	AL_Shangrila	651149	651248	29.5900
SRR23343474	Apis dorsata	China: Guangxi, Nanning	AL_Shangrila	651249	651348	29.1600
SRR23343474	Apis dorsata	China: Guangxi, Nanning	AL_Shangrila	651349	651448	29.9400
SRR23343474	Apis dorsata	China: Guangxi, Nanning	AL_Shangrila	651449	651548	25.1500
SRR23343474	Apis dorsata	China: Guangxi, Nanning	AL_Shangrila	651549	651648	24.1500
SRR23343474	Apis dorsata	China: Guangxi, Nanning	AL_Shangrila	651649	651748	24.4800
SRR23343474	Apis dorsata	China: Guangxi, Nanning	AL_Shangrila	651749	651848	29.1100
SRR23343474	Apis dorsata	China: Guangxi, Nanning	AL_Shangrila	651849	651948	30.5800
SRR23343474	Apis dorsata	China: Guangxi, Nanning	AL_Shangrila	651949	652048	34.6600
SRR23343474	Apis dorsata	China: Guangxi, Nanning	AL_Shangrila	652049	652148	31.1100
SRR23343474	Apis dorsata	China: Guangxi, Nanning	AL_Shangrila	652149	652248	27.3500
SRR23343474	Apis dorsata	China: Guangxi, Nanning	AL_Shangrila	652249	652348	26.7400
SRR23343474	Apis dorsata	China: Guangxi, Nanning	AL_Shangrila	652349	652448	26.4200
SRR23343474	Apis dorsata	China: Guangxi, Nanning	AL_Shangrila	652449	652548	39.3600
SRR23343474	Apis dorsata	China: Guangxi, Nanning	AL_Shangrila	652549	652648	33.9100
SRR23343474	Apis dorsata	China: Guangxi, Nanning	AL_Shangrila	652649	652748	30.1000
SRR23343474	Apis dorsata	China: Guangxi, Nanning	AL_Shangrila	652749	652848	33.3100
SRR23343474	Apis dorsata	China: Guangxi, Nanning	AL_Shangrila	652849	652948	30.7700
SRR23343474	Apis dorsata	China: Guangxi, Nanning	AL_Shangrila	652949	653048	30.9100
SRR23343474	Apis dorsata	China: Guangxi, Nanning	AL_Shangrila	653049	653148	27.9700
SRR23343474	Apis dorsata	China: Guangxi, Nanning	AL_Shangrila	653149	653248	26.3900
SRR23343474	Apis dorsata	China: Guangxi, Nanning	AL_Shangrila	653249	653348	28.4300
SRR23343474	Apis dorsata	China: Guangxi, Nanning	AL_Shangrila	653349	653448	31.1500
SRR23343474	Apis dorsata	China: Guangxi, Nanning	AL_Shangrila	653449	653548	30.5500
SRR23343474	Apis dorsata	China: Guangxi, Nanning	AL_Shangrila	653549	653648	32.0000
SRR23343474	Apis dorsata	China: Guangxi, Nanning	AL_Shangrila	653649	653748	32.4100
SRR23343474	Apis dorsata	China: Guangxi, Nanning	AL_Shangrila	653749	653848	30.5700
SRR23343474	Apis dorsata	China: Guangxi, Nanning	AL_Shangrila	653849	653948	30.3800
SRR23343474	Apis dorsata	China: Guangxi, Nanning	AL_Shangrila	653949	654048	21.3100
SRR23343474	Apis dorsata	China: Guangxi, Nanning	AL_Shangrila	654049	654148	22.0000
SRR23343474	Apis dorsata	China: Guangxi, Nanning	AL_Shangrila	654149	654248	30.1500
SRR23343474	Apis dorsata	China: Guangxi, Nanning	AL_Shangrila	654249	654348	26.4700
SRR23343474	Apis dorsata	China: Guangxi, Nanning	AL_Shangrila	654349	654448	23.9700
SRR23343474	Apis dorsata	China: Guangxi, Nanning	AL_Shangrila	654449	654548	17.2900
SRR23343474	Apis dorsata	China: Guangxi, Nanning	AL_Shangrila	654549	654648	13.5100
SRR23343474	Apis dorsata	China: Guangxi, Nanning	AL_Shangrila	654649	654748	16.5300
SRR23343474	Apis dorsata	China: Guangxi, Nanning	AL_Shangrila	654749	654848	21.0900
SRR23343474	Apis dorsata	China: Guangxi, Nanning	AL_Shangrila	654849	654948	21.7700
SRR23343474	Apis dorsata	China: Guangxi, Nanning	AL_Shangrila	654949	655048	24.9600
SRR23343474	Apis dorsata	China: Guangxi, Nanning	AL_Shangrila	655049	655148	29.4800
SRR23343474	Apis dorsata	China: Guangxi, Nanning	AL_Shangrila	655149	655248	29.1400
SRR23343474	Apis dorsata	China: Guangxi, Nanning	AL_Shangrila	655249	655348	25.5400
SRR23343474	Apis dorsata	China: Guangxi, Nanning	AL_Shangrila	655349	655448	30.5600
SRR23343474	Apis dorsata	China: Guangxi, Nanning	AL_Shangrila	655449	655548	26.9100
SRR23343474	Apis dorsata	China: Guangxi, Nanning	AL_Shangrila	655549	655648	33.1100
SRR23343474	Apis dorsata	China: Guangxi, Nanning	AL_Shangrila	655649	655748	22.3300
SRR23343474	Apis dorsata	China: Guangxi, Nanning	AL_Shangrila	655749	655848	30.3400
SRR23343474	Apis dorsata	China: Guangxi, Nanning	AL_Shangrila	655849	655948	27.9100
SRR23343474	Apis dorsata	China: Guangxi, Nanning	AL_Shangrila	655949	656048	20.9800
SRR23343474	Apis dorsata	China: Guangxi, Nanning	AL_Shangrila	656049	656148	21.3600
SRR23343474	Apis dorsata	China: Guangxi, Nanning	AL_Shangrila	656149	656248	19.2100
SRR23343474	Apis dorsata	China: Guangxi, Nanning	AL_Shangrila	656249	656348	18.5200
SRR23343474	Apis dorsata	China: Guangxi, Nanning	AL_Shangrila	656349	656448	26.2200
SRR23343474	Apis dorsata	China: Guangxi, Nanning	AL_Shangrila	656449	656548	28.9000
SRR23343474	Apis dorsata	China: Guangxi, Nanning	AL_Shangrila	656549	656648	21.1000
SRR23343474	Apis dorsata	China: Guangxi, Nanning	AL_Shangrila	656649	656748	22.4700
SRR23343474	Apis dorsata	China: Guangxi, Nanning	AL_Shangrila	656749	656848	23.6400
SRR23343474	Apis dorsata	China: Guangxi, Nanning	AL_Shangrila	656849	656948	21.7700
SRR23343474	Apis dorsata	China: Guangxi, Nanning	AL_Shangrila	656949	657048	28.4300
SRR23343474	Apis dorsata	China: Guangxi, Nanning	AL_Shangrila	657049	657148	30.8900
SRR23343474	Apis dorsata	China: Guangxi, Nanning	AL_Shangrila	657149	657248	28.3100
SRR23343474	Apis dorsata	China: Guangxi, Nanning	AL_Shangrila	657249	657348	18.7200
SRR23343474	Apis dorsata	China: Guangxi, Nanning	AL_Shangrila	657349	657448	15.6200
SRR23343474	Apis dorsata	China: Guangxi, Nanning	AL_Shangrila	657449	657548	20.7200
SRR23343474	Apis dorsata	China: Guangxi, Nanning	AL_Shangrila	657549	657648	23.0000
SRR23343474	Apis dorsata	China: Guangxi, Nanning	AL_Shangrila	657649	657748	27.1300
SRR23343474	Apis dorsata	China: Guangxi, Nanning	AL_Shangrila	657749	657848	21.8600
SRR23343474	Apis dorsata	China: Guangxi, Nanning	AL_Shangrila	657849	657948	15.2500
SRR23343474	Apis dorsata	China: Guangxi, Nanning	AL_Shangrila	657949	658048	14.1300
SRR23343474	Apis dorsata	China: Guangxi, Nanning	AL_Shangrila	658049	658148	16.7400
SRR23343474	Apis dorsata	China: Guangxi, Nanning	AL_Shangrila	658149	658248	18.2800
SRR23343474	Apis dorsata	China: Guangxi, Nanning	AL_Shangrila	658249	658348	22.1800
SRR23343474	Apis dorsata	China: Guangxi, Nanning	AL_Shangrila	658349	658448	25.4200
SRR23343474	Apis dorsata	China: Guangxi, Nanning	AL_Shangrila	658449	658548	24.6400
SRR23343474	Apis dorsata	China: Guangxi, Nanning	AL_Shangrila	658549	658648	15.8800
SRR23343474	Apis dorsata	China: Guangxi, Nanning	AL_Shangrila	658649	658748	26.9100
SRR23343474	Apis dorsata	China: Guangxi, Nanning	AL_Shangrila	658749	658836	31.5909
SRR23343475	Apis dorsata	China: Guangxi, Nanning	AL_Shangrila	650749	650848	44.1000
SRR23343475	Apis dorsata	China: Guangxi, Nanning	AL_Shangrila	650849	650948	39.0400
SRR23343475	Apis dorsata	China: Guangxi, Nanning	AL_Shangrila	650949	651048	38.6100
SRR23343475	Apis dorsata	China: Guangxi, Nanning	AL_Shangrila	651049	651148	35.9700
SRR23343475	Apis dorsata	China: Guangxi, Nanning	AL_Shangrila	651149	651248	32.6400
SRR23343475	Apis dorsata	China: Guangxi, Nanning	AL_Shangrila	651249	651348	32.4500
SRR23343475	Apis dorsata	China: Guangxi, Nanning	AL_Shangrila	651349	651448	34.4300
SRR23343475	Apis dorsata	China: Guangxi, Nanning	AL_Shangrila	651449	651548	35.5700
SRR23343475	Apis dorsata	China: Guangxi, Nanning	AL_Shangrila	651549	651648	31.3400
SRR23343475	Apis dorsata	China: Guangxi, Nanning	AL_Shangrila	651649	651748	38.9100
SRR23343475	Apis dorsata	China: Guangxi, Nanning	AL_Shangrila	651749	651848	33.3000
SRR23343475	Apis dorsata	China: Guangxi, Nanning	AL_Shangrila	651849	651948	31.1400
SRR23343475	Apis dorsata	China: Guangxi, Nanning	AL_Shangrila	651949	652048	27.4500
SRR23343475	Apis dorsata	China: Guangxi, Nanning	AL_Shangrila	652049	652148	29.3200
SRR23343475	Apis dorsata	China: Guangxi, Nanning	AL_Shangrila	652149	652248	29.2500
SRR23343475	Apis dorsata	China: Guangxi, Nanning	AL_Shangrila	652249	652348	29.9200
SRR23343475	Apis dorsata	China: Guangxi, Nanning	AL_Shangrila	652349	652448	30.0800
SRR23343475	Apis dorsata	China: Guangxi, Nanning	AL_Shangrila	652449	652548	32.4600
SRR23343475	Apis dorsata	China: Guangxi, Nanning	AL_Shangrila	652549	652648	29.4400
SRR23343475	Apis dorsata	China: Guangxi, Nanning	AL_Shangrila	652649	652748	28.2100
SRR23343475	Apis dorsata	China: Guangxi, Nanning	AL_Shangrila	652749	652848	34.7300
SRR23343475	Apis dorsata	China: Guangxi, Nanning	AL_Shangrila	652849	652948	33.8300
SRR23343475	Apis dorsata	China: Guangxi, Nanning	AL_Shangrila	652949	653048	38.6900
SRR23343475	Apis dorsata	China: Guangxi, Nanning	AL_Shangrila	653049	653148	36.6600
SRR23343475	Apis dorsata	China: Guangxi, Nanning	AL_Shangrila	653149	653248	34.2800
SRR23343475	Apis dorsata	China: Guangxi, Nanning	AL_Shangrila	653249	653348	40.9800
SRR23343475	Apis dorsata	China: Guangxi, Nanning	AL_Shangrila	653349	653448	46.5600
SRR23343475	Apis dorsata	China: Guangxi, Nanning	AL_Shangrila	653449	653548	48.9100
SRR23343475	Apis dorsata	China: Guangxi, Nanning	AL_Shangrila	653549	653648	43.0400
SRR23343475	Apis dorsata	China: Guangxi, Nanning	AL_Shangrila	653649	653748	34.4500
SRR23343475	Apis dorsata	China: Guangxi, Nanning	AL_Shangrila	653749	653848	32.1200
SRR23343475	Apis dorsata	China: Guangxi, Nanning	AL_Shangrila	653849	653948	24.8700
SRR23343475	Apis dorsata	China: Guangxi, Nanning	AL_Shangrila	653949	654048	12.7400
SRR23343475	Apis dorsata	China: Guangxi, Nanning	AL_Shangrila	654049	654148	30.9000
SRR23343475	Apis dorsata	China: Guangxi, Nanning	AL_Shangrila	654149	654248	35.7800
SRR23343475	Apis dorsata	China: Guangxi, Nanning	AL_Shangrila	654249	654348	34.7800
SRR23343475	Apis dorsata	China: Guangxi, Nanning	AL_Shangrila	654349	654448	34.9800
SRR23343475	Apis dorsata	China: Guangxi, Nanning	AL_Shangrila	654449	654548	22.1200
SRR23343475	Apis dorsata	China: Guangxi, Nanning	AL_Shangrila	654549	654648	17.0500
SRR23343475	Apis dorsata	China: Guangxi, Nanning	AL_Shangrila	654649	654748	19.2600
SRR23343475	Apis dorsata	China: Guangxi, Nanning	AL_Shangrila	654749	654848	25.0600
SRR23343475	Apis dorsata	China: Guangxi, Nanning	AL_Shangrila	654849	654948	27.8500
SRR23343475	Apis dorsata	China: Guangxi, Nanning	AL_Shangrila	654949	655048	32.1000
SRR23343475	Apis dorsata	China: Guangxi, Nanning	AL_Shangrila	655049	655148	37.8400
SRR23343475	Apis dorsata	China: Guangxi, Nanning	AL_Shangrila	655149	655248	38.2200
SRR23343475	Apis dorsata	China: Guangxi, Nanning	AL_Shangrila	655249	655348	33.0000
SRR23343475	Apis dorsata	China: Guangxi, Nanning	AL_Shangrila	655349	655448	36.6500
SRR23343475	Apis dorsata	China: Guangxi, Nanning	AL_Shangrila	655449	655548	36.4000
SRR23343475	Apis dorsata	China: Guangxi, Nanning	AL_Shangrila	655549	655648	35.5200
SRR23343475	Apis dorsata	China: Guangxi, Nanning	AL_Shangrila	655649	655748	23.4300
SRR23343475	Apis dorsata	China: Guangxi, Nanning	AL_Shangrila	655749	655848	36.3600
SRR23343475	Apis dorsata	China: Guangxi, Nanning	AL_Shangrila	655849	655948	34.2000
SRR23343475	Apis dorsata	China: Guangxi, Nanning	AL_Shangrila	655949	656048	34.4300
SRR23343475	Apis dorsata	China: Guangxi, Nanning	AL_Shangrila	656049	656148	44.3700
SRR23343475	Apis dorsata	China: Guangxi, Nanning	AL_Shangrila	656149	656248	42.4600
SRR23343475	Apis dorsata	China: Guangxi, Nanning	AL_Shangrila	656249	656348	41.0200
SRR23343475	Apis dorsata	China: Guangxi, Nanning	AL_Shangrila	656349	656448	35.1100
SRR23343475	Apis dorsata	China: Guangxi, Nanning	AL_Shangrila	656449	656548	40.3700
SRR23343475	Apis dorsata	China: Guangxi, Nanning	AL_Shangrila	656549	656648	28.7600
SRR23343475	Apis dorsata	China: Guangxi, Nanning	AL_Shangrila	656649	656748	37.4000
SRR23343475	Apis dorsata	China: Guangxi, Nanning	AL_Shangrila	656749	656848	42.9500
SRR23343475	Apis dorsata	China: Guangxi, Nanning	AL_Shangrila	656849	656948	38.1400
SRR23343475	Apis dorsata	China: Guangxi, Nanning	AL_Shangrila	656949	657048	41.0400
SRR23343475	Apis dorsata	China: Guangxi, Nanning	AL_Shangrila	657049	657148	34.9600
SRR23343475	Apis dorsata	China: Guangxi, Nanning	AL_Shangrila	657149	657248	35.1500
SRR23343475	Apis dorsata	China: Guangxi, Nanning	AL_Shangrila	657249	657348	21.0700
SRR23343475	Apis dorsata	China: Guangxi, Nanning	AL_Shangrila	657349	657448	23.2300
SRR23343475	Apis dorsata	China: Guangxi, Nanning	AL_Shangrila	657449	657548	20.8400
SRR23343475	Apis dorsata	China: Guangxi, Nanning	AL_Shangrila	657549	657648	28.6700
SRR23343475	Apis dorsata	China: Guangxi, Nanning	AL_Shangrila	657649	657748	30.9900
SRR23343475	Apis dorsata	China: Guangxi, Nanning	AL_Shangrila	657749	657848	27.3900
SRR23343475	Apis dorsata	China: Guangxi, Nanning	AL_Shangrila	657849	657948	20.8100
SRR23343475	Apis dorsata	China: Guangxi, Nanning	AL_Shangrila	657949	658048	17.5500
SRR23343475	Apis dorsata	China: Guangxi, Nanning	AL_Shangrila	658049	658148	10.4200
SRR23343475	Apis dorsata	China: Guangxi, Nanning	AL_Shangrila	658149	658248	12.7100
SRR23343475	Apis dorsata	China: Guangxi, Nanning	AL_Shangrila	658249	658348	16.7300
SRR23343475	Apis dorsata	China: Guangxi, Nanning	AL_Shangrila	658349	658448	26.6800
SRR23343475	Apis dorsata	China: Guangxi, Nanning	AL_Shangrila	658449	658548	26.5900
SRR23343475	Apis dorsata	China: Guangxi, Nanning	AL_Shangrila	658549	658648	29.0500
SRR23343475	Apis dorsata	China: Guangxi, Nanning	AL_Shangrila	658649	658748	34.4800
SRR23343475	Apis dorsata	China: Guangxi, Nanning	AL_Shangrila	658749	658836	35.1818
SRR23343476	Apis dorsata	China: Guangxi, Chongzuo	AL_Shangrila	650749	650848	21.0500
SRR23343476	Apis dorsata	China: Guangxi, Chongzuo	AL_Shangrila	650849	650948	27.9000
SRR23343476	Apis dorsata	China: Guangxi, Chongzuo	AL_Shangrila	650949	651048	26.9700
SRR23343476	Apis dorsata	China: Guangxi, Chongzuo	AL_Shangrila	651049	651148	31.7700
SRR23343476	Apis dorsata	China: Guangxi, Chongzuo	AL_Shangrila	651149	651248	30.2700
SRR23343476	Apis dorsata	China: Guangxi, Chongzuo	AL_Shangrila	651249	651348	31.5700
SRR23343476	Apis dorsata	China: Guangxi, Chongzuo	AL_Shangrila	651349	651448	28.9800
SRR23343476	Apis dorsata	China: Guangxi, Chongzuo	AL_Shangrila	651449	651548	28.1000
SRR23343476	Apis dorsata	China: Guangxi, Chongzuo	AL_Shangrila	651549	651648	28.5800
SRR23343476	Apis dorsata	China: Guangxi, Chongzuo	AL_Shangrila	651649	651748	20.9600
SRR23343476	Apis dorsata	China: Guangxi, Chongzuo	AL_Shangrila	651749	651848	23.1400
SRR23343476	Apis dorsata	China: Guangxi, Chongzuo	AL_Shangrila	651849	651948	26.0700
SRR23343476	Apis dorsata	China: Guangxi, Chongzuo	AL_Shangrila	651949	652048	24.9100
SRR23343476	Apis dorsata	China: Guangxi, Chongzuo	AL_Shangrila	652049	652148	27.3000
SRR23343476	Apis dorsata	China: Guangxi, Chongzuo	AL_Shangrila	652149	652248	26.6000
SRR23343476	Apis dorsata	China: Guangxi, Chongzuo	AL_Shangrila	652249	652348	33.6300
SRR23343476	Apis dorsata	China: Guangxi, Chongzuo	AL_Shangrila	652349	652448	27.6500
SRR23343476	Apis dorsata	China: Guangxi, Chongzuo	AL_Shangrila	652449	652548	28.1600
SRR23343476	Apis dorsata	China: Guangxi, Chongzuo	AL_Shangrila	652549	652648	27.0200
SRR23343476	Apis dorsata	China: Guangxi, Chongzuo	AL_Shangrila	652649	652748	26.3000
SRR23343476	Apis dorsata	China: Guangxi, Chongzuo	AL_Shangrila	652749	652848	22.8800
SRR23343476	Apis dorsata	China: Guangxi, Chongzuo	AL_Shangrila	652849	652948	19.1900
SRR23343476	Apis dorsata	China: Guangxi, Chongzuo	AL_Shangrila	652949	653048	25.1000
SRR23343476	Apis dorsata	China: Guangxi, Chongzuo	AL_Shangrila	653049	653148	27.1800
SRR23343476	Apis dorsata	China: Guangxi, Chongzuo	AL_Shangrila	653149	653248	29.9200
SRR23343476	Apis dorsata	China: Guangxi, Chongzuo	AL_Shangrila	653249	653348	28.7000
SRR23343476	Apis dorsata	China: Guangxi, Chongzuo	AL_Shangrila	653349	653448	27.2500
SRR23343476	Apis dorsata	China: Guangxi, Chongzuo	AL_Shangrila	653449	653548	27.3400
SRR23343476	Apis dorsata	China: Guangxi, Chongzuo	AL_Shangrila	653549	653648	22.7900
SRR23343476	Apis dorsata	China: Guangxi, Chongzuo	AL_Shangrila	653649	653748	24.1000
SRR23343476	Apis dorsata	China: Guangxi, Chongzuo	AL_Shangrila	653749	653848	26.2400
SRR23343476	Apis dorsata	China: Guangxi, Chongzuo	AL_Shangrila	653849	653948	25.5800
SRR23343476	Apis dorsata	China: Guangxi, Chongzuo	AL_Shangrila	653949	654048	14.3100
SRR23343476	Apis dorsata	China: Guangxi, Chongzuo	AL_Shangrila	654049	654148	16.6700
SRR23343476	Apis dorsata	China: Guangxi, Chongzuo	AL_Shangrila	654149	654248	22.5000
SRR23343476	Apis dorsata	China: Guangxi, Chongzuo	AL_Shangrila	654249	654348	26.4900
SRR23343476	Apis dorsata	China: Guangxi, Chongzuo	AL_Shangrila	654349	654448	26.6100
SRR23343476	Apis dorsata	China: Guangxi, Chongzuo	AL_Shangrila	654449	654548	20.6100
SRR23343476	Apis dorsata	China: Guangxi, Chongzuo	AL_Shangrila	654549	654648	12.6800
SRR23343476	Apis dorsata	China: Guangxi, Chongzuo	AL_Shangrila	654649	654748	17.9800
SRR23343476	Apis dorsata	China: Guangxi, Chongzuo	AL_Shangrila	654749	654848	21.7900
SRR23343476	Apis dorsata	China: Guangxi, Chongzuo	AL_Shangrila	654849	654948	17.3900
SRR23343476	Apis dorsata	China: Guangxi, Chongzuo	AL_Shangrila	654949	655048	23.2600
SRR23343476	Apis dorsata	China: Guangxi, Chongzuo	AL_Shangrila	655049	655148	23.3300
SRR23343476	Apis dorsata	China: Guangxi, Chongzuo	AL_Shangrila	655149	655248	28.2700
SRR23343476	Apis dorsata	China: Guangxi, Chongzuo	AL_Shangrila	655249	655348	25.9400
SRR23343476	Apis dorsata	China: Guangxi, Chongzuo	AL_Shangrila	655349	655448	29.5200
SRR23343476	Apis dorsata	China: Guangxi, Chongzuo	AL_Shangrila	655449	655548	30.9700
SRR23343476	Apis dorsata	China: Guangxi, Chongzuo	AL_Shangrila	655549	655648	20.9500
SRR23343476	Apis dorsata	China: Guangxi, Chongzuo	AL_Shangrila	655649	655748	11.2100
SRR23343476	Apis dorsata	China: Guangxi, Chongzuo	AL_Shangrila	655749	655848	21.1000
SRR23343476	Apis dorsata	China: Guangxi, Chongzuo	AL_Shangrila	655849	655948	24.4200
SRR23343476	Apis dorsata	China: Guangxi, Chongzuo	AL_Shangrila	655949	656048	18.0700
SRR23343476	Apis dorsata	China: Guangxi, Chongzuo	AL_Shangrila	656049	656148	20.9600
SRR23343476	Apis dorsata	China: Guangxi, Chongzuo	AL_Shangrila	656149	656248	14.4000
SRR23343476	Apis dorsata	China: Guangxi, Chongzuo	AL_Shangrila	656249	656348	14.1700
SRR23343476	Apis dorsata	China: Guangxi, Chongzuo	AL_Shangrila	656349	656448	18.6900
SRR23343476	Apis dorsata	China: Guangxi, Chongzuo	AL_Shangrila	656449	656548	12.7900
SRR23343476	Apis dorsata	China: Guangxi, Chongzuo	AL_Shangrila	656549	656648	12.5600
SRR23343476	Apis dorsata	China: Guangxi, Chongzuo	AL_Shangrila	656649	656748	14.4200
SRR23343476	Apis dorsata	China: Guangxi, Chongzuo	AL_Shangrila	656749	656848	16.1700
SRR23343476	Apis dorsata	China: Guangxi, Chongzuo	AL_Shangrila	656849	656948	24.4500
SRR23343476	Apis dorsata	China: Guangxi, Chongzuo	AL_Shangrila	656949	657048	26.3400
SRR23343476	Apis dorsata	China: Guangxi, Chongzuo	AL_Shangrila	657049	657148	23.3500
SRR23343476	Apis dorsata	China: Guangxi, Chongzuo	AL_Shangrila	657149	657248	21.9800
SRR23343476	Apis dorsata	China: Guangxi, Chongzuo	AL_Shangrila	657249	657348	15.5500
SRR23343476	Apis dorsata	China: Guangxi, Chongzuo	AL_Shangrila	657349	657448	17.3400
SRR23343476	Apis dorsata	China: Guangxi, Chongzuo	AL_Shangrila	657449	657548	21.3200
SRR23343476	Apis dorsata	China: Guangxi, Chongzuo	AL_Shangrila	657549	657648	25.2900
SRR23343476	Apis dorsata	China: Guangxi, Chongzuo	AL_Shangrila	657649	657748	24.8800
SRR23343476	Apis dorsata	China: Guangxi, Chongzuo	AL_Shangrila	657749	657848	24.8500
SRR23343476	Apis dorsata	China: Guangxi, Chongzuo	AL_Shangrila	657849	657948	15.6400
SRR23343476	Apis dorsata	China: Guangxi, Chongzuo	AL_Shangrila	657949	658048	11.7400
SRR23343476	Apis dorsata	China: Guangxi, Chongzuo	AL_Shangrila	658049	658148	13.8600
SRR23343476	Apis dorsata	China: Guangxi, Chongzuo	AL_Shangrila	658149	658248	20.1700
SRR23343476	Apis dorsata	China: Guangxi, Chongzuo	AL_Shangrila	658249	658348	20.5100
SRR23343476	Apis dorsata	China: Guangxi, Chongzuo	AL_Shangrila	658349	658448	26.2200
SRR23343476	Apis dorsata	China: Guangxi, Chongzuo	AL_Shangrila	658449	658548	25.1100
SRR23343476	Apis dorsata	China: Guangxi, Chongzuo	AL_Shangrila	658549	658648	24.9800
SRR23343476	Apis dorsata	China: Guangxi, Chongzuo	AL_Shangrila	658649	658748	23.7200
SRR23343476	Apis dorsata	China: Guangxi, Chongzuo	AL_Shangrila	658749	658836	21.6023
SRR23343477	Apis dorsata	China: Guangxi, Chongzuo	AL_Shangrila	650749	650848	32.8100
SRR23343477	Apis dorsata	China: Guangxi, Chongzuo	AL_Shangrila	650849	650948	33.5600
SRR23343477	Apis dorsata	China: Guangxi, Chongzuo	AL_Shangrila	650949	651048	33.0200
SRR23343477	Apis dorsata	China: Guangxi, Chongzuo	AL_Shangrila	651049	651148	35.5800
SRR23343477	Apis dorsata	China: Guangxi, Chongzuo	AL_Shangrila	651149	651248	33.4300
SRR23343477	Apis dorsata	China: Guangxi, Chongzuo	AL_Shangrila	651249	651348	26.0900
SRR23343477	Apis dorsata	China: Guangxi, Chongzuo	AL_Shangrila	651349	651448	30.9800
SRR23343477	Apis dorsata	China: Guangxi, Chongzuo	AL_Shangrila	651449	651548	28.5000
SRR23343477	Apis dorsata	China: Guangxi, Chongzuo	AL_Shangrila	651549	651648	31.7000
SRR23343477	Apis dorsata	China: Guangxi, Chongzuo	AL_Shangrila	651649	651748	33.8800
SRR23343477	Apis dorsata	China: Guangxi, Chongzuo	AL_Shangrila	651749	651848	42.6600
SRR23343477	Apis dorsata	China: Guangxi, Chongzuo	AL_Shangrila	651849	651948	33.7000
SRR23343477	Apis dorsata	China: Guangxi, Chongzuo	AL_Shangrila	651949	652048	31.8900
SRR23343477	Apis dorsata	China: Guangxi, Chongzuo	AL_Shangrila	652049	652148	29.9800
SRR23343477	Apis dorsata	China: Guangxi, Chongzuo	AL_Shangrila	652149	652248	34.5800
SRR23343477	Apis dorsata	China: Guangxi, Chongzuo	AL_Shangrila	652249	652348	32.6900
SRR23343477	Apis dorsata	China: Guangxi, Chongzuo	AL_Shangrila	652349	652448	35.8500
SRR23343477	Apis dorsata	China: Guangxi, Chongzuo	AL_Shangrila	652449	652548	42.2400
SRR23343477	Apis dorsata	China: Guangxi, Chongzuo	AL_Shangrila	652549	652648	36.4000
SRR23343477	Apis dorsata	China: Guangxi, Chongzuo	AL_Shangrila	652649	652748	33.1600
SRR23343477	Apis dorsata	China: Guangxi, Chongzuo	AL_Shangrila	652749	652848	27.7500
SRR23343477	Apis dorsata	China: Guangxi, Chongzuo	AL_Shangrila	652849	652948	34.4100
SRR23343477	Apis dorsata	China: Guangxi, Chongzuo	AL_Shangrila	652949	653048	44.0100
SRR23343477	Apis dorsata	China: Guangxi, Chongzuo	AL_Shangrila	653049	653148	42.2100
SRR23343477	Apis dorsata	China: Guangxi, Chongzuo	AL_Shangrila	653149	653248	34.9700
SRR23343477	Apis dorsata	China: Guangxi, Chongzuo	AL_Shangrila	653249	653348	35.3400
SRR23343477	Apis dorsata	China: Guangxi, Chongzuo	AL_Shangrila	653349	653448	37.6100
SRR23343477	Apis dorsata	China: Guangxi, Chongzuo	AL_Shangrila	653449	653548	39.3800
SRR23343477	Apis dorsata	China: Guangxi, Chongzuo	AL_Shangrila	653549	653648	37.4600
SRR23343477	Apis dorsata	China: Guangxi, Chongzuo	AL_Shangrila	653649	653748	38.5100
SRR23343477	Apis dorsata	China: Guangxi, Chongzuo	AL_Shangrila	653749	653848	37.8500
SRR23343477	Apis dorsata	China: Guangxi, Chongzuo	AL_Shangrila	653849	653948	41.2500
SRR23343477	Apis dorsata	China: Guangxi, Chongzuo	AL_Shangrila	653949	654048	27.9100
SRR23343477	Apis dorsata	China: Guangxi, Chongzuo	AL_Shangrila	654049	654148	33.9200
SRR23343477	Apis dorsata	China: Guangxi, Chongzuo	AL_Shangrila	654149	654248	39.1500
SRR23343477	Apis dorsata	China: Guangxi, Chongzuo	AL_Shangrila	654249	654348	33.5600
SRR23343477	Apis dorsata	China: Guangxi, Chongzuo	AL_Shangrila	654349	654448	33.8600
SRR23343477	Apis dorsata	China: Guangxi, Chongzuo	AL_Shangrila	654449	654548	22.1000
SRR23343477	Apis dorsata	China: Guangxi, Chongzuo	AL_Shangrila	654549	654648	21.3000
SRR23343477	Apis dorsata	China: Guangxi, Chongzuo	AL_Shangrila	654649	654748	29.7500
SRR23343477	Apis dorsata	China: Guangxi, Chongzuo	AL_Shangrila	654749	654848	27.1400
SRR23343477	Apis dorsata	China: Guangxi, Chongzuo	AL_Shangrila	654849	654948	22.4800
SRR23343477	Apis dorsata	China: Guangxi, Chongzuo	AL_Shangrila	654949	655048	34.2300
SRR23343477	Apis dorsata	China: Guangxi, Chongzuo	AL_Shangrila	655049	655148	38.9500
SRR23343477	Apis dorsata	China: Guangxi, Chongzuo	AL_Shangrila	655149	655248	41.6000
SRR23343477	Apis dorsata	China: Guangxi, Chongzuo	AL_Shangrila	655249	655348	37.5500
SRR23343477	Apis dorsata	China: Guangxi, Chongzuo	AL_Shangrila	655349	655448	29.7700
SRR23343477	Apis dorsata	China: Guangxi, Chongzuo	AL_Shangrila	655449	655548	25.6500
SRR23343477	Apis dorsata	China: Guangxi, Chongzuo	AL_Shangrila	655549	655648	24.4300
SRR23343477	Apis dorsata	China: Guangxi, Chongzuo	AL_Shangrila	655649	655748	19.4900
SRR23343477	Apis dorsata	China: Guangxi, Chongzuo	AL_Shangrila	655749	655848	25.7500
SRR23343477	Apis dorsata	China: Guangxi, Chongzuo	AL_Shangrila	655849	655948	23.0500
SRR23343477	Apis dorsata	China: Guangxi, Chongzuo	AL_Shangrila	655949	656048	27.2300
SRR23343477	Apis dorsata	China: Guangxi, Chongzuo	AL_Shangrila	656049	656148	31.6500
SRR23343477	Apis dorsata	China: Guangxi, Chongzuo	AL_Shangrila	656149	656248	26.4000
SRR23343477	Apis dorsata	China: Guangxi, Chongzuo	AL_Shangrila	656249	656348	24.8500
SRR23343477	Apis dorsata	China: Guangxi, Chongzuo	AL_Shangrila	656349	656448	30.9000
SRR23343477	Apis dorsata	China: Guangxi, Chongzuo	AL_Shangrila	656449	656548	27.4600
SRR23343477	Apis dorsata	China: Guangxi, Chongzuo	AL_Shangrila	656549	656648	17.0300
SRR23343477	Apis dorsata	China: Guangxi, Chongzuo	AL_Shangrila	656649	656748	24.2100
SRR23343477	Apis dorsata	China: Guangxi, Chongzuo	AL_Shangrila	656749	656848	24.5500
SRR23343477	Apis dorsata	China: Guangxi, Chongzuo	AL_Shangrila	656849	656948	22.7800
SRR23343477	Apis dorsata	China: Guangxi, Chongzuo	AL_Shangrila	656949	657048	26.4900
SRR23343477	Apis dorsata	China: Guangxi, Chongzuo	AL_Shangrila	657049	657148	23.3300
SRR23343477	Apis dorsata	China: Guangxi, Chongzuo	AL_Shangrila	657149	657248	25.9400
SRR23343477	Apis dorsata	China: Guangxi, Chongzuo	AL_Shangrila	657249	657348	29.2200
SRR23343477	Apis dorsata	China: Guangxi, Chongzuo	AL_Shangrila	657349	657448	31.4000
SRR23343477	Apis dorsata	China: Guangxi, Chongzuo	AL_Shangrila	657449	657548	28.6700
SRR23343477	Apis dorsata	China: Guangxi, Chongzuo	AL_Shangrila	657549	657648	36.5000
SRR23343477	Apis dorsata	China: Guangxi, Chongzuo	AL_Shangrila	657649	657748	35.5000
SRR23343477	Apis dorsata	China: Guangxi, Chongzuo	AL_Shangrila	657749	657848	31.8100
SRR23343477	Apis dorsata	China: Guangxi, Chongzuo	AL_Shangrila	657849	657948	25.9900
SRR23343477	Apis dorsata	China: Guangxi, Chongzuo	AL_Shangrila	657949	658048	21.7800
SRR23343477	Apis dorsata	China: Guangxi, Chongzuo	AL_Shangrila	658049	658148	19.2700
SRR23343477	Apis dorsata	China: Guangxi, Chongzuo	AL_Shangrila	658149	658248	21.7500
SRR23343477	Apis dorsata	China: Guangxi, Chongzuo	AL_Shangrila	658249	658348	27.4100
SRR23343477	Apis dorsata	China: Guangxi, Chongzuo	AL_Shangrila	658349	658448	29.4900
SRR23343477	Apis dorsata	China: Guangxi, Chongzuo	AL_Shangrila	658449	658548	36.6400
SRR23343477	Apis dorsata	China: Guangxi, Chongzuo	AL_Shangrila	658549	658648	36.5000
SRR23343477	Apis dorsata	China: Guangxi, Chongzuo	AL_Shangrila	658649	658748	34.9000
SRR23343477	Apis dorsata	China: Guangxi, Chongzuo	AL_Shangrila	658749	658836	32.2386
SRR23343478	Apis dorsata	China: Guangxi, Chongzuo	AL_Shangrila	650749	650848	35.6100
SRR23343478	Apis dorsata	China: Guangxi, Chongzuo	AL_Shangrila	650849	650948	34.4400
SRR23343478	Apis dorsata	China: Guangxi, Chongzuo	AL_Shangrila	650949	651048	38.6000
SRR23343478	Apis dorsata	China: Guangxi, Chongzuo	AL_Shangrila	651049	651148	33.9000
SRR23343478	Apis dorsata	China: Guangxi, Chongzuo	AL_Shangrila	651149	651248	25.5500
SRR23343478	Apis dorsata	China: Guangxi, Chongzuo	AL_Shangrila	651249	651348	29.4900
SRR23343478	Apis dorsata	China: Guangxi, Chongzuo	AL_Shangrila	651349	651448	30.4900
SRR23343478	Apis dorsata	China: Guangxi, Chongzuo	AL_Shangrila	651449	651548	26.6900
SRR23343478	Apis dorsata	China: Guangxi, Chongzuo	AL_Shangrila	651549	651648	20.1700
SRR23343478	Apis dorsata	China: Guangxi, Chongzuo	AL_Shangrila	651649	651748	24.8700
SRR23343478	Apis dorsata	China: Guangxi, Chongzuo	AL_Shangrila	651749	651848	33.7400
SRR23343478	Apis dorsata	China: Guangxi, Chongzuo	AL_Shangrila	651849	651948	33.1600
SRR23343478	Apis dorsata	China: Guangxi, Chongzuo	AL_Shangrila	651949	652048	36.9100
SRR23343478	Apis dorsata	China: Guangxi, Chongzuo	AL_Shangrila	652049	652148	35.5700
SRR23343478	Apis dorsata	China: Guangxi, Chongzuo	AL_Shangrila	652149	652248	35.0100
SRR23343478	Apis dorsata	China: Guangxi, Chongzuo	AL_Shangrila	652249	652348	36.4700
SRR23343478	Apis dorsata	China: Guangxi, Chongzuo	AL_Shangrila	652349	652448	31.7200
SRR23343478	Apis dorsata	China: Guangxi, Chongzuo	AL_Shangrila	652449	652548	31.7800
SRR23343478	Apis dorsata	China: Guangxi, Chongzuo	AL_Shangrila	652549	652648	28.3700
SRR23343478	Apis dorsata	China: Guangxi, Chongzuo	AL_Shangrila	652649	652748	26.6500
SRR23343478	Apis dorsata	China: Guangxi, Chongzuo	AL_Shangrila	652749	652848	29.4000
SRR23343478	Apis dorsata	China: Guangxi, Chongzuo	AL_Shangrila	652849	652948	31.6700
SRR23343478	Apis dorsata	China: Guangxi, Chongzuo	AL_Shangrila	652949	653048	33.1400
SRR23343478	Apis dorsata	China: Guangxi, Chongzuo	AL_Shangrila	653049	653148	32.7800
SRR23343478	Apis dorsata	China: Guangxi, Chongzuo	AL_Shangrila	653149	653248	39.8600
SRR23343478	Apis dorsata	China: Guangxi, Chongzuo	AL_Shangrila	653249	653348	36.6900
SRR23343478	Apis dorsata	China: Guangxi, Chongzuo	AL_Shangrila	653349	653448	36.7700
SRR23343478	Apis dorsata	China: Guangxi, Chongzuo	AL_Shangrila	653449	653548	38.4800
SRR23343478	Apis dorsata	China: Guangxi, Chongzuo	AL_Shangrila	653549	653648	32.6800
SRR23343478	Apis dorsata	China: Guangxi, Chongzuo	AL_Shangrila	653649	653748	39.0300
SRR23343478	Apis dorsata	China: Guangxi, Chongzuo	AL_Shangrila	653749	653848	39.3700
SRR23343478	Apis dorsata	China: Guangxi, Chongzuo	AL_Shangrila	653849	653948	31.8600
SRR23343478	Apis dorsata	China: Guangxi, Chongzuo	AL_Shangrila	653949	654048	22.1900
SRR23343478	Apis dorsata	China: Guangxi, Chongzuo	AL_Shangrila	654049	654148	31.7500
SRR23343478	Apis dorsata	China: Guangxi, Chongzuo	AL_Shangrila	654149	654248	31.0700
SRR23343478	Apis dorsata	China: Guangxi, Chongzuo	AL_Shangrila	654249	654348	23.9600
SRR23343478	Apis dorsata	China: Guangxi, Chongzuo	AL_Shangrila	654349	654448	23.4700
SRR23343478	Apis dorsata	China: Guangxi, Chongzuo	AL_Shangrila	654449	654548	22.3000
SRR23343478	Apis dorsata	China: Guangxi, Chongzuo	AL_Shangrila	654549	654648	15.8100
SRR23343478	Apis dorsata	China: Guangxi, Chongzuo	AL_Shangrila	654649	654748	17.9300
SRR23343478	Apis dorsata	China: Guangxi, Chongzuo	AL_Shangrila	654749	654848	20.9000
SRR23343478	Apis dorsata	China: Guangxi, Chongzuo	AL_Shangrila	654849	654948	23.8200
SRR23343478	Apis dorsata	China: Guangxi, Chongzuo	AL_Shangrila	654949	655048	31.3900
SRR23343478	Apis dorsata	China: Guangxi, Chongzuo	AL_Shangrila	655049	655148	27.2700
SRR23343478	Apis dorsata	China: Guangxi, Chongzuo	AL_Shangrila	655149	655248	32.3800
SRR23343478	Apis dorsata	China: Guangxi, Chongzuo	AL_Shangrila	655249	655348	34.3900
SRR23343478	Apis dorsata	China: Guangxi, Chongzuo	AL_Shangrila	655349	655448	33.1500
SRR23343478	Apis dorsata	China: Guangxi, Chongzuo	AL_Shangrila	655449	655548	35.1500
SRR23343478	Apis dorsata	China: Guangxi, Chongzuo	AL_Shangrila	655549	655648	26.4300
SRR23343478	Apis dorsata	China: Guangxi, Chongzuo	AL_Shangrila	655649	655748	17.6900
SRR23343478	Apis dorsata	China: Guangxi, Chongzuo	AL_Shangrila	655749	655848	29.2500
SRR23343478	Apis dorsata	China: Guangxi, Chongzuo	AL_Shangrila	655849	655948	30.5400
SRR23343478	Apis dorsata	China: Guangxi, Chongzuo	AL_Shangrila	655949	656048	29.9000
SRR23343478	Apis dorsata	China: Guangxi, Chongzuo	AL_Shangrila	656049	656148	29.7100
SRR23343478	Apis dorsata	China: Guangxi, Chongzuo	AL_Shangrila	656149	656248	32.6700
SRR23343478	Apis dorsata	China: Guangxi, Chongzuo	AL_Shangrila	656249	656348	26.5200
SRR23343478	Apis dorsata	China: Guangxi, Chongzuo	AL_Shangrila	656349	656448	26.3900
SRR23343478	Apis dorsata	China: Guangxi, Chongzuo	AL_Shangrila	656449	656548	33.2100
SRR23343478	Apis dorsata	China: Guangxi, Chongzuo	AL_Shangrila	656549	656648	20.4900
SRR23343478	Apis dorsata	China: Guangxi, Chongzuo	AL_Shangrila	656649	656748	24.9000
SRR23343478	Apis dorsata	China: Guangxi, Chongzuo	AL_Shangrila	656749	656848	21.0100
SRR23343478	Apis dorsata	China: Guangxi, Chongzuo	AL_Shangrila	656849	656948	23.9200
SRR23343478	Apis dorsata	China: Guangxi, Chongzuo	AL_Shangrila	656949	657048	22.3100
SRR23343478	Apis dorsata	China: Guangxi, Chongzuo	AL_Shangrila	657049	657148	18.9400
SRR23343478	Apis dorsata	China: Guangxi, Chongzuo	AL_Shangrila	657149	657248	22.0200
SRR23343478	Apis dorsata	China: Guangxi, Chongzuo	AL_Shangrila	657249	657348	19.1900
SRR23343478	Apis dorsata	China: Guangxi, Chongzuo	AL_Shangrila	657349	657448	20.8000
SRR23343478	Apis dorsata	China: Guangxi, Chongzuo	AL_Shangrila	657449	657548	30.6500
SRR23343478	Apis dorsata	China: Guangxi, Chongzuo	AL_Shangrila	657549	657648	24.2900
SRR23343478	Apis dorsata	China: Guangxi, Chongzuo	AL_Shangrila	657649	657748	24.3300
SRR23343478	Apis dorsata	China: Guangxi, Chongzuo	AL_Shangrila	657749	657848	29.8700
SRR23343478	Apis dorsata	China: Guangxi, Chongzuo	AL_Shangrila	657849	657948	30.7700
SRR23343478	Apis dorsata	China: Guangxi, Chongzuo	AL_Shangrila	657949	658048	29.2200
SRR23343478	Apis dorsata	China: Guangxi, Chongzuo	AL_Shangrila	658049	658148	23.8900
SRR23343478	Apis dorsata	China: Guangxi, Chongzuo	AL_Shangrila	658149	658248	20.1900
SRR23343478	Apis dorsata	China: Guangxi, Chongzuo	AL_Shangrila	658249	658348	20.4000
SRR23343478	Apis dorsata	China: Guangxi, Chongzuo	AL_Shangrila	658349	658448	20.5500
SRR23343478	Apis dorsata	China: Guangxi, Chongzuo	AL_Shangrila	658449	658548	21.2400
SRR23343478	Apis dorsata	China: Guangxi, Chongzuo	AL_Shangrila	658549	658648	26.8600
SRR23343478	Apis dorsata	China: Guangxi, Chongzuo	AL_Shangrila	658649	658748	23.1600
SRR23343478	Apis dorsata	China: Guangxi, Chongzuo	AL_Shangrila	658749	658836	24.6250
SRR23343479	Apis dorsata	China: Guangxi, Chongzuo	AL_Shangrila	650749	650848	28.8400
SRR23343479	Apis dorsata	China: Guangxi, Chongzuo	AL_Shangrila	650849	650948	34.8000
SRR23343479	Apis dorsata	China: Guangxi, Chongzuo	AL_Shangrila	650949	651048	32.9100
SRR23343479	Apis dorsata	China: Guangxi, Chongzuo	AL_Shangrila	651049	651148	36.2600
SRR23343479	Apis dorsata	China: Guangxi, Chongzuo	AL_Shangrila	651149	651248	35.2500
SRR23343479	Apis dorsata	China: Guangxi, Chongzuo	AL_Shangrila	651249	651348	37.0600
SRR23343479	Apis dorsata	China: Guangxi, Chongzuo	AL_Shangrila	651349	651448	36.3700
SRR23343479	Apis dorsata	China: Guangxi, Chongzuo	AL_Shangrila	651449	651548	30.1300
SRR23343479	Apis dorsata	China: Guangxi, Chongzuo	AL_Shangrila	651549	651648	24.3400
SRR23343479	Apis dorsata	China: Guangxi, Chongzuo	AL_Shangrila	651649	651748	19.2000
SRR23343479	Apis dorsata	China: Guangxi, Chongzuo	AL_Shangrila	651749	651848	22.9400
SRR23343479	Apis dorsata	China: Guangxi, Chongzuo	AL_Shangrila	651849	651948	26.0900
SRR23343479	Apis dorsata	China: Guangxi, Chongzuo	AL_Shangrila	651949	652048	30.7900
SRR23343479	Apis dorsata	China: Guangxi, Chongzuo	AL_Shangrila	652049	652148	29.4400
SRR23343479	Apis dorsata	China: Guangxi, Chongzuo	AL_Shangrila	652149	652248	29.5800
SRR23343479	Apis dorsata	China: Guangxi, Chongzuo	AL_Shangrila	652249	652348	31.6400
SRR23343479	Apis dorsata	China: Guangxi, Chongzuo	AL_Shangrila	652349	652448	28.1100
SRR23343479	Apis dorsata	China: Guangxi, Chongzuo	AL_Shangrila	652449	652548	23.9600
SRR23343479	Apis dorsata	China: Guangxi, Chongzuo	AL_Shangrila	652549	652648	27.8800
SRR23343479	Apis dorsata	China: Guangxi, Chongzuo	AL_Shangrila	652649	652748	27.1900
SRR23343479	Apis dorsata	China: Guangxi, Chongzuo	AL_Shangrila	652749	652848	28.4500
SRR23343479	Apis dorsata	China: Guangxi, Chongzuo	AL_Shangrila	652849	652948	21.5300
SRR23343479	Apis dorsata	China: Guangxi, Chongzuo	AL_Shangrila	652949	653048	32.3000
SRR23343479	Apis dorsata	China: Guangxi, Chongzuo	AL_Shangrila	653049	653148	31.9700
SRR23343479	Apis dorsata	China: Guangxi, Chongzuo	AL_Shangrila	653149	653248	30.2400
SRR23343479	Apis dorsata	China: Guangxi, Chongzuo	AL_Shangrila	653249	653348	29.8100
SRR23343479	Apis dorsata	China: Guangxi, Chongzuo	AL_Shangrila	653349	653448	33.2300
SRR23343479	Apis dorsata	China: Guangxi, Chongzuo	AL_Shangrila	653449	653548	42.6000
SRR23343479	Apis dorsata	China: Guangxi, Chongzuo	AL_Shangrila	653549	653648	30.3900
SRR23343479	Apis dorsata	China: Guangxi, Chongzuo	AL_Shangrila	653649	653748	23.0900
SRR23343479	Apis dorsata	China: Guangxi, Chongzuo	AL_Shangrila	653749	653848	28.9300
SRR23343479	Apis dorsata	China: Guangxi, Chongzuo	AL_Shangrila	653849	653948	29.1400
SRR23343479	Apis dorsata	China: Guangxi, Chongzuo	AL_Shangrila	653949	654048	19.5100
SRR23343479	Apis dorsata	China: Guangxi, Chongzuo	AL_Shangrila	654049	654148	28.8700
SRR23343479	Apis dorsata	China: Guangxi, Chongzuo	AL_Shangrila	654149	654248	31.0900
SRR23343479	Apis dorsata	China: Guangxi, Chongzuo	AL_Shangrila	654249	654348	26.4200
SRR23343479	Apis dorsata	China: Guangxi, Chongzuo	AL_Shangrila	654349	654448	32.8000
SRR23343479	Apis dorsata	China: Guangxi, Chongzuo	AL_Shangrila	654449	654548	35.5800
SRR23343479	Apis dorsata	China: Guangxi, Chongzuo	AL_Shangrila	654549	654648	25.5300
SRR23343479	Apis dorsata	China: Guangxi, Chongzuo	AL_Shangrila	654649	654748	33.7000
SRR23343479	Apis dorsata	China: Guangxi, Chongzuo	AL_Shangrila	654749	654848	31.9400
SRR23343479	Apis dorsata	China: Guangxi, Chongzuo	AL_Shangrila	654849	654948	24.9200
SRR23343479	Apis dorsata	China: Guangxi, Chongzuo	AL_Shangrila	654949	655048	31.3000
SRR23343479	Apis dorsata	China: Guangxi, Chongzuo	AL_Shangrila	655049	655148	30.3300
SRR23343479	Apis dorsata	China: Guangxi, Chongzuo	AL_Shangrila	655149	655248	31.5500
SRR23343479	Apis dorsata	China: Guangxi, Chongzuo	AL_Shangrila	655249	655348	26.2000
SRR23343479	Apis dorsata	China: Guangxi, Chongzuo	AL_Shangrila	655349	655448	29.7600
SRR23343479	Apis dorsata	China: Guangxi, Chongzuo	AL_Shangrila	655449	655548	32.4500
SRR23343479	Apis dorsata	China: Guangxi, Chongzuo	AL_Shangrila	655549	655648	32.4400
SRR23343479	Apis dorsata	China: Guangxi, Chongzuo	AL_Shangrila	655649	655748	22.9000
SRR23343479	Apis dorsata	China: Guangxi, Chongzuo	AL_Shangrila	655749	655848	32.0100
SRR23343479	Apis dorsata	China: Guangxi, Chongzuo	AL_Shangrila	655849	655948	30.1200
SRR23343479	Apis dorsata	China: Guangxi, Chongzuo	AL_Shangrila	655949	656048	35.4000
SRR23343479	Apis dorsata	China: Guangxi, Chongzuo	AL_Shangrila	656049	656148	38.9900
SRR23343479	Apis dorsata	China: Guangxi, Chongzuo	AL_Shangrila	656149	656248	33.8800
SRR23343479	Apis dorsata	China: Guangxi, Chongzuo	AL_Shangrila	656249	656348	29.5000
SRR23343479	Apis dorsata	China: Guangxi, Chongzuo	AL_Shangrila	656349	656448	26.6700
SRR23343479	Apis dorsata	China: Guangxi, Chongzuo	AL_Shangrila	656449	656548	19.6700
SRR23343479	Apis dorsata	China: Guangxi, Chongzuo	AL_Shangrila	656549	656648	21.4600
SRR23343479	Apis dorsata	China: Guangxi, Chongzuo	AL_Shangrila	656649	656748	23.7700
SRR23343479	Apis dorsata	China: Guangxi, Chongzuo	AL_Shangrila	656749	656848	27.6800
SRR23343479	Apis dorsata	China: Guangxi, Chongzuo	AL_Shangrila	656849	656948	21.2600
SRR23343479	Apis dorsata	China: Guangxi, Chongzuo	AL_Shangrila	656949	657048	29.1500
SRR23343479	Apis dorsata	China: Guangxi, Chongzuo	AL_Shangrila	657049	657148	34.0000
SRR23343479	Apis dorsata	China: Guangxi, Chongzuo	AL_Shangrila	657149	657248	29.7700
SRR23343479	Apis dorsata	China: Guangxi, Chongzuo	AL_Shangrila	657249	657348	24.3000
SRR23343479	Apis dorsata	China: Guangxi, Chongzuo	AL_Shangrila	657349	657448	22.6700
SRR23343479	Apis dorsata	China: Guangxi, Chongzuo	AL_Shangrila	657449	657548	23.4700
SRR23343479	Apis dorsata	China: Guangxi, Chongzuo	AL_Shangrila	657549	657648	22.7000
SRR23343479	Apis dorsata	China: Guangxi, Chongzuo	AL_Shangrila	657649	657748	23.7600
SRR23343479	Apis dorsata	China: Guangxi, Chongzuo	AL_Shangrila	657749	657848	25.0200
SRR23343479	Apis dorsata	China: Guangxi, Chongzuo	AL_Shangrila	657849	657948	18.4400
SRR23343479	Apis dorsata	China: Guangxi, Chongzuo	AL_Shangrila	657949	658048	12.1600
SRR23343479	Apis dorsata	China: Guangxi, Chongzuo	AL_Shangrila	658049	658148	16.3300
SRR23343479	Apis dorsata	China: Guangxi, Chongzuo	AL_Shangrila	658149	658248	20.8900
SRR23343479	Apis dorsata	China: Guangxi, Chongzuo	AL_Shangrila	658249	658348	26.7200
SRR23343479	Apis dorsata	China: Guangxi, Chongzuo	AL_Shangrila	658349	658448	27.3200
SRR23343479	Apis dorsata	China: Guangxi, Chongzuo	AL_Shangrila	658449	658548	24.1800
SRR23343479	Apis dorsata	China: Guangxi, Chongzuo	AL_Shangrila	658549	658648	20.6900
SRR23343479	Apis dorsata	China: Guangxi, Chongzuo	AL_Shangrila	658649	658748	24.2400
SRR23343479	Apis dorsata	China: Guangxi, Chongzuo	AL_Shangrila	658749	658836	31.0455
SRR23343480	Apis dorsata	China: Guangxi, Chongzuo	AL_Shangrila	650749	650848	19.8800
SRR23343480	Apis dorsata	China: Guangxi, Chongzuo	AL_Shangrila	650849	650948	19.6200
SRR23343480	Apis dorsata	China: Guangxi, Chongzuo	AL_Shangrila	650949	651048	19.5400
SRR23343480	Apis dorsata	China: Guangxi, Chongzuo	AL_Shangrila	651049	651148	21.1700
SRR23343480	Apis dorsata	China: Guangxi, Chongzuo	AL_Shangrila	651149	651248	18.4300
SRR23343480	Apis dorsata	China: Guangxi, Chongzuo	AL_Shangrila	651249	651348	18.6700
SRR23343480	Apis dorsata	China: Guangxi, Chongzuo	AL_Shangrila	651349	651448	25.6200
SRR23343480	Apis dorsata	China: Guangxi, Chongzuo	AL_Shangrila	651449	651548	21.5800
SRR23343480	Apis dorsata	China: Guangxi, Chongzuo	AL_Shangrila	651549	651648	21.8500
SRR23343480	Apis dorsata	China: Guangxi, Chongzuo	AL_Shangrila	651649	651748	30.0700
SRR23343480	Apis dorsata	China: Guangxi, Chongzuo	AL_Shangrila	651749	651848	33.1300
SRR23343480	Apis dorsata	China: Guangxi, Chongzuo	AL_Shangrila	651849	651948	28.7500
SRR23343480	Apis dorsata	China: Guangxi, Chongzuo	AL_Shangrila	651949	652048	20.0500
SRR23343480	Apis dorsata	China: Guangxi, Chongzuo	AL_Shangrila	652049	652148	20.3400
SRR23343480	Apis dorsata	China: Guangxi, Chongzuo	AL_Shangrila	652149	652248	28.7600
SRR23343480	Apis dorsata	China: Guangxi, Chongzuo	AL_Shangrila	652249	652348	35.2200
SRR23343480	Apis dorsata	China: Guangxi, Chongzuo	AL_Shangrila	652349	652448	37.7300
SRR23343480	Apis dorsata	China: Guangxi, Chongzuo	AL_Shangrila	652449	652548	38.7000
SRR23343480	Apis dorsata	China: Guangxi, Chongzuo	AL_Shangrila	652549	652648	37.8400
SRR23343480	Apis dorsata	China: Guangxi, Chongzuo	AL_Shangrila	652649	652748	31.6400
SRR23343480	Apis dorsata	China: Guangxi, Chongzuo	AL_Shangrila	652749	652848	31.2800
SRR23343480	Apis dorsata	China: Guangxi, Chongzuo	AL_Shangrila	652849	652948	28.7300
SRR23343480	Apis dorsata	China: Guangxi, Chongzuo	AL_Shangrila	652949	653048	24.2300
SRR23343480	Apis dorsata	China: Guangxi, Chongzuo	AL_Shangrila	653049	653148	22.0300
SRR23343480	Apis dorsata	China: Guangxi, Chongzuo	AL_Shangrila	653149	653248	20.8600
SRR23343480	Apis dorsata	China: Guangxi, Chongzuo	AL_Shangrila	653249	653348	27.8400
SRR23343480	Apis dorsata	China: Guangxi, Chongzuo	AL_Shangrila	653349	653448	27.8300
SRR23343480	Apis dorsata	China: Guangxi, Chongzuo	AL_Shangrila	653449	653548	23.8900
SRR23343480	Apis dorsata	China: Guangxi, Chongzuo	AL_Shangrila	653549	653648	36.6100
SRR23343480	Apis dorsata	China: Guangxi, Chongzuo	AL_Shangrila	653649	653748	39.4700
SRR23343480	Apis dorsata	China: Guangxi, Chongzuo	AL_Shangrila	653749	653848	32.3300
SRR23343480	Apis dorsata	China: Guangxi, Chongzuo	AL_Shangrila	653849	653948	36.8900
SRR23343480	Apis dorsata	China: Guangxi, Chongzuo	AL_Shangrila	653949	654048	23.4700
SRR23343480	Apis dorsata	China: Guangxi, Chongzuo	AL_Shangrila	654049	654148	28.7400
SRR23343480	Apis dorsata	China: Guangxi, Chongzuo	AL_Shangrila	654149	654248	31.7100
SRR23343480	Apis dorsata	China: Guangxi, Chongzuo	AL_Shangrila	654249	654348	26.3100
SRR23343480	Apis dorsata	China: Guangxi, Chongzuo	AL_Shangrila	654349	654448	20.5000
SRR23343480	Apis dorsata	China: Guangxi, Chongzuo	AL_Shangrila	654449	654548	16.8900
SRR23343480	Apis dorsata	China: Guangxi, Chongzuo	AL_Shangrila	654549	654648	15.4300
SRR23343480	Apis dorsata	China: Guangxi, Chongzuo	AL_Shangrila	654649	654748	14.5000
SRR23343480	Apis dorsata	China: Guangxi, Chongzuo	AL_Shangrila	654749	654848	18.8900
SRR23343480	Apis dorsata	China: Guangxi, Chongzuo	AL_Shangrila	654849	654948	18.2500
SRR23343480	Apis dorsata	China: Guangxi, Chongzuo	AL_Shangrila	654949	655048	21.7000
SRR23343480	Apis dorsata	China: Guangxi, Chongzuo	AL_Shangrila	655049	655148	27.2100
SRR23343480	Apis dorsata	China: Guangxi, Chongzuo	AL_Shangrila	655149	655248	31.5100
SRR23343480	Apis dorsata	China: Guangxi, Chongzuo	AL_Shangrila	655249	655348	36.2100
SRR23343480	Apis dorsata	China: Guangxi, Chongzuo	AL_Shangrila	655349	655448	35.3800
SRR23343480	Apis dorsata	China: Guangxi, Chongzuo	AL_Shangrila	655449	655548	33.5200
SRR23343480	Apis dorsata	China: Guangxi, Chongzuo	AL_Shangrila	655549	655648	28.7500
SRR23343480	Apis dorsata	China: Guangxi, Chongzuo	AL_Shangrila	655649	655748	16.2600
SRR23343480	Apis dorsata	China: Guangxi, Chongzuo	AL_Shangrila	655749	655848	28.3900
SRR23343480	Apis dorsata	China: Guangxi, Chongzuo	AL_Shangrila	655849	655948	21.9600
SRR23343480	Apis dorsata	China: Guangxi, Chongzuo	AL_Shangrila	655949	656048	18.0400
SRR23343480	Apis dorsata	China: Guangxi, Chongzuo	AL_Shangrila	656049	656148	23.6500
SRR23343480	Apis dorsata	China: Guangxi, Chongzuo	AL_Shangrila	656149	656248	22.1800
SRR23343480	Apis dorsata	China: Guangxi, Chongzuo	AL_Shangrila	656249	656348	22.7000
SRR23343480	Apis dorsata	China: Guangxi, Chongzuo	AL_Shangrila	656349	656448	21.5100
SRR23343480	Apis dorsata	China: Guangxi, Chongzuo	AL_Shangrila	656449	656548	16.5100
SRR23343480	Apis dorsata	China: Guangxi, Chongzuo	AL_Shangrila	656549	656648	15.7100
SRR23343480	Apis dorsata	China: Guangxi, Chongzuo	AL_Shangrila	656649	656748	22.4700
SRR23343480	Apis dorsata	China: Guangxi, Chongzuo	AL_Shangrila	656749	656848	25.5400
SRR23343480	Apis dorsata	China: Guangxi, Chongzuo	AL_Shangrila	656849	656948	28.7000
SRR23343480	Apis dorsata	China: Guangxi, Chongzuo	AL_Shangrila	656949	657048	25.6100
SRR23343480	Apis dorsata	China: Guangxi, Chongzuo	AL_Shangrila	657049	657148	24.1100
SRR23343480	Apis dorsata	China: Guangxi, Chongzuo	AL_Shangrila	657149	657248	21.1600
SRR23343480	Apis dorsata	China: Guangxi, Chongzuo	AL_Shangrila	657249	657348	11.9800
SRR23343480	Apis dorsata	China: Guangxi, Chongzuo	AL_Shangrila	657349	657448	18.0900
SRR23343480	Apis dorsata	China: Guangxi, Chongzuo	AL_Shangrila	657449	657548	14.4400
SRR23343480	Apis dorsata	China: Guangxi, Chongzuo	AL_Shangrila	657549	657648	21.7000
SRR23343480	Apis dorsata	China: Guangxi, Chongzuo	AL_Shangrila	657649	657748	24.6800
SRR23343480	Apis dorsata	China: Guangxi, Chongzuo	AL_Shangrila	657749	657848	26.6000
SRR23343480	Apis dorsata	China: Guangxi, Chongzuo	AL_Shangrila	657849	657948	17.4300
SRR23343480	Apis dorsata	China: Guangxi, Chongzuo	AL_Shangrila	657949	658048	11.7200
SRR23343480	Apis dorsata	China: Guangxi, Chongzuo	AL_Shangrila	658049	658148	14.1700
SRR23343480	Apis dorsata	China: Guangxi, Chongzuo	AL_Shangrila	658149	658248	18.3400
SRR23343480	Apis dorsata	China: Guangxi, Chongzuo	AL_Shangrila	658249	658348	21.2600
SRR23343480	Apis dorsata	China: Guangxi, Chongzuo	AL_Shangrila	658349	658448	27.1600
SRR23343480	Apis dorsata	China: Guangxi, Chongzuo	AL_Shangrila	658449	658548	23.5000
SRR23343480	Apis dorsata	China: Guangxi, Chongzuo	AL_Shangrila	658549	658648	20.2600
SRR23343480	Apis dorsata	China: Guangxi, Chongzuo	AL_Shangrila	658649	658748	24.8000
SRR23343480	Apis dorsata	China: Guangxi, Chongzuo	AL_Shangrila	658749	658836	25.5909
SRR23343481	Apis dorsata	China: Guangxi, Chongzuo	AL_Shangrila	650749	650848	23.7000
SRR23343481	Apis dorsata	China: Guangxi, Chongzuo	AL_Shangrila	650849	650948	19.0900
SRR23343481	Apis dorsata	China: Guangxi, Chongzuo	AL_Shangrila	650949	651048	21.3000
SRR23343481	Apis dorsata	China: Guangxi, Chongzuo	AL_Shangrila	651049	651148	24.3400
SRR23343481	Apis dorsata	China: Guangxi, Chongzuo	AL_Shangrila	651149	651248	21.6800
SRR23343481	Apis dorsata	China: Guangxi, Chongzuo	AL_Shangrila	651249	651348	18.1800
SRR23343481	Apis dorsata	China: Guangxi, Chongzuo	AL_Shangrila	651349	651448	20.9400
SRR23343481	Apis dorsata	China: Guangxi, Chongzuo	AL_Shangrila	651449	651548	24.6500
SRR23343481	Apis dorsata	China: Guangxi, Chongzuo	AL_Shangrila	651549	651648	21.4500
SRR23343481	Apis dorsata	China: Guangxi, Chongzuo	AL_Shangrila	651649	651748	31.8900
SRR23343481	Apis dorsata	China: Guangxi, Chongzuo	AL_Shangrila	651749	651848	30.7000
SRR23343481	Apis dorsata	China: Guangxi, Chongzuo	AL_Shangrila	651849	651948	30.5500
SRR23343481	Apis dorsata	China: Guangxi, Chongzuo	AL_Shangrila	651949	652048	29.0200
SRR23343481	Apis dorsata	China: Guangxi, Chongzuo	AL_Shangrila	652049	652148	27.9400
SRR23343481	Apis dorsata	China: Guangxi, Chongzuo	AL_Shangrila	652149	652248	28.4700
SRR23343481	Apis dorsata	China: Guangxi, Chongzuo	AL_Shangrila	652249	652348	35.3600
SRR23343481	Apis dorsata	China: Guangxi, Chongzuo	AL_Shangrila	652349	652448	30.4600
SRR23343481	Apis dorsata	China: Guangxi, Chongzuo	AL_Shangrila	652449	652548	27.1100
SRR23343481	Apis dorsata	China: Guangxi, Chongzuo	AL_Shangrila	652549	652648	26.2900
SRR23343481	Apis dorsata	China: Guangxi, Chongzuo	AL_Shangrila	652649	652748	26.9800
SRR23343481	Apis dorsata	China: Guangxi, Chongzuo	AL_Shangrila	652749	652848	29.7800
SRR23343481	Apis dorsata	China: Guangxi, Chongzuo	AL_Shangrila	652849	652948	29.4400
SRR23343481	Apis dorsata	China: Guangxi, Chongzuo	AL_Shangrila	652949	653048	36.9900
SRR23343481	Apis dorsata	China: Guangxi, Chongzuo	AL_Shangrila	653049	653148	36.2400
SRR23343481	Apis dorsata	China: Guangxi, Chongzuo	AL_Shangrila	653149	653248	31.0500
SRR23343481	Apis dorsata	China: Guangxi, Chongzuo	AL_Shangrila	653249	653348	32.4700
SRR23343481	Apis dorsata	China: Guangxi, Chongzuo	AL_Shangrila	653349	653448	25.4700
SRR23343481	Apis dorsata	China: Guangxi, Chongzuo	AL_Shangrila	653449	653548	24.0700
SRR23343481	Apis dorsata	China: Guangxi, Chongzuo	AL_Shangrila	653549	653648	31.8200
SRR23343481	Apis dorsata	China: Guangxi, Chongzuo	AL_Shangrila	653649	653748	28.5800
SRR23343481	Apis dorsata	China: Guangxi, Chongzuo	AL_Shangrila	653749	653848	27.5400
SRR23343481	Apis dorsata	China: Guangxi, Chongzuo	AL_Shangrila	653849	653948	38.4400
SRR23343481	Apis dorsata	China: Guangxi, Chongzuo	AL_Shangrila	653949	654048	27.2400
SRR23343481	Apis dorsata	China: Guangxi, Chongzuo	AL_Shangrila	654049	654148	28.4400
SRR23343481	Apis dorsata	China: Guangxi, Chongzuo	AL_Shangrila	654149	654248	33.5700
SRR23343481	Apis dorsata	China: Guangxi, Chongzuo	AL_Shangrila	654249	654348	29.4100
SRR23343481	Apis dorsata	China: Guangxi, Chongzuo	AL_Shangrila	654349	654448	28.4000
SRR23343481	Apis dorsata	China: Guangxi, Chongzuo	AL_Shangrila	654449	654548	22.9800
SRR23343481	Apis dorsata	China: Guangxi, Chongzuo	AL_Shangrila	654549	654648	12.8300
SRR23343481	Apis dorsata	China: Guangxi, Chongzuo	AL_Shangrila	654649	654748	11.5800
SRR23343481	Apis dorsata	China: Guangxi, Chongzuo	AL_Shangrila	654749	654848	15.6700
SRR23343481	Apis dorsata	China: Guangxi, Chongzuo	AL_Shangrila	654849	654948	13.8400
SRR23343481	Apis dorsata	China: Guangxi, Chongzuo	AL_Shangrila	654949	655048	18.4200
SRR23343481	Apis dorsata	China: Guangxi, Chongzuo	AL_Shangrila	655049	655148	18.6000
SRR23343481	Apis dorsata	China: Guangxi, Chongzuo	AL_Shangrila	655149	655248	24.2200
SRR23343481	Apis dorsata	China: Guangxi, Chongzuo	AL_Shangrila	655249	655348	27.8000
SRR23343481	Apis dorsata	China: Guangxi, Chongzuo	AL_Shangrila	655349	655448	28.5600
SRR23343481	Apis dorsata	China: Guangxi, Chongzuo	AL_Shangrila	655449	655548	26.4400
SRR23343481	Apis dorsata	China: Guangxi, Chongzuo	AL_Shangrila	655549	655648	26.0600
SRR23343481	Apis dorsata	China: Guangxi, Chongzuo	AL_Shangrila	655649	655748	12.6600
SRR23343481	Apis dorsata	China: Guangxi, Chongzuo	AL_Shangrila	655749	655848	19.8900
SRR23343481	Apis dorsata	China: Guangxi, Chongzuo	AL_Shangrila	655849	655948	20.0200
SRR23343481	Apis dorsata	China: Guangxi, Chongzuo	AL_Shangrila	655949	656048	20.2000
SRR23343481	Apis dorsata	China: Guangxi, Chongzuo	AL_Shangrila	656049	656148	20.5100
SRR23343481	Apis dorsata	China: Guangxi, Chongzuo	AL_Shangrila	656149	656248	19.9100
SRR23343481	Apis dorsata	China: Guangxi, Chongzuo	AL_Shangrila	656249	656348	21.2100
SRR23343481	Apis dorsata	China: Guangxi, Chongzuo	AL_Shangrila	656349	656448	18.6900
SRR23343481	Apis dorsata	China: Guangxi, Chongzuo	AL_Shangrila	656449	656548	23.1700
SRR23343481	Apis dorsata	China: Guangxi, Chongzuo	AL_Shangrila	656549	656648	17.1700
SRR23343481	Apis dorsata	China: Guangxi, Chongzuo	AL_Shangrila	656649	656748	24.3300
SRR23343481	Apis dorsata	China: Guangxi, Chongzuo	AL_Shangrila	656749	656848	22.0600
SRR23343481	Apis dorsata	China: Guangxi, Chongzuo	AL_Shangrila	656849	656948	24.5100
SRR23343481	Apis dorsata	China: Guangxi, Chongzuo	AL_Shangrila	656949	657048	23.5400
SRR23343481	Apis dorsata	China: Guangxi, Chongzuo	AL_Shangrila	657049	657148	22.1400
SRR23343481	Apis dorsata	China: Guangxi, Chongzuo	AL_Shangrila	657149	657248	25.6200
SRR23343481	Apis dorsata	China: Guangxi, Chongzuo	AL_Shangrila	657249	657348	22.7100
SRR23343481	Apis dorsata	China: Guangxi, Chongzuo	AL_Shangrila	657349	657448	30.9300
SRR23343481	Apis dorsata	China: Guangxi, Chongzuo	AL_Shangrila	657449	657548	29.6300
SRR23343481	Apis dorsata	China: Guangxi, Chongzuo	AL_Shangrila	657549	657648	31.2200
SRR23343481	Apis dorsata	China: Guangxi, Chongzuo	AL_Shangrila	657649	657748	24.5200
SRR23343481	Apis dorsata	China: Guangxi, Chongzuo	AL_Shangrila	657749	657848	21.8700
SRR23343481	Apis dorsata	China: Guangxi, Chongzuo	AL_Shangrila	657849	657948	19.4900
SRR23343481	Apis dorsata	China: Guangxi, Chongzuo	AL_Shangrila	657949	658048	15.2100
SRR23343481	Apis dorsata	China: Guangxi, Chongzuo	AL_Shangrila	658049	658148	11.6100
SRR23343481	Apis dorsata	China: Guangxi, Chongzuo	AL_Shangrila	658149	658248	12.9700
SRR23343481	Apis dorsata	China: Guangxi, Chongzuo	AL_Shangrila	658249	658348	19.3600
SRR23343481	Apis dorsata	China: Guangxi, Chongzuo	AL_Shangrila	658349	658448	22.4300
SRR23343481	Apis dorsata	China: Guangxi, Chongzuo	AL_Shangrila	658449	658548	21.0000
SRR23343481	Apis dorsata	China: Guangxi, Chongzuo	AL_Shangrila	658549	658648	19.9500
SRR23343481	Apis dorsata	China: Guangxi, Chongzuo	AL_Shangrila	658649	658748	26.8500
SRR23343481	Apis dorsata	China: Guangxi, Chongzuo	AL_Shangrila	658749	658836	28.8977
SRR23343482	Apis dorsata	China: Yunnan, Xishuangbanna	AL_Shangrila	650749	650848	34.2100
SRR23343482	Apis dorsata	China: Yunnan, Xishuangbanna	AL_Shangrila	650849	650948	40.1900
SRR23343482	Apis dorsata	China: Yunnan, Xishuangbanna	AL_Shangrila	650949	651048	26.2900
SRR23343482	Apis dorsata	China: Yunnan, Xishuangbanna	AL_Shangrila	651049	651148	28.2400
SRR23343482	Apis dorsata	China: Yunnan, Xishuangbanna	AL_Shangrila	651149	651248	33.1500
SRR23343482	Apis dorsata	China: Yunnan, Xishuangbanna	AL_Shangrila	651249	651348	33.3000
SRR23343482	Apis dorsata	China: Yunnan, Xishuangbanna	AL_Shangrila	651349	651448	34.8200
SRR23343482	Apis dorsata	China: Yunnan, Xishuangbanna	AL_Shangrila	651449	651548	34.2800
SRR23343482	Apis dorsata	China: Yunnan, Xishuangbanna	AL_Shangrila	651549	651648	35.1100
SRR23343482	Apis dorsata	China: Yunnan, Xishuangbanna	AL_Shangrila	651649	651748	34.3300
SRR23343482	Apis dorsata	China: Yunnan, Xishuangbanna	AL_Shangrila	651749	651848	40.6800
SRR23343482	Apis dorsata	China: Yunnan, Xishuangbanna	AL_Shangrila	651849	651948	35.8800
SRR23343482	Apis dorsata	China: Yunnan, Xishuangbanna	AL_Shangrila	651949	652048	26.4200
SRR23343482	Apis dorsata	China: Yunnan, Xishuangbanna	AL_Shangrila	652049	652148	31.6600
SRR23343482	Apis dorsata	China: Yunnan, Xishuangbanna	AL_Shangrila	652149	652248	25.6000
SRR23343482	Apis dorsata	China: Yunnan, Xishuangbanna	AL_Shangrila	652249	652348	24.6100
SRR23343482	Apis dorsata	China: Yunnan, Xishuangbanna	AL_Shangrila	652349	652448	29.1100
SRR23343482	Apis dorsata	China: Yunnan, Xishuangbanna	AL_Shangrila	652449	652548	38.4100
SRR23343482	Apis dorsata	China: Yunnan, Xishuangbanna	AL_Shangrila	652549	652648	31.4400
SRR23343482	Apis dorsata	China: Yunnan, Xishuangbanna	AL_Shangrila	652649	652748	37.8900
SRR23343482	Apis dorsata	China: Yunnan, Xishuangbanna	AL_Shangrila	652749	652848	37.0500
SRR23343482	Apis dorsata	China: Yunnan, Xishuangbanna	AL_Shangrila	652849	652948	29.3100
SRR23343482	Apis dorsata	China: Yunnan, Xishuangbanna	AL_Shangrila	652949	653048	32.1400
SRR23343482	Apis dorsata	China: Yunnan, Xishuangbanna	AL_Shangrila	653049	653148	39.8800
SRR23343482	Apis dorsata	China: Yunnan, Xishuangbanna	AL_Shangrila	653149	653248	42.7700
SRR23343482	Apis dorsata	China: Yunnan, Xishuangbanna	AL_Shangrila	653249	653348	43.3800
SRR23343482	Apis dorsata	China: Yunnan, Xishuangbanna	AL_Shangrila	653349	653448	39.1100
SRR23343482	Apis dorsata	China: Yunnan, Xishuangbanna	AL_Shangrila	653449	653548	40.0600
SRR23343482	Apis dorsata	China: Yunnan, Xishuangbanna	AL_Shangrila	653549	653648	40.5000
SRR23343482	Apis dorsata	China: Yunnan, Xishuangbanna	AL_Shangrila	653649	653748	39.4700
SRR23343482	Apis dorsata	China: Yunnan, Xishuangbanna	AL_Shangrila	653749	653848	28.3700
SRR23343482	Apis dorsata	China: Yunnan, Xishuangbanna	AL_Shangrila	653849	653948	35.6700
SRR23343482	Apis dorsata	China: Yunnan, Xishuangbanna	AL_Shangrila	653949	654048	26.0100
SRR23343482	Apis dorsata	China: Yunnan, Xishuangbanna	AL_Shangrila	654049	654148	28.6600
SRR23343482	Apis dorsata	China: Yunnan, Xishuangbanna	AL_Shangrila	654149	654248	32.1800
SRR23343482	Apis dorsata	China: Yunnan, Xishuangbanna	AL_Shangrila	654249	654348	27.5900
SRR23343482	Apis dorsata	China: Yunnan, Xishuangbanna	AL_Shangrila	654349	654448	24.3700
SRR23343482	Apis dorsata	China: Yunnan, Xishuangbanna	AL_Shangrila	654449	654548	21.3800
SRR23343482	Apis dorsata	China: Yunnan, Xishuangbanna	AL_Shangrila	654549	654648	19.0100
SRR23343482	Apis dorsata	China: Yunnan, Xishuangbanna	AL_Shangrila	654649	654748	24.4500
SRR23343482	Apis dorsata	China: Yunnan, Xishuangbanna	AL_Shangrila	654749	654848	31.9000
SRR23343482	Apis dorsata	China: Yunnan, Xishuangbanna	AL_Shangrila	654849	654948	26.5700
SRR23343482	Apis dorsata	China: Yunnan, Xishuangbanna	AL_Shangrila	654949	655048	24.8900
SRR23343482	Apis dorsata	China: Yunnan, Xishuangbanna	AL_Shangrila	655049	655148	35.7100
SRR23343482	Apis dorsata	China: Yunnan, Xishuangbanna	AL_Shangrila	655149	655248	35.5300
SRR23343482	Apis dorsata	China: Yunnan, Xishuangbanna	AL_Shangrila	655249	655348	34.1800
SRR23343482	Apis dorsata	China: Yunnan, Xishuangbanna	AL_Shangrila	655349	655448	34.4900
SRR23343482	Apis dorsata	China: Yunnan, Xishuangbanna	AL_Shangrila	655449	655548	33.2700
SRR23343482	Apis dorsata	China: Yunnan, Xishuangbanna	AL_Shangrila	655549	655648	30.6200
SRR23343482	Apis dorsata	China: Yunnan, Xishuangbanna	AL_Shangrila	655649	655748	20.8300
SRR23343482	Apis dorsata	China: Yunnan, Xishuangbanna	AL_Shangrila	655749	655848	27.2100
SRR23343482	Apis dorsata	China: Yunnan, Xishuangbanna	AL_Shangrila	655849	655948	28.9800
SRR23343482	Apis dorsata	China: Yunnan, Xishuangbanna	AL_Shangrila	655949	656048	30.8200
SRR23343482	Apis dorsata	China: Yunnan, Xishuangbanna	AL_Shangrila	656049	656148	30.4500
SRR23343482	Apis dorsata	China: Yunnan, Xishuangbanna	AL_Shangrila	656149	656248	34.3600
SRR23343482	Apis dorsata	China: Yunnan, Xishuangbanna	AL_Shangrila	656249	656348	35.2300
SRR23343482	Apis dorsata	China: Yunnan, Xishuangbanna	AL_Shangrila	656349	656448	35.5000
SRR23343482	Apis dorsata	China: Yunnan, Xishuangbanna	AL_Shangrila	656449	656548	29.2600
SRR23343482	Apis dorsata	China: Yunnan, Xishuangbanna	AL_Shangrila	656549	656648	24.2600
SRR23343482	Apis dorsata	China: Yunnan, Xishuangbanna	AL_Shangrila	656649	656748	37.6200
SRR23343482	Apis dorsata	China: Yunnan, Xishuangbanna	AL_Shangrila	656749	656848	36.5400
SRR23343482	Apis dorsata	China: Yunnan, Xishuangbanna	AL_Shangrila	656849	656948	28.0400
SRR23343482	Apis dorsata	China: Yunnan, Xishuangbanna	AL_Shangrila	656949	657048	33.4600
SRR23343482	Apis dorsata	China: Yunnan, Xishuangbanna	AL_Shangrila	657049	657148	25.1700
SRR23343482	Apis dorsata	China: Yunnan, Xishuangbanna	AL_Shangrila	657149	657248	23.4200
SRR23343482	Apis dorsata	China: Yunnan, Xishuangbanna	AL_Shangrila	657249	657348	17.1500
SRR23343482	Apis dorsata	China: Yunnan, Xishuangbanna	AL_Shangrila	657349	657448	24.6600
SRR23343482	Apis dorsata	China: Yunnan, Xishuangbanna	AL_Shangrila	657449	657548	26.1500
SRR23343482	Apis dorsata	China: Yunnan, Xishuangbanna	AL_Shangrila	657549	657648	26.1500
SRR23343482	Apis dorsata	China: Yunnan, Xishuangbanna	AL_Shangrila	657649	657748	27.9700
SRR23343482	Apis dorsata	China: Yunnan, Xishuangbanna	AL_Shangrila	657749	657848	29.5500
SRR23343482	Apis dorsata	China: Yunnan, Xishuangbanna	AL_Shangrila	657849	657948	25.2500
SRR23343482	Apis dorsata	China: Yunnan, Xishuangbanna	AL_Shangrila	657949	658048	31.4200
SRR23343482	Apis dorsata	China: Yunnan, Xishuangbanna	AL_Shangrila	658049	658148	19.3000
SRR23343482	Apis dorsata	China: Yunnan, Xishuangbanna	AL_Shangrila	658149	658248	23.8600
SRR23343482	Apis dorsata	China: Yunnan, Xishuangbanna	AL_Shangrila	658249	658348	29.1100
SRR23343482	Apis dorsata	China: Yunnan, Xishuangbanna	AL_Shangrila	658349	658448	22.4000
SRR23343482	Apis dorsata	China: Yunnan, Xishuangbanna	AL_Shangrila	658449	658548	21.3500
SRR23343482	Apis dorsata	China: Yunnan, Xishuangbanna	AL_Shangrila	658549	658648	21.3000
SRR23343482	Apis dorsata	China: Yunnan, Xishuangbanna	AL_Shangrila	658649	658748	24.9200
SRR23343482	Apis dorsata	China: Yunnan, Xishuangbanna	AL_Shangrila	658749	658836	29.8295
SRR23343483	Apis dorsata	China: Guangxi, Chongzuo	AL_Shangrila	650749	650848	29.5300
SRR23343483	Apis dorsata	China: Guangxi, Chongzuo	AL_Shangrila	650849	650948	27.5600
SRR23343483	Apis dorsata	China: Guangxi, Chongzuo	AL_Shangrila	650949	651048	30.9400
SRR23343483	Apis dorsata	China: Guangxi, Chongzuo	AL_Shangrila	651049	651148	29.7300
SRR23343483	Apis dorsata	China: Guangxi, Chongzuo	AL_Shangrila	651149	651248	30.8300
SRR23343483	Apis dorsata	China: Guangxi, Chongzuo	AL_Shangrila	651249	651348	28.8400
SRR23343483	Apis dorsata	China: Guangxi, Chongzuo	AL_Shangrila	651349	651448	34.7000
SRR23343483	Apis dorsata	China: Guangxi, Chongzuo	AL_Shangrila	651449	651548	27.7300
SRR23343483	Apis dorsata	China: Guangxi, Chongzuo	AL_Shangrila	651549	651648	26.6300
SRR23343483	Apis dorsata	China: Guangxi, Chongzuo	AL_Shangrila	651649	651748	31.1400
SRR23343483	Apis dorsata	China: Guangxi, Chongzuo	AL_Shangrila	651749	651848	45.0300
SRR23343483	Apis dorsata	China: Guangxi, Chongzuo	AL_Shangrila	651849	651948	41.7600
SRR23343483	Apis dorsata	China: Guangxi, Chongzuo	AL_Shangrila	651949	652048	34.1900
SRR23343483	Apis dorsata	China: Guangxi, Chongzuo	AL_Shangrila	652049	652148	27.4900
SRR23343483	Apis dorsata	China: Guangxi, Chongzuo	AL_Shangrila	652149	652248	35.4800
SRR23343483	Apis dorsata	China: Guangxi, Chongzuo	AL_Shangrila	652249	652348	39.1000
SRR23343483	Apis dorsata	China: Guangxi, Chongzuo	AL_Shangrila	652349	652448	29.7800
SRR23343483	Apis dorsata	China: Guangxi, Chongzuo	AL_Shangrila	652449	652548	30.7900
SRR23343483	Apis dorsata	China: Guangxi, Chongzuo	AL_Shangrila	652549	652648	28.1600
SRR23343483	Apis dorsata	China: Guangxi, Chongzuo	AL_Shangrila	652649	652748	31.1200
SRR23343483	Apis dorsata	China: Guangxi, Chongzuo	AL_Shangrila	652749	652848	34.5300
SRR23343483	Apis dorsata	China: Guangxi, Chongzuo	AL_Shangrila	652849	652948	29.6500
SRR23343483	Apis dorsata	China: Guangxi, Chongzuo	AL_Shangrila	652949	653048	29.7000
SRR23343483	Apis dorsata	China: Guangxi, Chongzuo	AL_Shangrila	653049	653148	31.1200
SRR23343483	Apis dorsata	China: Guangxi, Chongzuo	AL_Shangrila	653149	653248	34.9900
SRR23343483	Apis dorsata	China: Guangxi, Chongzuo	AL_Shangrila	653249	653348	40.1300
SRR23343483	Apis dorsata	China: Guangxi, Chongzuo	AL_Shangrila	653349	653448	38.2400
SRR23343483	Apis dorsata	China: Guangxi, Chongzuo	AL_Shangrila	653449	653548	36.5000
SRR23343483	Apis dorsata	China: Guangxi, Chongzuo	AL_Shangrila	653549	653648	31.1400
SRR23343483	Apis dorsata	China: Guangxi, Chongzuo	AL_Shangrila	653649	653748	31.5700
SRR23343483	Apis dorsata	China: Guangxi, Chongzuo	AL_Shangrila	653749	653848	28.8100
SRR23343483	Apis dorsata	China: Guangxi, Chongzuo	AL_Shangrila	653849	653948	41.8700
SRR23343483	Apis dorsata	China: Guangxi, Chongzuo	AL_Shangrila	653949	654048	25.1700
SRR23343483	Apis dorsata	China: Guangxi, Chongzuo	AL_Shangrila	654049	654148	37.7400
SRR23343483	Apis dorsata	China: Guangxi, Chongzuo	AL_Shangrila	654149	654248	39.9900
SRR23343483	Apis dorsata	China: Guangxi, Chongzuo	AL_Shangrila	654249	654348	30.9200
SRR23343483	Apis dorsata	China: Guangxi, Chongzuo	AL_Shangrila	654349	654448	32.2800
SRR23343483	Apis dorsata	China: Guangxi, Chongzuo	AL_Shangrila	654449	654548	26.7700
SRR23343483	Apis dorsata	China: Guangxi, Chongzuo	AL_Shangrila	654549	654648	23.0800
SRR23343483	Apis dorsata	China: Guangxi, Chongzuo	AL_Shangrila	654649	654748	27.1000
SRR23343483	Apis dorsata	China: Guangxi, Chongzuo	AL_Shangrila	654749	654848	31.8700
SRR23343483	Apis dorsata	China: Guangxi, Chongzuo	AL_Shangrila	654849	654948	27.2100
SRR23343483	Apis dorsata	China: Guangxi, Chongzuo	AL_Shangrila	654949	655048	30.6500
SRR23343483	Apis dorsata	China: Guangxi, Chongzuo	AL_Shangrila	655049	655148	32.0500
SRR23343483	Apis dorsata	China: Guangxi, Chongzuo	AL_Shangrila	655149	655248	38.3000
SRR23343483	Apis dorsata	China: Guangxi, Chongzuo	AL_Shangrila	655249	655348	33.1700
SRR23343483	Apis dorsata	China: Guangxi, Chongzuo	AL_Shangrila	655349	655448	36.1800
SRR23343483	Apis dorsata	China: Guangxi, Chongzuo	AL_Shangrila	655449	655548	37.4500
SRR23343483	Apis dorsata	China: Guangxi, Chongzuo	AL_Shangrila	655549	655648	37.0000
SRR23343483	Apis dorsata	China: Guangxi, Chongzuo	AL_Shangrila	655649	655748	21.4900
SRR23343483	Apis dorsata	China: Guangxi, Chongzuo	AL_Shangrila	655749	655848	26.2300
SRR23343483	Apis dorsata	China: Guangxi, Chongzuo	AL_Shangrila	655849	655948	25.1300
SRR23343483	Apis dorsata	China: Guangxi, Chongzuo	AL_Shangrila	655949	656048	25.1900
SRR23343483	Apis dorsata	China: Guangxi, Chongzuo	AL_Shangrila	656049	656148	23.1400
SRR23343483	Apis dorsata	China: Guangxi, Chongzuo	AL_Shangrila	656149	656248	22.3800
SRR23343483	Apis dorsata	China: Guangxi, Chongzuo	AL_Shangrila	656249	656348	19.9600
SRR23343483	Apis dorsata	China: Guangxi, Chongzuo	AL_Shangrila	656349	656448	23.3900
SRR23343483	Apis dorsata	China: Guangxi, Chongzuo	AL_Shangrila	656449	656548	26.2700
SRR23343483	Apis dorsata	China: Guangxi, Chongzuo	AL_Shangrila	656549	656648	25.7600
SRR23343483	Apis dorsata	China: Guangxi, Chongzuo	AL_Shangrila	656649	656748	29.1000
SRR23343483	Apis dorsata	China: Guangxi, Chongzuo	AL_Shangrila	656749	656848	27.6000
SRR23343483	Apis dorsata	China: Guangxi, Chongzuo	AL_Shangrila	656849	656948	26.0500
SRR23343483	Apis dorsata	China: Guangxi, Chongzuo	AL_Shangrila	656949	657048	24.8700
SRR23343483	Apis dorsata	China: Guangxi, Chongzuo	AL_Shangrila	657049	657148	23.4500
SRR23343483	Apis dorsata	China: Guangxi, Chongzuo	AL_Shangrila	657149	657248	23.5500
SRR23343483	Apis dorsata	China: Guangxi, Chongzuo	AL_Shangrila	657249	657348	20.4300
SRR23343483	Apis dorsata	China: Guangxi, Chongzuo	AL_Shangrila	657349	657448	20.7500
SRR23343483	Apis dorsata	China: Guangxi, Chongzuo	AL_Shangrila	657449	657548	18.6300
SRR23343483	Apis dorsata	China: Guangxi, Chongzuo	AL_Shangrila	657549	657648	26.5400
SRR23343483	Apis dorsata	China: Guangxi, Chongzuo	AL_Shangrila	657649	657748	29.5600
SRR23343483	Apis dorsata	China: Guangxi, Chongzuo	AL_Shangrila	657749	657848	33.3600
SRR23343483	Apis dorsata	China: Guangxi, Chongzuo	AL_Shangrila	657849	657948	26.8000
SRR23343483	Apis dorsata	China: Guangxi, Chongzuo	AL_Shangrila	657949	658048	19.4900
SRR23343483	Apis dorsata	China: Guangxi, Chongzuo	AL_Shangrila	658049	658148	19.5500
SRR23343483	Apis dorsata	China: Guangxi, Chongzuo	AL_Shangrila	658149	658248	25.3900
SRR23343483	Apis dorsata	China: Guangxi, Chongzuo	AL_Shangrila	658249	658348	39.2800
SRR23343483	Apis dorsata	China: Guangxi, Chongzuo	AL_Shangrila	658349	658448	33.6500
SRR23343483	Apis dorsata	China: Guangxi, Chongzuo	AL_Shangrila	658449	658548	31.5800
SRR23343483	Apis dorsata	China: Guangxi, Chongzuo	AL_Shangrila	658549	658648	26.5500
SRR23343483	Apis dorsata	China: Guangxi, Chongzuo	AL_Shangrila	658649	658748	25.2200
SRR23343483	Apis dorsata	China: Guangxi, Chongzuo	AL_Shangrila	658749	658836	27.0455
SRR23343484	Apis dorsata	China: Hainan, Baoting	AL_Shangrila	650749	650848	26.5500
SRR23343484	Apis dorsata	China: Hainan, Baoting	AL_Shangrila	650849	650948	32.7800
SRR23343484	Apis dorsata	China: Hainan, Baoting	AL_Shangrila	650949	651048	38.6000
SRR23343484	Apis dorsata	China: Hainan, Baoting	AL_Shangrila	651049	651148	35.8700
SRR23343484	Apis dorsata	China: Hainan, Baoting	AL_Shangrila	651149	651248	41.0100
SRR23343484	Apis dorsata	China: Hainan, Baoting	AL_Shangrila	651249	651348	41.3300
SRR23343484	Apis dorsata	China: Hainan, Baoting	AL_Shangrila	651349	651448	43.1000
SRR23343484	Apis dorsata	China: Hainan, Baoting	AL_Shangrila	651449	651548	42.0600
SRR23343484	Apis dorsata	China: Hainan, Baoting	AL_Shangrila	651549	651648	43.1300
SRR23343484	Apis dorsata	China: Hainan, Baoting	AL_Shangrila	651649	651748	41.9000
SRR23343484	Apis dorsata	China: Hainan, Baoting	AL_Shangrila	651749	651848	60.7200
SRR23343484	Apis dorsata	China: Hainan, Baoting	AL_Shangrila	651849	651948	56.6500
SRR23343484	Apis dorsata	China: Hainan, Baoting	AL_Shangrila	651949	652048	56.9300
SRR23343484	Apis dorsata	China: Hainan, Baoting	AL_Shangrila	652049	652148	62.8500
SRR23343484	Apis dorsata	China: Hainan, Baoting	AL_Shangrila	652149	652248	57.0000
SRR23343484	Apis dorsata	China: Hainan, Baoting	AL_Shangrila	652249	652348	49.5700
SRR23343484	Apis dorsata	China: Hainan, Baoting	AL_Shangrila	652349	652448	53.1900
SRR23343484	Apis dorsata	China: Hainan, Baoting	AL_Shangrila	652449	652548	59.8200
SRR23343484	Apis dorsata	China: Hainan, Baoting	AL_Shangrila	652549	652648	50.3700
SRR23343484	Apis dorsata	China: Hainan, Baoting	AL_Shangrila	652649	652748	44.6600
SRR23343484	Apis dorsata	China: Hainan, Baoting	AL_Shangrila	652749	652848	43.3800
SRR23343484	Apis dorsata	China: Hainan, Baoting	AL_Shangrila	652849	652948	49.1000
SRR23343484	Apis dorsata	China: Hainan, Baoting	AL_Shangrila	652949	653048	47.4300
SRR23343484	Apis dorsata	China: Hainan, Baoting	AL_Shangrila	653049	653148	57.4500
SRR23343484	Apis dorsata	China: Hainan, Baoting	AL_Shangrila	653149	653248	61.3700
SRR23343484	Apis dorsata	China: Hainan, Baoting	AL_Shangrila	653249	653348	60.6400
SRR23343484	Apis dorsata	China: Hainan, Baoting	AL_Shangrila	653349	653448	60.4000
SRR23343484	Apis dorsata	China: Hainan, Baoting	AL_Shangrila	653449	653548	54.2400
SRR23343484	Apis dorsata	China: Hainan, Baoting	AL_Shangrila	653549	653648	57.6600
SRR23343484	Apis dorsata	China: Hainan, Baoting	AL_Shangrila	653649	653748	46.0300
SRR23343484	Apis dorsata	China: Hainan, Baoting	AL_Shangrila	653749	653848	30.9200
SRR23343484	Apis dorsata	China: Hainan, Baoting	AL_Shangrila	653849	653948	41.5100
SRR23343484	Apis dorsata	China: Hainan, Baoting	AL_Shangrila	653949	654048	18.1200
SRR23343484	Apis dorsata	China: Hainan, Baoting	AL_Shangrila	654049	654148	16.2100
SRR23343484	Apis dorsata	China: Hainan, Baoting	AL_Shangrila	654149	654248	23.9500
SRR23343484	Apis dorsata	China: Hainan, Baoting	AL_Shangrila	654249	654348	21.6700
SRR23343484	Apis dorsata	China: Hainan, Baoting	AL_Shangrila	654349	654448	28.3200
SRR23343484	Apis dorsata	China: Hainan, Baoting	AL_Shangrila	654449	654548	23.6800
SRR23343484	Apis dorsata	China: Hainan, Baoting	AL_Shangrila	654549	654648	15.1400
SRR23343484	Apis dorsata	China: Hainan, Baoting	AL_Shangrila	654649	654748	32.5200
SRR23343484	Apis dorsata	China: Hainan, Baoting	AL_Shangrila	654749	654848	38.4400
SRR23343484	Apis dorsata	China: Hainan, Baoting	AL_Shangrila	654849	654948	25.1500
SRR23343484	Apis dorsata	China: Hainan, Baoting	AL_Shangrila	654949	655048	38.4900
SRR23343484	Apis dorsata	China: Hainan, Baoting	AL_Shangrila	655049	655148	39.1500
SRR23343484	Apis dorsata	China: Hainan, Baoting	AL_Shangrila	655149	655248	33.1600
SRR23343484	Apis dorsata	China: Hainan, Baoting	AL_Shangrila	655249	655348	27.2600
SRR23343484	Apis dorsata	China: Hainan, Baoting	AL_Shangrila	655349	655448	19.6500
SRR23343484	Apis dorsata	China: Hainan, Baoting	AL_Shangrila	655449	655548	22.5700
SRR23343484	Apis dorsata	China: Hainan, Baoting	AL_Shangrila	655549	655648	27.6200
SRR23343484	Apis dorsata	China: Hainan, Baoting	AL_Shangrila	655649	655748	22.9200
SRR23343484	Apis dorsata	China: Hainan, Baoting	AL_Shangrila	655749	655848	31.0600
SRR23343484	Apis dorsata	China: Hainan, Baoting	AL_Shangrila	655849	655948	31.7600
SRR23343484	Apis dorsata	China: Hainan, Baoting	AL_Shangrila	655949	656048	26.2200
SRR23343484	Apis dorsata	China: Hainan, Baoting	AL_Shangrila	656049	656148	31.5900
SRR23343484	Apis dorsata	China: Hainan, Baoting	AL_Shangrila	656149	656248	28.5100
SRR23343484	Apis dorsata	China: Hainan, Baoting	AL_Shangrila	656249	656348	25.2400
SRR23343484	Apis dorsata	China: Hainan, Baoting	AL_Shangrila	656349	656448	24.0500
SRR23343484	Apis dorsata	China: Hainan, Baoting	AL_Shangrila	656449	656548	18.5000
SRR23343484	Apis dorsata	China: Hainan, Baoting	AL_Shangrila	656549	656648	13.6300
SRR23343484	Apis dorsata	China: Hainan, Baoting	AL_Shangrila	656649	656748	16.5600
SRR23343484	Apis dorsata	China: Hainan, Baoting	AL_Shangrila	656749	656848	26.2800
SRR23343484	Apis dorsata	China: Hainan, Baoting	AL_Shangrila	656849	656948	23.9500
SRR23343484	Apis dorsata	China: Hainan, Baoting	AL_Shangrila	656949	657048	19.6000
SRR23343484	Apis dorsata	China: Hainan, Baoting	AL_Shangrila	657049	657148	17.4000
SRR23343484	Apis dorsata	China: Hainan, Baoting	AL_Shangrila	657149	657248	6.9000
SRR23343484	Apis dorsata	China: Hainan, Baoting	AL_Shangrila	657249	657348	0.6200
SRR23343484	Apis dorsata	China: Hainan, Baoting	AL_Shangrila	657349	657448	2.1800
SRR23343484	Apis dorsata	China: Hainan, Baoting	AL_Shangrila	657449	657548	9.6200
SRR23343484	Apis dorsata	China: Hainan, Baoting	AL_Shangrila	657549	657648	12.1900
SRR23343484	Apis dorsata	China: Hainan, Baoting	AL_Shangrila	657649	657748	12.7900
SRR23343484	Apis dorsata	China: Hainan, Baoting	AL_Shangrila	657749	657848	11.0700
SRR23343484	Apis dorsata	China: Hainan, Baoting	AL_Shangrila	657849	657948	1.4200
SRR23343484	Apis dorsata	China: Hainan, Baoting	AL_Shangrila	657949	658048	1.8600
SRR23343484	Apis dorsata	China: Hainan, Baoting	AL_Shangrila	658049	658148	0.5600
SRR23343484	Apis dorsata	China: Hainan, Baoting	AL_Shangrila	658149	658248	0.9700
SRR23343484	Apis dorsata	China: Hainan, Baoting	AL_Shangrila	658249	658348	4.2100
SRR23343484	Apis dorsata	China: Hainan, Baoting	AL_Shangrila	658349	658448	11.5100
SRR23343484	Apis dorsata	China: Hainan, Baoting	AL_Shangrila	658449	658548	20.4800
SRR23343484	Apis dorsata	China: Hainan, Baoting	AL_Shangrila	658549	658648	27.0200
SRR23343484	Apis dorsata	China: Hainan, Baoting	AL_Shangrila	658649	658748	30.3200
SRR23343484	Apis dorsata	China: Hainan, Baoting	AL_Shangrila	658749	658836	27.1818
SRR23343485	Apis dorsata	China: Hainan, Baoting	AL_Shangrila	650749	650848	23.1300
SRR23343485	Apis dorsata	China: Hainan, Baoting	AL_Shangrila	650849	650948	26.7200
SRR23343485	Apis dorsata	China: Hainan, Baoting	AL_Shangrila	650949	651048	24.6000
SRR23343485	Apis dorsata	China: Hainan, Baoting	AL_Shangrila	651049	651148	30.9300
SRR23343485	Apis dorsata	China: Hainan, Baoting	AL_Shangrila	651149	651248	24.5600
SRR23343485	Apis dorsata	China: Hainan, Baoting	AL_Shangrila	651249	651348	30.5200
SRR23343485	Apis dorsata	China: Hainan, Baoting	AL_Shangrila	651349	651448	45.5400
SRR23343485	Apis dorsata	China: Hainan, Baoting	AL_Shangrila	651449	651548	39.7300
SRR23343485	Apis dorsata	China: Hainan, Baoting	AL_Shangrila	651549	651648	28.7000
SRR23343485	Apis dorsata	China: Hainan, Baoting	AL_Shangrila	651649	651748	30.5900
SRR23343485	Apis dorsata	China: Hainan, Baoting	AL_Shangrila	651749	651848	33.9800
SRR23343485	Apis dorsata	China: Hainan, Baoting	AL_Shangrila	651849	651948	34.5700
SRR23343485	Apis dorsata	China: Hainan, Baoting	AL_Shangrila	651949	652048	28.9800
SRR23343485	Apis dorsata	China: Hainan, Baoting	AL_Shangrila	652049	652148	32.8900
SRR23343485	Apis dorsata	China: Hainan, Baoting	AL_Shangrila	652149	652248	33.4400
SRR23343485	Apis dorsata	China: Hainan, Baoting	AL_Shangrila	652249	652348	33.5900
SRR23343485	Apis dorsata	China: Hainan, Baoting	AL_Shangrila	652349	652448	31.7500
SRR23343485	Apis dorsata	China: Hainan, Baoting	AL_Shangrila	652449	652548	31.7100
SRR23343485	Apis dorsata	China: Hainan, Baoting	AL_Shangrila	652549	652648	33.6500
SRR23343485	Apis dorsata	China: Hainan, Baoting	AL_Shangrila	652649	652748	32.8500
SRR23343485	Apis dorsata	China: Hainan, Baoting	AL_Shangrila	652749	652848	32.4500
SRR23343485	Apis dorsata	China: Hainan, Baoting	AL_Shangrila	652849	652948	35.4900
SRR23343485	Apis dorsata	China: Hainan, Baoting	AL_Shangrila	652949	653048	35.6600
SRR23343485	Apis dorsata	China: Hainan, Baoting	AL_Shangrila	653049	653148	30.0600
SRR23343485	Apis dorsata	China: Hainan, Baoting	AL_Shangrila	653149	653248	24.8400
SRR23343485	Apis dorsata	China: Hainan, Baoting	AL_Shangrila	653249	653348	27.6200
SRR23343485	Apis dorsata	China: Hainan, Baoting	AL_Shangrila	653349	653448	32.5400
SRR23343485	Apis dorsata	China: Hainan, Baoting	AL_Shangrila	653449	653548	36.2900
SRR23343485	Apis dorsata	China: Hainan, Baoting	AL_Shangrila	653549	653648	34.5800
SRR23343485	Apis dorsata	China: Hainan, Baoting	AL_Shangrila	653649	653748	35.1100
SRR23343485	Apis dorsata	China: Hainan, Baoting	AL_Shangrila	653749	653848	33.8400
SRR23343485	Apis dorsata	China: Hainan, Baoting	AL_Shangrila	653849	653948	30.0400
SRR23343485	Apis dorsata	China: Hainan, Baoting	AL_Shangrila	653949	654048	18.0200
SRR23343485	Apis dorsata	China: Hainan, Baoting	AL_Shangrila	654049	654148	29.6400
SRR23343485	Apis dorsata	China: Hainan, Baoting	AL_Shangrila	654149	654248	28.5200
SRR23343485	Apis dorsata	China: Hainan, Baoting	AL_Shangrila	654249	654348	29.7300
SRR23343485	Apis dorsata	China: Hainan, Baoting	AL_Shangrila	654349	654448	39.2000
SRR23343485	Apis dorsata	China: Hainan, Baoting	AL_Shangrila	654449	654548	39.0700
SRR23343485	Apis dorsata	China: Hainan, Baoting	AL_Shangrila	654549	654648	26.4300
SRR23343485	Apis dorsata	China: Hainan, Baoting	AL_Shangrila	654649	654748	26.3900
SRR23343485	Apis dorsata	China: Hainan, Baoting	AL_Shangrila	654749	654848	29.0900
SRR23343485	Apis dorsata	China: Hainan, Baoting	AL_Shangrila	654849	654948	21.7300
SRR23343485	Apis dorsata	China: Hainan, Baoting	AL_Shangrila	654949	655048	29.1300
SRR23343485	Apis dorsata	China: Hainan, Baoting	AL_Shangrila	655049	655148	35.4800
SRR23343485	Apis dorsata	China: Hainan, Baoting	AL_Shangrila	655149	655248	29.8500
SRR23343485	Apis dorsata	China: Hainan, Baoting	AL_Shangrila	655249	655348	22.1900
SRR23343485	Apis dorsata	China: Hainan, Baoting	AL_Shangrila	655349	655448	28.2800
SRR23343485	Apis dorsata	China: Hainan, Baoting	AL_Shangrila	655449	655548	32.7200
SRR23343485	Apis dorsata	China: Hainan, Baoting	AL_Shangrila	655549	655648	23.3200
SRR23343485	Apis dorsata	China: Hainan, Baoting	AL_Shangrila	655649	655748	15.6900
SRR23343485	Apis dorsata	China: Hainan, Baoting	AL_Shangrila	655749	655848	23.2800
SRR23343485	Apis dorsata	China: Hainan, Baoting	AL_Shangrila	655849	655948	25.3300
SRR23343485	Apis dorsata	China: Hainan, Baoting	AL_Shangrila	655949	656048	23.5600
SRR23343485	Apis dorsata	China: Hainan, Baoting	AL_Shangrila	656049	656148	25.8600
SRR23343485	Apis dorsata	China: Hainan, Baoting	AL_Shangrila	656149	656248	26.9100
SRR23343485	Apis dorsata	China: Hainan, Baoting	AL_Shangrila	656249	656348	28.2300
SRR23343485	Apis dorsata	China: Hainan, Baoting	AL_Shangrila	656349	656448	21.1900
SRR23343485	Apis dorsata	China: Hainan, Baoting	AL_Shangrila	656449	656548	18.7000
SRR23343485	Apis dorsata	China: Hainan, Baoting	AL_Shangrila	656549	656648	19.3400
SRR23343485	Apis dorsata	China: Hainan, Baoting	AL_Shangrila	656649	656748	27.2700
SRR23343485	Apis dorsata	China: Hainan, Baoting	AL_Shangrila	656749	656848	27.4400
SRR23343485	Apis dorsata	China: Hainan, Baoting	AL_Shangrila	656849	656948	25.0800
SRR23343485	Apis dorsata	China: Hainan, Baoting	AL_Shangrila	656949	657048	31.4200
SRR23343485	Apis dorsata	China: Hainan, Baoting	AL_Shangrila	657049	657148	22.1900
SRR23343485	Apis dorsata	China: Hainan, Baoting	AL_Shangrila	657149	657248	17.2300
SRR23343485	Apis dorsata	China: Hainan, Baoting	AL_Shangrila	657249	657348	14.8700
SRR23343485	Apis dorsata	China: Hainan, Baoting	AL_Shangrila	657349	657448	18.1000
SRR23343485	Apis dorsata	China: Hainan, Baoting	AL_Shangrila	657449	657548	14.6300
SRR23343485	Apis dorsata	China: Hainan, Baoting	AL_Shangrila	657549	657648	15.9000
SRR23343485	Apis dorsata	China: Hainan, Baoting	AL_Shangrila	657649	657748	15.4500
SRR23343485	Apis dorsata	China: Hainan, Baoting	AL_Shangrila	657749	657848	14.1300
SRR23343485	Apis dorsata	China: Hainan, Baoting	AL_Shangrila	657849	657948	10.0700
SRR23343485	Apis dorsata	China: Hainan, Baoting	AL_Shangrila	657949	658048	11.2900
SRR23343485	Apis dorsata	China: Hainan, Baoting	AL_Shangrila	658049	658148	16.6200
SRR23343485	Apis dorsata	China: Hainan, Baoting	AL_Shangrila	658149	658248	20.1600
SRR23343485	Apis dorsata	China: Hainan, Baoting	AL_Shangrila	658249	658348	28.0800
SRR23343485	Apis dorsata	China: Hainan, Baoting	AL_Shangrila	658349	658448	33.4300
SRR23343485	Apis dorsata	China: Hainan, Baoting	AL_Shangrila	658449	658548	26.2700
SRR23343485	Apis dorsata	China: Hainan, Baoting	AL_Shangrila	658549	658648	26.2500
SRR23343485	Apis dorsata	China: Hainan, Baoting	AL_Shangrila	658649	658748	25.2100
SRR23343485	Apis dorsata	China: Hainan, Baoting	AL_Shangrila	658749	658836	22.3750
SRR23343486	Apis dorsata	China: Hainan, Baoting	AL_Shangrila	650749	650848	35.0500
SRR23343486	Apis dorsata	China: Hainan, Baoting	AL_Shangrila	650849	650948	38.1700
SRR23343486	Apis dorsata	China: Hainan, Baoting	AL_Shangrila	650949	651048	43.4200
SRR23343486	Apis dorsata	China: Hainan, Baoting	AL_Shangrila	651049	651148	34.3800
SRR23343486	Apis dorsata	China: Hainan, Baoting	AL_Shangrila	651149	651248	29.4900
SRR23343486	Apis dorsata	China: Hainan, Baoting	AL_Shangrila	651249	651348	32.5900
SRR23343486	Apis dorsata	China: Hainan, Baoting	AL_Shangrila	651349	651448	31.1800
SRR23343486	Apis dorsata	China: Hainan, Baoting	AL_Shangrila	651449	651548	35.9400
SRR23343486	Apis dorsata	China: Hainan, Baoting	AL_Shangrila	651549	651648	31.2900
SRR23343486	Apis dorsata	China: Hainan, Baoting	AL_Shangrila	651649	651748	25.9000
SRR23343486	Apis dorsata	China: Hainan, Baoting	AL_Shangrila	651749	651848	33.5000
SRR23343486	Apis dorsata	China: Hainan, Baoting	AL_Shangrila	651849	651948	27.7500
SRR23343486	Apis dorsata	China: Hainan, Baoting	AL_Shangrila	651949	652048	31.9500
SRR23343486	Apis dorsata	China: Hainan, Baoting	AL_Shangrila	652049	652148	28.8600
SRR23343486	Apis dorsata	China: Hainan, Baoting	AL_Shangrila	652149	652248	33.9100
SRR23343486	Apis dorsata	China: Hainan, Baoting	AL_Shangrila	652249	652348	39.4300
SRR23343486	Apis dorsata	China: Hainan, Baoting	AL_Shangrila	652349	652448	36.2900
SRR23343486	Apis dorsata	China: Hainan, Baoting	AL_Shangrila	652449	652548	42.2200
SRR23343486	Apis dorsata	China: Hainan, Baoting	AL_Shangrila	652549	652648	39.3200
SRR23343486	Apis dorsata	China: Hainan, Baoting	AL_Shangrila	652649	652748	37.5300
SRR23343486	Apis dorsata	China: Hainan, Baoting	AL_Shangrila	652749	652848	35.5800
SRR23343486	Apis dorsata	China: Hainan, Baoting	AL_Shangrila	652849	652948	37.2900
SRR23343486	Apis dorsata	China: Hainan, Baoting	AL_Shangrila	652949	653048	42.3600
SRR23343486	Apis dorsata	China: Hainan, Baoting	AL_Shangrila	653049	653148	33.5700
SRR23343486	Apis dorsata	China: Hainan, Baoting	AL_Shangrila	653149	653248	26.4700
SRR23343486	Apis dorsata	China: Hainan, Baoting	AL_Shangrila	653249	653348	31.4000
SRR23343486	Apis dorsata	China: Hainan, Baoting	AL_Shangrila	653349	653448	33.8400
SRR23343486	Apis dorsata	China: Hainan, Baoting	AL_Shangrila	653449	653548	34.4200
SRR23343486	Apis dorsata	China: Hainan, Baoting	AL_Shangrila	653549	653648	30.5700
SRR23343486	Apis dorsata	China: Hainan, Baoting	AL_Shangrila	653649	653748	30.0600
SRR23343486	Apis dorsata	China: Hainan, Baoting	AL_Shangrila	653749	653848	31.7500
SRR23343486	Apis dorsata	China: Hainan, Baoting	AL_Shangrila	653849	653948	33.1600
SRR23343486	Apis dorsata	China: Hainan, Baoting	AL_Shangrila	653949	654048	21.3500
SRR23343486	Apis dorsata	China: Hainan, Baoting	AL_Shangrila	654049	654148	29.3200
SRR23343486	Apis dorsata	China: Hainan, Baoting	AL_Shangrila	654149	654248	31.6500
SRR23343486	Apis dorsata	China: Hainan, Baoting	AL_Shangrila	654249	654348	37.5400
SRR23343486	Apis dorsata	China: Hainan, Baoting	AL_Shangrila	654349	654448	34.0300
SRR23343486	Apis dorsata	China: Hainan, Baoting	AL_Shangrila	654449	654548	30.0800
SRR23343486	Apis dorsata	China: Hainan, Baoting	AL_Shangrila	654549	654648	27.9200
SRR23343486	Apis dorsata	China: Hainan, Baoting	AL_Shangrila	654649	654748	36.4400
SRR23343486	Apis dorsata	China: Hainan, Baoting	AL_Shangrila	654749	654848	38.3800
SRR23343486	Apis dorsata	China: Hainan, Baoting	AL_Shangrila	654849	654948	34.7500
SRR23343486	Apis dorsata	China: Hainan, Baoting	AL_Shangrila	654949	655048	45.3000
SRR23343486	Apis dorsata	China: Hainan, Baoting	AL_Shangrila	655049	655148	48.7800
SRR23343486	Apis dorsata	China: Hainan, Baoting	AL_Shangrila	655149	655248	37.3200
SRR23343486	Apis dorsata	China: Hainan, Baoting	AL_Shangrila	655249	655348	30.5200
SRR23343486	Apis dorsata	China: Hainan, Baoting	AL_Shangrila	655349	655448	29.9600
SRR23343486	Apis dorsata	China: Hainan, Baoting	AL_Shangrila	655449	655548	28.4700
SRR23343486	Apis dorsata	China: Hainan, Baoting	AL_Shangrila	655549	655648	36.6200
SRR23343486	Apis dorsata	China: Hainan, Baoting	AL_Shangrila	655649	655748	27.9200
SRR23343486	Apis dorsata	China: Hainan, Baoting	AL_Shangrila	655749	655848	32.5500
SRR23343486	Apis dorsata	China: Hainan, Baoting	AL_Shangrila	655849	655948	35.0200
SRR23343486	Apis dorsata	China: Hainan, Baoting	AL_Shangrila	655949	656048	35.5000
SRR23343486	Apis dorsata	China: Hainan, Baoting	AL_Shangrila	656049	656148	38.8200
SRR23343486	Apis dorsata	China: Hainan, Baoting	AL_Shangrila	656149	656248	37.4600
SRR23343486	Apis dorsata	China: Hainan, Baoting	AL_Shangrila	656249	656348	36.4900
SRR23343486	Apis dorsata	China: Hainan, Baoting	AL_Shangrila	656349	656448	35.9500
SRR23343486	Apis dorsata	China: Hainan, Baoting	AL_Shangrila	656449	656548	40.8000
SRR23343486	Apis dorsata	China: Hainan, Baoting	AL_Shangrila	656549	656648	33.6000
SRR23343486	Apis dorsata	China: Hainan, Baoting	AL_Shangrila	656649	656748	29.4800
SRR23343486	Apis dorsata	China: Hainan, Baoting	AL_Shangrila	656749	656848	29.4200
SRR23343486	Apis dorsata	China: Hainan, Baoting	AL_Shangrila	656849	656948	35.3400
SRR23343486	Apis dorsata	China: Hainan, Baoting	AL_Shangrila	656949	657048	39.3500
SRR23343486	Apis dorsata	China: Hainan, Baoting	AL_Shangrila	657049	657148	36.5000
SRR23343486	Apis dorsata	China: Hainan, Baoting	AL_Shangrila	657149	657248	35.7200
SRR23343486	Apis dorsata	China: Hainan, Baoting	AL_Shangrila	657249	657348	21.7800
SRR23343486	Apis dorsata	China: Hainan, Baoting	AL_Shangrila	657349	657448	17.8500
SRR23343486	Apis dorsata	China: Hainan, Baoting	AL_Shangrila	657449	657548	27.4400
SRR23343486	Apis dorsata	China: Hainan, Baoting	AL_Shangrila	657549	657648	21.7900
SRR23343486	Apis dorsata	China: Hainan, Baoting	AL_Shangrila	657649	657748	25.5500
SRR23343486	Apis dorsata	China: Hainan, Baoting	AL_Shangrila	657749	657848	22.4000
SRR23343486	Apis dorsata	China: Hainan, Baoting	AL_Shangrila	657849	657948	18.3900
SRR23343486	Apis dorsata	China: Hainan, Baoting	AL_Shangrila	657949	658048	12.3500
SRR23343486	Apis dorsata	China: Hainan, Baoting	AL_Shangrila	658049	658148	11.3800
SRR23343486	Apis dorsata	China: Hainan, Baoting	AL_Shangrila	658149	658248	15.2600
SRR23343486	Apis dorsata	China: Hainan, Baoting	AL_Shangrila	658249	658348	21.0100
SRR23343486	Apis dorsata	China: Hainan, Baoting	AL_Shangrila	658349	658448	22.5400
SRR23343486	Apis dorsata	China: Hainan, Baoting	AL_Shangrila	658449	658548	28.5800
SRR23343486	Apis dorsata	China: Hainan, Baoting	AL_Shangrila	658549	658648	35.4600
SRR23343486	Apis dorsata	China: Hainan, Baoting	AL_Shangrila	658649	658748	31.8800
SRR23343486	Apis dorsata	China: Hainan, Baoting	AL_Shangrila	658749	658836	26.3636
SRR23343487	Apis dorsata	China: Hainan, Baoting	AL_Shangrila	650749	650848	35.8100
SRR23343487	Apis dorsata	China: Hainan, Baoting	AL_Shangrila	650849	650948	35.7100
SRR23343487	Apis dorsata	China: Hainan, Baoting	AL_Shangrila	650949	651048	29.1100
SRR23343487	Apis dorsata	China: Hainan, Baoting	AL_Shangrila	651049	651148	26.9700
SRR23343487	Apis dorsata	China: Hainan, Baoting	AL_Shangrila	651149	651248	21.8000
SRR23343487	Apis dorsata	China: Hainan, Baoting	AL_Shangrila	651249	651348	24.7800
SRR23343487	Apis dorsata	China: Hainan, Baoting	AL_Shangrila	651349	651448	27.1100
SRR23343487	Apis dorsata	China: Hainan, Baoting	AL_Shangrila	651449	651548	25.3300
SRR23343487	Apis dorsata	China: Hainan, Baoting	AL_Shangrila	651549	651648	29.2400
SRR23343487	Apis dorsata	China: Hainan, Baoting	AL_Shangrila	651649	651748	30.2600
SRR23343487	Apis dorsata	China: Hainan, Baoting	AL_Shangrila	651749	651848	36.5700
SRR23343487	Apis dorsata	China: Hainan, Baoting	AL_Shangrila	651849	651948	36.2500
SRR23343487	Apis dorsata	China: Hainan, Baoting	AL_Shangrila	651949	652048	42.8000
SRR23343487	Apis dorsata	China: Hainan, Baoting	AL_Shangrila	652049	652148	44.6300
SRR23343487	Apis dorsata	China: Hainan, Baoting	AL_Shangrila	652149	652248	41.1400
SRR23343487	Apis dorsata	China: Hainan, Baoting	AL_Shangrila	652249	652348	41.2900
SRR23343487	Apis dorsata	China: Hainan, Baoting	AL_Shangrila	652349	652448	39.9100
SRR23343487	Apis dorsata	China: Hainan, Baoting	AL_Shangrila	652449	652548	41.8800
SRR23343487	Apis dorsata	China: Hainan, Baoting	AL_Shangrila	652549	652648	35.1700
SRR23343487	Apis dorsata	China: Hainan, Baoting	AL_Shangrila	652649	652748	34.6700
SRR23343487	Apis dorsata	China: Hainan, Baoting	AL_Shangrila	652749	652848	34.2000
SRR23343487	Apis dorsata	China: Hainan, Baoting	AL_Shangrila	652849	652948	32.7200
SRR23343487	Apis dorsata	China: Hainan, Baoting	AL_Shangrila	652949	653048	30.4300
SRR23343487	Apis dorsata	China: Hainan, Baoting	AL_Shangrila	653049	653148	36.1800
SRR23343487	Apis dorsata	China: Hainan, Baoting	AL_Shangrila	653149	653248	40.7600
SRR23343487	Apis dorsata	China: Hainan, Baoting	AL_Shangrila	653249	653348	42.6800
SRR23343487	Apis dorsata	China: Hainan, Baoting	AL_Shangrila	653349	653448	40.4400
SRR23343487	Apis dorsata	China: Hainan, Baoting	AL_Shangrila	653449	653548	40.9000
SRR23343487	Apis dorsata	China: Hainan, Baoting	AL_Shangrila	653549	653648	32.9300
SRR23343487	Apis dorsata	China: Hainan, Baoting	AL_Shangrila	653649	653748	37.8700
SRR23343487	Apis dorsata	China: Hainan, Baoting	AL_Shangrila	653749	653848	34.4500
SRR23343487	Apis dorsata	China: Hainan, Baoting	AL_Shangrila	653849	653948	33.9200
SRR23343487	Apis dorsata	China: Hainan, Baoting	AL_Shangrila	653949	654048	27.2000
SRR23343487	Apis dorsata	China: Hainan, Baoting	AL_Shangrila	654049	654148	27.3100
SRR23343487	Apis dorsata	China: Hainan, Baoting	AL_Shangrila	654149	654248	30.3700
SRR23343487	Apis dorsata	China: Hainan, Baoting	AL_Shangrila	654249	654348	38.1800
SRR23343487	Apis dorsata	China: Hainan, Baoting	AL_Shangrila	654349	654448	38.1600
SRR23343487	Apis dorsata	China: Hainan, Baoting	AL_Shangrila	654449	654548	34.6700
SRR23343487	Apis dorsata	China: Hainan, Baoting	AL_Shangrila	654549	654648	31.0100
SRR23343487	Apis dorsata	China: Hainan, Baoting	AL_Shangrila	654649	654748	31.9700
SRR23343487	Apis dorsata	China: Hainan, Baoting	AL_Shangrila	654749	654848	39.1600
SRR23343487	Apis dorsata	China: Hainan, Baoting	AL_Shangrila	654849	654948	34.9000
SRR23343487	Apis dorsata	China: Hainan, Baoting	AL_Shangrila	654949	655048	42.6200
SRR23343487	Apis dorsata	China: Hainan, Baoting	AL_Shangrila	655049	655148	46.3300
SRR23343487	Apis dorsata	China: Hainan, Baoting	AL_Shangrila	655149	655248	44.3900
SRR23343487	Apis dorsata	China: Hainan, Baoting	AL_Shangrila	655249	655348	40.2200
SRR23343487	Apis dorsata	China: Hainan, Baoting	AL_Shangrila	655349	655448	38.8900
SRR23343487	Apis dorsata	China: Hainan, Baoting	AL_Shangrila	655449	655548	40.9000
SRR23343487	Apis dorsata	China: Hainan, Baoting	AL_Shangrila	655549	655648	40.4300
SRR23343487	Apis dorsata	China: Hainan, Baoting	AL_Shangrila	655649	655748	27.1900
SRR23343487	Apis dorsata	China: Hainan, Baoting	AL_Shangrila	655749	655848	32.8300
SRR23343487	Apis dorsata	China: Hainan, Baoting	AL_Shangrila	655849	655948	25.8000
SRR23343487	Apis dorsata	China: Hainan, Baoting	AL_Shangrila	655949	656048	24.9800
SRR23343487	Apis dorsata	China: Hainan, Baoting	AL_Shangrila	656049	656148	32.3700
SRR23343487	Apis dorsata	China: Hainan, Baoting	AL_Shangrila	656149	656248	38.1500
SRR23343487	Apis dorsata	China: Hainan, Baoting	AL_Shangrila	656249	656348	37.9100
SRR23343487	Apis dorsata	China: Hainan, Baoting	AL_Shangrila	656349	656448	36.0300
SRR23343487	Apis dorsata	China: Hainan, Baoting	AL_Shangrila	656449	656548	33.4500
SRR23343487	Apis dorsata	China: Hainan, Baoting	AL_Shangrila	656549	656648	26.2200
SRR23343487	Apis dorsata	China: Hainan, Baoting	AL_Shangrila	656649	656748	31.0900
SRR23343487	Apis dorsata	China: Hainan, Baoting	AL_Shangrila	656749	656848	33.0800
SRR23343487	Apis dorsata	China: Hainan, Baoting	AL_Shangrila	656849	656948	36.4000
SRR23343487	Apis dorsata	China: Hainan, Baoting	AL_Shangrila	656949	657048	45.3500
SRR23343487	Apis dorsata	China: Hainan, Baoting	AL_Shangrila	657049	657148	40.9300
SRR23343487	Apis dorsata	China: Hainan, Baoting	AL_Shangrila	657149	657248	29.9900
SRR23343487	Apis dorsata	China: Hainan, Baoting	AL_Shangrila	657249	657348	20.8300
SRR23343487	Apis dorsata	China: Hainan, Baoting	AL_Shangrila	657349	657448	25.1600
SRR23343487	Apis dorsata	China: Hainan, Baoting	AL_Shangrila	657449	657548	20.0400
SRR23343487	Apis dorsata	China: Hainan, Baoting	AL_Shangrila	657549	657648	20.7500
SRR23343487	Apis dorsata	China: Hainan, Baoting	AL_Shangrila	657649	657748	20.7600
SRR23343487	Apis dorsata	China: Hainan, Baoting	AL_Shangrila	657749	657848	22.4200
SRR23343487	Apis dorsata	China: Hainan, Baoting	AL_Shangrila	657849	657948	16.1000
SRR23343487	Apis dorsata	China: Hainan, Baoting	AL_Shangrila	657949	658048	8.6100
SRR23343487	Apis dorsata	China: Hainan, Baoting	AL_Shangrila	658049	658148	6.2900
SRR23343487	Apis dorsata	China: Hainan, Baoting	AL_Shangrila	658149	658248	7.7400
SRR23343487	Apis dorsata	China: Hainan, Baoting	AL_Shangrila	658249	658348	13.0200
SRR23343487	Apis dorsata	China: Hainan, Baoting	AL_Shangrila	658349	658448	22.3800
SRR23343487	Apis dorsata	China: Hainan, Baoting	AL_Shangrila	658449	658548	27.1400
SRR23343487	Apis dorsata	China: Hainan, Baoting	AL_Shangrila	658549	658648	27.4300
SRR23343487	Apis dorsata	China: Hainan, Baoting	AL_Shangrila	658649	658748	33.0600
SRR23343487	Apis dorsata	China: Hainan, Baoting	AL_Shangrila	658749	658836	37.6136
SRR23343488	Apis dorsata	China: Hainan, Qiongzhong	AL_Shangrila	650749	650848	32.1300
SRR23343488	Apis dorsata	China: Hainan, Qiongzhong	AL_Shangrila	650849	650948	28.5300
SRR23343488	Apis dorsata	China: Hainan, Qiongzhong	AL_Shangrila	650949	651048	25.9800
SRR23343488	Apis dorsata	China: Hainan, Qiongzhong	AL_Shangrila	651049	651148	34.0000
SRR23343488	Apis dorsata	China: Hainan, Qiongzhong	AL_Shangrila	651149	651248	23.1000
SRR23343488	Apis dorsata	China: Hainan, Qiongzhong	AL_Shangrila	651249	651348	24.1600
SRR23343488	Apis dorsata	China: Hainan, Qiongzhong	AL_Shangrila	651349	651448	23.5000
SRR23343488	Apis dorsata	China: Hainan, Qiongzhong	AL_Shangrila	651449	651548	24.0900
SRR23343488	Apis dorsata	China: Hainan, Qiongzhong	AL_Shangrila	651549	651648	27.2100
SRR23343488	Apis dorsata	China: Hainan, Qiongzhong	AL_Shangrila	651649	651748	24.5700
SRR23343488	Apis dorsata	China: Hainan, Qiongzhong	AL_Shangrila	651749	651848	33.3400
SRR23343488	Apis dorsata	China: Hainan, Qiongzhong	AL_Shangrila	651849	651948	38.3100
SRR23343488	Apis dorsata	China: Hainan, Qiongzhong	AL_Shangrila	651949	652048	34.5500
SRR23343488	Apis dorsata	China: Hainan, Qiongzhong	AL_Shangrila	652049	652148	29.2700
SRR23343488	Apis dorsata	China: Hainan, Qiongzhong	AL_Shangrila	652149	652248	37.2800
SRR23343488	Apis dorsata	China: Hainan, Qiongzhong	AL_Shangrila	652249	652348	40.2100
SRR23343488	Apis dorsata	China: Hainan, Qiongzhong	AL_Shangrila	652349	652448	32.2500
SRR23343488	Apis dorsata	China: Hainan, Qiongzhong	AL_Shangrila	652449	652548	30.7500
SRR23343488	Apis dorsata	China: Hainan, Qiongzhong	AL_Shangrila	652549	652648	37.4100
SRR23343488	Apis dorsata	China: Hainan, Qiongzhong	AL_Shangrila	652649	652748	33.6300
SRR23343488	Apis dorsata	China: Hainan, Qiongzhong	AL_Shangrila	652749	652848	30.4000
SRR23343488	Apis dorsata	China: Hainan, Qiongzhong	AL_Shangrila	652849	652948	32.4300
SRR23343488	Apis dorsata	China: Hainan, Qiongzhong	AL_Shangrila	652949	653048	36.5500
SRR23343488	Apis dorsata	China: Hainan, Qiongzhong	AL_Shangrila	653049	653148	34.4300
SRR23343488	Apis dorsata	China: Hainan, Qiongzhong	AL_Shangrila	653149	653248	35.0000
SRR23343488	Apis dorsata	China: Hainan, Qiongzhong	AL_Shangrila	653249	653348	34.5600
SRR23343488	Apis dorsata	China: Hainan, Qiongzhong	AL_Shangrila	653349	653448	35.7400
SRR23343488	Apis dorsata	China: Hainan, Qiongzhong	AL_Shangrila	653449	653548	39.5600
SRR23343488	Apis dorsata	China: Hainan, Qiongzhong	AL_Shangrila	653549	653648	27.9600
SRR23343488	Apis dorsata	China: Hainan, Qiongzhong	AL_Shangrila	653649	653748	32.2200
SRR23343488	Apis dorsata	China: Hainan, Qiongzhong	AL_Shangrila	653749	653848	34.1200
SRR23343488	Apis dorsata	China: Hainan, Qiongzhong	AL_Shangrila	653849	653948	32.7200
SRR23343488	Apis dorsata	China: Hainan, Qiongzhong	AL_Shangrila	653949	654048	21.9200
SRR23343488	Apis dorsata	China: Hainan, Qiongzhong	AL_Shangrila	654049	654148	29.6800
SRR23343488	Apis dorsata	China: Hainan, Qiongzhong	AL_Shangrila	654149	654248	34.4400
SRR23343488	Apis dorsata	China: Hainan, Qiongzhong	AL_Shangrila	654249	654348	31.5600
SRR23343488	Apis dorsata	China: Hainan, Qiongzhong	AL_Shangrila	654349	654448	33.4200
SRR23343488	Apis dorsata	China: Hainan, Qiongzhong	AL_Shangrila	654449	654548	31.1900
SRR23343488	Apis dorsata	China: Hainan, Qiongzhong	AL_Shangrila	654549	654648	32.7100
SRR23343488	Apis dorsata	China: Hainan, Qiongzhong	AL_Shangrila	654649	654748	31.8100
SRR23343488	Apis dorsata	China: Hainan, Qiongzhong	AL_Shangrila	654749	654848	33.4800
SRR23343488	Apis dorsata	China: Hainan, Qiongzhong	AL_Shangrila	654849	654948	26.8100
SRR23343488	Apis dorsata	China: Hainan, Qiongzhong	AL_Shangrila	654949	655048	34.8800
SRR23343488	Apis dorsata	China: Hainan, Qiongzhong	AL_Shangrila	655049	655148	34.8200
SRR23343488	Apis dorsata	China: Hainan, Qiongzhong	AL_Shangrila	655149	655248	37.8700
SRR23343488	Apis dorsata	China: Hainan, Qiongzhong	AL_Shangrila	655249	655348	30.1000
SRR23343488	Apis dorsata	China: Hainan, Qiongzhong	AL_Shangrila	655349	655448	25.4100
SRR23343488	Apis dorsata	China: Hainan, Qiongzhong	AL_Shangrila	655449	655548	23.7800
SRR23343488	Apis dorsata	China: Hainan, Qiongzhong	AL_Shangrila	655549	655648	28.5500
SRR23343488	Apis dorsata	China: Hainan, Qiongzhong	AL_Shangrila	655649	655748	19.5600
SRR23343488	Apis dorsata	China: Hainan, Qiongzhong	AL_Shangrila	655749	655848	23.5100
SRR23343488	Apis dorsata	China: Hainan, Qiongzhong	AL_Shangrila	655849	655948	25.1200
SRR23343488	Apis dorsata	China: Hainan, Qiongzhong	AL_Shangrila	655949	656048	27.6400
SRR23343488	Apis dorsata	China: Hainan, Qiongzhong	AL_Shangrila	656049	656148	25.1900
SRR23343488	Apis dorsata	China: Hainan, Qiongzhong	AL_Shangrila	656149	656248	28.2900
SRR23343488	Apis dorsata	China: Hainan, Qiongzhong	AL_Shangrila	656249	656348	29.2000
SRR23343488	Apis dorsata	China: Hainan, Qiongzhong	AL_Shangrila	656349	656448	29.9500
SRR23343488	Apis dorsata	China: Hainan, Qiongzhong	AL_Shangrila	656449	656548	27.6600
SRR23343488	Apis dorsata	China: Hainan, Qiongzhong	AL_Shangrila	656549	656648	21.5300
SRR23343488	Apis dorsata	China: Hainan, Qiongzhong	AL_Shangrila	656649	656748	20.2000
SRR23343488	Apis dorsata	China: Hainan, Qiongzhong	AL_Shangrila	656749	656848	21.2700
SRR23343488	Apis dorsata	China: Hainan, Qiongzhong	AL_Shangrila	656849	656948	22.4200
SRR23343488	Apis dorsata	China: Hainan, Qiongzhong	AL_Shangrila	656949	657048	26.4900
SRR23343488	Apis dorsata	China: Hainan, Qiongzhong	AL_Shangrila	657049	657148	19.1700
SRR23343488	Apis dorsata	China: Hainan, Qiongzhong	AL_Shangrila	657149	657248	25.3600
SRR23343488	Apis dorsata	China: Hainan, Qiongzhong	AL_Shangrila	657249	657348	20.0000
SRR23343488	Apis dorsata	China: Hainan, Qiongzhong	AL_Shangrila	657349	657448	22.8800
SRR23343488	Apis dorsata	China: Hainan, Qiongzhong	AL_Shangrila	657449	657548	24.0200
SRR23343488	Apis dorsata	China: Hainan, Qiongzhong	AL_Shangrila	657549	657648	18.5300
SRR23343488	Apis dorsata	China: Hainan, Qiongzhong	AL_Shangrila	657649	657748	18.4500
SRR23343488	Apis dorsata	China: Hainan, Qiongzhong	AL_Shangrila	657749	657848	27.0600
SRR23343488	Apis dorsata	China: Hainan, Qiongzhong	AL_Shangrila	657849	657948	14.7900
SRR23343488	Apis dorsata	China: Hainan, Qiongzhong	AL_Shangrila	657949	658048	10.3100
SRR23343488	Apis dorsata	China: Hainan, Qiongzhong	AL_Shangrila	658049	658148	10.6600
SRR23343488	Apis dorsata	China: Hainan, Qiongzhong	AL_Shangrila	658149	658248	9.7500
SRR23343488	Apis dorsata	China: Hainan, Qiongzhong	AL_Shangrila	658249	658348	8.2300
SRR23343488	Apis dorsata	China: Hainan, Qiongzhong	AL_Shangrila	658349	658448	23.7300
SRR23343488	Apis dorsata	China: Hainan, Qiongzhong	AL_Shangrila	658449	658548	24.6700
SRR23343488	Apis dorsata	China: Hainan, Qiongzhong	AL_Shangrila	658549	658648	20.4300
SRR23343488	Apis dorsata	China: Hainan, Qiongzhong	AL_Shangrila	658649	658748	30.2600
SRR23343488	Apis dorsata	China: Hainan, Qiongzhong	AL_Shangrila	658749	658836	30.2500
SRR23343489	Apis dorsata	China: Hainan, Qiongzhong	AL_Shangrila	650749	650848	27.4800
SRR23343489	Apis dorsata	China: Hainan, Qiongzhong	AL_Shangrila	650849	650948	32.3300
SRR23343489	Apis dorsata	China: Hainan, Qiongzhong	AL_Shangrila	650949	651048	33.7900
SRR23343489	Apis dorsata	China: Hainan, Qiongzhong	AL_Shangrila	651049	651148	41.0700
SRR23343489	Apis dorsata	China: Hainan, Qiongzhong	AL_Shangrila	651149	651248	27.0500
SRR23343489	Apis dorsata	China: Hainan, Qiongzhong	AL_Shangrila	651249	651348	31.0100
SRR23343489	Apis dorsata	China: Hainan, Qiongzhong	AL_Shangrila	651349	651448	36.1300
SRR23343489	Apis dorsata	China: Hainan, Qiongzhong	AL_Shangrila	651449	651548	29.4900
SRR23343489	Apis dorsata	China: Hainan, Qiongzhong	AL_Shangrila	651549	651648	27.7700
SRR23343489	Apis dorsata	China: Hainan, Qiongzhong	AL_Shangrila	651649	651748	26.0300
SRR23343489	Apis dorsata	China: Hainan, Qiongzhong	AL_Shangrila	651749	651848	24.0600
SRR23343489	Apis dorsata	China: Hainan, Qiongzhong	AL_Shangrila	651849	651948	25.2100
SRR23343489	Apis dorsata	China: Hainan, Qiongzhong	AL_Shangrila	651949	652048	30.1200
SRR23343489	Apis dorsata	China: Hainan, Qiongzhong	AL_Shangrila	652049	652148	30.1300
SRR23343489	Apis dorsata	China: Hainan, Qiongzhong	AL_Shangrila	652149	652248	28.1800
SRR23343489	Apis dorsata	China: Hainan, Qiongzhong	AL_Shangrila	652249	652348	29.9800
SRR23343489	Apis dorsata	China: Hainan, Qiongzhong	AL_Shangrila	652349	652448	34.0700
SRR23343489	Apis dorsata	China: Hainan, Qiongzhong	AL_Shangrila	652449	652548	38.5600
SRR23343489	Apis dorsata	China: Hainan, Qiongzhong	AL_Shangrila	652549	652648	39.1300
SRR23343489	Apis dorsata	China: Hainan, Qiongzhong	AL_Shangrila	652649	652748	35.3300
SRR23343489	Apis dorsata	China: Hainan, Qiongzhong	AL_Shangrila	652749	652848	40.8000
SRR23343489	Apis dorsata	China: Hainan, Qiongzhong	AL_Shangrila	652849	652948	43.9800
SRR23343489	Apis dorsata	China: Hainan, Qiongzhong	AL_Shangrila	652949	653048	46.6700
SRR23343489	Apis dorsata	China: Hainan, Qiongzhong	AL_Shangrila	653049	653148	49.7500
SRR23343489	Apis dorsata	China: Hainan, Qiongzhong	AL_Shangrila	653149	653248	48.8800
SRR23343489	Apis dorsata	China: Hainan, Qiongzhong	AL_Shangrila	653249	653348	46.3800
SRR23343489	Apis dorsata	China: Hainan, Qiongzhong	AL_Shangrila	653349	653448	40.7400
SRR23343489	Apis dorsata	China: Hainan, Qiongzhong	AL_Shangrila	653449	653548	37.4600
SRR23343489	Apis dorsata	China: Hainan, Qiongzhong	AL_Shangrila	653549	653648	34.0900
SRR23343489	Apis dorsata	China: Hainan, Qiongzhong	AL_Shangrila	653649	653748	34.4600
SRR23343489	Apis dorsata	China: Hainan, Qiongzhong	AL_Shangrila	653749	653848	31.8100
SRR23343489	Apis dorsata	China: Hainan, Qiongzhong	AL_Shangrila	653849	653948	39.5100
SRR23343489	Apis dorsata	China: Hainan, Qiongzhong	AL_Shangrila	653949	654048	30.5100
SRR23343489	Apis dorsata	China: Hainan, Qiongzhong	AL_Shangrila	654049	654148	29.4300
SRR23343489	Apis dorsata	China: Hainan, Qiongzhong	AL_Shangrila	654149	654248	33.4100
SRR23343489	Apis dorsata	China: Hainan, Qiongzhong	AL_Shangrila	654249	654348	34.3300
SRR23343489	Apis dorsata	China: Hainan, Qiongzhong	AL_Shangrila	654349	654448	33.6800
SRR23343489	Apis dorsata	China: Hainan, Qiongzhong	AL_Shangrila	654449	654548	32.8600
SRR23343489	Apis dorsata	China: Hainan, Qiongzhong	AL_Shangrila	654549	654648	31.2300
SRR23343489	Apis dorsata	China: Hainan, Qiongzhong	AL_Shangrila	654649	654748	35.9600
SRR23343489	Apis dorsata	China: Hainan, Qiongzhong	AL_Shangrila	654749	654848	32.8400
SRR23343489	Apis dorsata	China: Hainan, Qiongzhong	AL_Shangrila	654849	654948	29.3000
SRR23343489	Apis dorsata	China: Hainan, Qiongzhong	AL_Shangrila	654949	655048	33.6500
SRR23343489	Apis dorsata	China: Hainan, Qiongzhong	AL_Shangrila	655049	655148	35.4600
SRR23343489	Apis dorsata	China: Hainan, Qiongzhong	AL_Shangrila	655149	655248	41.0900
SRR23343489	Apis dorsata	China: Hainan, Qiongzhong	AL_Shangrila	655249	655348	42.3000
SRR23343489	Apis dorsata	China: Hainan, Qiongzhong	AL_Shangrila	655349	655448	29.1000
SRR23343489	Apis dorsata	China: Hainan, Qiongzhong	AL_Shangrila	655449	655548	27.1000
SRR23343489	Apis dorsata	China: Hainan, Qiongzhong	AL_Shangrila	655549	655648	37.4000
SRR23343489	Apis dorsata	China: Hainan, Qiongzhong	AL_Shangrila	655649	655748	28.1600
SRR23343489	Apis dorsata	China: Hainan, Qiongzhong	AL_Shangrila	655749	655848	32.7400
SRR23343489	Apis dorsata	China: Hainan, Qiongzhong	AL_Shangrila	655849	655948	34.6200
SRR23343489	Apis dorsata	China: Hainan, Qiongzhong	AL_Shangrila	655949	656048	30.3000
SRR23343489	Apis dorsata	China: Hainan, Qiongzhong	AL_Shangrila	656049	656148	36.6600
SRR23343489	Apis dorsata	China: Hainan, Qiongzhong	AL_Shangrila	656149	656248	42.3600
SRR23343489	Apis dorsata	China: Hainan, Qiongzhong	AL_Shangrila	656249	656348	34.0100
SRR23343489	Apis dorsata	China: Hainan, Qiongzhong	AL_Shangrila	656349	656448	35.8300
SRR23343489	Apis dorsata	China: Hainan, Qiongzhong	AL_Shangrila	656449	656548	28.0100
SRR23343489	Apis dorsata	China: Hainan, Qiongzhong	AL_Shangrila	656549	656648	25.1600
SRR23343489	Apis dorsata	China: Hainan, Qiongzhong	AL_Shangrila	656649	656748	28.7300
SRR23343489	Apis dorsata	China: Hainan, Qiongzhong	AL_Shangrila	656749	656848	25.4000
SRR23343489	Apis dorsata	China: Hainan, Qiongzhong	AL_Shangrila	656849	656948	27.5900
SRR23343489	Apis dorsata	China: Hainan, Qiongzhong	AL_Shangrila	656949	657048	30.6700
SRR23343489	Apis dorsata	China: Hainan, Qiongzhong	AL_Shangrila	657049	657148	20.6700
SRR23343489	Apis dorsata	China: Hainan, Qiongzhong	AL_Shangrila	657149	657248	21.8900
SRR23343489	Apis dorsata	China: Hainan, Qiongzhong	AL_Shangrila	657249	657348	16.2200
SRR23343489	Apis dorsata	China: Hainan, Qiongzhong	AL_Shangrila	657349	657448	21.0500
SRR23343489	Apis dorsata	China: Hainan, Qiongzhong	AL_Shangrila	657449	657548	19.2600
SRR23343489	Apis dorsata	China: Hainan, Qiongzhong	AL_Shangrila	657549	657648	21.3500
SRR23343489	Apis dorsata	China: Hainan, Qiongzhong	AL_Shangrila	657649	657748	30.6200
SRR23343489	Apis dorsata	China: Hainan, Qiongzhong	AL_Shangrila	657749	657848	27.4100
SRR23343489	Apis dorsata	China: Hainan, Qiongzhong	AL_Shangrila	657849	657948	16.2600
SRR23343489	Apis dorsata	China: Hainan, Qiongzhong	AL_Shangrila	657949	658048	10.5300
SRR23343489	Apis dorsata	China: Hainan, Qiongzhong	AL_Shangrila	658049	658148	6.7700
SRR23343489	Apis dorsata	China: Hainan, Qiongzhong	AL_Shangrila	658149	658248	8.8300
SRR23343489	Apis dorsata	China: Hainan, Qiongzhong	AL_Shangrila	658249	658348	13.2500
SRR23343489	Apis dorsata	China: Hainan, Qiongzhong	AL_Shangrila	658349	658448	17.2400
SRR23343489	Apis dorsata	China: Hainan, Qiongzhong	AL_Shangrila	658449	658548	26.6700
SRR23343489	Apis dorsata	China: Hainan, Qiongzhong	AL_Shangrila	658549	658648	28.6100
SRR23343489	Apis dorsata	China: Hainan, Qiongzhong	AL_Shangrila	658649	658748	43.0300
SRR23343489	Apis dorsata	China: Hainan, Qiongzhong	AL_Shangrila	658749	658836	43.0455
SRR23343490	Apis dorsata	China: Hainan, Qiongzhong	AL_Shangrila	650749	650848	25.3800
SRR23343490	Apis dorsata	China: Hainan, Qiongzhong	AL_Shangrila	650849	650948	26.3800
SRR23343490	Apis dorsata	China: Hainan, Qiongzhong	AL_Shangrila	650949	651048	24.3400
SRR23343490	Apis dorsata	China: Hainan, Qiongzhong	AL_Shangrila	651049	651148	20.0300
SRR23343490	Apis dorsata	China: Hainan, Qiongzhong	AL_Shangrila	651149	651248	18.4600
SRR23343490	Apis dorsata	China: Hainan, Qiongzhong	AL_Shangrila	651249	651348	21.7200
SRR23343490	Apis dorsata	China: Hainan, Qiongzhong	AL_Shangrila	651349	651448	20.8600
SRR23343490	Apis dorsata	China: Hainan, Qiongzhong	AL_Shangrila	651449	651548	19.2300
SRR23343490	Apis dorsata	China: Hainan, Qiongzhong	AL_Shangrila	651549	651648	26.3200
SRR23343490	Apis dorsata	China: Hainan, Qiongzhong	AL_Shangrila	651649	651748	23.4300
SRR23343490	Apis dorsata	China: Hainan, Qiongzhong	AL_Shangrila	651749	651848	26.9300
SRR23343490	Apis dorsata	China: Hainan, Qiongzhong	AL_Shangrila	651849	651948	27.9600
SRR23343490	Apis dorsata	China: Hainan, Qiongzhong	AL_Shangrila	651949	652048	27.8300
SRR23343490	Apis dorsata	China: Hainan, Qiongzhong	AL_Shangrila	652049	652148	31.0800
SRR23343490	Apis dorsata	China: Hainan, Qiongzhong	AL_Shangrila	652149	652248	31.3600
SRR23343490	Apis dorsata	China: Hainan, Qiongzhong	AL_Shangrila	652249	652348	28.9800
SRR23343490	Apis dorsata	China: Hainan, Qiongzhong	AL_Shangrila	652349	652448	28.8400
SRR23343490	Apis dorsata	China: Hainan, Qiongzhong	AL_Shangrila	652449	652548	20.8200
SRR23343490	Apis dorsata	China: Hainan, Qiongzhong	AL_Shangrila	652549	652648	17.9100
SRR23343490	Apis dorsata	China: Hainan, Qiongzhong	AL_Shangrila	652649	652748	25.0100
SRR23343490	Apis dorsata	China: Hainan, Qiongzhong	AL_Shangrila	652749	652848	22.2900
SRR23343490	Apis dorsata	China: Hainan, Qiongzhong	AL_Shangrila	652849	652948	21.0900
SRR23343490	Apis dorsata	China: Hainan, Qiongzhong	AL_Shangrila	652949	653048	19.6000
SRR23343490	Apis dorsata	China: Hainan, Qiongzhong	AL_Shangrila	653049	653148	24.0400
SRR23343490	Apis dorsata	China: Hainan, Qiongzhong	AL_Shangrila	653149	653248	23.9000
SRR23343490	Apis dorsata	China: Hainan, Qiongzhong	AL_Shangrila	653249	653348	32.9500
SRR23343490	Apis dorsata	China: Hainan, Qiongzhong	AL_Shangrila	653349	653448	33.5900
SRR23343490	Apis dorsata	China: Hainan, Qiongzhong	AL_Shangrila	653449	653548	38.2800
SRR23343490	Apis dorsata	China: Hainan, Qiongzhong	AL_Shangrila	653549	653648	37.1200
SRR23343490	Apis dorsata	China: Hainan, Qiongzhong	AL_Shangrila	653649	653748	38.7600
SRR23343490	Apis dorsata	China: Hainan, Qiongzhong	AL_Shangrila	653749	653848	33.2300
SRR23343490	Apis dorsata	China: Hainan, Qiongzhong	AL_Shangrila	653849	653948	29.3600
SRR23343490	Apis dorsata	China: Hainan, Qiongzhong	AL_Shangrila	653949	654048	21.1500
SRR23343490	Apis dorsata	China: Hainan, Qiongzhong	AL_Shangrila	654049	654148	16.1600
SRR23343490	Apis dorsata	China: Hainan, Qiongzhong	AL_Shangrila	654149	654248	23.8100
SRR23343490	Apis dorsata	China: Hainan, Qiongzhong	AL_Shangrila	654249	654348	20.2300
SRR23343490	Apis dorsata	China: Hainan, Qiongzhong	AL_Shangrila	654349	654448	24.3800
SRR23343490	Apis dorsata	China: Hainan, Qiongzhong	AL_Shangrila	654449	654548	29.6700
SRR23343490	Apis dorsata	China: Hainan, Qiongzhong	AL_Shangrila	654549	654648	25.3000
SRR23343490	Apis dorsata	China: Hainan, Qiongzhong	AL_Shangrila	654649	654748	27.8700
SRR23343490	Apis dorsata	China: Hainan, Qiongzhong	AL_Shangrila	654749	654848	27.0200
SRR23343490	Apis dorsata	China: Hainan, Qiongzhong	AL_Shangrila	654849	654948	20.9800
SRR23343490	Apis dorsata	China: Hainan, Qiongzhong	AL_Shangrila	654949	655048	28.3100
SRR23343490	Apis dorsata	China: Hainan, Qiongzhong	AL_Shangrila	655049	655148	24.3200
SRR23343490	Apis dorsata	China: Hainan, Qiongzhong	AL_Shangrila	655149	655248	22.0000
SRR23343490	Apis dorsata	China: Hainan, Qiongzhong	AL_Shangrila	655249	655348	28.9900
SRR23343490	Apis dorsata	China: Hainan, Qiongzhong	AL_Shangrila	655349	655448	28.3100
SRR23343490	Apis dorsata	China: Hainan, Qiongzhong	AL_Shangrila	655449	655548	19.8300
SRR23343490	Apis dorsata	China: Hainan, Qiongzhong	AL_Shangrila	655549	655648	24.5400
SRR23343490	Apis dorsata	China: Hainan, Qiongzhong	AL_Shangrila	655649	655748	16.4700
SRR23343490	Apis dorsata	China: Hainan, Qiongzhong	AL_Shangrila	655749	655848	18.3100
SRR23343490	Apis dorsata	China: Hainan, Qiongzhong	AL_Shangrila	655849	655948	18.5300
SRR23343490	Apis dorsata	China: Hainan, Qiongzhong	AL_Shangrila	655949	656048	22.3500
SRR23343490	Apis dorsata	China: Hainan, Qiongzhong	AL_Shangrila	656049	656148	27.7100
SRR23343490	Apis dorsata	China: Hainan, Qiongzhong	AL_Shangrila	656149	656248	32.0800
SRR23343490	Apis dorsata	China: Hainan, Qiongzhong	AL_Shangrila	656249	656348	30.2300
SRR23343490	Apis dorsata	China: Hainan, Qiongzhong	AL_Shangrila	656349	656448	22.6500
SRR23343490	Apis dorsata	China: Hainan, Qiongzhong	AL_Shangrila	656449	656548	25.1900
SRR23343490	Apis dorsata	China: Hainan, Qiongzhong	AL_Shangrila	656549	656648	19.3000
SRR23343490	Apis dorsata	China: Hainan, Qiongzhong	AL_Shangrila	656649	656748	19.6100
SRR23343490	Apis dorsata	China: Hainan, Qiongzhong	AL_Shangrila	656749	656848	22.6000
SRR23343490	Apis dorsata	China: Hainan, Qiongzhong	AL_Shangrila	656849	656948	19.3600
SRR23343490	Apis dorsata	China: Hainan, Qiongzhong	AL_Shangrila	656949	657048	28.7400
SRR23343490	Apis dorsata	China: Hainan, Qiongzhong	AL_Shangrila	657049	657148	31.5400
SRR23343490	Apis dorsata	China: Hainan, Qiongzhong	AL_Shangrila	657149	657248	24.2400
SRR23343490	Apis dorsata	China: Hainan, Qiongzhong	AL_Shangrila	657249	657348	21.7200
SRR23343490	Apis dorsata	China: Hainan, Qiongzhong	AL_Shangrila	657349	657448	25.5700
SRR23343490	Apis dorsata	China: Hainan, Qiongzhong	AL_Shangrila	657449	657548	18.4600
SRR23343490	Apis dorsata	China: Hainan, Qiongzhong	AL_Shangrila	657549	657648	20.7600
SRR23343490	Apis dorsata	China: Hainan, Qiongzhong	AL_Shangrila	657649	657748	18.4700
SRR23343490	Apis dorsata	China: Hainan, Qiongzhong	AL_Shangrila	657749	657848	22.0300
SRR23343490	Apis dorsata	China: Hainan, Qiongzhong	AL_Shangrila	657849	657948	15.2300
SRR23343490	Apis dorsata	China: Hainan, Qiongzhong	AL_Shangrila	657949	658048	9.8200
SRR23343490	Apis dorsata	China: Hainan, Qiongzhong	AL_Shangrila	658049	658148	16.2300
SRR23343490	Apis dorsata	China: Hainan, Qiongzhong	AL_Shangrila	658149	658248	10.3900
SRR23343490	Apis dorsata	China: Hainan, Qiongzhong	AL_Shangrila	658249	658348	6.4400
SRR23343490	Apis dorsata	China: Hainan, Qiongzhong	AL_Shangrila	658349	658448	17.0800
SRR23343490	Apis dorsata	China: Hainan, Qiongzhong	AL_Shangrila	658449	658548	22.3300
SRR23343490	Apis dorsata	China: Hainan, Qiongzhong	AL_Shangrila	658549	658648	26.0300
SRR23343490	Apis dorsata	China: Hainan, Qiongzhong	AL_Shangrila	658649	658748	26.2400
SRR23343490	Apis dorsata	China: Hainan, Qiongzhong	AL_Shangrila	658749	658836	25.7273
SRR23343491	Apis dorsata	China: Hainan, Qiongzhong	AL_Shangrila	650749	650848	20.3200
SRR23343491	Apis dorsata	China: Hainan, Qiongzhong	AL_Shangrila	650849	650948	22.2000
SRR23343491	Apis dorsata	China: Hainan, Qiongzhong	AL_Shangrila	650949	651048	20.7600
SRR23343491	Apis dorsata	China: Hainan, Qiongzhong	AL_Shangrila	651049	651148	21.1800
SRR23343491	Apis dorsata	China: Hainan, Qiongzhong	AL_Shangrila	651149	651248	16.4100
SRR23343491	Apis dorsata	China: Hainan, Qiongzhong	AL_Shangrila	651249	651348	14.9800
SRR23343491	Apis dorsata	China: Hainan, Qiongzhong	AL_Shangrila	651349	651448	18.1900
SRR23343491	Apis dorsata	China: Hainan, Qiongzhong	AL_Shangrila	651449	651548	20.0500
SRR23343491	Apis dorsata	China: Hainan, Qiongzhong	AL_Shangrila	651549	651648	19.5700
SRR23343491	Apis dorsata	China: Hainan, Qiongzhong	AL_Shangrila	651649	651748	23.1000
SRR23343491	Apis dorsata	China: Hainan, Qiongzhong	AL_Shangrila	651749	651848	26.2500
SRR23343491	Apis dorsata	China: Hainan, Qiongzhong	AL_Shangrila	651849	651948	32.7200
SRR23343491	Apis dorsata	China: Hainan, Qiongzhong	AL_Shangrila	651949	652048	31.3900
SRR23343491	Apis dorsata	China: Hainan, Qiongzhong	AL_Shangrila	652049	652148	29.1500
SRR23343491	Apis dorsata	China: Hainan, Qiongzhong	AL_Shangrila	652149	652248	30.5100
SRR23343491	Apis dorsata	China: Hainan, Qiongzhong	AL_Shangrila	652249	652348	25.2100
SRR23343491	Apis dorsata	China: Hainan, Qiongzhong	AL_Shangrila	652349	652448	23.6400
SRR23343491	Apis dorsata	China: Hainan, Qiongzhong	AL_Shangrila	652449	652548	28.5600
SRR23343491	Apis dorsata	China: Hainan, Qiongzhong	AL_Shangrila	652549	652648	27.8100
SRR23343491	Apis dorsata	China: Hainan, Qiongzhong	AL_Shangrila	652649	652748	22.8100
SRR23343491	Apis dorsata	China: Hainan, Qiongzhong	AL_Shangrila	652749	652848	25.9700
SRR23343491	Apis dorsata	China: Hainan, Qiongzhong	AL_Shangrila	652849	652948	33.1600
SRR23343491	Apis dorsata	China: Hainan, Qiongzhong	AL_Shangrila	652949	653048	31.0900
SRR23343491	Apis dorsata	China: Hainan, Qiongzhong	AL_Shangrila	653049	653148	27.8300
SRR23343491	Apis dorsata	China: Hainan, Qiongzhong	AL_Shangrila	653149	653248	28.4900
SRR23343491	Apis dorsata	China: Hainan, Qiongzhong	AL_Shangrila	653249	653348	28.0600
SRR23343491	Apis dorsata	China: Hainan, Qiongzhong	AL_Shangrila	653349	653448	22.2100
SRR23343491	Apis dorsata	China: Hainan, Qiongzhong	AL_Shangrila	653449	653548	26.5000
SRR23343491	Apis dorsata	China: Hainan, Qiongzhong	AL_Shangrila	653549	653648	23.5900
SRR23343491	Apis dorsata	China: Hainan, Qiongzhong	AL_Shangrila	653649	653748	23.2100
SRR23343491	Apis dorsata	China: Hainan, Qiongzhong	AL_Shangrila	653749	653848	27.2100
SRR23343491	Apis dorsata	China: Hainan, Qiongzhong	AL_Shangrila	653849	653948	29.3900
SRR23343491	Apis dorsata	China: Hainan, Qiongzhong	AL_Shangrila	653949	654048	17.6500
SRR23343491	Apis dorsata	China: Hainan, Qiongzhong	AL_Shangrila	654049	654148	27.9800
SRR23343491	Apis dorsata	China: Hainan, Qiongzhong	AL_Shangrila	654149	654248	27.8400
SRR23343491	Apis dorsata	China: Hainan, Qiongzhong	AL_Shangrila	654249	654348	29.2800
SRR23343491	Apis dorsata	China: Hainan, Qiongzhong	AL_Shangrila	654349	654448	24.1200
SRR23343491	Apis dorsata	China: Hainan, Qiongzhong	AL_Shangrila	654449	654548	22.4700
SRR23343491	Apis dorsata	China: Hainan, Qiongzhong	AL_Shangrila	654549	654648	28.7900
SRR23343491	Apis dorsata	China: Hainan, Qiongzhong	AL_Shangrila	654649	654748	28.1100
SRR23343491	Apis dorsata	China: Hainan, Qiongzhong	AL_Shangrila	654749	654848	29.8500
SRR23343491	Apis dorsata	China: Hainan, Qiongzhong	AL_Shangrila	654849	654948	34.0000
SRR23343491	Apis dorsata	China: Hainan, Qiongzhong	AL_Shangrila	654949	655048	30.1500
SRR23343491	Apis dorsata	China: Hainan, Qiongzhong	AL_Shangrila	655049	655148	34.7200
SRR23343491	Apis dorsata	China: Hainan, Qiongzhong	AL_Shangrila	655149	655248	32.4000
SRR23343491	Apis dorsata	China: Hainan, Qiongzhong	AL_Shangrila	655249	655348	27.6600
SRR23343491	Apis dorsata	China: Hainan, Qiongzhong	AL_Shangrila	655349	655448	32.2800
SRR23343491	Apis dorsata	China: Hainan, Qiongzhong	AL_Shangrila	655449	655548	25.2300
SRR23343491	Apis dorsata	China: Hainan, Qiongzhong	AL_Shangrila	655549	655648	20.1700
SRR23343491	Apis dorsata	China: Hainan, Qiongzhong	AL_Shangrila	655649	655748	20.8600
SRR23343491	Apis dorsata	China: Hainan, Qiongzhong	AL_Shangrila	655749	655848	24.3100
SRR23343491	Apis dorsata	China: Hainan, Qiongzhong	AL_Shangrila	655849	655948	31.6200
SRR23343491	Apis dorsata	China: Hainan, Qiongzhong	AL_Shangrila	655949	656048	28.3200
SRR23343491	Apis dorsata	China: Hainan, Qiongzhong	AL_Shangrila	656049	656148	32.5200
SRR23343491	Apis dorsata	China: Hainan, Qiongzhong	AL_Shangrila	656149	656248	28.4300
SRR23343491	Apis dorsata	China: Hainan, Qiongzhong	AL_Shangrila	656249	656348	27.3100
SRR23343491	Apis dorsata	China: Hainan, Qiongzhong	AL_Shangrila	656349	656448	21.0900
SRR23343491	Apis dorsata	China: Hainan, Qiongzhong	AL_Shangrila	656449	656548	25.5000
SRR23343491	Apis dorsata	China: Hainan, Qiongzhong	AL_Shangrila	656549	656648	29.1200
SRR23343491	Apis dorsata	China: Hainan, Qiongzhong	AL_Shangrila	656649	656748	24.6900
SRR23343491	Apis dorsata	China: Hainan, Qiongzhong	AL_Shangrila	656749	656848	37.9000
SRR23343491	Apis dorsata	China: Hainan, Qiongzhong	AL_Shangrila	656849	656948	31.0900
SRR23343491	Apis dorsata	China: Hainan, Qiongzhong	AL_Shangrila	656949	657048	34.7600
SRR23343491	Apis dorsata	China: Hainan, Qiongzhong	AL_Shangrila	657049	657148	34.8400
SRR23343491	Apis dorsata	China: Hainan, Qiongzhong	AL_Shangrila	657149	657248	29.4500
SRR23343491	Apis dorsata	China: Hainan, Qiongzhong	AL_Shangrila	657249	657348	17.0700
SRR23343491	Apis dorsata	China: Hainan, Qiongzhong	AL_Shangrila	657349	657448	19.7500
SRR23343491	Apis dorsata	China: Hainan, Qiongzhong	AL_Shangrila	657449	657548	15.0700
SRR23343491	Apis dorsata	China: Hainan, Qiongzhong	AL_Shangrila	657549	657648	18.2100
SRR23343491	Apis dorsata	China: Hainan, Qiongzhong	AL_Shangrila	657649	657748	16.4100
SRR23343491	Apis dorsata	China: Hainan, Qiongzhong	AL_Shangrila	657749	657848	18.5000
SRR23343491	Apis dorsata	China: Hainan, Qiongzhong	AL_Shangrila	657849	657948	10.5100
SRR23343491	Apis dorsata	China: Hainan, Qiongzhong	AL_Shangrila	657949	658048	7.6900
SRR23343491	Apis dorsata	China: Hainan, Qiongzhong	AL_Shangrila	658049	658148	4.0100
SRR23343491	Apis dorsata	China: Hainan, Qiongzhong	AL_Shangrila	658149	658248	6.7000
SRR23343491	Apis dorsata	China: Hainan, Qiongzhong	AL_Shangrila	658249	658348	12.9600
SRR23343491	Apis dorsata	China: Hainan, Qiongzhong	AL_Shangrila	658349	658448	18.3400
SRR23343491	Apis dorsata	China: Hainan, Qiongzhong	AL_Shangrila	658449	658548	21.4500
SRR23343491	Apis dorsata	China: Hainan, Qiongzhong	AL_Shangrila	658549	658648	27.1600
SRR23343491	Apis dorsata	China: Hainan, Qiongzhong	AL_Shangrila	658649	658748	35.1600
SRR23343491	Apis dorsata	China: Hainan, Qiongzhong	AL_Shangrila	658749	658836	35.3182
SRR23343492	Apis dorsata	China: Hainan, Qiongzhong	AL_Shangrila	650749	650848	32.4800
SRR23343492	Apis dorsata	China: Hainan, Qiongzhong	AL_Shangrila	650849	650948	30.0600
SRR23343492	Apis dorsata	China: Hainan, Qiongzhong	AL_Shangrila	650949	651048	32.8200
SRR23343492	Apis dorsata	China: Hainan, Qiongzhong	AL_Shangrila	651049	651148	34.5900
SRR23343492	Apis dorsata	China: Hainan, Qiongzhong	AL_Shangrila	651149	651248	27.9700
SRR23343492	Apis dorsata	China: Hainan, Qiongzhong	AL_Shangrila	651249	651348	26.7100
SRR23343492	Apis dorsata	China: Hainan, Qiongzhong	AL_Shangrila	651349	651448	30.0500
SRR23343492	Apis dorsata	China: Hainan, Qiongzhong	AL_Shangrila	651449	651548	34.1400
SRR23343492	Apis dorsata	China: Hainan, Qiongzhong	AL_Shangrila	651549	651648	29.6300
SRR23343492	Apis dorsata	China: Hainan, Qiongzhong	AL_Shangrila	651649	651748	29.9100
SRR23343492	Apis dorsata	China: Hainan, Qiongzhong	AL_Shangrila	651749	651848	36.4200
SRR23343492	Apis dorsata	China: Hainan, Qiongzhong	AL_Shangrila	651849	651948	32.7400
SRR23343492	Apis dorsata	China: Hainan, Qiongzhong	AL_Shangrila	651949	652048	35.6600
SRR23343492	Apis dorsata	China: Hainan, Qiongzhong	AL_Shangrila	652049	652148	32.1400
SRR23343492	Apis dorsata	China: Hainan, Qiongzhong	AL_Shangrila	652149	652248	31.5900
SRR23343492	Apis dorsata	China: Hainan, Qiongzhong	AL_Shangrila	652249	652348	34.2200
SRR23343492	Apis dorsata	China: Hainan, Qiongzhong	AL_Shangrila	652349	652448	39.0900
SRR23343492	Apis dorsata	China: Hainan, Qiongzhong	AL_Shangrila	652449	652548	33.1100
SRR23343492	Apis dorsata	China: Hainan, Qiongzhong	AL_Shangrila	652549	652648	29.1400
SRR23343492	Apis dorsata	China: Hainan, Qiongzhong	AL_Shangrila	652649	652748	33.7200
SRR23343492	Apis dorsata	China: Hainan, Qiongzhong	AL_Shangrila	652749	652848	36.4200
SRR23343492	Apis dorsata	China: Hainan, Qiongzhong	AL_Shangrila	652849	652948	36.5400
SRR23343492	Apis dorsata	China: Hainan, Qiongzhong	AL_Shangrila	652949	653048	36.1000
SRR23343492	Apis dorsata	China: Hainan, Qiongzhong	AL_Shangrila	653049	653148	27.9900
SRR23343492	Apis dorsata	China: Hainan, Qiongzhong	AL_Shangrila	653149	653248	27.7500
SRR23343492	Apis dorsata	China: Hainan, Qiongzhong	AL_Shangrila	653249	653348	33.5700
SRR23343492	Apis dorsata	China: Hainan, Qiongzhong	AL_Shangrila	653349	653448	37.9400
SRR23343492	Apis dorsata	China: Hainan, Qiongzhong	AL_Shangrila	653449	653548	36.5400
SRR23343492	Apis dorsata	China: Hainan, Qiongzhong	AL_Shangrila	653549	653648	26.5100
SRR23343492	Apis dorsata	China: Hainan, Qiongzhong	AL_Shangrila	653649	653748	27.1100
SRR23343492	Apis dorsata	China: Hainan, Qiongzhong	AL_Shangrila	653749	653848	31.2000
SRR23343492	Apis dorsata	China: Hainan, Qiongzhong	AL_Shangrila	653849	653948	43.1300
SRR23343492	Apis dorsata	China: Hainan, Qiongzhong	AL_Shangrila	653949	654048	23.9500
SRR23343492	Apis dorsata	China: Hainan, Qiongzhong	AL_Shangrila	654049	654148	31.7300
SRR23343492	Apis dorsata	China: Hainan, Qiongzhong	AL_Shangrila	654149	654248	32.0100
SRR23343492	Apis dorsata	China: Hainan, Qiongzhong	AL_Shangrila	654249	654348	34.1100
SRR23343492	Apis dorsata	China: Hainan, Qiongzhong	AL_Shangrila	654349	654448	34.6900
SRR23343492	Apis dorsata	China: Hainan, Qiongzhong	AL_Shangrila	654449	654548	35.1000
SRR23343492	Apis dorsata	China: Hainan, Qiongzhong	AL_Shangrila	654549	654648	24.3000
SRR23343492	Apis dorsata	China: Hainan, Qiongzhong	AL_Shangrila	654649	654748	21.4400
SRR23343492	Apis dorsata	China: Hainan, Qiongzhong	AL_Shangrila	654749	654848	24.5900
SRR23343492	Apis dorsata	China: Hainan, Qiongzhong	AL_Shangrila	654849	654948	25.5200
SRR23343492	Apis dorsata	China: Hainan, Qiongzhong	AL_Shangrila	654949	655048	32.9800
SRR23343492	Apis dorsata	China: Hainan, Qiongzhong	AL_Shangrila	655049	655148	34.5800
SRR23343492	Apis dorsata	China: Hainan, Qiongzhong	AL_Shangrila	655149	655248	34.6700
SRR23343492	Apis dorsata	China: Hainan, Qiongzhong	AL_Shangrila	655249	655348	33.3600
SRR23343492	Apis dorsata	China: Hainan, Qiongzhong	AL_Shangrila	655349	655448	30.7300
SRR23343492	Apis dorsata	China: Hainan, Qiongzhong	AL_Shangrila	655449	655548	31.9900
SRR23343492	Apis dorsata	China: Hainan, Qiongzhong	AL_Shangrila	655549	655648	28.8500
SRR23343492	Apis dorsata	China: Hainan, Qiongzhong	AL_Shangrila	655649	655748	20.4700
SRR23343492	Apis dorsata	China: Hainan, Qiongzhong	AL_Shangrila	655749	655848	23.4800
SRR23343492	Apis dorsata	China: Hainan, Qiongzhong	AL_Shangrila	655849	655948	27.0300
SRR23343492	Apis dorsata	China: Hainan, Qiongzhong	AL_Shangrila	655949	656048	34.3300
SRR23343492	Apis dorsata	China: Hainan, Qiongzhong	AL_Shangrila	656049	656148	40.5400
SRR23343492	Apis dorsata	China: Hainan, Qiongzhong	AL_Shangrila	656149	656248	35.3700
SRR23343492	Apis dorsata	China: Hainan, Qiongzhong	AL_Shangrila	656249	656348	32.1700
SRR23343492	Apis dorsata	China: Hainan, Qiongzhong	AL_Shangrila	656349	656448	33.5300
SRR23343492	Apis dorsata	China: Hainan, Qiongzhong	AL_Shangrila	656449	656548	22.7600
SRR23343492	Apis dorsata	China: Hainan, Qiongzhong	AL_Shangrila	656549	656648	21.7800
SRR23343492	Apis dorsata	China: Hainan, Qiongzhong	AL_Shangrila	656649	656748	30.3800
SRR23343492	Apis dorsata	China: Hainan, Qiongzhong	AL_Shangrila	656749	656848	34.6900
SRR23343492	Apis dorsata	China: Hainan, Qiongzhong	AL_Shangrila	656849	656948	38.1600
SRR23343492	Apis dorsata	China: Hainan, Qiongzhong	AL_Shangrila	656949	657048	39.2500
SRR23343492	Apis dorsata	China: Hainan, Qiongzhong	AL_Shangrila	657049	657148	31.7300
SRR23343492	Apis dorsata	China: Hainan, Qiongzhong	AL_Shangrila	657149	657248	28.9500
SRR23343492	Apis dorsata	China: Hainan, Qiongzhong	AL_Shangrila	657249	657348	24.0900
SRR23343492	Apis dorsata	China: Hainan, Qiongzhong	AL_Shangrila	657349	657448	27.8100
SRR23343492	Apis dorsata	China: Hainan, Qiongzhong	AL_Shangrila	657449	657548	31.6900
SRR23343492	Apis dorsata	China: Hainan, Qiongzhong	AL_Shangrila	657549	657648	33.2400
SRR23343492	Apis dorsata	China: Hainan, Qiongzhong	AL_Shangrila	657649	657748	23.9900
SRR23343492	Apis dorsata	China: Hainan, Qiongzhong	AL_Shangrila	657749	657848	23.0400
SRR23343492	Apis dorsata	China: Hainan, Qiongzhong	AL_Shangrila	657849	657948	21.1400
SRR23343492	Apis dorsata	China: Hainan, Qiongzhong	AL_Shangrila	657949	658048	20.4700
SRR23343492	Apis dorsata	China: Hainan, Qiongzhong	AL_Shangrila	658049	658148	22.6600
SRR23343492	Apis dorsata	China: Hainan, Qiongzhong	AL_Shangrila	658149	658248	33.1000
SRR23343492	Apis dorsata	China: Hainan, Qiongzhong	AL_Shangrila	658249	658348	32.5700
SRR23343492	Apis dorsata	China: Hainan, Qiongzhong	AL_Shangrila	658349	658448	33.4500
SRR23343492	Apis dorsata	China: Hainan, Qiongzhong	AL_Shangrila	658449	658548	28.4700
SRR23343492	Apis dorsata	China: Hainan, Qiongzhong	AL_Shangrila	658549	658648	32.2800
SRR23343492	Apis dorsata	China: Hainan, Qiongzhong	AL_Shangrila	658649	658748	26.3000
SRR23343492	Apis dorsata	China: Hainan, Qiongzhong	AL_Shangrila	658749	658836	20.0227
SRR23343493	Apis dorsata	China: Yunnan, Xishuangbanna	AL_Shangrila	650749	650848	18.9000
SRR23343493	Apis dorsata	China: Yunnan, Xishuangbanna	AL_Shangrila	650849	650948	18.7300
SRR23343493	Apis dorsata	China: Yunnan, Xishuangbanna	AL_Shangrila	650949	651048	16.0300
SRR23343493	Apis dorsata	China: Yunnan, Xishuangbanna	AL_Shangrila	651049	651148	18.1000
SRR23343493	Apis dorsata	China: Yunnan, Xishuangbanna	AL_Shangrila	651149	651248	17.5400
SRR23343493	Apis dorsata	China: Yunnan, Xishuangbanna	AL_Shangrila	651249	651348	22.7300
SRR23343493	Apis dorsata	China: Yunnan, Xishuangbanna	AL_Shangrila	651349	651448	17.5400
SRR23343493	Apis dorsata	China: Yunnan, Xishuangbanna	AL_Shangrila	651449	651548	20.0900
SRR23343493	Apis dorsata	China: Yunnan, Xishuangbanna	AL_Shangrila	651549	651648	17.1700
SRR23343493	Apis dorsata	China: Yunnan, Xishuangbanna	AL_Shangrila	651649	651748	24.7500
SRR23343493	Apis dorsata	China: Yunnan, Xishuangbanna	AL_Shangrila	651749	651848	27.2400
SRR23343493	Apis dorsata	China: Yunnan, Xishuangbanna	AL_Shangrila	651849	651948	25.8600
SRR23343493	Apis dorsata	China: Yunnan, Xishuangbanna	AL_Shangrila	651949	652048	20.3600
SRR23343493	Apis dorsata	China: Yunnan, Xishuangbanna	AL_Shangrila	652049	652148	28.3200
SRR23343493	Apis dorsata	China: Yunnan, Xishuangbanna	AL_Shangrila	652149	652248	25.7000
SRR23343493	Apis dorsata	China: Yunnan, Xishuangbanna	AL_Shangrila	652249	652348	21.0000
SRR23343493	Apis dorsata	China: Yunnan, Xishuangbanna	AL_Shangrila	652349	652448	24.6500
SRR23343493	Apis dorsata	China: Yunnan, Xishuangbanna	AL_Shangrila	652449	652548	26.3200
SRR23343493	Apis dorsata	China: Yunnan, Xishuangbanna	AL_Shangrila	652549	652648	27.5300
SRR23343493	Apis dorsata	China: Yunnan, Xishuangbanna	AL_Shangrila	652649	652748	26.8600
SRR23343493	Apis dorsata	China: Yunnan, Xishuangbanna	AL_Shangrila	652749	652848	30.6700
SRR23343493	Apis dorsata	China: Yunnan, Xishuangbanna	AL_Shangrila	652849	652948	30.4800
SRR23343493	Apis dorsata	China: Yunnan, Xishuangbanna	AL_Shangrila	652949	653048	31.1200
SRR23343493	Apis dorsata	China: Yunnan, Xishuangbanna	AL_Shangrila	653049	653148	24.7200
SRR23343493	Apis dorsata	China: Yunnan, Xishuangbanna	AL_Shangrila	653149	653248	28.5100
SRR23343493	Apis dorsata	China: Yunnan, Xishuangbanna	AL_Shangrila	653249	653348	28.7500
SRR23343493	Apis dorsata	China: Yunnan, Xishuangbanna	AL_Shangrila	653349	653448	31.8900
SRR23343493	Apis dorsata	China: Yunnan, Xishuangbanna	AL_Shangrila	653449	653548	32.8200
SRR23343493	Apis dorsata	China: Yunnan, Xishuangbanna	AL_Shangrila	653549	653648	24.8500
SRR23343493	Apis dorsata	China: Yunnan, Xishuangbanna	AL_Shangrila	653649	653748	23.6900
SRR23343493	Apis dorsata	China: Yunnan, Xishuangbanna	AL_Shangrila	653749	653848	21.8400
SRR23343493	Apis dorsata	China: Yunnan, Xishuangbanna	AL_Shangrila	653849	653948	25.1300
SRR23343493	Apis dorsata	China: Yunnan, Xishuangbanna	AL_Shangrila	653949	654048	16.5900
SRR23343493	Apis dorsata	China: Yunnan, Xishuangbanna	AL_Shangrila	654049	654148	20.6200
SRR23343493	Apis dorsata	China: Yunnan, Xishuangbanna	AL_Shangrila	654149	654248	26.1800
SRR23343493	Apis dorsata	China: Yunnan, Xishuangbanna	AL_Shangrila	654249	654348	24.2700
SRR23343493	Apis dorsata	China: Yunnan, Xishuangbanna	AL_Shangrila	654349	654448	23.7300
SRR23343493	Apis dorsata	China: Yunnan, Xishuangbanna	AL_Shangrila	654449	654548	22.0000
SRR23343493	Apis dorsata	China: Yunnan, Xishuangbanna	AL_Shangrila	654549	654648	15.6900
SRR23343493	Apis dorsata	China: Yunnan, Xishuangbanna	AL_Shangrila	654649	654748	18.2100
SRR23343493	Apis dorsata	China: Yunnan, Xishuangbanna	AL_Shangrila	654749	654848	18.1800
SRR23343493	Apis dorsata	China: Yunnan, Xishuangbanna	AL_Shangrila	654849	654948	20.1600
SRR23343493	Apis dorsata	China: Yunnan, Xishuangbanna	AL_Shangrila	654949	655048	22.9000
SRR23343493	Apis dorsata	China: Yunnan, Xishuangbanna	AL_Shangrila	655049	655148	23.3800
SRR23343493	Apis dorsata	China: Yunnan, Xishuangbanna	AL_Shangrila	655149	655248	21.2600
SRR23343493	Apis dorsata	China: Yunnan, Xishuangbanna	AL_Shangrila	655249	655348	25.6200
SRR23343493	Apis dorsata	China: Yunnan, Xishuangbanna	AL_Shangrila	655349	655448	24.2800
SRR23343493	Apis dorsata	China: Yunnan, Xishuangbanna	AL_Shangrila	655449	655548	28.0900
SRR23343493	Apis dorsata	China: Yunnan, Xishuangbanna	AL_Shangrila	655549	655648	25.0600
SRR23343493	Apis dorsata	China: Yunnan, Xishuangbanna	AL_Shangrila	655649	655748	21.3200
SRR23343493	Apis dorsata	China: Yunnan, Xishuangbanna	AL_Shangrila	655749	655848	32.4700
SRR23343493	Apis dorsata	China: Yunnan, Xishuangbanna	AL_Shangrila	655849	655948	31.5400
SRR23343493	Apis dorsata	China: Yunnan, Xishuangbanna	AL_Shangrila	655949	656048	26.3500
SRR23343493	Apis dorsata	China: Yunnan, Xishuangbanna	AL_Shangrila	656049	656148	25.5600
SRR23343493	Apis dorsata	China: Yunnan, Xishuangbanna	AL_Shangrila	656149	656248	22.4700
SRR23343493	Apis dorsata	China: Yunnan, Xishuangbanna	AL_Shangrila	656249	656348	21.5100
SRR23343493	Apis dorsata	China: Yunnan, Xishuangbanna	AL_Shangrila	656349	656448	20.4000
SRR23343493	Apis dorsata	China: Yunnan, Xishuangbanna	AL_Shangrila	656449	656548	25.1800
SRR23343493	Apis dorsata	China: Yunnan, Xishuangbanna	AL_Shangrila	656549	656648	17.6100
SRR23343493	Apis dorsata	China: Yunnan, Xishuangbanna	AL_Shangrila	656649	656748	26.5800
SRR23343493	Apis dorsata	China: Yunnan, Xishuangbanna	AL_Shangrila	656749	656848	26.1900
SRR23343493	Apis dorsata	China: Yunnan, Xishuangbanna	AL_Shangrila	656849	656948	21.3000
SRR23343493	Apis dorsata	China: Yunnan, Xishuangbanna	AL_Shangrila	656949	657048	22.1400
SRR23343493	Apis dorsata	China: Yunnan, Xishuangbanna	AL_Shangrila	657049	657148	19.0600
SRR23343493	Apis dorsata	China: Yunnan, Xishuangbanna	AL_Shangrila	657149	657248	15.9200
SRR23343493	Apis dorsata	China: Yunnan, Xishuangbanna	AL_Shangrila	657249	657348	14.7900
SRR23343493	Apis dorsata	China: Yunnan, Xishuangbanna	AL_Shangrila	657349	657448	17.4900
SRR23343493	Apis dorsata	China: Yunnan, Xishuangbanna	AL_Shangrila	657449	657548	15.9200
SRR23343493	Apis dorsata	China: Yunnan, Xishuangbanna	AL_Shangrila	657549	657648	18.3900
SRR23343493	Apis dorsata	China: Yunnan, Xishuangbanna	AL_Shangrila	657649	657748	15.8500
SRR23343493	Apis dorsata	China: Yunnan, Xishuangbanna	AL_Shangrila	657749	657848	15.1600
SRR23343493	Apis dorsata	China: Yunnan, Xishuangbanna	AL_Shangrila	657849	657948	16.3500
SRR23343493	Apis dorsata	China: Yunnan, Xishuangbanna	AL_Shangrila	657949	658048	16.5900
SRR23343493	Apis dorsata	China: Yunnan, Xishuangbanna	AL_Shangrila	658049	658148	20.8100
SRR23343493	Apis dorsata	China: Yunnan, Xishuangbanna	AL_Shangrila	658149	658248	19.5500
SRR23343493	Apis dorsata	China: Yunnan, Xishuangbanna	AL_Shangrila	658249	658348	22.9000
SRR23343493	Apis dorsata	China: Yunnan, Xishuangbanna	AL_Shangrila	658349	658448	17.9100
SRR23343493	Apis dorsata	China: Yunnan, Xishuangbanna	AL_Shangrila	658449	658548	19.5400
SRR23343493	Apis dorsata	China: Yunnan, Xishuangbanna	AL_Shangrila	658549	658648	24.4400
SRR23343493	Apis dorsata	China: Yunnan, Xishuangbanna	AL_Shangrila	658649	658748	17.0400
SRR23343493	Apis dorsata	China: Yunnan, Xishuangbanna	AL_Shangrila	658749	658836	22.9318
SRR23343494	Apis dorsata	China: Yunnan, Xishuangbanna	AL_Shangrila	650749	650848	29.5500
SRR23343494	Apis dorsata	China: Yunnan, Xishuangbanna	AL_Shangrila	650849	650948	26.9800
SRR23343494	Apis dorsata	China: Yunnan, Xishuangbanna	AL_Shangrila	650949	651048	36.9000
SRR23343494	Apis dorsata	China: Yunnan, Xishuangbanna	AL_Shangrila	651049	651148	29.9900
SRR23343494	Apis dorsata	China: Yunnan, Xishuangbanna	AL_Shangrila	651149	651248	22.2800
SRR23343494	Apis dorsata	China: Yunnan, Xishuangbanna	AL_Shangrila	651249	651348	30.3000
SRR23343494	Apis dorsata	China: Yunnan, Xishuangbanna	AL_Shangrila	651349	651448	29.7300
SRR23343494	Apis dorsata	China: Yunnan, Xishuangbanna	AL_Shangrila	651449	651548	30.9100
SRR23343494	Apis dorsata	China: Yunnan, Xishuangbanna	AL_Shangrila	651549	651648	30.6600
SRR23343494	Apis dorsata	China: Yunnan, Xishuangbanna	AL_Shangrila	651649	651748	26.4100
SRR23343494	Apis dorsata	China: Yunnan, Xishuangbanna	AL_Shangrila	651749	651848	31.8500
SRR23343494	Apis dorsata	China: Yunnan, Xishuangbanna	AL_Shangrila	651849	651948	31.0300
SRR23343494	Apis dorsata	China: Yunnan, Xishuangbanna	AL_Shangrila	651949	652048	29.6200
SRR23343494	Apis dorsata	China: Yunnan, Xishuangbanna	AL_Shangrila	652049	652148	40.7000
SRR23343494	Apis dorsata	China: Yunnan, Xishuangbanna	AL_Shangrila	652149	652248	41.5800
SRR23343494	Apis dorsata	China: Yunnan, Xishuangbanna	AL_Shangrila	652249	652348	41.2300
SRR23343494	Apis dorsata	China: Yunnan, Xishuangbanna	AL_Shangrila	652349	652448	36.0500
SRR23343494	Apis dorsata	China: Yunnan, Xishuangbanna	AL_Shangrila	652449	652548	43.0200
SRR23343494	Apis dorsata	China: Yunnan, Xishuangbanna	AL_Shangrila	652549	652648	32.6600
SRR23343494	Apis dorsata	China: Yunnan, Xishuangbanna	AL_Shangrila	652649	652748	32.2400
SRR23343494	Apis dorsata	China: Yunnan, Xishuangbanna	AL_Shangrila	652749	652848	32.1300
SRR23343494	Apis dorsata	China: Yunnan, Xishuangbanna	AL_Shangrila	652849	652948	35.1400
SRR23343494	Apis dorsata	China: Yunnan, Xishuangbanna	AL_Shangrila	652949	653048	42.7800
SRR23343494	Apis dorsata	China: Yunnan, Xishuangbanna	AL_Shangrila	653049	653148	35.2100
SRR23343494	Apis dorsata	China: Yunnan, Xishuangbanna	AL_Shangrila	653149	653248	33.4900
SRR23343494	Apis dorsata	China: Yunnan, Xishuangbanna	AL_Shangrila	653249	653348	31.8500
SRR23343494	Apis dorsata	China: Yunnan, Xishuangbanna	AL_Shangrila	653349	653448	31.2500
SRR23343494	Apis dorsata	China: Yunnan, Xishuangbanna	AL_Shangrila	653449	653548	36.2600
SRR23343494	Apis dorsata	China: Yunnan, Xishuangbanna	AL_Shangrila	653549	653648	35.0000
SRR23343494	Apis dorsata	China: Yunnan, Xishuangbanna	AL_Shangrila	653649	653748	34.9500
SRR23343494	Apis dorsata	China: Yunnan, Xishuangbanna	AL_Shangrila	653749	653848	39.0600
SRR23343494	Apis dorsata	China: Yunnan, Xishuangbanna	AL_Shangrila	653849	653948	46.9500
SRR23343494	Apis dorsata	China: Yunnan, Xishuangbanna	AL_Shangrila	653949	654048	24.4700
SRR23343494	Apis dorsata	China: Yunnan, Xishuangbanna	AL_Shangrila	654049	654148	29.9200
SRR23343494	Apis dorsata	China: Yunnan, Xishuangbanna	AL_Shangrila	654149	654248	30.0100
SRR23343494	Apis dorsata	China: Yunnan, Xishuangbanna	AL_Shangrila	654249	654348	25.5400
SRR23343494	Apis dorsata	China: Yunnan, Xishuangbanna	AL_Shangrila	654349	654448	33.2700
SRR23343494	Apis dorsata	China: Yunnan, Xishuangbanna	AL_Shangrila	654449	654548	30.3600
SRR23343494	Apis dorsata	China: Yunnan, Xishuangbanna	AL_Shangrila	654549	654648	25.4800
SRR23343494	Apis dorsata	China: Yunnan, Xishuangbanna	AL_Shangrila	654649	654748	27.7500
SRR23343494	Apis dorsata	China: Yunnan, Xishuangbanna	AL_Shangrila	654749	654848	30.5500
SRR23343494	Apis dorsata	China: Yunnan, Xishuangbanna	AL_Shangrila	654849	654948	18.9400
SRR23343494	Apis dorsata	China: Yunnan, Xishuangbanna	AL_Shangrila	654949	655048	27.5400
SRR23343494	Apis dorsata	China: Yunnan, Xishuangbanna	AL_Shangrila	655049	655148	33.8900
SRR23343494	Apis dorsata	China: Yunnan, Xishuangbanna	AL_Shangrila	655149	655248	31.7900
SRR23343494	Apis dorsata	China: Yunnan, Xishuangbanna	AL_Shangrila	655249	655348	33.9200
SRR23343494	Apis dorsata	China: Yunnan, Xishuangbanna	AL_Shangrila	655349	655448	34.0500
SRR23343494	Apis dorsata	China: Yunnan, Xishuangbanna	AL_Shangrila	655449	655548	31.9600
SRR23343494	Apis dorsata	China: Yunnan, Xishuangbanna	AL_Shangrila	655549	655648	27.9400
SRR23343494	Apis dorsata	China: Yunnan, Xishuangbanna	AL_Shangrila	655649	655748	16.0800
SRR23343494	Apis dorsata	China: Yunnan, Xishuangbanna	AL_Shangrila	655749	655848	27.9700
SRR23343494	Apis dorsata	China: Yunnan, Xishuangbanna	AL_Shangrila	655849	655948	32.8500
SRR23343494	Apis dorsata	China: Yunnan, Xishuangbanna	AL_Shangrila	655949	656048	26.1000
SRR23343494	Apis dorsata	China: Yunnan, Xishuangbanna	AL_Shangrila	656049	656148	31.0600
SRR23343494	Apis dorsata	China: Yunnan, Xishuangbanna	AL_Shangrila	656149	656248	26.1700
SRR23343494	Apis dorsata	China: Yunnan, Xishuangbanna	AL_Shangrila	656249	656348	25.3900
SRR23343494	Apis dorsata	China: Yunnan, Xishuangbanna	AL_Shangrila	656349	656448	21.1400
SRR23343494	Apis dorsata	China: Yunnan, Xishuangbanna	AL_Shangrila	656449	656548	17.1900
SRR23343494	Apis dorsata	China: Yunnan, Xishuangbanna	AL_Shangrila	656549	656648	22.9200
SRR23343494	Apis dorsata	China: Yunnan, Xishuangbanna	AL_Shangrila	656649	656748	22.1500
SRR23343494	Apis dorsata	China: Yunnan, Xishuangbanna	AL_Shangrila	656749	656848	23.3400
SRR23343494	Apis dorsata	China: Yunnan, Xishuangbanna	AL_Shangrila	656849	656948	29.6600
SRR23343494	Apis dorsata	China: Yunnan, Xishuangbanna	AL_Shangrila	656949	657048	20.7800
SRR23343494	Apis dorsata	China: Yunnan, Xishuangbanna	AL_Shangrila	657049	657148	23.3500
SRR23343494	Apis dorsata	China: Yunnan, Xishuangbanna	AL_Shangrila	657149	657248	20.1600
SRR23343494	Apis dorsata	China: Yunnan, Xishuangbanna	AL_Shangrila	657249	657348	11.3700
SRR23343494	Apis dorsata	China: Yunnan, Xishuangbanna	AL_Shangrila	657349	657448	13.1400
SRR23343494	Apis dorsata	China: Yunnan, Xishuangbanna	AL_Shangrila	657449	657548	21.9600
SRR23343494	Apis dorsata	China: Yunnan, Xishuangbanna	AL_Shangrila	657549	657648	16.3500
SRR23343494	Apis dorsata	China: Yunnan, Xishuangbanna	AL_Shangrila	657649	657748	16.6900
SRR23343494	Apis dorsata	China: Yunnan, Xishuangbanna	AL_Shangrila	657749	657848	20.2500
SRR23343494	Apis dorsata	China: Yunnan, Xishuangbanna	AL_Shangrila	657849	657948	9.0400
SRR23343494	Apis dorsata	China: Yunnan, Xishuangbanna	AL_Shangrila	657949	658048	3.6200
SRR23343494	Apis dorsata	China: Yunnan, Xishuangbanna	AL_Shangrila	658049	658148	1.3300
SRR23343494	Apis dorsata	China: Yunnan, Xishuangbanna	AL_Shangrila	658149	658248	7.1500
SRR23343494	Apis dorsata	China: Yunnan, Xishuangbanna	AL_Shangrila	658249	658348	13.4900
SRR23343494	Apis dorsata	China: Yunnan, Xishuangbanna	AL_Shangrila	658349	658448	21.7200
SRR23343494	Apis dorsata	China: Yunnan, Xishuangbanna	AL_Shangrila	658449	658548	22.8900
SRR23343494	Apis dorsata	China: Yunnan, Xishuangbanna	AL_Shangrila	658549	658648	28.3100
SRR23343494	Apis dorsata	China: Yunnan, Xishuangbanna	AL_Shangrila	658649	658748	26.8800
SRR23343494	Apis dorsata	China: Yunnan, Xishuangbanna	AL_Shangrila	658749	658836	26.9886
SRR23343438	Apis dorsata	China: Yunnan, Puer	AD_Malaysia	656224	656323	61.2500
SRR23343438	Apis dorsata	China: Yunnan, Puer	AD_Malaysia	656324	656423	57.9700
SRR23343438	Apis dorsata	China: Yunnan, Puer	AD_Malaysia	656424	656523	46.9200
SRR23343438	Apis dorsata	China: Yunnan, Puer	AD_Malaysia	656524	656623	54.4100
SRR23343438	Apis dorsata	China: Yunnan, Puer	AD_Malaysia	656624	656723	52.3900
SRR23343438	Apis dorsata	China: Yunnan, Puer	AD_Malaysia	656724	656823	51.0400
SRR23343438	Apis dorsata	China: Yunnan, Puer	AD_Malaysia	656824	656923	51.7500
SRR23343438	Apis dorsata	China: Yunnan, Puer	AD_Malaysia	656924	657023	48.9900
SRR23343438	Apis dorsata	China: Yunnan, Puer	AD_Malaysia	657024	657123	49.8200
SRR23343438	Apis dorsata	China: Yunnan, Puer	AD_Malaysia	657124	657223	46.1300
SRR23343438	Apis dorsata	China: Yunnan, Puer	AD_Malaysia	657224	657323	44.6500
SRR23343438	Apis dorsata	China: Yunnan, Puer	AD_Malaysia	657324	657423	51.7900
SRR23343438	Apis dorsata	China: Yunnan, Puer	AD_Malaysia	657424	657523	55.0500
SRR23343438	Apis dorsata	China: Yunnan, Puer	AD_Malaysia	657524	657623	46.8500
SRR23343438	Apis dorsata	China: Yunnan, Puer	AD_Malaysia	657624	657723	56.6700
SRR23343438	Apis dorsata	China: Yunnan, Puer	AD_Malaysia	657724	657823	55.2700
SRR23343438	Apis dorsata	China: Yunnan, Puer	AD_Malaysia	657824	657923	42.3600
SRR23343438	Apis dorsata	China: Yunnan, Puer	AD_Malaysia	657924	658023	50.6800
SRR23343438	Apis dorsata	China: Yunnan, Puer	AD_Malaysia	658024	658123	49.0800
SRR23343438	Apis dorsata	China: Yunnan, Puer	AD_Malaysia	658124	658223	40.9000
SRR23343438	Apis dorsata	China: Yunnan, Puer	AD_Malaysia	658224	658323	47.6100
SRR23343438	Apis dorsata	China: Yunnan, Puer	AD_Malaysia	658324	658423	53.5400
SRR23343438	Apis dorsata	China: Yunnan, Puer	AD_Malaysia	658424	658523	46.2000
SRR23343438	Apis dorsata	China: Yunnan, Puer	AD_Malaysia	658524	658623	41.5200
SRR23343438	Apis dorsata	China: Yunnan, Puer	AD_Malaysia	658624	658723	40.7400
SRR23343438	Apis dorsata	China: Yunnan, Puer	AD_Malaysia	658724	658823	40.1700
SRR23343438	Apis dorsata	China: Yunnan, Puer	AD_Malaysia	658824	658923	40.8500
SRR23343438	Apis dorsata	China: Yunnan, Puer	AD_Malaysia	658924	659023	46.0400
SRR23343438	Apis dorsata	China: Yunnan, Puer	AD_Malaysia	659024	659123	58.6500
SRR23343438	Apis dorsata	China: Yunnan, Puer	AD_Malaysia	659124	659223	54.1900
SRR23343438	Apis dorsata	China: Yunnan, Puer	AD_Malaysia	659224	659323	47.2800
SRR23343438	Apis dorsata	China: Yunnan, Puer	AD_Malaysia	659324	659423	58.0200
SRR23343438	Apis dorsata	China: Yunnan, Puer	AD_Malaysia	659424	659523	62.6500
SRR23343438	Apis dorsata	China: Yunnan, Puer	AD_Malaysia	659524	659623	45.3000
SRR23343438	Apis dorsata	China: Yunnan, Puer	AD_Malaysia	659624	659723	52.6600
SRR23343438	Apis dorsata	China: Yunnan, Puer	AD_Malaysia	659724	659823	53.3100
SRR23343438	Apis dorsata	China: Yunnan, Puer	AD_Malaysia	659824	659923	52.6300
SRR23343438	Apis dorsata	China: Yunnan, Puer	AD_Malaysia	659924	660023	51.1500
SRR23343438	Apis dorsata	China: Yunnan, Puer	AD_Malaysia	660024	660123	42.9000
SRR23343438	Apis dorsata	China: Yunnan, Puer	AD_Malaysia	660124	660223	41.9500
SRR23343438	Apis dorsata	China: Yunnan, Puer	AD_Malaysia	660224	660323	45.7800
SRR23343438	Apis dorsata	China: Yunnan, Puer	AD_Malaysia	660324	660423	49.5500
SRR23343438	Apis dorsata	China: Yunnan, Puer	AD_Malaysia	660424	660523	53.4700
SRR23343438	Apis dorsata	China: Yunnan, Puer	AD_Malaysia	660524	660623	51.2000
SRR23343438	Apis dorsata	China: Yunnan, Puer	AD_Malaysia	660624	660723	50.9300
SRR23343438	Apis dorsata	China: Yunnan, Puer	AD_Malaysia	660724	660823	45.2400
SRR23343438	Apis dorsata	China: Yunnan, Puer	AD_Malaysia	660824	660923	49.0500
SRR23343438	Apis dorsata	China: Yunnan, Puer	AD_Malaysia	660924	661023	51.9800
SRR23343438	Apis dorsata	China: Yunnan, Puer	AD_Malaysia	661024	661123	47.8900
SRR23343438	Apis dorsata	China: Yunnan, Puer	AD_Malaysia	661124	661223	43.9300
SRR23343438	Apis dorsata	China: Yunnan, Puer	AD_Malaysia	661224	661323	47.0300
SRR23343438	Apis dorsata	China: Yunnan, Puer	AD_Malaysia	661324	661423	51.7200
SRR23343438	Apis dorsata	China: Yunnan, Puer	AD_Malaysia	661424	661523	47.6700
SRR23343438	Apis dorsata	China: Yunnan, Puer	AD_Malaysia	661524	661623	50.3100
SRR23343438	Apis dorsata	China: Yunnan, Puer	AD_Malaysia	661624	661723	49.4800
SRR23343438	Apis dorsata	China: Yunnan, Puer	AD_Malaysia	661724	661823	43.7500
SRR23343438	Apis dorsata	China: Yunnan, Puer	AD_Malaysia	661824	661923	52.4600
SRR23343438	Apis dorsata	China: Yunnan, Puer	AD_Malaysia	661924	662023	50.9700
SRR23343438	Apis dorsata	China: Yunnan, Puer	AD_Malaysia	662024	662123	50.7800
SRR23343438	Apis dorsata	China: Yunnan, Puer	AD_Malaysia	662124	662223	62.9600
SRR23343438	Apis dorsata	China: Yunnan, Puer	AD_Malaysia	662224	662323	53.3300
SRR23343438	Apis dorsata	China: Yunnan, Puer	AD_Malaysia	662324	662423	52.7300
SRR23343438	Apis dorsata	China: Yunnan, Puer	AD_Malaysia	662424	662523	51.4900
SRR23343438	Apis dorsata	China: Yunnan, Puer	AD_Malaysia	662524	662623	44.1500
SRR23343438	Apis dorsata	China: Yunnan, Puer	AD_Malaysia	662624	662723	33.5100
SRR23343438	Apis dorsata	China: Yunnan, Puer	AD_Malaysia	662724	662823	26.2500
SRR23343438	Apis dorsata	China: Yunnan, Puer	AD_Malaysia	662824	662923	40.5000
SRR23343438	Apis dorsata	China: Yunnan, Puer	AD_Malaysia	662924	663023	38.8400
SRR23343438	Apis dorsata	China: Yunnan, Puer	AD_Malaysia	663024	663123	36.0600
SRR23343438	Apis dorsata	China: Yunnan, Puer	AD_Malaysia	663124	663223	46.0200
SRR23343438	Apis dorsata	China: Yunnan, Puer	AD_Malaysia	663224	663323	35.8400
SRR23343438	Apis dorsata	China: Yunnan, Puer	AD_Malaysia	663324	663423	18.1300
SRR23343438	Apis dorsata	China: Yunnan, Puer	AD_Malaysia	663424	663523	16.4100
SRR23343438	Apis dorsata	China: Yunnan, Puer	AD_Malaysia	663524	663623	24.1500
SRR23343438	Apis dorsata	China: Yunnan, Puer	AD_Malaysia	663624	663723	22.1500
SRR23343438	Apis dorsata	China: Yunnan, Puer	AD_Malaysia	663724	663823	24.8800
SRR23343438	Apis dorsata	China: Yunnan, Puer	AD_Malaysia	663824	663923	39.4500
SRR23343438	Apis dorsata	China: Yunnan, Puer	AD_Malaysia	663924	664023	44.2100
SRR23343438	Apis dorsata	China: Yunnan, Puer	AD_Malaysia	664024	664123	37.8200
SRR23343438	Apis dorsata	China: Yunnan, Puer	AD_Malaysia	664124	664223	35.4200
SRR23343438	Apis dorsata	China: Yunnan, Puer	AD_Malaysia	664224	664261	44.7895
SRR23343439	Apis dorsata	China: Yunnan, Puer	AD_Malaysia	656224	656323	31.8300
SRR23343439	Apis dorsata	China: Yunnan, Puer	AD_Malaysia	656324	656423	31.3800
SRR23343439	Apis dorsata	China: Yunnan, Puer	AD_Malaysia	656424	656523	30.8700
SRR23343439	Apis dorsata	China: Yunnan, Puer	AD_Malaysia	656524	656623	36.7600
SRR23343439	Apis dorsata	China: Yunnan, Puer	AD_Malaysia	656624	656723	36.5400
SRR23343439	Apis dorsata	China: Yunnan, Puer	AD_Malaysia	656724	656823	31.3000
SRR23343439	Apis dorsata	China: Yunnan, Puer	AD_Malaysia	656824	656923	23.8000
SRR23343439	Apis dorsata	China: Yunnan, Puer	AD_Malaysia	656924	657023	29.1000
SRR23343439	Apis dorsata	China: Yunnan, Puer	AD_Malaysia	657024	657123	34.0200
SRR23343439	Apis dorsata	China: Yunnan, Puer	AD_Malaysia	657124	657223	30.7600
SRR23343439	Apis dorsata	China: Yunnan, Puer	AD_Malaysia	657224	657323	27.9600
SRR23343439	Apis dorsata	China: Yunnan, Puer	AD_Malaysia	657324	657423	28.8800
SRR23343439	Apis dorsata	China: Yunnan, Puer	AD_Malaysia	657424	657523	35.5500
SRR23343439	Apis dorsata	China: Yunnan, Puer	AD_Malaysia	657524	657623	34.7300
SRR23343439	Apis dorsata	China: Yunnan, Puer	AD_Malaysia	657624	657723	33.9000
SRR23343439	Apis dorsata	China: Yunnan, Puer	AD_Malaysia	657724	657823	31.9900
SRR23343439	Apis dorsata	China: Yunnan, Puer	AD_Malaysia	657824	657923	41.2900
SRR23343439	Apis dorsata	China: Yunnan, Puer	AD_Malaysia	657924	658023	43.8500
SRR23343439	Apis dorsata	China: Yunnan, Puer	AD_Malaysia	658024	658123	46.4200
SRR23343439	Apis dorsata	China: Yunnan, Puer	AD_Malaysia	658124	658223	40.5900
SRR23343439	Apis dorsata	China: Yunnan, Puer	AD_Malaysia	658224	658323	44.5800
SRR23343439	Apis dorsata	China: Yunnan, Puer	AD_Malaysia	658324	658423	40.7400
SRR23343439	Apis dorsata	China: Yunnan, Puer	AD_Malaysia	658424	658523	41.6900
SRR23343439	Apis dorsata	China: Yunnan, Puer	AD_Malaysia	658524	658623	45.1000
SRR23343439	Apis dorsata	China: Yunnan, Puer	AD_Malaysia	658624	658723	35.9200
SRR23343439	Apis dorsata	China: Yunnan, Puer	AD_Malaysia	658724	658823	35.2100
SRR23343439	Apis dorsata	China: Yunnan, Puer	AD_Malaysia	658824	658923	37.2300
SRR23343439	Apis dorsata	China: Yunnan, Puer	AD_Malaysia	658924	659023	33.8600
SRR23343439	Apis dorsata	China: Yunnan, Puer	AD_Malaysia	659024	659123	36.1400
SRR23343439	Apis dorsata	China: Yunnan, Puer	AD_Malaysia	659124	659223	32.4400
SRR23343439	Apis dorsata	China: Yunnan, Puer	AD_Malaysia	659224	659323	35.3800
SRR23343439	Apis dorsata	China: Yunnan, Puer	AD_Malaysia	659324	659423	38.9000
SRR23343439	Apis dorsata	China: Yunnan, Puer	AD_Malaysia	659424	659523	33.4500
SRR23343439	Apis dorsata	China: Yunnan, Puer	AD_Malaysia	659524	659623	32.3700
SRR23343439	Apis dorsata	China: Yunnan, Puer	AD_Malaysia	659624	659723	41.7600
SRR23343439	Apis dorsata	China: Yunnan, Puer	AD_Malaysia	659724	659823	37.1800
SRR23343439	Apis dorsata	China: Yunnan, Puer	AD_Malaysia	659824	659923	35.7200
SRR23343439	Apis dorsata	China: Yunnan, Puer	AD_Malaysia	659924	660023	33.9100
SRR23343439	Apis dorsata	China: Yunnan, Puer	AD_Malaysia	660024	660123	25.3600
SRR23343439	Apis dorsata	China: Yunnan, Puer	AD_Malaysia	660124	660223	31.9300
SRR23343439	Apis dorsata	China: Yunnan, Puer	AD_Malaysia	660224	660323	31.3100
SRR23343439	Apis dorsata	China: Yunnan, Puer	AD_Malaysia	660324	660423	40.2600
SRR23343439	Apis dorsata	China: Yunnan, Puer	AD_Malaysia	660424	660523	37.7400
SRR23343439	Apis dorsata	China: Yunnan, Puer	AD_Malaysia	660524	660623	37.9800
SRR23343439	Apis dorsata	China: Yunnan, Puer	AD_Malaysia	660624	660723	32.5200
SRR23343439	Apis dorsata	China: Yunnan, Puer	AD_Malaysia	660724	660823	27.7000
SRR23343439	Apis dorsata	China: Yunnan, Puer	AD_Malaysia	660824	660923	26.2800
SRR23343439	Apis dorsata	China: Yunnan, Puer	AD_Malaysia	660924	661023	25.0900
SRR23343439	Apis dorsata	China: Yunnan, Puer	AD_Malaysia	661024	661123	23.8700
SRR23343439	Apis dorsata	China: Yunnan, Puer	AD_Malaysia	661124	661223	25.3400
SRR23343439	Apis dorsata	China: Yunnan, Puer	AD_Malaysia	661224	661323	23.7900
SRR23343439	Apis dorsata	China: Yunnan, Puer	AD_Malaysia	661324	661423	30.4100
SRR23343439	Apis dorsata	China: Yunnan, Puer	AD_Malaysia	661424	661523	30.7800
SRR23343439	Apis dorsata	China: Yunnan, Puer	AD_Malaysia	661524	661623	27.4600
SRR23343439	Apis dorsata	China: Yunnan, Puer	AD_Malaysia	661624	661723	29.3000
SRR23343439	Apis dorsata	China: Yunnan, Puer	AD_Malaysia	661724	661823	33.4000
SRR23343439	Apis dorsata	China: Yunnan, Puer	AD_Malaysia	661824	661923	34.6500
SRR23343439	Apis dorsata	China: Yunnan, Puer	AD_Malaysia	661924	662023	34.0600
SRR23343439	Apis dorsata	China: Yunnan, Puer	AD_Malaysia	662024	662123	35.0000
SRR23343439	Apis dorsata	China: Yunnan, Puer	AD_Malaysia	662124	662223	36.2200
SRR23343439	Apis dorsata	China: Yunnan, Puer	AD_Malaysia	662224	662323	30.2900
SRR23343439	Apis dorsata	China: Yunnan, Puer	AD_Malaysia	662324	662423	26.9100
SRR23343439	Apis dorsata	China: Yunnan, Puer	AD_Malaysia	662424	662523	34.0800
SRR23343439	Apis dorsata	China: Yunnan, Puer	AD_Malaysia	662524	662623	28.3800
SRR23343439	Apis dorsata	China: Yunnan, Puer	AD_Malaysia	662624	662723	26.4300
SRR23343439	Apis dorsata	China: Yunnan, Puer	AD_Malaysia	662724	662823	25.3500
SRR23343439	Apis dorsata	China: Yunnan, Puer	AD_Malaysia	662824	662923	29.0200
SRR23343439	Apis dorsata	China: Yunnan, Puer	AD_Malaysia	662924	663023	27.4200
SRR23343439	Apis dorsata	China: Yunnan, Puer	AD_Malaysia	663024	663123	33.3800
SRR23343439	Apis dorsata	China: Yunnan, Puer	AD_Malaysia	663124	663223	41.5500
SRR23343439	Apis dorsata	China: Yunnan, Puer	AD_Malaysia	663224	663323	28.1700
SRR23343439	Apis dorsata	China: Yunnan, Puer	AD_Malaysia	663324	663423	21.7300
SRR23343439	Apis dorsata	China: Yunnan, Puer	AD_Malaysia	663424	663523	10.6800
SRR23343439	Apis dorsata	China: Yunnan, Puer	AD_Malaysia	663524	663623	12.4300
SRR23343439	Apis dorsata	China: Yunnan, Puer	AD_Malaysia	663624	663723	12.5600
SRR23343439	Apis dorsata	China: Yunnan, Puer	AD_Malaysia	663724	663823	19.9400
SRR23343439	Apis dorsata	China: Yunnan, Puer	AD_Malaysia	663824	663923	18.5600
SRR23343439	Apis dorsata	China: Yunnan, Puer	AD_Malaysia	663924	664023	19.9200
SRR23343439	Apis dorsata	China: Yunnan, Puer	AD_Malaysia	664024	664123	25.1900
SRR23343439	Apis dorsata	China: Yunnan, Puer	AD_Malaysia	664124	664223	32.7200
SRR23343439	Apis dorsata	China: Yunnan, Puer	AD_Malaysia	664224	664261	31.6842
SRR23343440	Apis dorsata	China: Yunnan, Puer	AD_Malaysia	656224	656323	24.6500
SRR23343440	Apis dorsata	China: Yunnan, Puer	AD_Malaysia	656324	656423	32.9300
SRR23343440	Apis dorsata	China: Yunnan, Puer	AD_Malaysia	656424	656523	31.6800
SRR23343440	Apis dorsata	China: Yunnan, Puer	AD_Malaysia	656524	656623	28.8600
SRR23343440	Apis dorsata	China: Yunnan, Puer	AD_Malaysia	656624	656723	34.3800
SRR23343440	Apis dorsata	China: Yunnan, Puer	AD_Malaysia	656724	656823	40.5200
SRR23343440	Apis dorsata	China: Yunnan, Puer	AD_Malaysia	656824	656923	36.4800
SRR23343440	Apis dorsata	China: Yunnan, Puer	AD_Malaysia	656924	657023	41.1600
SRR23343440	Apis dorsata	China: Yunnan, Puer	AD_Malaysia	657024	657123	47.4700
SRR23343440	Apis dorsata	China: Yunnan, Puer	AD_Malaysia	657124	657223	37.4100
SRR23343440	Apis dorsata	China: Yunnan, Puer	AD_Malaysia	657224	657323	32.2100
SRR23343440	Apis dorsata	China: Yunnan, Puer	AD_Malaysia	657324	657423	36.4800
SRR23343440	Apis dorsata	China: Yunnan, Puer	AD_Malaysia	657424	657523	40.3300
SRR23343440	Apis dorsata	China: Yunnan, Puer	AD_Malaysia	657524	657623	38.0700
SRR23343440	Apis dorsata	China: Yunnan, Puer	AD_Malaysia	657624	657723	39.8000
SRR23343440	Apis dorsata	China: Yunnan, Puer	AD_Malaysia	657724	657823	45.8700
SRR23343440	Apis dorsata	China: Yunnan, Puer	AD_Malaysia	657824	657923	44.9400
SRR23343440	Apis dorsata	China: Yunnan, Puer	AD_Malaysia	657924	658023	41.4400
SRR23343440	Apis dorsata	China: Yunnan, Puer	AD_Malaysia	658024	658123	47.6100
SRR23343440	Apis dorsata	China: Yunnan, Puer	AD_Malaysia	658124	658223	41.1000
SRR23343440	Apis dorsata	China: Yunnan, Puer	AD_Malaysia	658224	658323	34.7000
SRR23343440	Apis dorsata	China: Yunnan, Puer	AD_Malaysia	658324	658423	39.3300
SRR23343440	Apis dorsata	China: Yunnan, Puer	AD_Malaysia	658424	658523	37.7900
SRR23343440	Apis dorsata	China: Yunnan, Puer	AD_Malaysia	658524	658623	41.5400
SRR23343440	Apis dorsata	China: Yunnan, Puer	AD_Malaysia	658624	658723	36.3000
SRR23343440	Apis dorsata	China: Yunnan, Puer	AD_Malaysia	658724	658823	42.0300
SRR23343440	Apis dorsata	China: Yunnan, Puer	AD_Malaysia	658824	658923	39.6800
SRR23343440	Apis dorsata	China: Yunnan, Puer	AD_Malaysia	658924	659023	30.4800
SRR23343440	Apis dorsata	China: Yunnan, Puer	AD_Malaysia	659024	659123	31.3200
SRR23343440	Apis dorsata	China: Yunnan, Puer	AD_Malaysia	659124	659223	44.1900
SRR23343440	Apis dorsata	China: Yunnan, Puer	AD_Malaysia	659224	659323	40.0400
SRR23343440	Apis dorsata	China: Yunnan, Puer	AD_Malaysia	659324	659423	35.3100
SRR23343440	Apis dorsata	China: Yunnan, Puer	AD_Malaysia	659424	659523	33.4000
SRR23343440	Apis dorsata	China: Yunnan, Puer	AD_Malaysia	659524	659623	27.6400
SRR23343440	Apis dorsata	China: Yunnan, Puer	AD_Malaysia	659624	659723	27.2700
SRR23343440	Apis dorsata	China: Yunnan, Puer	AD_Malaysia	659724	659823	19.8100
SRR23343440	Apis dorsata	China: Yunnan, Puer	AD_Malaysia	659824	659923	21.8600
SRR23343440	Apis dorsata	China: Yunnan, Puer	AD_Malaysia	659924	660023	14.6400
SRR23343440	Apis dorsata	China: Yunnan, Puer	AD_Malaysia	660024	660123	2.8300
SRR23343440	Apis dorsata	China: Yunnan, Puer	AD_Malaysia	660124	660223	9.5600
SRR23343440	Apis dorsata	China: Yunnan, Puer	AD_Malaysia	660224	660323	15.4000
SRR23343440	Apis dorsata	China: Yunnan, Puer	AD_Malaysia	660324	660423	25.1300
SRR23343440	Apis dorsata	China: Yunnan, Puer	AD_Malaysia	660424	660523	35.5100
SRR23343440	Apis dorsata	China: Yunnan, Puer	AD_Malaysia	660524	660623	31.9500
SRR23343440	Apis dorsata	China: Yunnan, Puer	AD_Malaysia	660624	660723	30.9700
SRR23343440	Apis dorsata	China: Yunnan, Puer	AD_Malaysia	660724	660823	36.1600
SRR23343440	Apis dorsata	China: Yunnan, Puer	AD_Malaysia	660824	660923	28.7200
SRR23343440	Apis dorsata	China: Yunnan, Puer	AD_Malaysia	660924	661023	33.7600
SRR23343440	Apis dorsata	China: Yunnan, Puer	AD_Malaysia	661024	661123	36.2700
SRR23343440	Apis dorsata	China: Yunnan, Puer	AD_Malaysia	661124	661223	31.4000
SRR23343440	Apis dorsata	China: Yunnan, Puer	AD_Malaysia	661224	661323	34.8400
SRR23343440	Apis dorsata	China: Yunnan, Puer	AD_Malaysia	661324	661423	40.7200
SRR23343440	Apis dorsata	China: Yunnan, Puer	AD_Malaysia	661424	661523	38.4500
SRR23343440	Apis dorsata	China: Yunnan, Puer	AD_Malaysia	661524	661623	37.8100
SRR23343440	Apis dorsata	China: Yunnan, Puer	AD_Malaysia	661624	661723	37.4800
SRR23343440	Apis dorsata	China: Yunnan, Puer	AD_Malaysia	661724	661823	33.6800
SRR23343440	Apis dorsata	China: Yunnan, Puer	AD_Malaysia	661824	661923	35.9600
SRR23343440	Apis dorsata	China: Yunnan, Puer	AD_Malaysia	661924	662023	31.1700
SRR23343440	Apis dorsata	China: Yunnan, Puer	AD_Malaysia	662024	662123	34.4400
SRR23343440	Apis dorsata	China: Yunnan, Puer	AD_Malaysia	662124	662223	35.6500
SRR23343440	Apis dorsata	China: Yunnan, Puer	AD_Malaysia	662224	662323	35.7500
SRR23343440	Apis dorsata	China: Yunnan, Puer	AD_Malaysia	662324	662423	33.7500
SRR23343440	Apis dorsata	China: Yunnan, Puer	AD_Malaysia	662424	662523	29.8000
SRR23343440	Apis dorsata	China: Yunnan, Puer	AD_Malaysia	662524	662623	32.4700
SRR23343440	Apis dorsata	China: Yunnan, Puer	AD_Malaysia	662624	662723	30.2000
SRR23343440	Apis dorsata	China: Yunnan, Puer	AD_Malaysia	662724	662823	19.7100
SRR23343440	Apis dorsata	China: Yunnan, Puer	AD_Malaysia	662824	662923	19.5900
SRR23343440	Apis dorsata	China: Yunnan, Puer	AD_Malaysia	662924	663023	19.0700
SRR23343440	Apis dorsata	China: Yunnan, Puer	AD_Malaysia	663024	663123	19.7400
SRR23343440	Apis dorsata	China: Yunnan, Puer	AD_Malaysia	663124	663223	21.1700
SRR23343440	Apis dorsata	China: Yunnan, Puer	AD_Malaysia	663224	663323	18.6700
SRR23343440	Apis dorsata	China: Yunnan, Puer	AD_Malaysia	663324	663423	12.8600
SRR23343440	Apis dorsata	China: Yunnan, Puer	AD_Malaysia	663424	663523	11.7600
SRR23343440	Apis dorsata	China: Yunnan, Puer	AD_Malaysia	663524	663623	10.2100
SRR23343440	Apis dorsata	China: Yunnan, Puer	AD_Malaysia	663624	663723	17.3300
SRR23343440	Apis dorsata	China: Yunnan, Puer	AD_Malaysia	663724	663823	22.0500
SRR23343440	Apis dorsata	China: Yunnan, Puer	AD_Malaysia	663824	663923	36.0600
SRR23343440	Apis dorsata	China: Yunnan, Puer	AD_Malaysia	663924	664023	38.0300
SRR23343440	Apis dorsata	China: Yunnan, Puer	AD_Malaysia	664024	664123	44.1100
SRR23343440	Apis dorsata	China: Yunnan, Puer	AD_Malaysia	664124	664223	35.0000
SRR23343440	Apis dorsata	China: Yunnan, Puer	AD_Malaysia	664224	664261	39.6842
SRR23343441	Apis dorsata	China: Yunnan, Xishuangbanna	AD_Malaysia	656224	656323	22.5000
SRR23343441	Apis dorsata	China: Yunnan, Xishuangbanna	AD_Malaysia	656324	656423	24.5000
SRR23343441	Apis dorsata	China: Yunnan, Xishuangbanna	AD_Malaysia	656424	656523	27.6500
SRR23343441	Apis dorsata	China: Yunnan, Xishuangbanna	AD_Malaysia	656524	656623	29.0900
SRR23343441	Apis dorsata	China: Yunnan, Xishuangbanna	AD_Malaysia	656624	656723	30.9100
SRR23343441	Apis dorsata	China: Yunnan, Xishuangbanna	AD_Malaysia	656724	656823	28.2400
SRR23343441	Apis dorsata	China: Yunnan, Xishuangbanna	AD_Malaysia	656824	656923	30.7000
SRR23343441	Apis dorsata	China: Yunnan, Xishuangbanna	AD_Malaysia	656924	657023	29.5200
SRR23343441	Apis dorsata	China: Yunnan, Xishuangbanna	AD_Malaysia	657024	657123	28.5500
SRR23343441	Apis dorsata	China: Yunnan, Xishuangbanna	AD_Malaysia	657124	657223	33.2100
SRR23343441	Apis dorsata	China: Yunnan, Xishuangbanna	AD_Malaysia	657224	657323	38.0600
SRR23343441	Apis dorsata	China: Yunnan, Xishuangbanna	AD_Malaysia	657324	657423	37.8400
SRR23343441	Apis dorsata	China: Yunnan, Xishuangbanna	AD_Malaysia	657424	657523	35.2400
SRR23343441	Apis dorsata	China: Yunnan, Xishuangbanna	AD_Malaysia	657524	657623	34.8800
SRR23343441	Apis dorsata	China: Yunnan, Xishuangbanna	AD_Malaysia	657624	657723	41.3100
SRR23343441	Apis dorsata	China: Yunnan, Xishuangbanna	AD_Malaysia	657724	657823	42.3100
SRR23343441	Apis dorsata	China: Yunnan, Xishuangbanna	AD_Malaysia	657824	657923	43.7300
SRR23343441	Apis dorsata	China: Yunnan, Xishuangbanna	AD_Malaysia	657924	658023	34.7900
SRR23343441	Apis dorsata	China: Yunnan, Xishuangbanna	AD_Malaysia	658024	658123	41.7800
SRR23343441	Apis dorsata	China: Yunnan, Xishuangbanna	AD_Malaysia	658124	658223	35.5800
SRR23343441	Apis dorsata	China: Yunnan, Xishuangbanna	AD_Malaysia	658224	658323	34.4000
SRR23343441	Apis dorsata	China: Yunnan, Xishuangbanna	AD_Malaysia	658324	658423	31.0900
SRR23343441	Apis dorsata	China: Yunnan, Xishuangbanna	AD_Malaysia	658424	658523	34.8700
SRR23343441	Apis dorsata	China: Yunnan, Xishuangbanna	AD_Malaysia	658524	658623	29.1300
SRR23343441	Apis dorsata	China: Yunnan, Xishuangbanna	AD_Malaysia	658624	658723	23.1100
SRR23343441	Apis dorsata	China: Yunnan, Xishuangbanna	AD_Malaysia	658724	658823	27.9100
SRR23343441	Apis dorsata	China: Yunnan, Xishuangbanna	AD_Malaysia	658824	658923	33.5900
SRR23343441	Apis dorsata	China: Yunnan, Xishuangbanna	AD_Malaysia	658924	659023	33.8100
SRR23343441	Apis dorsata	China: Yunnan, Xishuangbanna	AD_Malaysia	659024	659123	31.8000
SRR23343441	Apis dorsata	China: Yunnan, Xishuangbanna	AD_Malaysia	659124	659223	32.1700
SRR23343441	Apis dorsata	China: Yunnan, Xishuangbanna	AD_Malaysia	659224	659323	25.3300
SRR23343441	Apis dorsata	China: Yunnan, Xishuangbanna	AD_Malaysia	659324	659423	29.0900
SRR23343441	Apis dorsata	China: Yunnan, Xishuangbanna	AD_Malaysia	659424	659523	31.8100
SRR23343441	Apis dorsata	China: Yunnan, Xishuangbanna	AD_Malaysia	659524	659623	32.3800
SRR23343441	Apis dorsata	China: Yunnan, Xishuangbanna	AD_Malaysia	659624	659723	37.6800
SRR23343441	Apis dorsata	China: Yunnan, Xishuangbanna	AD_Malaysia	659724	659823	32.0500
SRR23343441	Apis dorsata	China: Yunnan, Xishuangbanna	AD_Malaysia	659824	659923	34.7100
SRR23343441	Apis dorsata	China: Yunnan, Xishuangbanna	AD_Malaysia	659924	660023	33.7700
SRR23343441	Apis dorsata	China: Yunnan, Xishuangbanna	AD_Malaysia	660024	660123	24.5100
SRR23343441	Apis dorsata	China: Yunnan, Xishuangbanna	AD_Malaysia	660124	660223	28.1100
SRR23343441	Apis dorsata	China: Yunnan, Xishuangbanna	AD_Malaysia	660224	660323	29.4100
SRR23343441	Apis dorsata	China: Yunnan, Xishuangbanna	AD_Malaysia	660324	660423	27.8600
SRR23343441	Apis dorsata	China: Yunnan, Xishuangbanna	AD_Malaysia	660424	660523	36.5700
SRR23343441	Apis dorsata	China: Yunnan, Xishuangbanna	AD_Malaysia	660524	660623	27.4400
SRR23343441	Apis dorsata	China: Yunnan, Xishuangbanna	AD_Malaysia	660624	660723	35.1700
SRR23343441	Apis dorsata	China: Yunnan, Xishuangbanna	AD_Malaysia	660724	660823	38.4700
SRR23343441	Apis dorsata	China: Yunnan, Xishuangbanna	AD_Malaysia	660824	660923	32.3500
SRR23343441	Apis dorsata	China: Yunnan, Xishuangbanna	AD_Malaysia	660924	661023	20.8000
SRR23343441	Apis dorsata	China: Yunnan, Xishuangbanna	AD_Malaysia	661024	661123	22.2600
SRR23343441	Apis dorsata	China: Yunnan, Xishuangbanna	AD_Malaysia	661124	661223	22.8600
SRR23343441	Apis dorsata	China: Yunnan, Xishuangbanna	AD_Malaysia	661224	661323	24.0800
SRR23343441	Apis dorsata	China: Yunnan, Xishuangbanna	AD_Malaysia	661324	661423	26.8900
SRR23343441	Apis dorsata	China: Yunnan, Xishuangbanna	AD_Malaysia	661424	661523	30.2900
SRR23343441	Apis dorsata	China: Yunnan, Xishuangbanna	AD_Malaysia	661524	661623	30.8100
SRR23343441	Apis dorsata	China: Yunnan, Xishuangbanna	AD_Malaysia	661624	661723	27.9400
SRR23343441	Apis dorsata	China: Yunnan, Xishuangbanna	AD_Malaysia	661724	661823	36.7400
SRR23343441	Apis dorsata	China: Yunnan, Xishuangbanna	AD_Malaysia	661824	661923	34.9700
SRR23343441	Apis dorsata	China: Yunnan, Xishuangbanna	AD_Malaysia	661924	662023	30.8600
SRR23343441	Apis dorsata	China: Yunnan, Xishuangbanna	AD_Malaysia	662024	662123	25.0700
SRR23343441	Apis dorsata	China: Yunnan, Xishuangbanna	AD_Malaysia	662124	662223	22.6000
SRR23343441	Apis dorsata	China: Yunnan, Xishuangbanna	AD_Malaysia	662224	662323	26.3700
SRR23343441	Apis dorsata	China: Yunnan, Xishuangbanna	AD_Malaysia	662324	662423	30.1800
SRR23343441	Apis dorsata	China: Yunnan, Xishuangbanna	AD_Malaysia	662424	662523	34.4500
SRR23343441	Apis dorsata	China: Yunnan, Xishuangbanna	AD_Malaysia	662524	662623	23.6100
SRR23343441	Apis dorsata	China: Yunnan, Xishuangbanna	AD_Malaysia	662624	662723	29.6500
SRR23343441	Apis dorsata	China: Yunnan, Xishuangbanna	AD_Malaysia	662724	662823	33.3300
SRR23343441	Apis dorsata	China: Yunnan, Xishuangbanna	AD_Malaysia	662824	662923	27.4100
SRR23343441	Apis dorsata	China: Yunnan, Xishuangbanna	AD_Malaysia	662924	663023	35.1700
SRR23343441	Apis dorsata	China: Yunnan, Xishuangbanna	AD_Malaysia	663024	663123	26.5100
SRR23343441	Apis dorsata	China: Yunnan, Xishuangbanna	AD_Malaysia	663124	663223	28.3900
SRR23343441	Apis dorsata	China: Yunnan, Xishuangbanna	AD_Malaysia	663224	663323	20.8200
SRR23343441	Apis dorsata	China: Yunnan, Xishuangbanna	AD_Malaysia	663324	663423	12.8800
SRR23343441	Apis dorsata	China: Yunnan, Xishuangbanna	AD_Malaysia	663424	663523	14.7100
SRR23343441	Apis dorsata	China: Yunnan, Xishuangbanna	AD_Malaysia	663524	663623	13.5700
SRR23343441	Apis dorsata	China: Yunnan, Xishuangbanna	AD_Malaysia	663624	663723	9.9600
SRR23343441	Apis dorsata	China: Yunnan, Xishuangbanna	AD_Malaysia	663724	663823	16.2800
SRR23343441	Apis dorsata	China: Yunnan, Xishuangbanna	AD_Malaysia	663824	663923	24.0000
SRR23343441	Apis dorsata	China: Yunnan, Xishuangbanna	AD_Malaysia	663924	664023	25.4700
SRR23343441	Apis dorsata	China: Yunnan, Xishuangbanna	AD_Malaysia	664024	664123	26.0500
SRR23343441	Apis dorsata	China: Yunnan, Xishuangbanna	AD_Malaysia	664124	664223	25.5500
SRR23343441	Apis dorsata	China: Yunnan, Xishuangbanna	AD_Malaysia	664224	664261	22.7368
SRR23343442	Apis laboriosa	China: Tibet, Rikaze	AD_Malaysia	656224	656323	46.1200
SRR23343442	Apis laboriosa	China: Tibet, Rikaze	AD_Malaysia	656324	656423	42.6500
SRR23343442	Apis laboriosa	China: Tibet, Rikaze	AD_Malaysia	656424	656523	37.9100
SRR23343442	Apis laboriosa	China: Tibet, Rikaze	AD_Malaysia	656524	656623	50.2200
SRR23343442	Apis laboriosa	China: Tibet, Rikaze	AD_Malaysia	656624	656723	38.3000
SRR23343442	Apis laboriosa	China: Tibet, Rikaze	AD_Malaysia	656724	656823	42.5500
SRR23343442	Apis laboriosa	China: Tibet, Rikaze	AD_Malaysia	656824	656923	39.4800
SRR23343442	Apis laboriosa	China: Tibet, Rikaze	AD_Malaysia	656924	657023	41.2800
SRR23343442	Apis laboriosa	China: Tibet, Rikaze	AD_Malaysia	657024	657123	50.8800
SRR23343442	Apis laboriosa	China: Tibet, Rikaze	AD_Malaysia	657124	657223	49.6600
SRR23343442	Apis laboriosa	China: Tibet, Rikaze	AD_Malaysia	657224	657323	58.5700
SRR23343442	Apis laboriosa	China: Tibet, Rikaze	AD_Malaysia	657324	657423	60.1900
SRR23343442	Apis laboriosa	China: Tibet, Rikaze	AD_Malaysia	657424	657523	54.0900
SRR23343442	Apis laboriosa	China: Tibet, Rikaze	AD_Malaysia	657524	657623	49.5000
SRR23343442	Apis laboriosa	China: Tibet, Rikaze	AD_Malaysia	657624	657723	57.3900
SRR23343442	Apis laboriosa	China: Tibet, Rikaze	AD_Malaysia	657724	657823	61.8800
SRR23343442	Apis laboriosa	China: Tibet, Rikaze	AD_Malaysia	657824	657923	65.5300
SRR23343442	Apis laboriosa	China: Tibet, Rikaze	AD_Malaysia	657924	658023	61.1600
SRR23343442	Apis laboriosa	China: Tibet, Rikaze	AD_Malaysia	658024	658123	60.5300
SRR23343442	Apis laboriosa	China: Tibet, Rikaze	AD_Malaysia	658124	658223	59.2100
SRR23343442	Apis laboriosa	China: Tibet, Rikaze	AD_Malaysia	658224	658323	64.3500
SRR23343442	Apis laboriosa	China: Tibet, Rikaze	AD_Malaysia	658324	658423	55.9400
SRR23343442	Apis laboriosa	China: Tibet, Rikaze	AD_Malaysia	658424	658523	53.7100
SRR23343442	Apis laboriosa	China: Tibet, Rikaze	AD_Malaysia	658524	658623	51.6400
SRR23343442	Apis laboriosa	China: Tibet, Rikaze	AD_Malaysia	658624	658723	44.5500
SRR23343442	Apis laboriosa	China: Tibet, Rikaze	AD_Malaysia	658724	658823	57.1600
SRR23343442	Apis laboriosa	China: Tibet, Rikaze	AD_Malaysia	658824	658923	50.9600
SRR23343442	Apis laboriosa	China: Tibet, Rikaze	AD_Malaysia	658924	659023	56.7300
SRR23343442	Apis laboriosa	China: Tibet, Rikaze	AD_Malaysia	659024	659123	57.1100
SRR23343442	Apis laboriosa	China: Tibet, Rikaze	AD_Malaysia	659124	659223	54.2700
SRR23343442	Apis laboriosa	China: Tibet, Rikaze	AD_Malaysia	659224	659323	56.2500
SRR23343442	Apis laboriosa	China: Tibet, Rikaze	AD_Malaysia	659324	659423	49.9900
SRR23343442	Apis laboriosa	China: Tibet, Rikaze	AD_Malaysia	659424	659523	45.8200
SRR23343442	Apis laboriosa	China: Tibet, Rikaze	AD_Malaysia	659524	659623	56.5900
SRR23343442	Apis laboriosa	China: Tibet, Rikaze	AD_Malaysia	659624	659723	66.2000
SRR23343442	Apis laboriosa	China: Tibet, Rikaze	AD_Malaysia	659724	659823	51.1100
SRR23343442	Apis laboriosa	China: Tibet, Rikaze	AD_Malaysia	659824	659923	43.7900
SRR23343442	Apis laboriosa	China: Tibet, Rikaze	AD_Malaysia	659924	660023	43.7800
SRR23343442	Apis laboriosa	China: Tibet, Rikaze	AD_Malaysia	660024	660123	38.4200
SRR23343442	Apis laboriosa	China: Tibet, Rikaze	AD_Malaysia	660124	660223	47.8200
SRR23343442	Apis laboriosa	China: Tibet, Rikaze	AD_Malaysia	660224	660323	48.3600
SRR23343442	Apis laboriosa	China: Tibet, Rikaze	AD_Malaysia	660324	660423	46.5000
SRR23343442	Apis laboriosa	China: Tibet, Rikaze	AD_Malaysia	660424	660523	66.0100
SRR23343442	Apis laboriosa	China: Tibet, Rikaze	AD_Malaysia	660524	660623	77.5000
SRR23343442	Apis laboriosa	China: Tibet, Rikaze	AD_Malaysia	660624	660723	72.8600
SRR23343442	Apis laboriosa	China: Tibet, Rikaze	AD_Malaysia	660724	660823	65.2100
SRR23343442	Apis laboriosa	China: Tibet, Rikaze	AD_Malaysia	660824	660923	62.0000
SRR23343442	Apis laboriosa	China: Tibet, Rikaze	AD_Malaysia	660924	661023	59.0400
SRR23343442	Apis laboriosa	China: Tibet, Rikaze	AD_Malaysia	661024	661123	54.5400
SRR23343442	Apis laboriosa	China: Tibet, Rikaze	AD_Malaysia	661124	661223	50.1100
SRR23343442	Apis laboriosa	China: Tibet, Rikaze	AD_Malaysia	661224	661323	55.9400
SRR23343442	Apis laboriosa	China: Tibet, Rikaze	AD_Malaysia	661324	661423	40.3100
SRR23343442	Apis laboriosa	China: Tibet, Rikaze	AD_Malaysia	661424	661523	35.8100
SRR23343442	Apis laboriosa	China: Tibet, Rikaze	AD_Malaysia	661524	661623	36.9400
SRR23343442	Apis laboriosa	China: Tibet, Rikaze	AD_Malaysia	661624	661723	38.1500
SRR23343442	Apis laboriosa	China: Tibet, Rikaze	AD_Malaysia	661724	661823	38.8700
SRR23343442	Apis laboriosa	China: Tibet, Rikaze	AD_Malaysia	661824	661923	43.6600
SRR23343442	Apis laboriosa	China: Tibet, Rikaze	AD_Malaysia	661924	662023	50.3500
SRR23343442	Apis laboriosa	China: Tibet, Rikaze	AD_Malaysia	662024	662123	60.7700
SRR23343442	Apis laboriosa	China: Tibet, Rikaze	AD_Malaysia	662124	662223	65.7900
SRR23343442	Apis laboriosa	China: Tibet, Rikaze	AD_Malaysia	662224	662323	62.8300
SRR23343442	Apis laboriosa	China: Tibet, Rikaze	AD_Malaysia	662324	662423	51.1500
SRR23343442	Apis laboriosa	China: Tibet, Rikaze	AD_Malaysia	662424	662523	51.5600
SRR23343442	Apis laboriosa	China: Tibet, Rikaze	AD_Malaysia	662524	662623	49.8300
SRR23343442	Apis laboriosa	China: Tibet, Rikaze	AD_Malaysia	662624	662723	41.3200
SRR23343442	Apis laboriosa	China: Tibet, Rikaze	AD_Malaysia	662724	662823	29.5500
SRR23343442	Apis laboriosa	China: Tibet, Rikaze	AD_Malaysia	662824	662923	33.7200
SRR23343442	Apis laboriosa	China: Tibet, Rikaze	AD_Malaysia	662924	663023	43.7700
SRR23343442	Apis laboriosa	China: Tibet, Rikaze	AD_Malaysia	663024	663123	45.0200
SRR23343442	Apis laboriosa	China: Tibet, Rikaze	AD_Malaysia	663124	663223	46.5000
SRR23343442	Apis laboriosa	China: Tibet, Rikaze	AD_Malaysia	663224	663323	36.6400
SRR23343442	Apis laboriosa	China: Tibet, Rikaze	AD_Malaysia	663324	663423	36.2400
SRR23343442	Apis laboriosa	China: Tibet, Rikaze	AD_Malaysia	663424	663523	39.1500
SRR23343442	Apis laboriosa	China: Tibet, Rikaze	AD_Malaysia	663524	663623	39.5800
SRR23343442	Apis laboriosa	China: Tibet, Rikaze	AD_Malaysia	663624	663723	41.8000
SRR23343442	Apis laboriosa	China: Tibet, Rikaze	AD_Malaysia	663724	663823	45.5300
SRR23343442	Apis laboriosa	China: Tibet, Rikaze	AD_Malaysia	663824	663923	34.1600
SRR23343442	Apis laboriosa	China: Tibet, Rikaze	AD_Malaysia	663924	664023	38.3400
SRR23343442	Apis laboriosa	China: Tibet, Rikaze	AD_Malaysia	664024	664123	39.1300
SRR23343442	Apis laboriosa	China: Tibet, Rikaze	AD_Malaysia	664124	664223	41.2900
SRR23343442	Apis laboriosa	China: Tibet, Rikaze	AD_Malaysia	664224	664261	37.9737
SRR23343443	Apis laboriosa	China: Tibet, Rikaze	AD_Malaysia	656224	656323	23.7700
SRR23343443	Apis laboriosa	China: Tibet, Rikaze	AD_Malaysia	656324	656423	24.8300
SRR23343443	Apis laboriosa	China: Tibet, Rikaze	AD_Malaysia	656424	656523	21.1400
SRR23343443	Apis laboriosa	China: Tibet, Rikaze	AD_Malaysia	656524	656623	18.1500
SRR23343443	Apis laboriosa	China: Tibet, Rikaze	AD_Malaysia	656624	656723	17.3800
SRR23343443	Apis laboriosa	China: Tibet, Rikaze	AD_Malaysia	656724	656823	15.3900
SRR23343443	Apis laboriosa	China: Tibet, Rikaze	AD_Malaysia	656824	656923	20.6500
SRR23343443	Apis laboriosa	China: Tibet, Rikaze	AD_Malaysia	656924	657023	27.8800
SRR23343443	Apis laboriosa	China: Tibet, Rikaze	AD_Malaysia	657024	657123	28.1500
SRR23343443	Apis laboriosa	China: Tibet, Rikaze	AD_Malaysia	657124	657223	29.6000
SRR23343443	Apis laboriosa	China: Tibet, Rikaze	AD_Malaysia	657224	657323	33.5300
SRR23343443	Apis laboriosa	China: Tibet, Rikaze	AD_Malaysia	657324	657423	30.9500
SRR23343443	Apis laboriosa	China: Tibet, Rikaze	AD_Malaysia	657424	657523	29.2800
SRR23343443	Apis laboriosa	China: Tibet, Rikaze	AD_Malaysia	657524	657623	26.5600
SRR23343443	Apis laboriosa	China: Tibet, Rikaze	AD_Malaysia	657624	657723	32.0400
SRR23343443	Apis laboriosa	China: Tibet, Rikaze	AD_Malaysia	657724	657823	33.4600
SRR23343443	Apis laboriosa	China: Tibet, Rikaze	AD_Malaysia	657824	657923	32.3000
SRR23343443	Apis laboriosa	China: Tibet, Rikaze	AD_Malaysia	657924	658023	27.9100
SRR23343443	Apis laboriosa	China: Tibet, Rikaze	AD_Malaysia	658024	658123	22.2300
SRR23343443	Apis laboriosa	China: Tibet, Rikaze	AD_Malaysia	658124	658223	19.0700
SRR23343443	Apis laboriosa	China: Tibet, Rikaze	AD_Malaysia	658224	658323	23.8300
SRR23343443	Apis laboriosa	China: Tibet, Rikaze	AD_Malaysia	658324	658423	20.6400
SRR23343443	Apis laboriosa	China: Tibet, Rikaze	AD_Malaysia	658424	658523	20.3000
SRR23343443	Apis laboriosa	China: Tibet, Rikaze	AD_Malaysia	658524	658623	24.1800
SRR23343443	Apis laboriosa	China: Tibet, Rikaze	AD_Malaysia	658624	658723	22.4600
SRR23343443	Apis laboriosa	China: Tibet, Rikaze	AD_Malaysia	658724	658823	29.8100
SRR23343443	Apis laboriosa	China: Tibet, Rikaze	AD_Malaysia	658824	658923	26.1400
SRR23343443	Apis laboriosa	China: Tibet, Rikaze	AD_Malaysia	658924	659023	24.0200
SRR23343443	Apis laboriosa	China: Tibet, Rikaze	AD_Malaysia	659024	659123	28.3000
SRR23343443	Apis laboriosa	China: Tibet, Rikaze	AD_Malaysia	659124	659223	32.5300
SRR23343443	Apis laboriosa	China: Tibet, Rikaze	AD_Malaysia	659224	659323	28.9500
SRR23343443	Apis laboriosa	China: Tibet, Rikaze	AD_Malaysia	659324	659423	33.3000
SRR23343443	Apis laboriosa	China: Tibet, Rikaze	AD_Malaysia	659424	659523	25.3600
SRR23343443	Apis laboriosa	China: Tibet, Rikaze	AD_Malaysia	659524	659623	23.2800
SRR23343443	Apis laboriosa	China: Tibet, Rikaze	AD_Malaysia	659624	659723	29.6700
SRR23343443	Apis laboriosa	China: Tibet, Rikaze	AD_Malaysia	659724	659823	19.6700
SRR23343443	Apis laboriosa	China: Tibet, Rikaze	AD_Malaysia	659824	659923	26.0600
SRR23343443	Apis laboriosa	China: Tibet, Rikaze	AD_Malaysia	659924	660023	21.1300
SRR23343443	Apis laboriosa	China: Tibet, Rikaze	AD_Malaysia	660024	660123	16.1600
SRR23343443	Apis laboriosa	China: Tibet, Rikaze	AD_Malaysia	660124	660223	21.0900
SRR23343443	Apis laboriosa	China: Tibet, Rikaze	AD_Malaysia	660224	660323	23.3000
SRR23343443	Apis laboriosa	China: Tibet, Rikaze	AD_Malaysia	660324	660423	23.3500
SRR23343443	Apis laboriosa	China: Tibet, Rikaze	AD_Malaysia	660424	660523	26.0500
SRR23343443	Apis laboriosa	China: Tibet, Rikaze	AD_Malaysia	660524	660623	26.5900
SRR23343443	Apis laboriosa	China: Tibet, Rikaze	AD_Malaysia	660624	660723	28.1600
SRR23343443	Apis laboriosa	China: Tibet, Rikaze	AD_Malaysia	660724	660823	26.4500
SRR23343443	Apis laboriosa	China: Tibet, Rikaze	AD_Malaysia	660824	660923	26.3100
SRR23343443	Apis laboriosa	China: Tibet, Rikaze	AD_Malaysia	660924	661023	26.5700
SRR23343443	Apis laboriosa	China: Tibet, Rikaze	AD_Malaysia	661024	661123	28.5800
SRR23343443	Apis laboriosa	China: Tibet, Rikaze	AD_Malaysia	661124	661223	15.7700
SRR23343443	Apis laboriosa	China: Tibet, Rikaze	AD_Malaysia	661224	661323	19.5600
SRR23343443	Apis laboriosa	China: Tibet, Rikaze	AD_Malaysia	661324	661423	24.9500
SRR23343443	Apis laboriosa	China: Tibet, Rikaze	AD_Malaysia	661424	661523	21.9700
SRR23343443	Apis laboriosa	China: Tibet, Rikaze	AD_Malaysia	661524	661623	25.2500
SRR23343443	Apis laboriosa	China: Tibet, Rikaze	AD_Malaysia	661624	661723	21.0300
SRR23343443	Apis laboriosa	China: Tibet, Rikaze	AD_Malaysia	661724	661823	22.5900
SRR23343443	Apis laboriosa	China: Tibet, Rikaze	AD_Malaysia	661824	661923	21.6700
SRR23343443	Apis laboriosa	China: Tibet, Rikaze	AD_Malaysia	661924	662023	18.1100
SRR23343443	Apis laboriosa	China: Tibet, Rikaze	AD_Malaysia	662024	662123	20.1700
SRR23343443	Apis laboriosa	China: Tibet, Rikaze	AD_Malaysia	662124	662223	26.6400
SRR23343443	Apis laboriosa	China: Tibet, Rikaze	AD_Malaysia	662224	662323	23.5200
SRR23343443	Apis laboriosa	China: Tibet, Rikaze	AD_Malaysia	662324	662423	27.7800
SRR23343443	Apis laboriosa	China: Tibet, Rikaze	AD_Malaysia	662424	662523	28.8900
SRR23343443	Apis laboriosa	China: Tibet, Rikaze	AD_Malaysia	662524	662623	27.2500
SRR23343443	Apis laboriosa	China: Tibet, Rikaze	AD_Malaysia	662624	662723	28.7700
SRR23343443	Apis laboriosa	China: Tibet, Rikaze	AD_Malaysia	662724	662823	22.8200
SRR23343443	Apis laboriosa	China: Tibet, Rikaze	AD_Malaysia	662824	662923	26.9200
SRR23343443	Apis laboriosa	China: Tibet, Rikaze	AD_Malaysia	662924	663023	29.5000
SRR23343443	Apis laboriosa	China: Tibet, Rikaze	AD_Malaysia	663024	663123	29.5200
SRR23343443	Apis laboriosa	China: Tibet, Rikaze	AD_Malaysia	663124	663223	32.4600
SRR23343443	Apis laboriosa	China: Tibet, Rikaze	AD_Malaysia	663224	663323	21.6500
SRR23343443	Apis laboriosa	China: Tibet, Rikaze	AD_Malaysia	663324	663423	20.9100
SRR23343443	Apis laboriosa	China: Tibet, Rikaze	AD_Malaysia	663424	663523	20.8100
SRR23343443	Apis laboriosa	China: Tibet, Rikaze	AD_Malaysia	663524	663623	23.6700
SRR23343443	Apis laboriosa	China: Tibet, Rikaze	AD_Malaysia	663624	663723	28.1900
SRR23343443	Apis laboriosa	China: Tibet, Rikaze	AD_Malaysia	663724	663823	26.7700
SRR23343443	Apis laboriosa	China: Tibet, Rikaze	AD_Malaysia	663824	663923	26.0600
SRR23343443	Apis laboriosa	China: Tibet, Rikaze	AD_Malaysia	663924	664023	29.9700
SRR23343443	Apis laboriosa	China: Tibet, Rikaze	AD_Malaysia	664024	664123	32.9500
SRR23343443	Apis laboriosa	China: Tibet, Rikaze	AD_Malaysia	664124	664223	31.0800
SRR23343443	Apis laboriosa	China: Tibet, Rikaze	AD_Malaysia	664224	664261	18.3947
SRR23343444	Apis laboriosa	China: Tibet, Rikaze	AD_Malaysia	656224	656323	24.1400
SRR23343444	Apis laboriosa	China: Tibet, Rikaze	AD_Malaysia	656324	656423	21.8600
SRR23343444	Apis laboriosa	China: Tibet, Rikaze	AD_Malaysia	656424	656523	25.3600
SRR23343444	Apis laboriosa	China: Tibet, Rikaze	AD_Malaysia	656524	656623	22.8200
SRR23343444	Apis laboriosa	China: Tibet, Rikaze	AD_Malaysia	656624	656723	16.6900
SRR23343444	Apis laboriosa	China: Tibet, Rikaze	AD_Malaysia	656724	656823	23.4200
SRR23343444	Apis laboriosa	China: Tibet, Rikaze	AD_Malaysia	656824	656923	18.4500
SRR23343444	Apis laboriosa	China: Tibet, Rikaze	AD_Malaysia	656924	657023	20.2200
SRR23343444	Apis laboriosa	China: Tibet, Rikaze	AD_Malaysia	657024	657123	19.6500
SRR23343444	Apis laboriosa	China: Tibet, Rikaze	AD_Malaysia	657124	657223	19.9500
SRR23343444	Apis laboriosa	China: Tibet, Rikaze	AD_Malaysia	657224	657323	23.8800
SRR23343444	Apis laboriosa	China: Tibet, Rikaze	AD_Malaysia	657324	657423	23.4200
SRR23343444	Apis laboriosa	China: Tibet, Rikaze	AD_Malaysia	657424	657523	22.5700
SRR23343444	Apis laboriosa	China: Tibet, Rikaze	AD_Malaysia	657524	657623	23.7300
SRR23343444	Apis laboriosa	China: Tibet, Rikaze	AD_Malaysia	657624	657723	26.6700
SRR23343444	Apis laboriosa	China: Tibet, Rikaze	AD_Malaysia	657724	657823	33.5100
SRR23343444	Apis laboriosa	China: Tibet, Rikaze	AD_Malaysia	657824	657923	30.4600
SRR23343444	Apis laboriosa	China: Tibet, Rikaze	AD_Malaysia	657924	658023	34.8700
SRR23343444	Apis laboriosa	China: Tibet, Rikaze	AD_Malaysia	658024	658123	30.6700
SRR23343444	Apis laboriosa	China: Tibet, Rikaze	AD_Malaysia	658124	658223	30.2900
SRR23343444	Apis laboriosa	China: Tibet, Rikaze	AD_Malaysia	658224	658323	29.1200
SRR23343444	Apis laboriosa	China: Tibet, Rikaze	AD_Malaysia	658324	658423	34.4600
SRR23343444	Apis laboriosa	China: Tibet, Rikaze	AD_Malaysia	658424	658523	33.7600
SRR23343444	Apis laboriosa	China: Tibet, Rikaze	AD_Malaysia	658524	658623	31.0000
SRR23343444	Apis laboriosa	China: Tibet, Rikaze	AD_Malaysia	658624	658723	29.6500
SRR23343444	Apis laboriosa	China: Tibet, Rikaze	AD_Malaysia	658724	658823	27.0900
SRR23343444	Apis laboriosa	China: Tibet, Rikaze	AD_Malaysia	658824	658923	29.6200
SRR23343444	Apis laboriosa	China: Tibet, Rikaze	AD_Malaysia	658924	659023	29.9200
SRR23343444	Apis laboriosa	China: Tibet, Rikaze	AD_Malaysia	659024	659123	19.8500
SRR23343444	Apis laboriosa	China: Tibet, Rikaze	AD_Malaysia	659124	659223	16.9100
SRR23343444	Apis laboriosa	China: Tibet, Rikaze	AD_Malaysia	659224	659323	15.6100
SRR23343444	Apis laboriosa	China: Tibet, Rikaze	AD_Malaysia	659324	659423	17.7700
SRR23343444	Apis laboriosa	China: Tibet, Rikaze	AD_Malaysia	659424	659523	24.7500
SRR23343444	Apis laboriosa	China: Tibet, Rikaze	AD_Malaysia	659524	659623	20.4200
SRR23343444	Apis laboriosa	China: Tibet, Rikaze	AD_Malaysia	659624	659723	25.9300
SRR23343444	Apis laboriosa	China: Tibet, Rikaze	AD_Malaysia	659724	659823	23.4300
SRR23343444	Apis laboriosa	China: Tibet, Rikaze	AD_Malaysia	659824	659923	22.5600
SRR23343444	Apis laboriosa	China: Tibet, Rikaze	AD_Malaysia	659924	660023	17.9600
SRR23343444	Apis laboriosa	China: Tibet, Rikaze	AD_Malaysia	660024	660123	15.2800
SRR23343444	Apis laboriosa	China: Tibet, Rikaze	AD_Malaysia	660124	660223	15.5900
SRR23343444	Apis laboriosa	China: Tibet, Rikaze	AD_Malaysia	660224	660323	23.6300
SRR23343444	Apis laboriosa	China: Tibet, Rikaze	AD_Malaysia	660324	660423	29.5400
SRR23343444	Apis laboriosa	China: Tibet, Rikaze	AD_Malaysia	660424	660523	27.0200
SRR23343444	Apis laboriosa	China: Tibet, Rikaze	AD_Malaysia	660524	660623	24.2500
SRR23343444	Apis laboriosa	China: Tibet, Rikaze	AD_Malaysia	660624	660723	34.4400
SRR23343444	Apis laboriosa	China: Tibet, Rikaze	AD_Malaysia	660724	660823	31.1500
SRR23343444	Apis laboriosa	China: Tibet, Rikaze	AD_Malaysia	660824	660923	24.4600
SRR23343444	Apis laboriosa	China: Tibet, Rikaze	AD_Malaysia	660924	661023	28.9100
SRR23343444	Apis laboriosa	China: Tibet, Rikaze	AD_Malaysia	661024	661123	26.7100
SRR23343444	Apis laboriosa	China: Tibet, Rikaze	AD_Malaysia	661124	661223	22.7800
SRR23343444	Apis laboriosa	China: Tibet, Rikaze	AD_Malaysia	661224	661323	28.3900
SRR23343444	Apis laboriosa	China: Tibet, Rikaze	AD_Malaysia	661324	661423	26.4300
SRR23343444	Apis laboriosa	China: Tibet, Rikaze	AD_Malaysia	661424	661523	27.2900
SRR23343444	Apis laboriosa	China: Tibet, Rikaze	AD_Malaysia	661524	661623	27.8400
SRR23343444	Apis laboriosa	China: Tibet, Rikaze	AD_Malaysia	661624	661723	26.4800
SRR23343444	Apis laboriosa	China: Tibet, Rikaze	AD_Malaysia	661724	661823	25.6000
SRR23343444	Apis laboriosa	China: Tibet, Rikaze	AD_Malaysia	661824	661923	19.9900
SRR23343444	Apis laboriosa	China: Tibet, Rikaze	AD_Malaysia	661924	662023	19.4000
SRR23343444	Apis laboriosa	China: Tibet, Rikaze	AD_Malaysia	662024	662123	29.0200
SRR23343444	Apis laboriosa	China: Tibet, Rikaze	AD_Malaysia	662124	662223	32.5100
SRR23343444	Apis laboriosa	China: Tibet, Rikaze	AD_Malaysia	662224	662323	29.0100
SRR23343444	Apis laboriosa	China: Tibet, Rikaze	AD_Malaysia	662324	662423	18.8900
SRR23343444	Apis laboriosa	China: Tibet, Rikaze	AD_Malaysia	662424	662523	23.3400
SRR23343444	Apis laboriosa	China: Tibet, Rikaze	AD_Malaysia	662524	662623	20.9600
SRR23343444	Apis laboriosa	China: Tibet, Rikaze	AD_Malaysia	662624	662723	20.0200
SRR23343444	Apis laboriosa	China: Tibet, Rikaze	AD_Malaysia	662724	662823	15.4500
SRR23343444	Apis laboriosa	China: Tibet, Rikaze	AD_Malaysia	662824	662923	18.3500
SRR23343444	Apis laboriosa	China: Tibet, Rikaze	AD_Malaysia	662924	663023	21.4500
SRR23343444	Apis laboriosa	China: Tibet, Rikaze	AD_Malaysia	663024	663123	19.0600
SRR23343444	Apis laboriosa	China: Tibet, Rikaze	AD_Malaysia	663124	663223	18.9600
SRR23343444	Apis laboriosa	China: Tibet, Rikaze	AD_Malaysia	663224	663323	21.6800
SRR23343444	Apis laboriosa	China: Tibet, Rikaze	AD_Malaysia	663324	663423	17.9000
SRR23343444	Apis laboriosa	China: Tibet, Rikaze	AD_Malaysia	663424	663523	18.7900
SRR23343444	Apis laboriosa	China: Tibet, Rikaze	AD_Malaysia	663524	663623	22.2600
SRR23343444	Apis laboriosa	China: Tibet, Rikaze	AD_Malaysia	663624	663723	20.1700
SRR23343444	Apis laboriosa	China: Tibet, Rikaze	AD_Malaysia	663724	663823	21.8800
SRR23343444	Apis laboriosa	China: Tibet, Rikaze	AD_Malaysia	663824	663923	21.0800
SRR23343444	Apis laboriosa	China: Tibet, Rikaze	AD_Malaysia	663924	664023	19.9900
SRR23343444	Apis laboriosa	China: Tibet, Rikaze	AD_Malaysia	664024	664123	19.9500
SRR23343444	Apis laboriosa	China: Tibet, Rikaze	AD_Malaysia	664124	664223	22.5500
SRR23343444	Apis laboriosa	China: Tibet, Rikaze	AD_Malaysia	664224	664261	24.8421
SRR23343445	Apis laboriosa	China: Tibet, Rikaze	AD_Malaysia	656224	656323	43.9700
SRR23343445	Apis laboriosa	China: Tibet, Rikaze	AD_Malaysia	656324	656423	43.9400
SRR23343445	Apis laboriosa	China: Tibet, Rikaze	AD_Malaysia	656424	656523	44.6800
SRR23343445	Apis laboriosa	China: Tibet, Rikaze	AD_Malaysia	656524	656623	44.2200
SRR23343445	Apis laboriosa	China: Tibet, Rikaze	AD_Malaysia	656624	656723	34.4600
SRR23343445	Apis laboriosa	China: Tibet, Rikaze	AD_Malaysia	656724	656823	34.8700
SRR23343445	Apis laboriosa	China: Tibet, Rikaze	AD_Malaysia	656824	656923	45.6800
SRR23343445	Apis laboriosa	China: Tibet, Rikaze	AD_Malaysia	656924	657023	45.3800
SRR23343445	Apis laboriosa	China: Tibet, Rikaze	AD_Malaysia	657024	657123	41.0200
SRR23343445	Apis laboriosa	China: Tibet, Rikaze	AD_Malaysia	657124	657223	44.3500
SRR23343445	Apis laboriosa	China: Tibet, Rikaze	AD_Malaysia	657224	657323	52.0700
SRR23343445	Apis laboriosa	China: Tibet, Rikaze	AD_Malaysia	657324	657423	50.8500
SRR23343445	Apis laboriosa	China: Tibet, Rikaze	AD_Malaysia	657424	657523	52.3200
SRR23343445	Apis laboriosa	China: Tibet, Rikaze	AD_Malaysia	657524	657623	41.5300
SRR23343445	Apis laboriosa	China: Tibet, Rikaze	AD_Malaysia	657624	657723	43.3800
SRR23343445	Apis laboriosa	China: Tibet, Rikaze	AD_Malaysia	657724	657823	42.5400
SRR23343445	Apis laboriosa	China: Tibet, Rikaze	AD_Malaysia	657824	657923	41.3000
SRR23343445	Apis laboriosa	China: Tibet, Rikaze	AD_Malaysia	657924	658023	44.9900
SRR23343445	Apis laboriosa	China: Tibet, Rikaze	AD_Malaysia	658024	658123	45.1000
SRR23343445	Apis laboriosa	China: Tibet, Rikaze	AD_Malaysia	658124	658223	45.2300
SRR23343445	Apis laboriosa	China: Tibet, Rikaze	AD_Malaysia	658224	658323	48.5100
SRR23343445	Apis laboriosa	China: Tibet, Rikaze	AD_Malaysia	658324	658423	53.5000
SRR23343445	Apis laboriosa	China: Tibet, Rikaze	AD_Malaysia	658424	658523	50.3200
SRR23343445	Apis laboriosa	China: Tibet, Rikaze	AD_Malaysia	658524	658623	48.7700
SRR23343445	Apis laboriosa	China: Tibet, Rikaze	AD_Malaysia	658624	658723	34.2300
SRR23343445	Apis laboriosa	China: Tibet, Rikaze	AD_Malaysia	658724	658823	38.1000
SRR23343445	Apis laboriosa	China: Tibet, Rikaze	AD_Malaysia	658824	658923	43.7200
SRR23343445	Apis laboriosa	China: Tibet, Rikaze	AD_Malaysia	658924	659023	48.3400
SRR23343445	Apis laboriosa	China: Tibet, Rikaze	AD_Malaysia	659024	659123	54.5900
SRR23343445	Apis laboriosa	China: Tibet, Rikaze	AD_Malaysia	659124	659223	49.8100
SRR23343445	Apis laboriosa	China: Tibet, Rikaze	AD_Malaysia	659224	659323	44.3300
SRR23343445	Apis laboriosa	China: Tibet, Rikaze	AD_Malaysia	659324	659423	44.2700
SRR23343445	Apis laboriosa	China: Tibet, Rikaze	AD_Malaysia	659424	659523	37.8400
SRR23343445	Apis laboriosa	China: Tibet, Rikaze	AD_Malaysia	659524	659623	37.5800
SRR23343445	Apis laboriosa	China: Tibet, Rikaze	AD_Malaysia	659624	659723	38.3300
SRR23343445	Apis laboriosa	China: Tibet, Rikaze	AD_Malaysia	659724	659823	38.4100
SRR23343445	Apis laboriosa	China: Tibet, Rikaze	AD_Malaysia	659824	659923	49.8000
SRR23343445	Apis laboriosa	China: Tibet, Rikaze	AD_Malaysia	659924	660023	45.7100
SRR23343445	Apis laboriosa	China: Tibet, Rikaze	AD_Malaysia	660024	660123	43.7100
SRR23343445	Apis laboriosa	China: Tibet, Rikaze	AD_Malaysia	660124	660223	43.3500
SRR23343445	Apis laboriosa	China: Tibet, Rikaze	AD_Malaysia	660224	660323	41.4500
SRR23343445	Apis laboriosa	China: Tibet, Rikaze	AD_Malaysia	660324	660423	46.3900
SRR23343445	Apis laboriosa	China: Tibet, Rikaze	AD_Malaysia	660424	660523	45.0700
SRR23343445	Apis laboriosa	China: Tibet, Rikaze	AD_Malaysia	660524	660623	47.5700
SRR23343445	Apis laboriosa	China: Tibet, Rikaze	AD_Malaysia	660624	660723	34.8200
SRR23343445	Apis laboriosa	China: Tibet, Rikaze	AD_Malaysia	660724	660823	35.3200
SRR23343445	Apis laboriosa	China: Tibet, Rikaze	AD_Malaysia	660824	660923	35.0000
SRR23343445	Apis laboriosa	China: Tibet, Rikaze	AD_Malaysia	660924	661023	33.1500
SRR23343445	Apis laboriosa	China: Tibet, Rikaze	AD_Malaysia	661024	661123	35.2800
SRR23343445	Apis laboriosa	China: Tibet, Rikaze	AD_Malaysia	661124	661223	43.7500
SRR23343445	Apis laboriosa	China: Tibet, Rikaze	AD_Malaysia	661224	661323	43.9000
SRR23343445	Apis laboriosa	China: Tibet, Rikaze	AD_Malaysia	661324	661423	52.0800
SRR23343445	Apis laboriosa	China: Tibet, Rikaze	AD_Malaysia	661424	661523	46.2100
SRR23343445	Apis laboriosa	China: Tibet, Rikaze	AD_Malaysia	661524	661623	51.3700
SRR23343445	Apis laboriosa	China: Tibet, Rikaze	AD_Malaysia	661624	661723	44.1900
SRR23343445	Apis laboriosa	China: Tibet, Rikaze	AD_Malaysia	661724	661823	46.6600
SRR23343445	Apis laboriosa	China: Tibet, Rikaze	AD_Malaysia	661824	661923	51.8200
SRR23343445	Apis laboriosa	China: Tibet, Rikaze	AD_Malaysia	661924	662023	46.1600
SRR23343445	Apis laboriosa	China: Tibet, Rikaze	AD_Malaysia	662024	662123	47.0400
SRR23343445	Apis laboriosa	China: Tibet, Rikaze	AD_Malaysia	662124	662223	49.6600
SRR23343445	Apis laboriosa	China: Tibet, Rikaze	AD_Malaysia	662224	662323	45.1300
SRR23343445	Apis laboriosa	China: Tibet, Rikaze	AD_Malaysia	662324	662423	41.7700
SRR23343445	Apis laboriosa	China: Tibet, Rikaze	AD_Malaysia	662424	662523	41.2400
SRR23343445	Apis laboriosa	China: Tibet, Rikaze	AD_Malaysia	662524	662623	35.7600
SRR23343445	Apis laboriosa	China: Tibet, Rikaze	AD_Malaysia	662624	662723	33.1700
SRR23343445	Apis laboriosa	China: Tibet, Rikaze	AD_Malaysia	662724	662823	29.4500
SRR23343445	Apis laboriosa	China: Tibet, Rikaze	AD_Malaysia	662824	662923	34.1000
SRR23343445	Apis laboriosa	China: Tibet, Rikaze	AD_Malaysia	662924	663023	38.1300
SRR23343445	Apis laboriosa	China: Tibet, Rikaze	AD_Malaysia	663024	663123	42.7700
SRR23343445	Apis laboriosa	China: Tibet, Rikaze	AD_Malaysia	663124	663223	40.0200
SRR23343445	Apis laboriosa	China: Tibet, Rikaze	AD_Malaysia	663224	663323	36.2200
SRR23343445	Apis laboriosa	China: Tibet, Rikaze	AD_Malaysia	663324	663423	21.8900
SRR23343445	Apis laboriosa	China: Tibet, Rikaze	AD_Malaysia	663424	663523	22.9600
SRR23343445	Apis laboriosa	China: Tibet, Rikaze	AD_Malaysia	663524	663623	24.1800
SRR23343445	Apis laboriosa	China: Tibet, Rikaze	AD_Malaysia	663624	663723	33.7100
SRR23343445	Apis laboriosa	China: Tibet, Rikaze	AD_Malaysia	663724	663823	39.5400
SRR23343445	Apis laboriosa	China: Tibet, Rikaze	AD_Malaysia	663824	663923	34.9600
SRR23343445	Apis laboriosa	China: Tibet, Rikaze	AD_Malaysia	663924	664023	40.2700
SRR23343445	Apis laboriosa	China: Tibet, Rikaze	AD_Malaysia	664024	664123	41.6900
SRR23343445	Apis laboriosa	China: Tibet, Rikaze	AD_Malaysia	664124	664223	53.0500
SRR23343445	Apis laboriosa	China: Tibet, Rikaze	AD_Malaysia	664224	664261	42.9737
SRR23343446	Apis laboriosa	China: Tibet, Rikaze	AD_Malaysia	656224	656323	20.0200
SRR23343446	Apis laboriosa	China: Tibet, Rikaze	AD_Malaysia	656324	656423	26.4800
SRR23343446	Apis laboriosa	China: Tibet, Rikaze	AD_Malaysia	656424	656523	22.5700
SRR23343446	Apis laboriosa	China: Tibet, Rikaze	AD_Malaysia	656524	656623	20.5900
SRR23343446	Apis laboriosa	China: Tibet, Rikaze	AD_Malaysia	656624	656723	22.1300
SRR23343446	Apis laboriosa	China: Tibet, Rikaze	AD_Malaysia	656724	656823	20.2300
SRR23343446	Apis laboriosa	China: Tibet, Rikaze	AD_Malaysia	656824	656923	19.1700
SRR23343446	Apis laboriosa	China: Tibet, Rikaze	AD_Malaysia	656924	657023	25.5100
SRR23343446	Apis laboriosa	China: Tibet, Rikaze	AD_Malaysia	657024	657123	24.0700
SRR23343446	Apis laboriosa	China: Tibet, Rikaze	AD_Malaysia	657124	657223	26.5000
SRR23343446	Apis laboriosa	China: Tibet, Rikaze	AD_Malaysia	657224	657323	25.4100
SRR23343446	Apis laboriosa	China: Tibet, Rikaze	AD_Malaysia	657324	657423	27.6000
SRR23343446	Apis laboriosa	China: Tibet, Rikaze	AD_Malaysia	657424	657523	25.5700
SRR23343446	Apis laboriosa	China: Tibet, Rikaze	AD_Malaysia	657524	657623	20.8400
SRR23343446	Apis laboriosa	China: Tibet, Rikaze	AD_Malaysia	657624	657723	27.5600
SRR23343446	Apis laboriosa	China: Tibet, Rikaze	AD_Malaysia	657724	657823	23.5000
SRR23343446	Apis laboriosa	China: Tibet, Rikaze	AD_Malaysia	657824	657923	20.6600
SRR23343446	Apis laboriosa	China: Tibet, Rikaze	AD_Malaysia	657924	658023	25.9400
SRR23343446	Apis laboriosa	China: Tibet, Rikaze	AD_Malaysia	658024	658123	21.6000
SRR23343446	Apis laboriosa	China: Tibet, Rikaze	AD_Malaysia	658124	658223	18.8300
SRR23343446	Apis laboriosa	China: Tibet, Rikaze	AD_Malaysia	658224	658323	27.4000
SRR23343446	Apis laboriosa	China: Tibet, Rikaze	AD_Malaysia	658324	658423	32.3800
SRR23343446	Apis laboriosa	China: Tibet, Rikaze	AD_Malaysia	658424	658523	27.0200
SRR23343446	Apis laboriosa	China: Tibet, Rikaze	AD_Malaysia	658524	658623	34.2900
SRR23343446	Apis laboriosa	China: Tibet, Rikaze	AD_Malaysia	658624	658723	30.2700
SRR23343446	Apis laboriosa	China: Tibet, Rikaze	AD_Malaysia	658724	658823	31.3800
SRR23343446	Apis laboriosa	China: Tibet, Rikaze	AD_Malaysia	658824	658923	31.9700
SRR23343446	Apis laboriosa	China: Tibet, Rikaze	AD_Malaysia	658924	659023	28.8900
SRR23343446	Apis laboriosa	China: Tibet, Rikaze	AD_Malaysia	659024	659123	28.7200
SRR23343446	Apis laboriosa	China: Tibet, Rikaze	AD_Malaysia	659124	659223	38.9200
SRR23343446	Apis laboriosa	China: Tibet, Rikaze	AD_Malaysia	659224	659323	34.8800
SRR23343446	Apis laboriosa	China: Tibet, Rikaze	AD_Malaysia	659324	659423	33.8300
SRR23343446	Apis laboriosa	China: Tibet, Rikaze	AD_Malaysia	659424	659523	30.9300
SRR23343446	Apis laboriosa	China: Tibet, Rikaze	AD_Malaysia	659524	659623	24.0500
SRR23343446	Apis laboriosa	China: Tibet, Rikaze	AD_Malaysia	659624	659723	25.6100
SRR23343446	Apis laboriosa	China: Tibet, Rikaze	AD_Malaysia	659724	659823	27.6100
SRR23343446	Apis laboriosa	China: Tibet, Rikaze	AD_Malaysia	659824	659923	28.5800
SRR23343446	Apis laboriosa	China: Tibet, Rikaze	AD_Malaysia	659924	660023	24.7300
SRR23343446	Apis laboriosa	China: Tibet, Rikaze	AD_Malaysia	660024	660123	27.3300
SRR23343446	Apis laboriosa	China: Tibet, Rikaze	AD_Malaysia	660124	660223	29.1100
SRR23343446	Apis laboriosa	China: Tibet, Rikaze	AD_Malaysia	660224	660323	31.0900
SRR23343446	Apis laboriosa	China: Tibet, Rikaze	AD_Malaysia	660324	660423	31.5200
SRR23343446	Apis laboriosa	China: Tibet, Rikaze	AD_Malaysia	660424	660523	33.3900
SRR23343446	Apis laboriosa	China: Tibet, Rikaze	AD_Malaysia	660524	660623	32.3500
SRR23343446	Apis laboriosa	China: Tibet, Rikaze	AD_Malaysia	660624	660723	28.4100
SRR23343446	Apis laboriosa	China: Tibet, Rikaze	AD_Malaysia	660724	660823	20.6000
SRR23343446	Apis laboriosa	China: Tibet, Rikaze	AD_Malaysia	660824	660923	20.0400
SRR23343446	Apis laboriosa	China: Tibet, Rikaze	AD_Malaysia	660924	661023	18.9400
SRR23343446	Apis laboriosa	China: Tibet, Rikaze	AD_Malaysia	661024	661123	20.8100
SRR23343446	Apis laboriosa	China: Tibet, Rikaze	AD_Malaysia	661124	661223	16.2500
SRR23343446	Apis laboriosa	China: Tibet, Rikaze	AD_Malaysia	661224	661323	19.8000
SRR23343446	Apis laboriosa	China: Tibet, Rikaze	AD_Malaysia	661324	661423	17.0400
SRR23343446	Apis laboriosa	China: Tibet, Rikaze	AD_Malaysia	661424	661523	23.9200
SRR23343446	Apis laboriosa	China: Tibet, Rikaze	AD_Malaysia	661524	661623	18.9400
SRR23343446	Apis laboriosa	China: Tibet, Rikaze	AD_Malaysia	661624	661723	19.1800
SRR23343446	Apis laboriosa	China: Tibet, Rikaze	AD_Malaysia	661724	661823	23.3800
SRR23343446	Apis laboriosa	China: Tibet, Rikaze	AD_Malaysia	661824	661923	27.6200
SRR23343446	Apis laboriosa	China: Tibet, Rikaze	AD_Malaysia	661924	662023	23.3100
SRR23343446	Apis laboriosa	China: Tibet, Rikaze	AD_Malaysia	662024	662123	29.6000
SRR23343446	Apis laboriosa	China: Tibet, Rikaze	AD_Malaysia	662124	662223	30.3800
SRR23343446	Apis laboriosa	China: Tibet, Rikaze	AD_Malaysia	662224	662323	26.2400
SRR23343446	Apis laboriosa	China: Tibet, Rikaze	AD_Malaysia	662324	662423	27.9300
SRR23343446	Apis laboriosa	China: Tibet, Rikaze	AD_Malaysia	662424	662523	29.3400
SRR23343446	Apis laboriosa	China: Tibet, Rikaze	AD_Malaysia	662524	662623	21.1700
SRR23343446	Apis laboriosa	China: Tibet, Rikaze	AD_Malaysia	662624	662723	14.5900
SRR23343446	Apis laboriosa	China: Tibet, Rikaze	AD_Malaysia	662724	662823	18.0200
SRR23343446	Apis laboriosa	China: Tibet, Rikaze	AD_Malaysia	662824	662923	17.0900
SRR23343446	Apis laboriosa	China: Tibet, Rikaze	AD_Malaysia	662924	663023	15.8300
SRR23343446	Apis laboriosa	China: Tibet, Rikaze	AD_Malaysia	663024	663123	19.8300
SRR23343446	Apis laboriosa	China: Tibet, Rikaze	AD_Malaysia	663124	663223	20.9600
SRR23343446	Apis laboriosa	China: Tibet, Rikaze	AD_Malaysia	663224	663323	23.1300
SRR23343446	Apis laboriosa	China: Tibet, Rikaze	AD_Malaysia	663324	663423	22.3100
SRR23343446	Apis laboriosa	China: Tibet, Rikaze	AD_Malaysia	663424	663523	17.2800
SRR23343446	Apis laboriosa	China: Tibet, Rikaze	AD_Malaysia	663524	663623	21.9300
SRR23343446	Apis laboriosa	China: Tibet, Rikaze	AD_Malaysia	663624	663723	21.6200
SRR23343446	Apis laboriosa	China: Tibet, Rikaze	AD_Malaysia	663724	663823	21.7400
SRR23343446	Apis laboriosa	China: Tibet, Rikaze	AD_Malaysia	663824	663923	26.6700
SRR23343446	Apis laboriosa	China: Tibet, Rikaze	AD_Malaysia	663924	664023	24.1000
SRR23343446	Apis laboriosa	China: Tibet, Rikaze	AD_Malaysia	664024	664123	26.6300
SRR23343446	Apis laboriosa	China: Tibet, Rikaze	AD_Malaysia	664124	664223	27.1600
SRR23343446	Apis laboriosa	China: Tibet, Rikaze	AD_Malaysia	664224	664261	16.5000
SRR23343447	Apis laboriosa	China: Tibet, Rikaze	AD_Malaysia	656224	656323	32.9500
SRR23343447	Apis laboriosa	China: Tibet, Rikaze	AD_Malaysia	656324	656423	32.3100
SRR23343447	Apis laboriosa	China: Tibet, Rikaze	AD_Malaysia	656424	656523	30.1100
SRR23343447	Apis laboriosa	China: Tibet, Rikaze	AD_Malaysia	656524	656623	24.7700
SRR23343447	Apis laboriosa	China: Tibet, Rikaze	AD_Malaysia	656624	656723	27.0500
SRR23343447	Apis laboriosa	China: Tibet, Rikaze	AD_Malaysia	656724	656823	28.1100
SRR23343447	Apis laboriosa	China: Tibet, Rikaze	AD_Malaysia	656824	656923	33.3200
SRR23343447	Apis laboriosa	China: Tibet, Rikaze	AD_Malaysia	656924	657023	32.4600
SRR23343447	Apis laboriosa	China: Tibet, Rikaze	AD_Malaysia	657024	657123	34.2600
SRR23343447	Apis laboriosa	China: Tibet, Rikaze	AD_Malaysia	657124	657223	27.3600
SRR23343447	Apis laboriosa	China: Tibet, Rikaze	AD_Malaysia	657224	657323	33.4100
SRR23343447	Apis laboriosa	China: Tibet, Rikaze	AD_Malaysia	657324	657423	29.6800
SRR23343447	Apis laboriosa	China: Tibet, Rikaze	AD_Malaysia	657424	657523	35.9600
SRR23343447	Apis laboriosa	China: Tibet, Rikaze	AD_Malaysia	657524	657623	40.0500
SRR23343447	Apis laboriosa	China: Tibet, Rikaze	AD_Malaysia	657624	657723	44.8400
SRR23343447	Apis laboriosa	China: Tibet, Rikaze	AD_Malaysia	657724	657823	50.4800
SRR23343447	Apis laboriosa	China: Tibet, Rikaze	AD_Malaysia	657824	657923	41.5000
SRR23343447	Apis laboriosa	China: Tibet, Rikaze	AD_Malaysia	657924	658023	42.3700
SRR23343447	Apis laboriosa	China: Tibet, Rikaze	AD_Malaysia	658024	658123	42.5200
SRR23343447	Apis laboriosa	China: Tibet, Rikaze	AD_Malaysia	658124	658223	40.7400
SRR23343447	Apis laboriosa	China: Tibet, Rikaze	AD_Malaysia	658224	658323	34.1300
SRR23343447	Apis laboriosa	China: Tibet, Rikaze	AD_Malaysia	658324	658423	35.0200
SRR23343447	Apis laboriosa	China: Tibet, Rikaze	AD_Malaysia	658424	658523	33.7100
SRR23343447	Apis laboriosa	China: Tibet, Rikaze	AD_Malaysia	658524	658623	29.8700
SRR23343447	Apis laboriosa	China: Tibet, Rikaze	AD_Malaysia	658624	658723	24.2400
SRR23343447	Apis laboriosa	China: Tibet, Rikaze	AD_Malaysia	658724	658823	35.1200
SRR23343447	Apis laboriosa	China: Tibet, Rikaze	AD_Malaysia	658824	658923	39.3600
SRR23343447	Apis laboriosa	China: Tibet, Rikaze	AD_Malaysia	658924	659023	41.6300
SRR23343447	Apis laboriosa	China: Tibet, Rikaze	AD_Malaysia	659024	659123	45.4000
SRR23343447	Apis laboriosa	China: Tibet, Rikaze	AD_Malaysia	659124	659223	43.2900
SRR23343447	Apis laboriosa	China: Tibet, Rikaze	AD_Malaysia	659224	659323	51.6700
SRR23343447	Apis laboriosa	China: Tibet, Rikaze	AD_Malaysia	659324	659423	38.1700
SRR23343447	Apis laboriosa	China: Tibet, Rikaze	AD_Malaysia	659424	659523	40.4700
SRR23343447	Apis laboriosa	China: Tibet, Rikaze	AD_Malaysia	659524	659623	32.1000
SRR23343447	Apis laboriosa	China: Tibet, Rikaze	AD_Malaysia	659624	659723	27.6900
SRR23343447	Apis laboriosa	China: Tibet, Rikaze	AD_Malaysia	659724	659823	28.1700
SRR23343447	Apis laboriosa	China: Tibet, Rikaze	AD_Malaysia	659824	659923	26.0600
SRR23343447	Apis laboriosa	China: Tibet, Rikaze	AD_Malaysia	659924	660023	22.2600
SRR23343447	Apis laboriosa	China: Tibet, Rikaze	AD_Malaysia	660024	660123	21.0900
SRR23343447	Apis laboriosa	China: Tibet, Rikaze	AD_Malaysia	660124	660223	25.3500
SRR23343447	Apis laboriosa	China: Tibet, Rikaze	AD_Malaysia	660224	660323	30.2500
SRR23343447	Apis laboriosa	China: Tibet, Rikaze	AD_Malaysia	660324	660423	32.8300
SRR23343447	Apis laboriosa	China: Tibet, Rikaze	AD_Malaysia	660424	660523	40.0500
SRR23343447	Apis laboriosa	China: Tibet, Rikaze	AD_Malaysia	660524	660623	36.4200
SRR23343447	Apis laboriosa	China: Tibet, Rikaze	AD_Malaysia	660624	660723	41.0100
SRR23343447	Apis laboriosa	China: Tibet, Rikaze	AD_Malaysia	660724	660823	33.4900
SRR23343447	Apis laboriosa	China: Tibet, Rikaze	AD_Malaysia	660824	660923	27.7100
SRR23343447	Apis laboriosa	China: Tibet, Rikaze	AD_Malaysia	660924	661023	27.1200
SRR23343447	Apis laboriosa	China: Tibet, Rikaze	AD_Malaysia	661024	661123	23.8400
SRR23343447	Apis laboriosa	China: Tibet, Rikaze	AD_Malaysia	661124	661223	24.4500
SRR23343447	Apis laboriosa	China: Tibet, Rikaze	AD_Malaysia	661224	661323	29.9600
SRR23343447	Apis laboriosa	China: Tibet, Rikaze	AD_Malaysia	661324	661423	37.9300
SRR23343447	Apis laboriosa	China: Tibet, Rikaze	AD_Malaysia	661424	661523	32.0500
SRR23343447	Apis laboriosa	China: Tibet, Rikaze	AD_Malaysia	661524	661623	32.3300
SRR23343447	Apis laboriosa	China: Tibet, Rikaze	AD_Malaysia	661624	661723	34.0600
SRR23343447	Apis laboriosa	China: Tibet, Rikaze	AD_Malaysia	661724	661823	33.8200
SRR23343447	Apis laboriosa	China: Tibet, Rikaze	AD_Malaysia	661824	661923	27.7800
SRR23343447	Apis laboriosa	China: Tibet, Rikaze	AD_Malaysia	661924	662023	27.2400
SRR23343447	Apis laboriosa	China: Tibet, Rikaze	AD_Malaysia	662024	662123	32.8700
SRR23343447	Apis laboriosa	China: Tibet, Rikaze	AD_Malaysia	662124	662223	30.2600
SRR23343447	Apis laboriosa	China: Tibet, Rikaze	AD_Malaysia	662224	662323	30.3700
SRR23343447	Apis laboriosa	China: Tibet, Rikaze	AD_Malaysia	662324	662423	36.4800
SRR23343447	Apis laboriosa	China: Tibet, Rikaze	AD_Malaysia	662424	662523	30.3400
SRR23343447	Apis laboriosa	China: Tibet, Rikaze	AD_Malaysia	662524	662623	27.4700
SRR23343447	Apis laboriosa	China: Tibet, Rikaze	AD_Malaysia	662624	662723	22.7900
SRR23343447	Apis laboriosa	China: Tibet, Rikaze	AD_Malaysia	662724	662823	23.5100
SRR23343447	Apis laboriosa	China: Tibet, Rikaze	AD_Malaysia	662824	662923	37.1600
SRR23343447	Apis laboriosa	China: Tibet, Rikaze	AD_Malaysia	662924	663023	26.7400
SRR23343447	Apis laboriosa	China: Tibet, Rikaze	AD_Malaysia	663024	663123	34.8400
SRR23343447	Apis laboriosa	China: Tibet, Rikaze	AD_Malaysia	663124	663223	30.9400
SRR23343447	Apis laboriosa	China: Tibet, Rikaze	AD_Malaysia	663224	663323	26.3500
SRR23343447	Apis laboriosa	China: Tibet, Rikaze	AD_Malaysia	663324	663423	21.2300
SRR23343447	Apis laboriosa	China: Tibet, Rikaze	AD_Malaysia	663424	663523	21.0700
SRR23343447	Apis laboriosa	China: Tibet, Rikaze	AD_Malaysia	663524	663623	19.7200
SRR23343447	Apis laboriosa	China: Tibet, Rikaze	AD_Malaysia	663624	663723	28.2000
SRR23343447	Apis laboriosa	China: Tibet, Rikaze	AD_Malaysia	663724	663823	32.9500
SRR23343447	Apis laboriosa	China: Tibet, Rikaze	AD_Malaysia	663824	663923	24.6000
SRR23343447	Apis laboriosa	China: Tibet, Rikaze	AD_Malaysia	663924	664023	28.5400
SRR23343447	Apis laboriosa	China: Tibet, Rikaze	AD_Malaysia	664024	664123	25.2400
SRR23343447	Apis laboriosa	China: Tibet, Rikaze	AD_Malaysia	664124	664223	22.2900
SRR23343447	Apis laboriosa	China: Tibet, Rikaze	AD_Malaysia	664224	664261	24.2368
SRR23343448	Apis laboriosa	China: Tibet, Linzhi	AD_Malaysia	656224	656323	32.7700
SRR23343448	Apis laboriosa	China: Tibet, Linzhi	AD_Malaysia	656324	656423	29.6000
SRR23343448	Apis laboriosa	China: Tibet, Linzhi	AD_Malaysia	656424	656523	34.4400
SRR23343448	Apis laboriosa	China: Tibet, Linzhi	AD_Malaysia	656524	656623	37.8300
SRR23343448	Apis laboriosa	China: Tibet, Linzhi	AD_Malaysia	656624	656723	41.2600
SRR23343448	Apis laboriosa	China: Tibet, Linzhi	AD_Malaysia	656724	656823	36.5100
SRR23343448	Apis laboriosa	China: Tibet, Linzhi	AD_Malaysia	656824	656923	35.3100
SRR23343448	Apis laboriosa	China: Tibet, Linzhi	AD_Malaysia	656924	657023	34.6100
SRR23343448	Apis laboriosa	China: Tibet, Linzhi	AD_Malaysia	657024	657123	40.3500
SRR23343448	Apis laboriosa	China: Tibet, Linzhi	AD_Malaysia	657124	657223	36.9200
SRR23343448	Apis laboriosa	China: Tibet, Linzhi	AD_Malaysia	657224	657323	33.9700
SRR23343448	Apis laboriosa	China: Tibet, Linzhi	AD_Malaysia	657324	657423	36.5600
SRR23343448	Apis laboriosa	China: Tibet, Linzhi	AD_Malaysia	657424	657523	30.7200
SRR23343448	Apis laboriosa	China: Tibet, Linzhi	AD_Malaysia	657524	657623	27.0300
SRR23343448	Apis laboriosa	China: Tibet, Linzhi	AD_Malaysia	657624	657723	30.1200
SRR23343448	Apis laboriosa	China: Tibet, Linzhi	AD_Malaysia	657724	657823	29.3700
SRR23343448	Apis laboriosa	China: Tibet, Linzhi	AD_Malaysia	657824	657923	27.2900
SRR23343448	Apis laboriosa	China: Tibet, Linzhi	AD_Malaysia	657924	658023	31.7400
SRR23343448	Apis laboriosa	China: Tibet, Linzhi	AD_Malaysia	658024	658123	30.8500
SRR23343448	Apis laboriosa	China: Tibet, Linzhi	AD_Malaysia	658124	658223	33.5800
SRR23343448	Apis laboriosa	China: Tibet, Linzhi	AD_Malaysia	658224	658323	41.4600
SRR23343448	Apis laboriosa	China: Tibet, Linzhi	AD_Malaysia	658324	658423	33.5100
SRR23343448	Apis laboriosa	China: Tibet, Linzhi	AD_Malaysia	658424	658523	35.4800
SRR23343448	Apis laboriosa	China: Tibet, Linzhi	AD_Malaysia	658524	658623	39.7600
SRR23343448	Apis laboriosa	China: Tibet, Linzhi	AD_Malaysia	658624	658723	36.9800
SRR23343448	Apis laboriosa	China: Tibet, Linzhi	AD_Malaysia	658724	658823	33.5700
SRR23343448	Apis laboriosa	China: Tibet, Linzhi	AD_Malaysia	658824	658923	35.1800
SRR23343448	Apis laboriosa	China: Tibet, Linzhi	AD_Malaysia	658924	659023	45.4800
SRR23343448	Apis laboriosa	China: Tibet, Linzhi	AD_Malaysia	659024	659123	34.2400
SRR23343448	Apis laboriosa	China: Tibet, Linzhi	AD_Malaysia	659124	659223	30.2900
SRR23343448	Apis laboriosa	China: Tibet, Linzhi	AD_Malaysia	659224	659323	28.2800
SRR23343448	Apis laboriosa	China: Tibet, Linzhi	AD_Malaysia	659324	659423	28.2200
SRR23343448	Apis laboriosa	China: Tibet, Linzhi	AD_Malaysia	659424	659523	27.1200
SRR23343448	Apis laboriosa	China: Tibet, Linzhi	AD_Malaysia	659524	659623	19.2000
SRR23343448	Apis laboriosa	China: Tibet, Linzhi	AD_Malaysia	659624	659723	19.6700
SRR23343448	Apis laboriosa	China: Tibet, Linzhi	AD_Malaysia	659724	659823	22.6300
SRR23343448	Apis laboriosa	China: Tibet, Linzhi	AD_Malaysia	659824	659923	22.2000
SRR23343448	Apis laboriosa	China: Tibet, Linzhi	AD_Malaysia	659924	660023	24.6700
SRR23343448	Apis laboriosa	China: Tibet, Linzhi	AD_Malaysia	660024	660123	26.7000
SRR23343448	Apis laboriosa	China: Tibet, Linzhi	AD_Malaysia	660124	660223	29.0200
SRR23343448	Apis laboriosa	China: Tibet, Linzhi	AD_Malaysia	660224	660323	26.5300
SRR23343448	Apis laboriosa	China: Tibet, Linzhi	AD_Malaysia	660324	660423	26.5500
SRR23343448	Apis laboriosa	China: Tibet, Linzhi	AD_Malaysia	660424	660523	27.9000
SRR23343448	Apis laboriosa	China: Tibet, Linzhi	AD_Malaysia	660524	660623	27.2600
SRR23343448	Apis laboriosa	China: Tibet, Linzhi	AD_Malaysia	660624	660723	17.5400
SRR23343448	Apis laboriosa	China: Tibet, Linzhi	AD_Malaysia	660724	660823	17.2400
SRR23343448	Apis laboriosa	China: Tibet, Linzhi	AD_Malaysia	660824	660923	18.8200
SRR23343448	Apis laboriosa	China: Tibet, Linzhi	AD_Malaysia	660924	661023	16.6800
SRR23343448	Apis laboriosa	China: Tibet, Linzhi	AD_Malaysia	661024	661123	21.3700
SRR23343448	Apis laboriosa	China: Tibet, Linzhi	AD_Malaysia	661124	661223	26.7600
SRR23343448	Apis laboriosa	China: Tibet, Linzhi	AD_Malaysia	661224	661323	31.6100
SRR23343448	Apis laboriosa	China: Tibet, Linzhi	AD_Malaysia	661324	661423	32.4900
SRR23343448	Apis laboriosa	China: Tibet, Linzhi	AD_Malaysia	661424	661523	33.9800
SRR23343448	Apis laboriosa	China: Tibet, Linzhi	AD_Malaysia	661524	661623	36.0700
SRR23343448	Apis laboriosa	China: Tibet, Linzhi	AD_Malaysia	661624	661723	32.3000
SRR23343448	Apis laboriosa	China: Tibet, Linzhi	AD_Malaysia	661724	661823	33.0400
SRR23343448	Apis laboriosa	China: Tibet, Linzhi	AD_Malaysia	661824	661923	35.8600
SRR23343448	Apis laboriosa	China: Tibet, Linzhi	AD_Malaysia	661924	662023	30.0800
SRR23343448	Apis laboriosa	China: Tibet, Linzhi	AD_Malaysia	662024	662123	26.2500
SRR23343448	Apis laboriosa	China: Tibet, Linzhi	AD_Malaysia	662124	662223	29.9300
SRR23343448	Apis laboriosa	China: Tibet, Linzhi	AD_Malaysia	662224	662323	28.0800
SRR23343448	Apis laboriosa	China: Tibet, Linzhi	AD_Malaysia	662324	662423	29.5100
SRR23343448	Apis laboriosa	China: Tibet, Linzhi	AD_Malaysia	662424	662523	35.4800
SRR23343448	Apis laboriosa	China: Tibet, Linzhi	AD_Malaysia	662524	662623	33.5700
SRR23343448	Apis laboriosa	China: Tibet, Linzhi	AD_Malaysia	662624	662723	35.3300
SRR23343448	Apis laboriosa	China: Tibet, Linzhi	AD_Malaysia	662724	662823	32.0900
SRR23343448	Apis laboriosa	China: Tibet, Linzhi	AD_Malaysia	662824	662923	29.1900
SRR23343448	Apis laboriosa	China: Tibet, Linzhi	AD_Malaysia	662924	663023	25.1300
SRR23343448	Apis laboriosa	China: Tibet, Linzhi	AD_Malaysia	663024	663123	35.3000
SRR23343448	Apis laboriosa	China: Tibet, Linzhi	AD_Malaysia	663124	663223	30.9400
SRR23343448	Apis laboriosa	China: Tibet, Linzhi	AD_Malaysia	663224	663323	21.3800
SRR23343448	Apis laboriosa	China: Tibet, Linzhi	AD_Malaysia	663324	663423	31.2700
SRR23343448	Apis laboriosa	China: Tibet, Linzhi	AD_Malaysia	663424	663523	31.7200
SRR23343448	Apis laboriosa	China: Tibet, Linzhi	AD_Malaysia	663524	663623	23.6200
SRR23343448	Apis laboriosa	China: Tibet, Linzhi	AD_Malaysia	663624	663723	25.5700
SRR23343448	Apis laboriosa	China: Tibet, Linzhi	AD_Malaysia	663724	663823	31.8400
SRR23343448	Apis laboriosa	China: Tibet, Linzhi	AD_Malaysia	663824	663923	32.3600
SRR23343448	Apis laboriosa	China: Tibet, Linzhi	AD_Malaysia	663924	664023	28.1200
SRR23343448	Apis laboriosa	China: Tibet, Linzhi	AD_Malaysia	664024	664123	29.9800
SRR23343448	Apis laboriosa	China: Tibet, Linzhi	AD_Malaysia	664124	664223	27.5100
SRR23343448	Apis laboriosa	China: Tibet, Linzhi	AD_Malaysia	664224	664261	25.4737
SRR23343449	Apis dorsata	China: Yunnan, Xishuangbanna	AD_Malaysia	656224	656323	31.1200
SRR23343449	Apis dorsata	China: Yunnan, Xishuangbanna	AD_Malaysia	656324	656423	28.3500
SRR23343449	Apis dorsata	China: Yunnan, Xishuangbanna	AD_Malaysia	656424	656523	23.9200
SRR23343449	Apis dorsata	China: Yunnan, Xishuangbanna	AD_Malaysia	656524	656623	22.0500
SRR23343449	Apis dorsata	China: Yunnan, Xishuangbanna	AD_Malaysia	656624	656723	22.0700
SRR23343449	Apis dorsata	China: Yunnan, Xishuangbanna	AD_Malaysia	656724	656823	24.6200
SRR23343449	Apis dorsata	China: Yunnan, Xishuangbanna	AD_Malaysia	656824	656923	25.7700
SRR23343449	Apis dorsata	China: Yunnan, Xishuangbanna	AD_Malaysia	656924	657023	32.1800
SRR23343449	Apis dorsata	China: Yunnan, Xishuangbanna	AD_Malaysia	657024	657123	27.0800
SRR23343449	Apis dorsata	China: Yunnan, Xishuangbanna	AD_Malaysia	657124	657223	29.3300
SRR23343449	Apis dorsata	China: Yunnan, Xishuangbanna	AD_Malaysia	657224	657323	36.3700
SRR23343449	Apis dorsata	China: Yunnan, Xishuangbanna	AD_Malaysia	657324	657423	32.4400
SRR23343449	Apis dorsata	China: Yunnan, Xishuangbanna	AD_Malaysia	657424	657523	30.2400
SRR23343449	Apis dorsata	China: Yunnan, Xishuangbanna	AD_Malaysia	657524	657623	26.6200
SRR23343449	Apis dorsata	China: Yunnan, Xishuangbanna	AD_Malaysia	657624	657723	27.6400
SRR23343449	Apis dorsata	China: Yunnan, Xishuangbanna	AD_Malaysia	657724	657823	27.6100
SRR23343449	Apis dorsata	China: Yunnan, Xishuangbanna	AD_Malaysia	657824	657923	33.4300
SRR23343449	Apis dorsata	China: Yunnan, Xishuangbanna	AD_Malaysia	657924	658023	32.8400
SRR23343449	Apis dorsata	China: Yunnan, Xishuangbanna	AD_Malaysia	658024	658123	37.4500
SRR23343449	Apis dorsata	China: Yunnan, Xishuangbanna	AD_Malaysia	658124	658223	39.5800
SRR23343449	Apis dorsata	China: Yunnan, Xishuangbanna	AD_Malaysia	658224	658323	36.2400
SRR23343449	Apis dorsata	China: Yunnan, Xishuangbanna	AD_Malaysia	658324	658423	37.0800
SRR23343449	Apis dorsata	China: Yunnan, Xishuangbanna	AD_Malaysia	658424	658523	34.6300
SRR23343449	Apis dorsata	China: Yunnan, Xishuangbanna	AD_Malaysia	658524	658623	31.9500
SRR23343449	Apis dorsata	China: Yunnan, Xishuangbanna	AD_Malaysia	658624	658723	28.4900
SRR23343449	Apis dorsata	China: Yunnan, Xishuangbanna	AD_Malaysia	658724	658823	31.5700
SRR23343449	Apis dorsata	China: Yunnan, Xishuangbanna	AD_Malaysia	658824	658923	32.9800
SRR23343449	Apis dorsata	China: Yunnan, Xishuangbanna	AD_Malaysia	658924	659023	31.5500
SRR23343449	Apis dorsata	China: Yunnan, Xishuangbanna	AD_Malaysia	659024	659123	23.1700
SRR23343449	Apis dorsata	China: Yunnan, Xishuangbanna	AD_Malaysia	659124	659223	28.6600
SRR23343449	Apis dorsata	China: Yunnan, Xishuangbanna	AD_Malaysia	659224	659323	33.2800
SRR23343449	Apis dorsata	China: Yunnan, Xishuangbanna	AD_Malaysia	659324	659423	34.7900
SRR23343449	Apis dorsata	China: Yunnan, Xishuangbanna	AD_Malaysia	659424	659523	27.8700
SRR23343449	Apis dorsata	China: Yunnan, Xishuangbanna	AD_Malaysia	659524	659623	22.8400
SRR23343449	Apis dorsata	China: Yunnan, Xishuangbanna	AD_Malaysia	659624	659723	27.5100
SRR23343449	Apis dorsata	China: Yunnan, Xishuangbanna	AD_Malaysia	659724	659823	24.0000
SRR23343449	Apis dorsata	China: Yunnan, Xishuangbanna	AD_Malaysia	659824	659923	25.2300
SRR23343449	Apis dorsata	China: Yunnan, Xishuangbanna	AD_Malaysia	659924	660023	24.4700
SRR23343449	Apis dorsata	China: Yunnan, Xishuangbanna	AD_Malaysia	660024	660123	20.7200
SRR23343449	Apis dorsata	China: Yunnan, Xishuangbanna	AD_Malaysia	660124	660223	23.7600
SRR23343449	Apis dorsata	China: Yunnan, Xishuangbanna	AD_Malaysia	660224	660323	28.9400
SRR23343449	Apis dorsata	China: Yunnan, Xishuangbanna	AD_Malaysia	660324	660423	28.2600
SRR23343449	Apis dorsata	China: Yunnan, Xishuangbanna	AD_Malaysia	660424	660523	27.2900
SRR23343449	Apis dorsata	China: Yunnan, Xishuangbanna	AD_Malaysia	660524	660623	26.8500
SRR23343449	Apis dorsata	China: Yunnan, Xishuangbanna	AD_Malaysia	660624	660723	26.5900
SRR23343449	Apis dorsata	China: Yunnan, Xishuangbanna	AD_Malaysia	660724	660823	29.0700
SRR23343449	Apis dorsata	China: Yunnan, Xishuangbanna	AD_Malaysia	660824	660923	32.1700
SRR23343449	Apis dorsata	China: Yunnan, Xishuangbanna	AD_Malaysia	660924	661023	27.0000
SRR23343449	Apis dorsata	China: Yunnan, Xishuangbanna	AD_Malaysia	661024	661123	25.3100
SRR23343449	Apis dorsata	China: Yunnan, Xishuangbanna	AD_Malaysia	661124	661223	29.6600
SRR23343449	Apis dorsata	China: Yunnan, Xishuangbanna	AD_Malaysia	661224	661323	22.6200
SRR23343449	Apis dorsata	China: Yunnan, Xishuangbanna	AD_Malaysia	661324	661423	23.0100
SRR23343449	Apis dorsata	China: Yunnan, Xishuangbanna	AD_Malaysia	661424	661523	28.9000
SRR23343449	Apis dorsata	China: Yunnan, Xishuangbanna	AD_Malaysia	661524	661623	30.8200
SRR23343449	Apis dorsata	China: Yunnan, Xishuangbanna	AD_Malaysia	661624	661723	25.6800
SRR23343449	Apis dorsata	China: Yunnan, Xishuangbanna	AD_Malaysia	661724	661823	24.0600
SRR23343449	Apis dorsata	China: Yunnan, Xishuangbanna	AD_Malaysia	661824	661923	25.5700
SRR23343449	Apis dorsata	China: Yunnan, Xishuangbanna	AD_Malaysia	661924	662023	22.7400
SRR23343449	Apis dorsata	China: Yunnan, Xishuangbanna	AD_Malaysia	662024	662123	28.4800
SRR23343449	Apis dorsata	China: Yunnan, Xishuangbanna	AD_Malaysia	662124	662223	32.9700
SRR23343449	Apis dorsata	China: Yunnan, Xishuangbanna	AD_Malaysia	662224	662323	32.1500
SRR23343449	Apis dorsata	China: Yunnan, Xishuangbanna	AD_Malaysia	662324	662423	30.8400
SRR23343449	Apis dorsata	China: Yunnan, Xishuangbanna	AD_Malaysia	662424	662523	29.6800
SRR23343449	Apis dorsata	China: Yunnan, Xishuangbanna	AD_Malaysia	662524	662623	25.1500
SRR23343449	Apis dorsata	China: Yunnan, Xishuangbanna	AD_Malaysia	662624	662723	21.6300
SRR23343449	Apis dorsata	China: Yunnan, Xishuangbanna	AD_Malaysia	662724	662823	24.5500
SRR23343449	Apis dorsata	China: Yunnan, Xishuangbanna	AD_Malaysia	662824	662923	27.7400
SRR23343449	Apis dorsata	China: Yunnan, Xishuangbanna	AD_Malaysia	662924	663023	24.1100
SRR23343449	Apis dorsata	China: Yunnan, Xishuangbanna	AD_Malaysia	663024	663123	27.7600
SRR23343449	Apis dorsata	China: Yunnan, Xishuangbanna	AD_Malaysia	663124	663223	32.9000
SRR23343449	Apis dorsata	China: Yunnan, Xishuangbanna	AD_Malaysia	663224	663323	26.2500
SRR23343449	Apis dorsata	China: Yunnan, Xishuangbanna	AD_Malaysia	663324	663423	19.2900
SRR23343449	Apis dorsata	China: Yunnan, Xishuangbanna	AD_Malaysia	663424	663523	21.2000
SRR23343449	Apis dorsata	China: Yunnan, Xishuangbanna	AD_Malaysia	663524	663623	18.5600
SRR23343449	Apis dorsata	China: Yunnan, Xishuangbanna	AD_Malaysia	663624	663723	18.0500
SRR23343449	Apis dorsata	China: Yunnan, Xishuangbanna	AD_Malaysia	663724	663823	21.3800
SRR23343449	Apis dorsata	China: Yunnan, Xishuangbanna	AD_Malaysia	663824	663923	22.5800
SRR23343449	Apis dorsata	China: Yunnan, Xishuangbanna	AD_Malaysia	663924	664023	25.7600
SRR23343449	Apis dorsata	China: Yunnan, Xishuangbanna	AD_Malaysia	664024	664123	25.0300
SRR23343449	Apis dorsata	China: Yunnan, Xishuangbanna	AD_Malaysia	664124	664223	22.7600
SRR23343449	Apis dorsata	China: Yunnan, Xishuangbanna	AD_Malaysia	664224	664261	18.8421
SRR23343450	Apis laboriosa	China: Tibet, Linzhi	AD_Malaysia	656224	656323	39.1900
SRR23343450	Apis laboriosa	China: Tibet, Linzhi	AD_Malaysia	656324	656423	43.0000
SRR23343450	Apis laboriosa	China: Tibet, Linzhi	AD_Malaysia	656424	656523	41.8500
SRR23343450	Apis laboriosa	China: Tibet, Linzhi	AD_Malaysia	656524	656623	40.0600
SRR23343450	Apis laboriosa	China: Tibet, Linzhi	AD_Malaysia	656624	656723	39.5700
SRR23343450	Apis laboriosa	China: Tibet, Linzhi	AD_Malaysia	656724	656823	32.1700
SRR23343450	Apis laboriosa	China: Tibet, Linzhi	AD_Malaysia	656824	656923	33.5000
SRR23343450	Apis laboriosa	China: Tibet, Linzhi	AD_Malaysia	656924	657023	35.9500
SRR23343450	Apis laboriosa	China: Tibet, Linzhi	AD_Malaysia	657024	657123	34.5900
SRR23343450	Apis laboriosa	China: Tibet, Linzhi	AD_Malaysia	657124	657223	36.6700
SRR23343450	Apis laboriosa	China: Tibet, Linzhi	AD_Malaysia	657224	657323	43.7700
SRR23343450	Apis laboriosa	China: Tibet, Linzhi	AD_Malaysia	657324	657423	45.7700
SRR23343450	Apis laboriosa	China: Tibet, Linzhi	AD_Malaysia	657424	657523	40.3800
SRR23343450	Apis laboriosa	China: Tibet, Linzhi	AD_Malaysia	657524	657623	32.3400
SRR23343450	Apis laboriosa	China: Tibet, Linzhi	AD_Malaysia	657624	657723	42.5500
SRR23343450	Apis laboriosa	China: Tibet, Linzhi	AD_Malaysia	657724	657823	40.5500
SRR23343450	Apis laboriosa	China: Tibet, Linzhi	AD_Malaysia	657824	657923	35.9000
SRR23343450	Apis laboriosa	China: Tibet, Linzhi	AD_Malaysia	657924	658023	34.6600
SRR23343450	Apis laboriosa	China: Tibet, Linzhi	AD_Malaysia	658024	658123	40.1000
SRR23343450	Apis laboriosa	China: Tibet, Linzhi	AD_Malaysia	658124	658223	34.0200
SRR23343450	Apis laboriosa	China: Tibet, Linzhi	AD_Malaysia	658224	658323	32.9900
SRR23343450	Apis laboriosa	China: Tibet, Linzhi	AD_Malaysia	658324	658423	32.8200
SRR23343450	Apis laboriosa	China: Tibet, Linzhi	AD_Malaysia	658424	658523	38.9700
SRR23343450	Apis laboriosa	China: Tibet, Linzhi	AD_Malaysia	658524	658623	36.4800
SRR23343450	Apis laboriosa	China: Tibet, Linzhi	AD_Malaysia	658624	658723	29.7500
SRR23343450	Apis laboriosa	China: Tibet, Linzhi	AD_Malaysia	658724	658823	34.9900
SRR23343450	Apis laboriosa	China: Tibet, Linzhi	AD_Malaysia	658824	658923	43.9800
SRR23343450	Apis laboriosa	China: Tibet, Linzhi	AD_Malaysia	658924	659023	42.7600
SRR23343450	Apis laboriosa	China: Tibet, Linzhi	AD_Malaysia	659024	659123	35.4400
SRR23343450	Apis laboriosa	China: Tibet, Linzhi	AD_Malaysia	659124	659223	46.4000
SRR23343450	Apis laboriosa	China: Tibet, Linzhi	AD_Malaysia	659224	659323	43.6800
SRR23343450	Apis laboriosa	China: Tibet, Linzhi	AD_Malaysia	659324	659423	33.8400
SRR23343450	Apis laboriosa	China: Tibet, Linzhi	AD_Malaysia	659424	659523	28.7200
SRR23343450	Apis laboriosa	China: Tibet, Linzhi	AD_Malaysia	659524	659623	22.6400
SRR23343450	Apis laboriosa	China: Tibet, Linzhi	AD_Malaysia	659624	659723	31.2300
SRR23343450	Apis laboriosa	China: Tibet, Linzhi	AD_Malaysia	659724	659823	34.0600
SRR23343450	Apis laboriosa	China: Tibet, Linzhi	AD_Malaysia	659824	659923	32.7400
SRR23343450	Apis laboriosa	China: Tibet, Linzhi	AD_Malaysia	659924	660023	39.9700
SRR23343450	Apis laboriosa	China: Tibet, Linzhi	AD_Malaysia	660024	660123	39.2200
SRR23343450	Apis laboriosa	China: Tibet, Linzhi	AD_Malaysia	660124	660223	37.8000
SRR23343450	Apis laboriosa	China: Tibet, Linzhi	AD_Malaysia	660224	660323	38.0600
SRR23343450	Apis laboriosa	China: Tibet, Linzhi	AD_Malaysia	660324	660423	31.4800
SRR23343450	Apis laboriosa	China: Tibet, Linzhi	AD_Malaysia	660424	660523	42.2300
SRR23343450	Apis laboriosa	China: Tibet, Linzhi	AD_Malaysia	660524	660623	39.7100
SRR23343450	Apis laboriosa	China: Tibet, Linzhi	AD_Malaysia	660624	660723	38.8700
SRR23343450	Apis laboriosa	China: Tibet, Linzhi	AD_Malaysia	660724	660823	40.9600
SRR23343450	Apis laboriosa	China: Tibet, Linzhi	AD_Malaysia	660824	660923	36.3900
SRR23343450	Apis laboriosa	China: Tibet, Linzhi	AD_Malaysia	660924	661023	32.0600
SRR23343450	Apis laboriosa	China: Tibet, Linzhi	AD_Malaysia	661024	661123	31.0400
SRR23343450	Apis laboriosa	China: Tibet, Linzhi	AD_Malaysia	661124	661223	26.4500
SRR23343450	Apis laboriosa	China: Tibet, Linzhi	AD_Malaysia	661224	661323	28.3300
SRR23343450	Apis laboriosa	China: Tibet, Linzhi	AD_Malaysia	661324	661423	35.8100
SRR23343450	Apis laboriosa	China: Tibet, Linzhi	AD_Malaysia	661424	661523	38.4000
SRR23343450	Apis laboriosa	China: Tibet, Linzhi	AD_Malaysia	661524	661623	41.8700
SRR23343450	Apis laboriosa	China: Tibet, Linzhi	AD_Malaysia	661624	661723	40.0300
SRR23343450	Apis laboriosa	China: Tibet, Linzhi	AD_Malaysia	661724	661823	37.9500
SRR23343450	Apis laboriosa	China: Tibet, Linzhi	AD_Malaysia	661824	661923	34.8000
SRR23343450	Apis laboriosa	China: Tibet, Linzhi	AD_Malaysia	661924	662023	27.3200
SRR23343450	Apis laboriosa	China: Tibet, Linzhi	AD_Malaysia	662024	662123	30.4700
SRR23343450	Apis laboriosa	China: Tibet, Linzhi	AD_Malaysia	662124	662223	34.5800
SRR23343450	Apis laboriosa	China: Tibet, Linzhi	AD_Malaysia	662224	662323	29.6900
SRR23343450	Apis laboriosa	China: Tibet, Linzhi	AD_Malaysia	662324	662423	26.6400
SRR23343450	Apis laboriosa	China: Tibet, Linzhi	AD_Malaysia	662424	662523	35.7800
SRR23343450	Apis laboriosa	China: Tibet, Linzhi	AD_Malaysia	662524	662623	43.0300
SRR23343450	Apis laboriosa	China: Tibet, Linzhi	AD_Malaysia	662624	662723	36.7300
SRR23343450	Apis laboriosa	China: Tibet, Linzhi	AD_Malaysia	662724	662823	38.6600
SRR23343450	Apis laboriosa	China: Tibet, Linzhi	AD_Malaysia	662824	662923	43.3500
SRR23343450	Apis laboriosa	China: Tibet, Linzhi	AD_Malaysia	662924	663023	40.7200
SRR23343450	Apis laboriosa	China: Tibet, Linzhi	AD_Malaysia	663024	663123	40.0500
SRR23343450	Apis laboriosa	China: Tibet, Linzhi	AD_Malaysia	663124	663223	36.8500
SRR23343450	Apis laboriosa	China: Tibet, Linzhi	AD_Malaysia	663224	663323	32.4200
SRR23343450	Apis laboriosa	China: Tibet, Linzhi	AD_Malaysia	663324	663423	40.1000
SRR23343450	Apis laboriosa	China: Tibet, Linzhi	AD_Malaysia	663424	663523	29.9300
SRR23343450	Apis laboriosa	China: Tibet, Linzhi	AD_Malaysia	663524	663623	31.1400
SRR23343450	Apis laboriosa	China: Tibet, Linzhi	AD_Malaysia	663624	663723	33.9400
SRR23343450	Apis laboriosa	China: Tibet, Linzhi	AD_Malaysia	663724	663823	30.1800
SRR23343450	Apis laboriosa	China: Tibet, Linzhi	AD_Malaysia	663824	663923	29.2000
SRR23343450	Apis laboriosa	China: Tibet, Linzhi	AD_Malaysia	663924	664023	31.0200
SRR23343450	Apis laboriosa	China: Tibet, Linzhi	AD_Malaysia	664024	664123	27.8300
SRR23343450	Apis laboriosa	China: Tibet, Linzhi	AD_Malaysia	664124	664223	22.5900
SRR23343450	Apis laboriosa	China: Tibet, Linzhi	AD_Malaysia	664224	664261	21.7632
SRR23343451	Apis laboriosa	China: Tibet, Linzhi	AD_Malaysia	656224	656323	24.3600
SRR23343451	Apis laboriosa	China: Tibet, Linzhi	AD_Malaysia	656324	656423	24.1500
SRR23343451	Apis laboriosa	China: Tibet, Linzhi	AD_Malaysia	656424	656523	21.7200
SRR23343451	Apis laboriosa	China: Tibet, Linzhi	AD_Malaysia	656524	656623	23.1000
SRR23343451	Apis laboriosa	China: Tibet, Linzhi	AD_Malaysia	656624	656723	20.7500
SRR23343451	Apis laboriosa	China: Tibet, Linzhi	AD_Malaysia	656724	656823	22.1300
SRR23343451	Apis laboriosa	China: Tibet, Linzhi	AD_Malaysia	656824	656923	25.9900
SRR23343451	Apis laboriosa	China: Tibet, Linzhi	AD_Malaysia	656924	657023	28.5800
SRR23343451	Apis laboriosa	China: Tibet, Linzhi	AD_Malaysia	657024	657123	31.1700
SRR23343451	Apis laboriosa	China: Tibet, Linzhi	AD_Malaysia	657124	657223	31.6100
SRR23343451	Apis laboriosa	China: Tibet, Linzhi	AD_Malaysia	657224	657323	39.3000
SRR23343451	Apis laboriosa	China: Tibet, Linzhi	AD_Malaysia	657324	657423	29.9100
SRR23343451	Apis laboriosa	China: Tibet, Linzhi	AD_Malaysia	657424	657523	31.3100
SRR23343451	Apis laboriosa	China: Tibet, Linzhi	AD_Malaysia	657524	657623	30.9300
SRR23343451	Apis laboriosa	China: Tibet, Linzhi	AD_Malaysia	657624	657723	24.2000
SRR23343451	Apis laboriosa	China: Tibet, Linzhi	AD_Malaysia	657724	657823	23.4400
SRR23343451	Apis laboriosa	China: Tibet, Linzhi	AD_Malaysia	657824	657923	22.5700
SRR23343451	Apis laboriosa	China: Tibet, Linzhi	AD_Malaysia	657924	658023	32.3400
SRR23343451	Apis laboriosa	China: Tibet, Linzhi	AD_Malaysia	658024	658123	38.3000
SRR23343451	Apis laboriosa	China: Tibet, Linzhi	AD_Malaysia	658124	658223	28.7000
SRR23343451	Apis laboriosa	China: Tibet, Linzhi	AD_Malaysia	658224	658323	35.2100
SRR23343451	Apis laboriosa	China: Tibet, Linzhi	AD_Malaysia	658324	658423	30.5400
SRR23343451	Apis laboriosa	China: Tibet, Linzhi	AD_Malaysia	658424	658523	32.2500
SRR23343451	Apis laboriosa	China: Tibet, Linzhi	AD_Malaysia	658524	658623	32.8800
SRR23343451	Apis laboriosa	China: Tibet, Linzhi	AD_Malaysia	658624	658723	23.0700
SRR23343451	Apis laboriosa	China: Tibet, Linzhi	AD_Malaysia	658724	658823	28.5400
SRR23343451	Apis laboriosa	China: Tibet, Linzhi	AD_Malaysia	658824	658923	28.1500
SRR23343451	Apis laboriosa	China: Tibet, Linzhi	AD_Malaysia	658924	659023	34.2300
SRR23343451	Apis laboriosa	China: Tibet, Linzhi	AD_Malaysia	659024	659123	27.9000
SRR23343451	Apis laboriosa	China: Tibet, Linzhi	AD_Malaysia	659124	659223	26.3100
SRR23343451	Apis laboriosa	China: Tibet, Linzhi	AD_Malaysia	659224	659323	25.0800
SRR23343451	Apis laboriosa	China: Tibet, Linzhi	AD_Malaysia	659324	659423	27.2600
SRR23343451	Apis laboriosa	China: Tibet, Linzhi	AD_Malaysia	659424	659523	27.4300
SRR23343451	Apis laboriosa	China: Tibet, Linzhi	AD_Malaysia	659524	659623	23.5200
SRR23343451	Apis laboriosa	China: Tibet, Linzhi	AD_Malaysia	659624	659723	30.5000
SRR23343451	Apis laboriosa	China: Tibet, Linzhi	AD_Malaysia	659724	659823	28.6500
SRR23343451	Apis laboriosa	China: Tibet, Linzhi	AD_Malaysia	659824	659923	29.9700
SRR23343451	Apis laboriosa	China: Tibet, Linzhi	AD_Malaysia	659924	660023	21.4100
SRR23343451	Apis laboriosa	China: Tibet, Linzhi	AD_Malaysia	660024	660123	13.9700
SRR23343451	Apis laboriosa	China: Tibet, Linzhi	AD_Malaysia	660124	660223	15.9500
SRR23343451	Apis laboriosa	China: Tibet, Linzhi	AD_Malaysia	660224	660323	24.7800
SRR23343451	Apis laboriosa	China: Tibet, Linzhi	AD_Malaysia	660324	660423	23.5500
SRR23343451	Apis laboriosa	China: Tibet, Linzhi	AD_Malaysia	660424	660523	31.9200
SRR23343451	Apis laboriosa	China: Tibet, Linzhi	AD_Malaysia	660524	660623	35.8900
SRR23343451	Apis laboriosa	China: Tibet, Linzhi	AD_Malaysia	660624	660723	37.9200
SRR23343451	Apis laboriosa	China: Tibet, Linzhi	AD_Malaysia	660724	660823	36.5000
SRR23343451	Apis laboriosa	China: Tibet, Linzhi	AD_Malaysia	660824	660923	31.8700
SRR23343451	Apis laboriosa	China: Tibet, Linzhi	AD_Malaysia	660924	661023	35.4500
SRR23343451	Apis laboriosa	China: Tibet, Linzhi	AD_Malaysia	661024	661123	26.3000
SRR23343451	Apis laboriosa	China: Tibet, Linzhi	AD_Malaysia	661124	661223	30.0700
SRR23343451	Apis laboriosa	China: Tibet, Linzhi	AD_Malaysia	661224	661323	32.5000
SRR23343451	Apis laboriosa	China: Tibet, Linzhi	AD_Malaysia	661324	661423	26.0700
SRR23343451	Apis laboriosa	China: Tibet, Linzhi	AD_Malaysia	661424	661523	25.6900
SRR23343451	Apis laboriosa	China: Tibet, Linzhi	AD_Malaysia	661524	661623	26.3800
SRR23343451	Apis laboriosa	China: Tibet, Linzhi	AD_Malaysia	661624	661723	22.6400
SRR23343451	Apis laboriosa	China: Tibet, Linzhi	AD_Malaysia	661724	661823	23.4800
SRR23343451	Apis laboriosa	China: Tibet, Linzhi	AD_Malaysia	661824	661923	27.5200
SRR23343451	Apis laboriosa	China: Tibet, Linzhi	AD_Malaysia	661924	662023	23.7600
SRR23343451	Apis laboriosa	China: Tibet, Linzhi	AD_Malaysia	662024	662123	25.9800
SRR23343451	Apis laboriosa	China: Tibet, Linzhi	AD_Malaysia	662124	662223	31.8700
SRR23343451	Apis laboriosa	China: Tibet, Linzhi	AD_Malaysia	662224	662323	28.8500
SRR23343451	Apis laboriosa	China: Tibet, Linzhi	AD_Malaysia	662324	662423	24.9300
SRR23343451	Apis laboriosa	China: Tibet, Linzhi	AD_Malaysia	662424	662523	23.6300
SRR23343451	Apis laboriosa	China: Tibet, Linzhi	AD_Malaysia	662524	662623	23.1600
SRR23343451	Apis laboriosa	China: Tibet, Linzhi	AD_Malaysia	662624	662723	24.4000
SRR23343451	Apis laboriosa	China: Tibet, Linzhi	AD_Malaysia	662724	662823	24.3800
SRR23343451	Apis laboriosa	China: Tibet, Linzhi	AD_Malaysia	662824	662923	25.7900
SRR23343451	Apis laboriosa	China: Tibet, Linzhi	AD_Malaysia	662924	663023	22.3800
SRR23343451	Apis laboriosa	China: Tibet, Linzhi	AD_Malaysia	663024	663123	19.9300
SRR23343451	Apis laboriosa	China: Tibet, Linzhi	AD_Malaysia	663124	663223	25.8000
SRR23343451	Apis laboriosa	China: Tibet, Linzhi	AD_Malaysia	663224	663323	23.7400
SRR23343451	Apis laboriosa	China: Tibet, Linzhi	AD_Malaysia	663324	663423	31.9300
SRR23343451	Apis laboriosa	China: Tibet, Linzhi	AD_Malaysia	663424	663523	30.9300
SRR23343451	Apis laboriosa	China: Tibet, Linzhi	AD_Malaysia	663524	663623	33.4000
SRR23343451	Apis laboriosa	China: Tibet, Linzhi	AD_Malaysia	663624	663723	30.0000
SRR23343451	Apis laboriosa	China: Tibet, Linzhi	AD_Malaysia	663724	663823	25.1800
SRR23343451	Apis laboriosa	China: Tibet, Linzhi	AD_Malaysia	663824	663923	17.2900
SRR23343451	Apis laboriosa	China: Tibet, Linzhi	AD_Malaysia	663924	664023	17.7600
SRR23343451	Apis laboriosa	China: Tibet, Linzhi	AD_Malaysia	664024	664123	11.1500
SRR23343451	Apis laboriosa	China: Tibet, Linzhi	AD_Malaysia	664124	664223	18.0500
SRR23343451	Apis laboriosa	China: Tibet, Linzhi	AD_Malaysia	664224	664261	18.5000
SRR23343452	Apis laboriosa	China: Tibet, Linzhi	AD_Malaysia	656224	656323	30.9800
SRR23343452	Apis laboriosa	China: Tibet, Linzhi	AD_Malaysia	656324	656423	40.2900
SRR23343452	Apis laboriosa	China: Tibet, Linzhi	AD_Malaysia	656424	656523	41.2200
SRR23343452	Apis laboriosa	China: Tibet, Linzhi	AD_Malaysia	656524	656623	35.3100
SRR23343452	Apis laboriosa	China: Tibet, Linzhi	AD_Malaysia	656624	656723	32.4600
SRR23343452	Apis laboriosa	China: Tibet, Linzhi	AD_Malaysia	656724	656823	29.9100
SRR23343452	Apis laboriosa	China: Tibet, Linzhi	AD_Malaysia	656824	656923	31.1100
SRR23343452	Apis laboriosa	China: Tibet, Linzhi	AD_Malaysia	656924	657023	28.5700
SRR23343452	Apis laboriosa	China: Tibet, Linzhi	AD_Malaysia	657024	657123	30.2400
SRR23343452	Apis laboriosa	China: Tibet, Linzhi	AD_Malaysia	657124	657223	33.5400
SRR23343452	Apis laboriosa	China: Tibet, Linzhi	AD_Malaysia	657224	657323	37.9800
SRR23343452	Apis laboriosa	China: Tibet, Linzhi	AD_Malaysia	657324	657423	45.0900
SRR23343452	Apis laboriosa	China: Tibet, Linzhi	AD_Malaysia	657424	657523	35.8800
SRR23343452	Apis laboriosa	China: Tibet, Linzhi	AD_Malaysia	657524	657623	37.2900
SRR23343452	Apis laboriosa	China: Tibet, Linzhi	AD_Malaysia	657624	657723	36.0400
SRR23343452	Apis laboriosa	China: Tibet, Linzhi	AD_Malaysia	657724	657823	39.4500
SRR23343452	Apis laboriosa	China: Tibet, Linzhi	AD_Malaysia	657824	657923	41.6600
SRR23343452	Apis laboriosa	China: Tibet, Linzhi	AD_Malaysia	657924	658023	46.4000
SRR23343452	Apis laboriosa	China: Tibet, Linzhi	AD_Malaysia	658024	658123	45.0100
SRR23343452	Apis laboriosa	China: Tibet, Linzhi	AD_Malaysia	658124	658223	37.0800
SRR23343452	Apis laboriosa	China: Tibet, Linzhi	AD_Malaysia	658224	658323	39.7500
SRR23343452	Apis laboriosa	China: Tibet, Linzhi	AD_Malaysia	658324	658423	33.7000
SRR23343452	Apis laboriosa	China: Tibet, Linzhi	AD_Malaysia	658424	658523	34.7600
SRR23343452	Apis laboriosa	China: Tibet, Linzhi	AD_Malaysia	658524	658623	36.5700
SRR23343452	Apis laboriosa	China: Tibet, Linzhi	AD_Malaysia	658624	658723	35.2900
SRR23343452	Apis laboriosa	China: Tibet, Linzhi	AD_Malaysia	658724	658823	31.1200
SRR23343452	Apis laboriosa	China: Tibet, Linzhi	AD_Malaysia	658824	658923	29.0100
SRR23343452	Apis laboriosa	China: Tibet, Linzhi	AD_Malaysia	658924	659023	32.4800
SRR23343452	Apis laboriosa	China: Tibet, Linzhi	AD_Malaysia	659024	659123	36.1300
SRR23343452	Apis laboriosa	China: Tibet, Linzhi	AD_Malaysia	659124	659223	45.1500
SRR23343452	Apis laboriosa	China: Tibet, Linzhi	AD_Malaysia	659224	659323	38.9400
SRR23343452	Apis laboriosa	China: Tibet, Linzhi	AD_Malaysia	659324	659423	39.5900
SRR23343452	Apis laboriosa	China: Tibet, Linzhi	AD_Malaysia	659424	659523	44.3900
SRR23343452	Apis laboriosa	China: Tibet, Linzhi	AD_Malaysia	659524	659623	36.4100
SRR23343452	Apis laboriosa	China: Tibet, Linzhi	AD_Malaysia	659624	659723	38.9700
SRR23343452	Apis laboriosa	China: Tibet, Linzhi	AD_Malaysia	659724	659823	49.4700
SRR23343452	Apis laboriosa	China: Tibet, Linzhi	AD_Malaysia	659824	659923	45.1600
SRR23343452	Apis laboriosa	China: Tibet, Linzhi	AD_Malaysia	659924	660023	38.4800
SRR23343452	Apis laboriosa	China: Tibet, Linzhi	AD_Malaysia	660024	660123	36.6200
SRR23343452	Apis laboriosa	China: Tibet, Linzhi	AD_Malaysia	660124	660223	38.9800
SRR23343452	Apis laboriosa	China: Tibet, Linzhi	AD_Malaysia	660224	660323	35.4800
SRR23343452	Apis laboriosa	China: Tibet, Linzhi	AD_Malaysia	660324	660423	41.9900
SRR23343452	Apis laboriosa	China: Tibet, Linzhi	AD_Malaysia	660424	660523	43.4300
SRR23343452	Apis laboriosa	China: Tibet, Linzhi	AD_Malaysia	660524	660623	48.6900
SRR23343452	Apis laboriosa	China: Tibet, Linzhi	AD_Malaysia	660624	660723	46.5200
SRR23343452	Apis laboriosa	China: Tibet, Linzhi	AD_Malaysia	660724	660823	47.3700
SRR23343452	Apis laboriosa	China: Tibet, Linzhi	AD_Malaysia	660824	660923	41.3800
SRR23343452	Apis laboriosa	China: Tibet, Linzhi	AD_Malaysia	660924	661023	39.9200
SRR23343452	Apis laboriosa	China: Tibet, Linzhi	AD_Malaysia	661024	661123	31.1300
SRR23343452	Apis laboriosa	China: Tibet, Linzhi	AD_Malaysia	661124	661223	31.1400
SRR23343452	Apis laboriosa	China: Tibet, Linzhi	AD_Malaysia	661224	661323	36.8200
SRR23343452	Apis laboriosa	China: Tibet, Linzhi	AD_Malaysia	661324	661423	27.8000
SRR23343452	Apis laboriosa	China: Tibet, Linzhi	AD_Malaysia	661424	661523	30.5600
SRR23343452	Apis laboriosa	China: Tibet, Linzhi	AD_Malaysia	661524	661623	33.3500
SRR23343452	Apis laboriosa	China: Tibet, Linzhi	AD_Malaysia	661624	661723	35.4200
SRR23343452	Apis laboriosa	China: Tibet, Linzhi	AD_Malaysia	661724	661823	28.4400
SRR23343452	Apis laboriosa	China: Tibet, Linzhi	AD_Malaysia	661824	661923	24.9800
SRR23343452	Apis laboriosa	China: Tibet, Linzhi	AD_Malaysia	661924	662023	26.5800
SRR23343452	Apis laboriosa	China: Tibet, Linzhi	AD_Malaysia	662024	662123	28.5300
SRR23343452	Apis laboriosa	China: Tibet, Linzhi	AD_Malaysia	662124	662223	33.9500
SRR23343452	Apis laboriosa	China: Tibet, Linzhi	AD_Malaysia	662224	662323	28.4600
SRR23343452	Apis laboriosa	China: Tibet, Linzhi	AD_Malaysia	662324	662423	33.1800
SRR23343452	Apis laboriosa	China: Tibet, Linzhi	AD_Malaysia	662424	662523	31.4200
SRR23343452	Apis laboriosa	China: Tibet, Linzhi	AD_Malaysia	662524	662623	27.8800
SRR23343452	Apis laboriosa	China: Tibet, Linzhi	AD_Malaysia	662624	662723	29.5200
SRR23343452	Apis laboriosa	China: Tibet, Linzhi	AD_Malaysia	662724	662823	23.6900
SRR23343452	Apis laboriosa	China: Tibet, Linzhi	AD_Malaysia	662824	662923	25.6700
SRR23343452	Apis laboriosa	China: Tibet, Linzhi	AD_Malaysia	662924	663023	29.7300
SRR23343452	Apis laboriosa	China: Tibet, Linzhi	AD_Malaysia	663024	663123	27.3500
SRR23343452	Apis laboriosa	China: Tibet, Linzhi	AD_Malaysia	663124	663223	31.2400
SRR23343452	Apis laboriosa	China: Tibet, Linzhi	AD_Malaysia	663224	663323	32.3900
SRR23343452	Apis laboriosa	China: Tibet, Linzhi	AD_Malaysia	663324	663423	26.3400
SRR23343452	Apis laboriosa	China: Tibet, Linzhi	AD_Malaysia	663424	663523	22.1800
SRR23343452	Apis laboriosa	China: Tibet, Linzhi	AD_Malaysia	663524	663623	34.2700
SRR23343452	Apis laboriosa	China: Tibet, Linzhi	AD_Malaysia	663624	663723	34.3700
SRR23343452	Apis laboriosa	China: Tibet, Linzhi	AD_Malaysia	663724	663823	32.3100
SRR23343452	Apis laboriosa	China: Tibet, Linzhi	AD_Malaysia	663824	663923	36.0200
SRR23343452	Apis laboriosa	China: Tibet, Linzhi	AD_Malaysia	663924	664023	33.6400
SRR23343452	Apis laboriosa	China: Tibet, Linzhi	AD_Malaysia	664024	664123	25.5700
SRR23343452	Apis laboriosa	China: Tibet, Linzhi	AD_Malaysia	664124	664223	33.7700
SRR23343452	Apis laboriosa	China: Tibet, Linzhi	AD_Malaysia	664224	664261	39.6579
SRR23343453	Apis laboriosa	China: Yunnan, Diqing	AD_Malaysia	656224	656323	25.5300
SRR23343453	Apis laboriosa	China: Yunnan, Diqing	AD_Malaysia	656324	656423	22.9300
SRR23343453	Apis laboriosa	China: Yunnan, Diqing	AD_Malaysia	656424	656523	17.4100
SRR23343453	Apis laboriosa	China: Yunnan, Diqing	AD_Malaysia	656524	656623	11.7700
SRR23343453	Apis laboriosa	China: Yunnan, Diqing	AD_Malaysia	656624	656723	13.9900
SRR23343453	Apis laboriosa	China: Yunnan, Diqing	AD_Malaysia	656724	656823	12.0000
SRR23343453	Apis laboriosa	China: Yunnan, Diqing	AD_Malaysia	656824	656923	12.6200
SRR23343453	Apis laboriosa	China: Yunnan, Diqing	AD_Malaysia	656924	657023	10.7400
SRR23343453	Apis laboriosa	China: Yunnan, Diqing	AD_Malaysia	657024	657123	11.7300
SRR23343453	Apis laboriosa	China: Yunnan, Diqing	AD_Malaysia	657124	657223	19.9900
SRR23343453	Apis laboriosa	China: Yunnan, Diqing	AD_Malaysia	657224	657323	21.2700
SRR23343453	Apis laboriosa	China: Yunnan, Diqing	AD_Malaysia	657324	657423	23.1100
SRR23343453	Apis laboriosa	China: Yunnan, Diqing	AD_Malaysia	657424	657523	25.4700
SRR23343453	Apis laboriosa	China: Yunnan, Diqing	AD_Malaysia	657524	657623	31.6800
SRR23343453	Apis laboriosa	China: Yunnan, Diqing	AD_Malaysia	657624	657723	27.8300
SRR23343453	Apis laboriosa	China: Yunnan, Diqing	AD_Malaysia	657724	657823	28.5800
SRR23343453	Apis laboriosa	China: Yunnan, Diqing	AD_Malaysia	657824	657923	25.0000
SRR23343453	Apis laboriosa	China: Yunnan, Diqing	AD_Malaysia	657924	658023	21.3100
SRR23343453	Apis laboriosa	China: Yunnan, Diqing	AD_Malaysia	658024	658123	20.8700
SRR23343453	Apis laboriosa	China: Yunnan, Diqing	AD_Malaysia	658124	658223	23.6600
SRR23343453	Apis laboriosa	China: Yunnan, Diqing	AD_Malaysia	658224	658323	35.1800
SRR23343453	Apis laboriosa	China: Yunnan, Diqing	AD_Malaysia	658324	658423	30.2500
SRR23343453	Apis laboriosa	China: Yunnan, Diqing	AD_Malaysia	658424	658523	31.7500
SRR23343453	Apis laboriosa	China: Yunnan, Diqing	AD_Malaysia	658524	658623	38.8800
SRR23343453	Apis laboriosa	China: Yunnan, Diqing	AD_Malaysia	658624	658723	30.0800
SRR23343453	Apis laboriosa	China: Yunnan, Diqing	AD_Malaysia	658724	658823	32.5700
SRR23343453	Apis laboriosa	China: Yunnan, Diqing	AD_Malaysia	658824	658923	28.3400
SRR23343453	Apis laboriosa	China: Yunnan, Diqing	AD_Malaysia	658924	659023	26.6600
SRR23343453	Apis laboriosa	China: Yunnan, Diqing	AD_Malaysia	659024	659123	21.3700
SRR23343453	Apis laboriosa	China: Yunnan, Diqing	AD_Malaysia	659124	659223	22.5500
SRR23343453	Apis laboriosa	China: Yunnan, Diqing	AD_Malaysia	659224	659323	24.0800
SRR23343453	Apis laboriosa	China: Yunnan, Diqing	AD_Malaysia	659324	659423	18.6500
SRR23343453	Apis laboriosa	China: Yunnan, Diqing	AD_Malaysia	659424	659523	15.0500
SRR23343453	Apis laboriosa	China: Yunnan, Diqing	AD_Malaysia	659524	659623	21.7300
SRR23343453	Apis laboriosa	China: Yunnan, Diqing	AD_Malaysia	659624	659723	19.0800
SRR23343453	Apis laboriosa	China: Yunnan, Diqing	AD_Malaysia	659724	659823	18.9400
SRR23343453	Apis laboriosa	China: Yunnan, Diqing	AD_Malaysia	659824	659923	15.2000
SRR23343453	Apis laboriosa	China: Yunnan, Diqing	AD_Malaysia	659924	660023	11.6800
SRR23343453	Apis laboriosa	China: Yunnan, Diqing	AD_Malaysia	660024	660123	10.7600
SRR23343453	Apis laboriosa	China: Yunnan, Diqing	AD_Malaysia	660124	660223	15.7900
SRR23343453	Apis laboriosa	China: Yunnan, Diqing	AD_Malaysia	660224	660323	15.7800
SRR23343453	Apis laboriosa	China: Yunnan, Diqing	AD_Malaysia	660324	660423	15.5200
SRR23343453	Apis laboriosa	China: Yunnan, Diqing	AD_Malaysia	660424	660523	20.5800
SRR23343453	Apis laboriosa	China: Yunnan, Diqing	AD_Malaysia	660524	660623	19.7000
SRR23343453	Apis laboriosa	China: Yunnan, Diqing	AD_Malaysia	660624	660723	11.2300
SRR23343453	Apis laboriosa	China: Yunnan, Diqing	AD_Malaysia	660724	660823	10.4100
SRR23343453	Apis laboriosa	China: Yunnan, Diqing	AD_Malaysia	660824	660923	9.8300
SRR23343453	Apis laboriosa	China: Yunnan, Diqing	AD_Malaysia	660924	661023	3.8400
SRR23343453	Apis laboriosa	China: Yunnan, Diqing	AD_Malaysia	661024	661123	5.6500
SRR23343453	Apis laboriosa	China: Yunnan, Diqing	AD_Malaysia	661124	661223	7.6200
SRR23343453	Apis laboriosa	China: Yunnan, Diqing	AD_Malaysia	661224	661323	6.7600
SRR23343453	Apis laboriosa	China: Yunnan, Diqing	AD_Malaysia	661324	661423	8.7900
SRR23343453	Apis laboriosa	China: Yunnan, Diqing	AD_Malaysia	661424	661523	10.6600
SRR23343453	Apis laboriosa	China: Yunnan, Diqing	AD_Malaysia	661524	661623	14.4000
SRR23343453	Apis laboriosa	China: Yunnan, Diqing	AD_Malaysia	661624	661723	15.1800
SRR23343453	Apis laboriosa	China: Yunnan, Diqing	AD_Malaysia	661724	661823	12.3100
SRR23343453	Apis laboriosa	China: Yunnan, Diqing	AD_Malaysia	661824	661923	10.2300
SRR23343453	Apis laboriosa	China: Yunnan, Diqing	AD_Malaysia	661924	662023	14.2500
SRR23343453	Apis laboriosa	China: Yunnan, Diqing	AD_Malaysia	662024	662123	13.2300
SRR23343453	Apis laboriosa	China: Yunnan, Diqing	AD_Malaysia	662124	662223	14.4200
SRR23343453	Apis laboriosa	China: Yunnan, Diqing	AD_Malaysia	662224	662323	16.2600
SRR23343453	Apis laboriosa	China: Yunnan, Diqing	AD_Malaysia	662324	662423	11.4400
SRR23343453	Apis laboriosa	China: Yunnan, Diqing	AD_Malaysia	662424	662523	7.8600
SRR23343453	Apis laboriosa	China: Yunnan, Diqing	AD_Malaysia	662524	662623	3.4100
SRR23343453	Apis laboriosa	China: Yunnan, Diqing	AD_Malaysia	662624	662723	1.6900
SRR23343453	Apis laboriosa	China: Yunnan, Diqing	AD_Malaysia	662724	662823	1.8900
SRR23343453	Apis laboriosa	China: Yunnan, Diqing	AD_Malaysia	662824	662923	0.4300
SRR23343453	Apis laboriosa	China: Yunnan, Diqing	AD_Malaysia	662924	663023	1.0000
SRR23343453	Apis laboriosa	China: Yunnan, Diqing	AD_Malaysia	663024	663123	1.3400
SRR23343453	Apis laboriosa	China: Yunnan, Diqing	AD_Malaysia	663124	663223	0.5400
SRR23343453	Apis laboriosa	China: Yunnan, Diqing	AD_Malaysia	663224	663323	0.0000
SRR23343453	Apis laboriosa	China: Yunnan, Diqing	AD_Malaysia	663324	663423	0.2600
SRR23343453	Apis laboriosa	China: Yunnan, Diqing	AD_Malaysia	663424	663523	0.8100
SRR23343453	Apis laboriosa	China: Yunnan, Diqing	AD_Malaysia	663524	663623	0.8000
SRR23343453	Apis laboriosa	China: Yunnan, Diqing	AD_Malaysia	663624	663723	1.3600
SRR23343453	Apis laboriosa	China: Yunnan, Diqing	AD_Malaysia	663724	663823	1.1200
SRR23343453	Apis laboriosa	China: Yunnan, Diqing	AD_Malaysia	663824	663923	1.8800
SRR23343453	Apis laboriosa	China: Yunnan, Diqing	AD_Malaysia	663924	664023	4.9500
SRR23343453	Apis laboriosa	China: Yunnan, Diqing	AD_Malaysia	664024	664123	5.8600
SRR23343453	Apis laboriosa	China: Yunnan, Diqing	AD_Malaysia	664124	664223	5.7600
SRR23343453	Apis laboriosa	China: Yunnan, Diqing	AD_Malaysia	664224	664261	6.8947
SRR23343454	Apis laboriosa	China: Yunnan, Diqing	AD_Malaysia	656224	656323	30.5800
SRR23343454	Apis laboriosa	China: Yunnan, Diqing	AD_Malaysia	656324	656423	26.0300
SRR23343454	Apis laboriosa	China: Yunnan, Diqing	AD_Malaysia	656424	656523	30.1100
SRR23343454	Apis laboriosa	China: Yunnan, Diqing	AD_Malaysia	656524	656623	29.8400
SRR23343454	Apis laboriosa	China: Yunnan, Diqing	AD_Malaysia	656624	656723	25.0600
SRR23343454	Apis laboriosa	China: Yunnan, Diqing	AD_Malaysia	656724	656823	33.8200
SRR23343454	Apis laboriosa	China: Yunnan, Diqing	AD_Malaysia	656824	656923	29.1200
SRR23343454	Apis laboriosa	China: Yunnan, Diqing	AD_Malaysia	656924	657023	30.8600
SRR23343454	Apis laboriosa	China: Yunnan, Diqing	AD_Malaysia	657024	657123	36.0500
SRR23343454	Apis laboriosa	China: Yunnan, Diqing	AD_Malaysia	657124	657223	24.4900
SRR23343454	Apis laboriosa	China: Yunnan, Diqing	AD_Malaysia	657224	657323	38.9900
SRR23343454	Apis laboriosa	China: Yunnan, Diqing	AD_Malaysia	657324	657423	25.3500
SRR23343454	Apis laboriosa	China: Yunnan, Diqing	AD_Malaysia	657424	657523	33.6200
SRR23343454	Apis laboriosa	China: Yunnan, Diqing	AD_Malaysia	657524	657623	33.8700
SRR23343454	Apis laboriosa	China: Yunnan, Diqing	AD_Malaysia	657624	657723	25.4500
SRR23343454	Apis laboriosa	China: Yunnan, Diqing	AD_Malaysia	657724	657823	32.3100
SRR23343454	Apis laboriosa	China: Yunnan, Diqing	AD_Malaysia	657824	657923	27.9900
SRR23343454	Apis laboriosa	China: Yunnan, Diqing	AD_Malaysia	657924	658023	26.2400
SRR23343454	Apis laboriosa	China: Yunnan, Diqing	AD_Malaysia	658024	658123	36.3700
SRR23343454	Apis laboriosa	China: Yunnan, Diqing	AD_Malaysia	658124	658223	37.7500
SRR23343454	Apis laboriosa	China: Yunnan, Diqing	AD_Malaysia	658224	658323	29.0000
SRR23343454	Apis laboriosa	China: Yunnan, Diqing	AD_Malaysia	658324	658423	29.5200
SRR23343454	Apis laboriosa	China: Yunnan, Diqing	AD_Malaysia	658424	658523	33.9000
SRR23343454	Apis laboriosa	China: Yunnan, Diqing	AD_Malaysia	658524	658623	30.0600
SRR23343454	Apis laboriosa	China: Yunnan, Diqing	AD_Malaysia	658624	658723	34.9800
SRR23343454	Apis laboriosa	China: Yunnan, Diqing	AD_Malaysia	658724	658823	30.8100
SRR23343454	Apis laboriosa	China: Yunnan, Diqing	AD_Malaysia	658824	658923	33.3400
SRR23343454	Apis laboriosa	China: Yunnan, Diqing	AD_Malaysia	658924	659023	39.4600
SRR23343454	Apis laboriosa	China: Yunnan, Diqing	AD_Malaysia	659024	659123	34.2200
SRR23343454	Apis laboriosa	China: Yunnan, Diqing	AD_Malaysia	659124	659223	29.2900
SRR23343454	Apis laboriosa	China: Yunnan, Diqing	AD_Malaysia	659224	659323	23.6600
SRR23343454	Apis laboriosa	China: Yunnan, Diqing	AD_Malaysia	659324	659423	20.8700
SRR23343454	Apis laboriosa	China: Yunnan, Diqing	AD_Malaysia	659424	659523	23.1000
SRR23343454	Apis laboriosa	China: Yunnan, Diqing	AD_Malaysia	659524	659623	29.4900
SRR23343454	Apis laboriosa	China: Yunnan, Diqing	AD_Malaysia	659624	659723	32.6400
SRR23343454	Apis laboriosa	China: Yunnan, Diqing	AD_Malaysia	659724	659823	29.9700
SRR23343454	Apis laboriosa	China: Yunnan, Diqing	AD_Malaysia	659824	659923	32.1400
SRR23343454	Apis laboriosa	China: Yunnan, Diqing	AD_Malaysia	659924	660023	30.2400
SRR23343454	Apis laboriosa	China: Yunnan, Diqing	AD_Malaysia	660024	660123	27.2200
SRR23343454	Apis laboriosa	China: Yunnan, Diqing	AD_Malaysia	660124	660223	28.5700
SRR23343454	Apis laboriosa	China: Yunnan, Diqing	AD_Malaysia	660224	660323	30.2200
SRR23343454	Apis laboriosa	China: Yunnan, Diqing	AD_Malaysia	660324	660423	32.9000
SRR23343454	Apis laboriosa	China: Yunnan, Diqing	AD_Malaysia	660424	660523	26.1100
SRR23343454	Apis laboriosa	China: Yunnan, Diqing	AD_Malaysia	660524	660623	32.3200
SRR23343454	Apis laboriosa	China: Yunnan, Diqing	AD_Malaysia	660624	660723	30.0000
SRR23343454	Apis laboriosa	China: Yunnan, Diqing	AD_Malaysia	660724	660823	28.2300
SRR23343454	Apis laboriosa	China: Yunnan, Diqing	AD_Malaysia	660824	660923	25.6200
SRR23343454	Apis laboriosa	China: Yunnan, Diqing	AD_Malaysia	660924	661023	33.0200
SRR23343454	Apis laboriosa	China: Yunnan, Diqing	AD_Malaysia	661024	661123	35.9200
SRR23343454	Apis laboriosa	China: Yunnan, Diqing	AD_Malaysia	661124	661223	33.7200
SRR23343454	Apis laboriosa	China: Yunnan, Diqing	AD_Malaysia	661224	661323	37.9000
SRR23343454	Apis laboriosa	China: Yunnan, Diqing	AD_Malaysia	661324	661423	41.1000
SRR23343454	Apis laboriosa	China: Yunnan, Diqing	AD_Malaysia	661424	661523	36.0700
SRR23343454	Apis laboriosa	China: Yunnan, Diqing	AD_Malaysia	661524	661623	37.1400
SRR23343454	Apis laboriosa	China: Yunnan, Diqing	AD_Malaysia	661624	661723	38.4600
SRR23343454	Apis laboriosa	China: Yunnan, Diqing	AD_Malaysia	661724	661823	37.1800
SRR23343454	Apis laboriosa	China: Yunnan, Diqing	AD_Malaysia	661824	661923	36.4600
SRR23343454	Apis laboriosa	China: Yunnan, Diqing	AD_Malaysia	661924	662023	33.0800
SRR23343454	Apis laboriosa	China: Yunnan, Diqing	AD_Malaysia	662024	662123	29.9900
SRR23343454	Apis laboriosa	China: Yunnan, Diqing	AD_Malaysia	662124	662223	30.8900
SRR23343454	Apis laboriosa	China: Yunnan, Diqing	AD_Malaysia	662224	662323	33.5100
SRR23343454	Apis laboriosa	China: Yunnan, Diqing	AD_Malaysia	662324	662423	22.7500
SRR23343454	Apis laboriosa	China: Yunnan, Diqing	AD_Malaysia	662424	662523	26.6600
SRR23343454	Apis laboriosa	China: Yunnan, Diqing	AD_Malaysia	662524	662623	25.2900
SRR23343454	Apis laboriosa	China: Yunnan, Diqing	AD_Malaysia	662624	662723	31.2300
SRR23343454	Apis laboriosa	China: Yunnan, Diqing	AD_Malaysia	662724	662823	22.5300
SRR23343454	Apis laboriosa	China: Yunnan, Diqing	AD_Malaysia	662824	662923	28.5800
SRR23343454	Apis laboriosa	China: Yunnan, Diqing	AD_Malaysia	662924	663023	25.9500
SRR23343454	Apis laboriosa	China: Yunnan, Diqing	AD_Malaysia	663024	663123	27.3400
SRR23343454	Apis laboriosa	China: Yunnan, Diqing	AD_Malaysia	663124	663223	21.4300
SRR23343454	Apis laboriosa	China: Yunnan, Diqing	AD_Malaysia	663224	663323	23.8300
SRR23343454	Apis laboriosa	China: Yunnan, Diqing	AD_Malaysia	663324	663423	26.1600
SRR23343454	Apis laboriosa	China: Yunnan, Diqing	AD_Malaysia	663424	663523	25.3100
SRR23343454	Apis laboriosa	China: Yunnan, Diqing	AD_Malaysia	663524	663623	28.2900
SRR23343454	Apis laboriosa	China: Yunnan, Diqing	AD_Malaysia	663624	663723	25.8000
SRR23343454	Apis laboriosa	China: Yunnan, Diqing	AD_Malaysia	663724	663823	29.4200
SRR23343454	Apis laboriosa	China: Yunnan, Diqing	AD_Malaysia	663824	663923	32.7400
SRR23343454	Apis laboriosa	China: Yunnan, Diqing	AD_Malaysia	663924	664023	31.0400
SRR23343454	Apis laboriosa	China: Yunnan, Diqing	AD_Malaysia	664024	664123	29.7200
SRR23343454	Apis laboriosa	China: Yunnan, Diqing	AD_Malaysia	664124	664223	33.0500
SRR23343454	Apis laboriosa	China: Yunnan, Diqing	AD_Malaysia	664224	664261	25.7895
SRR23343455	Apis laboriosa	China: Yunnan, Diqing	AD_Malaysia	656224	656323	7.8600
SRR23343455	Apis laboriosa	China: Yunnan, Diqing	AD_Malaysia	656324	656423	7.3400
SRR23343455	Apis laboriosa	China: Yunnan, Diqing	AD_Malaysia	656424	656523	6.8900
SRR23343455	Apis laboriosa	China: Yunnan, Diqing	AD_Malaysia	656524	656623	9.4200
SRR23343455	Apis laboriosa	China: Yunnan, Diqing	AD_Malaysia	656624	656723	6.7700
SRR23343455	Apis laboriosa	China: Yunnan, Diqing	AD_Malaysia	656724	656823	5.2100
SRR23343455	Apis laboriosa	China: Yunnan, Diqing	AD_Malaysia	656824	656923	4.8800
SRR23343455	Apis laboriosa	China: Yunnan, Diqing	AD_Malaysia	656924	657023	5.3500
SRR23343455	Apis laboriosa	China: Yunnan, Diqing	AD_Malaysia	657024	657123	5.8000
SRR23343455	Apis laboriosa	China: Yunnan, Diqing	AD_Malaysia	657124	657223	7.6700
SRR23343455	Apis laboriosa	China: Yunnan, Diqing	AD_Malaysia	657224	657323	6.7400
SRR23343455	Apis laboriosa	China: Yunnan, Diqing	AD_Malaysia	657324	657423	8.5100
SRR23343455	Apis laboriosa	China: Yunnan, Diqing	AD_Malaysia	657424	657523	5.5200
SRR23343455	Apis laboriosa	China: Yunnan, Diqing	AD_Malaysia	657524	657623	7.0000
SRR23343455	Apis laboriosa	China: Yunnan, Diqing	AD_Malaysia	657624	657723	5.1700
SRR23343455	Apis laboriosa	China: Yunnan, Diqing	AD_Malaysia	657724	657823	2.6800
SRR23343455	Apis laboriosa	China: Yunnan, Diqing	AD_Malaysia	657824	657923	3.5900
SRR23343455	Apis laboriosa	China: Yunnan, Diqing	AD_Malaysia	657924	658023	2.6500
SRR23343455	Apis laboriosa	China: Yunnan, Diqing	AD_Malaysia	658024	658123	0.7700
SRR23343455	Apis laboriosa	China: Yunnan, Diqing	AD_Malaysia	658124	658223	0.8800
SRR23343455	Apis laboriosa	China: Yunnan, Diqing	AD_Malaysia	658224	658323	0.3200
SRR23343455	Apis laboriosa	China: Yunnan, Diqing	AD_Malaysia	658324	658423	1.0000
SRR23343455	Apis laboriosa	China: Yunnan, Diqing	AD_Malaysia	658424	658523	0.8600
SRR23343455	Apis laboriosa	China: Yunnan, Diqing	AD_Malaysia	658524	658623	2.7800
SRR23343455	Apis laboriosa	China: Yunnan, Diqing	AD_Malaysia	658624	658723	3.1700
SRR23343455	Apis laboriosa	China: Yunnan, Diqing	AD_Malaysia	658724	658823	4.2100
SRR23343455	Apis laboriosa	China: Yunnan, Diqing	AD_Malaysia	658824	658923	4.2900
SRR23343455	Apis laboriosa	China: Yunnan, Diqing	AD_Malaysia	658924	659023	3.7800
SRR23343455	Apis laboriosa	China: Yunnan, Diqing	AD_Malaysia	659024	659123	1.3900
SRR23343455	Apis laboriosa	China: Yunnan, Diqing	AD_Malaysia	659124	659223	4.4300
SRR23343455	Apis laboriosa	China: Yunnan, Diqing	AD_Malaysia	659224	659323	7.1900
SRR23343455	Apis laboriosa	China: Yunnan, Diqing	AD_Malaysia	659324	659423	7.2000
SRR23343455	Apis laboriosa	China: Yunnan, Diqing	AD_Malaysia	659424	659523	3.8700
SRR23343455	Apis laboriosa	China: Yunnan, Diqing	AD_Malaysia	659524	659623	1.1400
SRR23343455	Apis laboriosa	China: Yunnan, Diqing	AD_Malaysia	659624	659723	1.2500
SRR23343455	Apis laboriosa	China: Yunnan, Diqing	AD_Malaysia	659724	659823	1.1100
SRR23343455	Apis laboriosa	China: Yunnan, Diqing	AD_Malaysia	659824	659923	1.2700
SRR23343455	Apis laboriosa	China: Yunnan, Diqing	AD_Malaysia	659924	660023	1.3300
SRR23343455	Apis laboriosa	China: Yunnan, Diqing	AD_Malaysia	660024	660123	2.5000
SRR23343455	Apis laboriosa	China: Yunnan, Diqing	AD_Malaysia	660124	660223	4.5200
SRR23343455	Apis laboriosa	China: Yunnan, Diqing	AD_Malaysia	660224	660323	7.0300
SRR23343455	Apis laboriosa	China: Yunnan, Diqing	AD_Malaysia	660324	660423	6.0100
SRR23343455	Apis laboriosa	China: Yunnan, Diqing	AD_Malaysia	660424	660523	2.9700
SRR23343455	Apis laboriosa	China: Yunnan, Diqing	AD_Malaysia	660524	660623	4.1600
SRR23343455	Apis laboriosa	China: Yunnan, Diqing	AD_Malaysia	660624	660723	4.6500
SRR23343455	Apis laboriosa	China: Yunnan, Diqing	AD_Malaysia	660724	660823	2.1200
SRR23343455	Apis laboriosa	China: Yunnan, Diqing	AD_Malaysia	660824	660923	2.4800
SRR23343455	Apis laboriosa	China: Yunnan, Diqing	AD_Malaysia	660924	661023	2.1500
SRR23343455	Apis laboriosa	China: Yunnan, Diqing	AD_Malaysia	661024	661123	1.0700
SRR23343455	Apis laboriosa	China: Yunnan, Diqing	AD_Malaysia	661124	661223	2.6700
SRR23343455	Apis laboriosa	China: Yunnan, Diqing	AD_Malaysia	661224	661323	3.7100
SRR23343455	Apis laboriosa	China: Yunnan, Diqing	AD_Malaysia	661324	661423	5.4000
SRR23343455	Apis laboriosa	China: Yunnan, Diqing	AD_Malaysia	661424	661523	3.7200
SRR23343455	Apis laboriosa	China: Yunnan, Diqing	AD_Malaysia	661524	661623	3.8000
SRR23343455	Apis laboriosa	China: Yunnan, Diqing	AD_Malaysia	661624	661723	3.9600
SRR23343455	Apis laboriosa	China: Yunnan, Diqing	AD_Malaysia	661724	661823	1.9900
SRR23343455	Apis laboriosa	China: Yunnan, Diqing	AD_Malaysia	661824	661923	2.2700
SRR23343455	Apis laboriosa	China: Yunnan, Diqing	AD_Malaysia	661924	662023	2.1100
SRR23343455	Apis laboriosa	China: Yunnan, Diqing	AD_Malaysia	662024	662123	3.5300
SRR23343455	Apis laboriosa	China: Yunnan, Diqing	AD_Malaysia	662124	662223	4.3000
SRR23343455	Apis laboriosa	China: Yunnan, Diqing	AD_Malaysia	662224	662323	4.8400
SRR23343455	Apis laboriosa	China: Yunnan, Diqing	AD_Malaysia	662324	662423	7.5000
SRR23343455	Apis laboriosa	China: Yunnan, Diqing	AD_Malaysia	662424	662523	6.5800
SRR23343455	Apis laboriosa	China: Yunnan, Diqing	AD_Malaysia	662524	662623	5.5100
SRR23343455	Apis laboriosa	China: Yunnan, Diqing	AD_Malaysia	662624	662723	4.1100
SRR23343455	Apis laboriosa	China: Yunnan, Diqing	AD_Malaysia	662724	662823	3.8700
SRR23343455	Apis laboriosa	China: Yunnan, Diqing	AD_Malaysia	662824	662923	4.1600
SRR23343455	Apis laboriosa	China: Yunnan, Diqing	AD_Malaysia	662924	663023	7.0000
SRR23343455	Apis laboriosa	China: Yunnan, Diqing	AD_Malaysia	663024	663123	7.1300
SRR23343455	Apis laboriosa	China: Yunnan, Diqing	AD_Malaysia	663124	663223	9.8000
SRR23343455	Apis laboriosa	China: Yunnan, Diqing	AD_Malaysia	663224	663323	10.2600
SRR23343455	Apis laboriosa	China: Yunnan, Diqing	AD_Malaysia	663324	663423	6.2400
SRR23343455	Apis laboriosa	China: Yunnan, Diqing	AD_Malaysia	663424	663523	8.2700
SRR23343455	Apis laboriosa	China: Yunnan, Diqing	AD_Malaysia	663524	663623	9.5300
SRR23343455	Apis laboriosa	China: Yunnan, Diqing	AD_Malaysia	663624	663723	11.7200
SRR23343455	Apis laboriosa	China: Yunnan, Diqing	AD_Malaysia	663724	663823	10.0700
SRR23343455	Apis laboriosa	China: Yunnan, Diqing	AD_Malaysia	663824	663923	10.6600
SRR23343455	Apis laboriosa	China: Yunnan, Diqing	AD_Malaysia	663924	664023	9.8900
SRR23343455	Apis laboriosa	China: Yunnan, Diqing	AD_Malaysia	664024	664123	8.4600
SRR23343455	Apis laboriosa	China: Yunnan, Diqing	AD_Malaysia	664124	664223	10.4300
SRR23343455	Apis laboriosa	China: Yunnan, Diqing	AD_Malaysia	664224	664261	13.1316
SRR23343456	Apis laboriosa	China: Yunnan, Diqing	AD_Malaysia	656224	656323	29.5700
SRR23343456	Apis laboriosa	China: Yunnan, Diqing	AD_Malaysia	656324	656423	27.0800
SRR23343456	Apis laboriosa	China: Yunnan, Diqing	AD_Malaysia	656424	656523	32.7100
SRR23343456	Apis laboriosa	China: Yunnan, Diqing	AD_Malaysia	656524	656623	36.7400
SRR23343456	Apis laboriosa	China: Yunnan, Diqing	AD_Malaysia	656624	656723	27.0100
SRR23343456	Apis laboriosa	China: Yunnan, Diqing	AD_Malaysia	656724	656823	24.5600
SRR23343456	Apis laboriosa	China: Yunnan, Diqing	AD_Malaysia	656824	656923	29.9900
SRR23343456	Apis laboriosa	China: Yunnan, Diqing	AD_Malaysia	656924	657023	23.7700
SRR23343456	Apis laboriosa	China: Yunnan, Diqing	AD_Malaysia	657024	657123	24.5600
SRR23343456	Apis laboriosa	China: Yunnan, Diqing	AD_Malaysia	657124	657223	25.1100
SRR23343456	Apis laboriosa	China: Yunnan, Diqing	AD_Malaysia	657224	657323	21.3400
SRR23343456	Apis laboriosa	China: Yunnan, Diqing	AD_Malaysia	657324	657423	24.2100
SRR23343456	Apis laboriosa	China: Yunnan, Diqing	AD_Malaysia	657424	657523	26.4500
SRR23343456	Apis laboriosa	China: Yunnan, Diqing	AD_Malaysia	657524	657623	35.5000
SRR23343456	Apis laboriosa	China: Yunnan, Diqing	AD_Malaysia	657624	657723	35.3000
SRR23343456	Apis laboriosa	China: Yunnan, Diqing	AD_Malaysia	657724	657823	33.4000
SRR23343456	Apis laboriosa	China: Yunnan, Diqing	AD_Malaysia	657824	657923	30.2200
SRR23343456	Apis laboriosa	China: Yunnan, Diqing	AD_Malaysia	657924	658023	29.1300
SRR23343456	Apis laboriosa	China: Yunnan, Diqing	AD_Malaysia	658024	658123	32.3600
SRR23343456	Apis laboriosa	China: Yunnan, Diqing	AD_Malaysia	658124	658223	27.8700
SRR23343456	Apis laboriosa	China: Yunnan, Diqing	AD_Malaysia	658224	658323	27.4700
SRR23343456	Apis laboriosa	China: Yunnan, Diqing	AD_Malaysia	658324	658423	30.5100
SRR23343456	Apis laboriosa	China: Yunnan, Diqing	AD_Malaysia	658424	658523	27.1000
SRR23343456	Apis laboriosa	China: Yunnan, Diqing	AD_Malaysia	658524	658623	27.2700
SRR23343456	Apis laboriosa	China: Yunnan, Diqing	AD_Malaysia	658624	658723	27.0700
SRR23343456	Apis laboriosa	China: Yunnan, Diqing	AD_Malaysia	658724	658823	33.3400
SRR23343456	Apis laboriosa	China: Yunnan, Diqing	AD_Malaysia	658824	658923	36.2200
SRR23343456	Apis laboriosa	China: Yunnan, Diqing	AD_Malaysia	658924	659023	44.1100
SRR23343456	Apis laboriosa	China: Yunnan, Diqing	AD_Malaysia	659024	659123	44.9600
SRR23343456	Apis laboriosa	China: Yunnan, Diqing	AD_Malaysia	659124	659223	33.8100
SRR23343456	Apis laboriosa	China: Yunnan, Diqing	AD_Malaysia	659224	659323	43.6800
SRR23343456	Apis laboriosa	China: Yunnan, Diqing	AD_Malaysia	659324	659423	39.9800
SRR23343456	Apis laboriosa	China: Yunnan, Diqing	AD_Malaysia	659424	659523	34.5900
SRR23343456	Apis laboriosa	China: Yunnan, Diqing	AD_Malaysia	659524	659623	31.5000
SRR23343456	Apis laboriosa	China: Yunnan, Diqing	AD_Malaysia	659624	659723	23.8600
SRR23343456	Apis laboriosa	China: Yunnan, Diqing	AD_Malaysia	659724	659823	23.4000
SRR23343456	Apis laboriosa	China: Yunnan, Diqing	AD_Malaysia	659824	659923	22.2200
SRR23343456	Apis laboriosa	China: Yunnan, Diqing	AD_Malaysia	659924	660023	23.1400
SRR23343456	Apis laboriosa	China: Yunnan, Diqing	AD_Malaysia	660024	660123	21.7800
SRR23343456	Apis laboriosa	China: Yunnan, Diqing	AD_Malaysia	660124	660223	22.7400
SRR23343456	Apis laboriosa	China: Yunnan, Diqing	AD_Malaysia	660224	660323	23.8300
SRR23343456	Apis laboriosa	China: Yunnan, Diqing	AD_Malaysia	660324	660423	21.1700
SRR23343456	Apis laboriosa	China: Yunnan, Diqing	AD_Malaysia	660424	660523	23.6400
SRR23343456	Apis laboriosa	China: Yunnan, Diqing	AD_Malaysia	660524	660623	26.1300
SRR23343456	Apis laboriosa	China: Yunnan, Diqing	AD_Malaysia	660624	660723	25.2100
SRR23343456	Apis laboriosa	China: Yunnan, Diqing	AD_Malaysia	660724	660823	30.4700
SRR23343456	Apis laboriosa	China: Yunnan, Diqing	AD_Malaysia	660824	660923	29.1400
SRR23343456	Apis laboriosa	China: Yunnan, Diqing	AD_Malaysia	660924	661023	26.7100
SRR23343456	Apis laboriosa	China: Yunnan, Diqing	AD_Malaysia	661024	661123	30.4400
SRR23343456	Apis laboriosa	China: Yunnan, Diqing	AD_Malaysia	661124	661223	25.7100
SRR23343456	Apis laboriosa	China: Yunnan, Diqing	AD_Malaysia	661224	661323	22.4100
SRR23343456	Apis laboriosa	China: Yunnan, Diqing	AD_Malaysia	661324	661423	22.9900
SRR23343456	Apis laboriosa	China: Yunnan, Diqing	AD_Malaysia	661424	661523	24.2900
SRR23343456	Apis laboriosa	China: Yunnan, Diqing	AD_Malaysia	661524	661623	26.9100
SRR23343456	Apis laboriosa	China: Yunnan, Diqing	AD_Malaysia	661624	661723	21.8800
SRR23343456	Apis laboriosa	China: Yunnan, Diqing	AD_Malaysia	661724	661823	32.8000
SRR23343456	Apis laboriosa	China: Yunnan, Diqing	AD_Malaysia	661824	661923	32.4600
SRR23343456	Apis laboriosa	China: Yunnan, Diqing	AD_Malaysia	661924	662023	27.7500
SRR23343456	Apis laboriosa	China: Yunnan, Diqing	AD_Malaysia	662024	662123	26.6700
SRR23343456	Apis laboriosa	China: Yunnan, Diqing	AD_Malaysia	662124	662223	27.3000
SRR23343456	Apis laboriosa	China: Yunnan, Diqing	AD_Malaysia	662224	662323	21.6400
SRR23343456	Apis laboriosa	China: Yunnan, Diqing	AD_Malaysia	662324	662423	20.5000
SRR23343456	Apis laboriosa	China: Yunnan, Diqing	AD_Malaysia	662424	662523	18.6600
SRR23343456	Apis laboriosa	China: Yunnan, Diqing	AD_Malaysia	662524	662623	22.3300
SRR23343456	Apis laboriosa	China: Yunnan, Diqing	AD_Malaysia	662624	662723	17.6600
SRR23343456	Apis laboriosa	China: Yunnan, Diqing	AD_Malaysia	662724	662823	21.7700
SRR23343456	Apis laboriosa	China: Yunnan, Diqing	AD_Malaysia	662824	662923	18.1900
SRR23343456	Apis laboriosa	China: Yunnan, Diqing	AD_Malaysia	662924	663023	20.7100
SRR23343456	Apis laboriosa	China: Yunnan, Diqing	AD_Malaysia	663024	663123	23.6100
SRR23343456	Apis laboriosa	China: Yunnan, Diqing	AD_Malaysia	663124	663223	30.5700
SRR23343456	Apis laboriosa	China: Yunnan, Diqing	AD_Malaysia	663224	663323	25.5000
SRR23343456	Apis laboriosa	China: Yunnan, Diqing	AD_Malaysia	663324	663423	27.0700
SRR23343456	Apis laboriosa	China: Yunnan, Diqing	AD_Malaysia	663424	663523	31.8500
SRR23343456	Apis laboriosa	China: Yunnan, Diqing	AD_Malaysia	663524	663623	31.2000
SRR23343456	Apis laboriosa	China: Yunnan, Diqing	AD_Malaysia	663624	663723	31.8700
SRR23343456	Apis laboriosa	China: Yunnan, Diqing	AD_Malaysia	663724	663823	28.7500
SRR23343456	Apis laboriosa	China: Yunnan, Diqing	AD_Malaysia	663824	663923	20.7800
SRR23343456	Apis laboriosa	China: Yunnan, Diqing	AD_Malaysia	663924	664023	24.4100
SRR23343456	Apis laboriosa	China: Yunnan, Diqing	AD_Malaysia	664024	664123	26.5200
SRR23343456	Apis laboriosa	China: Yunnan, Diqing	AD_Malaysia	664124	664223	18.3900
SRR23343456	Apis laboriosa	China: Yunnan, Diqing	AD_Malaysia	664224	664261	17.8158
SRR23343457	Apis laboriosa	China: Yunnan, Baoshan	AD_Malaysia	656224	656323	26.0800
SRR23343457	Apis laboriosa	China: Yunnan, Baoshan	AD_Malaysia	656324	656423	25.8900
SRR23343457	Apis laboriosa	China: Yunnan, Baoshan	AD_Malaysia	656424	656523	25.3000
SRR23343457	Apis laboriosa	China: Yunnan, Baoshan	AD_Malaysia	656524	656623	28.9300
SRR23343457	Apis laboriosa	China: Yunnan, Baoshan	AD_Malaysia	656624	656723	25.1500
SRR23343457	Apis laboriosa	China: Yunnan, Baoshan	AD_Malaysia	656724	656823	25.1000
SRR23343457	Apis laboriosa	China: Yunnan, Baoshan	AD_Malaysia	656824	656923	37.5400
SRR23343457	Apis laboriosa	China: Yunnan, Baoshan	AD_Malaysia	656924	657023	31.3800
SRR23343457	Apis laboriosa	China: Yunnan, Baoshan	AD_Malaysia	657024	657123	32.2700
SRR23343457	Apis laboriosa	China: Yunnan, Baoshan	AD_Malaysia	657124	657223	32.1300
SRR23343457	Apis laboriosa	China: Yunnan, Baoshan	AD_Malaysia	657224	657323	29.3700
SRR23343457	Apis laboriosa	China: Yunnan, Baoshan	AD_Malaysia	657324	657423	33.3800
SRR23343457	Apis laboriosa	China: Yunnan, Baoshan	AD_Malaysia	657424	657523	31.2200
SRR23343457	Apis laboriosa	China: Yunnan, Baoshan	AD_Malaysia	657524	657623	37.5400
SRR23343457	Apis laboriosa	China: Yunnan, Baoshan	AD_Malaysia	657624	657723	31.5600
SRR23343457	Apis laboriosa	China: Yunnan, Baoshan	AD_Malaysia	657724	657823	38.6500
SRR23343457	Apis laboriosa	China: Yunnan, Baoshan	AD_Malaysia	657824	657923	37.3500
SRR23343457	Apis laboriosa	China: Yunnan, Baoshan	AD_Malaysia	657924	658023	34.7700
SRR23343457	Apis laboriosa	China: Yunnan, Baoshan	AD_Malaysia	658024	658123	38.3900
SRR23343457	Apis laboriosa	China: Yunnan, Baoshan	AD_Malaysia	658124	658223	33.7700
SRR23343457	Apis laboriosa	China: Yunnan, Baoshan	AD_Malaysia	658224	658323	34.6700
SRR23343457	Apis laboriosa	China: Yunnan, Baoshan	AD_Malaysia	658324	658423	37.8400
SRR23343457	Apis laboriosa	China: Yunnan, Baoshan	AD_Malaysia	658424	658523	30.8900
SRR23343457	Apis laboriosa	China: Yunnan, Baoshan	AD_Malaysia	658524	658623	31.2700
SRR23343457	Apis laboriosa	China: Yunnan, Baoshan	AD_Malaysia	658624	658723	28.9900
SRR23343457	Apis laboriosa	China: Yunnan, Baoshan	AD_Malaysia	658724	658823	36.2100
SRR23343457	Apis laboriosa	China: Yunnan, Baoshan	AD_Malaysia	658824	658923	33.1600
SRR23343457	Apis laboriosa	China: Yunnan, Baoshan	AD_Malaysia	658924	659023	30.5100
SRR23343457	Apis laboriosa	China: Yunnan, Baoshan	AD_Malaysia	659024	659123	35.8700
SRR23343457	Apis laboriosa	China: Yunnan, Baoshan	AD_Malaysia	659124	659223	39.0100
SRR23343457	Apis laboriosa	China: Yunnan, Baoshan	AD_Malaysia	659224	659323	42.1300
SRR23343457	Apis laboriosa	China: Yunnan, Baoshan	AD_Malaysia	659324	659423	38.6800
SRR23343457	Apis laboriosa	China: Yunnan, Baoshan	AD_Malaysia	659424	659523	32.0600
SRR23343457	Apis laboriosa	China: Yunnan, Baoshan	AD_Malaysia	659524	659623	23.7300
SRR23343457	Apis laboriosa	China: Yunnan, Baoshan	AD_Malaysia	659624	659723	31.6400
SRR23343457	Apis laboriosa	China: Yunnan, Baoshan	AD_Malaysia	659724	659823	26.5600
SRR23343457	Apis laboriosa	China: Yunnan, Baoshan	AD_Malaysia	659824	659923	28.7800
SRR23343457	Apis laboriosa	China: Yunnan, Baoshan	AD_Malaysia	659924	660023	18.4500
SRR23343457	Apis laboriosa	China: Yunnan, Baoshan	AD_Malaysia	660024	660123	15.5100
SRR23343457	Apis laboriosa	China: Yunnan, Baoshan	AD_Malaysia	660124	660223	28.8200
SRR23343457	Apis laboriosa	China: Yunnan, Baoshan	AD_Malaysia	660224	660323	33.1300
SRR23343457	Apis laboriosa	China: Yunnan, Baoshan	AD_Malaysia	660324	660423	32.6700
SRR23343457	Apis laboriosa	China: Yunnan, Baoshan	AD_Malaysia	660424	660523	33.0000
SRR23343457	Apis laboriosa	China: Yunnan, Baoshan	AD_Malaysia	660524	660623	31.7100
SRR23343457	Apis laboriosa	China: Yunnan, Baoshan	AD_Malaysia	660624	660723	37.2300
SRR23343457	Apis laboriosa	China: Yunnan, Baoshan	AD_Malaysia	660724	660823	40.1500
SRR23343457	Apis laboriosa	China: Yunnan, Baoshan	AD_Malaysia	660824	660923	29.8200
SRR23343457	Apis laboriosa	China: Yunnan, Baoshan	AD_Malaysia	660924	661023	29.3100
SRR23343457	Apis laboriosa	China: Yunnan, Baoshan	AD_Malaysia	661024	661123	34.7900
SRR23343457	Apis laboriosa	China: Yunnan, Baoshan	AD_Malaysia	661124	661223	32.5700
SRR23343457	Apis laboriosa	China: Yunnan, Baoshan	AD_Malaysia	661224	661323	41.4600
SRR23343457	Apis laboriosa	China: Yunnan, Baoshan	AD_Malaysia	661324	661423	27.8800
SRR23343457	Apis laboriosa	China: Yunnan, Baoshan	AD_Malaysia	661424	661523	31.3800
SRR23343457	Apis laboriosa	China: Yunnan, Baoshan	AD_Malaysia	661524	661623	33.8700
SRR23343457	Apis laboriosa	China: Yunnan, Baoshan	AD_Malaysia	661624	661723	34.2100
SRR23343457	Apis laboriosa	China: Yunnan, Baoshan	AD_Malaysia	661724	661823	29.3300
SRR23343457	Apis laboriosa	China: Yunnan, Baoshan	AD_Malaysia	661824	661923	27.0600
SRR23343457	Apis laboriosa	China: Yunnan, Baoshan	AD_Malaysia	661924	662023	21.8600
SRR23343457	Apis laboriosa	China: Yunnan, Baoshan	AD_Malaysia	662024	662123	31.9000
SRR23343457	Apis laboriosa	China: Yunnan, Baoshan	AD_Malaysia	662124	662223	36.9100
SRR23343457	Apis laboriosa	China: Yunnan, Baoshan	AD_Malaysia	662224	662323	30.7500
SRR23343457	Apis laboriosa	China: Yunnan, Baoshan	AD_Malaysia	662324	662423	33.0200
SRR23343457	Apis laboriosa	China: Yunnan, Baoshan	AD_Malaysia	662424	662523	36.6600
SRR23343457	Apis laboriosa	China: Yunnan, Baoshan	AD_Malaysia	662524	662623	31.5500
SRR23343457	Apis laboriosa	China: Yunnan, Baoshan	AD_Malaysia	662624	662723	30.7400
SRR23343457	Apis laboriosa	China: Yunnan, Baoshan	AD_Malaysia	662724	662823	25.4400
SRR23343457	Apis laboriosa	China: Yunnan, Baoshan	AD_Malaysia	662824	662923	23.9100
SRR23343457	Apis laboriosa	China: Yunnan, Baoshan	AD_Malaysia	662924	663023	28.7700
SRR23343457	Apis laboriosa	China: Yunnan, Baoshan	AD_Malaysia	663024	663123	28.9900
SRR23343457	Apis laboriosa	China: Yunnan, Baoshan	AD_Malaysia	663124	663223	30.3800
SRR23343457	Apis laboriosa	China: Yunnan, Baoshan	AD_Malaysia	663224	663323	25.7500
SRR23343457	Apis laboriosa	China: Yunnan, Baoshan	AD_Malaysia	663324	663423	25.9800
SRR23343457	Apis laboriosa	China: Yunnan, Baoshan	AD_Malaysia	663424	663523	25.9100
SRR23343457	Apis laboriosa	China: Yunnan, Baoshan	AD_Malaysia	663524	663623	18.6900
SRR23343457	Apis laboriosa	China: Yunnan, Baoshan	AD_Malaysia	663624	663723	19.9400
SRR23343457	Apis laboriosa	China: Yunnan, Baoshan	AD_Malaysia	663724	663823	23.8100
SRR23343457	Apis laboriosa	China: Yunnan, Baoshan	AD_Malaysia	663824	663923	22.9500
SRR23343457	Apis laboriosa	China: Yunnan, Baoshan	AD_Malaysia	663924	664023	22.8900
SRR23343457	Apis laboriosa	China: Yunnan, Baoshan	AD_Malaysia	664024	664123	18.4900
SRR23343457	Apis laboriosa	China: Yunnan, Baoshan	AD_Malaysia	664124	664223	22.7800
SRR23343457	Apis laboriosa	China: Yunnan, Baoshan	AD_Malaysia	664224	664261	21.9211
SRR23343458	Apis laboriosa	China: Yunnan, Baoshan	AD_Malaysia	656224	656323	41.9200
SRR23343458	Apis laboriosa	China: Yunnan, Baoshan	AD_Malaysia	656324	656423	35.7800
SRR23343458	Apis laboriosa	China: Yunnan, Baoshan	AD_Malaysia	656424	656523	32.9000
SRR23343458	Apis laboriosa	China: Yunnan, Baoshan	AD_Malaysia	656524	656623	35.7800
SRR23343458	Apis laboriosa	China: Yunnan, Baoshan	AD_Malaysia	656624	656723	24.4500
SRR23343458	Apis laboriosa	China: Yunnan, Baoshan	AD_Malaysia	656724	656823	25.0800
SRR23343458	Apis laboriosa	China: Yunnan, Baoshan	AD_Malaysia	656824	656923	27.6100
SRR23343458	Apis laboriosa	China: Yunnan, Baoshan	AD_Malaysia	656924	657023	30.2400
SRR23343458	Apis laboriosa	China: Yunnan, Baoshan	AD_Malaysia	657024	657123	37.2000
SRR23343458	Apis laboriosa	China: Yunnan, Baoshan	AD_Malaysia	657124	657223	38.0200
SRR23343458	Apis laboriosa	China: Yunnan, Baoshan	AD_Malaysia	657224	657323	49.6100
SRR23343458	Apis laboriosa	China: Yunnan, Baoshan	AD_Malaysia	657324	657423	44.2600
SRR23343458	Apis laboriosa	China: Yunnan, Baoshan	AD_Malaysia	657424	657523	48.4100
SRR23343458	Apis laboriosa	China: Yunnan, Baoshan	AD_Malaysia	657524	657623	44.2000
SRR23343458	Apis laboriosa	China: Yunnan, Baoshan	AD_Malaysia	657624	657723	43.4100
SRR23343458	Apis laboriosa	China: Yunnan, Baoshan	AD_Malaysia	657724	657823	43.1100
SRR23343458	Apis laboriosa	China: Yunnan, Baoshan	AD_Malaysia	657824	657923	39.9700
SRR23343458	Apis laboriosa	China: Yunnan, Baoshan	AD_Malaysia	657924	658023	43.6700
SRR23343458	Apis laboriosa	China: Yunnan, Baoshan	AD_Malaysia	658024	658123	46.4500
SRR23343458	Apis laboriosa	China: Yunnan, Baoshan	AD_Malaysia	658124	658223	39.6800
SRR23343458	Apis laboriosa	China: Yunnan, Baoshan	AD_Malaysia	658224	658323	43.8700
SRR23343458	Apis laboriosa	China: Yunnan, Baoshan	AD_Malaysia	658324	658423	35.7100
SRR23343458	Apis laboriosa	China: Yunnan, Baoshan	AD_Malaysia	658424	658523	36.5300
SRR23343458	Apis laboriosa	China: Yunnan, Baoshan	AD_Malaysia	658524	658623	51.8900
SRR23343458	Apis laboriosa	China: Yunnan, Baoshan	AD_Malaysia	658624	658723	50.1700
SRR23343458	Apis laboriosa	China: Yunnan, Baoshan	AD_Malaysia	658724	658823	52.2100
SRR23343458	Apis laboriosa	China: Yunnan, Baoshan	AD_Malaysia	658824	658923	49.3700
SRR23343458	Apis laboriosa	China: Yunnan, Baoshan	AD_Malaysia	658924	659023	52.4400
SRR23343458	Apis laboriosa	China: Yunnan, Baoshan	AD_Malaysia	659024	659123	45.4400
SRR23343458	Apis laboriosa	China: Yunnan, Baoshan	AD_Malaysia	659124	659223	48.6800
SRR23343458	Apis laboriosa	China: Yunnan, Baoshan	AD_Malaysia	659224	659323	41.8400
SRR23343458	Apis laboriosa	China: Yunnan, Baoshan	AD_Malaysia	659324	659423	45.2500
SRR23343458	Apis laboriosa	China: Yunnan, Baoshan	AD_Malaysia	659424	659523	33.2200
SRR23343458	Apis laboriosa	China: Yunnan, Baoshan	AD_Malaysia	659524	659623	31.3400
SRR23343458	Apis laboriosa	China: Yunnan, Baoshan	AD_Malaysia	659624	659723	34.5900
SRR23343458	Apis laboriosa	China: Yunnan, Baoshan	AD_Malaysia	659724	659823	28.0500
SRR23343458	Apis laboriosa	China: Yunnan, Baoshan	AD_Malaysia	659824	659923	37.9700
SRR23343458	Apis laboriosa	China: Yunnan, Baoshan	AD_Malaysia	659924	660023	33.4500
SRR23343458	Apis laboriosa	China: Yunnan, Baoshan	AD_Malaysia	660024	660123	32.2300
SRR23343458	Apis laboriosa	China: Yunnan, Baoshan	AD_Malaysia	660124	660223	36.4400
SRR23343458	Apis laboriosa	China: Yunnan, Baoshan	AD_Malaysia	660224	660323	42.1400
SRR23343458	Apis laboriosa	China: Yunnan, Baoshan	AD_Malaysia	660324	660423	41.9000
SRR23343458	Apis laboriosa	China: Yunnan, Baoshan	AD_Malaysia	660424	660523	39.4500
SRR23343458	Apis laboriosa	China: Yunnan, Baoshan	AD_Malaysia	660524	660623	45.0800
SRR23343458	Apis laboriosa	China: Yunnan, Baoshan	AD_Malaysia	660624	660723	47.6500
SRR23343458	Apis laboriosa	China: Yunnan, Baoshan	AD_Malaysia	660724	660823	38.4400
SRR23343458	Apis laboriosa	China: Yunnan, Baoshan	AD_Malaysia	660824	660923	37.0500
SRR23343458	Apis laboriosa	China: Yunnan, Baoshan	AD_Malaysia	660924	661023	33.0700
SRR23343458	Apis laboriosa	China: Yunnan, Baoshan	AD_Malaysia	661024	661123	31.7500
SRR23343458	Apis laboriosa	China: Yunnan, Baoshan	AD_Malaysia	661124	661223	31.8400
SRR23343458	Apis laboriosa	China: Yunnan, Baoshan	AD_Malaysia	661224	661323	25.5300
SRR23343458	Apis laboriosa	China: Yunnan, Baoshan	AD_Malaysia	661324	661423	31.0700
SRR23343458	Apis laboriosa	China: Yunnan, Baoshan	AD_Malaysia	661424	661523	33.7000
SRR23343458	Apis laboriosa	China: Yunnan, Baoshan	AD_Malaysia	661524	661623	33.4400
SRR23343458	Apis laboriosa	China: Yunnan, Baoshan	AD_Malaysia	661624	661723	40.8600
SRR23343458	Apis laboriosa	China: Yunnan, Baoshan	AD_Malaysia	661724	661823	42.3500
SRR23343458	Apis laboriosa	China: Yunnan, Baoshan	AD_Malaysia	661824	661923	38.3700
SRR23343458	Apis laboriosa	China: Yunnan, Baoshan	AD_Malaysia	661924	662023	30.5000
SRR23343458	Apis laboriosa	China: Yunnan, Baoshan	AD_Malaysia	662024	662123	31.6900
SRR23343458	Apis laboriosa	China: Yunnan, Baoshan	AD_Malaysia	662124	662223	29.7100
SRR23343458	Apis laboriosa	China: Yunnan, Baoshan	AD_Malaysia	662224	662323	36.0700
SRR23343458	Apis laboriosa	China: Yunnan, Baoshan	AD_Malaysia	662324	662423	42.3000
SRR23343458	Apis laboriosa	China: Yunnan, Baoshan	AD_Malaysia	662424	662523	41.7100
SRR23343458	Apis laboriosa	China: Yunnan, Baoshan	AD_Malaysia	662524	662623	34.7400
SRR23343458	Apis laboriosa	China: Yunnan, Baoshan	AD_Malaysia	662624	662723	26.2900
SRR23343458	Apis laboriosa	China: Yunnan, Baoshan	AD_Malaysia	662724	662823	25.3300
SRR23343458	Apis laboriosa	China: Yunnan, Baoshan	AD_Malaysia	662824	662923	29.7500
SRR23343458	Apis laboriosa	China: Yunnan, Baoshan	AD_Malaysia	662924	663023	37.6800
SRR23343458	Apis laboriosa	China: Yunnan, Baoshan	AD_Malaysia	663024	663123	44.7000
SRR23343458	Apis laboriosa	China: Yunnan, Baoshan	AD_Malaysia	663124	663223	45.7000
SRR23343458	Apis laboriosa	China: Yunnan, Baoshan	AD_Malaysia	663224	663323	39.1300
SRR23343458	Apis laboriosa	China: Yunnan, Baoshan	AD_Malaysia	663324	663423	33.5200
SRR23343458	Apis laboriosa	China: Yunnan, Baoshan	AD_Malaysia	663424	663523	28.6300
SRR23343458	Apis laboriosa	China: Yunnan, Baoshan	AD_Malaysia	663524	663623	35.2600
SRR23343458	Apis laboriosa	China: Yunnan, Baoshan	AD_Malaysia	663624	663723	28.9500
SRR23343458	Apis laboriosa	China: Yunnan, Baoshan	AD_Malaysia	663724	663823	32.2300
SRR23343458	Apis laboriosa	China: Yunnan, Baoshan	AD_Malaysia	663824	663923	38.6400
SRR23343458	Apis laboriosa	China: Yunnan, Baoshan	AD_Malaysia	663924	664023	33.2000
SRR23343458	Apis laboriosa	China: Yunnan, Baoshan	AD_Malaysia	664024	664123	36.1200
SRR23343458	Apis laboriosa	China: Yunnan, Baoshan	AD_Malaysia	664124	664223	41.3200
SRR23343458	Apis laboriosa	China: Yunnan, Baoshan	AD_Malaysia	664224	664261	41.2368
SRR23343459	Apis laboriosa	China: Yunnan, Baoshan	AD_Malaysia	656224	656323	22.1900
SRR23343459	Apis laboriosa	China: Yunnan, Baoshan	AD_Malaysia	656324	656423	24.3100
SRR23343459	Apis laboriosa	China: Yunnan, Baoshan	AD_Malaysia	656424	656523	26.8700
SRR23343459	Apis laboriosa	China: Yunnan, Baoshan	AD_Malaysia	656524	656623	23.7300
SRR23343459	Apis laboriosa	China: Yunnan, Baoshan	AD_Malaysia	656624	656723	22.5800
SRR23343459	Apis laboriosa	China: Yunnan, Baoshan	AD_Malaysia	656724	656823	19.7900
SRR23343459	Apis laboriosa	China: Yunnan, Baoshan	AD_Malaysia	656824	656923	17.5900
SRR23343459	Apis laboriosa	China: Yunnan, Baoshan	AD_Malaysia	656924	657023	20.1700
SRR23343459	Apis laboriosa	China: Yunnan, Baoshan	AD_Malaysia	657024	657123	26.0700
SRR23343459	Apis laboriosa	China: Yunnan, Baoshan	AD_Malaysia	657124	657223	38.4900
SRR23343459	Apis laboriosa	China: Yunnan, Baoshan	AD_Malaysia	657224	657323	34.3600
SRR23343459	Apis laboriosa	China: Yunnan, Baoshan	AD_Malaysia	657324	657423	37.1500
SRR23343459	Apis laboriosa	China: Yunnan, Baoshan	AD_Malaysia	657424	657523	41.9700
SRR23343459	Apis laboriosa	China: Yunnan, Baoshan	AD_Malaysia	657524	657623	35.9900
SRR23343459	Apis laboriosa	China: Yunnan, Baoshan	AD_Malaysia	657624	657723	31.0800
SRR23343459	Apis laboriosa	China: Yunnan, Baoshan	AD_Malaysia	657724	657823	38.1800
SRR23343459	Apis laboriosa	China: Yunnan, Baoshan	AD_Malaysia	657824	657923	23.3100
SRR23343459	Apis laboriosa	China: Yunnan, Baoshan	AD_Malaysia	657924	658023	24.2700
SRR23343459	Apis laboriosa	China: Yunnan, Baoshan	AD_Malaysia	658024	658123	26.5500
SRR23343459	Apis laboriosa	China: Yunnan, Baoshan	AD_Malaysia	658124	658223	26.5400
SRR23343459	Apis laboriosa	China: Yunnan, Baoshan	AD_Malaysia	658224	658323	32.0500
SRR23343459	Apis laboriosa	China: Yunnan, Baoshan	AD_Malaysia	658324	658423	33.8000
SRR23343459	Apis laboriosa	China: Yunnan, Baoshan	AD_Malaysia	658424	658523	34.8200
SRR23343459	Apis laboriosa	China: Yunnan, Baoshan	AD_Malaysia	658524	658623	35.0100
SRR23343459	Apis laboriosa	China: Yunnan, Baoshan	AD_Malaysia	658624	658723	23.6700
SRR23343459	Apis laboriosa	China: Yunnan, Baoshan	AD_Malaysia	658724	658823	25.3300
SRR23343459	Apis laboriosa	China: Yunnan, Baoshan	AD_Malaysia	658824	658923	22.2900
SRR23343459	Apis laboriosa	China: Yunnan, Baoshan	AD_Malaysia	658924	659023	23.3600
SRR23343459	Apis laboriosa	China: Yunnan, Baoshan	AD_Malaysia	659024	659123	29.3300
SRR23343459	Apis laboriosa	China: Yunnan, Baoshan	AD_Malaysia	659124	659223	28.3300
SRR23343459	Apis laboriosa	China: Yunnan, Baoshan	AD_Malaysia	659224	659323	29.2500
SRR23343459	Apis laboriosa	China: Yunnan, Baoshan	AD_Malaysia	659324	659423	30.6500
SRR23343459	Apis laboriosa	China: Yunnan, Baoshan	AD_Malaysia	659424	659523	29.8000
SRR23343459	Apis laboriosa	China: Yunnan, Baoshan	AD_Malaysia	659524	659623	15.6000
SRR23343459	Apis laboriosa	China: Yunnan, Baoshan	AD_Malaysia	659624	659723	21.0800
SRR23343459	Apis laboriosa	China: Yunnan, Baoshan	AD_Malaysia	659724	659823	28.3900
SRR23343459	Apis laboriosa	China: Yunnan, Baoshan	AD_Malaysia	659824	659923	23.5200
SRR23343459	Apis laboriosa	China: Yunnan, Baoshan	AD_Malaysia	659924	660023	30.3200
SRR23343459	Apis laboriosa	China: Yunnan, Baoshan	AD_Malaysia	660024	660123	25.8400
SRR23343459	Apis laboriosa	China: Yunnan, Baoshan	AD_Malaysia	660124	660223	24.2000
SRR23343459	Apis laboriosa	China: Yunnan, Baoshan	AD_Malaysia	660224	660323	26.4600
SRR23343459	Apis laboriosa	China: Yunnan, Baoshan	AD_Malaysia	660324	660423	26.3300
SRR23343459	Apis laboriosa	China: Yunnan, Baoshan	AD_Malaysia	660424	660523	23.3700
SRR23343459	Apis laboriosa	China: Yunnan, Baoshan	AD_Malaysia	660524	660623	24.7600
SRR23343459	Apis laboriosa	China: Yunnan, Baoshan	AD_Malaysia	660624	660723	24.0200
SRR23343459	Apis laboriosa	China: Yunnan, Baoshan	AD_Malaysia	660724	660823	29.9300
SRR23343459	Apis laboriosa	China: Yunnan, Baoshan	AD_Malaysia	660824	660923	30.6600
SRR23343459	Apis laboriosa	China: Yunnan, Baoshan	AD_Malaysia	660924	661023	28.3200
SRR23343459	Apis laboriosa	China: Yunnan, Baoshan	AD_Malaysia	661024	661123	26.8600
SRR23343459	Apis laboriosa	China: Yunnan, Baoshan	AD_Malaysia	661124	661223	28.1800
SRR23343459	Apis laboriosa	China: Yunnan, Baoshan	AD_Malaysia	661224	661323	27.0300
SRR23343459	Apis laboriosa	China: Yunnan, Baoshan	AD_Malaysia	661324	661423	25.9100
SRR23343459	Apis laboriosa	China: Yunnan, Baoshan	AD_Malaysia	661424	661523	23.5200
SRR23343459	Apis laboriosa	China: Yunnan, Baoshan	AD_Malaysia	661524	661623	25.1600
SRR23343459	Apis laboriosa	China: Yunnan, Baoshan	AD_Malaysia	661624	661723	29.8500
SRR23343459	Apis laboriosa	China: Yunnan, Baoshan	AD_Malaysia	661724	661823	30.7200
SRR23343459	Apis laboriosa	China: Yunnan, Baoshan	AD_Malaysia	661824	661923	31.1000
SRR23343459	Apis laboriosa	China: Yunnan, Baoshan	AD_Malaysia	661924	662023	27.0900
SRR23343459	Apis laboriosa	China: Yunnan, Baoshan	AD_Malaysia	662024	662123	31.9500
SRR23343459	Apis laboriosa	China: Yunnan, Baoshan	AD_Malaysia	662124	662223	29.0300
SRR23343459	Apis laboriosa	China: Yunnan, Baoshan	AD_Malaysia	662224	662323	31.8000
SRR23343459	Apis laboriosa	China: Yunnan, Baoshan	AD_Malaysia	662324	662423	35.5100
SRR23343459	Apis laboriosa	China: Yunnan, Baoshan	AD_Malaysia	662424	662523	33.8800
SRR23343459	Apis laboriosa	China: Yunnan, Baoshan	AD_Malaysia	662524	662623	27.6600
SRR23343459	Apis laboriosa	China: Yunnan, Baoshan	AD_Malaysia	662624	662723	24.8000
SRR23343459	Apis laboriosa	China: Yunnan, Baoshan	AD_Malaysia	662724	662823	23.5000
SRR23343459	Apis laboriosa	China: Yunnan, Baoshan	AD_Malaysia	662824	662923	24.6600
SRR23343459	Apis laboriosa	China: Yunnan, Baoshan	AD_Malaysia	662924	663023	25.3400
SRR23343459	Apis laboriosa	China: Yunnan, Baoshan	AD_Malaysia	663024	663123	18.2700
SRR23343459	Apis laboriosa	China: Yunnan, Baoshan	AD_Malaysia	663124	663223	17.9300
SRR23343459	Apis laboriosa	China: Yunnan, Baoshan	AD_Malaysia	663224	663323	22.8500
SRR23343459	Apis laboriosa	China: Yunnan, Baoshan	AD_Malaysia	663324	663423	17.2800
SRR23343459	Apis laboriosa	China: Yunnan, Baoshan	AD_Malaysia	663424	663523	11.0700
SRR23343459	Apis laboriosa	China: Yunnan, Baoshan	AD_Malaysia	663524	663623	13.6800
SRR23343459	Apis laboriosa	China: Yunnan, Baoshan	AD_Malaysia	663624	663723	18.7900
SRR23343459	Apis laboriosa	China: Yunnan, Baoshan	AD_Malaysia	663724	663823	15.1800
SRR23343459	Apis laboriosa	China: Yunnan, Baoshan	AD_Malaysia	663824	663923	14.4300
SRR23343459	Apis laboriosa	China: Yunnan, Baoshan	AD_Malaysia	663924	664023	17.7200
SRR23343459	Apis laboriosa	China: Yunnan, Baoshan	AD_Malaysia	664024	664123	19.1100
SRR23343459	Apis laboriosa	China: Yunnan, Baoshan	AD_Malaysia	664124	664223	21.9400
SRR23343459	Apis laboriosa	China: Yunnan, Baoshan	AD_Malaysia	664224	664261	15.2105
SRR23343460	Apis dorsata	China: Yunnan, Xishuangbanna	AD_Malaysia	656224	656323	25.2500
SRR23343460	Apis dorsata	China: Yunnan, Xishuangbanna	AD_Malaysia	656324	656423	25.9400
SRR23343460	Apis dorsata	China: Yunnan, Xishuangbanna	AD_Malaysia	656424	656523	24.7400
SRR23343460	Apis dorsata	China: Yunnan, Xishuangbanna	AD_Malaysia	656524	656623	29.5000
SRR23343460	Apis dorsata	China: Yunnan, Xishuangbanna	AD_Malaysia	656624	656723	25.3000
SRR23343460	Apis dorsata	China: Yunnan, Xishuangbanna	AD_Malaysia	656724	656823	28.4700
SRR23343460	Apis dorsata	China: Yunnan, Xishuangbanna	AD_Malaysia	656824	656923	29.8800
SRR23343460	Apis dorsata	China: Yunnan, Xishuangbanna	AD_Malaysia	656924	657023	30.6000
SRR23343460	Apis dorsata	China: Yunnan, Xishuangbanna	AD_Malaysia	657024	657123	33.8700
SRR23343460	Apis dorsata	China: Yunnan, Xishuangbanna	AD_Malaysia	657124	657223	29.1600
SRR23343460	Apis dorsata	China: Yunnan, Xishuangbanna	AD_Malaysia	657224	657323	36.8200
SRR23343460	Apis dorsata	China: Yunnan, Xishuangbanna	AD_Malaysia	657324	657423	38.2100
SRR23343460	Apis dorsata	China: Yunnan, Xishuangbanna	AD_Malaysia	657424	657523	48.1900
SRR23343460	Apis dorsata	China: Yunnan, Xishuangbanna	AD_Malaysia	657524	657623	36.1200
SRR23343460	Apis dorsata	China: Yunnan, Xishuangbanna	AD_Malaysia	657624	657723	36.2700
SRR23343460	Apis dorsata	China: Yunnan, Xishuangbanna	AD_Malaysia	657724	657823	43.6600
SRR23343460	Apis dorsata	China: Yunnan, Xishuangbanna	AD_Malaysia	657824	657923	47.6000
SRR23343460	Apis dorsata	China: Yunnan, Xishuangbanna	AD_Malaysia	657924	658023	42.0000
SRR23343460	Apis dorsata	China: Yunnan, Xishuangbanna	AD_Malaysia	658024	658123	37.7900
SRR23343460	Apis dorsata	China: Yunnan, Xishuangbanna	AD_Malaysia	658124	658223	31.9700
SRR23343460	Apis dorsata	China: Yunnan, Xishuangbanna	AD_Malaysia	658224	658323	31.6800
SRR23343460	Apis dorsata	China: Yunnan, Xishuangbanna	AD_Malaysia	658324	658423	30.4700
SRR23343460	Apis dorsata	China: Yunnan, Xishuangbanna	AD_Malaysia	658424	658523	30.7700
SRR23343460	Apis dorsata	China: Yunnan, Xishuangbanna	AD_Malaysia	658524	658623	38.2800
SRR23343460	Apis dorsata	China: Yunnan, Xishuangbanna	AD_Malaysia	658624	658723	31.7700
SRR23343460	Apis dorsata	China: Yunnan, Xishuangbanna	AD_Malaysia	658724	658823	34.7300
SRR23343460	Apis dorsata	China: Yunnan, Xishuangbanna	AD_Malaysia	658824	658923	30.9900
SRR23343460	Apis dorsata	China: Yunnan, Xishuangbanna	AD_Malaysia	658924	659023	34.3500
SRR23343460	Apis dorsata	China: Yunnan, Xishuangbanna	AD_Malaysia	659024	659123	35.9100
SRR23343460	Apis dorsata	China: Yunnan, Xishuangbanna	AD_Malaysia	659124	659223	35.0800
SRR23343460	Apis dorsata	China: Yunnan, Xishuangbanna	AD_Malaysia	659224	659323	33.5900
SRR23343460	Apis dorsata	China: Yunnan, Xishuangbanna	AD_Malaysia	659324	659423	31.5300
SRR23343460	Apis dorsata	China: Yunnan, Xishuangbanna	AD_Malaysia	659424	659523	27.1100
SRR23343460	Apis dorsata	China: Yunnan, Xishuangbanna	AD_Malaysia	659524	659623	27.5000
SRR23343460	Apis dorsata	China: Yunnan, Xishuangbanna	AD_Malaysia	659624	659723	32.9800
SRR23343460	Apis dorsata	China: Yunnan, Xishuangbanna	AD_Malaysia	659724	659823	25.5800
SRR23343460	Apis dorsata	China: Yunnan, Xishuangbanna	AD_Malaysia	659824	659923	18.2100
SRR23343460	Apis dorsata	China: Yunnan, Xishuangbanna	AD_Malaysia	659924	660023	18.4200
SRR23343460	Apis dorsata	China: Yunnan, Xishuangbanna	AD_Malaysia	660024	660123	5.1500
SRR23343460	Apis dorsata	China: Yunnan, Xishuangbanna	AD_Malaysia	660124	660223	10.6900
SRR23343460	Apis dorsata	China: Yunnan, Xishuangbanna	AD_Malaysia	660224	660323	19.2100
SRR23343460	Apis dorsata	China: Yunnan, Xishuangbanna	AD_Malaysia	660324	660423	20.9200
SRR23343460	Apis dorsata	China: Yunnan, Xishuangbanna	AD_Malaysia	660424	660523	32.9900
SRR23343460	Apis dorsata	China: Yunnan, Xishuangbanna	AD_Malaysia	660524	660623	35.7000
SRR23343460	Apis dorsata	China: Yunnan, Xishuangbanna	AD_Malaysia	660624	660723	33.4500
SRR23343460	Apis dorsata	China: Yunnan, Xishuangbanna	AD_Malaysia	660724	660823	35.2900
SRR23343460	Apis dorsata	China: Yunnan, Xishuangbanna	AD_Malaysia	660824	660923	36.1500
SRR23343460	Apis dorsata	China: Yunnan, Xishuangbanna	AD_Malaysia	660924	661023	35.0300
SRR23343460	Apis dorsata	China: Yunnan, Xishuangbanna	AD_Malaysia	661024	661123	43.5700
SRR23343460	Apis dorsata	China: Yunnan, Xishuangbanna	AD_Malaysia	661124	661223	31.3900
SRR23343460	Apis dorsata	China: Yunnan, Xishuangbanna	AD_Malaysia	661224	661323	33.5800
SRR23343460	Apis dorsata	China: Yunnan, Xishuangbanna	AD_Malaysia	661324	661423	37.4600
SRR23343460	Apis dorsata	China: Yunnan, Xishuangbanna	AD_Malaysia	661424	661523	33.2600
SRR23343460	Apis dorsata	China: Yunnan, Xishuangbanna	AD_Malaysia	661524	661623	32.6600
SRR23343460	Apis dorsata	China: Yunnan, Xishuangbanna	AD_Malaysia	661624	661723	35.0000
SRR23343460	Apis dorsata	China: Yunnan, Xishuangbanna	AD_Malaysia	661724	661823	28.2700
SRR23343460	Apis dorsata	China: Yunnan, Xishuangbanna	AD_Malaysia	661824	661923	26.6600
SRR23343460	Apis dorsata	China: Yunnan, Xishuangbanna	AD_Malaysia	661924	662023	24.1600
SRR23343460	Apis dorsata	China: Yunnan, Xishuangbanna	AD_Malaysia	662024	662123	24.0700
SRR23343460	Apis dorsata	China: Yunnan, Xishuangbanna	AD_Malaysia	662124	662223	28.6400
SRR23343460	Apis dorsata	China: Yunnan, Xishuangbanna	AD_Malaysia	662224	662323	27.4800
SRR23343460	Apis dorsata	China: Yunnan, Xishuangbanna	AD_Malaysia	662324	662423	23.4700
SRR23343460	Apis dorsata	China: Yunnan, Xishuangbanna	AD_Malaysia	662424	662523	21.7800
SRR23343460	Apis dorsata	China: Yunnan, Xishuangbanna	AD_Malaysia	662524	662623	18.5400
SRR23343460	Apis dorsata	China: Yunnan, Xishuangbanna	AD_Malaysia	662624	662723	9.1600
SRR23343460	Apis dorsata	China: Yunnan, Xishuangbanna	AD_Malaysia	662724	662823	7.4200
SRR23343460	Apis dorsata	China: Yunnan, Xishuangbanna	AD_Malaysia	662824	662923	13.3100
SRR23343460	Apis dorsata	China: Yunnan, Xishuangbanna	AD_Malaysia	662924	663023	15.1800
SRR23343460	Apis dorsata	China: Yunnan, Xishuangbanna	AD_Malaysia	663024	663123	14.7200
SRR23343460	Apis dorsata	China: Yunnan, Xishuangbanna	AD_Malaysia	663124	663223	16.0000
SRR23343460	Apis dorsata	China: Yunnan, Xishuangbanna	AD_Malaysia	663224	663323	14.3800
SRR23343460	Apis dorsata	China: Yunnan, Xishuangbanna	AD_Malaysia	663324	663423	8.9000
SRR23343460	Apis dorsata	China: Yunnan, Xishuangbanna	AD_Malaysia	663424	663523	2.7200
SRR23343460	Apis dorsata	China: Yunnan, Xishuangbanna	AD_Malaysia	663524	663623	2.6000
SRR23343460	Apis dorsata	China: Yunnan, Xishuangbanna	AD_Malaysia	663624	663723	10.1200
SRR23343460	Apis dorsata	China: Yunnan, Xishuangbanna	AD_Malaysia	663724	663823	19.1400
SRR23343460	Apis dorsata	China: Yunnan, Xishuangbanna	AD_Malaysia	663824	663923	29.3800
SRR23343460	Apis dorsata	China: Yunnan, Xishuangbanna	AD_Malaysia	663924	664023	24.3200
SRR23343460	Apis dorsata	China: Yunnan, Xishuangbanna	AD_Malaysia	664024	664123	26.4000
SRR23343460	Apis dorsata	China: Yunnan, Xishuangbanna	AD_Malaysia	664124	664223	31.9600
SRR23343460	Apis dorsata	China: Yunnan, Xishuangbanna	AD_Malaysia	664224	664261	25.8158
SRR23343461	Apis laboriosa	China: Yunnan, Baoshan	AD_Malaysia	656224	656323	37.5900
SRR23343461	Apis laboriosa	China: Yunnan, Baoshan	AD_Malaysia	656324	656423	34.4700
SRR23343461	Apis laboriosa	China: Yunnan, Baoshan	AD_Malaysia	656424	656523	35.5800
SRR23343461	Apis laboriosa	China: Yunnan, Baoshan	AD_Malaysia	656524	656623	27.3100
SRR23343461	Apis laboriosa	China: Yunnan, Baoshan	AD_Malaysia	656624	656723	27.0900
SRR23343461	Apis laboriosa	China: Yunnan, Baoshan	AD_Malaysia	656724	656823	34.4900
SRR23343461	Apis laboriosa	China: Yunnan, Baoshan	AD_Malaysia	656824	656923	27.8700
SRR23343461	Apis laboriosa	China: Yunnan, Baoshan	AD_Malaysia	656924	657023	32.9600
SRR23343461	Apis laboriosa	China: Yunnan, Baoshan	AD_Malaysia	657024	657123	31.5300
SRR23343461	Apis laboriosa	China: Yunnan, Baoshan	AD_Malaysia	657124	657223	32.3400
SRR23343461	Apis laboriosa	China: Yunnan, Baoshan	AD_Malaysia	657224	657323	37.8300
SRR23343461	Apis laboriosa	China: Yunnan, Baoshan	AD_Malaysia	657324	657423	34.2000
SRR23343461	Apis laboriosa	China: Yunnan, Baoshan	AD_Malaysia	657424	657523	33.6200
SRR23343461	Apis laboriosa	China: Yunnan, Baoshan	AD_Malaysia	657524	657623	30.0000
SRR23343461	Apis laboriosa	China: Yunnan, Baoshan	AD_Malaysia	657624	657723	35.0100
SRR23343461	Apis laboriosa	China: Yunnan, Baoshan	AD_Malaysia	657724	657823	41.4100
SRR23343461	Apis laboriosa	China: Yunnan, Baoshan	AD_Malaysia	657824	657923	31.6900
SRR23343461	Apis laboriosa	China: Yunnan, Baoshan	AD_Malaysia	657924	658023	40.7400
SRR23343461	Apis laboriosa	China: Yunnan, Baoshan	AD_Malaysia	658024	658123	38.8700
SRR23343461	Apis laboriosa	China: Yunnan, Baoshan	AD_Malaysia	658124	658223	35.3700
SRR23343461	Apis laboriosa	China: Yunnan, Baoshan	AD_Malaysia	658224	658323	36.6000
SRR23343461	Apis laboriosa	China: Yunnan, Baoshan	AD_Malaysia	658324	658423	43.1000
SRR23343461	Apis laboriosa	China: Yunnan, Baoshan	AD_Malaysia	658424	658523	36.1900
SRR23343461	Apis laboriosa	China: Yunnan, Baoshan	AD_Malaysia	658524	658623	35.9200
SRR23343461	Apis laboriosa	China: Yunnan, Baoshan	AD_Malaysia	658624	658723	35.5000
SRR23343461	Apis laboriosa	China: Yunnan, Baoshan	AD_Malaysia	658724	658823	42.4900
SRR23343461	Apis laboriosa	China: Yunnan, Baoshan	AD_Malaysia	658824	658923	38.2200
SRR23343461	Apis laboriosa	China: Yunnan, Baoshan	AD_Malaysia	658924	659023	39.3600
SRR23343461	Apis laboriosa	China: Yunnan, Baoshan	AD_Malaysia	659024	659123	38.3900
SRR23343461	Apis laboriosa	China: Yunnan, Baoshan	AD_Malaysia	659124	659223	40.7100
SRR23343461	Apis laboriosa	China: Yunnan, Baoshan	AD_Malaysia	659224	659323	37.9800
SRR23343461	Apis laboriosa	China: Yunnan, Baoshan	AD_Malaysia	659324	659423	38.7300
SRR23343461	Apis laboriosa	China: Yunnan, Baoshan	AD_Malaysia	659424	659523	34.2000
SRR23343461	Apis laboriosa	China: Yunnan, Baoshan	AD_Malaysia	659524	659623	25.0300
SRR23343461	Apis laboriosa	China: Yunnan, Baoshan	AD_Malaysia	659624	659723	21.7200
SRR23343461	Apis laboriosa	China: Yunnan, Baoshan	AD_Malaysia	659724	659823	25.5900
SRR23343461	Apis laboriosa	China: Yunnan, Baoshan	AD_Malaysia	659824	659923	28.0900
SRR23343461	Apis laboriosa	China: Yunnan, Baoshan	AD_Malaysia	659924	660023	25.0500
SRR23343461	Apis laboriosa	China: Yunnan, Baoshan	AD_Malaysia	660024	660123	26.8800
SRR23343461	Apis laboriosa	China: Yunnan, Baoshan	AD_Malaysia	660124	660223	27.3000
SRR23343461	Apis laboriosa	China: Yunnan, Baoshan	AD_Malaysia	660224	660323	25.1100
SRR23343461	Apis laboriosa	China: Yunnan, Baoshan	AD_Malaysia	660324	660423	26.4900
SRR23343461	Apis laboriosa	China: Yunnan, Baoshan	AD_Malaysia	660424	660523	35.4900
SRR23343461	Apis laboriosa	China: Yunnan, Baoshan	AD_Malaysia	660524	660623	36.6700
SRR23343461	Apis laboriosa	China: Yunnan, Baoshan	AD_Malaysia	660624	660723	37.2700
SRR23343461	Apis laboriosa	China: Yunnan, Baoshan	AD_Malaysia	660724	660823	39.0100
SRR23343461	Apis laboriosa	China: Yunnan, Baoshan	AD_Malaysia	660824	660923	26.6800
SRR23343461	Apis laboriosa	China: Yunnan, Baoshan	AD_Malaysia	660924	661023	29.7200
SRR23343461	Apis laboriosa	China: Yunnan, Baoshan	AD_Malaysia	661024	661123	35.2800
SRR23343461	Apis laboriosa	China: Yunnan, Baoshan	AD_Malaysia	661124	661223	33.3900
SRR23343461	Apis laboriosa	China: Yunnan, Baoshan	AD_Malaysia	661224	661323	36.1100
SRR23343461	Apis laboriosa	China: Yunnan, Baoshan	AD_Malaysia	661324	661423	36.5100
SRR23343461	Apis laboriosa	China: Yunnan, Baoshan	AD_Malaysia	661424	661523	39.8100
SRR23343461	Apis laboriosa	China: Yunnan, Baoshan	AD_Malaysia	661524	661623	34.0700
SRR23343461	Apis laboriosa	China: Yunnan, Baoshan	AD_Malaysia	661624	661723	30.0000
SRR23343461	Apis laboriosa	China: Yunnan, Baoshan	AD_Malaysia	661724	661823	28.7500
SRR23343461	Apis laboriosa	China: Yunnan, Baoshan	AD_Malaysia	661824	661923	26.1800
SRR23343461	Apis laboriosa	China: Yunnan, Baoshan	AD_Malaysia	661924	662023	25.6000
SRR23343461	Apis laboriosa	China: Yunnan, Baoshan	AD_Malaysia	662024	662123	27.7200
SRR23343461	Apis laboriosa	China: Yunnan, Baoshan	AD_Malaysia	662124	662223	33.3800
SRR23343461	Apis laboriosa	China: Yunnan, Baoshan	AD_Malaysia	662224	662323	27.1300
SRR23343461	Apis laboriosa	China: Yunnan, Baoshan	AD_Malaysia	662324	662423	22.5600
SRR23343461	Apis laboriosa	China: Yunnan, Baoshan	AD_Malaysia	662424	662523	29.4100
SRR23343461	Apis laboriosa	China: Yunnan, Baoshan	AD_Malaysia	662524	662623	27.6700
SRR23343461	Apis laboriosa	China: Yunnan, Baoshan	AD_Malaysia	662624	662723	26.9100
SRR23343461	Apis laboriosa	China: Yunnan, Baoshan	AD_Malaysia	662724	662823	26.6600
SRR23343461	Apis laboriosa	China: Yunnan, Baoshan	AD_Malaysia	662824	662923	25.1600
SRR23343461	Apis laboriosa	China: Yunnan, Baoshan	AD_Malaysia	662924	663023	30.0600
SRR23343461	Apis laboriosa	China: Yunnan, Baoshan	AD_Malaysia	663024	663123	25.5800
SRR23343461	Apis laboriosa	China: Yunnan, Baoshan	AD_Malaysia	663124	663223	24.7900
SRR23343461	Apis laboriosa	China: Yunnan, Baoshan	AD_Malaysia	663224	663323	23.7100
SRR23343461	Apis laboriosa	China: Yunnan, Baoshan	AD_Malaysia	663324	663423	24.5500
SRR23343461	Apis laboriosa	China: Yunnan, Baoshan	AD_Malaysia	663424	663523	15.4000
SRR23343461	Apis laboriosa	China: Yunnan, Baoshan	AD_Malaysia	663524	663623	16.7600
SRR23343461	Apis laboriosa	China: Yunnan, Baoshan	AD_Malaysia	663624	663723	24.7400
SRR23343461	Apis laboriosa	China: Yunnan, Baoshan	AD_Malaysia	663724	663823	20.1400
SRR23343461	Apis laboriosa	China: Yunnan, Baoshan	AD_Malaysia	663824	663923	22.6700
SRR23343461	Apis laboriosa	China: Yunnan, Baoshan	AD_Malaysia	663924	664023	25.0500
SRR23343461	Apis laboriosa	China: Yunnan, Baoshan	AD_Malaysia	664024	664123	32.7700
SRR23343461	Apis laboriosa	China: Yunnan, Baoshan	AD_Malaysia	664124	664223	33.4700
SRR23343461	Apis laboriosa	China: Yunnan, Baoshan	AD_Malaysia	664224	664261	28.6316
SRR23343462	Apis laboriosa	China: Yunnan, Baoshan	AD_Malaysia	656224	656323	43.6700
SRR23343462	Apis laboriosa	China: Yunnan, Baoshan	AD_Malaysia	656324	656423	50.3700
SRR23343462	Apis laboriosa	China: Yunnan, Baoshan	AD_Malaysia	656424	656523	41.1500
SRR23343462	Apis laboriosa	China: Yunnan, Baoshan	AD_Malaysia	656524	656623	45.6500
SRR23343462	Apis laboriosa	China: Yunnan, Baoshan	AD_Malaysia	656624	656723	37.3600
SRR23343462	Apis laboriosa	China: Yunnan, Baoshan	AD_Malaysia	656724	656823	32.7300
SRR23343462	Apis laboriosa	China: Yunnan, Baoshan	AD_Malaysia	656824	656923	37.4700
SRR23343462	Apis laboriosa	China: Yunnan, Baoshan	AD_Malaysia	656924	657023	35.9100
SRR23343462	Apis laboriosa	China: Yunnan, Baoshan	AD_Malaysia	657024	657123	35.6200
SRR23343462	Apis laboriosa	China: Yunnan, Baoshan	AD_Malaysia	657124	657223	31.4000
SRR23343462	Apis laboriosa	China: Yunnan, Baoshan	AD_Malaysia	657224	657323	36.2600
SRR23343462	Apis laboriosa	China: Yunnan, Baoshan	AD_Malaysia	657324	657423	42.5400
SRR23343462	Apis laboriosa	China: Yunnan, Baoshan	AD_Malaysia	657424	657523	41.3300
SRR23343462	Apis laboriosa	China: Yunnan, Baoshan	AD_Malaysia	657524	657623	42.3900
SRR23343462	Apis laboriosa	China: Yunnan, Baoshan	AD_Malaysia	657624	657723	43.7400
SRR23343462	Apis laboriosa	China: Yunnan, Baoshan	AD_Malaysia	657724	657823	39.8700
SRR23343462	Apis laboriosa	China: Yunnan, Baoshan	AD_Malaysia	657824	657923	44.9000
SRR23343462	Apis laboriosa	China: Yunnan, Baoshan	AD_Malaysia	657924	658023	47.8900
SRR23343462	Apis laboriosa	China: Yunnan, Baoshan	AD_Malaysia	658024	658123	53.7100
SRR23343462	Apis laboriosa	China: Yunnan, Baoshan	AD_Malaysia	658124	658223	48.0100
SRR23343462	Apis laboriosa	China: Yunnan, Baoshan	AD_Malaysia	658224	658323	47.3700
SRR23343462	Apis laboriosa	China: Yunnan, Baoshan	AD_Malaysia	658324	658423	41.3900
SRR23343462	Apis laboriosa	China: Yunnan, Baoshan	AD_Malaysia	658424	658523	39.6600
SRR23343462	Apis laboriosa	China: Yunnan, Baoshan	AD_Malaysia	658524	658623	51.2800
SRR23343462	Apis laboriosa	China: Yunnan, Baoshan	AD_Malaysia	658624	658723	48.6300
SRR23343462	Apis laboriosa	China: Yunnan, Baoshan	AD_Malaysia	658724	658823	52.4200
SRR23343462	Apis laboriosa	China: Yunnan, Baoshan	AD_Malaysia	658824	658923	56.4600
SRR23343462	Apis laboriosa	China: Yunnan, Baoshan	AD_Malaysia	658924	659023	56.9400
SRR23343462	Apis laboriosa	China: Yunnan, Baoshan	AD_Malaysia	659024	659123	57.6900
SRR23343462	Apis laboriosa	China: Yunnan, Baoshan	AD_Malaysia	659124	659223	51.2700
SRR23343462	Apis laboriosa	China: Yunnan, Baoshan	AD_Malaysia	659224	659323	48.1800
SRR23343462	Apis laboriosa	China: Yunnan, Baoshan	AD_Malaysia	659324	659423	50.0000
SRR23343462	Apis laboriosa	China: Yunnan, Baoshan	AD_Malaysia	659424	659523	44.7500
SRR23343462	Apis laboriosa	China: Yunnan, Baoshan	AD_Malaysia	659524	659623	43.6000
SRR23343462	Apis laboriosa	China: Yunnan, Baoshan	AD_Malaysia	659624	659723	44.6800
SRR23343462	Apis laboriosa	China: Yunnan, Baoshan	AD_Malaysia	659724	659823	36.1500
SRR23343462	Apis laboriosa	China: Yunnan, Baoshan	AD_Malaysia	659824	659923	37.3200
SRR23343462	Apis laboriosa	China: Yunnan, Baoshan	AD_Malaysia	659924	660023	35.3500
SRR23343462	Apis laboriosa	China: Yunnan, Baoshan	AD_Malaysia	660024	660123	27.7000
SRR23343462	Apis laboriosa	China: Yunnan, Baoshan	AD_Malaysia	660124	660223	30.1600
SRR23343462	Apis laboriosa	China: Yunnan, Baoshan	AD_Malaysia	660224	660323	35.2700
SRR23343462	Apis laboriosa	China: Yunnan, Baoshan	AD_Malaysia	660324	660423	40.4200
SRR23343462	Apis laboriosa	China: Yunnan, Baoshan	AD_Malaysia	660424	660523	52.9800
SRR23343462	Apis laboriosa	China: Yunnan, Baoshan	AD_Malaysia	660524	660623	58.1900
SRR23343462	Apis laboriosa	China: Yunnan, Baoshan	AD_Malaysia	660624	660723	52.2500
SRR23343462	Apis laboriosa	China: Yunnan, Baoshan	AD_Malaysia	660724	660823	47.3800
SRR23343462	Apis laboriosa	China: Yunnan, Baoshan	AD_Malaysia	660824	660923	38.9400
SRR23343462	Apis laboriosa	China: Yunnan, Baoshan	AD_Malaysia	660924	661023	36.3000
SRR23343462	Apis laboriosa	China: Yunnan, Baoshan	AD_Malaysia	661024	661123	34.6200
SRR23343462	Apis laboriosa	China: Yunnan, Baoshan	AD_Malaysia	661124	661223	33.6100
SRR23343462	Apis laboriosa	China: Yunnan, Baoshan	AD_Malaysia	661224	661323	45.3100
SRR23343462	Apis laboriosa	China: Yunnan, Baoshan	AD_Malaysia	661324	661423	57.4400
SRR23343462	Apis laboriosa	China: Yunnan, Baoshan	AD_Malaysia	661424	661523	47.4200
SRR23343462	Apis laboriosa	China: Yunnan, Baoshan	AD_Malaysia	661524	661623	37.2800
SRR23343462	Apis laboriosa	China: Yunnan, Baoshan	AD_Malaysia	661624	661723	35.5400
SRR23343462	Apis laboriosa	China: Yunnan, Baoshan	AD_Malaysia	661724	661823	32.7200
SRR23343462	Apis laboriosa	China: Yunnan, Baoshan	AD_Malaysia	661824	661923	35.0700
SRR23343462	Apis laboriosa	China: Yunnan, Baoshan	AD_Malaysia	661924	662023	35.9600
SRR23343462	Apis laboriosa	China: Yunnan, Baoshan	AD_Malaysia	662024	662123	40.2400
SRR23343462	Apis laboriosa	China: Yunnan, Baoshan	AD_Malaysia	662124	662223	45.7200
SRR23343462	Apis laboriosa	China: Yunnan, Baoshan	AD_Malaysia	662224	662323	42.5700
SRR23343462	Apis laboriosa	China: Yunnan, Baoshan	AD_Malaysia	662324	662423	39.9500
SRR23343462	Apis laboriosa	China: Yunnan, Baoshan	AD_Malaysia	662424	662523	49.0700
SRR23343462	Apis laboriosa	China: Yunnan, Baoshan	AD_Malaysia	662524	662623	34.2900
SRR23343462	Apis laboriosa	China: Yunnan, Baoshan	AD_Malaysia	662624	662723	27.7200
SRR23343462	Apis laboriosa	China: Yunnan, Baoshan	AD_Malaysia	662724	662823	34.5500
SRR23343462	Apis laboriosa	China: Yunnan, Baoshan	AD_Malaysia	662824	662923	24.1400
SRR23343462	Apis laboriosa	China: Yunnan, Baoshan	AD_Malaysia	662924	663023	21.6600
SRR23343462	Apis laboriosa	China: Yunnan, Baoshan	AD_Malaysia	663024	663123	32.6600
SRR23343462	Apis laboriosa	China: Yunnan, Baoshan	AD_Malaysia	663124	663223	30.6900
SRR23343462	Apis laboriosa	China: Yunnan, Baoshan	AD_Malaysia	663224	663323	31.9200
SRR23343462	Apis laboriosa	China: Yunnan, Baoshan	AD_Malaysia	663324	663423	32.5100
SRR23343462	Apis laboriosa	China: Yunnan, Baoshan	AD_Malaysia	663424	663523	31.6500
SRR23343462	Apis laboriosa	China: Yunnan, Baoshan	AD_Malaysia	663524	663623	32.0500
SRR23343462	Apis laboriosa	China: Yunnan, Baoshan	AD_Malaysia	663624	663723	38.5800
SRR23343462	Apis laboriosa	China: Yunnan, Baoshan	AD_Malaysia	663724	663823	41.5600
SRR23343462	Apis laboriosa	China: Yunnan, Baoshan	AD_Malaysia	663824	663923	42.6700
SRR23343462	Apis laboriosa	China: Yunnan, Baoshan	AD_Malaysia	663924	664023	47.7000
SRR23343462	Apis laboriosa	China: Yunnan, Baoshan	AD_Malaysia	664024	664123	48.6700
SRR23343462	Apis laboriosa	China: Yunnan, Baoshan	AD_Malaysia	664124	664223	44.3700
SRR23343462	Apis laboriosa	China: Yunnan, Baoshan	AD_Malaysia	664224	664261	46.8158
SRR23343463	Apis laboriosa	China: Yunnan, Baoshan	AD_Malaysia	656224	656323	42.1500
SRR23343463	Apis laboriosa	China: Yunnan, Baoshan	AD_Malaysia	656324	656423	43.6400
SRR23343463	Apis laboriosa	China: Yunnan, Baoshan	AD_Malaysia	656424	656523	39.1000
SRR23343463	Apis laboriosa	China: Yunnan, Baoshan	AD_Malaysia	656524	656623	43.4600
SRR23343463	Apis laboriosa	China: Yunnan, Baoshan	AD_Malaysia	656624	656723	32.4600
SRR23343463	Apis laboriosa	China: Yunnan, Baoshan	AD_Malaysia	656724	656823	26.3300
SRR23343463	Apis laboriosa	China: Yunnan, Baoshan	AD_Malaysia	656824	656923	34.4900
SRR23343463	Apis laboriosa	China: Yunnan, Baoshan	AD_Malaysia	656924	657023	35.1000
SRR23343463	Apis laboriosa	China: Yunnan, Baoshan	AD_Malaysia	657024	657123	35.6900
SRR23343463	Apis laboriosa	China: Yunnan, Baoshan	AD_Malaysia	657124	657223	29.2700
SRR23343463	Apis laboriosa	China: Yunnan, Baoshan	AD_Malaysia	657224	657323	32.7500
SRR23343463	Apis laboriosa	China: Yunnan, Baoshan	AD_Malaysia	657324	657423	35.5400
SRR23343463	Apis laboriosa	China: Yunnan, Baoshan	AD_Malaysia	657424	657523	34.4300
SRR23343463	Apis laboriosa	China: Yunnan, Baoshan	AD_Malaysia	657524	657623	33.2500
SRR23343463	Apis laboriosa	China: Yunnan, Baoshan	AD_Malaysia	657624	657723	36.9800
SRR23343463	Apis laboriosa	China: Yunnan, Baoshan	AD_Malaysia	657724	657823	42.5600
SRR23343463	Apis laboriosa	China: Yunnan, Baoshan	AD_Malaysia	657824	657923	42.0400
SRR23343463	Apis laboriosa	China: Yunnan, Baoshan	AD_Malaysia	657924	658023	44.7800
SRR23343463	Apis laboriosa	China: Yunnan, Baoshan	AD_Malaysia	658024	658123	46.5300
SRR23343463	Apis laboriosa	China: Yunnan, Baoshan	AD_Malaysia	658124	658223	29.9100
SRR23343463	Apis laboriosa	China: Yunnan, Baoshan	AD_Malaysia	658224	658323	30.0900
SRR23343463	Apis laboriosa	China: Yunnan, Baoshan	AD_Malaysia	658324	658423	34.9600
SRR23343463	Apis laboriosa	China: Yunnan, Baoshan	AD_Malaysia	658424	658523	30.5600
SRR23343463	Apis laboriosa	China: Yunnan, Baoshan	AD_Malaysia	658524	658623	30.7200
SRR23343463	Apis laboriosa	China: Yunnan, Baoshan	AD_Malaysia	658624	658723	33.1300
SRR23343463	Apis laboriosa	China: Yunnan, Baoshan	AD_Malaysia	658724	658823	47.1400
SRR23343463	Apis laboriosa	China: Yunnan, Baoshan	AD_Malaysia	658824	658923	43.6400
SRR23343463	Apis laboriosa	China: Yunnan, Baoshan	AD_Malaysia	658924	659023	44.8200
SRR23343463	Apis laboriosa	China: Yunnan, Baoshan	AD_Malaysia	659024	659123	43.8300
SRR23343463	Apis laboriosa	China: Yunnan, Baoshan	AD_Malaysia	659124	659223	42.6700
SRR23343463	Apis laboriosa	China: Yunnan, Baoshan	AD_Malaysia	659224	659323	45.9900
SRR23343463	Apis laboriosa	China: Yunnan, Baoshan	AD_Malaysia	659324	659423	38.5600
SRR23343463	Apis laboriosa	China: Yunnan, Baoshan	AD_Malaysia	659424	659523	34.6500
SRR23343463	Apis laboriosa	China: Yunnan, Baoshan	AD_Malaysia	659524	659623	27.0000
SRR23343463	Apis laboriosa	China: Yunnan, Baoshan	AD_Malaysia	659624	659723	27.7700
SRR23343463	Apis laboriosa	China: Yunnan, Baoshan	AD_Malaysia	659724	659823	35.1000
SRR23343463	Apis laboriosa	China: Yunnan, Baoshan	AD_Malaysia	659824	659923	31.2100
SRR23343463	Apis laboriosa	China: Yunnan, Baoshan	AD_Malaysia	659924	660023	29.2300
SRR23343463	Apis laboriosa	China: Yunnan, Baoshan	AD_Malaysia	660024	660123	28.4100
SRR23343463	Apis laboriosa	China: Yunnan, Baoshan	AD_Malaysia	660124	660223	31.7400
SRR23343463	Apis laboriosa	China: Yunnan, Baoshan	AD_Malaysia	660224	660323	31.9000
SRR23343463	Apis laboriosa	China: Yunnan, Baoshan	AD_Malaysia	660324	660423	33.3900
SRR23343463	Apis laboriosa	China: Yunnan, Baoshan	AD_Malaysia	660424	660523	37.7700
SRR23343463	Apis laboriosa	China: Yunnan, Baoshan	AD_Malaysia	660524	660623	39.5800
SRR23343463	Apis laboriosa	China: Yunnan, Baoshan	AD_Malaysia	660624	660723	45.1800
SRR23343463	Apis laboriosa	China: Yunnan, Baoshan	AD_Malaysia	660724	660823	41.5200
SRR23343463	Apis laboriosa	China: Yunnan, Baoshan	AD_Malaysia	660824	660923	34.1200
SRR23343463	Apis laboriosa	China: Yunnan, Baoshan	AD_Malaysia	660924	661023	30.2000
SRR23343463	Apis laboriosa	China: Yunnan, Baoshan	AD_Malaysia	661024	661123	27.6800
SRR23343463	Apis laboriosa	China: Yunnan, Baoshan	AD_Malaysia	661124	661223	30.8900
SRR23343463	Apis laboriosa	China: Yunnan, Baoshan	AD_Malaysia	661224	661323	29.5200
SRR23343463	Apis laboriosa	China: Yunnan, Baoshan	AD_Malaysia	661324	661423	30.4600
SRR23343463	Apis laboriosa	China: Yunnan, Baoshan	AD_Malaysia	661424	661523	26.4700
SRR23343463	Apis laboriosa	China: Yunnan, Baoshan	AD_Malaysia	661524	661623	35.4100
SRR23343463	Apis laboriosa	China: Yunnan, Baoshan	AD_Malaysia	661624	661723	34.4100
SRR23343463	Apis laboriosa	China: Yunnan, Baoshan	AD_Malaysia	661724	661823	34.3600
SRR23343463	Apis laboriosa	China: Yunnan, Baoshan	AD_Malaysia	661824	661923	37.3900
SRR23343463	Apis laboriosa	China: Yunnan, Baoshan	AD_Malaysia	661924	662023	40.2200
SRR23343463	Apis laboriosa	China: Yunnan, Baoshan	AD_Malaysia	662024	662123	36.8600
SRR23343463	Apis laboriosa	China: Yunnan, Baoshan	AD_Malaysia	662124	662223	38.1700
SRR23343463	Apis laboriosa	China: Yunnan, Baoshan	AD_Malaysia	662224	662323	32.1600
SRR23343463	Apis laboriosa	China: Yunnan, Baoshan	AD_Malaysia	662324	662423	27.5200
SRR23343463	Apis laboriosa	China: Yunnan, Baoshan	AD_Malaysia	662424	662523	32.5900
SRR23343463	Apis laboriosa	China: Yunnan, Baoshan	AD_Malaysia	662524	662623	30.7500
SRR23343463	Apis laboriosa	China: Yunnan, Baoshan	AD_Malaysia	662624	662723	28.4300
SRR23343463	Apis laboriosa	China: Yunnan, Baoshan	AD_Malaysia	662724	662823	25.4800
SRR23343463	Apis laboriosa	China: Yunnan, Baoshan	AD_Malaysia	662824	662923	25.1000
SRR23343463	Apis laboriosa	China: Yunnan, Baoshan	AD_Malaysia	662924	663023	23.7800
SRR23343463	Apis laboriosa	China: Yunnan, Baoshan	AD_Malaysia	663024	663123	29.0100
SRR23343463	Apis laboriosa	China: Yunnan, Baoshan	AD_Malaysia	663124	663223	28.6800
SRR23343463	Apis laboriosa	China: Yunnan, Baoshan	AD_Malaysia	663224	663323	20.2800
SRR23343463	Apis laboriosa	China: Yunnan, Baoshan	AD_Malaysia	663324	663423	21.3900
SRR23343463	Apis laboriosa	China: Yunnan, Baoshan	AD_Malaysia	663424	663523	24.4400
SRR23343463	Apis laboriosa	China: Yunnan, Baoshan	AD_Malaysia	663524	663623	24.0700
SRR23343463	Apis laboriosa	China: Yunnan, Baoshan	AD_Malaysia	663624	663723	27.6600
SRR23343463	Apis laboriosa	China: Yunnan, Baoshan	AD_Malaysia	663724	663823	33.5700
SRR23343463	Apis laboriosa	China: Yunnan, Baoshan	AD_Malaysia	663824	663923	30.3700
SRR23343463	Apis laboriosa	China: Yunnan, Baoshan	AD_Malaysia	663924	664023	32.6100
SRR23343463	Apis laboriosa	China: Yunnan, Baoshan	AD_Malaysia	664024	664123	36.1800
SRR23343463	Apis laboriosa	China: Yunnan, Baoshan	AD_Malaysia	664124	664223	28.0800
SRR23343463	Apis laboriosa	China: Yunnan, Baoshan	AD_Malaysia	664224	664261	23.7368
SRR23343464	Apis laboriosa	China: Yunnan, Honghe	AD_Malaysia	656224	656323	34.5100
SRR23343464	Apis laboriosa	China: Yunnan, Honghe	AD_Malaysia	656324	656423	29.8200
SRR23343464	Apis laboriosa	China: Yunnan, Honghe	AD_Malaysia	656424	656523	24.8700
SRR23343464	Apis laboriosa	China: Yunnan, Honghe	AD_Malaysia	656524	656623	31.0700
SRR23343464	Apis laboriosa	China: Yunnan, Honghe	AD_Malaysia	656624	656723	25.4400
SRR23343464	Apis laboriosa	China: Yunnan, Honghe	AD_Malaysia	656724	656823	26.4300
SRR23343464	Apis laboriosa	China: Yunnan, Honghe	AD_Malaysia	656824	656923	27.1900
SRR23343464	Apis laboriosa	China: Yunnan, Honghe	AD_Malaysia	656924	657023	33.2900
SRR23343464	Apis laboriosa	China: Yunnan, Honghe	AD_Malaysia	657024	657123	29.3300
SRR23343464	Apis laboriosa	China: Yunnan, Honghe	AD_Malaysia	657124	657223	26.3200
SRR23343464	Apis laboriosa	China: Yunnan, Honghe	AD_Malaysia	657224	657323	33.2900
SRR23343464	Apis laboriosa	China: Yunnan, Honghe	AD_Malaysia	657324	657423	30.3700
SRR23343464	Apis laboriosa	China: Yunnan, Honghe	AD_Malaysia	657424	657523	30.7500
SRR23343464	Apis laboriosa	China: Yunnan, Honghe	AD_Malaysia	657524	657623	31.3700
SRR23343464	Apis laboriosa	China: Yunnan, Honghe	AD_Malaysia	657624	657723	40.2400
SRR23343464	Apis laboriosa	China: Yunnan, Honghe	AD_Malaysia	657724	657823	40.7700
SRR23343464	Apis laboriosa	China: Yunnan, Honghe	AD_Malaysia	657824	657923	33.7000
SRR23343464	Apis laboriosa	China: Yunnan, Honghe	AD_Malaysia	657924	658023	39.4400
SRR23343464	Apis laboriosa	China: Yunnan, Honghe	AD_Malaysia	658024	658123	38.1900
SRR23343464	Apis laboriosa	China: Yunnan, Honghe	AD_Malaysia	658124	658223	24.0200
SRR23343464	Apis laboriosa	China: Yunnan, Honghe	AD_Malaysia	658224	658323	30.4300
SRR23343464	Apis laboriosa	China: Yunnan, Honghe	AD_Malaysia	658324	658423	26.1300
SRR23343464	Apis laboriosa	China: Yunnan, Honghe	AD_Malaysia	658424	658523	25.9200
SRR23343464	Apis laboriosa	China: Yunnan, Honghe	AD_Malaysia	658524	658623	26.7500
SRR23343464	Apis laboriosa	China: Yunnan, Honghe	AD_Malaysia	658624	658723	29.5700
SRR23343464	Apis laboriosa	China: Yunnan, Honghe	AD_Malaysia	658724	658823	25.8600
SRR23343464	Apis laboriosa	China: Yunnan, Honghe	AD_Malaysia	658824	658923	32.1600
SRR23343464	Apis laboriosa	China: Yunnan, Honghe	AD_Malaysia	658924	659023	37.8900
SRR23343464	Apis laboriosa	China: Yunnan, Honghe	AD_Malaysia	659024	659123	39.5600
SRR23343464	Apis laboriosa	China: Yunnan, Honghe	AD_Malaysia	659124	659223	38.2900
SRR23343464	Apis laboriosa	China: Yunnan, Honghe	AD_Malaysia	659224	659323	29.7400
SRR23343464	Apis laboriosa	China: Yunnan, Honghe	AD_Malaysia	659324	659423	33.6200
SRR23343464	Apis laboriosa	China: Yunnan, Honghe	AD_Malaysia	659424	659523	33.9400
SRR23343464	Apis laboriosa	China: Yunnan, Honghe	AD_Malaysia	659524	659623	24.2800
SRR23343464	Apis laboriosa	China: Yunnan, Honghe	AD_Malaysia	659624	659723	30.1900
SRR23343464	Apis laboriosa	China: Yunnan, Honghe	AD_Malaysia	659724	659823	28.1000
SRR23343464	Apis laboriosa	China: Yunnan, Honghe	AD_Malaysia	659824	659923	35.1800
SRR23343464	Apis laboriosa	China: Yunnan, Honghe	AD_Malaysia	659924	660023	28.4300
SRR23343464	Apis laboriosa	China: Yunnan, Honghe	AD_Malaysia	660024	660123	23.0100
SRR23343464	Apis laboriosa	China: Yunnan, Honghe	AD_Malaysia	660124	660223	26.1800
SRR23343464	Apis laboriosa	China: Yunnan, Honghe	AD_Malaysia	660224	660323	31.7700
SRR23343464	Apis laboriosa	China: Yunnan, Honghe	AD_Malaysia	660324	660423	32.1100
SRR23343464	Apis laboriosa	China: Yunnan, Honghe	AD_Malaysia	660424	660523	23.9700
SRR23343464	Apis laboriosa	China: Yunnan, Honghe	AD_Malaysia	660524	660623	30.5000
SRR23343464	Apis laboriosa	China: Yunnan, Honghe	AD_Malaysia	660624	660723	28.9900
SRR23343464	Apis laboriosa	China: Yunnan, Honghe	AD_Malaysia	660724	660823	29.1900
SRR23343464	Apis laboriosa	China: Yunnan, Honghe	AD_Malaysia	660824	660923	28.6500
SRR23343464	Apis laboriosa	China: Yunnan, Honghe	AD_Malaysia	660924	661023	26.5100
SRR23343464	Apis laboriosa	China: Yunnan, Honghe	AD_Malaysia	661024	661123	25.0900
SRR23343464	Apis laboriosa	China: Yunnan, Honghe	AD_Malaysia	661124	661223	22.6100
SRR23343464	Apis laboriosa	China: Yunnan, Honghe	AD_Malaysia	661224	661323	25.6000
SRR23343464	Apis laboriosa	China: Yunnan, Honghe	AD_Malaysia	661324	661423	27.2900
SRR23343464	Apis laboriosa	China: Yunnan, Honghe	AD_Malaysia	661424	661523	25.5100
SRR23343464	Apis laboriosa	China: Yunnan, Honghe	AD_Malaysia	661524	661623	26.2400
SRR23343464	Apis laboriosa	China: Yunnan, Honghe	AD_Malaysia	661624	661723	29.3600
SRR23343464	Apis laboriosa	China: Yunnan, Honghe	AD_Malaysia	661724	661823	29.7400
SRR23343464	Apis laboriosa	China: Yunnan, Honghe	AD_Malaysia	661824	661923	29.0000
SRR23343464	Apis laboriosa	China: Yunnan, Honghe	AD_Malaysia	661924	662023	27.3600
SRR23343464	Apis laboriosa	China: Yunnan, Honghe	AD_Malaysia	662024	662123	29.9400
SRR23343464	Apis laboriosa	China: Yunnan, Honghe	AD_Malaysia	662124	662223	34.2300
SRR23343464	Apis laboriosa	China: Yunnan, Honghe	AD_Malaysia	662224	662323	34.8400
SRR23343464	Apis laboriosa	China: Yunnan, Honghe	AD_Malaysia	662324	662423	37.2200
SRR23343464	Apis laboriosa	China: Yunnan, Honghe	AD_Malaysia	662424	662523	34.7800
SRR23343464	Apis laboriosa	China: Yunnan, Honghe	AD_Malaysia	662524	662623	25.5700
SRR23343464	Apis laboriosa	China: Yunnan, Honghe	AD_Malaysia	662624	662723	14.9800
SRR23343464	Apis laboriosa	China: Yunnan, Honghe	AD_Malaysia	662724	662823	13.0300
SRR23343464	Apis laboriosa	China: Yunnan, Honghe	AD_Malaysia	662824	662923	21.5200
SRR23343464	Apis laboriosa	China: Yunnan, Honghe	AD_Malaysia	662924	663023	24.1500
SRR23343464	Apis laboriosa	China: Yunnan, Honghe	AD_Malaysia	663024	663123	23.5300
SRR23343464	Apis laboriosa	China: Yunnan, Honghe	AD_Malaysia	663124	663223	22.9000
SRR23343464	Apis laboriosa	China: Yunnan, Honghe	AD_Malaysia	663224	663323	24.4600
SRR23343464	Apis laboriosa	China: Yunnan, Honghe	AD_Malaysia	663324	663423	24.7600
SRR23343464	Apis laboriosa	China: Yunnan, Honghe	AD_Malaysia	663424	663523	24.9900
SRR23343464	Apis laboriosa	China: Yunnan, Honghe	AD_Malaysia	663524	663623	28.8400
SRR23343464	Apis laboriosa	China: Yunnan, Honghe	AD_Malaysia	663624	663723	28.3200
SRR23343464	Apis laboriosa	China: Yunnan, Honghe	AD_Malaysia	663724	663823	30.0800
SRR23343464	Apis laboriosa	China: Yunnan, Honghe	AD_Malaysia	663824	663923	28.2800
SRR23343464	Apis laboriosa	China: Yunnan, Honghe	AD_Malaysia	663924	664023	25.0300
SRR23343464	Apis laboriosa	China: Yunnan, Honghe	AD_Malaysia	664024	664123	18.5700
SRR23343464	Apis laboriosa	China: Yunnan, Honghe	AD_Malaysia	664124	664223	24.6100
SRR23343464	Apis laboriosa	China: Yunnan, Honghe	AD_Malaysia	664224	664261	29.1842
SRR23343465	Apis laboriosa	China: Yunnan, Honghe	AD_Malaysia	656224	656323	13.8500
SRR23343465	Apis laboriosa	China: Yunnan, Honghe	AD_Malaysia	656324	656423	10.8800
SRR23343465	Apis laboriosa	China: Yunnan, Honghe	AD_Malaysia	656424	656523	13.4600
SRR23343465	Apis laboriosa	China: Yunnan, Honghe	AD_Malaysia	656524	656623	16.8700
SRR23343465	Apis laboriosa	China: Yunnan, Honghe	AD_Malaysia	656624	656723	13.1200
SRR23343465	Apis laboriosa	China: Yunnan, Honghe	AD_Malaysia	656724	656823	14.0900
SRR23343465	Apis laboriosa	China: Yunnan, Honghe	AD_Malaysia	656824	656923	15.1800
SRR23343465	Apis laboriosa	China: Yunnan, Honghe	AD_Malaysia	656924	657023	14.3400
SRR23343465	Apis laboriosa	China: Yunnan, Honghe	AD_Malaysia	657024	657123	18.3700
SRR23343465	Apis laboriosa	China: Yunnan, Honghe	AD_Malaysia	657124	657223	18.0000
SRR23343465	Apis laboriosa	China: Yunnan, Honghe	AD_Malaysia	657224	657323	18.2900
SRR23343465	Apis laboriosa	China: Yunnan, Honghe	AD_Malaysia	657324	657423	19.5400
SRR23343465	Apis laboriosa	China: Yunnan, Honghe	AD_Malaysia	657424	657523	28.2700
SRR23343465	Apis laboriosa	China: Yunnan, Honghe	AD_Malaysia	657524	657623	30.5600
SRR23343465	Apis laboriosa	China: Yunnan, Honghe	AD_Malaysia	657624	657723	27.7500
SRR23343465	Apis laboriosa	China: Yunnan, Honghe	AD_Malaysia	657724	657823	29.5000
SRR23343465	Apis laboriosa	China: Yunnan, Honghe	AD_Malaysia	657824	657923	23.0200
SRR23343465	Apis laboriosa	China: Yunnan, Honghe	AD_Malaysia	657924	658023	23.2100
SRR23343465	Apis laboriosa	China: Yunnan, Honghe	AD_Malaysia	658024	658123	18.1600
SRR23343465	Apis laboriosa	China: Yunnan, Honghe	AD_Malaysia	658124	658223	11.3300
SRR23343465	Apis laboriosa	China: Yunnan, Honghe	AD_Malaysia	658224	658323	16.4900
SRR23343465	Apis laboriosa	China: Yunnan, Honghe	AD_Malaysia	658324	658423	21.1200
SRR23343465	Apis laboriosa	China: Yunnan, Honghe	AD_Malaysia	658424	658523	23.0000
SRR23343465	Apis laboriosa	China: Yunnan, Honghe	AD_Malaysia	658524	658623	23.9900
SRR23343465	Apis laboriosa	China: Yunnan, Honghe	AD_Malaysia	658624	658723	27.8800
SRR23343465	Apis laboriosa	China: Yunnan, Honghe	AD_Malaysia	658724	658823	27.9800
SRR23343465	Apis laboriosa	China: Yunnan, Honghe	AD_Malaysia	658824	658923	26.7100
SRR23343465	Apis laboriosa	China: Yunnan, Honghe	AD_Malaysia	658924	659023	28.3100
SRR23343465	Apis laboriosa	China: Yunnan, Honghe	AD_Malaysia	659024	659123	31.7000
SRR23343465	Apis laboriosa	China: Yunnan, Honghe	AD_Malaysia	659124	659223	22.8800
SRR23343465	Apis laboriosa	China: Yunnan, Honghe	AD_Malaysia	659224	659323	18.9100
SRR23343465	Apis laboriosa	China: Yunnan, Honghe	AD_Malaysia	659324	659423	21.1700
SRR23343465	Apis laboriosa	China: Yunnan, Honghe	AD_Malaysia	659424	659523	22.5400
SRR23343465	Apis laboriosa	China: Yunnan, Honghe	AD_Malaysia	659524	659623	19.9900
SRR23343465	Apis laboriosa	China: Yunnan, Honghe	AD_Malaysia	659624	659723	28.1500
SRR23343465	Apis laboriosa	China: Yunnan, Honghe	AD_Malaysia	659724	659823	25.6400
SRR23343465	Apis laboriosa	China: Yunnan, Honghe	AD_Malaysia	659824	659923	22.6000
SRR23343465	Apis laboriosa	China: Yunnan, Honghe	AD_Malaysia	659924	660023	19.4800
SRR23343465	Apis laboriosa	China: Yunnan, Honghe	AD_Malaysia	660024	660123	15.6500
SRR23343465	Apis laboriosa	China: Yunnan, Honghe	AD_Malaysia	660124	660223	21.9400
SRR23343465	Apis laboriosa	China: Yunnan, Honghe	AD_Malaysia	660224	660323	24.7400
SRR23343465	Apis laboriosa	China: Yunnan, Honghe	AD_Malaysia	660324	660423	22.2200
SRR23343465	Apis laboriosa	China: Yunnan, Honghe	AD_Malaysia	660424	660523	21.2800
SRR23343465	Apis laboriosa	China: Yunnan, Honghe	AD_Malaysia	660524	660623	23.6000
SRR23343465	Apis laboriosa	China: Yunnan, Honghe	AD_Malaysia	660624	660723	16.4000
SRR23343465	Apis laboriosa	China: Yunnan, Honghe	AD_Malaysia	660724	660823	19.3000
SRR23343465	Apis laboriosa	China: Yunnan, Honghe	AD_Malaysia	660824	660923	17.5000
SRR23343465	Apis laboriosa	China: Yunnan, Honghe	AD_Malaysia	660924	661023	19.2200
SRR23343465	Apis laboriosa	China: Yunnan, Honghe	AD_Malaysia	661024	661123	22.5300
SRR23343465	Apis laboriosa	China: Yunnan, Honghe	AD_Malaysia	661124	661223	19.2100
SRR23343465	Apis laboriosa	China: Yunnan, Honghe	AD_Malaysia	661224	661323	21.8300
SRR23343465	Apis laboriosa	China: Yunnan, Honghe	AD_Malaysia	661324	661423	17.5900
SRR23343465	Apis laboriosa	China: Yunnan, Honghe	AD_Malaysia	661424	661523	15.9100
SRR23343465	Apis laboriosa	China: Yunnan, Honghe	AD_Malaysia	661524	661623	18.5900
SRR23343465	Apis laboriosa	China: Yunnan, Honghe	AD_Malaysia	661624	661723	19.4700
SRR23343465	Apis laboriosa	China: Yunnan, Honghe	AD_Malaysia	661724	661823	17.3200
SRR23343465	Apis laboriosa	China: Yunnan, Honghe	AD_Malaysia	661824	661923	21.8500
SRR23343465	Apis laboriosa	China: Yunnan, Honghe	AD_Malaysia	661924	662023	12.3900
SRR23343465	Apis laboriosa	China: Yunnan, Honghe	AD_Malaysia	662024	662123	18.1000
SRR23343465	Apis laboriosa	China: Yunnan, Honghe	AD_Malaysia	662124	662223	20.5700
SRR23343465	Apis laboriosa	China: Yunnan, Honghe	AD_Malaysia	662224	662323	13.4900
SRR23343465	Apis laboriosa	China: Yunnan, Honghe	AD_Malaysia	662324	662423	17.2600
SRR23343465	Apis laboriosa	China: Yunnan, Honghe	AD_Malaysia	662424	662523	18.6300
SRR23343465	Apis laboriosa	China: Yunnan, Honghe	AD_Malaysia	662524	662623	18.5000
SRR23343465	Apis laboriosa	China: Yunnan, Honghe	AD_Malaysia	662624	662723	18.7500
SRR23343465	Apis laboriosa	China: Yunnan, Honghe	AD_Malaysia	662724	662823	18.6300
SRR23343465	Apis laboriosa	China: Yunnan, Honghe	AD_Malaysia	662824	662923	22.2800
SRR23343465	Apis laboriosa	China: Yunnan, Honghe	AD_Malaysia	662924	663023	18.4700
SRR23343465	Apis laboriosa	China: Yunnan, Honghe	AD_Malaysia	663024	663123	18.0100
SRR23343465	Apis laboriosa	China: Yunnan, Honghe	AD_Malaysia	663124	663223	18.2600
SRR23343465	Apis laboriosa	China: Yunnan, Honghe	AD_Malaysia	663224	663323	12.3300
SRR23343465	Apis laboriosa	China: Yunnan, Honghe	AD_Malaysia	663324	663423	11.2300
SRR23343465	Apis laboriosa	China: Yunnan, Honghe	AD_Malaysia	663424	663523	14.0000
SRR23343465	Apis laboriosa	China: Yunnan, Honghe	AD_Malaysia	663524	663623	16.8500
SRR23343465	Apis laboriosa	China: Yunnan, Honghe	AD_Malaysia	663624	663723	18.4300
SRR23343465	Apis laboriosa	China: Yunnan, Honghe	AD_Malaysia	663724	663823	22.6300
SRR23343465	Apis laboriosa	China: Yunnan, Honghe	AD_Malaysia	663824	663923	16.1600
SRR23343465	Apis laboriosa	China: Yunnan, Honghe	AD_Malaysia	663924	664023	14.4900
SRR23343465	Apis laboriosa	China: Yunnan, Honghe	AD_Malaysia	664024	664123	12.2900
SRR23343465	Apis laboriosa	China: Yunnan, Honghe	AD_Malaysia	664124	664223	12.7900
SRR23343465	Apis laboriosa	China: Yunnan, Honghe	AD_Malaysia	664224	664261	13.3158
SRR23343466	Apis laboriosa	China: Yunnan, Honghe	AD_Malaysia	656224	656323	26.4000
SRR23343466	Apis laboriosa	China: Yunnan, Honghe	AD_Malaysia	656324	656423	26.7200
SRR23343466	Apis laboriosa	China: Yunnan, Honghe	AD_Malaysia	656424	656523	24.3100
SRR23343466	Apis laboriosa	China: Yunnan, Honghe	AD_Malaysia	656524	656623	18.9400
SRR23343466	Apis laboriosa	China: Yunnan, Honghe	AD_Malaysia	656624	656723	19.4400
SRR23343466	Apis laboriosa	China: Yunnan, Honghe	AD_Malaysia	656724	656823	20.7500
SRR23343466	Apis laboriosa	China: Yunnan, Honghe	AD_Malaysia	656824	656923	21.7900
SRR23343466	Apis laboriosa	China: Yunnan, Honghe	AD_Malaysia	656924	657023	19.6700
SRR23343466	Apis laboriosa	China: Yunnan, Honghe	AD_Malaysia	657024	657123	20.5300
SRR23343466	Apis laboriosa	China: Yunnan, Honghe	AD_Malaysia	657124	657223	22.7300
SRR23343466	Apis laboriosa	China: Yunnan, Honghe	AD_Malaysia	657224	657323	21.4200
SRR23343466	Apis laboriosa	China: Yunnan, Honghe	AD_Malaysia	657324	657423	25.4800
SRR23343466	Apis laboriosa	China: Yunnan, Honghe	AD_Malaysia	657424	657523	26.6700
SRR23343466	Apis laboriosa	China: Yunnan, Honghe	AD_Malaysia	657524	657623	21.4400
SRR23343466	Apis laboriosa	China: Yunnan, Honghe	AD_Malaysia	657624	657723	27.9000
SRR23343466	Apis laboriosa	China: Yunnan, Honghe	AD_Malaysia	657724	657823	36.7700
SRR23343466	Apis laboriosa	China: Yunnan, Honghe	AD_Malaysia	657824	657923	35.2700
SRR23343466	Apis laboriosa	China: Yunnan, Honghe	AD_Malaysia	657924	658023	33.7100
SRR23343466	Apis laboriosa	China: Yunnan, Honghe	AD_Malaysia	658024	658123	31.4100
SRR23343466	Apis laboriosa	China: Yunnan, Honghe	AD_Malaysia	658124	658223	30.4200
SRR23343466	Apis laboriosa	China: Yunnan, Honghe	AD_Malaysia	658224	658323	36.3200
SRR23343466	Apis laboriosa	China: Yunnan, Honghe	AD_Malaysia	658324	658423	38.7900
SRR23343466	Apis laboriosa	China: Yunnan, Honghe	AD_Malaysia	658424	658523	28.7400
SRR23343466	Apis laboriosa	China: Yunnan, Honghe	AD_Malaysia	658524	658623	28.4000
SRR23343466	Apis laboriosa	China: Yunnan, Honghe	AD_Malaysia	658624	658723	26.5200
SRR23343466	Apis laboriosa	China: Yunnan, Honghe	AD_Malaysia	658724	658823	23.1100
SRR23343466	Apis laboriosa	China: Yunnan, Honghe	AD_Malaysia	658824	658923	24.2800
SRR23343466	Apis laboriosa	China: Yunnan, Honghe	AD_Malaysia	658924	659023	28.7800
SRR23343466	Apis laboriosa	China: Yunnan, Honghe	AD_Malaysia	659024	659123	24.0400
SRR23343466	Apis laboriosa	China: Yunnan, Honghe	AD_Malaysia	659124	659223	24.4600
SRR23343466	Apis laboriosa	China: Yunnan, Honghe	AD_Malaysia	659224	659323	23.8600
SRR23343466	Apis laboriosa	China: Yunnan, Honghe	AD_Malaysia	659324	659423	22.4900
SRR23343466	Apis laboriosa	China: Yunnan, Honghe	AD_Malaysia	659424	659523	21.7700
SRR23343466	Apis laboriosa	China: Yunnan, Honghe	AD_Malaysia	659524	659623	25.1700
SRR23343466	Apis laboriosa	China: Yunnan, Honghe	AD_Malaysia	659624	659723	28.3200
SRR23343466	Apis laboriosa	China: Yunnan, Honghe	AD_Malaysia	659724	659823	28.3300
SRR23343466	Apis laboriosa	China: Yunnan, Honghe	AD_Malaysia	659824	659923	30.8000
SRR23343466	Apis laboriosa	China: Yunnan, Honghe	AD_Malaysia	659924	660023	27.6400
SRR23343466	Apis laboriosa	China: Yunnan, Honghe	AD_Malaysia	660024	660123	19.5700
SRR23343466	Apis laboriosa	China: Yunnan, Honghe	AD_Malaysia	660124	660223	25.8300
SRR23343466	Apis laboriosa	China: Yunnan, Honghe	AD_Malaysia	660224	660323	23.8300
SRR23343466	Apis laboriosa	China: Yunnan, Honghe	AD_Malaysia	660324	660423	18.1800
SRR23343466	Apis laboriosa	China: Yunnan, Honghe	AD_Malaysia	660424	660523	23.2100
SRR23343466	Apis laboriosa	China: Yunnan, Honghe	AD_Malaysia	660524	660623	29.5000
SRR23343466	Apis laboriosa	China: Yunnan, Honghe	AD_Malaysia	660624	660723	26.4100
SRR23343466	Apis laboriosa	China: Yunnan, Honghe	AD_Malaysia	660724	660823	29.8200
SRR23343466	Apis laboriosa	China: Yunnan, Honghe	AD_Malaysia	660824	660923	23.9000
SRR23343466	Apis laboriosa	China: Yunnan, Honghe	AD_Malaysia	660924	661023	26.1000
SRR23343466	Apis laboriosa	China: Yunnan, Honghe	AD_Malaysia	661024	661123	24.9200
SRR23343466	Apis laboriosa	China: Yunnan, Honghe	AD_Malaysia	661124	661223	23.5600
SRR23343466	Apis laboriosa	China: Yunnan, Honghe	AD_Malaysia	661224	661323	26.9800
SRR23343466	Apis laboriosa	China: Yunnan, Honghe	AD_Malaysia	661324	661423	35.9900
SRR23343466	Apis laboriosa	China: Yunnan, Honghe	AD_Malaysia	661424	661523	32.8700
SRR23343466	Apis laboriosa	China: Yunnan, Honghe	AD_Malaysia	661524	661623	35.1200
SRR23343466	Apis laboriosa	China: Yunnan, Honghe	AD_Malaysia	661624	661723	29.2200
SRR23343466	Apis laboriosa	China: Yunnan, Honghe	AD_Malaysia	661724	661823	22.5700
SRR23343466	Apis laboriosa	China: Yunnan, Honghe	AD_Malaysia	661824	661923	20.3900
SRR23343466	Apis laboriosa	China: Yunnan, Honghe	AD_Malaysia	661924	662023	17.6400
SRR23343466	Apis laboriosa	China: Yunnan, Honghe	AD_Malaysia	662024	662123	23.9100
SRR23343466	Apis laboriosa	China: Yunnan, Honghe	AD_Malaysia	662124	662223	38.4100
SRR23343466	Apis laboriosa	China: Yunnan, Honghe	AD_Malaysia	662224	662323	37.2800
SRR23343466	Apis laboriosa	China: Yunnan, Honghe	AD_Malaysia	662324	662423	29.7800
SRR23343466	Apis laboriosa	China: Yunnan, Honghe	AD_Malaysia	662424	662523	27.2100
SRR23343466	Apis laboriosa	China: Yunnan, Honghe	AD_Malaysia	662524	662623	21.0600
SRR23343466	Apis laboriosa	China: Yunnan, Honghe	AD_Malaysia	662624	662723	19.8900
SRR23343466	Apis laboriosa	China: Yunnan, Honghe	AD_Malaysia	662724	662823	18.0500
SRR23343466	Apis laboriosa	China: Yunnan, Honghe	AD_Malaysia	662824	662923	14.6300
SRR23343466	Apis laboriosa	China: Yunnan, Honghe	AD_Malaysia	662924	663023	15.2100
SRR23343466	Apis laboriosa	China: Yunnan, Honghe	AD_Malaysia	663024	663123	18.8200
SRR23343466	Apis laboriosa	China: Yunnan, Honghe	AD_Malaysia	663124	663223	19.4800
SRR23343466	Apis laboriosa	China: Yunnan, Honghe	AD_Malaysia	663224	663323	20.1400
SRR23343466	Apis laboriosa	China: Yunnan, Honghe	AD_Malaysia	663324	663423	20.2300
SRR23343466	Apis laboriosa	China: Yunnan, Honghe	AD_Malaysia	663424	663523	18.7100
SRR23343466	Apis laboriosa	China: Yunnan, Honghe	AD_Malaysia	663524	663623	18.1700
SRR23343466	Apis laboriosa	China: Yunnan, Honghe	AD_Malaysia	663624	663723	19.4400
SRR23343466	Apis laboriosa	China: Yunnan, Honghe	AD_Malaysia	663724	663823	23.9400
SRR23343466	Apis laboriosa	China: Yunnan, Honghe	AD_Malaysia	663824	663923	23.4600
SRR23343466	Apis laboriosa	China: Yunnan, Honghe	AD_Malaysia	663924	664023	22.3800
SRR23343466	Apis laboriosa	China: Yunnan, Honghe	AD_Malaysia	664024	664123	10.2800
SRR23343466	Apis laboriosa	China: Yunnan, Honghe	AD_Malaysia	664124	664223	6.0300
SRR23343466	Apis laboriosa	China: Yunnan, Honghe	AD_Malaysia	664224	664261	5.2632
SRR23343467	Apis laboriosa	China: Yunnan, Honghe	AD_Malaysia	656224	656323	29.2100
SRR23343467	Apis laboriosa	China: Yunnan, Honghe	AD_Malaysia	656324	656423	25.8500
SRR23343467	Apis laboriosa	China: Yunnan, Honghe	AD_Malaysia	656424	656523	26.0600
SRR23343467	Apis laboriosa	China: Yunnan, Honghe	AD_Malaysia	656524	656623	25.4100
SRR23343467	Apis laboriosa	China: Yunnan, Honghe	AD_Malaysia	656624	656723	20.0500
SRR23343467	Apis laboriosa	China: Yunnan, Honghe	AD_Malaysia	656724	656823	21.3300
SRR23343467	Apis laboriosa	China: Yunnan, Honghe	AD_Malaysia	656824	656923	27.3800
SRR23343467	Apis laboriosa	China: Yunnan, Honghe	AD_Malaysia	656924	657023	24.3300
SRR23343467	Apis laboriosa	China: Yunnan, Honghe	AD_Malaysia	657024	657123	20.1800
SRR23343467	Apis laboriosa	China: Yunnan, Honghe	AD_Malaysia	657124	657223	28.4000
SRR23343467	Apis laboriosa	China: Yunnan, Honghe	AD_Malaysia	657224	657323	29.7000
SRR23343467	Apis laboriosa	China: Yunnan, Honghe	AD_Malaysia	657324	657423	30.6000
SRR23343467	Apis laboriosa	China: Yunnan, Honghe	AD_Malaysia	657424	657523	31.4000
SRR23343467	Apis laboriosa	China: Yunnan, Honghe	AD_Malaysia	657524	657623	38.0500
SRR23343467	Apis laboriosa	China: Yunnan, Honghe	AD_Malaysia	657624	657723	42.2600
SRR23343467	Apis laboriosa	China: Yunnan, Honghe	AD_Malaysia	657724	657823	43.7900
SRR23343467	Apis laboriosa	China: Yunnan, Honghe	AD_Malaysia	657824	657923	47.6500
SRR23343467	Apis laboriosa	China: Yunnan, Honghe	AD_Malaysia	657924	658023	43.9200
SRR23343467	Apis laboriosa	China: Yunnan, Honghe	AD_Malaysia	658024	658123	42.7300
SRR23343467	Apis laboriosa	China: Yunnan, Honghe	AD_Malaysia	658124	658223	32.4200
SRR23343467	Apis laboriosa	China: Yunnan, Honghe	AD_Malaysia	658224	658323	36.2200
SRR23343467	Apis laboriosa	China: Yunnan, Honghe	AD_Malaysia	658324	658423	39.7800
SRR23343467	Apis laboriosa	China: Yunnan, Honghe	AD_Malaysia	658424	658523	43.4500
SRR23343467	Apis laboriosa	China: Yunnan, Honghe	AD_Malaysia	658524	658623	39.3400
SRR23343467	Apis laboriosa	China: Yunnan, Honghe	AD_Malaysia	658624	658723	34.8000
SRR23343467	Apis laboriosa	China: Yunnan, Honghe	AD_Malaysia	658724	658823	29.1700
SRR23343467	Apis laboriosa	China: Yunnan, Honghe	AD_Malaysia	658824	658923	29.6900
SRR23343467	Apis laboriosa	China: Yunnan, Honghe	AD_Malaysia	658924	659023	30.4300
SRR23343467	Apis laboriosa	China: Yunnan, Honghe	AD_Malaysia	659024	659123	29.1500
SRR23343467	Apis laboriosa	China: Yunnan, Honghe	AD_Malaysia	659124	659223	30.8600
SRR23343467	Apis laboriosa	China: Yunnan, Honghe	AD_Malaysia	659224	659323	29.3800
SRR23343467	Apis laboriosa	China: Yunnan, Honghe	AD_Malaysia	659324	659423	26.3100
SRR23343467	Apis laboriosa	China: Yunnan, Honghe	AD_Malaysia	659424	659523	26.5100
SRR23343467	Apis laboriosa	China: Yunnan, Honghe	AD_Malaysia	659524	659623	23.5600
SRR23343467	Apis laboriosa	China: Yunnan, Honghe	AD_Malaysia	659624	659723	19.5500
SRR23343467	Apis laboriosa	China: Yunnan, Honghe	AD_Malaysia	659724	659823	22.6400
SRR23343467	Apis laboriosa	China: Yunnan, Honghe	AD_Malaysia	659824	659923	30.7300
SRR23343467	Apis laboriosa	China: Yunnan, Honghe	AD_Malaysia	659924	660023	27.2800
SRR23343467	Apis laboriosa	China: Yunnan, Honghe	AD_Malaysia	660024	660123	32.7100
SRR23343467	Apis laboriosa	China: Yunnan, Honghe	AD_Malaysia	660124	660223	28.6200
SRR23343467	Apis laboriosa	China: Yunnan, Honghe	AD_Malaysia	660224	660323	36.9900
SRR23343467	Apis laboriosa	China: Yunnan, Honghe	AD_Malaysia	660324	660423	35.2800
SRR23343467	Apis laboriosa	China: Yunnan, Honghe	AD_Malaysia	660424	660523	32.4800
SRR23343467	Apis laboriosa	China: Yunnan, Honghe	AD_Malaysia	660524	660623	39.9700
SRR23343467	Apis laboriosa	China: Yunnan, Honghe	AD_Malaysia	660624	660723	39.1400
SRR23343467	Apis laboriosa	China: Yunnan, Honghe	AD_Malaysia	660724	660823	27.6500
SRR23343467	Apis laboriosa	China: Yunnan, Honghe	AD_Malaysia	660824	660923	30.4600
SRR23343467	Apis laboriosa	China: Yunnan, Honghe	AD_Malaysia	660924	661023	29.0400
SRR23343467	Apis laboriosa	China: Yunnan, Honghe	AD_Malaysia	661024	661123	33.6900
SRR23343467	Apis laboriosa	China: Yunnan, Honghe	AD_Malaysia	661124	661223	27.6900
SRR23343467	Apis laboriosa	China: Yunnan, Honghe	AD_Malaysia	661224	661323	23.5200
SRR23343467	Apis laboriosa	China: Yunnan, Honghe	AD_Malaysia	661324	661423	27.5700
SRR23343467	Apis laboriosa	China: Yunnan, Honghe	AD_Malaysia	661424	661523	32.5100
SRR23343467	Apis laboriosa	China: Yunnan, Honghe	AD_Malaysia	661524	661623	38.7600
SRR23343467	Apis laboriosa	China: Yunnan, Honghe	AD_Malaysia	661624	661723	41.6100
SRR23343467	Apis laboriosa	China: Yunnan, Honghe	AD_Malaysia	661724	661823	39.4400
SRR23343467	Apis laboriosa	China: Yunnan, Honghe	AD_Malaysia	661824	661923	35.5100
SRR23343467	Apis laboriosa	China: Yunnan, Honghe	AD_Malaysia	661924	662023	28.3800
SRR23343467	Apis laboriosa	China: Yunnan, Honghe	AD_Malaysia	662024	662123	24.8400
SRR23343467	Apis laboriosa	China: Yunnan, Honghe	AD_Malaysia	662124	662223	28.6900
SRR23343467	Apis laboriosa	China: Yunnan, Honghe	AD_Malaysia	662224	662323	30.2600
SRR23343467	Apis laboriosa	China: Yunnan, Honghe	AD_Malaysia	662324	662423	30.8900
SRR23343467	Apis laboriosa	China: Yunnan, Honghe	AD_Malaysia	662424	662523	35.7400
SRR23343467	Apis laboriosa	China: Yunnan, Honghe	AD_Malaysia	662524	662623	32.2300
SRR23343467	Apis laboriosa	China: Yunnan, Honghe	AD_Malaysia	662624	662723	28.2700
SRR23343467	Apis laboriosa	China: Yunnan, Honghe	AD_Malaysia	662724	662823	29.1000
SRR23343467	Apis laboriosa	China: Yunnan, Honghe	AD_Malaysia	662824	662923	26.5400
SRR23343467	Apis laboriosa	China: Yunnan, Honghe	AD_Malaysia	662924	663023	29.1400
SRR23343467	Apis laboriosa	China: Yunnan, Honghe	AD_Malaysia	663024	663123	21.2400
SRR23343467	Apis laboriosa	China: Yunnan, Honghe	AD_Malaysia	663124	663223	18.0100
SRR23343467	Apis laboriosa	China: Yunnan, Honghe	AD_Malaysia	663224	663323	12.8400
SRR23343467	Apis laboriosa	China: Yunnan, Honghe	AD_Malaysia	663324	663423	14.6000
SRR23343467	Apis laboriosa	China: Yunnan, Honghe	AD_Malaysia	663424	663523	12.0400
SRR23343467	Apis laboriosa	China: Yunnan, Honghe	AD_Malaysia	663524	663623	14.0900
SRR23343467	Apis laboriosa	China: Yunnan, Honghe	AD_Malaysia	663624	663723	22.5000
SRR23343467	Apis laboriosa	China: Yunnan, Honghe	AD_Malaysia	663724	663823	19.9900
SRR23343467	Apis laboriosa	China: Yunnan, Honghe	AD_Malaysia	663824	663923	22.7000
SRR23343467	Apis laboriosa	China: Yunnan, Honghe	AD_Malaysia	663924	664023	24.3600
SRR23343467	Apis laboriosa	China: Yunnan, Honghe	AD_Malaysia	664024	664123	16.4000
SRR23343467	Apis laboriosa	China: Yunnan, Honghe	AD_Malaysia	664124	664223	20.6100
SRR23343467	Apis laboriosa	China: Yunnan, Honghe	AD_Malaysia	664224	664261	21.8947
SRR23343468	Apis laboriosa	China: Yunnan, Honghe	AD_Malaysia	656224	656323	27.5000
SRR23343468	Apis laboriosa	China: Yunnan, Honghe	AD_Malaysia	656324	656423	30.5100
SRR23343468	Apis laboriosa	China: Yunnan, Honghe	AD_Malaysia	656424	656523	29.5200
SRR23343468	Apis laboriosa	China: Yunnan, Honghe	AD_Malaysia	656524	656623	28.8100
SRR23343468	Apis laboriosa	China: Yunnan, Honghe	AD_Malaysia	656624	656723	27.6200
SRR23343468	Apis laboriosa	China: Yunnan, Honghe	AD_Malaysia	656724	656823	26.1200
SRR23343468	Apis laboriosa	China: Yunnan, Honghe	AD_Malaysia	656824	656923	31.3000
SRR23343468	Apis laboriosa	China: Yunnan, Honghe	AD_Malaysia	656924	657023	34.9300
SRR23343468	Apis laboriosa	China: Yunnan, Honghe	AD_Malaysia	657024	657123	33.7400
SRR23343468	Apis laboriosa	China: Yunnan, Honghe	AD_Malaysia	657124	657223	30.0200
SRR23343468	Apis laboriosa	China: Yunnan, Honghe	AD_Malaysia	657224	657323	28.0000
SRR23343468	Apis laboriosa	China: Yunnan, Honghe	AD_Malaysia	657324	657423	32.1300
SRR23343468	Apis laboriosa	China: Yunnan, Honghe	AD_Malaysia	657424	657523	35.5400
SRR23343468	Apis laboriosa	China: Yunnan, Honghe	AD_Malaysia	657524	657623	35.2700
SRR23343468	Apis laboriosa	China: Yunnan, Honghe	AD_Malaysia	657624	657723	44.6100
SRR23343468	Apis laboriosa	China: Yunnan, Honghe	AD_Malaysia	657724	657823	49.0900
SRR23343468	Apis laboriosa	China: Yunnan, Honghe	AD_Malaysia	657824	657923	49.0200
SRR23343468	Apis laboriosa	China: Yunnan, Honghe	AD_Malaysia	657924	658023	45.5300
SRR23343468	Apis laboriosa	China: Yunnan, Honghe	AD_Malaysia	658024	658123	37.8800
SRR23343468	Apis laboriosa	China: Yunnan, Honghe	AD_Malaysia	658124	658223	32.6000
SRR23343468	Apis laboriosa	China: Yunnan, Honghe	AD_Malaysia	658224	658323	31.8000
SRR23343468	Apis laboriosa	China: Yunnan, Honghe	AD_Malaysia	658324	658423	34.6800
SRR23343468	Apis laboriosa	China: Yunnan, Honghe	AD_Malaysia	658424	658523	40.4700
SRR23343468	Apis laboriosa	China: Yunnan, Honghe	AD_Malaysia	658524	658623	42.5900
SRR23343468	Apis laboriosa	China: Yunnan, Honghe	AD_Malaysia	658624	658723	33.8400
SRR23343468	Apis laboriosa	China: Yunnan, Honghe	AD_Malaysia	658724	658823	36.0300
SRR23343468	Apis laboriosa	China: Yunnan, Honghe	AD_Malaysia	658824	658923	35.2400
SRR23343468	Apis laboriosa	China: Yunnan, Honghe	AD_Malaysia	658924	659023	34.5000
SRR23343468	Apis laboriosa	China: Yunnan, Honghe	AD_Malaysia	659024	659123	30.4000
SRR23343468	Apis laboriosa	China: Yunnan, Honghe	AD_Malaysia	659124	659223	35.4500
SRR23343468	Apis laboriosa	China: Yunnan, Honghe	AD_Malaysia	659224	659323	34.4200
SRR23343468	Apis laboriosa	China: Yunnan, Honghe	AD_Malaysia	659324	659423	37.6800
SRR23343468	Apis laboriosa	China: Yunnan, Honghe	AD_Malaysia	659424	659523	32.4300
SRR23343468	Apis laboriosa	China: Yunnan, Honghe	AD_Malaysia	659524	659623	26.5800
SRR23343468	Apis laboriosa	China: Yunnan, Honghe	AD_Malaysia	659624	659723	25.7500
SRR23343468	Apis laboriosa	China: Yunnan, Honghe	AD_Malaysia	659724	659823	34.4100
SRR23343468	Apis laboriosa	China: Yunnan, Honghe	AD_Malaysia	659824	659923	31.4500
SRR23343468	Apis laboriosa	China: Yunnan, Honghe	AD_Malaysia	659924	660023	27.4100
SRR23343468	Apis laboriosa	China: Yunnan, Honghe	AD_Malaysia	660024	660123	23.5400
SRR23343468	Apis laboriosa	China: Yunnan, Honghe	AD_Malaysia	660124	660223	22.0700
SRR23343468	Apis laboriosa	China: Yunnan, Honghe	AD_Malaysia	660224	660323	21.1500
SRR23343468	Apis laboriosa	China: Yunnan, Honghe	AD_Malaysia	660324	660423	25.0300
SRR23343468	Apis laboriosa	China: Yunnan, Honghe	AD_Malaysia	660424	660523	28.4000
SRR23343468	Apis laboriosa	China: Yunnan, Honghe	AD_Malaysia	660524	660623	37.3200
SRR23343468	Apis laboriosa	China: Yunnan, Honghe	AD_Malaysia	660624	660723	40.0900
SRR23343468	Apis laboriosa	China: Yunnan, Honghe	AD_Malaysia	660724	660823	42.1000
SRR23343468	Apis laboriosa	China: Yunnan, Honghe	AD_Malaysia	660824	660923	36.1400
SRR23343468	Apis laboriosa	China: Yunnan, Honghe	AD_Malaysia	660924	661023	27.7000
SRR23343468	Apis laboriosa	China: Yunnan, Honghe	AD_Malaysia	661024	661123	29.2100
SRR23343468	Apis laboriosa	China: Yunnan, Honghe	AD_Malaysia	661124	661223	25.4300
SRR23343468	Apis laboriosa	China: Yunnan, Honghe	AD_Malaysia	661224	661323	25.8700
SRR23343468	Apis laboriosa	China: Yunnan, Honghe	AD_Malaysia	661324	661423	30.1300
SRR23343468	Apis laboriosa	China: Yunnan, Honghe	AD_Malaysia	661424	661523	31.6200
SRR23343468	Apis laboriosa	China: Yunnan, Honghe	AD_Malaysia	661524	661623	35.5800
SRR23343468	Apis laboriosa	China: Yunnan, Honghe	AD_Malaysia	661624	661723	41.1000
SRR23343468	Apis laboriosa	China: Yunnan, Honghe	AD_Malaysia	661724	661823	38.8200
SRR23343468	Apis laboriosa	China: Yunnan, Honghe	AD_Malaysia	661824	661923	30.0500
SRR23343468	Apis laboriosa	China: Yunnan, Honghe	AD_Malaysia	661924	662023	22.5300
SRR23343468	Apis laboriosa	China: Yunnan, Honghe	AD_Malaysia	662024	662123	23.8000
SRR23343468	Apis laboriosa	China: Yunnan, Honghe	AD_Malaysia	662124	662223	31.7100
SRR23343468	Apis laboriosa	China: Yunnan, Honghe	AD_Malaysia	662224	662323	30.3000
SRR23343468	Apis laboriosa	China: Yunnan, Honghe	AD_Malaysia	662324	662423	27.8200
SRR23343468	Apis laboriosa	China: Yunnan, Honghe	AD_Malaysia	662424	662523	27.0200
SRR23343468	Apis laboriosa	China: Yunnan, Honghe	AD_Malaysia	662524	662623	28.3900
SRR23343468	Apis laboriosa	China: Yunnan, Honghe	AD_Malaysia	662624	662723	29.5800
SRR23343468	Apis laboriosa	China: Yunnan, Honghe	AD_Malaysia	662724	662823	30.4100
SRR23343468	Apis laboriosa	China: Yunnan, Honghe	AD_Malaysia	662824	662923	26.2800
SRR23343468	Apis laboriosa	China: Yunnan, Honghe	AD_Malaysia	662924	663023	25.6500
SRR23343468	Apis laboriosa	China: Yunnan, Honghe	AD_Malaysia	663024	663123	27.1200
SRR23343468	Apis laboriosa	China: Yunnan, Honghe	AD_Malaysia	663124	663223	27.9500
SRR23343468	Apis laboriosa	China: Yunnan, Honghe	AD_Malaysia	663224	663323	21.9700
SRR23343468	Apis laboriosa	China: Yunnan, Honghe	AD_Malaysia	663324	663423	15.3500
SRR23343468	Apis laboriosa	China: Yunnan, Honghe	AD_Malaysia	663424	663523	13.1100
SRR23343468	Apis laboriosa	China: Yunnan, Honghe	AD_Malaysia	663524	663623	19.7500
SRR23343468	Apis laboriosa	China: Yunnan, Honghe	AD_Malaysia	663624	663723	29.6100
SRR23343468	Apis laboriosa	China: Yunnan, Honghe	AD_Malaysia	663724	663823	30.6900
SRR23343468	Apis laboriosa	China: Yunnan, Honghe	AD_Malaysia	663824	663923	29.0400
SRR23343468	Apis laboriosa	China: Yunnan, Honghe	AD_Malaysia	663924	664023	27.0000
SRR23343468	Apis laboriosa	China: Yunnan, Honghe	AD_Malaysia	664024	664123	29.2200
SRR23343468	Apis laboriosa	China: Yunnan, Honghe	AD_Malaysia	664124	664223	31.0100
SRR23343468	Apis laboriosa	China: Yunnan, Honghe	AD_Malaysia	664224	664261	28.8947
SRR23343469	Apis laboriosa	China: Yunnan, Honghe	AD_Malaysia	656224	656323	18.7500
SRR23343469	Apis laboriosa	China: Yunnan, Honghe	AD_Malaysia	656324	656423	23.7000
SRR23343469	Apis laboriosa	China: Yunnan, Honghe	AD_Malaysia	656424	656523	25.5700
SRR23343469	Apis laboriosa	China: Yunnan, Honghe	AD_Malaysia	656524	656623	27.3300
SRR23343469	Apis laboriosa	China: Yunnan, Honghe	AD_Malaysia	656624	656723	25.0600
SRR23343469	Apis laboriosa	China: Yunnan, Honghe	AD_Malaysia	656724	656823	22.1500
SRR23343469	Apis laboriosa	China: Yunnan, Honghe	AD_Malaysia	656824	656923	24.2100
SRR23343469	Apis laboriosa	China: Yunnan, Honghe	AD_Malaysia	656924	657023	26.6600
SRR23343469	Apis laboriosa	China: Yunnan, Honghe	AD_Malaysia	657024	657123	27.8100
SRR23343469	Apis laboriosa	China: Yunnan, Honghe	AD_Malaysia	657124	657223	30.2300
SRR23343469	Apis laboriosa	China: Yunnan, Honghe	AD_Malaysia	657224	657323	29.5500
SRR23343469	Apis laboriosa	China: Yunnan, Honghe	AD_Malaysia	657324	657423	27.1900
SRR23343469	Apis laboriosa	China: Yunnan, Honghe	AD_Malaysia	657424	657523	29.5000
SRR23343469	Apis laboriosa	China: Yunnan, Honghe	AD_Malaysia	657524	657623	26.4600
SRR23343469	Apis laboriosa	China: Yunnan, Honghe	AD_Malaysia	657624	657723	32.5500
SRR23343469	Apis laboriosa	China: Yunnan, Honghe	AD_Malaysia	657724	657823	30.5400
SRR23343469	Apis laboriosa	China: Yunnan, Honghe	AD_Malaysia	657824	657923	32.2800
SRR23343469	Apis laboriosa	China: Yunnan, Honghe	AD_Malaysia	657924	658023	37.2700
SRR23343469	Apis laboriosa	China: Yunnan, Honghe	AD_Malaysia	658024	658123	30.8000
SRR23343469	Apis laboriosa	China: Yunnan, Honghe	AD_Malaysia	658124	658223	30.1700
SRR23343469	Apis laboriosa	China: Yunnan, Honghe	AD_Malaysia	658224	658323	26.0500
SRR23343469	Apis laboriosa	China: Yunnan, Honghe	AD_Malaysia	658324	658423	32.3000
SRR23343469	Apis laboriosa	China: Yunnan, Honghe	AD_Malaysia	658424	658523	35.3500
SRR23343469	Apis laboriosa	China: Yunnan, Honghe	AD_Malaysia	658524	658623	36.6000
SRR23343469	Apis laboriosa	China: Yunnan, Honghe	AD_Malaysia	658624	658723	32.5400
SRR23343469	Apis laboriosa	China: Yunnan, Honghe	AD_Malaysia	658724	658823	29.0100
SRR23343469	Apis laboriosa	China: Yunnan, Honghe	AD_Malaysia	658824	658923	28.9100
SRR23343469	Apis laboriosa	China: Yunnan, Honghe	AD_Malaysia	658924	659023	25.2500
SRR23343469	Apis laboriosa	China: Yunnan, Honghe	AD_Malaysia	659024	659123	33.0900
SRR23343469	Apis laboriosa	China: Yunnan, Honghe	AD_Malaysia	659124	659223	36.0300
SRR23343469	Apis laboriosa	China: Yunnan, Honghe	AD_Malaysia	659224	659323	27.2200
SRR23343469	Apis laboriosa	China: Yunnan, Honghe	AD_Malaysia	659324	659423	30.2300
SRR23343469	Apis laboriosa	China: Yunnan, Honghe	AD_Malaysia	659424	659523	31.1600
SRR23343469	Apis laboriosa	China: Yunnan, Honghe	AD_Malaysia	659524	659623	24.7300
SRR23343469	Apis laboriosa	China: Yunnan, Honghe	AD_Malaysia	659624	659723	25.9500
SRR23343469	Apis laboriosa	China: Yunnan, Honghe	AD_Malaysia	659724	659823	28.7000
SRR23343469	Apis laboriosa	China: Yunnan, Honghe	AD_Malaysia	659824	659923	27.1200
SRR23343469	Apis laboriosa	China: Yunnan, Honghe	AD_Malaysia	659924	660023	28.6100
SRR23343469	Apis laboriosa	China: Yunnan, Honghe	AD_Malaysia	660024	660123	25.4900
SRR23343469	Apis laboriosa	China: Yunnan, Honghe	AD_Malaysia	660124	660223	28.0000
SRR23343469	Apis laboriosa	China: Yunnan, Honghe	AD_Malaysia	660224	660323	25.1100
SRR23343469	Apis laboriosa	China: Yunnan, Honghe	AD_Malaysia	660324	660423	27.5200
SRR23343469	Apis laboriosa	China: Yunnan, Honghe	AD_Malaysia	660424	660523	25.5200
SRR23343469	Apis laboriosa	China: Yunnan, Honghe	AD_Malaysia	660524	660623	34.6800
SRR23343469	Apis laboriosa	China: Yunnan, Honghe	AD_Malaysia	660624	660723	33.2700
SRR23343469	Apis laboriosa	China: Yunnan, Honghe	AD_Malaysia	660724	660823	30.7000
SRR23343469	Apis laboriosa	China: Yunnan, Honghe	AD_Malaysia	660824	660923	23.9200
SRR23343469	Apis laboriosa	China: Yunnan, Honghe	AD_Malaysia	660924	661023	17.2700
SRR23343469	Apis laboriosa	China: Yunnan, Honghe	AD_Malaysia	661024	661123	14.9200
SRR23343469	Apis laboriosa	China: Yunnan, Honghe	AD_Malaysia	661124	661223	16.0700
SRR23343469	Apis laboriosa	China: Yunnan, Honghe	AD_Malaysia	661224	661323	23.3800
SRR23343469	Apis laboriosa	China: Yunnan, Honghe	AD_Malaysia	661324	661423	20.5700
SRR23343469	Apis laboriosa	China: Yunnan, Honghe	AD_Malaysia	661424	661523	20.4300
SRR23343469	Apis laboriosa	China: Yunnan, Honghe	AD_Malaysia	661524	661623	25.7000
SRR23343469	Apis laboriosa	China: Yunnan, Honghe	AD_Malaysia	661624	661723	29.4400
SRR23343469	Apis laboriosa	China: Yunnan, Honghe	AD_Malaysia	661724	661823	24.6800
SRR23343469	Apis laboriosa	China: Yunnan, Honghe	AD_Malaysia	661824	661923	27.8300
SRR23343469	Apis laboriosa	China: Yunnan, Honghe	AD_Malaysia	661924	662023	27.4700
SRR23343469	Apis laboriosa	China: Yunnan, Honghe	AD_Malaysia	662024	662123	26.0100
SRR23343469	Apis laboriosa	China: Yunnan, Honghe	AD_Malaysia	662124	662223	29.3600
SRR23343469	Apis laboriosa	China: Yunnan, Honghe	AD_Malaysia	662224	662323	26.6200
SRR23343469	Apis laboriosa	China: Yunnan, Honghe	AD_Malaysia	662324	662423	24.2600
SRR23343469	Apis laboriosa	China: Yunnan, Honghe	AD_Malaysia	662424	662523	25.0800
SRR23343469	Apis laboriosa	China: Yunnan, Honghe	AD_Malaysia	662524	662623	22.7800
SRR23343469	Apis laboriosa	China: Yunnan, Honghe	AD_Malaysia	662624	662723	23.2000
SRR23343469	Apis laboriosa	China: Yunnan, Honghe	AD_Malaysia	662724	662823	19.6200
SRR23343469	Apis laboriosa	China: Yunnan, Honghe	AD_Malaysia	662824	662923	24.7300
SRR23343469	Apis laboriosa	China: Yunnan, Honghe	AD_Malaysia	662924	663023	23.7100
SRR23343469	Apis laboriosa	China: Yunnan, Honghe	AD_Malaysia	663024	663123	29.9700
SRR23343469	Apis laboriosa	China: Yunnan, Honghe	AD_Malaysia	663124	663223	23.0400
SRR23343469	Apis laboriosa	China: Yunnan, Honghe	AD_Malaysia	663224	663323	11.4200
SRR23343469	Apis laboriosa	China: Yunnan, Honghe	AD_Malaysia	663324	663423	15.1100
SRR23343469	Apis laboriosa	China: Yunnan, Honghe	AD_Malaysia	663424	663523	18.8400
SRR23343469	Apis laboriosa	China: Yunnan, Honghe	AD_Malaysia	663524	663623	16.3000
SRR23343469	Apis laboriosa	China: Yunnan, Honghe	AD_Malaysia	663624	663723	26.0600
SRR23343469	Apis laboriosa	China: Yunnan, Honghe	AD_Malaysia	663724	663823	29.4500
SRR23343469	Apis laboriosa	China: Yunnan, Honghe	AD_Malaysia	663824	663923	26.2100
SRR23343469	Apis laboriosa	China: Yunnan, Honghe	AD_Malaysia	663924	664023	31.0000
SRR23343469	Apis laboriosa	China: Yunnan, Honghe	AD_Malaysia	664024	664123	27.1400
SRR23343469	Apis laboriosa	China: Yunnan, Honghe	AD_Malaysia	664124	664223	24.6000
SRR23343469	Apis laboriosa	China: Yunnan, Honghe	AD_Malaysia	664224	664261	28.4737
SRR23343470	Apis laboriosa	China: Yunnan, Honghe	AD_Malaysia	656224	656323	21.5000
SRR23343470	Apis laboriosa	China: Yunnan, Honghe	AD_Malaysia	656324	656423	21.4600
SRR23343470	Apis laboriosa	China: Yunnan, Honghe	AD_Malaysia	656424	656523	28.9900
SRR23343470	Apis laboriosa	China: Yunnan, Honghe	AD_Malaysia	656524	656623	27.1300
SRR23343470	Apis laboriosa	China: Yunnan, Honghe	AD_Malaysia	656624	656723	19.7600
SRR23343470	Apis laboriosa	China: Yunnan, Honghe	AD_Malaysia	656724	656823	19.8600
SRR23343470	Apis laboriosa	China: Yunnan, Honghe	AD_Malaysia	656824	656923	20.5400
SRR23343470	Apis laboriosa	China: Yunnan, Honghe	AD_Malaysia	656924	657023	20.4100
SRR23343470	Apis laboriosa	China: Yunnan, Honghe	AD_Malaysia	657024	657123	30.9300
SRR23343470	Apis laboriosa	China: Yunnan, Honghe	AD_Malaysia	657124	657223	25.6000
SRR23343470	Apis laboriosa	China: Yunnan, Honghe	AD_Malaysia	657224	657323	31.0000
SRR23343470	Apis laboriosa	China: Yunnan, Honghe	AD_Malaysia	657324	657423	34.7400
SRR23343470	Apis laboriosa	China: Yunnan, Honghe	AD_Malaysia	657424	657523	36.7300
SRR23343470	Apis laboriosa	China: Yunnan, Honghe	AD_Malaysia	657524	657623	38.0000
SRR23343470	Apis laboriosa	China: Yunnan, Honghe	AD_Malaysia	657624	657723	31.7800
SRR23343470	Apis laboriosa	China: Yunnan, Honghe	AD_Malaysia	657724	657823	27.2000
SRR23343470	Apis laboriosa	China: Yunnan, Honghe	AD_Malaysia	657824	657923	25.0700
SRR23343470	Apis laboriosa	China: Yunnan, Honghe	AD_Malaysia	657924	658023	29.3200
SRR23343470	Apis laboriosa	China: Yunnan, Honghe	AD_Malaysia	658024	658123	29.6100
SRR23343470	Apis laboriosa	China: Yunnan, Honghe	AD_Malaysia	658124	658223	27.9100
SRR23343470	Apis laboriosa	China: Yunnan, Honghe	AD_Malaysia	658224	658323	37.3900
SRR23343470	Apis laboriosa	China: Yunnan, Honghe	AD_Malaysia	658324	658423	36.7400
SRR23343470	Apis laboriosa	China: Yunnan, Honghe	AD_Malaysia	658424	658523	32.8900
SRR23343470	Apis laboriosa	China: Yunnan, Honghe	AD_Malaysia	658524	658623	22.3100
SRR23343470	Apis laboriosa	China: Yunnan, Honghe	AD_Malaysia	658624	658723	19.7300
SRR23343470	Apis laboriosa	China: Yunnan, Honghe	AD_Malaysia	658724	658823	24.6200
SRR23343470	Apis laboriosa	China: Yunnan, Honghe	AD_Malaysia	658824	658923	31.9900
SRR23343470	Apis laboriosa	China: Yunnan, Honghe	AD_Malaysia	658924	659023	28.8200
SRR23343470	Apis laboriosa	China: Yunnan, Honghe	AD_Malaysia	659024	659123	27.2600
SRR23343470	Apis laboriosa	China: Yunnan, Honghe	AD_Malaysia	659124	659223	29.9000
SRR23343470	Apis laboriosa	China: Yunnan, Honghe	AD_Malaysia	659224	659323	29.4100
SRR23343470	Apis laboriosa	China: Yunnan, Honghe	AD_Malaysia	659324	659423	22.9500
SRR23343470	Apis laboriosa	China: Yunnan, Honghe	AD_Malaysia	659424	659523	22.4500
SRR23343470	Apis laboriosa	China: Yunnan, Honghe	AD_Malaysia	659524	659623	21.4700
SRR23343470	Apis laboriosa	China: Yunnan, Honghe	AD_Malaysia	659624	659723	25.4900
SRR23343470	Apis laboriosa	China: Yunnan, Honghe	AD_Malaysia	659724	659823	34.6700
SRR23343470	Apis laboriosa	China: Yunnan, Honghe	AD_Malaysia	659824	659923	33.4500
SRR23343470	Apis laboriosa	China: Yunnan, Honghe	AD_Malaysia	659924	660023	30.3600
SRR23343470	Apis laboriosa	China: Yunnan, Honghe	AD_Malaysia	660024	660123	23.0500
SRR23343470	Apis laboriosa	China: Yunnan, Honghe	AD_Malaysia	660124	660223	21.8800
SRR23343470	Apis laboriosa	China: Yunnan, Honghe	AD_Malaysia	660224	660323	26.8100
SRR23343470	Apis laboriosa	China: Yunnan, Honghe	AD_Malaysia	660324	660423	19.2000
SRR23343470	Apis laboriosa	China: Yunnan, Honghe	AD_Malaysia	660424	660523	21.9100
SRR23343470	Apis laboriosa	China: Yunnan, Honghe	AD_Malaysia	660524	660623	22.9400
SRR23343470	Apis laboriosa	China: Yunnan, Honghe	AD_Malaysia	660624	660723	22.9500
SRR23343470	Apis laboriosa	China: Yunnan, Honghe	AD_Malaysia	660724	660823	25.7200
SRR23343470	Apis laboriosa	China: Yunnan, Honghe	AD_Malaysia	660824	660923	20.9400
SRR23343470	Apis laboriosa	China: Yunnan, Honghe	AD_Malaysia	660924	661023	20.5900
SRR23343470	Apis laboriosa	China: Yunnan, Honghe	AD_Malaysia	661024	661123	14.8200
SRR23343470	Apis laboriosa	China: Yunnan, Honghe	AD_Malaysia	661124	661223	9.6800
SRR23343470	Apis laboriosa	China: Yunnan, Honghe	AD_Malaysia	661224	661323	17.3000
SRR23343470	Apis laboriosa	China: Yunnan, Honghe	AD_Malaysia	661324	661423	12.3400
SRR23343470	Apis laboriosa	China: Yunnan, Honghe	AD_Malaysia	661424	661523	19.9900
SRR23343470	Apis laboriosa	China: Yunnan, Honghe	AD_Malaysia	661524	661623	24.4700
SRR23343470	Apis laboriosa	China: Yunnan, Honghe	AD_Malaysia	661624	661723	28.4500
SRR23343470	Apis laboriosa	China: Yunnan, Honghe	AD_Malaysia	661724	661823	32.4200
SRR23343470	Apis laboriosa	China: Yunnan, Honghe	AD_Malaysia	661824	661923	29.3300
SRR23343470	Apis laboriosa	China: Yunnan, Honghe	AD_Malaysia	661924	662023	24.7800
SRR23343470	Apis laboriosa	China: Yunnan, Honghe	AD_Malaysia	662024	662123	28.5100
SRR23343470	Apis laboriosa	China: Yunnan, Honghe	AD_Malaysia	662124	662223	25.0600
SRR23343470	Apis laboriosa	China: Yunnan, Honghe	AD_Malaysia	662224	662323	30.2800
SRR23343470	Apis laboriosa	China: Yunnan, Honghe	AD_Malaysia	662324	662423	30.4700
SRR23343470	Apis laboriosa	China: Yunnan, Honghe	AD_Malaysia	662424	662523	29.1400
SRR23343470	Apis laboriosa	China: Yunnan, Honghe	AD_Malaysia	662524	662623	27.4200
SRR23343470	Apis laboriosa	China: Yunnan, Honghe	AD_Malaysia	662624	662723	23.8200
SRR23343470	Apis laboriosa	China: Yunnan, Honghe	AD_Malaysia	662724	662823	17.1800
SRR23343470	Apis laboriosa	China: Yunnan, Honghe	AD_Malaysia	662824	662923	19.1700
SRR23343470	Apis laboriosa	China: Yunnan, Honghe	AD_Malaysia	662924	663023	21.0000
SRR23343470	Apis laboriosa	China: Yunnan, Honghe	AD_Malaysia	663024	663123	21.8500
SRR23343470	Apis laboriosa	China: Yunnan, Honghe	AD_Malaysia	663124	663223	22.4100
SRR23343470	Apis laboriosa	China: Yunnan, Honghe	AD_Malaysia	663224	663323	17.4900
SRR23343470	Apis laboriosa	China: Yunnan, Honghe	AD_Malaysia	663324	663423	9.2800
SRR23343470	Apis laboriosa	China: Yunnan, Honghe	AD_Malaysia	663424	663523	4.0400
SRR23343470	Apis laboriosa	China: Yunnan, Honghe	AD_Malaysia	663524	663623	1.3700
SRR23343470	Apis laboriosa	China: Yunnan, Honghe	AD_Malaysia	663624	663723	4.0000
SRR23343470	Apis laboriosa	China: Yunnan, Honghe	AD_Malaysia	663724	663823	8.7200
SRR23343470	Apis laboriosa	China: Yunnan, Honghe	AD_Malaysia	663824	663923	9.6500
SRR23343470	Apis laboriosa	China: Yunnan, Honghe	AD_Malaysia	663924	664023	11.1900
SRR23343470	Apis laboriosa	China: Yunnan, Honghe	AD_Malaysia	664024	664123	6.5700
SRR23343470	Apis laboriosa	China: Yunnan, Honghe	AD_Malaysia	664124	664223	4.6000
SRR23343470	Apis laboriosa	China: Yunnan, Honghe	AD_Malaysia	664224	664261	7.9737
SRR23343471	Apis dorsata	China: Yunnan, Xishuangbanna	AD_Malaysia	656224	656323	35.7900
SRR23343471	Apis dorsata	China: Yunnan, Xishuangbanna	AD_Malaysia	656324	656423	29.5900
SRR23343471	Apis dorsata	China: Yunnan, Xishuangbanna	AD_Malaysia	656424	656523	26.7800
SRR23343471	Apis dorsata	China: Yunnan, Xishuangbanna	AD_Malaysia	656524	656623	29.1000
SRR23343471	Apis dorsata	China: Yunnan, Xishuangbanna	AD_Malaysia	656624	656723	27.9100
SRR23343471	Apis dorsata	China: Yunnan, Xishuangbanna	AD_Malaysia	656724	656823	33.8700
SRR23343471	Apis dorsata	China: Yunnan, Xishuangbanna	AD_Malaysia	656824	656923	29.4700
SRR23343471	Apis dorsata	China: Yunnan, Xishuangbanna	AD_Malaysia	656924	657023	33.7300
SRR23343471	Apis dorsata	China: Yunnan, Xishuangbanna	AD_Malaysia	657024	657123	35.4100
SRR23343471	Apis dorsata	China: Yunnan, Xishuangbanna	AD_Malaysia	657124	657223	26.9600
SRR23343471	Apis dorsata	China: Yunnan, Xishuangbanna	AD_Malaysia	657224	657323	25.2400
SRR23343471	Apis dorsata	China: Yunnan, Xishuangbanna	AD_Malaysia	657324	657423	29.3500
SRR23343471	Apis dorsata	China: Yunnan, Xishuangbanna	AD_Malaysia	657424	657523	28.2800
SRR23343471	Apis dorsata	China: Yunnan, Xishuangbanna	AD_Malaysia	657524	657623	29.3800
SRR23343471	Apis dorsata	China: Yunnan, Xishuangbanna	AD_Malaysia	657624	657723	28.9500
SRR23343471	Apis dorsata	China: Yunnan, Xishuangbanna	AD_Malaysia	657724	657823	41.1500
SRR23343471	Apis dorsata	China: Yunnan, Xishuangbanna	AD_Malaysia	657824	657923	41.6300
SRR23343471	Apis dorsata	China: Yunnan, Xishuangbanna	AD_Malaysia	657924	658023	39.6500
SRR23343471	Apis dorsata	China: Yunnan, Xishuangbanna	AD_Malaysia	658024	658123	28.3800
SRR23343471	Apis dorsata	China: Yunnan, Xishuangbanna	AD_Malaysia	658124	658223	29.5400
SRR23343471	Apis dorsata	China: Yunnan, Xishuangbanna	AD_Malaysia	658224	658323	34.5600
SRR23343471	Apis dorsata	China: Yunnan, Xishuangbanna	AD_Malaysia	658324	658423	30.4800
SRR23343471	Apis dorsata	China: Yunnan, Xishuangbanna	AD_Malaysia	658424	658523	28.3900
SRR23343471	Apis dorsata	China: Yunnan, Xishuangbanna	AD_Malaysia	658524	658623	35.0800
SRR23343471	Apis dorsata	China: Yunnan, Xishuangbanna	AD_Malaysia	658624	658723	26.9500
SRR23343471	Apis dorsata	China: Yunnan, Xishuangbanna	AD_Malaysia	658724	658823	24.5800
SRR23343471	Apis dorsata	China: Yunnan, Xishuangbanna	AD_Malaysia	658824	658923	25.7000
SRR23343471	Apis dorsata	China: Yunnan, Xishuangbanna	AD_Malaysia	658924	659023	24.5300
SRR23343471	Apis dorsata	China: Yunnan, Xishuangbanna	AD_Malaysia	659024	659123	24.7800
SRR23343471	Apis dorsata	China: Yunnan, Xishuangbanna	AD_Malaysia	659124	659223	33.9300
SRR23343471	Apis dorsata	China: Yunnan, Xishuangbanna	AD_Malaysia	659224	659323	26.5700
SRR23343471	Apis dorsata	China: Yunnan, Xishuangbanna	AD_Malaysia	659324	659423	31.2800
SRR23343471	Apis dorsata	China: Yunnan, Xishuangbanna	AD_Malaysia	659424	659523	32.0800
SRR23343471	Apis dorsata	China: Yunnan, Xishuangbanna	AD_Malaysia	659524	659623	24.4800
SRR23343471	Apis dorsata	China: Yunnan, Xishuangbanna	AD_Malaysia	659624	659723	27.2000
SRR23343471	Apis dorsata	China: Yunnan, Xishuangbanna	AD_Malaysia	659724	659823	23.2000
SRR23343471	Apis dorsata	China: Yunnan, Xishuangbanna	AD_Malaysia	659824	659923	23.1300
SRR23343471	Apis dorsata	China: Yunnan, Xishuangbanna	AD_Malaysia	659924	660023	17.0400
SRR23343471	Apis dorsata	China: Yunnan, Xishuangbanna	AD_Malaysia	660024	660123	13.0100
SRR23343471	Apis dorsata	China: Yunnan, Xishuangbanna	AD_Malaysia	660124	660223	14.0300
SRR23343471	Apis dorsata	China: Yunnan, Xishuangbanna	AD_Malaysia	660224	660323	17.0400
SRR23343471	Apis dorsata	China: Yunnan, Xishuangbanna	AD_Malaysia	660324	660423	23.1200
SRR23343471	Apis dorsata	China: Yunnan, Xishuangbanna	AD_Malaysia	660424	660523	26.0200
SRR23343471	Apis dorsata	China: Yunnan, Xishuangbanna	AD_Malaysia	660524	660623	24.6200
SRR23343471	Apis dorsata	China: Yunnan, Xishuangbanna	AD_Malaysia	660624	660723	32.5300
SRR23343471	Apis dorsata	China: Yunnan, Xishuangbanna	AD_Malaysia	660724	660823	24.1400
SRR23343471	Apis dorsata	China: Yunnan, Xishuangbanna	AD_Malaysia	660824	660923	18.9200
SRR23343471	Apis dorsata	China: Yunnan, Xishuangbanna	AD_Malaysia	660924	661023	24.5600
SRR23343471	Apis dorsata	China: Yunnan, Xishuangbanna	AD_Malaysia	661024	661123	25.5700
SRR23343471	Apis dorsata	China: Yunnan, Xishuangbanna	AD_Malaysia	661124	661223	27.6700
SRR23343471	Apis dorsata	China: Yunnan, Xishuangbanna	AD_Malaysia	661224	661323	26.1900
SRR23343471	Apis dorsata	China: Yunnan, Xishuangbanna	AD_Malaysia	661324	661423	26.2400
SRR23343471	Apis dorsata	China: Yunnan, Xishuangbanna	AD_Malaysia	661424	661523	23.7000
SRR23343471	Apis dorsata	China: Yunnan, Xishuangbanna	AD_Malaysia	661524	661623	22.3100
SRR23343471	Apis dorsata	China: Yunnan, Xishuangbanna	AD_Malaysia	661624	661723	19.3000
SRR23343471	Apis dorsata	China: Yunnan, Xishuangbanna	AD_Malaysia	661724	661823	22.3100
SRR23343471	Apis dorsata	China: Yunnan, Xishuangbanna	AD_Malaysia	661824	661923	31.3200
SRR23343471	Apis dorsata	China: Yunnan, Xishuangbanna	AD_Malaysia	661924	662023	29.9900
SRR23343471	Apis dorsata	China: Yunnan, Xishuangbanna	AD_Malaysia	662024	662123	33.6000
SRR23343471	Apis dorsata	China: Yunnan, Xishuangbanna	AD_Malaysia	662124	662223	24.6900
SRR23343471	Apis dorsata	China: Yunnan, Xishuangbanna	AD_Malaysia	662224	662323	30.2200
SRR23343471	Apis dorsata	China: Yunnan, Xishuangbanna	AD_Malaysia	662324	662423	32.9700
SRR23343471	Apis dorsata	China: Yunnan, Xishuangbanna	AD_Malaysia	662424	662523	30.7800
SRR23343471	Apis dorsata	China: Yunnan, Xishuangbanna	AD_Malaysia	662524	662623	34.3000
SRR23343471	Apis dorsata	China: Yunnan, Xishuangbanna	AD_Malaysia	662624	662723	30.6400
SRR23343471	Apis dorsata	China: Yunnan, Xishuangbanna	AD_Malaysia	662724	662823	22.2300
SRR23343471	Apis dorsata	China: Yunnan, Xishuangbanna	AD_Malaysia	662824	662923	21.2800
SRR23343471	Apis dorsata	China: Yunnan, Xishuangbanna	AD_Malaysia	662924	663023	17.6100
SRR23343471	Apis dorsata	China: Yunnan, Xishuangbanna	AD_Malaysia	663024	663123	21.1900
SRR23343471	Apis dorsata	China: Yunnan, Xishuangbanna	AD_Malaysia	663124	663223	21.6200
SRR23343471	Apis dorsata	China: Yunnan, Xishuangbanna	AD_Malaysia	663224	663323	17.7800
SRR23343471	Apis dorsata	China: Yunnan, Xishuangbanna	AD_Malaysia	663324	663423	18.0700
SRR23343471	Apis dorsata	China: Yunnan, Xishuangbanna	AD_Malaysia	663424	663523	17.3200
SRR23343471	Apis dorsata	China: Yunnan, Xishuangbanna	AD_Malaysia	663524	663623	18.4300
SRR23343471	Apis dorsata	China: Yunnan, Xishuangbanna	AD_Malaysia	663624	663723	23.1700
SRR23343471	Apis dorsata	China: Yunnan, Xishuangbanna	AD_Malaysia	663724	663823	32.9900
SRR23343471	Apis dorsata	China: Yunnan, Xishuangbanna	AD_Malaysia	663824	663923	31.0900
SRR23343471	Apis dorsata	China: Yunnan, Xishuangbanna	AD_Malaysia	663924	664023	23.0600
SRR23343471	Apis dorsata	China: Yunnan, Xishuangbanna	AD_Malaysia	664024	664123	26.8800
SRR23343471	Apis dorsata	China: Yunnan, Xishuangbanna	AD_Malaysia	664124	664223	26.5500
SRR23343471	Apis dorsata	China: Yunnan, Xishuangbanna	AD_Malaysia	664224	664261	22.1316
SRR23343472	Apis laboriosa	China: Yunnan, Honghe	AD_Malaysia	656224	656323	27.1000
SRR23343472	Apis laboriosa	China: Yunnan, Honghe	AD_Malaysia	656324	656423	22.2500
SRR23343472	Apis laboriosa	China: Yunnan, Honghe	AD_Malaysia	656424	656523	16.4300
SRR23343472	Apis laboriosa	China: Yunnan, Honghe	AD_Malaysia	656524	656623	18.1300
SRR23343472	Apis laboriosa	China: Yunnan, Honghe	AD_Malaysia	656624	656723	22.1500
SRR23343472	Apis laboriosa	China: Yunnan, Honghe	AD_Malaysia	656724	656823	20.7300
SRR23343472	Apis laboriosa	China: Yunnan, Honghe	AD_Malaysia	656824	656923	30.5000
SRR23343472	Apis laboriosa	China: Yunnan, Honghe	AD_Malaysia	656924	657023	26.8700
SRR23343472	Apis laboriosa	China: Yunnan, Honghe	AD_Malaysia	657024	657123	27.6800
SRR23343472	Apis laboriosa	China: Yunnan, Honghe	AD_Malaysia	657124	657223	25.1000
SRR23343472	Apis laboriosa	China: Yunnan, Honghe	AD_Malaysia	657224	657323	27.1900
SRR23343472	Apis laboriosa	China: Yunnan, Honghe	AD_Malaysia	657324	657423	29.8500
SRR23343472	Apis laboriosa	China: Yunnan, Honghe	AD_Malaysia	657424	657523	35.7700
SRR23343472	Apis laboriosa	China: Yunnan, Honghe	AD_Malaysia	657524	657623	24.2000
SRR23343472	Apis laboriosa	China: Yunnan, Honghe	AD_Malaysia	657624	657723	29.2900
SRR23343472	Apis laboriosa	China: Yunnan, Honghe	AD_Malaysia	657724	657823	34.4900
SRR23343472	Apis laboriosa	China: Yunnan, Honghe	AD_Malaysia	657824	657923	34.7800
SRR23343472	Apis laboriosa	China: Yunnan, Honghe	AD_Malaysia	657924	658023	38.9600
SRR23343472	Apis laboriosa	China: Yunnan, Honghe	AD_Malaysia	658024	658123	39.5700
SRR23343472	Apis laboriosa	China: Yunnan, Honghe	AD_Malaysia	658124	658223	33.1000
SRR23343472	Apis laboriosa	China: Yunnan, Honghe	AD_Malaysia	658224	658323	32.8000
SRR23343472	Apis laboriosa	China: Yunnan, Honghe	AD_Malaysia	658324	658423	33.5400
SRR23343472	Apis laboriosa	China: Yunnan, Honghe	AD_Malaysia	658424	658523	34.3400
SRR23343472	Apis laboriosa	China: Yunnan, Honghe	AD_Malaysia	658524	658623	39.2700
SRR23343472	Apis laboriosa	China: Yunnan, Honghe	AD_Malaysia	658624	658723	40.4000
SRR23343472	Apis laboriosa	China: Yunnan, Honghe	AD_Malaysia	658724	658823	41.9500
SRR23343472	Apis laboriosa	China: Yunnan, Honghe	AD_Malaysia	658824	658923	34.4200
SRR23343472	Apis laboriosa	China: Yunnan, Honghe	AD_Malaysia	658924	659023	35.3000
SRR23343472	Apis laboriosa	China: Yunnan, Honghe	AD_Malaysia	659024	659123	28.6400
SRR23343472	Apis laboriosa	China: Yunnan, Honghe	AD_Malaysia	659124	659223	24.2600
SRR23343472	Apis laboriosa	China: Yunnan, Honghe	AD_Malaysia	659224	659323	36.1200
SRR23343472	Apis laboriosa	China: Yunnan, Honghe	AD_Malaysia	659324	659423	39.2600
SRR23343472	Apis laboriosa	China: Yunnan, Honghe	AD_Malaysia	659424	659523	35.4400
SRR23343472	Apis laboriosa	China: Yunnan, Honghe	AD_Malaysia	659524	659623	28.8500
SRR23343472	Apis laboriosa	China: Yunnan, Honghe	AD_Malaysia	659624	659723	32.2500
SRR23343472	Apis laboriosa	China: Yunnan, Honghe	AD_Malaysia	659724	659823	26.7600
SRR23343472	Apis laboriosa	China: Yunnan, Honghe	AD_Malaysia	659824	659923	30.6300
SRR23343472	Apis laboriosa	China: Yunnan, Honghe	AD_Malaysia	659924	660023	27.5100
SRR23343472	Apis laboriosa	China: Yunnan, Honghe	AD_Malaysia	660024	660123	23.6300
SRR23343472	Apis laboriosa	China: Yunnan, Honghe	AD_Malaysia	660124	660223	20.1000
SRR23343472	Apis laboriosa	China: Yunnan, Honghe	AD_Malaysia	660224	660323	21.9800
SRR23343472	Apis laboriosa	China: Yunnan, Honghe	AD_Malaysia	660324	660423	25.4700
SRR23343472	Apis laboriosa	China: Yunnan, Honghe	AD_Malaysia	660424	660523	26.8700
SRR23343472	Apis laboriosa	China: Yunnan, Honghe	AD_Malaysia	660524	660623	25.3100
SRR23343472	Apis laboriosa	China: Yunnan, Honghe	AD_Malaysia	660624	660723	32.6700
SRR23343472	Apis laboriosa	China: Yunnan, Honghe	AD_Malaysia	660724	660823	27.0900
SRR23343472	Apis laboriosa	China: Yunnan, Honghe	AD_Malaysia	660824	660923	26.7000
SRR23343472	Apis laboriosa	China: Yunnan, Honghe	AD_Malaysia	660924	661023	38.5600
SRR23343472	Apis laboriosa	China: Yunnan, Honghe	AD_Malaysia	661024	661123	30.5800
SRR23343472	Apis laboriosa	China: Yunnan, Honghe	AD_Malaysia	661124	661223	33.0600
SRR23343472	Apis laboriosa	China: Yunnan, Honghe	AD_Malaysia	661224	661323	31.0900
SRR23343472	Apis laboriosa	China: Yunnan, Honghe	AD_Malaysia	661324	661423	32.7800
SRR23343472	Apis laboriosa	China: Yunnan, Honghe	AD_Malaysia	661424	661523	27.3800
SRR23343472	Apis laboriosa	China: Yunnan, Honghe	AD_Malaysia	661524	661623	33.0600
SRR23343472	Apis laboriosa	China: Yunnan, Honghe	AD_Malaysia	661624	661723	33.8600
SRR23343472	Apis laboriosa	China: Yunnan, Honghe	AD_Malaysia	661724	661823	30.8100
SRR23343472	Apis laboriosa	China: Yunnan, Honghe	AD_Malaysia	661824	661923	30.9300
SRR23343472	Apis laboriosa	China: Yunnan, Honghe	AD_Malaysia	661924	662023	30.3100
SRR23343472	Apis laboriosa	China: Yunnan, Honghe	AD_Malaysia	662024	662123	29.1600
SRR23343472	Apis laboriosa	China: Yunnan, Honghe	AD_Malaysia	662124	662223	33.8600
SRR23343472	Apis laboriosa	China: Yunnan, Honghe	AD_Malaysia	662224	662323	34.9100
SRR23343472	Apis laboriosa	China: Yunnan, Honghe	AD_Malaysia	662324	662423	30.2700
SRR23343472	Apis laboriosa	China: Yunnan, Honghe	AD_Malaysia	662424	662523	35.3400
SRR23343472	Apis laboriosa	China: Yunnan, Honghe	AD_Malaysia	662524	662623	29.3700
SRR23343472	Apis laboriosa	China: Yunnan, Honghe	AD_Malaysia	662624	662723	25.7400
SRR23343472	Apis laboriosa	China: Yunnan, Honghe	AD_Malaysia	662724	662823	19.7800
SRR23343472	Apis laboriosa	China: Yunnan, Honghe	AD_Malaysia	662824	662923	24.4500
SRR23343472	Apis laboriosa	China: Yunnan, Honghe	AD_Malaysia	662924	663023	24.3500
SRR23343472	Apis laboriosa	China: Yunnan, Honghe	AD_Malaysia	663024	663123	22.3400
SRR23343472	Apis laboriosa	China: Yunnan, Honghe	AD_Malaysia	663124	663223	29.7200
SRR23343472	Apis laboriosa	China: Yunnan, Honghe	AD_Malaysia	663224	663323	22.8800
SRR23343472	Apis laboriosa	China: Yunnan, Honghe	AD_Malaysia	663324	663423	27.0000
SRR23343472	Apis laboriosa	China: Yunnan, Honghe	AD_Malaysia	663424	663523	22.4300
SRR23343472	Apis laboriosa	China: Yunnan, Honghe	AD_Malaysia	663524	663623	24.1100
SRR23343472	Apis laboriosa	China: Yunnan, Honghe	AD_Malaysia	663624	663723	28.1000
SRR23343472	Apis laboriosa	China: Yunnan, Honghe	AD_Malaysia	663724	663823	28.1500
SRR23343472	Apis laboriosa	China: Yunnan, Honghe	AD_Malaysia	663824	663923	33.1600
SRR23343472	Apis laboriosa	China: Yunnan, Honghe	AD_Malaysia	663924	664023	33.5300
SRR23343472	Apis laboriosa	China: Yunnan, Honghe	AD_Malaysia	664024	664123	30.1500
SRR23343472	Apis laboriosa	China: Yunnan, Honghe	AD_Malaysia	664124	664223	25.5700
SRR23343472	Apis laboriosa	China: Yunnan, Honghe	AD_Malaysia	664224	664261	21.6579
SRR23343473	Apis laboriosa	China: Yunnan, Honghe	AD_Malaysia	656224	656323	66.4900
SRR23343473	Apis laboriosa	China: Yunnan, Honghe	AD_Malaysia	656324	656423	82.3800
SRR23343473	Apis laboriosa	China: Yunnan, Honghe	AD_Malaysia	656424	656523	62.7200
SRR23343473	Apis laboriosa	China: Yunnan, Honghe	AD_Malaysia	656524	656623	63.8100
SRR23343473	Apis laboriosa	China: Yunnan, Honghe	AD_Malaysia	656624	656723	71.7200
SRR23343473	Apis laboriosa	China: Yunnan, Honghe	AD_Malaysia	656724	656823	62.4800
SRR23343473	Apis laboriosa	China: Yunnan, Honghe	AD_Malaysia	656824	656923	54.6000
SRR23343473	Apis laboriosa	China: Yunnan, Honghe	AD_Malaysia	656924	657023	56.3000
SRR23343473	Apis laboriosa	China: Yunnan, Honghe	AD_Malaysia	657024	657123	68.1600
SRR23343473	Apis laboriosa	China: Yunnan, Honghe	AD_Malaysia	657124	657223	57.0400
SRR23343473	Apis laboriosa	China: Yunnan, Honghe	AD_Malaysia	657224	657323	68.5300
SRR23343473	Apis laboriosa	China: Yunnan, Honghe	AD_Malaysia	657324	657423	78.7700
SRR23343473	Apis laboriosa	China: Yunnan, Honghe	AD_Malaysia	657424	657523	82.7700
SRR23343473	Apis laboriosa	China: Yunnan, Honghe	AD_Malaysia	657524	657623	71.5000
SRR23343473	Apis laboriosa	China: Yunnan, Honghe	AD_Malaysia	657624	657723	79.2500
SRR23343473	Apis laboriosa	China: Yunnan, Honghe	AD_Malaysia	657724	657823	79.7600
SRR23343473	Apis laboriosa	China: Yunnan, Honghe	AD_Malaysia	657824	657923	73.1700
SRR23343473	Apis laboriosa	China: Yunnan, Honghe	AD_Malaysia	657924	658023	71.0700
SRR23343473	Apis laboriosa	China: Yunnan, Honghe	AD_Malaysia	658024	658123	69.1400
SRR23343473	Apis laboriosa	China: Yunnan, Honghe	AD_Malaysia	658124	658223	62.6400
SRR23343473	Apis laboriosa	China: Yunnan, Honghe	AD_Malaysia	658224	658323	64.2600
SRR23343473	Apis laboriosa	China: Yunnan, Honghe	AD_Malaysia	658324	658423	73.2100
SRR23343473	Apis laboriosa	China: Yunnan, Honghe	AD_Malaysia	658424	658523	74.4900
SRR23343473	Apis laboriosa	China: Yunnan, Honghe	AD_Malaysia	658524	658623	70.6500
SRR23343473	Apis laboriosa	China: Yunnan, Honghe	AD_Malaysia	658624	658723	66.7800
SRR23343473	Apis laboriosa	China: Yunnan, Honghe	AD_Malaysia	658724	658823	61.9300
SRR23343473	Apis laboriosa	China: Yunnan, Honghe	AD_Malaysia	658824	658923	68.5600
SRR23343473	Apis laboriosa	China: Yunnan, Honghe	AD_Malaysia	658924	659023	71.9500
SRR23343473	Apis laboriosa	China: Yunnan, Honghe	AD_Malaysia	659024	659123	74.0000
SRR23343473	Apis laboriosa	China: Yunnan, Honghe	AD_Malaysia	659124	659223	77.6100
SRR23343473	Apis laboriosa	China: Yunnan, Honghe	AD_Malaysia	659224	659323	68.2700
SRR23343473	Apis laboriosa	China: Yunnan, Honghe	AD_Malaysia	659324	659423	68.8300
SRR23343473	Apis laboriosa	China: Yunnan, Honghe	AD_Malaysia	659424	659523	60.0700
SRR23343473	Apis laboriosa	China: Yunnan, Honghe	AD_Malaysia	659524	659623	60.3500
SRR23343473	Apis laboriosa	China: Yunnan, Honghe	AD_Malaysia	659624	659723	59.9600
SRR23343473	Apis laboriosa	China: Yunnan, Honghe	AD_Malaysia	659724	659823	58.0400
SRR23343473	Apis laboriosa	China: Yunnan, Honghe	AD_Malaysia	659824	659923	55.4000
SRR23343473	Apis laboriosa	China: Yunnan, Honghe	AD_Malaysia	659924	660023	51.4200
SRR23343473	Apis laboriosa	China: Yunnan, Honghe	AD_Malaysia	660024	660123	40.9000
SRR23343473	Apis laboriosa	China: Yunnan, Honghe	AD_Malaysia	660124	660223	57.4900
SRR23343473	Apis laboriosa	China: Yunnan, Honghe	AD_Malaysia	660224	660323	67.4100
SRR23343473	Apis laboriosa	China: Yunnan, Honghe	AD_Malaysia	660324	660423	63.0100
SRR23343473	Apis laboriosa	China: Yunnan, Honghe	AD_Malaysia	660424	660523	76.4500
SRR23343473	Apis laboriosa	China: Yunnan, Honghe	AD_Malaysia	660524	660623	78.7200
SRR23343473	Apis laboriosa	China: Yunnan, Honghe	AD_Malaysia	660624	660723	62.0100
SRR23343473	Apis laboriosa	China: Yunnan, Honghe	AD_Malaysia	660724	660823	61.6800
SRR23343473	Apis laboriosa	China: Yunnan, Honghe	AD_Malaysia	660824	660923	64.4000
SRR23343473	Apis laboriosa	China: Yunnan, Honghe	AD_Malaysia	660924	661023	61.6600
SRR23343473	Apis laboriosa	China: Yunnan, Honghe	AD_Malaysia	661024	661123	46.3700
SRR23343473	Apis laboriosa	China: Yunnan, Honghe	AD_Malaysia	661124	661223	42.1000
SRR23343473	Apis laboriosa	China: Yunnan, Honghe	AD_Malaysia	661224	661323	55.0800
SRR23343473	Apis laboriosa	China: Yunnan, Honghe	AD_Malaysia	661324	661423	53.7100
SRR23343473	Apis laboriosa	China: Yunnan, Honghe	AD_Malaysia	661424	661523	50.8400
SRR23343473	Apis laboriosa	China: Yunnan, Honghe	AD_Malaysia	661524	661623	51.7600
SRR23343473	Apis laboriosa	China: Yunnan, Honghe	AD_Malaysia	661624	661723	62.9000
SRR23343473	Apis laboriosa	China: Yunnan, Honghe	AD_Malaysia	661724	661823	63.7300
SRR23343473	Apis laboriosa	China: Yunnan, Honghe	AD_Malaysia	661824	661923	72.5300
SRR23343473	Apis laboriosa	China: Yunnan, Honghe	AD_Malaysia	661924	662023	58.0500
SRR23343473	Apis laboriosa	China: Yunnan, Honghe	AD_Malaysia	662024	662123	65.4000
SRR23343473	Apis laboriosa	China: Yunnan, Honghe	AD_Malaysia	662124	662223	69.5100
SRR23343473	Apis laboriosa	China: Yunnan, Honghe	AD_Malaysia	662224	662323	61.2800
SRR23343473	Apis laboriosa	China: Yunnan, Honghe	AD_Malaysia	662324	662423	61.7400
SRR23343473	Apis laboriosa	China: Yunnan, Honghe	AD_Malaysia	662424	662523	66.5000
SRR23343473	Apis laboriosa	China: Yunnan, Honghe	AD_Malaysia	662524	662623	64.6700
SRR23343473	Apis laboriosa	China: Yunnan, Honghe	AD_Malaysia	662624	662723	62.2200
SRR23343473	Apis laboriosa	China: Yunnan, Honghe	AD_Malaysia	662724	662823	48.8400
SRR23343473	Apis laboriosa	China: Yunnan, Honghe	AD_Malaysia	662824	662923	48.0600
SRR23343473	Apis laboriosa	China: Yunnan, Honghe	AD_Malaysia	662924	663023	52.9300
SRR23343473	Apis laboriosa	China: Yunnan, Honghe	AD_Malaysia	663024	663123	51.1600
SRR23343473	Apis laboriosa	China: Yunnan, Honghe	AD_Malaysia	663124	663223	53.0800
SRR23343473	Apis laboriosa	China: Yunnan, Honghe	AD_Malaysia	663224	663323	51.3000
SRR23343473	Apis laboriosa	China: Yunnan, Honghe	AD_Malaysia	663324	663423	46.7400
SRR23343473	Apis laboriosa	China: Yunnan, Honghe	AD_Malaysia	663424	663523	41.8600
SRR23343473	Apis laboriosa	China: Yunnan, Honghe	AD_Malaysia	663524	663623	51.4100
SRR23343473	Apis laboriosa	China: Yunnan, Honghe	AD_Malaysia	663624	663723	54.3700
SRR23343473	Apis laboriosa	China: Yunnan, Honghe	AD_Malaysia	663724	663823	50.5000
SRR23343473	Apis laboriosa	China: Yunnan, Honghe	AD_Malaysia	663824	663923	55.9100
SRR23343473	Apis laboriosa	China: Yunnan, Honghe	AD_Malaysia	663924	664023	55.6800
SRR23343473	Apis laboriosa	China: Yunnan, Honghe	AD_Malaysia	664024	664123	55.9000
SRR23343473	Apis laboriosa	China: Yunnan, Honghe	AD_Malaysia	664124	664223	58.7200
SRR23343473	Apis laboriosa	China: Yunnan, Honghe	AD_Malaysia	664224	664261	48.7895
SRR23343474	Apis dorsata	China: Guangxi, Nanning	AD_Malaysia	656224	656323	26.2700
SRR23343474	Apis dorsata	China: Guangxi, Nanning	AD_Malaysia	656324	656423	29.0500
SRR23343474	Apis dorsata	China: Guangxi, Nanning	AD_Malaysia	656424	656523	28.8500
SRR23343474	Apis dorsata	China: Guangxi, Nanning	AD_Malaysia	656524	656623	31.9900
SRR23343474	Apis dorsata	China: Guangxi, Nanning	AD_Malaysia	656624	656723	31.9400
SRR23343474	Apis dorsata	China: Guangxi, Nanning	AD_Malaysia	656724	656823	29.5100
SRR23343474	Apis dorsata	China: Guangxi, Nanning	AD_Malaysia	656824	656923	29.9900
SRR23343474	Apis dorsata	China: Guangxi, Nanning	AD_Malaysia	656924	657023	25.7500
SRR23343474	Apis dorsata	China: Guangxi, Nanning	AD_Malaysia	657024	657123	26.1400
SRR23343474	Apis dorsata	China: Guangxi, Nanning	AD_Malaysia	657124	657223	26.7900
SRR23343474	Apis dorsata	China: Guangxi, Nanning	AD_Malaysia	657224	657323	29.3600
SRR23343474	Apis dorsata	China: Guangxi, Nanning	AD_Malaysia	657324	657423	30.5800
SRR23343474	Apis dorsata	China: Guangxi, Nanning	AD_Malaysia	657424	657523	34.6600
SRR23343474	Apis dorsata	China: Guangxi, Nanning	AD_Malaysia	657524	657623	31.1100
SRR23343474	Apis dorsata	China: Guangxi, Nanning	AD_Malaysia	657624	657723	27.3500
SRR23343474	Apis dorsata	China: Guangxi, Nanning	AD_Malaysia	657724	657823	26.7500
SRR23343474	Apis dorsata	China: Guangxi, Nanning	AD_Malaysia	657824	657923	26.4200
SRR23343474	Apis dorsata	China: Guangxi, Nanning	AD_Malaysia	657924	658023	39.3600
SRR23343474	Apis dorsata	China: Guangxi, Nanning	AD_Malaysia	658024	658123	33.9100
SRR23343474	Apis dorsata	China: Guangxi, Nanning	AD_Malaysia	658124	658223	30.6100
SRR23343474	Apis dorsata	China: Guangxi, Nanning	AD_Malaysia	658224	658323	33.5800
SRR23343474	Apis dorsata	China: Guangxi, Nanning	AD_Malaysia	658324	658423	30.8800
SRR23343474	Apis dorsata	China: Guangxi, Nanning	AD_Malaysia	658424	658523	31.0300
SRR23343474	Apis dorsata	China: Guangxi, Nanning	AD_Malaysia	658524	658623	28.3500
SRR23343474	Apis dorsata	China: Guangxi, Nanning	AD_Malaysia	658624	658723	26.9800
SRR23343474	Apis dorsata	China: Guangxi, Nanning	AD_Malaysia	658724	658823	28.1200
SRR23343474	Apis dorsata	China: Guangxi, Nanning	AD_Malaysia	658824	658923	31.4900
SRR23343474	Apis dorsata	China: Guangxi, Nanning	AD_Malaysia	658924	659023	29.9300
SRR23343474	Apis dorsata	China: Guangxi, Nanning	AD_Malaysia	659024	659123	32.2900
SRR23343474	Apis dorsata	China: Guangxi, Nanning	AD_Malaysia	659124	659223	31.8200
SRR23343474	Apis dorsata	China: Guangxi, Nanning	AD_Malaysia	659224	659323	31.1000
SRR23343474	Apis dorsata	China: Guangxi, Nanning	AD_Malaysia	659324	659423	30.0700
SRR23343474	Apis dorsata	China: Guangxi, Nanning	AD_Malaysia	659424	659523	28.7000
SRR23343474	Apis dorsata	China: Guangxi, Nanning	AD_Malaysia	659524	659623	25.0800
SRR23343474	Apis dorsata	China: Guangxi, Nanning	AD_Malaysia	659624	659723	30.1300
SRR23343474	Apis dorsata	China: Guangxi, Nanning	AD_Malaysia	659724	659823	26.6100
SRR23343474	Apis dorsata	China: Guangxi, Nanning	AD_Malaysia	659824	659923	23.9100
SRR23343474	Apis dorsata	China: Guangxi, Nanning	AD_Malaysia	659924	660023	17.2700
SRR23343474	Apis dorsata	China: Guangxi, Nanning	AD_Malaysia	660024	660123	14.1100
SRR23343474	Apis dorsata	China: Guangxi, Nanning	AD_Malaysia	660124	660223	16.2200
SRR23343474	Apis dorsata	China: Guangxi, Nanning	AD_Malaysia	660224	660323	20.6500
SRR23343474	Apis dorsata	China: Guangxi, Nanning	AD_Malaysia	660324	660423	25.0500
SRR23343474	Apis dorsata	China: Guangxi, Nanning	AD_Malaysia	660424	660523	26.1500
SRR23343474	Apis dorsata	China: Guangxi, Nanning	AD_Malaysia	660524	660623	30.1400
SRR23343474	Apis dorsata	China: Guangxi, Nanning	AD_Malaysia	660624	660723	29.2500
SRR23343474	Apis dorsata	China: Guangxi, Nanning	AD_Malaysia	660724	660823	27.9500
SRR23343474	Apis dorsata	China: Guangxi, Nanning	AD_Malaysia	660824	660923	30.4900
SRR23343474	Apis dorsata	China: Guangxi, Nanning	AD_Malaysia	660924	661023	27.4300
SRR23343474	Apis dorsata	China: Guangxi, Nanning	AD_Malaysia	661024	661123	33.2800
SRR23343474	Apis dorsata	China: Guangxi, Nanning	AD_Malaysia	661124	661223	31.0300
SRR23343474	Apis dorsata	China: Guangxi, Nanning	AD_Malaysia	661224	661323	30.1800
SRR23343474	Apis dorsata	China: Guangxi, Nanning	AD_Malaysia	661324	661423	27.1100
SRR23343474	Apis dorsata	China: Guangxi, Nanning	AD_Malaysia	661424	661523	23.1100
SRR23343474	Apis dorsata	China: Guangxi, Nanning	AD_Malaysia	661524	661623	20.8600
SRR23343474	Apis dorsata	China: Guangxi, Nanning	AD_Malaysia	661624	661723	18.5900
SRR23343474	Apis dorsata	China: Guangxi, Nanning	AD_Malaysia	661724	661823	21.3100
SRR23343474	Apis dorsata	China: Guangxi, Nanning	AD_Malaysia	661824	661923	29.2400
SRR23343474	Apis dorsata	China: Guangxi, Nanning	AD_Malaysia	661924	662023	26.5500
SRR23343474	Apis dorsata	China: Guangxi, Nanning	AD_Malaysia	662024	662123	20.8900
SRR23343474	Apis dorsata	China: Guangxi, Nanning	AD_Malaysia	662124	662223	24.3200
SRR23343474	Apis dorsata	China: Guangxi, Nanning	AD_Malaysia	662224	662323	21.0800
SRR23343474	Apis dorsata	China: Guangxi, Nanning	AD_Malaysia	662324	662423	24.6400
SRR23343474	Apis dorsata	China: Guangxi, Nanning	AD_Malaysia	662424	662523	29.2900
SRR23343474	Apis dorsata	China: Guangxi, Nanning	AD_Malaysia	662524	662623	30.9800
SRR23343474	Apis dorsata	China: Guangxi, Nanning	AD_Malaysia	662624	662723	25.7000
SRR23343474	Apis dorsata	China: Guangxi, Nanning	AD_Malaysia	662724	662823	17.5900
SRR23343474	Apis dorsata	China: Guangxi, Nanning	AD_Malaysia	662824	662923	18.0200
SRR23343474	Apis dorsata	China: Guangxi, Nanning	AD_Malaysia	662924	663023	21.2200
SRR23343474	Apis dorsata	China: Guangxi, Nanning	AD_Malaysia	663024	663123	26.1000
SRR23343474	Apis dorsata	China: Guangxi, Nanning	AD_Malaysia	663124	663223	26.3600
SRR23343474	Apis dorsata	China: Guangxi, Nanning	AD_Malaysia	663224	663323	18.8000
SRR23343474	Apis dorsata	China: Guangxi, Nanning	AD_Malaysia	663324	663423	13.0800
SRR23343474	Apis dorsata	China: Guangxi, Nanning	AD_Malaysia	663424	663523	16.5200
SRR23343474	Apis dorsata	China: Guangxi, Nanning	AD_Malaysia	663524	663623	16.8900
SRR23343474	Apis dorsata	China: Guangxi, Nanning	AD_Malaysia	663624	663723	20.3000
SRR23343474	Apis dorsata	China: Guangxi, Nanning	AD_Malaysia	663724	663823	23.2200
SRR23343474	Apis dorsata	China: Guangxi, Nanning	AD_Malaysia	663824	663923	28.0000
SRR23343474	Apis dorsata	China: Guangxi, Nanning	AD_Malaysia	663924	664023	17.4800
SRR23343474	Apis dorsata	China: Guangxi, Nanning	AD_Malaysia	664024	664123	21.0900
SRR23343474	Apis dorsata	China: Guangxi, Nanning	AD_Malaysia	664124	664223	31.2600
SRR23343474	Apis dorsata	China: Guangxi, Nanning	AD_Malaysia	664224	664261	28.8158
SRR23343475	Apis dorsata	China: Guangxi, Nanning	AD_Malaysia	656224	656323	44.1600
SRR23343475	Apis dorsata	China: Guangxi, Nanning	AD_Malaysia	656324	656423	39.7200
SRR23343475	Apis dorsata	China: Guangxi, Nanning	AD_Malaysia	656424	656523	38.8700
SRR23343475	Apis dorsata	China: Guangxi, Nanning	AD_Malaysia	656524	656623	35.9000
SRR23343475	Apis dorsata	China: Guangxi, Nanning	AD_Malaysia	656624	656723	34.7800
SRR23343475	Apis dorsata	China: Guangxi, Nanning	AD_Malaysia	656724	656823	33.7100
SRR23343475	Apis dorsata	China: Guangxi, Nanning	AD_Malaysia	656824	656923	34.5300
SRR23343475	Apis dorsata	China: Guangxi, Nanning	AD_Malaysia	656924	657023	35.7900
SRR23343475	Apis dorsata	China: Guangxi, Nanning	AD_Malaysia	657024	657123	34.3600
SRR23343475	Apis dorsata	China: Guangxi, Nanning	AD_Malaysia	657124	657223	42.5700
SRR23343475	Apis dorsata	China: Guangxi, Nanning	AD_Malaysia	657224	657323	33.7400
SRR23343475	Apis dorsata	China: Guangxi, Nanning	AD_Malaysia	657324	657423	31.1400
SRR23343475	Apis dorsata	China: Guangxi, Nanning	AD_Malaysia	657424	657523	27.5600
SRR23343475	Apis dorsata	China: Guangxi, Nanning	AD_Malaysia	657524	657623	29.3200
SRR23343475	Apis dorsata	China: Guangxi, Nanning	AD_Malaysia	657624	657723	29.2500
SRR23343475	Apis dorsata	China: Guangxi, Nanning	AD_Malaysia	657724	657823	30.1700
SRR23343475	Apis dorsata	China: Guangxi, Nanning	AD_Malaysia	657824	657923	30.0900
SRR23343475	Apis dorsata	China: Guangxi, Nanning	AD_Malaysia	657924	658023	32.4600
SRR23343475	Apis dorsata	China: Guangxi, Nanning	AD_Malaysia	658024	658123	29.4400
SRR23343475	Apis dorsata	China: Guangxi, Nanning	AD_Malaysia	658124	658223	28.1400
SRR23343475	Apis dorsata	China: Guangxi, Nanning	AD_Malaysia	658224	658323	34.9300
SRR23343475	Apis dorsata	China: Guangxi, Nanning	AD_Malaysia	658324	658423	33.3900
SRR23343475	Apis dorsata	China: Guangxi, Nanning	AD_Malaysia	658424	658523	38.3000
SRR23343475	Apis dorsata	China: Guangxi, Nanning	AD_Malaysia	658524	658623	36.9300
SRR23343475	Apis dorsata	China: Guangxi, Nanning	AD_Malaysia	658624	658723	35.3500
SRR23343475	Apis dorsata	China: Guangxi, Nanning	AD_Malaysia	658724	658823	39.9500
SRR23343475	Apis dorsata	China: Guangxi, Nanning	AD_Malaysia	658824	658923	46.2000
SRR23343475	Apis dorsata	China: Guangxi, Nanning	AD_Malaysia	658924	659023	49.2100
SRR23343475	Apis dorsata	China: Guangxi, Nanning	AD_Malaysia	659024	659123	44.2200
SRR23343475	Apis dorsata	China: Guangxi, Nanning	AD_Malaysia	659124	659223	34.5400
SRR23343475	Apis dorsata	China: Guangxi, Nanning	AD_Malaysia	659224	659323	32.5600
SRR23343475	Apis dorsata	China: Guangxi, Nanning	AD_Malaysia	659324	659423	25.9400
SRR23343475	Apis dorsata	China: Guangxi, Nanning	AD_Malaysia	659424	659523	18.8700
SRR23343475	Apis dorsata	China: Guangxi, Nanning	AD_Malaysia	659524	659623	34.8800
SRR23343475	Apis dorsata	China: Guangxi, Nanning	AD_Malaysia	659624	659723	36.0800
SRR23343475	Apis dorsata	China: Guangxi, Nanning	AD_Malaysia	659724	659823	34.8800
SRR23343475	Apis dorsata	China: Guangxi, Nanning	AD_Malaysia	659824	659923	34.8200
SRR23343475	Apis dorsata	China: Guangxi, Nanning	AD_Malaysia	659924	660023	22.0600
SRR23343475	Apis dorsata	China: Guangxi, Nanning	AD_Malaysia	660024	660123	15.5600
SRR23343475	Apis dorsata	China: Guangxi, Nanning	AD_Malaysia	660124	660223	19.0200
SRR23343475	Apis dorsata	China: Guangxi, Nanning	AD_Malaysia	660224	660323	24.6200
SRR23343475	Apis dorsata	China: Guangxi, Nanning	AD_Malaysia	660324	660423	32.0400
SRR23343475	Apis dorsata	China: Guangxi, Nanning	AD_Malaysia	660424	660523	32.8700
SRR23343475	Apis dorsata	China: Guangxi, Nanning	AD_Malaysia	660524	660623	38.9200
SRR23343475	Apis dorsata	China: Guangxi, Nanning	AD_Malaysia	660624	660723	38.5600
SRR23343475	Apis dorsata	China: Guangxi, Nanning	AD_Malaysia	660724	660823	35.7100
SRR23343475	Apis dorsata	China: Guangxi, Nanning	AD_Malaysia	660824	660923	36.3700
SRR23343475	Apis dorsata	China: Guangxi, Nanning	AD_Malaysia	660924	661023	36.7500
SRR23343475	Apis dorsata	China: Guangxi, Nanning	AD_Malaysia	661024	661123	34.5600
SRR23343475	Apis dorsata	China: Guangxi, Nanning	AD_Malaysia	661124	661223	33.2300
SRR23343475	Apis dorsata	China: Guangxi, Nanning	AD_Malaysia	661224	661323	36.0700
SRR23343475	Apis dorsata	China: Guangxi, Nanning	AD_Malaysia	661324	661423	34.0500
SRR23343475	Apis dorsata	China: Guangxi, Nanning	AD_Malaysia	661424	661523	43.6200
SRR23343475	Apis dorsata	China: Guangxi, Nanning	AD_Malaysia	661524	661623	42.9500
SRR23343475	Apis dorsata	China: Guangxi, Nanning	AD_Malaysia	661624	661723	43.4200
SRR23343475	Apis dorsata	China: Guangxi, Nanning	AD_Malaysia	661724	661823	36.9500
SRR23343475	Apis dorsata	China: Guangxi, Nanning	AD_Malaysia	661824	661923	38.2400
SRR23343475	Apis dorsata	China: Guangxi, Nanning	AD_Malaysia	661924	662023	37.6800
SRR23343475	Apis dorsata	China: Guangxi, Nanning	AD_Malaysia	662024	662123	31.2000
SRR23343475	Apis dorsata	China: Guangxi, Nanning	AD_Malaysia	662124	662223	42.4000
SRR23343475	Apis dorsata	China: Guangxi, Nanning	AD_Malaysia	662224	662323	40.7700
SRR23343475	Apis dorsata	China: Guangxi, Nanning	AD_Malaysia	662324	662423	38.5200
SRR23343475	Apis dorsata	China: Guangxi, Nanning	AD_Malaysia	662424	662523	39.8800
SRR23343475	Apis dorsata	China: Guangxi, Nanning	AD_Malaysia	662524	662623	35.3300
SRR23343475	Apis dorsata	China: Guangxi, Nanning	AD_Malaysia	662624	662723	31.8000
SRR23343475	Apis dorsata	China: Guangxi, Nanning	AD_Malaysia	662724	662823	24.2400
SRR23343475	Apis dorsata	China: Guangxi, Nanning	AD_Malaysia	662824	662923	21.4400
SRR23343475	Apis dorsata	China: Guangxi, Nanning	AD_Malaysia	662924	663023	24.4600
SRR23343475	Apis dorsata	China: Guangxi, Nanning	AD_Malaysia	663024	663123	30.0600
SRR23343475	Apis dorsata	China: Guangxi, Nanning	AD_Malaysia	663124	663223	30.7900
SRR23343475	Apis dorsata	China: Guangxi, Nanning	AD_Malaysia	663224	663323	23.2500
SRR23343475	Apis dorsata	China: Guangxi, Nanning	AD_Malaysia	663324	663423	19.7000
SRR23343475	Apis dorsata	China: Guangxi, Nanning	AD_Malaysia	663424	663523	12.5600
SRR23343475	Apis dorsata	China: Guangxi, Nanning	AD_Malaysia	663524	663623	11.5700
SRR23343475	Apis dorsata	China: Guangxi, Nanning	AD_Malaysia	663624	663723	13.6600
SRR23343475	Apis dorsata	China: Guangxi, Nanning	AD_Malaysia	663724	663823	23.3500
SRR23343475	Apis dorsata	China: Guangxi, Nanning	AD_Malaysia	663824	663923	26.9700
SRR23343475	Apis dorsata	China: Guangxi, Nanning	AD_Malaysia	663924	664023	26.7100
SRR23343475	Apis dorsata	China: Guangxi, Nanning	AD_Malaysia	664024	664123	33.9600
SRR23343475	Apis dorsata	China: Guangxi, Nanning	AD_Malaysia	664124	664223	33.2900
SRR23343475	Apis dorsata	China: Guangxi, Nanning	AD_Malaysia	664224	664261	38.7105
SRR23343476	Apis dorsata	China: Guangxi, Chongzuo	AD_Malaysia	656224	656323	21.5600
SRR23343476	Apis dorsata	China: Guangxi, Chongzuo	AD_Malaysia	656324	656423	26.9500
SRR23343476	Apis dorsata	China: Guangxi, Chongzuo	AD_Malaysia	656424	656523	27.8500
SRR23343476	Apis dorsata	China: Guangxi, Chongzuo	AD_Malaysia	656524	656623	30.7900
SRR23343476	Apis dorsata	China: Guangxi, Chongzuo	AD_Malaysia	656624	656723	32.5100
SRR23343476	Apis dorsata	China: Guangxi, Chongzuo	AD_Malaysia	656724	656823	31.7600
SRR23343476	Apis dorsata	China: Guangxi, Chongzuo	AD_Malaysia	656824	656923	29.1400
SRR23343476	Apis dorsata	China: Guangxi, Chongzuo	AD_Malaysia	656924	657023	28.1500
SRR23343476	Apis dorsata	China: Guangxi, Chongzuo	AD_Malaysia	657024	657123	31.1900
SRR23343476	Apis dorsata	China: Guangxi, Chongzuo	AD_Malaysia	657124	657223	22.9100
SRR23343476	Apis dorsata	China: Guangxi, Chongzuo	AD_Malaysia	657224	657323	23.1500
SRR23343476	Apis dorsata	China: Guangxi, Chongzuo	AD_Malaysia	657324	657423	26.0700
SRR23343476	Apis dorsata	China: Guangxi, Chongzuo	AD_Malaysia	657424	657523	24.9300
SRR23343476	Apis dorsata	China: Guangxi, Chongzuo	AD_Malaysia	657524	657623	27.3000
SRR23343476	Apis dorsata	China: Guangxi, Chongzuo	AD_Malaysia	657624	657723	26.6000
SRR23343476	Apis dorsata	China: Guangxi, Chongzuo	AD_Malaysia	657724	657823	33.7900
SRR23343476	Apis dorsata	China: Guangxi, Chongzuo	AD_Malaysia	657824	657923	27.6600
SRR23343476	Apis dorsata	China: Guangxi, Chongzuo	AD_Malaysia	657924	658023	28.1600
SRR23343476	Apis dorsata	China: Guangxi, Chongzuo	AD_Malaysia	658024	658123	27.0200
SRR23343476	Apis dorsata	China: Guangxi, Chongzuo	AD_Malaysia	658124	658223	26.5800
SRR23343476	Apis dorsata	China: Guangxi, Chongzuo	AD_Malaysia	658224	658323	23.6200
SRR23343476	Apis dorsata	China: Guangxi, Chongzuo	AD_Malaysia	658324	658423	19.1200
SRR23343476	Apis dorsata	China: Guangxi, Chongzuo	AD_Malaysia	658424	658523	24.6100
SRR23343476	Apis dorsata	China: Guangxi, Chongzuo	AD_Malaysia	658524	658623	27.0600
SRR23343476	Apis dorsata	China: Guangxi, Chongzuo	AD_Malaysia	658624	658723	30.2200
SRR23343476	Apis dorsata	China: Guangxi, Chongzuo	AD_Malaysia	658724	658823	28.9700
SRR23343476	Apis dorsata	China: Guangxi, Chongzuo	AD_Malaysia	658824	658923	27.2800
SRR23343476	Apis dorsata	China: Guangxi, Chongzuo	AD_Malaysia	658924	659023	27.5000
SRR23343476	Apis dorsata	China: Guangxi, Chongzuo	AD_Malaysia	659024	659123	23.0600
SRR23343476	Apis dorsata	China: Guangxi, Chongzuo	AD_Malaysia	659124	659223	23.9900
SRR23343476	Apis dorsata	China: Guangxi, Chongzuo	AD_Malaysia	659224	659323	25.8600
SRR23343476	Apis dorsata	China: Guangxi, Chongzuo	AD_Malaysia	659324	659423	26.2700
SRR23343476	Apis dorsata	China: Guangxi, Chongzuo	AD_Malaysia	659424	659523	19.1500
SRR23343476	Apis dorsata	China: Guangxi, Chongzuo	AD_Malaysia	659524	659623	17.8700
SRR23343476	Apis dorsata	China: Guangxi, Chongzuo	AD_Malaysia	659624	659723	21.8900
SRR23343476	Apis dorsata	China: Guangxi, Chongzuo	AD_Malaysia	659724	659823	25.5200
SRR23343476	Apis dorsata	China: Guangxi, Chongzuo	AD_Malaysia	659824	659923	26.4700
SRR23343476	Apis dorsata	China: Guangxi, Chongzuo	AD_Malaysia	659924	660023	20.5700
SRR23343476	Apis dorsata	China: Guangxi, Chongzuo	AD_Malaysia	660024	660123	12.1000
SRR23343476	Apis dorsata	China: Guangxi, Chongzuo	AD_Malaysia	660124	660223	17.2300
SRR23343476	Apis dorsata	China: Guangxi, Chongzuo	AD_Malaysia	660224	660323	22.1300
SRR23343476	Apis dorsata	China: Guangxi, Chongzuo	AD_Malaysia	660324	660423	20.4100
SRR23343476	Apis dorsata	China: Guangxi, Chongzuo	AD_Malaysia	660424	660523	23.6400
SRR23343476	Apis dorsata	China: Guangxi, Chongzuo	AD_Malaysia	660524	660623	23.9100
SRR23343476	Apis dorsata	China: Guangxi, Chongzuo	AD_Malaysia	660624	660723	29.8500
SRR23343476	Apis dorsata	China: Guangxi, Chongzuo	AD_Malaysia	660724	660823	26.5900
SRR23343476	Apis dorsata	China: Guangxi, Chongzuo	AD_Malaysia	660824	660923	31.3100
SRR23343476	Apis dorsata	China: Guangxi, Chongzuo	AD_Malaysia	660924	661023	29.3300
SRR23343476	Apis dorsata	China: Guangxi, Chongzuo	AD_Malaysia	661024	661123	19.1500
SRR23343476	Apis dorsata	China: Guangxi, Chongzuo	AD_Malaysia	661124	661223	18.1700
SRR23343476	Apis dorsata	China: Guangxi, Chongzuo	AD_Malaysia	661224	661323	24.6300
SRR23343476	Apis dorsata	China: Guangxi, Chongzuo	AD_Malaysia	661324	661423	23.3700
SRR23343476	Apis dorsata	China: Guangxi, Chongzuo	AD_Malaysia	661424	661523	20.7500
SRR23343476	Apis dorsata	China: Guangxi, Chongzuo	AD_Malaysia	661524	661623	18.3200
SRR23343476	Apis dorsata	China: Guangxi, Chongzuo	AD_Malaysia	661624	661723	12.7700
SRR23343476	Apis dorsata	China: Guangxi, Chongzuo	AD_Malaysia	661724	661823	16.9500
SRR23343476	Apis dorsata	China: Guangxi, Chongzuo	AD_Malaysia	661824	661923	16.8700
SRR23343476	Apis dorsata	China: Guangxi, Chongzuo	AD_Malaysia	661924	662023	13.9300
SRR23343476	Apis dorsata	China: Guangxi, Chongzuo	AD_Malaysia	662024	662123	18.4800
SRR23343476	Apis dorsata	China: Guangxi, Chongzuo	AD_Malaysia	662124	662223	15.3900
SRR23343476	Apis dorsata	China: Guangxi, Chongzuo	AD_Malaysia	662224	662323	18.8100
SRR23343476	Apis dorsata	China: Guangxi, Chongzuo	AD_Malaysia	662324	662423	26.7600
SRR23343476	Apis dorsata	China: Guangxi, Chongzuo	AD_Malaysia	662424	662523	24.8300
SRR23343476	Apis dorsata	China: Guangxi, Chongzuo	AD_Malaysia	662524	662623	23.5900
SRR23343476	Apis dorsata	China: Guangxi, Chongzuo	AD_Malaysia	662624	662723	20.0500
SRR23343476	Apis dorsata	China: Guangxi, Chongzuo	AD_Malaysia	662724	662823	17.1700
SRR23343476	Apis dorsata	China: Guangxi, Chongzuo	AD_Malaysia	662824	662923	18.9700
SRR23343476	Apis dorsata	China: Guangxi, Chongzuo	AD_Malaysia	662924	663023	23.8800
SRR23343476	Apis dorsata	China: Guangxi, Chongzuo	AD_Malaysia	663024	663123	24.8100
SRR23343476	Apis dorsata	China: Guangxi, Chongzuo	AD_Malaysia	663124	663223	26.3600
SRR23343476	Apis dorsata	China: Guangxi, Chongzuo	AD_Malaysia	663224	663323	20.3600
SRR23343476	Apis dorsata	China: Guangxi, Chongzuo	AD_Malaysia	663324	663423	13.6100
SRR23343476	Apis dorsata	China: Guangxi, Chongzuo	AD_Malaysia	663424	663523	11.1900
SRR23343476	Apis dorsata	China: Guangxi, Chongzuo	AD_Malaysia	663524	663623	18.7500
SRR23343476	Apis dorsata	China: Guangxi, Chongzuo	AD_Malaysia	663624	663723	19.2300
SRR23343476	Apis dorsata	China: Guangxi, Chongzuo	AD_Malaysia	663724	663823	24.5500
SRR23343476	Apis dorsata	China: Guangxi, Chongzuo	AD_Malaysia	663824	663923	25.7700
SRR23343476	Apis dorsata	China: Guangxi, Chongzuo	AD_Malaysia	663924	664023	24.7100
SRR23343476	Apis dorsata	China: Guangxi, Chongzuo	AD_Malaysia	664024	664123	24.3000
SRR23343476	Apis dorsata	China: Guangxi, Chongzuo	AD_Malaysia	664124	664223	21.9900
SRR23343476	Apis dorsata	China: Guangxi, Chongzuo	AD_Malaysia	664224	664261	22.5000
SRR23343477	Apis dorsata	China: Guangxi, Chongzuo	AD_Malaysia	656224	656323	33.0400
SRR23343477	Apis dorsata	China: Guangxi, Chongzuo	AD_Malaysia	656324	656423	33.1100
SRR23343477	Apis dorsata	China: Guangxi, Chongzuo	AD_Malaysia	656424	656523	33.6800
SRR23343477	Apis dorsata	China: Guangxi, Chongzuo	AD_Malaysia	656524	656623	34.5700
SRR23343477	Apis dorsata	China: Guangxi, Chongzuo	AD_Malaysia	656624	656723	35.7100
SRR23343477	Apis dorsata	China: Guangxi, Chongzuo	AD_Malaysia	656724	656823	27.1800
SRR23343477	Apis dorsata	China: Guangxi, Chongzuo	AD_Malaysia	656824	656923	31.5500
SRR23343477	Apis dorsata	China: Guangxi, Chongzuo	AD_Malaysia	656924	657023	28.3500
SRR23343477	Apis dorsata	China: Guangxi, Chongzuo	AD_Malaysia	657024	657123	34.2000
SRR23343477	Apis dorsata	China: Guangxi, Chongzuo	AD_Malaysia	657124	657223	37.2300
SRR23343477	Apis dorsata	China: Guangxi, Chongzuo	AD_Malaysia	657224	657323	42.9000
SRR23343477	Apis dorsata	China: Guangxi, Chongzuo	AD_Malaysia	657324	657423	33.7000
SRR23343477	Apis dorsata	China: Guangxi, Chongzuo	AD_Malaysia	657424	657523	31.8900
SRR23343477	Apis dorsata	China: Guangxi, Chongzuo	AD_Malaysia	657524	657623	29.9800
SRR23343477	Apis dorsata	China: Guangxi, Chongzuo	AD_Malaysia	657624	657723	34.5800
SRR23343477	Apis dorsata	China: Guangxi, Chongzuo	AD_Malaysia	657724	657823	32.7400
SRR23343477	Apis dorsata	China: Guangxi, Chongzuo	AD_Malaysia	657824	657923	35.8500
SRR23343477	Apis dorsata	China: Guangxi, Chongzuo	AD_Malaysia	657924	658023	42.2400
SRR23343477	Apis dorsata	China: Guangxi, Chongzuo	AD_Malaysia	658024	658123	36.3600
SRR23343477	Apis dorsata	China: Guangxi, Chongzuo	AD_Malaysia	658124	658223	34.2800
SRR23343477	Apis dorsata	China: Guangxi, Chongzuo	AD_Malaysia	658224	658323	27.9300
SRR23343477	Apis dorsata	China: Guangxi, Chongzuo	AD_Malaysia	658324	658423	34.1500
SRR23343477	Apis dorsata	China: Guangxi, Chongzuo	AD_Malaysia	658424	658523	42.9300
SRR23343477	Apis dorsata	China: Guangxi, Chongzuo	AD_Malaysia	658524	658623	43.3400
SRR23343477	Apis dorsata	China: Guangxi, Chongzuo	AD_Malaysia	658624	658723	35.3800
SRR23343477	Apis dorsata	China: Guangxi, Chongzuo	AD_Malaysia	658724	658823	35.5900
SRR23343477	Apis dorsata	China: Guangxi, Chongzuo	AD_Malaysia	658824	658923	37.3100
SRR23343477	Apis dorsata	China: Guangxi, Chongzuo	AD_Malaysia	658924	659023	39.4900
SRR23343477	Apis dorsata	China: Guangxi, Chongzuo	AD_Malaysia	659024	659123	37.2400
SRR23343477	Apis dorsata	China: Guangxi, Chongzuo	AD_Malaysia	659124	659223	38.8100
SRR23343477	Apis dorsata	China: Guangxi, Chongzuo	AD_Malaysia	659224	659323	37.9400
SRR23343477	Apis dorsata	China: Guangxi, Chongzuo	AD_Malaysia	659324	659423	40.4600
SRR23343477	Apis dorsata	China: Guangxi, Chongzuo	AD_Malaysia	659424	659523	38.3300
SRR23343477	Apis dorsata	China: Guangxi, Chongzuo	AD_Malaysia	659524	659623	37.0500
SRR23343477	Apis dorsata	China: Guangxi, Chongzuo	AD_Malaysia	659624	659723	39.2900
SRR23343477	Apis dorsata	China: Guangxi, Chongzuo	AD_Malaysia	659724	659823	33.6200
SRR23343477	Apis dorsata	China: Guangxi, Chongzuo	AD_Malaysia	659824	659923	33.8000
SRR23343477	Apis dorsata	China: Guangxi, Chongzuo	AD_Malaysia	659924	660023	21.9900
SRR23343477	Apis dorsata	China: Guangxi, Chongzuo	AD_Malaysia	660024	660123	20.0200
SRR23343477	Apis dorsata	China: Guangxi, Chongzuo	AD_Malaysia	660124	660223	29.5200
SRR23343477	Apis dorsata	China: Guangxi, Chongzuo	AD_Malaysia	660224	660323	27.2600
SRR23343477	Apis dorsata	China: Guangxi, Chongzuo	AD_Malaysia	660324	660423	28.3700
SRR23343477	Apis dorsata	China: Guangxi, Chongzuo	AD_Malaysia	660424	660523	35.9300
SRR23343477	Apis dorsata	China: Guangxi, Chongzuo	AD_Malaysia	660524	660623	39.0600
SRR23343477	Apis dorsata	China: Guangxi, Chongzuo	AD_Malaysia	660624	660723	43.1100
SRR23343477	Apis dorsata	China: Guangxi, Chongzuo	AD_Malaysia	660724	660823	38.1300
SRR23343477	Apis dorsata	China: Guangxi, Chongzuo	AD_Malaysia	660824	660923	29.6400
SRR23343477	Apis dorsata	China: Guangxi, Chongzuo	AD_Malaysia	660924	661023	24.8200
SRR23343477	Apis dorsata	China: Guangxi, Chongzuo	AD_Malaysia	661024	661123	26.1000
SRR23343477	Apis dorsata	China: Guangxi, Chongzuo	AD_Malaysia	661124	661223	26.3200
SRR23343477	Apis dorsata	China: Guangxi, Chongzuo	AD_Malaysia	661224	661323	24.6100
SRR23343477	Apis dorsata	China: Guangxi, Chongzuo	AD_Malaysia	661324	661423	24.5600
SRR23343477	Apis dorsata	China: Guangxi, Chongzuo	AD_Malaysia	661424	661523	34.4700
SRR23343477	Apis dorsata	China: Guangxi, Chongzuo	AD_Malaysia	661524	661623	28.3200
SRR23343477	Apis dorsata	China: Guangxi, Chongzuo	AD_Malaysia	661624	661723	26.1700
SRR23343477	Apis dorsata	China: Guangxi, Chongzuo	AD_Malaysia	661724	661823	26.8400
SRR23343477	Apis dorsata	China: Guangxi, Chongzuo	AD_Malaysia	661824	661923	32.1700
SRR23343477	Apis dorsata	China: Guangxi, Chongzuo	AD_Malaysia	661924	662023	21.6000
SRR23343477	Apis dorsata	China: Guangxi, Chongzuo	AD_Malaysia	662024	662123	20.6200
SRR23343477	Apis dorsata	China: Guangxi, Chongzuo	AD_Malaysia	662124	662223	26.4700
SRR23343477	Apis dorsata	China: Guangxi, Chongzuo	AD_Malaysia	662224	662323	23.4100
SRR23343477	Apis dorsata	China: Guangxi, Chongzuo	AD_Malaysia	662324	662423	24.8600
SRR23343477	Apis dorsata	China: Guangxi, Chongzuo	AD_Malaysia	662424	662523	25.6500
SRR23343477	Apis dorsata	China: Guangxi, Chongzuo	AD_Malaysia	662524	662623	23.3800
SRR23343477	Apis dorsata	China: Guangxi, Chongzuo	AD_Malaysia	662624	662723	27.3800
SRR23343477	Apis dorsata	China: Guangxi, Chongzuo	AD_Malaysia	662724	662823	32.4700
SRR23343477	Apis dorsata	China: Guangxi, Chongzuo	AD_Malaysia	662824	662923	29.5900
SRR23343477	Apis dorsata	China: Guangxi, Chongzuo	AD_Malaysia	662924	663023	32.6500
SRR23343477	Apis dorsata	China: Guangxi, Chongzuo	AD_Malaysia	663024	663123	37.6900
SRR23343477	Apis dorsata	China: Guangxi, Chongzuo	AD_Malaysia	663124	663223	34.3300
SRR23343477	Apis dorsata	China: Guangxi, Chongzuo	AD_Malaysia	663224	663323	28.9200
SRR23343477	Apis dorsata	China: Guangxi, Chongzuo	AD_Malaysia	663324	663423	23.1900
SRR23343477	Apis dorsata	China: Guangxi, Chongzuo	AD_Malaysia	663424	663523	20.9000
SRR23343477	Apis dorsata	China: Guangxi, Chongzuo	AD_Malaysia	663524	663623	19.0800
SRR23343477	Apis dorsata	China: Guangxi, Chongzuo	AD_Malaysia	663624	663723	25.5300
SRR23343477	Apis dorsata	China: Guangxi, Chongzuo	AD_Malaysia	663724	663823	27.7700
SRR23343477	Apis dorsata	China: Guangxi, Chongzuo	AD_Malaysia	663824	663923	34.2500
SRR23343477	Apis dorsata	China: Guangxi, Chongzuo	AD_Malaysia	663924	664023	36.5500
SRR23343477	Apis dorsata	China: Guangxi, Chongzuo	AD_Malaysia	664024	664123	35.7300
SRR23343477	Apis dorsata	China: Guangxi, Chongzuo	AD_Malaysia	664124	664223	33.1100
SRR23343477	Apis dorsata	China: Guangxi, Chongzuo	AD_Malaysia	664224	664261	33.0263
SRR23343478	Apis dorsata	China: Guangxi, Chongzuo	AD_Malaysia	656224	656323	35.3000
SRR23343478	Apis dorsata	China: Guangxi, Chongzuo	AD_Malaysia	656324	656423	34.4800
SRR23343478	Apis dorsata	China: Guangxi, Chongzuo	AD_Malaysia	656424	656523	38.1900
SRR23343478	Apis dorsata	China: Guangxi, Chongzuo	AD_Malaysia	656524	656623	35.2000
SRR23343478	Apis dorsata	China: Guangxi, Chongzuo	AD_Malaysia	656624	656723	27.4300
SRR23343478	Apis dorsata	China: Guangxi, Chongzuo	AD_Malaysia	656724	656823	30.1600
SRR23343478	Apis dorsata	China: Guangxi, Chongzuo	AD_Malaysia	656824	656923	29.7700
SRR23343478	Apis dorsata	China: Guangxi, Chongzuo	AD_Malaysia	656924	657023	27.6200
SRR23343478	Apis dorsata	China: Guangxi, Chongzuo	AD_Malaysia	657024	657123	21.5700
SRR23343478	Apis dorsata	China: Guangxi, Chongzuo	AD_Malaysia	657124	657223	26.6700
SRR23343478	Apis dorsata	China: Guangxi, Chongzuo	AD_Malaysia	657224	657323	33.8600
SRR23343478	Apis dorsata	China: Guangxi, Chongzuo	AD_Malaysia	657324	657423	33.1600
SRR23343478	Apis dorsata	China: Guangxi, Chongzuo	AD_Malaysia	657424	657523	37.0300
SRR23343478	Apis dorsata	China: Guangxi, Chongzuo	AD_Malaysia	657524	657623	35.5700
SRR23343478	Apis dorsata	China: Guangxi, Chongzuo	AD_Malaysia	657624	657723	35.0100
SRR23343478	Apis dorsata	China: Guangxi, Chongzuo	AD_Malaysia	657724	657823	36.7500
SRR23343478	Apis dorsata	China: Guangxi, Chongzuo	AD_Malaysia	657824	657923	31.7200
SRR23343478	Apis dorsata	China: Guangxi, Chongzuo	AD_Malaysia	657924	658023	31.7800
SRR23343478	Apis dorsata	China: Guangxi, Chongzuo	AD_Malaysia	658024	658123	28.3700
SRR23343478	Apis dorsata	China: Guangxi, Chongzuo	AD_Malaysia	658124	658223	26.6500
SRR23343478	Apis dorsata	China: Guangxi, Chongzuo	AD_Malaysia	658224	658323	29.5700
SRR23343478	Apis dorsata	China: Guangxi, Chongzuo	AD_Malaysia	658324	658423	32.0700
SRR23343478	Apis dorsata	China: Guangxi, Chongzuo	AD_Malaysia	658424	658523	33.7400
SRR23343478	Apis dorsata	China: Guangxi, Chongzuo	AD_Malaysia	658524	658623	32.9000
SRR23343478	Apis dorsata	China: Guangxi, Chongzuo	AD_Malaysia	658624	658723	39.4700
SRR23343478	Apis dorsata	China: Guangxi, Chongzuo	AD_Malaysia	658724	658823	37.5300
SRR23343478	Apis dorsata	China: Guangxi, Chongzuo	AD_Malaysia	658824	658923	35.6400
SRR23343478	Apis dorsata	China: Guangxi, Chongzuo	AD_Malaysia	658924	659023	39.7100
SRR23343478	Apis dorsata	China: Guangxi, Chongzuo	AD_Malaysia	659024	659123	31.9200
SRR23343478	Apis dorsata	China: Guangxi, Chongzuo	AD_Malaysia	659124	659223	38.6400
SRR23343478	Apis dorsata	China: Guangxi, Chongzuo	AD_Malaysia	659224	659323	39.6800
SRR23343478	Apis dorsata	China: Guangxi, Chongzuo	AD_Malaysia	659324	659423	33.2800
SRR23343478	Apis dorsata	China: Guangxi, Chongzuo	AD_Malaysia	659424	659523	29.5300
SRR23343478	Apis dorsata	China: Guangxi, Chongzuo	AD_Malaysia	659524	659623	35.1400
SRR23343478	Apis dorsata	China: Guangxi, Chongzuo	AD_Malaysia	659624	659723	31.2800
SRR23343478	Apis dorsata	China: Guangxi, Chongzuo	AD_Malaysia	659724	659823	24.2700
SRR23343478	Apis dorsata	China: Guangxi, Chongzuo	AD_Malaysia	659824	659923	23.4500
SRR23343478	Apis dorsata	China: Guangxi, Chongzuo	AD_Malaysia	659924	660023	22.2600
SRR23343478	Apis dorsata	China: Guangxi, Chongzuo	AD_Malaysia	660024	660123	14.5600
SRR23343478	Apis dorsata	China: Guangxi, Chongzuo	AD_Malaysia	660124	660223	17.5500
SRR23343478	Apis dorsata	China: Guangxi, Chongzuo	AD_Malaysia	660224	660323	20.7300
SRR23343478	Apis dorsata	China: Guangxi, Chongzuo	AD_Malaysia	660324	660423	27.2400
SRR23343478	Apis dorsata	China: Guangxi, Chongzuo	AD_Malaysia	660424	660523	31.9900
SRR23343478	Apis dorsata	China: Guangxi, Chongzuo	AD_Malaysia	660524	660623	27.4900
SRR23343478	Apis dorsata	China: Guangxi, Chongzuo	AD_Malaysia	660624	660723	33.8600
SRR23343478	Apis dorsata	China: Guangxi, Chongzuo	AD_Malaysia	660724	660823	36.4300
SRR23343478	Apis dorsata	China: Guangxi, Chongzuo	AD_Malaysia	660824	660923	33.4000
SRR23343478	Apis dorsata	China: Guangxi, Chongzuo	AD_Malaysia	660924	661023	34.4200
SRR23343478	Apis dorsata	China: Guangxi, Chongzuo	AD_Malaysia	661024	661123	25.0900
SRR23343478	Apis dorsata	China: Guangxi, Chongzuo	AD_Malaysia	661124	661223	25.2400
SRR23343478	Apis dorsata	China: Guangxi, Chongzuo	AD_Malaysia	661224	661323	30.5500
SRR23343478	Apis dorsata	China: Guangxi, Chongzuo	AD_Malaysia	661324	661423	31.6700
SRR23343478	Apis dorsata	China: Guangxi, Chongzuo	AD_Malaysia	661424	661523	31.9200
SRR23343478	Apis dorsata	China: Guangxi, Chongzuo	AD_Malaysia	661524	661623	30.2600
SRR23343478	Apis dorsata	China: Guangxi, Chongzuo	AD_Malaysia	661624	661723	30.6300
SRR23343478	Apis dorsata	China: Guangxi, Chongzuo	AD_Malaysia	661724	661823	24.7200
SRR23343478	Apis dorsata	China: Guangxi, Chongzuo	AD_Malaysia	661824	661923	31.4800
SRR23343478	Apis dorsata	China: Guangxi, Chongzuo	AD_Malaysia	661924	662023	29.9400
SRR23343478	Apis dorsata	China: Guangxi, Chongzuo	AD_Malaysia	662024	662123	23.7000
SRR23343478	Apis dorsata	China: Guangxi, Chongzuo	AD_Malaysia	662124	662223	24.3500
SRR23343478	Apis dorsata	China: Guangxi, Chongzuo	AD_Malaysia	662224	662323	21.6000
SRR23343478	Apis dorsata	China: Guangxi, Chongzuo	AD_Malaysia	662324	662423	24.1900
SRR23343478	Apis dorsata	China: Guangxi, Chongzuo	AD_Malaysia	662424	662523	21.4300
SRR23343478	Apis dorsata	China: Guangxi, Chongzuo	AD_Malaysia	662524	662623	18.6300
SRR23343478	Apis dorsata	China: Guangxi, Chongzuo	AD_Malaysia	662624	662723	23.2300
SRR23343478	Apis dorsata	China: Guangxi, Chongzuo	AD_Malaysia	662724	662823	19.9700
SRR23343478	Apis dorsata	China: Guangxi, Chongzuo	AD_Malaysia	662824	662923	26.1000
SRR23343478	Apis dorsata	China: Guangxi, Chongzuo	AD_Malaysia	662924	663023	29.5700
SRR23343478	Apis dorsata	China: Guangxi, Chongzuo	AD_Malaysia	663024	663123	22.6800
SRR23343478	Apis dorsata	China: Guangxi, Chongzuo	AD_Malaysia	663124	663223	29.1600
SRR23343478	Apis dorsata	China: Guangxi, Chongzuo	AD_Malaysia	663224	663323	30.1800
SRR23343478	Apis dorsata	China: Guangxi, Chongzuo	AD_Malaysia	663324	663423	30.9500
SRR23343478	Apis dorsata	China: Guangxi, Chongzuo	AD_Malaysia	663424	663523	26.8000
SRR23343478	Apis dorsata	China: Guangxi, Chongzuo	AD_Malaysia	663524	663623	21.2900
SRR23343478	Apis dorsata	China: Guangxi, Chongzuo	AD_Malaysia	663624	663723	19.9500
SRR23343478	Apis dorsata	China: Guangxi, Chongzuo	AD_Malaysia	663724	663823	21.0200
SRR23343478	Apis dorsata	China: Guangxi, Chongzuo	AD_Malaysia	663824	663923	19.9100
SRR23343478	Apis dorsata	China: Guangxi, Chongzuo	AD_Malaysia	663924	664023	24.4800
SRR23343478	Apis dorsata	China: Guangxi, Chongzuo	AD_Malaysia	664024	664123	25.3200
SRR23343478	Apis dorsata	China: Guangxi, Chongzuo	AD_Malaysia	664124	664223	23.5400
SRR23343478	Apis dorsata	China: Guangxi, Chongzuo	AD_Malaysia	664224	664261	25.2632
SRR23343479	Apis dorsata	China: Guangxi, Chongzuo	AD_Malaysia	656224	656323	28.5800
SRR23343479	Apis dorsata	China: Guangxi, Chongzuo	AD_Malaysia	656324	656423	34.7500
SRR23343479	Apis dorsata	China: Guangxi, Chongzuo	AD_Malaysia	656424	656523	33.1400
SRR23343479	Apis dorsata	China: Guangxi, Chongzuo	AD_Malaysia	656524	656623	35.8800
SRR23343479	Apis dorsata	China: Guangxi, Chongzuo	AD_Malaysia	656624	656723	37.4100
SRR23343479	Apis dorsata	China: Guangxi, Chongzuo	AD_Malaysia	656724	656823	37.8000
SRR23343479	Apis dorsata	China: Guangxi, Chongzuo	AD_Malaysia	656824	656923	36.4700
SRR23343479	Apis dorsata	China: Guangxi, Chongzuo	AD_Malaysia	656924	657023	31.3300
SRR23343479	Apis dorsata	China: Guangxi, Chongzuo	AD_Malaysia	657024	657123	26.9400
SRR23343479	Apis dorsata	China: Guangxi, Chongzuo	AD_Malaysia	657124	657223	20.9200
SRR23343479	Apis dorsata	China: Guangxi, Chongzuo	AD_Malaysia	657224	657323	22.9400
SRR23343479	Apis dorsata	China: Guangxi, Chongzuo	AD_Malaysia	657324	657423	26.0900
SRR23343479	Apis dorsata	China: Guangxi, Chongzuo	AD_Malaysia	657424	657523	30.8400
SRR23343479	Apis dorsata	China: Guangxi, Chongzuo	AD_Malaysia	657524	657623	29.4400
SRR23343479	Apis dorsata	China: Guangxi, Chongzuo	AD_Malaysia	657624	657723	29.5800
SRR23343479	Apis dorsata	China: Guangxi, Chongzuo	AD_Malaysia	657724	657823	31.7800
SRR23343479	Apis dorsata	China: Guangxi, Chongzuo	AD_Malaysia	657824	657923	28.1100
SRR23343479	Apis dorsata	China: Guangxi, Chongzuo	AD_Malaysia	657924	658023	23.9600
SRR23343479	Apis dorsata	China: Guangxi, Chongzuo	AD_Malaysia	658024	658123	27.8800
SRR23343479	Apis dorsata	China: Guangxi, Chongzuo	AD_Malaysia	658124	658223	28.1600
SRR23343479	Apis dorsata	China: Guangxi, Chongzuo	AD_Malaysia	658224	658323	29.1000
SRR23343479	Apis dorsata	China: Guangxi, Chongzuo	AD_Malaysia	658324	658423	21.5200
SRR23343479	Apis dorsata	China: Guangxi, Chongzuo	AD_Malaysia	658424	658523	31.1500
SRR23343479	Apis dorsata	China: Guangxi, Chongzuo	AD_Malaysia	658524	658623	32.6300
SRR23343479	Apis dorsata	China: Guangxi, Chongzuo	AD_Malaysia	658624	658723	30.8900
SRR23343479	Apis dorsata	China: Guangxi, Chongzuo	AD_Malaysia	658724	658823	29.5400
SRR23343479	Apis dorsata	China: Guangxi, Chongzuo	AD_Malaysia	658824	658923	32.7200
SRR23343479	Apis dorsata	China: Guangxi, Chongzuo	AD_Malaysia	658924	659023	42.2900
SRR23343479	Apis dorsata	China: Guangxi, Chongzuo	AD_Malaysia	659024	659123	32.3500
SRR23343479	Apis dorsata	China: Guangxi, Chongzuo	AD_Malaysia	659124	659223	22.9600
SRR23343479	Apis dorsata	China: Guangxi, Chongzuo	AD_Malaysia	659224	659323	28.0600
SRR23343479	Apis dorsata	China: Guangxi, Chongzuo	AD_Malaysia	659324	659423	28.2300
SRR23343479	Apis dorsata	China: Guangxi, Chongzuo	AD_Malaysia	659424	659523	26.8500
SRR23343479	Apis dorsata	China: Guangxi, Chongzuo	AD_Malaysia	659524	659623	30.5600
SRR23343479	Apis dorsata	China: Guangxi, Chongzuo	AD_Malaysia	659624	659723	31.2200
SRR23343479	Apis dorsata	China: Guangxi, Chongzuo	AD_Malaysia	659724	659823	26.4900
SRR23343479	Apis dorsata	China: Guangxi, Chongzuo	AD_Malaysia	659824	659923	32.9200
SRR23343479	Apis dorsata	China: Guangxi, Chongzuo	AD_Malaysia	659924	660023	35.4900
SRR23343479	Apis dorsata	China: Guangxi, Chongzuo	AD_Malaysia	660024	660123	23.9700
SRR23343479	Apis dorsata	China: Guangxi, Chongzuo	AD_Malaysia	660124	660223	33.8500
SRR23343479	Apis dorsata	China: Guangxi, Chongzuo	AD_Malaysia	660224	660323	33.0300
SRR23343479	Apis dorsata	China: Guangxi, Chongzuo	AD_Malaysia	660324	660423	28.6200
SRR23343479	Apis dorsata	China: Guangxi, Chongzuo	AD_Malaysia	660424	660523	31.8800
SRR23343479	Apis dorsata	China: Guangxi, Chongzuo	AD_Malaysia	660524	660623	30.8100
SRR23343479	Apis dorsata	China: Guangxi, Chongzuo	AD_Malaysia	660624	660723	32.1300
SRR23343479	Apis dorsata	China: Guangxi, Chongzuo	AD_Malaysia	660724	660823	28.3200
SRR23343479	Apis dorsata	China: Guangxi, Chongzuo	AD_Malaysia	660824	660923	29.8400
SRR23343479	Apis dorsata	China: Guangxi, Chongzuo	AD_Malaysia	660924	661023	33.2500
SRR23343479	Apis dorsata	China: Guangxi, Chongzuo	AD_Malaysia	661024	661123	31.6300
SRR23343479	Apis dorsata	China: Guangxi, Chongzuo	AD_Malaysia	661124	661223	33.2800
SRR23343479	Apis dorsata	China: Guangxi, Chongzuo	AD_Malaysia	661224	661323	29.1900
SRR23343479	Apis dorsata	China: Guangxi, Chongzuo	AD_Malaysia	661324	661423	34.6100
SRR23343479	Apis dorsata	China: Guangxi, Chongzuo	AD_Malaysia	661424	661523	42.4500
SRR23343479	Apis dorsata	China: Guangxi, Chongzuo	AD_Malaysia	661524	661623	35.7700
SRR23343479	Apis dorsata	China: Guangxi, Chongzuo	AD_Malaysia	661624	661723	32.3100
SRR23343479	Apis dorsata	China: Guangxi, Chongzuo	AD_Malaysia	661724	661823	28.7100
SRR23343479	Apis dorsata	China: Guangxi, Chongzuo	AD_Malaysia	661824	661923	23.2400
SRR23343479	Apis dorsata	China: Guangxi, Chongzuo	AD_Malaysia	661924	662023	22.3500
SRR23343479	Apis dorsata	China: Guangxi, Chongzuo	AD_Malaysia	662024	662123	23.9400
SRR23343479	Apis dorsata	China: Guangxi, Chongzuo	AD_Malaysia	662124	662223	27.8800
SRR23343479	Apis dorsata	China: Guangxi, Chongzuo	AD_Malaysia	662224	662323	24.3600
SRR23343479	Apis dorsata	China: Guangxi, Chongzuo	AD_Malaysia	662324	662423	23.0500
SRR23343479	Apis dorsata	China: Guangxi, Chongzuo	AD_Malaysia	662424	662523	31.2100
SRR23343479	Apis dorsata	China: Guangxi, Chongzuo	AD_Malaysia	662524	662623	33.3400
SRR23343479	Apis dorsata	China: Guangxi, Chongzuo	AD_Malaysia	662624	662723	28.9700
SRR23343479	Apis dorsata	China: Guangxi, Chongzuo	AD_Malaysia	662724	662823	25.6100
SRR23343479	Apis dorsata	China: Guangxi, Chongzuo	AD_Malaysia	662824	662923	22.5200
SRR23343479	Apis dorsata	China: Guangxi, Chongzuo	AD_Malaysia	662924	663023	23.9800
SRR23343479	Apis dorsata	China: Guangxi, Chongzuo	AD_Malaysia	663024	663123	22.7500
SRR23343479	Apis dorsata	China: Guangxi, Chongzuo	AD_Malaysia	663124	663223	25.7800
SRR23343479	Apis dorsata	China: Guangxi, Chongzuo	AD_Malaysia	663224	663323	21.9400
SRR23343479	Apis dorsata	China: Guangxi, Chongzuo	AD_Malaysia	663324	663423	14.8000
SRR23343479	Apis dorsata	China: Guangxi, Chongzuo	AD_Malaysia	663424	663523	14.1500
SRR23343479	Apis dorsata	China: Guangxi, Chongzuo	AD_Malaysia	663524	663623	18.5400
SRR23343479	Apis dorsata	China: Guangxi, Chongzuo	AD_Malaysia	663624	663723	24.6100
SRR23343479	Apis dorsata	China: Guangxi, Chongzuo	AD_Malaysia	663724	663823	27.3200
SRR23343479	Apis dorsata	China: Guangxi, Chongzuo	AD_Malaysia	663824	663923	26.3600
SRR23343479	Apis dorsata	China: Guangxi, Chongzuo	AD_Malaysia	663924	664023	21.7300
SRR23343479	Apis dorsata	China: Guangxi, Chongzuo	AD_Malaysia	664024	664123	21.3700
SRR23343479	Apis dorsata	China: Guangxi, Chongzuo	AD_Malaysia	664124	664223	28.6200
SRR23343479	Apis dorsata	China: Guangxi, Chongzuo	AD_Malaysia	664224	664261	32.3947
SRR23343480	Apis dorsata	China: Guangxi, Chongzuo	AD_Malaysia	656224	656323	20.5400
SRR23343480	Apis dorsata	China: Guangxi, Chongzuo	AD_Malaysia	656324	656423	19.4700
SRR23343480	Apis dorsata	China: Guangxi, Chongzuo	AD_Malaysia	656424	656523	19.5700
SRR23343480	Apis dorsata	China: Guangxi, Chongzuo	AD_Malaysia	656524	656623	21.1200
SRR23343480	Apis dorsata	China: Guangxi, Chongzuo	AD_Malaysia	656624	656723	19.9100
SRR23343480	Apis dorsata	China: Guangxi, Chongzuo	AD_Malaysia	656724	656823	18.9300
SRR23343480	Apis dorsata	China: Guangxi, Chongzuo	AD_Malaysia	656824	656923	24.7700
SRR23343480	Apis dorsata	China: Guangxi, Chongzuo	AD_Malaysia	656924	657023	22.1900
SRR23343480	Apis dorsata	China: Guangxi, Chongzuo	AD_Malaysia	657024	657123	23.7200
SRR23343480	Apis dorsata	China: Guangxi, Chongzuo	AD_Malaysia	657124	657223	32.3300
SRR23343480	Apis dorsata	China: Guangxi, Chongzuo	AD_Malaysia	657224	657323	33.1900
SRR23343480	Apis dorsata	China: Guangxi, Chongzuo	AD_Malaysia	657324	657423	28.7500
SRR23343480	Apis dorsata	China: Guangxi, Chongzuo	AD_Malaysia	657424	657523	20.0500
SRR23343480	Apis dorsata	China: Guangxi, Chongzuo	AD_Malaysia	657524	657623	20.3400
SRR23343480	Apis dorsata	China: Guangxi, Chongzuo	AD_Malaysia	657624	657723	28.7600
SRR23343480	Apis dorsata	China: Guangxi, Chongzuo	AD_Malaysia	657724	657823	35.3400
SRR23343480	Apis dorsata	China: Guangxi, Chongzuo	AD_Malaysia	657824	657923	37.7300
SRR23343480	Apis dorsata	China: Guangxi, Chongzuo	AD_Malaysia	657924	658023	38.7000
SRR23343480	Apis dorsata	China: Guangxi, Chongzuo	AD_Malaysia	658024	658123	37.8400
SRR23343480	Apis dorsata	China: Guangxi, Chongzuo	AD_Malaysia	658124	658223	31.9200
SRR23343480	Apis dorsata	China: Guangxi, Chongzuo	AD_Malaysia	658224	658323	31.8400
SRR23343480	Apis dorsata	China: Guangxi, Chongzuo	AD_Malaysia	658324	658423	28.7100
SRR23343480	Apis dorsata	China: Guangxi, Chongzuo	AD_Malaysia	658424	658523	24.7600
SRR23343480	Apis dorsata	China: Guangxi, Chongzuo	AD_Malaysia	658524	658623	22.0400
SRR23343480	Apis dorsata	China: Guangxi, Chongzuo	AD_Malaysia	658624	658723	20.9700
SRR23343480	Apis dorsata	China: Guangxi, Chongzuo	AD_Malaysia	658724	658823	26.9100
SRR23343480	Apis dorsata	China: Guangxi, Chongzuo	AD_Malaysia	658824	658923	28.5900
SRR23343480	Apis dorsata	China: Guangxi, Chongzuo	AD_Malaysia	658924	659023	23.7200
SRR23343480	Apis dorsata	China: Guangxi, Chongzuo	AD_Malaysia	659024	659123	35.3700
SRR23343480	Apis dorsata	China: Guangxi, Chongzuo	AD_Malaysia	659124	659223	40.2200
SRR23343480	Apis dorsata	China: Guangxi, Chongzuo	AD_Malaysia	659224	659323	32.2000
SRR23343480	Apis dorsata	China: Guangxi, Chongzuo	AD_Malaysia	659324	659423	36.4100
SRR23343480	Apis dorsata	China: Guangxi, Chongzuo	AD_Malaysia	659424	659523	34.1000
SRR23343480	Apis dorsata	China: Guangxi, Chongzuo	AD_Malaysia	659524	659623	31.6400
SRR23343480	Apis dorsata	China: Guangxi, Chongzuo	AD_Malaysia	659624	659723	31.8200
SRR23343480	Apis dorsata	China: Guangxi, Chongzuo	AD_Malaysia	659724	659823	27.2800
SRR23343480	Apis dorsata	China: Guangxi, Chongzuo	AD_Malaysia	659824	659923	20.9600
SRR23343480	Apis dorsata	China: Guangxi, Chongzuo	AD_Malaysia	659924	660023	16.8900
SRR23343480	Apis dorsata	China: Guangxi, Chongzuo	AD_Malaysia	660024	660123	14.3800
SRR23343480	Apis dorsata	China: Guangxi, Chongzuo	AD_Malaysia	660124	660223	14.1400
SRR23343480	Apis dorsata	China: Guangxi, Chongzuo	AD_Malaysia	660224	660323	18.5800
SRR23343480	Apis dorsata	China: Guangxi, Chongzuo	AD_Malaysia	660324	660423	21.0900
SRR23343480	Apis dorsata	China: Guangxi, Chongzuo	AD_Malaysia	660424	660523	22.6200
SRR23343480	Apis dorsata	China: Guangxi, Chongzuo	AD_Malaysia	660524	660623	27.8800
SRR23343480	Apis dorsata	China: Guangxi, Chongzuo	AD_Malaysia	660624	660723	33.3100
SRR23343480	Apis dorsata	China: Guangxi, Chongzuo	AD_Malaysia	660724	660823	38.8900
SRR23343480	Apis dorsata	China: Guangxi, Chongzuo	AD_Malaysia	660824	660923	34.3500
SRR23343480	Apis dorsata	China: Guangxi, Chongzuo	AD_Malaysia	660924	661023	33.9200
SRR23343480	Apis dorsata	China: Guangxi, Chongzuo	AD_Malaysia	661024	661123	26.4600
SRR23343480	Apis dorsata	China: Guangxi, Chongzuo	AD_Malaysia	661124	661223	24.6000
SRR23343480	Apis dorsata	China: Guangxi, Chongzuo	AD_Malaysia	661224	661323	27.8200
SRR23343480	Apis dorsata	China: Guangxi, Chongzuo	AD_Malaysia	661324	661423	19.6800
SRR23343480	Apis dorsata	China: Guangxi, Chongzuo	AD_Malaysia	661424	661523	22.8100
SRR23343480	Apis dorsata	China: Guangxi, Chongzuo	AD_Malaysia	661524	661623	22.6700
SRR23343480	Apis dorsata	China: Guangxi, Chongzuo	AD_Malaysia	661624	661723	22.4400
SRR23343480	Apis dorsata	China: Guangxi, Chongzuo	AD_Malaysia	661724	661823	22.3600
SRR23343480	Apis dorsata	China: Guangxi, Chongzuo	AD_Malaysia	661824	661923	19.5100
SRR23343480	Apis dorsata	China: Guangxi, Chongzuo	AD_Malaysia	661924	662023	15.5700
SRR23343480	Apis dorsata	China: Guangxi, Chongzuo	AD_Malaysia	662024	662123	20.3600
SRR23343480	Apis dorsata	China: Guangxi, Chongzuo	AD_Malaysia	662124	662223	24.7400
SRR23343480	Apis dorsata	China: Guangxi, Chongzuo	AD_Malaysia	662224	662323	26.0600
SRR23343480	Apis dorsata	China: Guangxi, Chongzuo	AD_Malaysia	662324	662423	28.9400
SRR23343480	Apis dorsata	China: Guangxi, Chongzuo	AD_Malaysia	662424	662523	23.9600
SRR23343480	Apis dorsata	China: Guangxi, Chongzuo	AD_Malaysia	662524	662623	23.8000
SRR23343480	Apis dorsata	China: Guangxi, Chongzuo	AD_Malaysia	662624	662723	18.5000
SRR23343480	Apis dorsata	China: Guangxi, Chongzuo	AD_Malaysia	662724	662823	15.6400
SRR23343480	Apis dorsata	China: Guangxi, Chongzuo	AD_Malaysia	662824	662923	17.3500
SRR23343480	Apis dorsata	China: Guangxi, Chongzuo	AD_Malaysia	662924	663023	15.8900
SRR23343480	Apis dorsata	China: Guangxi, Chongzuo	AD_Malaysia	663024	663123	24.9300
SRR23343480	Apis dorsata	China: Guangxi, Chongzuo	AD_Malaysia	663124	663223	25.6000
SRR23343480	Apis dorsata	China: Guangxi, Chongzuo	AD_Malaysia	663224	663323	23.2300
SRR23343480	Apis dorsata	China: Guangxi, Chongzuo	AD_Malaysia	663324	663423	14.0500
SRR23343480	Apis dorsata	China: Guangxi, Chongzuo	AD_Malaysia	663424	663523	12.9900
SRR23343480	Apis dorsata	China: Guangxi, Chongzuo	AD_Malaysia	663524	663623	16.6700
SRR23343480	Apis dorsata	China: Guangxi, Chongzuo	AD_Malaysia	663624	663723	19.7000
SRR23343480	Apis dorsata	China: Guangxi, Chongzuo	AD_Malaysia	663724	663823	24.9700
SRR23343480	Apis dorsata	China: Guangxi, Chongzuo	AD_Malaysia	663824	663923	26.6500
SRR23343480	Apis dorsata	China: Guangxi, Chongzuo	AD_Malaysia	663924	664023	20.1200
SRR23343480	Apis dorsata	China: Guangxi, Chongzuo	AD_Malaysia	664024	664123	22.5500
SRR23343480	Apis dorsata	China: Guangxi, Chongzuo	AD_Malaysia	664124	664223	25.5300
SRR23343480	Apis dorsata	China: Guangxi, Chongzuo	AD_Malaysia	664224	664261	25.4211
SRR23343481	Apis dorsata	China: Guangxi, Chongzuo	AD_Malaysia	656224	656323	24.4000
SRR23343481	Apis dorsata	China: Guangxi, Chongzuo	AD_Malaysia	656324	656423	19.0300
SRR23343481	Apis dorsata	China: Guangxi, Chongzuo	AD_Malaysia	656424	656523	21.4600
SRR23343481	Apis dorsata	China: Guangxi, Chongzuo	AD_Malaysia	656524	656623	24.0800
SRR23343481	Apis dorsata	China: Guangxi, Chongzuo	AD_Malaysia	656624	656723	23.0100
SRR23343481	Apis dorsata	China: Guangxi, Chongzuo	AD_Malaysia	656724	656823	19.4100
SRR23343481	Apis dorsata	China: Guangxi, Chongzuo	AD_Malaysia	656824	656923	20.4700
SRR23343481	Apis dorsata	China: Guangxi, Chongzuo	AD_Malaysia	656924	657023	24.8100
SRR23343481	Apis dorsata	China: Guangxi, Chongzuo	AD_Malaysia	657024	657123	23.7500
SRR23343481	Apis dorsata	China: Guangxi, Chongzuo	AD_Malaysia	657124	657223	33.9800
SRR23343481	Apis dorsata	China: Guangxi, Chongzuo	AD_Malaysia	657224	657323	30.9000
SRR23343481	Apis dorsata	China: Guangxi, Chongzuo	AD_Malaysia	657324	657423	30.5500
SRR23343481	Apis dorsata	China: Guangxi, Chongzuo	AD_Malaysia	657424	657523	29.0800
SRR23343481	Apis dorsata	China: Guangxi, Chongzuo	AD_Malaysia	657524	657623	27.9400
SRR23343481	Apis dorsata	China: Guangxi, Chongzuo	AD_Malaysia	657624	657723	28.4700
SRR23343481	Apis dorsata	China: Guangxi, Chongzuo	AD_Malaysia	657724	657823	35.6300
SRR23343481	Apis dorsata	China: Guangxi, Chongzuo	AD_Malaysia	657824	657923	30.4800
SRR23343481	Apis dorsata	China: Guangxi, Chongzuo	AD_Malaysia	657924	658023	27.1100
SRR23343481	Apis dorsata	China: Guangxi, Chongzuo	AD_Malaysia	658024	658123	26.2900
SRR23343481	Apis dorsata	China: Guangxi, Chongzuo	AD_Malaysia	658124	658223	27.1700
SRR23343481	Apis dorsata	China: Guangxi, Chongzuo	AD_Malaysia	658224	658323	29.5800
SRR23343481	Apis dorsata	China: Guangxi, Chongzuo	AD_Malaysia	658324	658423	29.3100
SRR23343481	Apis dorsata	China: Guangxi, Chongzuo	AD_Malaysia	658424	658523	36.1900
SRR23343481	Apis dorsata	China: Guangxi, Chongzuo	AD_Malaysia	658524	658623	36.6400
SRR23343481	Apis dorsata	China: Guangxi, Chongzuo	AD_Malaysia	658624	658723	31.9200
SRR23343481	Apis dorsata	China: Guangxi, Chongzuo	AD_Malaysia	658724	658823	32.6800
SRR23343481	Apis dorsata	China: Guangxi, Chongzuo	AD_Malaysia	658824	658923	26.1500
SRR23343481	Apis dorsata	China: Guangxi, Chongzuo	AD_Malaysia	658924	659023	23.6800
SRR23343481	Apis dorsata	China: Guangxi, Chongzuo	AD_Malaysia	659024	659123	31.2600
SRR23343481	Apis dorsata	China: Guangxi, Chongzuo	AD_Malaysia	659124	659223	29.1600
SRR23343481	Apis dorsata	China: Guangxi, Chongzuo	AD_Malaysia	659224	659323	27.0000
SRR23343481	Apis dorsata	China: Guangxi, Chongzuo	AD_Malaysia	659324	659423	37.5600
SRR23343481	Apis dorsata	China: Guangxi, Chongzuo	AD_Malaysia	659424	659523	37.4100
SRR23343481	Apis dorsata	China: Guangxi, Chongzuo	AD_Malaysia	659524	659623	30.5700
SRR23343481	Apis dorsata	China: Guangxi, Chongzuo	AD_Malaysia	659624	659723	33.7900
SRR23343481	Apis dorsata	China: Guangxi, Chongzuo	AD_Malaysia	659724	659823	29.2600
SRR23343481	Apis dorsata	China: Guangxi, Chongzuo	AD_Malaysia	659824	659923	29.2400
SRR23343481	Apis dorsata	China: Guangxi, Chongzuo	AD_Malaysia	659924	660023	23.5500
SRR23343481	Apis dorsata	China: Guangxi, Chongzuo	AD_Malaysia	660024	660123	11.9700
SRR23343481	Apis dorsata	China: Guangxi, Chongzuo	AD_Malaysia	660124	660223	11.4300
SRR23343481	Apis dorsata	China: Guangxi, Chongzuo	AD_Malaysia	660224	660323	15.4500
SRR23343481	Apis dorsata	China: Guangxi, Chongzuo	AD_Malaysia	660324	660423	15.8000
SRR23343481	Apis dorsata	China: Guangxi, Chongzuo	AD_Malaysia	660424	660523	18.9200
SRR23343481	Apis dorsata	China: Guangxi, Chongzuo	AD_Malaysia	660524	660623	18.8500
SRR23343481	Apis dorsata	China: Guangxi, Chongzuo	AD_Malaysia	660624	660723	25.7500
SRR23343481	Apis dorsata	China: Guangxi, Chongzuo	AD_Malaysia	660724	660823	30.5000
SRR23343481	Apis dorsata	China: Guangxi, Chongzuo	AD_Malaysia	660824	660923	27.3200
SRR23343481	Apis dorsata	China: Guangxi, Chongzuo	AD_Malaysia	660924	661023	27.1600
SRR23343481	Apis dorsata	China: Guangxi, Chongzuo	AD_Malaysia	661024	661123	24.8700
SRR23343481	Apis dorsata	China: Guangxi, Chongzuo	AD_Malaysia	661124	661223	18.0900
SRR23343481	Apis dorsata	China: Guangxi, Chongzuo	AD_Malaysia	661224	661323	20.4300
SRR23343481	Apis dorsata	China: Guangxi, Chongzuo	AD_Malaysia	661324	661423	21.7100
SRR23343481	Apis dorsata	China: Guangxi, Chongzuo	AD_Malaysia	661424	661523	22.6100
SRR23343481	Apis dorsata	China: Guangxi, Chongzuo	AD_Malaysia	661524	661623	19.2200
SRR23343481	Apis dorsata	China: Guangxi, Chongzuo	AD_Malaysia	661624	661723	20.7300
SRR23343481	Apis dorsata	China: Guangxi, Chongzuo	AD_Malaysia	661724	661823	20.9000
SRR23343481	Apis dorsata	China: Guangxi, Chongzuo	AD_Malaysia	661824	661923	19.9500
SRR23343481	Apis dorsata	China: Guangxi, Chongzuo	AD_Malaysia	661924	662023	23.8300
SRR23343481	Apis dorsata	China: Guangxi, Chongzuo	AD_Malaysia	662024	662123	22.2200
SRR23343481	Apis dorsata	China: Guangxi, Chongzuo	AD_Malaysia	662124	662223	25.8800
SRR23343481	Apis dorsata	China: Guangxi, Chongzuo	AD_Malaysia	662224	662323	21.5400
SRR23343481	Apis dorsata	China: Guangxi, Chongzuo	AD_Malaysia	662324	662423	25.4100
SRR23343481	Apis dorsata	China: Guangxi, Chongzuo	AD_Malaysia	662424	662523	22.2200
SRR23343481	Apis dorsata	China: Guangxi, Chongzuo	AD_Malaysia	662524	662623	23.2500
SRR23343481	Apis dorsata	China: Guangxi, Chongzuo	AD_Malaysia	662624	662723	25.7100
SRR23343481	Apis dorsata	China: Guangxi, Chongzuo	AD_Malaysia	662724	662823	28.6200
SRR23343481	Apis dorsata	China: Guangxi, Chongzuo	AD_Malaysia	662824	662923	30.8300
SRR23343481	Apis dorsata	China: Guangxi, Chongzuo	AD_Malaysia	662924	663023	29.9600
SRR23343481	Apis dorsata	China: Guangxi, Chongzuo	AD_Malaysia	663024	663123	29.3900
SRR23343481	Apis dorsata	China: Guangxi, Chongzuo	AD_Malaysia	663124	663223	22.9400
SRR23343481	Apis dorsata	China: Guangxi, Chongzuo	AD_Malaysia	663224	663323	21.7700
SRR23343481	Apis dorsata	China: Guangxi, Chongzuo	AD_Malaysia	663324	663423	16.6200
SRR23343481	Apis dorsata	China: Guangxi, Chongzuo	AD_Malaysia	663424	663523	13.0600
SRR23343481	Apis dorsata	China: Guangxi, Chongzuo	AD_Malaysia	663524	663623	10.8400
SRR23343481	Apis dorsata	China: Guangxi, Chongzuo	AD_Malaysia	663624	663723	17.3000
SRR23343481	Apis dorsata	China: Guangxi, Chongzuo	AD_Malaysia	663724	663823	21.4400
SRR23343481	Apis dorsata	China: Guangxi, Chongzuo	AD_Malaysia	663824	663923	23.1500
SRR23343481	Apis dorsata	China: Guangxi, Chongzuo	AD_Malaysia	663924	664023	18.0300
SRR23343481	Apis dorsata	China: Guangxi, Chongzuo	AD_Malaysia	664024	664123	25.0500
SRR23343481	Apis dorsata	China: Guangxi, Chongzuo	AD_Malaysia	664124	664223	26.9000
SRR23343481	Apis dorsata	China: Guangxi, Chongzuo	AD_Malaysia	664224	664261	31.3158
SRR23343482	Apis dorsata	China: Yunnan, Xishuangbanna	AD_Malaysia	656224	656323	34.1200
SRR23343482	Apis dorsata	China: Yunnan, Xishuangbanna	AD_Malaysia	656324	656423	40.2100
SRR23343482	Apis dorsata	China: Yunnan, Xishuangbanna	AD_Malaysia	656424	656523	27.8100
SRR23343482	Apis dorsata	China: Yunnan, Xishuangbanna	AD_Malaysia	656524	656623	27.4800
SRR23343482	Apis dorsata	China: Yunnan, Xishuangbanna	AD_Malaysia	656624	656723	34.8300
SRR23343482	Apis dorsata	China: Yunnan, Xishuangbanna	AD_Malaysia	656724	656823	34.1000
SRR23343482	Apis dorsata	China: Yunnan, Xishuangbanna	AD_Malaysia	656824	656923	34.1400
SRR23343482	Apis dorsata	China: Yunnan, Xishuangbanna	AD_Malaysia	656924	657023	34.9900
SRR23343482	Apis dorsata	China: Yunnan, Xishuangbanna	AD_Malaysia	657024	657123	37.3000
SRR23343482	Apis dorsata	China: Yunnan, Xishuangbanna	AD_Malaysia	657124	657223	36.6800
SRR23343482	Apis dorsata	China: Yunnan, Xishuangbanna	AD_Malaysia	657224	657323	40.8300
SRR23343482	Apis dorsata	China: Yunnan, Xishuangbanna	AD_Malaysia	657324	657423	35.8800
SRR23343482	Apis dorsata	China: Yunnan, Xishuangbanna	AD_Malaysia	657424	657523	26.4200
SRR23343482	Apis dorsata	China: Yunnan, Xishuangbanna	AD_Malaysia	657524	657623	31.6600
SRR23343482	Apis dorsata	China: Yunnan, Xishuangbanna	AD_Malaysia	657624	657723	25.6000
SRR23343482	Apis dorsata	China: Yunnan, Xishuangbanna	AD_Malaysia	657724	657823	24.8300
SRR23343482	Apis dorsata	China: Yunnan, Xishuangbanna	AD_Malaysia	657824	657923	29.1100
SRR23343482	Apis dorsata	China: Yunnan, Xishuangbanna	AD_Malaysia	657924	658023	38.4100
SRR23343482	Apis dorsata	China: Yunnan, Xishuangbanna	AD_Malaysia	658024	658123	31.4400
SRR23343482	Apis dorsata	China: Yunnan, Xishuangbanna	AD_Malaysia	658124	658223	37.9000
SRR23343482	Apis dorsata	China: Yunnan, Xishuangbanna	AD_Malaysia	658224	658323	38.8000
SRR23343482	Apis dorsata	China: Yunnan, Xishuangbanna	AD_Malaysia	658324	658423	29.5100
SRR23343482	Apis dorsata	China: Yunnan, Xishuangbanna	AD_Malaysia	658424	658523	31.4700
SRR23343482	Apis dorsata	China: Yunnan, Xishuangbanna	AD_Malaysia	658524	658623	39.2200
SRR23343482	Apis dorsata	China: Yunnan, Xishuangbanna	AD_Malaysia	658624	658723	43.5900
SRR23343482	Apis dorsata	China: Yunnan, Xishuangbanna	AD_Malaysia	658724	658823	43.4200
SRR23343482	Apis dorsata	China: Yunnan, Xishuangbanna	AD_Malaysia	658824	658923	39.5100
SRR23343482	Apis dorsata	China: Yunnan, Xishuangbanna	AD_Malaysia	658924	659023	39.7700
SRR23343482	Apis dorsata	China: Yunnan, Xishuangbanna	AD_Malaysia	659024	659123	40.5200
SRR23343482	Apis dorsata	China: Yunnan, Xishuangbanna	AD_Malaysia	659124	659223	40.0100
SRR23343482	Apis dorsata	China: Yunnan, Xishuangbanna	AD_Malaysia	659224	659323	28.9900
SRR23343482	Apis dorsata	China: Yunnan, Xishuangbanna	AD_Malaysia	659324	659423	35.0200
SRR23343482	Apis dorsata	China: Yunnan, Xishuangbanna	AD_Malaysia	659424	659523	33.3800
SRR23343482	Apis dorsata	China: Yunnan, Xishuangbanna	AD_Malaysia	659524	659623	30.1400
SRR23343482	Apis dorsata	China: Yunnan, Xishuangbanna	AD_Malaysia	659624	659723	31.4400
SRR23343482	Apis dorsata	China: Yunnan, Xishuangbanna	AD_Malaysia	659724	659823	27.6100
SRR23343482	Apis dorsata	China: Yunnan, Xishuangbanna	AD_Malaysia	659824	659923	24.8000
SRR23343482	Apis dorsata	China: Yunnan, Xishuangbanna	AD_Malaysia	659924	660023	21.3500
SRR23343482	Apis dorsata	China: Yunnan, Xishuangbanna	AD_Malaysia	660024	660123	18.8400
SRR23343482	Apis dorsata	China: Yunnan, Xishuangbanna	AD_Malaysia	660124	660223	24.1500
SRR23343482	Apis dorsata	China: Yunnan, Xishuangbanna	AD_Malaysia	660224	660323	31.3600
SRR23343482	Apis dorsata	China: Yunnan, Xishuangbanna	AD_Malaysia	660324	660423	30.8100
SRR23343482	Apis dorsata	China: Yunnan, Xishuangbanna	AD_Malaysia	660424	660523	25.9600
SRR23343482	Apis dorsata	China: Yunnan, Xishuangbanna	AD_Malaysia	660524	660623	36.5700
SRR23343482	Apis dorsata	China: Yunnan, Xishuangbanna	AD_Malaysia	660624	660723	36.3600
SRR23343482	Apis dorsata	China: Yunnan, Xishuangbanna	AD_Malaysia	660724	660823	37.0000
SRR23343482	Apis dorsata	China: Yunnan, Xishuangbanna	AD_Malaysia	660824	660923	33.8000
SRR23343482	Apis dorsata	China: Yunnan, Xishuangbanna	AD_Malaysia	660924	661023	33.3700
SRR23343482	Apis dorsata	China: Yunnan, Xishuangbanna	AD_Malaysia	661024	661123	30.1700
SRR23343482	Apis dorsata	China: Yunnan, Xishuangbanna	AD_Malaysia	661124	661223	30.3900
SRR23343482	Apis dorsata	China: Yunnan, Xishuangbanna	AD_Malaysia	661224	661323	26.0800
SRR23343482	Apis dorsata	China: Yunnan, Xishuangbanna	AD_Malaysia	661324	661423	32.1000
SRR23343482	Apis dorsata	China: Yunnan, Xishuangbanna	AD_Malaysia	661424	661523	33.9200
SRR23343482	Apis dorsata	China: Yunnan, Xishuangbanna	AD_Malaysia	661524	661623	31.3800
SRR23343482	Apis dorsata	China: Yunnan, Xishuangbanna	AD_Malaysia	661624	661723	35.2000
SRR23343482	Apis dorsata	China: Yunnan, Xishuangbanna	AD_Malaysia	661724	661823	35.2500
SRR23343482	Apis dorsata	China: Yunnan, Xishuangbanna	AD_Malaysia	661824	661923	34.0000
SRR23343482	Apis dorsata	China: Yunnan, Xishuangbanna	AD_Malaysia	661924	662023	28.4900
SRR23343482	Apis dorsata	China: Yunnan, Xishuangbanna	AD_Malaysia	662024	662123	32.7400
SRR23343482	Apis dorsata	China: Yunnan, Xishuangbanna	AD_Malaysia	662124	662223	39.0100
SRR23343482	Apis dorsata	China: Yunnan, Xishuangbanna	AD_Malaysia	662224	662323	33.4800
SRR23343482	Apis dorsata	China: Yunnan, Xishuangbanna	AD_Malaysia	662324	662423	28.9500
SRR23343482	Apis dorsata	China: Yunnan, Xishuangbanna	AD_Malaysia	662424	662523	32.6800
SRR23343482	Apis dorsata	China: Yunnan, Xishuangbanna	AD_Malaysia	662524	662623	23.0800
SRR23343482	Apis dorsata	China: Yunnan, Xishuangbanna	AD_Malaysia	662624	662723	22.3000
SRR23343482	Apis dorsata	China: Yunnan, Xishuangbanna	AD_Malaysia	662724	662823	20.5600
SRR23343482	Apis dorsata	China: Yunnan, Xishuangbanna	AD_Malaysia	662824	662923	26.9900
SRR23343482	Apis dorsata	China: Yunnan, Xishuangbanna	AD_Malaysia	662924	663023	25.7900
SRR23343482	Apis dorsata	China: Yunnan, Xishuangbanna	AD_Malaysia	663024	663123	27.0600
SRR23343482	Apis dorsata	China: Yunnan, Xishuangbanna	AD_Malaysia	663124	663223	30.7500
SRR23343482	Apis dorsata	China: Yunnan, Xishuangbanna	AD_Malaysia	663224	663323	25.4900
SRR23343482	Apis dorsata	China: Yunnan, Xishuangbanna	AD_Malaysia	663324	663423	30.1900
SRR23343482	Apis dorsata	China: Yunnan, Xishuangbanna	AD_Malaysia	663424	663523	26.9300
SRR23343482	Apis dorsata	China: Yunnan, Xishuangbanna	AD_Malaysia	663524	663623	18.8700
SRR23343482	Apis dorsata	China: Yunnan, Xishuangbanna	AD_Malaysia	663624	663723	28.8500
SRR23343482	Apis dorsata	China: Yunnan, Xishuangbanna	AD_Malaysia	663724	663823	25.1100
SRR23343482	Apis dorsata	China: Yunnan, Xishuangbanna	AD_Malaysia	663824	663923	20.5200
SRR23343482	Apis dorsata	China: Yunnan, Xishuangbanna	AD_Malaysia	663924	664023	21.6600
SRR23343482	Apis dorsata	China: Yunnan, Xishuangbanna	AD_Malaysia	664024	664123	22.2200
SRR23343482	Apis dorsata	China: Yunnan, Xishuangbanna	AD_Malaysia	664124	664223	28.6300
SRR23343482	Apis dorsata	China: Yunnan, Xishuangbanna	AD_Malaysia	664224	664261	29.8684
SRR23343483	Apis dorsata	China: Guangxi, Chongzuo	AD_Malaysia	656224	656323	29.7800
SRR23343483	Apis dorsata	China: Guangxi, Chongzuo	AD_Malaysia	656324	656423	27.6300
SRR23343483	Apis dorsata	China: Guangxi, Chongzuo	AD_Malaysia	656424	656523	30.7900
SRR23343483	Apis dorsata	China: Guangxi, Chongzuo	AD_Malaysia	656524	656623	29.6000
SRR23343483	Apis dorsata	China: Guangxi, Chongzuo	AD_Malaysia	656624	656723	32.8800
SRR23343483	Apis dorsata	China: Guangxi, Chongzuo	AD_Malaysia	656724	656823	29.8300
SRR23343483	Apis dorsata	China: Guangxi, Chongzuo	AD_Malaysia	656824	656923	34.6600
SRR23343483	Apis dorsata	China: Guangxi, Chongzuo	AD_Malaysia	656924	657023	28.5500
SRR23343483	Apis dorsata	China: Guangxi, Chongzuo	AD_Malaysia	657024	657123	29.3300
SRR23343483	Apis dorsata	China: Guangxi, Chongzuo	AD_Malaysia	657124	657223	33.7900
SRR23343483	Apis dorsata	China: Guangxi, Chongzuo	AD_Malaysia	657224	657323	45.0700
SRR23343483	Apis dorsata	China: Guangxi, Chongzuo	AD_Malaysia	657324	657423	41.7600
SRR23343483	Apis dorsata	China: Guangxi, Chongzuo	AD_Malaysia	657424	657523	34.1900
SRR23343483	Apis dorsata	China: Guangxi, Chongzuo	AD_Malaysia	657524	657623	27.4900
SRR23343483	Apis dorsata	China: Guangxi, Chongzuo	AD_Malaysia	657624	657723	35.4700
SRR23343483	Apis dorsata	China: Guangxi, Chongzuo	AD_Malaysia	657724	657823	39.3300
SRR23343483	Apis dorsata	China: Guangxi, Chongzuo	AD_Malaysia	657824	657923	29.8100
SRR23343483	Apis dorsata	China: Guangxi, Chongzuo	AD_Malaysia	657924	658023	30.7900
SRR23343483	Apis dorsata	China: Guangxi, Chongzuo	AD_Malaysia	658024	658123	28.1600
SRR23343483	Apis dorsata	China: Guangxi, Chongzuo	AD_Malaysia	658124	658223	31.0600
SRR23343483	Apis dorsata	China: Guangxi, Chongzuo	AD_Malaysia	658224	658323	34.7500
SRR23343483	Apis dorsata	China: Guangxi, Chongzuo	AD_Malaysia	658324	658423	30.2000
SRR23343483	Apis dorsata	China: Guangxi, Chongzuo	AD_Malaysia	658424	658523	29.5600
SRR23343483	Apis dorsata	China: Guangxi, Chongzuo	AD_Malaysia	658524	658623	30.9400
SRR23343483	Apis dorsata	China: Guangxi, Chongzuo	AD_Malaysia	658624	658723	34.9200
SRR23343483	Apis dorsata	China: Guangxi, Chongzuo	AD_Malaysia	658724	658823	40.1200
SRR23343483	Apis dorsata	China: Guangxi, Chongzuo	AD_Malaysia	658824	658923	38.0200
SRR23343483	Apis dorsata	China: Guangxi, Chongzuo	AD_Malaysia	658924	659023	37.5900
SRR23343483	Apis dorsata	China: Guangxi, Chongzuo	AD_Malaysia	659024	659123	30.9000
SRR23343483	Apis dorsata	China: Guangxi, Chongzuo	AD_Malaysia	659124	659223	31.5200
SRR23343483	Apis dorsata	China: Guangxi, Chongzuo	AD_Malaysia	659224	659323	28.2000
SRR23343483	Apis dorsata	China: Guangxi, Chongzuo	AD_Malaysia	659324	659423	41.3400
SRR23343483	Apis dorsata	China: Guangxi, Chongzuo	AD_Malaysia	659424	659523	36.8400
SRR23343483	Apis dorsata	China: Guangxi, Chongzuo	AD_Malaysia	659524	659623	41.2800
SRR23343483	Apis dorsata	China: Guangxi, Chongzuo	AD_Malaysia	659624	659723	40.5300
SRR23343483	Apis dorsata	China: Guangxi, Chongzuo	AD_Malaysia	659724	659823	31.1100
SRR23343483	Apis dorsata	China: Guangxi, Chongzuo	AD_Malaysia	659824	659923	32.2700
SRR23343483	Apis dorsata	China: Guangxi, Chongzuo	AD_Malaysia	659924	660023	26.8800
SRR23343483	Apis dorsata	China: Guangxi, Chongzuo	AD_Malaysia	660024	660123	23.5100
SRR23343483	Apis dorsata	China: Guangxi, Chongzuo	AD_Malaysia	660124	660223	26.5000
SRR23343483	Apis dorsata	China: Guangxi, Chongzuo	AD_Malaysia	660224	660323	31.9100
SRR23343483	Apis dorsata	China: Guangxi, Chongzuo	AD_Malaysia	660324	660423	32.0800
SRR23343483	Apis dorsata	China: Guangxi, Chongzuo	AD_Malaysia	660424	660523	30.8000
SRR23343483	Apis dorsata	China: Guangxi, Chongzuo	AD_Malaysia	660524	660623	33.3300
SRR23343483	Apis dorsata	China: Guangxi, Chongzuo	AD_Malaysia	660624	660723	39.0600
SRR23343483	Apis dorsata	China: Guangxi, Chongzuo	AD_Malaysia	660724	660823	35.0500
SRR23343483	Apis dorsata	China: Guangxi, Chongzuo	AD_Malaysia	660824	660923	36.3800
SRR23343483	Apis dorsata	China: Guangxi, Chongzuo	AD_Malaysia	660924	661023	37.8200
SRR23343483	Apis dorsata	China: Guangxi, Chongzuo	AD_Malaysia	661024	661123	36.0400
SRR23343483	Apis dorsata	China: Guangxi, Chongzuo	AD_Malaysia	661124	661223	28.2100
SRR23343483	Apis dorsata	China: Guangxi, Chongzuo	AD_Malaysia	661224	661323	24.4600
SRR23343483	Apis dorsata	China: Guangxi, Chongzuo	AD_Malaysia	661324	661423	27.1500
SRR23343483	Apis dorsata	China: Guangxi, Chongzuo	AD_Malaysia	661424	661523	26.6200
SRR23343483	Apis dorsata	China: Guangxi, Chongzuo	AD_Malaysia	661524	661623	22.7500
SRR23343483	Apis dorsata	China: Guangxi, Chongzuo	AD_Malaysia	661624	661723	20.7900
SRR23343483	Apis dorsata	China: Guangxi, Chongzuo	AD_Malaysia	661724	661823	22.4900
SRR23343483	Apis dorsata	China: Guangxi, Chongzuo	AD_Malaysia	661824	661923	24.3000
SRR23343483	Apis dorsata	China: Guangxi, Chongzuo	AD_Malaysia	661924	662023	27.7600
SRR23343483	Apis dorsata	China: Guangxi, Chongzuo	AD_Malaysia	662024	662123	27.4900
SRR23343483	Apis dorsata	China: Guangxi, Chongzuo	AD_Malaysia	662124	662223	30.5800
SRR23343483	Apis dorsata	China: Guangxi, Chongzuo	AD_Malaysia	662224	662323	25.3800
SRR23343483	Apis dorsata	China: Guangxi, Chongzuo	AD_Malaysia	662324	662423	26.6600
SRR23343483	Apis dorsata	China: Guangxi, Chongzuo	AD_Malaysia	662424	662523	24.1800
SRR23343483	Apis dorsata	China: Guangxi, Chongzuo	AD_Malaysia	662524	662623	23.4300
SRR23343483	Apis dorsata	China: Guangxi, Chongzuo	AD_Malaysia	662624	662723	23.3900
SRR23343483	Apis dorsata	China: Guangxi, Chongzuo	AD_Malaysia	662724	662823	23.3600
SRR23343483	Apis dorsata	China: Guangxi, Chongzuo	AD_Malaysia	662824	662923	17.9800
SRR23343483	Apis dorsata	China: Guangxi, Chongzuo	AD_Malaysia	662924	663023	23.0200
SRR23343483	Apis dorsata	China: Guangxi, Chongzuo	AD_Malaysia	663024	663123	28.5200
SRR23343483	Apis dorsata	China: Guangxi, Chongzuo	AD_Malaysia	663124	663223	31.5000
SRR23343483	Apis dorsata	China: Guangxi, Chongzuo	AD_Malaysia	663224	663323	31.8300
SRR23343483	Apis dorsata	China: Guangxi, Chongzuo	AD_Malaysia	663324	663423	22.9400
SRR23343483	Apis dorsata	China: Guangxi, Chongzuo	AD_Malaysia	663424	663523	18.2200
SRR23343483	Apis dorsata	China: Guangxi, Chongzuo	AD_Malaysia	663524	663623	22.2800
SRR23343483	Apis dorsata	China: Guangxi, Chongzuo	AD_Malaysia	663624	663723	34.7900
SRR23343483	Apis dorsata	China: Guangxi, Chongzuo	AD_Malaysia	663724	663823	37.2000
SRR23343483	Apis dorsata	China: Guangxi, Chongzuo	AD_Malaysia	663824	663923	31.6800
SRR23343483	Apis dorsata	China: Guangxi, Chongzuo	AD_Malaysia	663924	664023	28.0100
SRR23343483	Apis dorsata	China: Guangxi, Chongzuo	AD_Malaysia	664024	664123	26.2500
SRR23343483	Apis dorsata	China: Guangxi, Chongzuo	AD_Malaysia	664124	664223	26.4400
SRR23343483	Apis dorsata	China: Guangxi, Chongzuo	AD_Malaysia	664224	664261	27.7895
SRR23343484	Apis dorsata	China: Hainan, Baoting	AD_Malaysia	656224	656323	27.0200
SRR23343484	Apis dorsata	China: Hainan, Baoting	AD_Malaysia	656324	656423	31.3800
SRR23343484	Apis dorsata	China: Hainan, Baoting	AD_Malaysia	656424	656523	39.0700
SRR23343484	Apis dorsata	China: Hainan, Baoting	AD_Malaysia	656524	656623	35.8600
SRR23343484	Apis dorsata	China: Hainan, Baoting	AD_Malaysia	656624	656723	42.9900
SRR23343484	Apis dorsata	China: Hainan, Baoting	AD_Malaysia	656724	656823	42.2400
SRR23343484	Apis dorsata	China: Hainan, Baoting	AD_Malaysia	656824	656923	42.9000
SRR23343484	Apis dorsata	China: Hainan, Baoting	AD_Malaysia	656924	657023	41.7000
SRR23343484	Apis dorsata	China: Hainan, Baoting	AD_Malaysia	657024	657123	46.9500
SRR23343484	Apis dorsata	China: Hainan, Baoting	AD_Malaysia	657124	657223	45.3300
SRR23343484	Apis dorsata	China: Hainan, Baoting	AD_Malaysia	657224	657323	59.9200
SRR23343484	Apis dorsata	China: Hainan, Baoting	AD_Malaysia	657324	657423	56.5300
SRR23343484	Apis dorsata	China: Hainan, Baoting	AD_Malaysia	657424	657523	57.0500
SRR23343484	Apis dorsata	China: Hainan, Baoting	AD_Malaysia	657524	657623	62.8500
SRR23343484	Apis dorsata	China: Hainan, Baoting	AD_Malaysia	657624	657723	57.0000
SRR23343484	Apis dorsata	China: Hainan, Baoting	AD_Malaysia	657724	657823	49.9600
SRR23343484	Apis dorsata	China: Hainan, Baoting	AD_Malaysia	657824	657923	53.2800
SRR23343484	Apis dorsata	China: Hainan, Baoting	AD_Malaysia	657924	658023	59.8200
SRR23343484	Apis dorsata	China: Hainan, Baoting	AD_Malaysia	658024	658123	50.3600
SRR23343484	Apis dorsata	China: Hainan, Baoting	AD_Malaysia	658124	658223	45.2200
SRR23343484	Apis dorsata	China: Hainan, Baoting	AD_Malaysia	658224	658323	42.9600
SRR23343484	Apis dorsata	China: Hainan, Baoting	AD_Malaysia	658324	658423	48.7100
SRR23343484	Apis dorsata	China: Hainan, Baoting	AD_Malaysia	658424	658523	47.3900
SRR23343484	Apis dorsata	China: Hainan, Baoting	AD_Malaysia	658524	658623	56.5600
SRR23343484	Apis dorsata	China: Hainan, Baoting	AD_Malaysia	658624	658723	62.5000
SRR23343484	Apis dorsata	China: Hainan, Baoting	AD_Malaysia	658724	658823	60.7100
SRR23343484	Apis dorsata	China: Hainan, Baoting	AD_Malaysia	658824	658923	61.3000
SRR23343484	Apis dorsata	China: Hainan, Baoting	AD_Malaysia	658924	659023	54.7200
SRR23343484	Apis dorsata	China: Hainan, Baoting	AD_Malaysia	659024	659123	56.6500
SRR23343484	Apis dorsata	China: Hainan, Baoting	AD_Malaysia	659124	659223	48.6500
SRR23343484	Apis dorsata	China: Hainan, Baoting	AD_Malaysia	659224	659323	30.4400
SRR23343484	Apis dorsata	China: Hainan, Baoting	AD_Malaysia	659324	659423	41.5000
SRR23343484	Apis dorsata	China: Hainan, Baoting	AD_Malaysia	659424	659523	26.4900
SRR23343484	Apis dorsata	China: Hainan, Baoting	AD_Malaysia	659524	659623	15.5400
SRR23343484	Apis dorsata	China: Hainan, Baoting	AD_Malaysia	659624	659723	24.0100
SRR23343484	Apis dorsata	China: Hainan, Baoting	AD_Malaysia	659724	659823	21.6800
SRR23343484	Apis dorsata	China: Hainan, Baoting	AD_Malaysia	659824	659923	28.3900
SRR23343484	Apis dorsata	China: Hainan, Baoting	AD_Malaysia	659924	660023	23.5200
SRR23343484	Apis dorsata	China: Hainan, Baoting	AD_Malaysia	660024	660123	13.6300
SRR23343484	Apis dorsata	China: Hainan, Baoting	AD_Malaysia	660124	660223	31.3300
SRR23343484	Apis dorsata	China: Hainan, Baoting	AD_Malaysia	660224	660323	38.6200
SRR23343484	Apis dorsata	China: Hainan, Baoting	AD_Malaysia	660324	660423	31.2900
SRR23343484	Apis dorsata	China: Hainan, Baoting	AD_Malaysia	660424	660523	40.5500
SRR23343484	Apis dorsata	China: Hainan, Baoting	AD_Malaysia	660524	660623	38.1900
SRR23343484	Apis dorsata	China: Hainan, Baoting	AD_Malaysia	660624	660723	34.1700
SRR23343484	Apis dorsata	China: Hainan, Baoting	AD_Malaysia	660724	660823	27.4000
SRR23343484	Apis dorsata	China: Hainan, Baoting	AD_Malaysia	660824	660923	19.2000
SRR23343484	Apis dorsata	China: Hainan, Baoting	AD_Malaysia	660924	661023	23.7600
SRR23343484	Apis dorsata	China: Hainan, Baoting	AD_Malaysia	661024	661123	28.0300
SRR23343484	Apis dorsata	China: Hainan, Baoting	AD_Malaysia	661124	661223	32.0800
SRR23343484	Apis dorsata	China: Hainan, Baoting	AD_Malaysia	661224	661323	31.7100
SRR23343484	Apis dorsata	China: Hainan, Baoting	AD_Malaysia	661324	661423	31.6600
SRR23343484	Apis dorsata	China: Hainan, Baoting	AD_Malaysia	661424	661523	29.5800
SRR23343484	Apis dorsata	China: Hainan, Baoting	AD_Malaysia	661524	661623	30.2500
SRR23343484	Apis dorsata	China: Hainan, Baoting	AD_Malaysia	661624	661723	27.0400
SRR23343484	Apis dorsata	China: Hainan, Baoting	AD_Malaysia	661724	661823	25.2800
SRR23343484	Apis dorsata	China: Hainan, Baoting	AD_Malaysia	661824	661923	22.5500
SRR23343484	Apis dorsata	China: Hainan, Baoting	AD_Malaysia	661924	662023	17.6700
SRR23343484	Apis dorsata	China: Hainan, Baoting	AD_Malaysia	662024	662123	15.8300
SRR23343484	Apis dorsata	China: Hainan, Baoting	AD_Malaysia	662124	662223	21.7000
SRR23343484	Apis dorsata	China: Hainan, Baoting	AD_Malaysia	662224	662323	26.7900
SRR23343484	Apis dorsata	China: Hainan, Baoting	AD_Malaysia	662324	662423	22.6300
SRR23343484	Apis dorsata	China: Hainan, Baoting	AD_Malaysia	662424	662523	18.8200
SRR23343484	Apis dorsata	China: Hainan, Baoting	AD_Malaysia	662524	662623	15.1500
SRR23343484	Apis dorsata	China: Hainan, Baoting	AD_Malaysia	662624	662723	3.6800
SRR23343484	Apis dorsata	China: Hainan, Baoting	AD_Malaysia	662724	662823	0.8700
SRR23343484	Apis dorsata	China: Hainan, Baoting	AD_Malaysia	662824	662923	5.1200
SRR23343484	Apis dorsata	China: Hainan, Baoting	AD_Malaysia	662924	663023	12.3100
SRR23343484	Apis dorsata	China: Hainan, Baoting	AD_Malaysia	663024	663123	11.3400
SRR23343484	Apis dorsata	China: Hainan, Baoting	AD_Malaysia	663124	663223	13.9100
SRR23343484	Apis dorsata	China: Hainan, Baoting	AD_Malaysia	663224	663323	5.3800
SRR23343484	Apis dorsata	China: Hainan, Baoting	AD_Malaysia	663324	663423	1.4400
SRR23343484	Apis dorsata	China: Hainan, Baoting	AD_Malaysia	663424	663523	1.4200
SRR23343484	Apis dorsata	China: Hainan, Baoting	AD_Malaysia	663524	663623	0.5300
SRR23343484	Apis dorsata	China: Hainan, Baoting	AD_Malaysia	663624	663723	2.5700
SRR23343484	Apis dorsata	China: Hainan, Baoting	AD_Malaysia	663724	663823	7.6800
SRR23343484	Apis dorsata	China: Hainan, Baoting	AD_Malaysia	663824	663923	16.5300
SRR23343484	Apis dorsata	China: Hainan, Baoting	AD_Malaysia	663924	664023	23.9800
SRR23343484	Apis dorsata	China: Hainan, Baoting	AD_Malaysia	664024	664123	29.3300
SRR23343484	Apis dorsata	China: Hainan, Baoting	AD_Malaysia	664124	664223	29.0300
SRR23343484	Apis dorsata	China: Hainan, Baoting	AD_Malaysia	664224	664261	27.3684
SRR23343485	Apis dorsata	China: Hainan, Baoting	AD_Malaysia	656224	656323	23.0500
SRR23343485	Apis dorsata	China: Hainan, Baoting	AD_Malaysia	656324	656423	26.7200
SRR23343485	Apis dorsata	China: Hainan, Baoting	AD_Malaysia	656424	656523	24.6100
SRR23343485	Apis dorsata	China: Hainan, Baoting	AD_Malaysia	656524	656623	30.6400
SRR23343485	Apis dorsata	China: Hainan, Baoting	AD_Malaysia	656624	656723	27.0000
SRR23343485	Apis dorsata	China: Hainan, Baoting	AD_Malaysia	656724	656823	29.9500
SRR23343485	Apis dorsata	China: Hainan, Baoting	AD_Malaysia	656824	656923	45.0800
SRR23343485	Apis dorsata	China: Hainan, Baoting	AD_Malaysia	656924	657023	41.7300
SRR23343485	Apis dorsata	China: Hainan, Baoting	AD_Malaysia	657024	657123	31.2500
SRR23343485	Apis dorsata	China: Hainan, Baoting	AD_Malaysia	657124	657223	33.3100
SRR23343485	Apis dorsata	China: Hainan, Baoting	AD_Malaysia	657224	657323	34.0900
SRR23343485	Apis dorsata	China: Hainan, Baoting	AD_Malaysia	657324	657423	34.5700
SRR23343485	Apis dorsata	China: Hainan, Baoting	AD_Malaysia	657424	657523	29.0700
SRR23343485	Apis dorsata	China: Hainan, Baoting	AD_Malaysia	657524	657623	32.8900
SRR23343485	Apis dorsata	China: Hainan, Baoting	AD_Malaysia	657624	657723	33.4400
SRR23343485	Apis dorsata	China: Hainan, Baoting	AD_Malaysia	657724	657823	33.8500
SRR23343485	Apis dorsata	China: Hainan, Baoting	AD_Malaysia	657824	657923	31.7700
SRR23343485	Apis dorsata	China: Hainan, Baoting	AD_Malaysia	657924	658023	31.7100
SRR23343485	Apis dorsata	China: Hainan, Baoting	AD_Malaysia	658024	658123	33.6500
SRR23343485	Apis dorsata	China: Hainan, Baoting	AD_Malaysia	658124	658223	33.3800
SRR23343485	Apis dorsata	China: Hainan, Baoting	AD_Malaysia	658224	658323	32.4400
SRR23343485	Apis dorsata	China: Hainan, Baoting	AD_Malaysia	658324	658423	35.1300
SRR23343485	Apis dorsata	China: Hainan, Baoting	AD_Malaysia	658424	658523	36.2500
SRR23343485	Apis dorsata	China: Hainan, Baoting	AD_Malaysia	658524	658623	30.6900
SRR23343485	Apis dorsata	China: Hainan, Baoting	AD_Malaysia	658624	658723	25.6400
SRR23343485	Apis dorsata	China: Hainan, Baoting	AD_Malaysia	658724	658823	27.2400
SRR23343485	Apis dorsata	China: Hainan, Baoting	AD_Malaysia	658824	658923	31.9600
SRR23343485	Apis dorsata	China: Hainan, Baoting	AD_Malaysia	658924	659023	36.0000
SRR23343485	Apis dorsata	China: Hainan, Baoting	AD_Malaysia	659024	659123	34.8100
SRR23343485	Apis dorsata	China: Hainan, Baoting	AD_Malaysia	659124	659223	35.0200
SRR23343485	Apis dorsata	China: Hainan, Baoting	AD_Malaysia	659224	659323	34.2000
SRR23343485	Apis dorsata	China: Hainan, Baoting	AD_Malaysia	659324	659423	30.5000
SRR23343485	Apis dorsata	China: Hainan, Baoting	AD_Malaysia	659424	659523	27.6500
SRR23343485	Apis dorsata	China: Hainan, Baoting	AD_Malaysia	659524	659623	30.8700
SRR23343485	Apis dorsata	China: Hainan, Baoting	AD_Malaysia	659624	659723	28.5000
SRR23343485	Apis dorsata	China: Hainan, Baoting	AD_Malaysia	659724	659823	29.0300
SRR23343485	Apis dorsata	China: Hainan, Baoting	AD_Malaysia	659824	659923	38.5600
SRR23343485	Apis dorsata	China: Hainan, Baoting	AD_Malaysia	659924	660023	38.9600
SRR23343485	Apis dorsata	China: Hainan, Baoting	AD_Malaysia	660024	660123	25.2900
SRR23343485	Apis dorsata	China: Hainan, Baoting	AD_Malaysia	660124	660223	26.2900
SRR23343485	Apis dorsata	China: Hainan, Baoting	AD_Malaysia	660224	660323	28.9400
SRR23343485	Apis dorsata	China: Hainan, Baoting	AD_Malaysia	660324	660423	26.3900
SRR23343485	Apis dorsata	China: Hainan, Baoting	AD_Malaysia	660424	660523	30.5200
SRR23343485	Apis dorsata	China: Hainan, Baoting	AD_Malaysia	660524	660623	35.8200
SRR23343485	Apis dorsata	China: Hainan, Baoting	AD_Malaysia	660624	660723	29.8200
SRR23343485	Apis dorsata	China: Hainan, Baoting	AD_Malaysia	660724	660823	23.6900
SRR23343485	Apis dorsata	China: Hainan, Baoting	AD_Malaysia	660824	660923	29.7900
SRR23343485	Apis dorsata	China: Hainan, Baoting	AD_Malaysia	660924	661023	31.5400
SRR23343485	Apis dorsata	China: Hainan, Baoting	AD_Malaysia	661024	661123	22.1100
SRR23343485	Apis dorsata	China: Hainan, Baoting	AD_Malaysia	661124	661223	21.7500
SRR23343485	Apis dorsata	China: Hainan, Baoting	AD_Malaysia	661224	661323	24.8200
SRR23343485	Apis dorsata	China: Hainan, Baoting	AD_Malaysia	661324	661423	25.4300
SRR23343485	Apis dorsata	China: Hainan, Baoting	AD_Malaysia	661424	661523	26.5300
SRR23343485	Apis dorsata	China: Hainan, Baoting	AD_Malaysia	661524	661623	25.5800
SRR23343485	Apis dorsata	China: Hainan, Baoting	AD_Malaysia	661624	661723	28.6800
SRR23343485	Apis dorsata	China: Hainan, Baoting	AD_Malaysia	661724	661823	26.0000
SRR23343485	Apis dorsata	China: Hainan, Baoting	AD_Malaysia	661824	661923	18.1300
SRR23343485	Apis dorsata	China: Hainan, Baoting	AD_Malaysia	661924	662023	20.6100
SRR23343485	Apis dorsata	China: Hainan, Baoting	AD_Malaysia	662024	662123	25.3600
SRR23343485	Apis dorsata	China: Hainan, Baoting	AD_Malaysia	662124	662223	28.2800
SRR23343485	Apis dorsata	China: Hainan, Baoting	AD_Malaysia	662224	662323	26.6900
SRR23343485	Apis dorsata	China: Hainan, Baoting	AD_Malaysia	662324	662423	27.0400
SRR23343485	Apis dorsata	China: Hainan, Baoting	AD_Malaysia	662424	662523	30.5200
SRR23343485	Apis dorsata	China: Hainan, Baoting	AD_Malaysia	662524	662623	18.5400
SRR23343485	Apis dorsata	China: Hainan, Baoting	AD_Malaysia	662624	662723	17.9600
SRR23343485	Apis dorsata	China: Hainan, Baoting	AD_Malaysia	662724	662823	17.3600
SRR23343485	Apis dorsata	China: Hainan, Baoting	AD_Malaysia	662824	662923	16.7600
SRR23343485	Apis dorsata	China: Hainan, Baoting	AD_Malaysia	662924	663023	14.8100
SRR23343485	Apis dorsata	China: Hainan, Baoting	AD_Malaysia	663024	663123	16.5000
SRR23343485	Apis dorsata	China: Hainan, Baoting	AD_Malaysia	663124	663223	15.5200
SRR23343485	Apis dorsata	China: Hainan, Baoting	AD_Malaysia	663224	663323	12.1800
SRR23343485	Apis dorsata	China: Hainan, Baoting	AD_Malaysia	663324	663423	10.0800
SRR23343485	Apis dorsata	China: Hainan, Baoting	AD_Malaysia	663424	663523	14.7500
SRR23343485	Apis dorsata	China: Hainan, Baoting	AD_Malaysia	663524	663623	18.3000
SRR23343485	Apis dorsata	China: Hainan, Baoting	AD_Malaysia	663624	663723	24.0900
SRR23343485	Apis dorsata	China: Hainan, Baoting	AD_Malaysia	663724	663823	33.3400
SRR23343485	Apis dorsata	China: Hainan, Baoting	AD_Malaysia	663824	663923	29.1200
SRR23343485	Apis dorsata	China: Hainan, Baoting	AD_Malaysia	663924	664023	24.7000
SRR23343485	Apis dorsata	China: Hainan, Baoting	AD_Malaysia	664024	664123	26.5700
SRR23343485	Apis dorsata	China: Hainan, Baoting	AD_Malaysia	664124	664223	23.5600
SRR23343485	Apis dorsata	China: Hainan, Baoting	AD_Malaysia	664224	664261	22.0263
SRR23343486	Apis dorsata	China: Hainan, Baoting	AD_Malaysia	656224	656323	34.9700
SRR23343486	Apis dorsata	China: Hainan, Baoting	AD_Malaysia	656324	656423	37.9800
SRR23343486	Apis dorsata	China: Hainan, Baoting	AD_Malaysia	656424	656523	43.5400
SRR23343486	Apis dorsata	China: Hainan, Baoting	AD_Malaysia	656524	656623	36.3200
SRR23343486	Apis dorsata	China: Hainan, Baoting	AD_Malaysia	656624	656723	31.3300
SRR23343486	Apis dorsata	China: Hainan, Baoting	AD_Malaysia	656724	656823	32.8800
SRR23343486	Apis dorsata	China: Hainan, Baoting	AD_Malaysia	656824	656923	30.9500
SRR23343486	Apis dorsata	China: Hainan, Baoting	AD_Malaysia	656924	657023	36.3900
SRR23343486	Apis dorsata	China: Hainan, Baoting	AD_Malaysia	657024	657123	34.3600
SRR23343486	Apis dorsata	China: Hainan, Baoting	AD_Malaysia	657124	657223	28.0900
SRR23343486	Apis dorsata	China: Hainan, Baoting	AD_Malaysia	657224	657323	33.6000
SRR23343486	Apis dorsata	China: Hainan, Baoting	AD_Malaysia	657324	657423	27.7500
SRR23343486	Apis dorsata	China: Hainan, Baoting	AD_Malaysia	657424	657523	31.9900
SRR23343486	Apis dorsata	China: Hainan, Baoting	AD_Malaysia	657524	657623	28.8600
SRR23343486	Apis dorsata	China: Hainan, Baoting	AD_Malaysia	657624	657723	33.9100
SRR23343486	Apis dorsata	China: Hainan, Baoting	AD_Malaysia	657724	657823	39.5700
SRR23343486	Apis dorsata	China: Hainan, Baoting	AD_Malaysia	657824	657923	36.2900
SRR23343486	Apis dorsata	China: Hainan, Baoting	AD_Malaysia	657924	658023	42.2200
SRR23343486	Apis dorsata	China: Hainan, Baoting	AD_Malaysia	658024	658123	39.3200
SRR23343486	Apis dorsata	China: Hainan, Baoting	AD_Malaysia	658124	658223	39.5600
SRR23343486	Apis dorsata	China: Hainan, Baoting	AD_Malaysia	658224	658323	37.4000
SRR23343486	Apis dorsata	China: Hainan, Baoting	AD_Malaysia	658324	658423	36.7800
SRR23343486	Apis dorsata	China: Hainan, Baoting	AD_Malaysia	658424	658523	43.2600
SRR23343486	Apis dorsata	China: Hainan, Baoting	AD_Malaysia	658524	658623	34.6800
SRR23343486	Apis dorsata	China: Hainan, Baoting	AD_Malaysia	658624	658723	26.8100
SRR23343486	Apis dorsata	China: Hainan, Baoting	AD_Malaysia	658724	658823	30.8600
SRR23343486	Apis dorsata	China: Hainan, Baoting	AD_Malaysia	658824	658923	33.7700
SRR23343486	Apis dorsata	China: Hainan, Baoting	AD_Malaysia	658924	659023	34.5700
SRR23343486	Apis dorsata	China: Hainan, Baoting	AD_Malaysia	659024	659123	30.8200
SRR23343486	Apis dorsata	China: Hainan, Baoting	AD_Malaysia	659124	659223	29.9400
SRR23343486	Apis dorsata	China: Hainan, Baoting	AD_Malaysia	659224	659323	31.7600
SRR23343486	Apis dorsata	China: Hainan, Baoting	AD_Malaysia	659324	659423	33.8100
SRR23343486	Apis dorsata	China: Hainan, Baoting	AD_Malaysia	659424	659523	30.3300
SRR23343486	Apis dorsata	China: Hainan, Baoting	AD_Malaysia	659524	659623	30.8200
SRR23343486	Apis dorsata	China: Hainan, Baoting	AD_Malaysia	659624	659723	31.9400
SRR23343486	Apis dorsata	China: Hainan, Baoting	AD_Malaysia	659724	659823	37.6000
SRR23343486	Apis dorsata	China: Hainan, Baoting	AD_Malaysia	659824	659923	33.9800
SRR23343486	Apis dorsata	China: Hainan, Baoting	AD_Malaysia	659924	660023	30.0500
SRR23343486	Apis dorsata	China: Hainan, Baoting	AD_Malaysia	660024	660123	25.4500
SRR23343486	Apis dorsata	China: Hainan, Baoting	AD_Malaysia	660124	660223	36.0100
SRR23343486	Apis dorsata	China: Hainan, Baoting	AD_Malaysia	660224	660323	38.4800
SRR23343486	Apis dorsata	China: Hainan, Baoting	AD_Malaysia	660324	660423	40.6200
SRR23343486	Apis dorsata	China: Hainan, Baoting	AD_Malaysia	660424	660523	47.2700
SRR23343486	Apis dorsata	China: Hainan, Baoting	AD_Malaysia	660524	660623	48.0600
SRR23343486	Apis dorsata	China: Hainan, Baoting	AD_Malaysia	660624	660723	37.1300
SRR23343486	Apis dorsata	China: Hainan, Baoting	AD_Malaysia	660724	660823	32.6800
SRR23343486	Apis dorsata	China: Hainan, Baoting	AD_Malaysia	660824	660923	29.3600
SRR23343486	Apis dorsata	China: Hainan, Baoting	AD_Malaysia	660924	661023	28.8300
SRR23343486	Apis dorsata	China: Hainan, Baoting	AD_Malaysia	661024	661123	37.7700
SRR23343486	Apis dorsata	China: Hainan, Baoting	AD_Malaysia	661124	661223	36.2600
SRR23343486	Apis dorsata	China: Hainan, Baoting	AD_Malaysia	661224	661323	31.5900
SRR23343486	Apis dorsata	China: Hainan, Baoting	AD_Malaysia	661324	661423	37.6900
SRR23343486	Apis dorsata	China: Hainan, Baoting	AD_Malaysia	661424	661523	39.4600
SRR23343486	Apis dorsata	China: Hainan, Baoting	AD_Malaysia	661524	661623	37.9400
SRR23343486	Apis dorsata	China: Hainan, Baoting	AD_Malaysia	661624	661723	37.4600
SRR23343486	Apis dorsata	China: Hainan, Baoting	AD_Malaysia	661724	661823	35.5600
SRR23343486	Apis dorsata	China: Hainan, Baoting	AD_Malaysia	661824	661923	38.6300
SRR23343486	Apis dorsata	China: Hainan, Baoting	AD_Malaysia	661924	662023	40.4000
SRR23343486	Apis dorsata	China: Hainan, Baoting	AD_Malaysia	662024	662123	34.1100
SRR23343486	Apis dorsata	China: Hainan, Baoting	AD_Malaysia	662124	662223	28.9700
SRR23343486	Apis dorsata	China: Hainan, Baoting	AD_Malaysia	662224	662323	31.8700
SRR23343486	Apis dorsata	China: Hainan, Baoting	AD_Malaysia	662324	662423	36.7700
SRR23343486	Apis dorsata	China: Hainan, Baoting	AD_Malaysia	662424	662523	39.0400
SRR23343486	Apis dorsata	China: Hainan, Baoting	AD_Malaysia	662524	662623	35.7300
SRR23343486	Apis dorsata	China: Hainan, Baoting	AD_Malaysia	662624	662723	33.3600
SRR23343486	Apis dorsata	China: Hainan, Baoting	AD_Malaysia	662724	662823	20.2400
SRR23343486	Apis dorsata	China: Hainan, Baoting	AD_Malaysia	662824	662923	22.4100
SRR23343486	Apis dorsata	China: Hainan, Baoting	AD_Malaysia	662924	663023	26.7200
SRR23343486	Apis dorsata	China: Hainan, Baoting	AD_Malaysia	663024	663123	22.2400
SRR23343486	Apis dorsata	China: Hainan, Baoting	AD_Malaysia	663124	663223	26.4400
SRR23343486	Apis dorsata	China: Hainan, Baoting	AD_Malaysia	663224	663323	19.4700
SRR23343486	Apis dorsata	China: Hainan, Baoting	AD_Malaysia	663324	663423	16.0200
SRR23343486	Apis dorsata	China: Hainan, Baoting	AD_Malaysia	663424	663523	11.5600
SRR23343486	Apis dorsata	China: Hainan, Baoting	AD_Malaysia	663524	663623	12.6500
SRR23343486	Apis dorsata	China: Hainan, Baoting	AD_Malaysia	663624	663723	19.4300
SRR23343486	Apis dorsata	China: Hainan, Baoting	AD_Malaysia	663724	663823	21.2600
SRR23343486	Apis dorsata	China: Hainan, Baoting	AD_Malaysia	663824	663923	25.1200
SRR23343486	Apis dorsata	China: Hainan, Baoting	AD_Malaysia	663924	664023	33.1400
SRR23343486	Apis dorsata	China: Hainan, Baoting	AD_Malaysia	664024	664123	33.9400
SRR23343486	Apis dorsata	China: Hainan, Baoting	AD_Malaysia	664124	664223	29.2700
SRR23343486	Apis dorsata	China: Hainan, Baoting	AD_Malaysia	664224	664261	24.2895
SRR23343487	Apis dorsata	China: Hainan, Baoting	AD_Malaysia	656224	656323	36.2000
SRR23343487	Apis dorsata	China: Hainan, Baoting	AD_Malaysia	656324	656423	36.1600
SRR23343487	Apis dorsata	China: Hainan, Baoting	AD_Malaysia	656424	656523	29.2100
SRR23343487	Apis dorsata	China: Hainan, Baoting	AD_Malaysia	656524	656623	27.4400
SRR23343487	Apis dorsata	China: Hainan, Baoting	AD_Malaysia	656624	656723	23.4300
SRR23343487	Apis dorsata	China: Hainan, Baoting	AD_Malaysia	656724	656823	25.5100
SRR23343487	Apis dorsata	China: Hainan, Baoting	AD_Malaysia	656824	656923	27.8000
SRR23343487	Apis dorsata	China: Hainan, Baoting	AD_Malaysia	656924	657023	24.9300
SRR23343487	Apis dorsata	China: Hainan, Baoting	AD_Malaysia	657024	657123	31.3300
SRR23343487	Apis dorsata	China: Hainan, Baoting	AD_Malaysia	657124	657223	33.0200
SRR23343487	Apis dorsata	China: Hainan, Baoting	AD_Malaysia	657224	657323	36.5700
SRR23343487	Apis dorsata	China: Hainan, Baoting	AD_Malaysia	657324	657423	36.7700
SRR23343487	Apis dorsata	China: Hainan, Baoting	AD_Malaysia	657424	657523	43.4100
SRR23343487	Apis dorsata	China: Hainan, Baoting	AD_Malaysia	657524	657623	44.6300
SRR23343487	Apis dorsata	China: Hainan, Baoting	AD_Malaysia	657624	657723	41.1400
SRR23343487	Apis dorsata	China: Hainan, Baoting	AD_Malaysia	657724	657823	41.3800
SRR23343487	Apis dorsata	China: Hainan, Baoting	AD_Malaysia	657824	657923	39.9100
SRR23343487	Apis dorsata	China: Hainan, Baoting	AD_Malaysia	657924	658023	41.8800
SRR23343487	Apis dorsata	China: Hainan, Baoting	AD_Malaysia	658024	658123	35.1700
SRR23343487	Apis dorsata	China: Hainan, Baoting	AD_Malaysia	658124	658223	35.0500
SRR23343487	Apis dorsata	China: Hainan, Baoting	AD_Malaysia	658224	658323	34.1400
SRR23343487	Apis dorsata	China: Hainan, Baoting	AD_Malaysia	658324	658423	33.0900
SRR23343487	Apis dorsata	China: Hainan, Baoting	AD_Malaysia	658424	658523	30.3500
SRR23343487	Apis dorsata	China: Hainan, Baoting	AD_Malaysia	658524	658623	35.5100
SRR23343487	Apis dorsata	China: Hainan, Baoting	AD_Malaysia	658624	658723	41.0200
SRR23343487	Apis dorsata	China: Hainan, Baoting	AD_Malaysia	658724	658823	42.8500
SRR23343487	Apis dorsata	China: Hainan, Baoting	AD_Malaysia	658824	658923	40.2900
SRR23343487	Apis dorsata	China: Hainan, Baoting	AD_Malaysia	658924	659023	41.2100
SRR23343487	Apis dorsata	China: Hainan, Baoting	AD_Malaysia	659024	659123	33.5900
SRR23343487	Apis dorsata	China: Hainan, Baoting	AD_Malaysia	659124	659223	37.1600
SRR23343487	Apis dorsata	China: Hainan, Baoting	AD_Malaysia	659224	659323	35.1300
SRR23343487	Apis dorsata	China: Hainan, Baoting	AD_Malaysia	659324	659423	34.0000
SRR23343487	Apis dorsata	China: Hainan, Baoting	AD_Malaysia	659424	659523	36.2000
SRR23343487	Apis dorsata	China: Hainan, Baoting	AD_Malaysia	659524	659623	30.7100
SRR23343487	Apis dorsata	China: Hainan, Baoting	AD_Malaysia	659624	659723	30.4600
SRR23343487	Apis dorsata	China: Hainan, Baoting	AD_Malaysia	659724	659823	38.1300
SRR23343487	Apis dorsata	China: Hainan, Baoting	AD_Malaysia	659824	659923	38.0700
SRR23343487	Apis dorsata	China: Hainan, Baoting	AD_Malaysia	659924	660023	34.6500
SRR23343487	Apis dorsata	China: Hainan, Baoting	AD_Malaysia	660024	660123	29.1500
SRR23343487	Apis dorsata	China: Hainan, Baoting	AD_Malaysia	660124	660223	31.7800
SRR23343487	Apis dorsata	China: Hainan, Baoting	AD_Malaysia	660224	660323	38.6200
SRR23343487	Apis dorsata	China: Hainan, Baoting	AD_Malaysia	660324	660423	41.1500
SRR23343487	Apis dorsata	China: Hainan, Baoting	AD_Malaysia	660424	660523	44.0300
SRR23343487	Apis dorsata	China: Hainan, Baoting	AD_Malaysia	660524	660623	46.8700
SRR23343487	Apis dorsata	China: Hainan, Baoting	AD_Malaysia	660624	660723	45.3100
SRR23343487	Apis dorsata	China: Hainan, Baoting	AD_Malaysia	660724	660823	42.5400
SRR23343487	Apis dorsata	China: Hainan, Baoting	AD_Malaysia	660824	660923	38.4500
SRR23343487	Apis dorsata	China: Hainan, Baoting	AD_Malaysia	660924	661023	41.0800
SRR23343487	Apis dorsata	China: Hainan, Baoting	AD_Malaysia	661024	661123	40.2500
SRR23343487	Apis dorsata	China: Hainan, Baoting	AD_Malaysia	661124	661223	36.0500
SRR23343487	Apis dorsata	China: Hainan, Baoting	AD_Malaysia	661224	661323	29.5000
SRR23343487	Apis dorsata	China: Hainan, Baoting	AD_Malaysia	661324	661423	26.0800
SRR23343487	Apis dorsata	China: Hainan, Baoting	AD_Malaysia	661424	661523	29.9500
SRR23343487	Apis dorsata	China: Hainan, Baoting	AD_Malaysia	661524	661623	35.6700
SRR23343487	Apis dorsata	China: Hainan, Baoting	AD_Malaysia	661624	661723	39.6900
SRR23343487	Apis dorsata	China: Hainan, Baoting	AD_Malaysia	661724	661823	35.6100
SRR23343487	Apis dorsata	China: Hainan, Baoting	AD_Malaysia	661824	661923	36.2300
SRR23343487	Apis dorsata	China: Hainan, Baoting	AD_Malaysia	661924	662023	32.5600
SRR23343487	Apis dorsata	China: Hainan, Baoting	AD_Malaysia	662024	662123	29.8100
SRR23343487	Apis dorsata	China: Hainan, Baoting	AD_Malaysia	662124	662223	34.8500
SRR23343487	Apis dorsata	China: Hainan, Baoting	AD_Malaysia	662224	662323	31.5200
SRR23343487	Apis dorsata	China: Hainan, Baoting	AD_Malaysia	662324	662423	40.6500
SRR23343487	Apis dorsata	China: Hainan, Baoting	AD_Malaysia	662424	662523	45.0400
SRR23343487	Apis dorsata	China: Hainan, Baoting	AD_Malaysia	662524	662623	38.4500
SRR23343487	Apis dorsata	China: Hainan, Baoting	AD_Malaysia	662624	662723	27.6400
SRR23343487	Apis dorsata	China: Hainan, Baoting	AD_Malaysia	662724	662823	25.2300
SRR23343487	Apis dorsata	China: Hainan, Baoting	AD_Malaysia	662824	662923	23.2500
SRR23343487	Apis dorsata	China: Hainan, Baoting	AD_Malaysia	662924	663023	19.2900
SRR23343487	Apis dorsata	China: Hainan, Baoting	AD_Malaysia	663024	663123	21.6100
SRR23343487	Apis dorsata	China: Hainan, Baoting	AD_Malaysia	663124	663223	21.9900
SRR23343487	Apis dorsata	China: Hainan, Baoting	AD_Malaysia	663224	663323	20.3000
SRR23343487	Apis dorsata	China: Hainan, Baoting	AD_Malaysia	663324	663423	11.2900
SRR23343487	Apis dorsata	China: Hainan, Baoting	AD_Malaysia	663424	663523	7.3000
SRR23343487	Apis dorsata	China: Hainan, Baoting	AD_Malaysia	663524	663623	6.1900
SRR23343487	Apis dorsata	China: Hainan, Baoting	AD_Malaysia	663624	663723	11.0300
SRR23343487	Apis dorsata	China: Hainan, Baoting	AD_Malaysia	663724	663823	17.9200
SRR23343487	Apis dorsata	China: Hainan, Baoting	AD_Malaysia	663824	663923	26.7400
SRR23343487	Apis dorsata	China: Hainan, Baoting	AD_Malaysia	663924	664023	26.4200
SRR23343487	Apis dorsata	China: Hainan, Baoting	AD_Malaysia	664024	664123	29.9200
SRR23343487	Apis dorsata	China: Hainan, Baoting	AD_Malaysia	664124	664223	36.6800
SRR23343487	Apis dorsata	China: Hainan, Baoting	AD_Malaysia	664224	664261	36.8684
SRR23343488	Apis dorsata	China: Hainan, Qiongzhong	AD_Malaysia	656224	656323	31.9900
SRR23343488	Apis dorsata	China: Hainan, Qiongzhong	AD_Malaysia	656324	656423	29.3000
SRR23343488	Apis dorsata	China: Hainan, Qiongzhong	AD_Malaysia	656424	656523	25.3500
SRR23343488	Apis dorsata	China: Hainan, Qiongzhong	AD_Malaysia	656524	656623	33.9800
SRR23343488	Apis dorsata	China: Hainan, Qiongzhong	AD_Malaysia	656624	656723	25.5700
SRR23343488	Apis dorsata	China: Hainan, Qiongzhong	AD_Malaysia	656724	656823	24.5300
SRR23343488	Apis dorsata	China: Hainan, Qiongzhong	AD_Malaysia	656824	656923	24.3500
SRR23343488	Apis dorsata	China: Hainan, Qiongzhong	AD_Malaysia	656924	657023	23.8500
SRR23343488	Apis dorsata	China: Hainan, Qiongzhong	AD_Malaysia	657024	657123	29.7300
SRR23343488	Apis dorsata	China: Hainan, Qiongzhong	AD_Malaysia	657124	657223	26.3800
SRR23343488	Apis dorsata	China: Hainan, Qiongzhong	AD_Malaysia	657224	657323	33.4400
SRR23343488	Apis dorsata	China: Hainan, Qiongzhong	AD_Malaysia	657324	657423	38.3100
SRR23343488	Apis dorsata	China: Hainan, Qiongzhong	AD_Malaysia	657424	657523	34.6300
SRR23343488	Apis dorsata	China: Hainan, Qiongzhong	AD_Malaysia	657524	657623	29.2700
SRR23343488	Apis dorsata	China: Hainan, Qiongzhong	AD_Malaysia	657624	657723	37.2800
SRR23343488	Apis dorsata	China: Hainan, Qiongzhong	AD_Malaysia	657724	657823	40.3800
SRR23343488	Apis dorsata	China: Hainan, Qiongzhong	AD_Malaysia	657824	657923	32.2600
SRR23343488	Apis dorsata	China: Hainan, Qiongzhong	AD_Malaysia	657924	658023	30.7500
SRR23343488	Apis dorsata	China: Hainan, Qiongzhong	AD_Malaysia	658024	658123	37.4100
SRR23343488	Apis dorsata	China: Hainan, Qiongzhong	AD_Malaysia	658124	658223	34.2200
SRR23343488	Apis dorsata	China: Hainan, Qiongzhong	AD_Malaysia	658224	658323	30.6600
SRR23343488	Apis dorsata	China: Hainan, Qiongzhong	AD_Malaysia	658324	658423	32.2300
SRR23343488	Apis dorsata	China: Hainan, Qiongzhong	AD_Malaysia	658424	658523	36.5900
SRR23343488	Apis dorsata	China: Hainan, Qiongzhong	AD_Malaysia	658524	658623	34.4400
SRR23343488	Apis dorsata	China: Hainan, Qiongzhong	AD_Malaysia	658624	658723	35.3500
SRR23343488	Apis dorsata	China: Hainan, Qiongzhong	AD_Malaysia	658724	658823	34.5500
SRR23343488	Apis dorsata	China: Hainan, Qiongzhong	AD_Malaysia	658824	658923	35.6300
SRR23343488	Apis dorsata	China: Hainan, Qiongzhong	AD_Malaysia	658924	659023	40.3200
SRR23343488	Apis dorsata	China: Hainan, Qiongzhong	AD_Malaysia	659024	659123	28.9300
SRR23343488	Apis dorsata	China: Hainan, Qiongzhong	AD_Malaysia	659124	659223	30.9000
SRR23343488	Apis dorsata	China: Hainan, Qiongzhong	AD_Malaysia	659224	659323	34.2600
SRR23343488	Apis dorsata	China: Hainan, Qiongzhong	AD_Malaysia	659324	659423	32.9300
SRR23343488	Apis dorsata	China: Hainan, Qiongzhong	AD_Malaysia	659424	659523	28.0000
SRR23343488	Apis dorsata	China: Hainan, Qiongzhong	AD_Malaysia	659524	659623	30.7200
SRR23343488	Apis dorsata	China: Hainan, Qiongzhong	AD_Malaysia	659624	659723	34.6200
SRR23343488	Apis dorsata	China: Hainan, Qiongzhong	AD_Malaysia	659724	659823	31.4800
SRR23343488	Apis dorsata	China: Hainan, Qiongzhong	AD_Malaysia	659824	659923	33.4500
SRR23343488	Apis dorsata	China: Hainan, Qiongzhong	AD_Malaysia	659924	660023	31.1900
SRR23343488	Apis dorsata	China: Hainan, Qiongzhong	AD_Malaysia	660024	660123	31.8800
SRR23343488	Apis dorsata	China: Hainan, Qiongzhong	AD_Malaysia	660124	660223	31.7400
SRR23343488	Apis dorsata	China: Hainan, Qiongzhong	AD_Malaysia	660224	660323	33.3400
SRR23343488	Apis dorsata	China: Hainan, Qiongzhong	AD_Malaysia	660324	660423	32.4500
SRR23343488	Apis dorsata	China: Hainan, Qiongzhong	AD_Malaysia	660424	660523	35.5900
SRR23343488	Apis dorsata	China: Hainan, Qiongzhong	AD_Malaysia	660524	660623	35.1800
SRR23343488	Apis dorsata	China: Hainan, Qiongzhong	AD_Malaysia	660624	660723	38.8200
SRR23343488	Apis dorsata	China: Hainan, Qiongzhong	AD_Malaysia	660724	660823	30.7400
SRR23343488	Apis dorsata	China: Hainan, Qiongzhong	AD_Malaysia	660824	660923	24.4900
SRR23343488	Apis dorsata	China: Hainan, Qiongzhong	AD_Malaysia	660924	661023	24.6900
SRR23343488	Apis dorsata	China: Hainan, Qiongzhong	AD_Malaysia	661024	661123	28.8100
SRR23343488	Apis dorsata	China: Hainan, Qiongzhong	AD_Malaysia	661124	661223	25.2900
SRR23343488	Apis dorsata	China: Hainan, Qiongzhong	AD_Malaysia	661224	661323	23.2500
SRR23343488	Apis dorsata	China: Hainan, Qiongzhong	AD_Malaysia	661324	661423	27.5700
SRR23343488	Apis dorsata	China: Hainan, Qiongzhong	AD_Malaysia	661424	661523	29.5000
SRR23343488	Apis dorsata	China: Hainan, Qiongzhong	AD_Malaysia	661524	661623	25.2100
SRR23343488	Apis dorsata	China: Hainan, Qiongzhong	AD_Malaysia	661624	661723	30.2400
SRR23343488	Apis dorsata	China: Hainan, Qiongzhong	AD_Malaysia	661724	661823	28.2800
SRR23343488	Apis dorsata	China: Hainan, Qiongzhong	AD_Malaysia	661824	661923	30.2100
SRR23343488	Apis dorsata	China: Hainan, Qiongzhong	AD_Malaysia	661924	662023	25.8500
SRR23343488	Apis dorsata	China: Hainan, Qiongzhong	AD_Malaysia	662024	662123	22.6600
SRR23343488	Apis dorsata	China: Hainan, Qiongzhong	AD_Malaysia	662124	662223	21.0700
SRR23343488	Apis dorsata	China: Hainan, Qiongzhong	AD_Malaysia	662224	662323	19.9100
SRR23343488	Apis dorsata	China: Hainan, Qiongzhong	AD_Malaysia	662324	662423	25.9000
SRR23343488	Apis dorsata	China: Hainan, Qiongzhong	AD_Malaysia	662424	662523	23.5700
SRR23343488	Apis dorsata	China: Hainan, Qiongzhong	AD_Malaysia	662524	662623	21.4300
SRR23343488	Apis dorsata	China: Hainan, Qiongzhong	AD_Malaysia	662624	662723	25.1900
SRR23343488	Apis dorsata	China: Hainan, Qiongzhong	AD_Malaysia	662724	662823	23.1500
SRR23343488	Apis dorsata	China: Hainan, Qiongzhong	AD_Malaysia	662824	662923	22.5100
SRR23343488	Apis dorsata	China: Hainan, Qiongzhong	AD_Malaysia	662924	663023	23.2400
SRR23343488	Apis dorsata	China: Hainan, Qiongzhong	AD_Malaysia	663024	663123	16.8000
SRR23343488	Apis dorsata	China: Hainan, Qiongzhong	AD_Malaysia	663124	663223	25.8500
SRR23343488	Apis dorsata	China: Hainan, Qiongzhong	AD_Malaysia	663224	663323	21.8500
SRR23343488	Apis dorsata	China: Hainan, Qiongzhong	AD_Malaysia	663324	663423	10.3000
SRR23343488	Apis dorsata	China: Hainan, Qiongzhong	AD_Malaysia	663424	663523	10.5300
SRR23343488	Apis dorsata	China: Hainan, Qiongzhong	AD_Malaysia	663524	663623	10.4800
SRR23343488	Apis dorsata	China: Hainan, Qiongzhong	AD_Malaysia	663624	663723	6.9400
SRR23343488	Apis dorsata	China: Hainan, Qiongzhong	AD_Malaysia	663724	663823	16.8600
SRR23343488	Apis dorsata	China: Hainan, Qiongzhong	AD_Malaysia	663824	663923	26.9800
SRR23343488	Apis dorsata	China: Hainan, Qiongzhong	AD_Malaysia	663924	664023	21.2000
SRR23343488	Apis dorsata	China: Hainan, Qiongzhong	AD_Malaysia	664024	664123	24.5700
SRR23343488	Apis dorsata	China: Hainan, Qiongzhong	AD_Malaysia	664124	664223	32.4600
SRR23343488	Apis dorsata	China: Hainan, Qiongzhong	AD_Malaysia	664224	664261	27.6053
SRR23343489	Apis dorsata	China: Hainan, Qiongzhong	AD_Malaysia	656224	656323	27.1200
SRR23343489	Apis dorsata	China: Hainan, Qiongzhong	AD_Malaysia	656324	656423	32.4500
SRR23343489	Apis dorsata	China: Hainan, Qiongzhong	AD_Malaysia	656424	656523	33.4100
SRR23343489	Apis dorsata	China: Hainan, Qiongzhong	AD_Malaysia	656524	656623	41.2800
SRR23343489	Apis dorsata	China: Hainan, Qiongzhong	AD_Malaysia	656624	656723	30.3400
SRR23343489	Apis dorsata	China: Hainan, Qiongzhong	AD_Malaysia	656724	656823	31.9400
SRR23343489	Apis dorsata	China: Hainan, Qiongzhong	AD_Malaysia	656824	656923	37.7100
SRR23343489	Apis dorsata	China: Hainan, Qiongzhong	AD_Malaysia	656924	657023	30.8700
SRR23343489	Apis dorsata	China: Hainan, Qiongzhong	AD_Malaysia	657024	657123	30.4100
SRR23343489	Apis dorsata	China: Hainan, Qiongzhong	AD_Malaysia	657124	657223	28.1800
SRR23343489	Apis dorsata	China: Hainan, Qiongzhong	AD_Malaysia	657224	657323	24.7500
SRR23343489	Apis dorsata	China: Hainan, Qiongzhong	AD_Malaysia	657324	657423	25.3300
SRR23343489	Apis dorsata	China: Hainan, Qiongzhong	AD_Malaysia	657424	657523	30.1600
SRR23343489	Apis dorsata	China: Hainan, Qiongzhong	AD_Malaysia	657524	657623	30.1300
SRR23343489	Apis dorsata	China: Hainan, Qiongzhong	AD_Malaysia	657624	657723	28.1800
SRR23343489	Apis dorsata	China: Hainan, Qiongzhong	AD_Malaysia	657724	657823	30.2200
SRR23343489	Apis dorsata	China: Hainan, Qiongzhong	AD_Malaysia	657824	657923	34.0800
SRR23343489	Apis dorsata	China: Hainan, Qiongzhong	AD_Malaysia	657924	658023	38.5600
SRR23343489	Apis dorsata	China: Hainan, Qiongzhong	AD_Malaysia	658024	658123	39.1300
SRR23343489	Apis dorsata	China: Hainan, Qiongzhong	AD_Malaysia	658124	658223	35.5900
SRR23343489	Apis dorsata	China: Hainan, Qiongzhong	AD_Malaysia	658224	658323	39.9800
SRR23343489	Apis dorsata	China: Hainan, Qiongzhong	AD_Malaysia	658324	658423	43.9900
SRR23343489	Apis dorsata	China: Hainan, Qiongzhong	AD_Malaysia	658424	658523	45.9300
SRR23343489	Apis dorsata	China: Hainan, Qiongzhong	AD_Malaysia	658524	658623	49.9000
SRR23343489	Apis dorsata	China: Hainan, Qiongzhong	AD_Malaysia	658624	658723	50.0800
SRR23343489	Apis dorsata	China: Hainan, Qiongzhong	AD_Malaysia	658724	658823	47.0000
SRR23343489	Apis dorsata	China: Hainan, Qiongzhong	AD_Malaysia	658824	658923	41.3400
SRR23343489	Apis dorsata	China: Hainan, Qiongzhong	AD_Malaysia	658924	659023	37.9500
SRR23343489	Apis dorsata	China: Hainan, Qiongzhong	AD_Malaysia	659024	659123	33.9600
SRR23343489	Apis dorsata	China: Hainan, Qiongzhong	AD_Malaysia	659124	659223	35.0800
SRR23343489	Apis dorsata	China: Hainan, Qiongzhong	AD_Malaysia	659224	659323	30.9100
SRR23343489	Apis dorsata	China: Hainan, Qiongzhong	AD_Malaysia	659324	659423	39.7600
SRR23343489	Apis dorsata	China: Hainan, Qiongzhong	AD_Malaysia	659424	659523	40.4100
SRR23343489	Apis dorsata	China: Hainan, Qiongzhong	AD_Malaysia	659524	659623	32.3900
SRR23343489	Apis dorsata	China: Hainan, Qiongzhong	AD_Malaysia	659624	659723	33.2600
SRR23343489	Apis dorsata	China: Hainan, Qiongzhong	AD_Malaysia	659724	659823	34.5100
SRR23343489	Apis dorsata	China: Hainan, Qiongzhong	AD_Malaysia	659824	659923	33.7100
SRR23343489	Apis dorsata	China: Hainan, Qiongzhong	AD_Malaysia	659924	660023	32.7700
SRR23343489	Apis dorsata	China: Hainan, Qiongzhong	AD_Malaysia	660024	660123	29.9900
SRR23343489	Apis dorsata	China: Hainan, Qiongzhong	AD_Malaysia	660124	660223	36.4000
SRR23343489	Apis dorsata	China: Hainan, Qiongzhong	AD_Malaysia	660224	660323	32.8700
SRR23343489	Apis dorsata	China: Hainan, Qiongzhong	AD_Malaysia	660324	660423	33.9500
SRR23343489	Apis dorsata	China: Hainan, Qiongzhong	AD_Malaysia	660424	660523	34.8000
SRR23343489	Apis dorsata	China: Hainan, Qiongzhong	AD_Malaysia	660524	660623	35.6700
SRR23343489	Apis dorsata	China: Hainan, Qiongzhong	AD_Malaysia	660624	660723	43.7800
SRR23343489	Apis dorsata	China: Hainan, Qiongzhong	AD_Malaysia	660724	660823	42.5700
SRR23343489	Apis dorsata	China: Hainan, Qiongzhong	AD_Malaysia	660824	660923	27.5900
SRR23343489	Apis dorsata	China: Hainan, Qiongzhong	AD_Malaysia	660924	661023	28.4300
SRR23343489	Apis dorsata	China: Hainan, Qiongzhong	AD_Malaysia	661024	661123	38.7500
SRR23343489	Apis dorsata	China: Hainan, Qiongzhong	AD_Malaysia	661124	661223	34.8600
SRR23343489	Apis dorsata	China: Hainan, Qiongzhong	AD_Malaysia	661224	661323	32.7000
SRR23343489	Apis dorsata	China: Hainan, Qiongzhong	AD_Malaysia	661324	661423	35.6000
SRR23343489	Apis dorsata	China: Hainan, Qiongzhong	AD_Malaysia	661424	661523	34.0700
SRR23343489	Apis dorsata	China: Hainan, Qiongzhong	AD_Malaysia	661524	661623	40.6700
SRR23343489	Apis dorsata	China: Hainan, Qiongzhong	AD_Malaysia	661624	661723	39.1800
SRR23343489	Apis dorsata	China: Hainan, Qiongzhong	AD_Malaysia	661724	661823	33.5900
SRR23343489	Apis dorsata	China: Hainan, Qiongzhong	AD_Malaysia	661824	661923	34.4500
SRR23343489	Apis dorsata	China: Hainan, Qiongzhong	AD_Malaysia	661924	662023	24.5700
SRR23343489	Apis dorsata	China: Hainan, Qiongzhong	AD_Malaysia	662024	662123	29.8700
SRR23343489	Apis dorsata	China: Hainan, Qiongzhong	AD_Malaysia	662124	662223	26.7700
SRR23343489	Apis dorsata	China: Hainan, Qiongzhong	AD_Malaysia	662224	662323	26.0200
SRR23343489	Apis dorsata	China: Hainan, Qiongzhong	AD_Malaysia	662324	662423	29.1500
SRR23343489	Apis dorsata	China: Hainan, Qiongzhong	AD_Malaysia	662424	662523	28.6400
SRR23343489	Apis dorsata	China: Hainan, Qiongzhong	AD_Malaysia	662524	662623	19.2200
SRR23343489	Apis dorsata	China: Hainan, Qiongzhong	AD_Malaysia	662624	662723	21.6600
SRR23343489	Apis dorsata	China: Hainan, Qiongzhong	AD_Malaysia	662724	662823	19.6900
SRR23343489	Apis dorsata	China: Hainan, Qiongzhong	AD_Malaysia	662824	662923	21.2000
SRR23343489	Apis dorsata	China: Hainan, Qiongzhong	AD_Malaysia	662924	663023	18.9900
SRR23343489	Apis dorsata	China: Hainan, Qiongzhong	AD_Malaysia	663024	663123	25.7500
SRR23343489	Apis dorsata	China: Hainan, Qiongzhong	AD_Malaysia	663124	663223	32.6900
SRR23343489	Apis dorsata	China: Hainan, Qiongzhong	AD_Malaysia	663224	663323	20.8700
SRR23343489	Apis dorsata	China: Hainan, Qiongzhong	AD_Malaysia	663324	663423	14.1400
SRR23343489	Apis dorsata	China: Hainan, Qiongzhong	AD_Malaysia	663424	663523	7.7400
SRR23343489	Apis dorsata	China: Hainan, Qiongzhong	AD_Malaysia	663524	663623	6.7400
SRR23343489	Apis dorsata	China: Hainan, Qiongzhong	AD_Malaysia	663624	663723	11.8800
SRR23343489	Apis dorsata	China: Hainan, Qiongzhong	AD_Malaysia	663724	663823	14.5500
SRR23343489	Apis dorsata	China: Hainan, Qiongzhong	AD_Malaysia	663824	663923	23.1300
SRR23343489	Apis dorsata	China: Hainan, Qiongzhong	AD_Malaysia	663924	664023	27.7800
SRR23343489	Apis dorsata	China: Hainan, Qiongzhong	AD_Malaysia	664024	664123	36.2000
SRR23343489	Apis dorsata	China: Hainan, Qiongzhong	AD_Malaysia	664124	664223	45.8300
SRR23343489	Apis dorsata	China: Hainan, Qiongzhong	AD_Malaysia	664224	664261	38.4211
SRR23343490	Apis dorsata	China: Hainan, Qiongzhong	AD_Malaysia	656224	656323	26.2200
SRR23343490	Apis dorsata	China: Hainan, Qiongzhong	AD_Malaysia	656324	656423	26.1500
SRR23343490	Apis dorsata	China: Hainan, Qiongzhong	AD_Malaysia	656424	656523	25.1600
SRR23343490	Apis dorsata	China: Hainan, Qiongzhong	AD_Malaysia	656524	656623	20.3200
SRR23343490	Apis dorsata	China: Hainan, Qiongzhong	AD_Malaysia	656624	656723	19.2700
SRR23343490	Apis dorsata	China: Hainan, Qiongzhong	AD_Malaysia	656724	656823	23.2700
SRR23343490	Apis dorsata	China: Hainan, Qiongzhong	AD_Malaysia	656824	656923	21.6600
SRR23343490	Apis dorsata	China: Hainan, Qiongzhong	AD_Malaysia	656924	657023	19.3100
SRR23343490	Apis dorsata	China: Hainan, Qiongzhong	AD_Malaysia	657024	657123	28.2000
SRR23343490	Apis dorsata	China: Hainan, Qiongzhong	AD_Malaysia	657124	657223	25.1400
SRR23343490	Apis dorsata	China: Hainan, Qiongzhong	AD_Malaysia	657224	657323	26.9300
SRR23343490	Apis dorsata	China: Hainan, Qiongzhong	AD_Malaysia	657324	657423	27.9600
SRR23343490	Apis dorsata	China: Hainan, Qiongzhong	AD_Malaysia	657424	657523	28.0500
SRR23343490	Apis dorsata	China: Hainan, Qiongzhong	AD_Malaysia	657524	657623	31.0800
SRR23343490	Apis dorsata	China: Hainan, Qiongzhong	AD_Malaysia	657624	657723	31.3600
SRR23343490	Apis dorsata	China: Hainan, Qiongzhong	AD_Malaysia	657724	657823	29.0500
SRR23343490	Apis dorsata	China: Hainan, Qiongzhong	AD_Malaysia	657824	657923	28.8700
SRR23343490	Apis dorsata	China: Hainan, Qiongzhong	AD_Malaysia	657924	658023	20.8100
SRR23343490	Apis dorsata	China: Hainan, Qiongzhong	AD_Malaysia	658024	658123	17.9000
SRR23343490	Apis dorsata	China: Hainan, Qiongzhong	AD_Malaysia	658124	658223	25.8600
SRR23343490	Apis dorsata	China: Hainan, Qiongzhong	AD_Malaysia	658224	658323	22.7100
SRR23343490	Apis dorsata	China: Hainan, Qiongzhong	AD_Malaysia	658324	658423	21.4100
SRR23343490	Apis dorsata	China: Hainan, Qiongzhong	AD_Malaysia	658424	658523	19.3900
SRR23343490	Apis dorsata	China: Hainan, Qiongzhong	AD_Malaysia	658524	658623	24.0600
SRR23343490	Apis dorsata	China: Hainan, Qiongzhong	AD_Malaysia	658624	658723	23.7700
SRR23343490	Apis dorsata	China: Hainan, Qiongzhong	AD_Malaysia	658724	658823	32.0800
SRR23343490	Apis dorsata	China: Hainan, Qiongzhong	AD_Malaysia	658824	658923	33.7400
SRR23343490	Apis dorsata	China: Hainan, Qiongzhong	AD_Malaysia	658924	659023	37.7500
SRR23343490	Apis dorsata	China: Hainan, Qiongzhong	AD_Malaysia	659024	659123	37.5200
SRR23343490	Apis dorsata	China: Hainan, Qiongzhong	AD_Malaysia	659124	659223	38.3500
SRR23343490	Apis dorsata	China: Hainan, Qiongzhong	AD_Malaysia	659224	659323	34.3700
SRR23343490	Apis dorsata	China: Hainan, Qiongzhong	AD_Malaysia	659324	659423	29.2300
SRR23343490	Apis dorsata	China: Hainan, Qiongzhong	AD_Malaysia	659424	659523	24.9500
SRR23343490	Apis dorsata	China: Hainan, Qiongzhong	AD_Malaysia	659524	659623	16.2700
SRR23343490	Apis dorsata	China: Hainan, Qiongzhong	AD_Malaysia	659624	659723	23.7700
SRR23343490	Apis dorsata	China: Hainan, Qiongzhong	AD_Malaysia	659724	659823	20.5400
SRR23343490	Apis dorsata	China: Hainan, Qiongzhong	AD_Malaysia	659824	659923	24.4500
SRR23343490	Apis dorsata	China: Hainan, Qiongzhong	AD_Malaysia	659924	660023	29.6900
SRR23343490	Apis dorsata	China: Hainan, Qiongzhong	AD_Malaysia	660024	660123	23.7400
SRR23343490	Apis dorsata	China: Hainan, Qiongzhong	AD_Malaysia	660124	660223	27.6900
SRR23343490	Apis dorsata	China: Hainan, Qiongzhong	AD_Malaysia	660224	660323	27.1200
SRR23343490	Apis dorsata	China: Hainan, Qiongzhong	AD_Malaysia	660324	660423	25.7500
SRR23343490	Apis dorsata	China: Hainan, Qiongzhong	AD_Malaysia	660424	660523	29.0600
SRR23343490	Apis dorsata	China: Hainan, Qiongzhong	AD_Malaysia	660524	660623	23.6200
SRR23343490	Apis dorsata	China: Hainan, Qiongzhong	AD_Malaysia	660624	660723	23.8700
SRR23343490	Apis dorsata	China: Hainan, Qiongzhong	AD_Malaysia	660724	660823	31.7000
SRR23343490	Apis dorsata	China: Hainan, Qiongzhong	AD_Malaysia	660824	660923	26.4800
SRR23343490	Apis dorsata	China: Hainan, Qiongzhong	AD_Malaysia	660924	661023	19.8700
SRR23343490	Apis dorsata	China: Hainan, Qiongzhong	AD_Malaysia	661024	661123	25.0400
SRR23343490	Apis dorsata	China: Hainan, Qiongzhong	AD_Malaysia	661124	661223	20.5000
SRR23343490	Apis dorsata	China: Hainan, Qiongzhong	AD_Malaysia	661224	661323	18.1500
SRR23343490	Apis dorsata	China: Hainan, Qiongzhong	AD_Malaysia	661324	661423	20.2400
SRR23343490	Apis dorsata	China: Hainan, Qiongzhong	AD_Malaysia	661424	661523	26.0500
SRR23343490	Apis dorsata	China: Hainan, Qiongzhong	AD_Malaysia	661524	661623	29.8500
SRR23343490	Apis dorsata	China: Hainan, Qiongzhong	AD_Malaysia	661624	661723	32.5500
SRR23343490	Apis dorsata	China: Hainan, Qiongzhong	AD_Malaysia	661724	661823	26.7900
SRR23343490	Apis dorsata	China: Hainan, Qiongzhong	AD_Malaysia	661824	661923	23.1800
SRR23343490	Apis dorsata	China: Hainan, Qiongzhong	AD_Malaysia	661924	662023	24.6700
SRR23343490	Apis dorsata	China: Hainan, Qiongzhong	AD_Malaysia	662024	662123	20.8100
SRR23343490	Apis dorsata	China: Hainan, Qiongzhong	AD_Malaysia	662124	662223	21.4900
SRR23343490	Apis dorsata	China: Hainan, Qiongzhong	AD_Malaysia	662224	662323	21.5600
SRR23343490	Apis dorsata	China: Hainan, Qiongzhong	AD_Malaysia	662324	662423	19.8500
SRR23343490	Apis dorsata	China: Hainan, Qiongzhong	AD_Malaysia	662424	662523	33.1100
SRR23343490	Apis dorsata	China: Hainan, Qiongzhong	AD_Malaysia	662524	662623	28.0500
SRR23343490	Apis dorsata	China: Hainan, Qiongzhong	AD_Malaysia	662624	662723	24.1500
SRR23343490	Apis dorsata	China: Hainan, Qiongzhong	AD_Malaysia	662724	662823	26.9300
SRR23343490	Apis dorsata	China: Hainan, Qiongzhong	AD_Malaysia	662824	662923	21.5500
SRR23343490	Apis dorsata	China: Hainan, Qiongzhong	AD_Malaysia	662924	663023	19.3500
SRR23343490	Apis dorsata	China: Hainan, Qiongzhong	AD_Malaysia	663024	663123	19.8900
SRR23343490	Apis dorsata	China: Hainan, Qiongzhong	AD_Malaysia	663124	663223	21.1200
SRR23343490	Apis dorsata	China: Hainan, Qiongzhong	AD_Malaysia	663224	663323	20.2400
SRR23343490	Apis dorsata	China: Hainan, Qiongzhong	AD_Malaysia	663324	663423	11.0000
SRR23343490	Apis dorsata	China: Hainan, Qiongzhong	AD_Malaysia	663424	663523	13.2900
SRR23343490	Apis dorsata	China: Hainan, Qiongzhong	AD_Malaysia	663524	663623	15.0600
SRR23343490	Apis dorsata	China: Hainan, Qiongzhong	AD_Malaysia	663624	663723	5.3700
SRR23343490	Apis dorsata	China: Hainan, Qiongzhong	AD_Malaysia	663724	663823	12.0600
SRR23343490	Apis dorsata	China: Hainan, Qiongzhong	AD_Malaysia	663824	663923	20.4100
SRR23343490	Apis dorsata	China: Hainan, Qiongzhong	AD_Malaysia	663924	664023	25.3200
SRR23343490	Apis dorsata	China: Hainan, Qiongzhong	AD_Malaysia	664024	664123	26.3000
SRR23343490	Apis dorsata	China: Hainan, Qiongzhong	AD_Malaysia	664124	664223	26.3600
SRR23343490	Apis dorsata	China: Hainan, Qiongzhong	AD_Malaysia	664224	664261	24.5263
SRR23343491	Apis dorsata	China: Hainan, Qiongzhong	AD_Malaysia	656224	656323	20.9400
SRR23343491	Apis dorsata	China: Hainan, Qiongzhong	AD_Malaysia	656324	656423	22.1200
SRR23343491	Apis dorsata	China: Hainan, Qiongzhong	AD_Malaysia	656424	656523	20.8800
SRR23343491	Apis dorsata	China: Hainan, Qiongzhong	AD_Malaysia	656524	656623	21.4100
SRR23343491	Apis dorsata	China: Hainan, Qiongzhong	AD_Malaysia	656624	656723	17.8600
SRR23343491	Apis dorsata	China: Hainan, Qiongzhong	AD_Malaysia	656724	656823	15.5600
SRR23343491	Apis dorsata	China: Hainan, Qiongzhong	AD_Malaysia	656824	656923	18.3500
SRR23343491	Apis dorsata	China: Hainan, Qiongzhong	AD_Malaysia	656924	657023	19.9300
SRR23343491	Apis dorsata	China: Hainan, Qiongzhong	AD_Malaysia	657024	657123	21.8800
SRR23343491	Apis dorsata	China: Hainan, Qiongzhong	AD_Malaysia	657124	657223	25.9000
SRR23343491	Apis dorsata	China: Hainan, Qiongzhong	AD_Malaysia	657224	657323	26.4000
SRR23343491	Apis dorsata	China: Hainan, Qiongzhong	AD_Malaysia	657324	657423	32.7200
SRR23343491	Apis dorsata	China: Hainan, Qiongzhong	AD_Malaysia	657424	657523	32.0400
SRR23343491	Apis dorsata	China: Hainan, Qiongzhong	AD_Malaysia	657524	657623	29.1600
SRR23343491	Apis dorsata	China: Hainan, Qiongzhong	AD_Malaysia	657624	657723	30.5100
SRR23343491	Apis dorsata	China: Hainan, Qiongzhong	AD_Malaysia	657724	657823	25.2800
SRR23343491	Apis dorsata	China: Hainan, Qiongzhong	AD_Malaysia	657824	657923	23.6500
SRR23343491	Apis dorsata	China: Hainan, Qiongzhong	AD_Malaysia	657924	658023	28.5600
SRR23343491	Apis dorsata	China: Hainan, Qiongzhong	AD_Malaysia	658024	658123	27.8100
SRR23343491	Apis dorsata	China: Hainan, Qiongzhong	AD_Malaysia	658124	658223	23.1600
SRR23343491	Apis dorsata	China: Hainan, Qiongzhong	AD_Malaysia	658224	658323	25.3900
SRR23343491	Apis dorsata	China: Hainan, Qiongzhong	AD_Malaysia	658324	658423	32.7300
SRR23343491	Apis dorsata	China: Hainan, Qiongzhong	AD_Malaysia	658424	658523	31.7600
SRR23343491	Apis dorsata	China: Hainan, Qiongzhong	AD_Malaysia	658524	658623	27.6800
SRR23343491	Apis dorsata	China: Hainan, Qiongzhong	AD_Malaysia	658624	658723	29.0500
SRR23343491	Apis dorsata	China: Hainan, Qiongzhong	AD_Malaysia	658724	658823	28.4600
SRR23343491	Apis dorsata	China: Hainan, Qiongzhong	AD_Malaysia	658824	658923	22.1900
SRR23343491	Apis dorsata	China: Hainan, Qiongzhong	AD_Malaysia	658924	659023	26.4300
SRR23343491	Apis dorsata	China: Hainan, Qiongzhong	AD_Malaysia	659024	659123	23.9700
SRR23343491	Apis dorsata	China: Hainan, Qiongzhong	AD_Malaysia	659124	659223	22.9400
SRR23343491	Apis dorsata	China: Hainan, Qiongzhong	AD_Malaysia	659224	659323	26.5500
SRR23343491	Apis dorsata	China: Hainan, Qiongzhong	AD_Malaysia	659324	659423	29.8800
SRR23343491	Apis dorsata	China: Hainan, Qiongzhong	AD_Malaysia	659424	659523	25.3000
SRR23343491	Apis dorsata	China: Hainan, Qiongzhong	AD_Malaysia	659524	659623	28.0500
SRR23343491	Apis dorsata	China: Hainan, Qiongzhong	AD_Malaysia	659624	659723	27.9100
SRR23343491	Apis dorsata	China: Hainan, Qiongzhong	AD_Malaysia	659724	659823	29.3500
SRR23343491	Apis dorsata	China: Hainan, Qiongzhong	AD_Malaysia	659824	659923	24.0500
SRR23343491	Apis dorsata	China: Hainan, Qiongzhong	AD_Malaysia	659924	660023	22.5400
SRR23343491	Apis dorsata	China: Hainan, Qiongzhong	AD_Malaysia	660024	660123	26.1600
SRR23343491	Apis dorsata	China: Hainan, Qiongzhong	AD_Malaysia	660124	660223	28.5300
SRR23343491	Apis dorsata	China: Hainan, Qiongzhong	AD_Malaysia	660224	660323	29.2600
SRR23343491	Apis dorsata	China: Hainan, Qiongzhong	AD_Malaysia	660324	660423	40.0300
SRR23343491	Apis dorsata	China: Hainan, Qiongzhong	AD_Malaysia	660424	660523	32.4100
SRR23343491	Apis dorsata	China: Hainan, Qiongzhong	AD_Malaysia	660524	660623	35.0800
SRR23343491	Apis dorsata	China: Hainan, Qiongzhong	AD_Malaysia	660624	660723	32.9200
SRR23343491	Apis dorsata	China: Hainan, Qiongzhong	AD_Malaysia	660724	660823	29.9000
SRR23343491	Apis dorsata	China: Hainan, Qiongzhong	AD_Malaysia	660824	660923	32.1400
SRR23343491	Apis dorsata	China: Hainan, Qiongzhong	AD_Malaysia	660924	661023	23.1400
SRR23343491	Apis dorsata	China: Hainan, Qiongzhong	AD_Malaysia	661024	661123	21.2900
SRR23343491	Apis dorsata	China: Hainan, Qiongzhong	AD_Malaysia	661124	661223	27.1800
SRR23343491	Apis dorsata	China: Hainan, Qiongzhong	AD_Malaysia	661224	661323	25.3800
SRR23343491	Apis dorsata	China: Hainan, Qiongzhong	AD_Malaysia	661324	661423	33.8600
SRR23343491	Apis dorsata	China: Hainan, Qiongzhong	AD_Malaysia	661424	661523	32.0500
SRR23343491	Apis dorsata	China: Hainan, Qiongzhong	AD_Malaysia	661524	661623	31.8500
SRR23343491	Apis dorsata	China: Hainan, Qiongzhong	AD_Malaysia	661624	661723	26.7000
SRR23343491	Apis dorsata	China: Hainan, Qiongzhong	AD_Malaysia	661724	661823	25.6400
SRR23343491	Apis dorsata	China: Hainan, Qiongzhong	AD_Malaysia	661824	661923	19.7100
SRR23343491	Apis dorsata	China: Hainan, Qiongzhong	AD_Malaysia	661924	662023	30.4700
SRR23343491	Apis dorsata	China: Hainan, Qiongzhong	AD_Malaysia	662024	662123	26.2700
SRR23343491	Apis dorsata	China: Hainan, Qiongzhong	AD_Malaysia	662124	662223	30.7900
SRR23343491	Apis dorsata	China: Hainan, Qiongzhong	AD_Malaysia	662224	662323	37.1000
SRR23343491	Apis dorsata	China: Hainan, Qiongzhong	AD_Malaysia	662324	662423	30.3900
SRR23343491	Apis dorsata	China: Hainan, Qiongzhong	AD_Malaysia	662424	662523	36.3000
SRR23343491	Apis dorsata	China: Hainan, Qiongzhong	AD_Malaysia	662524	662623	35.4600
SRR23343491	Apis dorsata	China: Hainan, Qiongzhong	AD_Malaysia	662624	662723	26.2300
SRR23343491	Apis dorsata	China: Hainan, Qiongzhong	AD_Malaysia	662724	662823	20.8900
SRR23343491	Apis dorsata	China: Hainan, Qiongzhong	AD_Malaysia	662824	662923	16.9800
SRR23343491	Apis dorsata	China: Hainan, Qiongzhong	AD_Malaysia	662924	663023	16.9100
SRR23343491	Apis dorsata	China: Hainan, Qiongzhong	AD_Malaysia	663024	663123	17.6500
SRR23343491	Apis dorsata	China: Hainan, Qiongzhong	AD_Malaysia	663124	663223	18.3100
SRR23343491	Apis dorsata	China: Hainan, Qiongzhong	AD_Malaysia	663224	663323	14.9200
SRR23343491	Apis dorsata	China: Hainan, Qiongzhong	AD_Malaysia	663324	663423	8.4500
SRR23343491	Apis dorsata	China: Hainan, Qiongzhong	AD_Malaysia	663424	663523	5.7400
SRR23343491	Apis dorsata	China: Hainan, Qiongzhong	AD_Malaysia	663524	663623	4.5400
SRR23343491	Apis dorsata	China: Hainan, Qiongzhong	AD_Malaysia	663624	663723	9.8800
SRR23343491	Apis dorsata	China: Hainan, Qiongzhong	AD_Malaysia	663724	663823	16.3500
SRR23343491	Apis dorsata	China: Hainan, Qiongzhong	AD_Malaysia	663824	663923	20.6700
SRR23343491	Apis dorsata	China: Hainan, Qiongzhong	AD_Malaysia	663924	664023	24.2700
SRR23343491	Apis dorsata	China: Hainan, Qiongzhong	AD_Malaysia	664024	664123	32.1500
SRR23343491	Apis dorsata	China: Hainan, Qiongzhong	AD_Malaysia	664124	664223	34.9400
SRR23343491	Apis dorsata	China: Hainan, Qiongzhong	AD_Malaysia	664224	664261	35.3947
SRR23343492	Apis dorsata	China: Hainan, Qiongzhong	AD_Malaysia	656224	656323	32.7400
SRR23343492	Apis dorsata	China: Hainan, Qiongzhong	AD_Malaysia	656324	656423	30.2300
SRR23343492	Apis dorsata	China: Hainan, Qiongzhong	AD_Malaysia	656424	656523	32.4700
SRR23343492	Apis dorsata	China: Hainan, Qiongzhong	AD_Malaysia	656524	656623	34.7300
SRR23343492	Apis dorsata	China: Hainan, Qiongzhong	AD_Malaysia	656624	656723	30.3100
SRR23343492	Apis dorsata	China: Hainan, Qiongzhong	AD_Malaysia	656724	656823	26.6200
SRR23343492	Apis dorsata	China: Hainan, Qiongzhong	AD_Malaysia	656824	656923	30.7800
SRR23343492	Apis dorsata	China: Hainan, Qiongzhong	AD_Malaysia	656924	657023	35.0200
SRR23343492	Apis dorsata	China: Hainan, Qiongzhong	AD_Malaysia	657024	657123	32.2600
SRR23343492	Apis dorsata	China: Hainan, Qiongzhong	AD_Malaysia	657124	657223	33.0300
SRR23343492	Apis dorsata	China: Hainan, Qiongzhong	AD_Malaysia	657224	657323	36.6100
SRR23343492	Apis dorsata	China: Hainan, Qiongzhong	AD_Malaysia	657324	657423	32.7400
SRR23343492	Apis dorsata	China: Hainan, Qiongzhong	AD_Malaysia	657424	657523	35.7900
SRR23343492	Apis dorsata	China: Hainan, Qiongzhong	AD_Malaysia	657524	657623	32.1400
SRR23343492	Apis dorsata	China: Hainan, Qiongzhong	AD_Malaysia	657624	657723	31.5900
SRR23343492	Apis dorsata	China: Hainan, Qiongzhong	AD_Malaysia	657724	657823	34.3500
SRR23343492	Apis dorsata	China: Hainan, Qiongzhong	AD_Malaysia	657824	657923	39.7900
SRR23343492	Apis dorsata	China: Hainan, Qiongzhong	AD_Malaysia	657924	658023	33.1100
SRR23343492	Apis dorsata	China: Hainan, Qiongzhong	AD_Malaysia	658024	658123	29.1400
SRR23343492	Apis dorsata	China: Hainan, Qiongzhong	AD_Malaysia	658124	658223	34.0700
SRR23343492	Apis dorsata	China: Hainan, Qiongzhong	AD_Malaysia	658224	658323	36.6600
SRR23343492	Apis dorsata	China: Hainan, Qiongzhong	AD_Malaysia	658324	658423	36.4000
SRR23343492	Apis dorsata	China: Hainan, Qiongzhong	AD_Malaysia	658424	658523	36.5200
SRR23343492	Apis dorsata	China: Hainan, Qiongzhong	AD_Malaysia	658524	658623	28.3300
SRR23343492	Apis dorsata	China: Hainan, Qiongzhong	AD_Malaysia	658624	658723	28.1700
SRR23343492	Apis dorsata	China: Hainan, Qiongzhong	AD_Malaysia	658724	658823	32.8700
SRR23343492	Apis dorsata	China: Hainan, Qiongzhong	AD_Malaysia	658824	658923	37.8200
SRR23343492	Apis dorsata	China: Hainan, Qiongzhong	AD_Malaysia	658924	659023	36.8200
SRR23343492	Apis dorsata	China: Hainan, Qiongzhong	AD_Malaysia	659024	659123	28.2200
SRR23343492	Apis dorsata	China: Hainan, Qiongzhong	AD_Malaysia	659124	659223	27.5100
SRR23343492	Apis dorsata	China: Hainan, Qiongzhong	AD_Malaysia	659224	659323	30.5300
SRR23343492	Apis dorsata	China: Hainan, Qiongzhong	AD_Malaysia	659324	659423	42.9200
SRR23343492	Apis dorsata	China: Hainan, Qiongzhong	AD_Malaysia	659424	659523	34.4900
SRR23343492	Apis dorsata	China: Hainan, Qiongzhong	AD_Malaysia	659524	659623	34.0700
SRR23343492	Apis dorsata	China: Hainan, Qiongzhong	AD_Malaysia	659624	659723	32.3100
SRR23343492	Apis dorsata	China: Hainan, Qiongzhong	AD_Malaysia	659724	659823	34.1200
SRR23343492	Apis dorsata	China: Hainan, Qiongzhong	AD_Malaysia	659824	659923	34.6700
SRR23343492	Apis dorsata	China: Hainan, Qiongzhong	AD_Malaysia	659924	660023	35.0600
SRR23343492	Apis dorsata	China: Hainan, Qiongzhong	AD_Malaysia	660024	660123	23.3900
SRR23343492	Apis dorsata	China: Hainan, Qiongzhong	AD_Malaysia	660124	660223	21.1100
SRR23343492	Apis dorsata	China: Hainan, Qiongzhong	AD_Malaysia	660224	660323	24.3700
SRR23343492	Apis dorsata	China: Hainan, Qiongzhong	AD_Malaysia	660324	660423	30.4600
SRR23343492	Apis dorsata	China: Hainan, Qiongzhong	AD_Malaysia	660424	660523	33.9500
SRR23343492	Apis dorsata	China: Hainan, Qiongzhong	AD_Malaysia	660524	660623	34.6700
SRR23343492	Apis dorsata	China: Hainan, Qiongzhong	AD_Malaysia	660624	660723	35.7000
SRR23343492	Apis dorsata	China: Hainan, Qiongzhong	AD_Malaysia	660724	660823	34.6400
SRR23343492	Apis dorsata	China: Hainan, Qiongzhong	AD_Malaysia	660824	660923	31.0100
SRR23343492	Apis dorsata	China: Hainan, Qiongzhong	AD_Malaysia	660924	661023	32.4800
SRR23343492	Apis dorsata	China: Hainan, Qiongzhong	AD_Malaysia	661024	661123	27.8000
SRR23343492	Apis dorsata	China: Hainan, Qiongzhong	AD_Malaysia	661124	661223	26.9500
SRR23343492	Apis dorsata	China: Hainan, Qiongzhong	AD_Malaysia	661224	661323	22.0900
SRR23343492	Apis dorsata	China: Hainan, Qiongzhong	AD_Malaysia	661324	661423	33.5500
SRR23343492	Apis dorsata	China: Hainan, Qiongzhong	AD_Malaysia	661424	661523	39.7700
SRR23343492	Apis dorsata	China: Hainan, Qiongzhong	AD_Malaysia	661524	661623	39.1500
SRR23343492	Apis dorsata	China: Hainan, Qiongzhong	AD_Malaysia	661624	661723	32.8800
SRR23343492	Apis dorsata	China: Hainan, Qiongzhong	AD_Malaysia	661724	661823	32.2800
SRR23343492	Apis dorsata	China: Hainan, Qiongzhong	AD_Malaysia	661824	661923	30.0800
SRR23343492	Apis dorsata	China: Hainan, Qiongzhong	AD_Malaysia	661924	662023	22.1800
SRR23343492	Apis dorsata	China: Hainan, Qiongzhong	AD_Malaysia	662024	662123	25.5500
SRR23343492	Apis dorsata	China: Hainan, Qiongzhong	AD_Malaysia	662124	662223	33.2300
SRR23343492	Apis dorsata	China: Hainan, Qiongzhong	AD_Malaysia	662224	662323	34.9900
SRR23343492	Apis dorsata	China: Hainan, Qiongzhong	AD_Malaysia	662324	662423	40.3100
SRR23343492	Apis dorsata	China: Hainan, Qiongzhong	AD_Malaysia	662424	662523	36.5700
SRR23343492	Apis dorsata	China: Hainan, Qiongzhong	AD_Malaysia	662524	662623	29.9300
SRR23343492	Apis dorsata	China: Hainan, Qiongzhong	AD_Malaysia	662624	662723	30.1400
SRR23343492	Apis dorsata	China: Hainan, Qiongzhong	AD_Malaysia	662724	662823	27.4500
SRR23343492	Apis dorsata	China: Hainan, Qiongzhong	AD_Malaysia	662824	662923	28.5400
SRR23343492	Apis dorsata	China: Hainan, Qiongzhong	AD_Malaysia	662924	663023	33.8400
SRR23343492	Apis dorsata	China: Hainan, Qiongzhong	AD_Malaysia	663024	663123	30.2000
SRR23343492	Apis dorsata	China: Hainan, Qiongzhong	AD_Malaysia	663124	663223	22.9000
SRR23343492	Apis dorsata	China: Hainan, Qiongzhong	AD_Malaysia	663224	663323	22.0900
SRR23343492	Apis dorsata	China: Hainan, Qiongzhong	AD_Malaysia	663324	663423	21.8400
SRR23343492	Apis dorsata	China: Hainan, Qiongzhong	AD_Malaysia	663424	663523	22.1600
SRR23343492	Apis dorsata	China: Hainan, Qiongzhong	AD_Malaysia	663524	663623	28.6100
SRR23343492	Apis dorsata	China: Hainan, Qiongzhong	AD_Malaysia	663624	663723	33.3300
SRR23343492	Apis dorsata	China: Hainan, Qiongzhong	AD_Malaysia	663724	663823	33.6000
SRR23343492	Apis dorsata	China: Hainan, Qiongzhong	AD_Malaysia	663824	663923	29.4700
SRR23343492	Apis dorsata	China: Hainan, Qiongzhong	AD_Malaysia	663924	664023	30.3100
SRR23343492	Apis dorsata	China: Hainan, Qiongzhong	AD_Malaysia	664024	664123	30.9400
SRR23343492	Apis dorsata	China: Hainan, Qiongzhong	AD_Malaysia	664124	664223	21.2600
SRR23343492	Apis dorsata	China: Hainan, Qiongzhong	AD_Malaysia	664224	664261	19.6842
SRR23343493	Apis dorsata	China: Yunnan, Xishuangbanna	AD_Malaysia	656224	656323	19.2600
SRR23343493	Apis dorsata	China: Yunnan, Xishuangbanna	AD_Malaysia	656324	656423	19.0800
SRR23343493	Apis dorsata	China: Yunnan, Xishuangbanna	AD_Malaysia	656424	656523	15.7800
SRR23343493	Apis dorsata	China: Yunnan, Xishuangbanna	AD_Malaysia	656524	656623	18.3300
SRR23343493	Apis dorsata	China: Yunnan, Xishuangbanna	AD_Malaysia	656624	656723	18.5400
SRR23343493	Apis dorsata	China: Yunnan, Xishuangbanna	AD_Malaysia	656724	656823	24.4400
SRR23343493	Apis dorsata	China: Yunnan, Xishuangbanna	AD_Malaysia	656824	656923	17.9500
SRR23343493	Apis dorsata	China: Yunnan, Xishuangbanna	AD_Malaysia	656924	657023	21.3300
SRR23343493	Apis dorsata	China: Yunnan, Xishuangbanna	AD_Malaysia	657024	657123	18.1000
SRR23343493	Apis dorsata	China: Yunnan, Xishuangbanna	AD_Malaysia	657124	657223	26.4600
SRR23343493	Apis dorsata	China: Yunnan, Xishuangbanna	AD_Malaysia	657224	657323	27.2400
SRR23343493	Apis dorsata	China: Yunnan, Xishuangbanna	AD_Malaysia	657324	657423	25.8600
SRR23343493	Apis dorsata	China: Yunnan, Xishuangbanna	AD_Malaysia	657424	657523	20.4000
SRR23343493	Apis dorsata	China: Yunnan, Xishuangbanna	AD_Malaysia	657524	657623	28.3200
SRR23343493	Apis dorsata	China: Yunnan, Xishuangbanna	AD_Malaysia	657624	657723	25.7000
SRR23343493	Apis dorsata	China: Yunnan, Xishuangbanna	AD_Malaysia	657724	657823	21.0000
SRR23343493	Apis dorsata	China: Yunnan, Xishuangbanna	AD_Malaysia	657824	657923	24.6500
SRR23343493	Apis dorsata	China: Yunnan, Xishuangbanna	AD_Malaysia	657924	658023	26.3200
SRR23343493	Apis dorsata	China: Yunnan, Xishuangbanna	AD_Malaysia	658024	658123	27.4800
SRR23343493	Apis dorsata	China: Yunnan, Xishuangbanna	AD_Malaysia	658124	658223	27.3300
SRR23343493	Apis dorsata	China: Yunnan, Xishuangbanna	AD_Malaysia	658224	658323	30.6400
SRR23343493	Apis dorsata	China: Yunnan, Xishuangbanna	AD_Malaysia	658324	658423	30.5400
SRR23343493	Apis dorsata	China: Yunnan, Xishuangbanna	AD_Malaysia	658424	658523	31.2500
SRR23343493	Apis dorsata	China: Yunnan, Xishuangbanna	AD_Malaysia	658524	658623	25.2800
SRR23343493	Apis dorsata	China: Yunnan, Xishuangbanna	AD_Malaysia	658624	658723	28.2900
SRR23343493	Apis dorsata	China: Yunnan, Xishuangbanna	AD_Malaysia	658724	658823	28.9200
SRR23343493	Apis dorsata	China: Yunnan, Xishuangbanna	AD_Malaysia	658824	658923	31.3500
SRR23343493	Apis dorsata	China: Yunnan, Xishuangbanna	AD_Malaysia	658924	659023	33.2200
SRR23343493	Apis dorsata	China: Yunnan, Xishuangbanna	AD_Malaysia	659024	659123	25.5300
SRR23343493	Apis dorsata	China: Yunnan, Xishuangbanna	AD_Malaysia	659124	659223	23.7100
SRR23343493	Apis dorsata	China: Yunnan, Xishuangbanna	AD_Malaysia	659224	659323	21.9900
SRR23343493	Apis dorsata	China: Yunnan, Xishuangbanna	AD_Malaysia	659324	659423	24.6600
SRR23343493	Apis dorsata	China: Yunnan, Xishuangbanna	AD_Malaysia	659424	659523	25.1200
SRR23343493	Apis dorsata	China: Yunnan, Xishuangbanna	AD_Malaysia	659524	659623	24.4200
SRR23343493	Apis dorsata	China: Yunnan, Xishuangbanna	AD_Malaysia	659624	659723	26.2500
SRR23343493	Apis dorsata	China: Yunnan, Xishuangbanna	AD_Malaysia	659724	659823	24.3500
SRR23343493	Apis dorsata	China: Yunnan, Xishuangbanna	AD_Malaysia	659824	659923	23.6900
SRR23343493	Apis dorsata	China: Yunnan, Xishuangbanna	AD_Malaysia	659924	660023	21.9800
SRR23343493	Apis dorsata	China: Yunnan, Xishuangbanna	AD_Malaysia	660024	660123	15.5700
SRR23343493	Apis dorsata	China: Yunnan, Xishuangbanna	AD_Malaysia	660124	660223	17.7200
SRR23343493	Apis dorsata	China: Yunnan, Xishuangbanna	AD_Malaysia	660224	660323	18.4700
SRR23343493	Apis dorsata	China: Yunnan, Xishuangbanna	AD_Malaysia	660324	660423	22.7100
SRR23343493	Apis dorsata	China: Yunnan, Xishuangbanna	AD_Malaysia	660424	660523	23.3500
SRR23343493	Apis dorsata	China: Yunnan, Xishuangbanna	AD_Malaysia	660524	660623	23.5100
SRR23343493	Apis dorsata	China: Yunnan, Xishuangbanna	AD_Malaysia	660624	660723	22.2000
SRR23343493	Apis dorsata	China: Yunnan, Xishuangbanna	AD_Malaysia	660724	660823	27.9000
SRR23343493	Apis dorsata	China: Yunnan, Xishuangbanna	AD_Malaysia	660824	660923	23.7100
SRR23343493	Apis dorsata	China: Yunnan, Xishuangbanna	AD_Malaysia	660924	661023	28.6100
SRR23343493	Apis dorsata	China: Yunnan, Xishuangbanna	AD_Malaysia	661024	661123	24.6000
SRR23343493	Apis dorsata	China: Yunnan, Xishuangbanna	AD_Malaysia	661124	661223	31.3600
SRR23343493	Apis dorsata	China: Yunnan, Xishuangbanna	AD_Malaysia	661224	661323	31.7600
SRR23343493	Apis dorsata	China: Yunnan, Xishuangbanna	AD_Malaysia	661324	661423	31.4900
SRR23343493	Apis dorsata	China: Yunnan, Xishuangbanna	AD_Malaysia	661424	661523	27.9100
SRR23343493	Apis dorsata	China: Yunnan, Xishuangbanna	AD_Malaysia	661524	661623	24.6800
SRR23343493	Apis dorsata	China: Yunnan, Xishuangbanna	AD_Malaysia	661624	661723	21.2400
SRR23343493	Apis dorsata	China: Yunnan, Xishuangbanna	AD_Malaysia	661724	661823	20.8100
SRR23343493	Apis dorsata	China: Yunnan, Xishuangbanna	AD_Malaysia	661824	661923	22.3900
SRR23343493	Apis dorsata	China: Yunnan, Xishuangbanna	AD_Malaysia	661924	662023	23.8900
SRR23343493	Apis dorsata	China: Yunnan, Xishuangbanna	AD_Malaysia	662024	662123	19.6000
SRR23343493	Apis dorsata	China: Yunnan, Xishuangbanna	AD_Malaysia	662124	662223	28.6000
SRR23343493	Apis dorsata	China: Yunnan, Xishuangbanna	AD_Malaysia	662224	662323	23.9000
SRR23343493	Apis dorsata	China: Yunnan, Xishuangbanna	AD_Malaysia	662324	662423	21.1100
SRR23343493	Apis dorsata	China: Yunnan, Xishuangbanna	AD_Malaysia	662424	662523	22.1800
SRR23343493	Apis dorsata	China: Yunnan, Xishuangbanna	AD_Malaysia	662524	662623	17.0700
SRR23343493	Apis dorsata	China: Yunnan, Xishuangbanna	AD_Malaysia	662624	662723	16.1100
SRR23343493	Apis dorsata	China: Yunnan, Xishuangbanna	AD_Malaysia	662724	662823	18.1800
SRR23343493	Apis dorsata	China: Yunnan, Xishuangbanna	AD_Malaysia	662824	662923	16.5500
SRR23343493	Apis dorsata	China: Yunnan, Xishuangbanna	AD_Malaysia	662924	663023	16.6700
SRR23343493	Apis dorsata	China: Yunnan, Xishuangbanna	AD_Malaysia	663024	663123	18.3000
SRR23343493	Apis dorsata	China: Yunnan, Xishuangbanna	AD_Malaysia	663124	663223	14.5100
SRR23343493	Apis dorsata	China: Yunnan, Xishuangbanna	AD_Malaysia	663224	663323	16.7900
SRR23343493	Apis dorsata	China: Yunnan, Xishuangbanna	AD_Malaysia	663324	663423	15.9700
SRR23343493	Apis dorsata	China: Yunnan, Xishuangbanna	AD_Malaysia	663424	663523	20.6900
SRR23343493	Apis dorsata	China: Yunnan, Xishuangbanna	AD_Malaysia	663524	663623	19.1400
SRR23343493	Apis dorsata	China: Yunnan, Xishuangbanna	AD_Malaysia	663624	663723	21.9900
SRR23343493	Apis dorsata	China: Yunnan, Xishuangbanna	AD_Malaysia	663724	663823	20.8000
SRR23343493	Apis dorsata	China: Yunnan, Xishuangbanna	AD_Malaysia	663824	663923	16.9700
SRR23343493	Apis dorsata	China: Yunnan, Xishuangbanna	AD_Malaysia	663924	664023	23.7300
SRR23343493	Apis dorsata	China: Yunnan, Xishuangbanna	AD_Malaysia	664024	664123	20.3700
SRR23343493	Apis dorsata	China: Yunnan, Xishuangbanna	AD_Malaysia	664124	664223	19.0600
SRR23343493	Apis dorsata	China: Yunnan, Xishuangbanna	AD_Malaysia	664224	664261	25.2632
SRR23343494	Apis dorsata	China: Yunnan, Xishuangbanna	AD_Malaysia	656224	656323	30.9800
SRR23343494	Apis dorsata	China: Yunnan, Xishuangbanna	AD_Malaysia	656324	656423	26.6000
SRR23343494	Apis dorsata	China: Yunnan, Xishuangbanna	AD_Malaysia	656424	656523	36.4500
SRR23343494	Apis dorsata	China: Yunnan, Xishuangbanna	AD_Malaysia	656524	656623	31.4000
SRR23343494	Apis dorsata	China: Yunnan, Xishuangbanna	AD_Malaysia	656624	656723	23.4700
SRR23343494	Apis dorsata	China: Yunnan, Xishuangbanna	AD_Malaysia	656724	656823	31.3500
SRR23343494	Apis dorsata	China: Yunnan, Xishuangbanna	AD_Malaysia	656824	656923	29.6100
SRR23343494	Apis dorsata	China: Yunnan, Xishuangbanna	AD_Malaysia	656924	657023	30.9200
SRR23343494	Apis dorsata	China: Yunnan, Xishuangbanna	AD_Malaysia	657024	657123	33.7200
SRR23343494	Apis dorsata	China: Yunnan, Xishuangbanna	AD_Malaysia	657124	657223	28.8800
SRR23343494	Apis dorsata	China: Yunnan, Xishuangbanna	AD_Malaysia	657224	657323	31.9600
SRR23343494	Apis dorsata	China: Yunnan, Xishuangbanna	AD_Malaysia	657324	657423	31.0300
SRR23343494	Apis dorsata	China: Yunnan, Xishuangbanna	AD_Malaysia	657424	657523	29.7400
SRR23343494	Apis dorsata	China: Yunnan, Xishuangbanna	AD_Malaysia	657524	657623	40.7000
SRR23343494	Apis dorsata	China: Yunnan, Xishuangbanna	AD_Malaysia	657624	657723	41.5800
SRR23343494	Apis dorsata	China: Yunnan, Xishuangbanna	AD_Malaysia	657724	657823	41.3100
SRR23343494	Apis dorsata	China: Yunnan, Xishuangbanna	AD_Malaysia	657824	657923	36.0800
SRR23343494	Apis dorsata	China: Yunnan, Xishuangbanna	AD_Malaysia	657924	658023	43.0200
SRR23343494	Apis dorsata	China: Yunnan, Xishuangbanna	AD_Malaysia	658024	658123	32.6600
SRR23343494	Apis dorsata	China: Yunnan, Xishuangbanna	AD_Malaysia	658124	658223	32.6600
SRR23343494	Apis dorsata	China: Yunnan, Xishuangbanna	AD_Malaysia	658224	658323	32.9100
SRR23343494	Apis dorsata	China: Yunnan, Xishuangbanna	AD_Malaysia	658324	658423	34.0900
SRR23343494	Apis dorsata	China: Yunnan, Xishuangbanna	AD_Malaysia	658424	658523	42.7300
SRR23343494	Apis dorsata	China: Yunnan, Xishuangbanna	AD_Malaysia	658524	658623	35.9700
SRR23343494	Apis dorsata	China: Yunnan, Xishuangbanna	AD_Malaysia	658624	658723	33.4800
SRR23343494	Apis dorsata	China: Yunnan, Xishuangbanna	AD_Malaysia	658724	658823	32.9700
SRR23343494	Apis dorsata	China: Yunnan, Xishuangbanna	AD_Malaysia	658824	658923	30.1200
SRR23343494	Apis dorsata	China: Yunnan, Xishuangbanna	AD_Malaysia	658924	659023	36.4800
SRR23343494	Apis dorsata	China: Yunnan, Xishuangbanna	AD_Malaysia	659024	659123	35.1100
SRR23343494	Apis dorsata	China: Yunnan, Xishuangbanna	AD_Malaysia	659124	659223	35.2500
SRR23343494	Apis dorsata	China: Yunnan, Xishuangbanna	AD_Malaysia	659224	659323	37.8300
SRR23343494	Apis dorsata	China: Yunnan, Xishuangbanna	AD_Malaysia	659324	659423	46.9700
SRR23343494	Apis dorsata	China: Yunnan, Xishuangbanna	AD_Malaysia	659424	659523	32.8600
SRR23343494	Apis dorsata	China: Yunnan, Xishuangbanna	AD_Malaysia	659524	659623	32.1000
SRR23343494	Apis dorsata	China: Yunnan, Xishuangbanna	AD_Malaysia	659624	659723	30.3600
SRR23343494	Apis dorsata	China: Yunnan, Xishuangbanna	AD_Malaysia	659724	659823	25.4700
SRR23343494	Apis dorsata	China: Yunnan, Xishuangbanna	AD_Malaysia	659824	659923	33.2500
SRR23343494	Apis dorsata	China: Yunnan, Xishuangbanna	AD_Malaysia	659924	660023	30.4100
SRR23343494	Apis dorsata	China: Yunnan, Xishuangbanna	AD_Malaysia	660024	660123	24.3500
SRR23343494	Apis dorsata	China: Yunnan, Xishuangbanna	AD_Malaysia	660124	660223	27.1600
SRR23343494	Apis dorsata	China: Yunnan, Xishuangbanna	AD_Malaysia	660224	660323	30.8700
SRR23343494	Apis dorsata	China: Yunnan, Xishuangbanna	AD_Malaysia	660324	660423	22.9500
SRR23343494	Apis dorsata	China: Yunnan, Xishuangbanna	AD_Malaysia	660424	660523	29.3900
SRR23343494	Apis dorsata	China: Yunnan, Xishuangbanna	AD_Malaysia	660524	660623	33.9900
SRR23343494	Apis dorsata	China: Yunnan, Xishuangbanna	AD_Malaysia	660624	660723	32.8100
SRR23343494	Apis dorsata	China: Yunnan, Xishuangbanna	AD_Malaysia	660724	660823	36.6900
SRR23343494	Apis dorsata	China: Yunnan, Xishuangbanna	AD_Malaysia	660824	660923	32.9900
SRR23343494	Apis dorsata	China: Yunnan, Xishuangbanna	AD_Malaysia	660924	661023	32.2800
SRR23343494	Apis dorsata	China: Yunnan, Xishuangbanna	AD_Malaysia	661024	661123	25.9300
SRR23343494	Apis dorsata	China: Yunnan, Xishuangbanna	AD_Malaysia	661124	661223	23.9000
SRR23343494	Apis dorsata	China: Yunnan, Xishuangbanna	AD_Malaysia	661224	661323	30.0300
SRR23343494	Apis dorsata	China: Yunnan, Xishuangbanna	AD_Malaysia	661324	661423	33.3900
SRR23343494	Apis dorsata	China: Yunnan, Xishuangbanna	AD_Malaysia	661424	661523	29.0800
SRR23343494	Apis dorsata	China: Yunnan, Xishuangbanna	AD_Malaysia	661524	661623	30.6200
SRR23343494	Apis dorsata	China: Yunnan, Xishuangbanna	AD_Malaysia	661624	661723	24.2100
SRR23343494	Apis dorsata	China: Yunnan, Xishuangbanna	AD_Malaysia	661724	661823	25.3300
SRR23343494	Apis dorsata	China: Yunnan, Xishuangbanna	AD_Malaysia	661824	661923	17.7000
SRR23343494	Apis dorsata	China: Yunnan, Xishuangbanna	AD_Malaysia	661924	662023	19.7700
SRR23343494	Apis dorsata	China: Yunnan, Xishuangbanna	AD_Malaysia	662024	662123	25.5400
SRR23343494	Apis dorsata	China: Yunnan, Xishuangbanna	AD_Malaysia	662124	662223	20.9800
SRR23343494	Apis dorsata	China: Yunnan, Xishuangbanna	AD_Malaysia	662224	662323	27.0900
SRR23343494	Apis dorsata	China: Yunnan, Xishuangbanna	AD_Malaysia	662324	662423	27.7800
SRR23343494	Apis dorsata	China: Yunnan, Xishuangbanna	AD_Malaysia	662424	662523	19.9800
SRR23343494	Apis dorsata	China: Yunnan, Xishuangbanna	AD_Malaysia	662524	662623	24.7500
SRR23343494	Apis dorsata	China: Yunnan, Xishuangbanna	AD_Malaysia	662624	662723	16.3200
SRR23343494	Apis dorsata	China: Yunnan, Xishuangbanna	AD_Malaysia	662724	662823	12.8700
SRR23343494	Apis dorsata	China: Yunnan, Xishuangbanna	AD_Malaysia	662824	662923	17.1700
SRR23343494	Apis dorsata	China: Yunnan, Xishuangbanna	AD_Malaysia	662924	663023	21.5200
SRR23343494	Apis dorsata	China: Yunnan, Xishuangbanna	AD_Malaysia	663024	663123	13.0400
SRR23343494	Apis dorsata	China: Yunnan, Xishuangbanna	AD_Malaysia	663124	663223	21.8500
SRR23343494	Apis dorsata	China: Yunnan, Xishuangbanna	AD_Malaysia	663224	663323	14.5600
SRR23343494	Apis dorsata	China: Yunnan, Xishuangbanna	AD_Malaysia	663324	663423	5.8300
SRR23343494	Apis dorsata	China: Yunnan, Xishuangbanna	AD_Malaysia	663424	663523	1.3200
SRR23343494	Apis dorsata	China: Yunnan, Xishuangbanna	AD_Malaysia	663524	663623	4.5500
SRR23343494	Apis dorsata	China: Yunnan, Xishuangbanna	AD_Malaysia	663624	663723	10.4300
SRR23343494	Apis dorsata	China: Yunnan, Xishuangbanna	AD_Malaysia	663724	663823	18.4700
SRR23343494	Apis dorsata	China: Yunnan, Xishuangbanna	AD_Malaysia	663824	663923	22.7000
SRR23343494	Apis dorsata	China: Yunnan, Xishuangbanna	AD_Malaysia	663924	664023	26.0800
SRR23343494	Apis dorsata	China: Yunnan, Xishuangbanna	AD_Malaysia	664024	664123	27.6600
SRR23343494	Apis dorsata	China: Yunnan, Xishuangbanna	AD_Malaysia	664124	664223	26.6400
SRR23343494	Apis dorsata	China: Yunnan, Xishuangbanna	AD_Malaysia	664224	664261	26.6316
