run_accession	assembly	focal_AL_position	role	profile	best_codons	amino_acids	gq	status	depth	codon_counts	forward	reverse
SRR23343438	AL_Shangrila	254	primary	primary	TTT/TTT	F/F	93.274	PASS	31	TTT:31	17	14
SRR23343439	AL_Shangrila	254	primary	primary	TTT/TTT	F/F	81.239	PASS	27	TTT:27	14	13
SRR23343440	AL_Shangrila	254	primary	primary	TTT/TTT	F/F	81.239	PASS	27	TTT:27	15	12
SRR23343441	AL_Shangrila	254	primary	primary	TTT/TTT	F/F	78.230	PASS	26	TTT:26	18	8
SRR23343442	AL_Shangrila	254	primary	primary	CTT/CTT	L/L	75.221	PASS	25	CTT:25	12	13
SRR23343443	AL_Shangrila	254	primary	primary	CTT/CTT	L/L	66.195	PASS	22	CTT:22	12	10
SRR23343444	AL_Shangrila	254	primary	primary	CTT/CTT	L/L	63.186	PASS	21	CTT:21	12	9
SRR23343445	AL_Shangrila	254	primary	primary	CTT/CTT	L/L	99.000	PASS	39	CTT:39	20	19
SRR23343446	AL_Shangrila	254	primary	primary	CTT/CTT	L/L	54.159	PASS	18	CTT:18	14	4
SRR23343447	AL_Shangrila	254	primary	primary	CTT/CTT	L/L	78.230	PASS	26	CTT:26	19	7
SRR23343448	AL_Shangrila	254	primary	primary	CTT/CTT	L/L	90.266	PASS	30	CTT:30	16	14
SRR23343449	AL_Shangrila	254	primary	primary	TTT/TTT	F/F	54.159	PASS	18	TTT:18	9	9
SRR23343450	AL_Shangrila	254	primary	primary	CTT/CTT	L/L	99.000	PASS	34	CTT:34	22	12
SRR23343451	AL_Shangrila	254	primary	primary	CTT/CTT	L/L	75.221	PASS	25	CTT:25	11	14
SRR23343452	AL_Shangrila	254	primary	primary	CTT/CTT	L/L	63.186	PASS	21	CTT:21	11	10
SRR23343453	AL_Shangrila	254	primary	primary	CTT/CTT	L/L	36.106	PASS	12	CTT:12	7	5
SRR23343454	AL_Shangrila	254	primary	primary	CTT/CTT	L/L	81.239	PASS	27	CTT:27	16	11
SRR23343455	AL_Shangrila	254	primary	primary	CTT/CTT	L/L	3.009	low_depth;low_genotype_quality;one_strand_only	1	CTT:1	0	1
SRR23343456	AL_Shangrila	254	primary	primary	CTT/CTT	L/L	72.212	PASS	24	CTT:24	13	11
SRR23343457	AL_Shangrila	254	primary	primary	CTT/CTT	L/L	87.257	PASS	29	CTT:29	17	12
SRR23343458	AL_Shangrila	254	primary	primary	CTT/CTT	L/L	93.274	PASS	31	CTT:31	21	10
SRR23343459	AL_Shangrila	254	primary	primary	CTT/CTT	L/L	60.177	PASS	20	CTT:20	13	7
SRR23343460	AL_Shangrila	254	primary	primary	TTT/TTT	F/F	72.212	PASS	24	TTT:24	11	13
SRR23343461	AL_Shangrila	254	primary	primary	CTT/CTT	L/L	81.239	PASS	27	CTT:27	14	13
SRR23343462	AL_Shangrila	254	primary	primary	CTT/CTT	L/L	99.000	PASS	42	CTT:42	24	18
SRR23343463	AL_Shangrila	254	primary	primary	CTT/CTT	L/L	78.230	PASS	26	CTT:26	15	11
SRR23343464	AL_Shangrila	254	primary	primary	CTT/CTT	L/L	69.204	PASS	23	CTT:23	13	10
SRR23343465	AL_Shangrila	254	primary	primary	CTT/CTT	L/L	36.106	PASS	12	CTT:12	9	3
SRR23343466	AL_Shangrila	254	primary	primary	CTT/CTT	L/L	84.248	PASS	28	CTT:28	14	14
SRR23343467	AL_Shangrila	254	primary	primary	CTT/CTT	L/L	78.230	PASS	26	CTT:26	15	11
SRR23343468	AL_Shangrila	254	primary	primary	CTT/CTT	L/L	63.186	PASS	21	CTT:21	15	6
SRR23343469	AL_Shangrila	254	primary	primary	CTT/CTT	L/L	57.168	PASS	19	CTT:19	9	10
SRR23343470	AL_Shangrila	254	primary	primary	CTT/CTT	L/L	60.177	PASS	20	CTT:20	15	5
SRR23343471	AL_Shangrila	254	primary	primary	TTT/TTT	F/F	51.150	PASS	17	TTT:17	8	9
SRR23343472	AL_Shangrila	254	primary	primary	CTT/CTT	L/L	66.195	PASS	22	CTT:22	9	13
SRR23343473	AL_Shangrila	254	primary	primary	CTT/CTT	L/L	99.000	PASS	48	CTT:48	26	22
SRR23343474	AL_Shangrila	254	primary	primary	TTT/TTT	F/F	48.142	PASS	16	TTT:16	9	7
SRR23343475	AL_Shangrila	254	primary	primary	TTT/TTT	F/F	99.000	PASS	34	TTT:34	25	9
SRR23343476	AL_Shangrila	254	primary	primary	TTT/TTT	F/F	13.375	low_genotype_quality	16	TTC:1;TTT:15	7	9
SRR23343477	AL_Shangrila	254	primary	primary	TTT/TTT	F/F	81.239	PASS	27	TTT:27	16	11
SRR23343478	AL_Shangrila	254	primary	primary	TTT/TTT	F/F	54.159	PASS	18	TTT:18	10	8
SRR23343479	AL_Shangrila	254	primary	primary	TTT/TTT	F/F	99.000	PASS	34	TTT:34	23	11
SRR23343480	AL_Shangrila	254	primary	primary	TTT/TTT	F/F	57.168	PASS	19	TTT:19	11	8
SRR23343481	AL_Shangrila	254	primary	primary	TTT/TTT	F/F	48.142	PASS	16	TTT:16	7	9
SRR23343482	AL_Shangrila	254	primary	primary	TTT/TTT	F/F	81.239	PASS	27	TTT:27	16	11
SRR23343483	AL_Shangrila	254	primary	primary	TTT/TTT	F/F	51.150	PASS	17	TTT:17	7	10
SRR23343484	AL_Shangrila	254	primary	primary	TTT/TTT	F/F	37.446	PASS	24	CTT:1;TTT:23	13	11
SRR23343485	AL_Shangrila	254	primary	primary	TTT/TTT	F/F	60.177	PASS	20	TTT:20	10	10
SRR23343486	AL_Shangrila	254	primary	primary	TTT/TTT	F/F	96.283	PASS	32	TTT:32	15	17
SRR23343487	AL_Shangrila	254	primary	primary	TTT/TTT	F/F	75.221	PASS	25	TTT:25	15	10
SRR23343488	AL_Shangrila	254	primary	primary	TTT/TTT	F/F	60.177	PASS	20	TTT:20	13	7
SRR23343489	AL_Shangrila	254	primary	primary	TTT/TTT	F/F	99.000	PASS	33	TTT:33	18	15
SRR23343490	AL_Shangrila	254	primary	primary	TTT/TTT	F/F	60.177	PASS	20	TTT:20	10	10
SRR23343491	AL_Shangrila	254	primary	primary	TTT/TTT	F/F	78.230	PASS	26	TTT:26	12	14
SRR23343492	AL_Shangrila	254	primary	primary	TTT/TTT	F/F	87.257	PASS	29	TTT:29	19	10
SRR23343493	AL_Shangrila	254	primary	primary	TTT/TTT	F/F	60.177	PASS	20	TTT:20	10	10
SRR23343494	AL_Shangrila	254	primary	primary	TTT/TTT	F/F	72.212	PASS	24	TTT:24	13	11
SRR23343438	AL_Shangrila	452	within_species_comparison	primary	ACG/ACG	T/T	99.000	PASS	37	ACG:37	18	19
SRR23343439	AL_Shangrila	452	within_species_comparison	primary	ACG/ACG	T/T	81.239	PASS	27	ACG:27	13	14
SRR23343440	AL_Shangrila	452	within_species_comparison	primary	ACG/ACG	T/T	72.212	PASS	24	ACG:24	8	16
SRR23343441	AL_Shangrila	452	within_species_comparison	primary	ACG/ACG	T/T	81.239	PASS	27	ACG:27	14	13
SRR23343442	AL_Shangrila	452	within_species_comparison	primary	ACA/ACA	T/T	99.000	PASS	74	ACA:74	36	38
SRR23343443	AL_Shangrila	452	within_species_comparison	primary	ACA/ACA	T/T	75.221	PASS	25	ACA:25	13	12
SRR23343444	AL_Shangrila	452	within_species_comparison	primary	ACA/ACA	T/T	75.221	PASS	25	ACA:25	14	11
SRR23343445	AL_Shangrila	452	within_species_comparison	primary	ACA/ACA	T/T	99.000	PASS	35	ACA:35	15	20
SRR23343446	AL_Shangrila	452	within_species_comparison	primary	ACA/ACA	T/T	90.266	PASS	30	ACA:30	9	21
SRR23343447	AL_Shangrila	452	within_species_comparison	primary	ACA/ACA	T/T	99.000	PASS	43	ACA:43	17	26
SRR23343448	AL_Shangrila	452	within_species_comparison	primary	ACA/ACA	T/T	60.177	PASS	20	ACA:20	4	16
SRR23343449	AL_Shangrila	452	within_species_comparison	primary	ACG/ACG	T/T	45.133	PASS	15	ACG:15	4	11
SRR23343450	AL_Shangrila	452	within_species_comparison	primary	ACA/ACA	T/T	99.000	PASS	33	ACA:33	11	22
SRR23343451	AL_Shangrila	452	within_species_comparison	primary	ACA/ACA	T/T	99.000	PASS	34	ACA:34	18	16
SRR23343452	AL_Shangrila	452	within_species_comparison	primary	ACA/ACA	T/T	99.000	PASS	48	ACA:48	32	16
SRR23343453	AL_Shangrila	452	within_species_comparison	primary	ACA/ACA	T/T	45.133	PASS	15	ACA:15	4	11
SRR23343454	AL_Shangrila	452	within_species_comparison	primary	ACA/ACA	T/T	99.000	PASS	33	ACA:33	10	23
SRR23343455	AL_Shangrila	452	within_species_comparison	primary	ACA/AGA	R/T	57.498	low_depth;heterozygote_balance	4	ACA:2;AGA:2	3	1
SRR23343456	AL_Shangrila	452	within_species_comparison	primary	ACA/AGA	R/T	99.000	PASS	22	ACA:16;AGA:6	14	8
SRR23343457	AL_Shangrila	452	within_species_comparison	primary	ACA/ACA	T/T	99.000	PASS	36	ACA:36	26	10
SRR23343458	AL_Shangrila	452	within_species_comparison	primary	ACA/ACA	T/T	99.000	PASS	48	ACA:48	17	31
SRR23343459	AL_Shangrila	452	within_species_comparison	primary	ACA/ACA	T/T	63.186	PASS	21	ACA:21	13	8
SRR23343460	AL_Shangrila	452	within_species_comparison	primary	ACG/ACG	T/T	87.257	PASS	29	ACG:29	16	13
SRR23343461	AL_Shangrila	452	within_species_comparison	primary	AGA/AGA	R/R	93.274	PASS	31	AGA:31	16	15
SRR23343462	AL_Shangrila	452	within_species_comparison	primary	ACA/AGA	R/T	99.000	PASS	48	ACA:25;AGA:23	18	30
SRR23343463	AL_Shangrila	452	within_species_comparison	primary	ACA/ACA	T/T	99.000	PASS	42	ACA:42	21	21
SRR23343464	AL_Shangrila	452	within_species_comparison	primary	ACA/ACA	T/T	90.266	PASS	30	ACA:30	14	16
SRR23343465	AL_Shangrila	452	within_species_comparison	primary	ACA/ACA	T/T	27.080	low_depth;low_genotype_quality	9	ACA:9	4	5
SRR23343466	AL_Shangrila	452	within_species_comparison	primary	ACA/ACA	T/T	69.204	PASS	23	ACA:23	14	9
SRR23343467	AL_Shangrila	452	within_species_comparison	primary	ACA/ACA	T/T	99.000	PASS	40	ACA:40	20	20
SRR23343468	AL_Shangrila	452	within_species_comparison	primary	ACA/ACA	T/T	99.000	PASS	36	ACA:36	17	19
SRR23343469	AL_Shangrila	452	within_species_comparison	primary	ACA/ACA	T/T	99.000	PASS	33	ACA:33	23	10
SRR23343470	AL_Shangrila	452	within_species_comparison	primary	ACA/ACA	T/T	60.177	PASS	20	ACA:20	14	6
SRR23343471	AL_Shangrila	452	within_species_comparison	primary	ACG/ACG	T/T	69.204	PASS	23	ACG:23	7	16
SRR23343472	AL_Shangrila	452	within_species_comparison	primary	ACA/ACA	T/T	93.274	PASS	31	ACA:31	13	18
SRR23343473	AL_Shangrila	452	within_species_comparison	primary	ACA/ACA	T/T	99.000	PASS	62	ACA:62	24	38
SRR23343474	AL_Shangrila	452	within_species_comparison	primary	ACG/ACG	T/T	78.230	PASS	26	ACG:26	11	15
SRR23343475	AL_Shangrila	452	within_species_comparison	primary	ACG/ACG	T/T	99.000	PASS	35	ACG:35	14	21
SRR23343476	AL_Shangrila	452	within_species_comparison	primary	ACG/ACG	T/T	60.177	PASS	20	ACG:20	8	12
SRR23343477	AL_Shangrila	452	within_species_comparison	primary	ACG/ACG	T/T	99.000	PASS	35	ACG:35	18	17
SRR23343478	AL_Shangrila	452	within_species_comparison	primary	ACG/ACG	T/T	81.239	PASS	27	ACG:27	14	13
SRR23343479	AL_Shangrila	452	within_species_comparison	primary	ACG/ACG	T/T	69.204	PASS	23	ACG:23	11	12
SRR23343480	AL_Shangrila	452	within_species_comparison	primary	ACG/ACG	T/T	84.248	PASS	28	ACG:28	14	14
SRR23343481	AL_Shangrila	452	within_species_comparison	primary	ACG/ACG	T/T	57.168	PASS	19	ACG:19	12	7
SRR23343482	AL_Shangrila	452	within_species_comparison	primary	ACG/ACG	T/T	99.000	PASS	37	ACG:37	19	18
SRR23343483	AL_Shangrila	452	within_species_comparison	primary	ACG/ACG	T/T	93.274	PASS	31	ACG:31	11	20
SRR23343484	AL_Shangrila	452	within_species_comparison	primary	ACG/ACG	T/T	87.257	PASS	29	ACG:29	9	20
SRR23343485	AL_Shangrila	452	within_species_comparison	primary	ACG/ACG	T/T	75.221	PASS	25	ACG:25	12	13
SRR23343486	AL_Shangrila	452	within_species_comparison	primary	ACG/ACG	T/T	99.000	PASS	35	ACG:35	9	26
SRR23343487	AL_Shangrila	452	within_species_comparison	primary	ACG/ACG	T/T	99.000	PASS	40	ACG:40	18	22
SRR23343488	AL_Shangrila	452	within_species_comparison	primary	ACG/ACG	T/T	99.000	PASS	34	ACG:34	15	19
SRR23343489	AL_Shangrila	452	within_species_comparison	primary	ACG/ACG	T/T	93.274	PASS	31	ACG:31	16	15
SRR23343490	AL_Shangrila	452	within_species_comparison	primary	ACG/ACG	T/T	51.150	PASS	17	ACG:17	7	10
SRR23343491	AL_Shangrila	452	within_species_comparison	primary	ACG/ACG	T/T	78.230	PASS	26	ACG:26	18	8
SRR23343492	AL_Shangrila	452	within_species_comparison	primary	ACG/ACG	T/T	84.248	PASS	28	ACG:28	11	17
SRR23343493	AL_Shangrila	452	within_species_comparison	primary	ACG/ACG	T/T	54.159	PASS	18	ACG:18	8	10
SRR23343494	AL_Shangrila	452	within_species_comparison	primary	ACG/ACG	T/T	63.186	PASS	21	ACG:21	11	10
SRR23343438	AL_Shangrila	474	secondary	primary	AAA/AAA	K/K	99.000	PASS	42	AAA:42	18	24
SRR23343439	AL_Shangrila	474	secondary	primary	AAA/AAA	K/K	99.000	PASS	33	AAA:33	13	20
SRR23343440	AL_Shangrila	474	secondary	primary	AAA/AAA	K/K	57.168	PASS	19	AAA:19	9	10
SRR23343441	AL_Shangrila	474	secondary	primary	AAA/AAA	K/K	69.204	PASS	23	AAA:23	11	12
SRR23343442	AL_Shangrila	474	secondary	primary	CAA/CAA	Q/Q	99.000	PASS	63	CAA:63	37	26
SRR23343443	AL_Shangrila	474	secondary	primary	CAA/CAA	Q/Q	66.195	PASS	22	CAA:22	10	12
SRR23343444	AL_Shangrila	474	secondary	primary	CAA/CAA	Q/Q	57.168	PASS	19	CAA:19	12	7
SRR23343445	AL_Shangrila	474	secondary	primary	CAA/CAA	Q/Q	99.000	PASS	42	CAA:42	18	24
SRR23343446	AL_Shangrila	474	secondary	primary	CAA/CAA	Q/Q	75.221	PASS	25	CAA:25	9	16
SRR23343447	AL_Shangrila	474	secondary	primary	CAA/CAA	Q/Q	99.000	PASS	33	CAA:33	17	16
SRR23343448	AL_Shangrila	474	secondary	primary	CAA/CAA	Q/Q	87.257	PASS	29	CAA:29	12	17
SRR23343449	AL_Shangrila	474	secondary	primary	AAA/AAA	K/K	66.195	PASS	22	AAA:22	11	11
SRR23343450	AL_Shangrila	474	secondary	primary	CAA/CAA	Q/Q	84.248	PASS	28	CAA:28	14	14
SRR23343451	AL_Shangrila	474	secondary	primary	CAA/CAA	Q/Q	87.257	PASS	29	CAA:29	16	13
SRR23343452	AL_Shangrila	474	secondary	primary	CAA/CAA	Q/Q	99.000	PASS	39	CAA:39	24	15
SRR23343453	AL_Shangrila	474	secondary	primary	CAA/CAA	Q/Q	48.142	PASS	16	CAA:16	13	3
SRR23343454	AL_Shangrila	474	secondary	primary	CAA/CAA	Q/Q	69.204	PASS	23	CAA:23	11	12
SRR23343455	AL_Shangrila	474	secondary	primary	CAA/CAA	Q/Q	9.027	low_depth;low_genotype_quality	3	CAA:3	1	2
SRR23343456	AL_Shangrila	474	secondary	primary	CAA/CAA	Q/Q	66.195	PASS	22	CAA:22	15	7
SRR23343457	AL_Shangrila	474	secondary	primary	CAA/CAA	Q/Q	84.248	PASS	28	CAA:28	20	8
SRR23343458	AL_Shangrila	474	secondary	primary	CAA/CAA	Q/Q	99.000	PASS	37	CAA:37	20	17
SRR23343459	AL_Shangrila	474	secondary	primary	CAA/CAA	Q/Q	66.195	PASS	22	CAA:22	15	7
SRR23343460	AL_Shangrila	474	secondary	primary	AAA/AAA	K/K	87.257	PASS	29	AAA:29	18	11
SRR23343461	AL_Shangrila	474	secondary	primary	CAA/CAA	Q/Q	90.266	PASS	30	CAA:30	20	10
SRR23343462	AL_Shangrila	474	secondary	primary	CAA/CAA	Q/Q	99.000	PASS	57	CAA:57	33	24
SRR23343463	AL_Shangrila	474	secondary	primary	CAA/CAA	Q/Q	99.000	PASS	36	CAA:36	21	15
SRR23343464	AL_Shangrila	474	secondary	primary	CAA/CAA	Q/Q	75.221	PASS	25	CAA:25	9	16
SRR23343465	AL_Shangrila	474	secondary	primary	CAA/CAA	Q/Q	69.204	PASS	23	CAA:23	10	13
SRR23343466	AL_Shangrila	474	secondary	primary	CAA/CAA	Q/Q	78.230	PASS	26	CAA:26	18	8
SRR23343467	AL_Shangrila	474	secondary	primary	CAA/CAA	Q/Q	93.274	PASS	31	CAA:31	21	10
SRR23343468	AL_Shangrila	474	secondary	primary	CAA/CAA	Q/Q	99.000	PASS	36	CAA:36	23	13
SRR23343469	AL_Shangrila	474	secondary	primary	CAA/CAA	Q/Q	96.283	PASS	32	CAA:32	22	10
SRR23343470	AL_Shangrila	474	secondary	primary	CAA/CAA	Q/Q	63.186	PASS	21	CAA:21	13	8
SRR23343471	AL_Shangrila	474	secondary	primary	AAA/AAA	K/K	54.159	PASS	18	AAA:18	6	12
SRR23343472	AL_Shangrila	474	secondary	primary	CAA/CAA	Q/Q	54.159	PASS	18	CAA:18	11	7
SRR23343473	AL_Shangrila	474	secondary	primary	CAA/CAA	Q/Q	99.000	PASS	67	CAA:67	34	33
SRR23343474	AL_Shangrila	474	secondary	primary	AAA/AAA	K/K	72.212	PASS	24	AAA:24	13	11
SRR23343475	AL_Shangrila	474	secondary	primary	AAA/AAA	K/K	99.000	PASS	35	AAA:35	19	16
SRR23343476	AL_Shangrila	474	secondary	primary	AAA/AAA	K/K	69.204	PASS	23	AAA:23	16	7
SRR23343477	AL_Shangrila	474	secondary	primary	AAA/AAA	K/K	99.000	PASS	34	AAA:34	21	13
SRR23343478	AL_Shangrila	474	secondary	primary	AAA/AAA	K/K	63.186	PASS	21	AAA:21	15	6
SRR23343479	AL_Shangrila	474	secondary	primary	AAA/AAA	K/K	75.221	PASS	25	AAA:25	14	11
SRR23343480	AL_Shangrila	474	secondary	primary	AAA/AAA	K/K	60.177	PASS	20	AAA:20	11	9
SRR23343481	AL_Shangrila	474	secondary	primary	AAA/AAA	K/K	45.133	PASS	15	AAA:15	9	6
SRR23343482	AL_Shangrila	474	secondary	primary	AAA/AAA	K/K	99.000	PASS	34	AAA:34	16	18
SRR23343483	AL_Shangrila	474	secondary	primary	AAA/AAA	K/K	93.274	PASS	31	AAA:31	17	14
SRR23343484	AL_Shangrila	474	secondary	primary	AAA/AAA	K/K	84.248	PASS	28	AAA:28	12	16
SRR23343485	AL_Shangrila	474	secondary	primary	AAA/AAA	K/K	90.266	PASS	30	AAA:30	16	14
SRR23343486	AL_Shangrila	474	secondary	primary	AAA/AAA	K/K	99.000	PASS	44	AAA:44	15	29
SRR23343487	AL_Shangrila	474	secondary	primary	AAA/AAA	K/K	99.000	PASS	35	AAA:35	16	19
SRR23343488	AL_Shangrila	474	secondary	primary	AAA/AAA	K/K	72.212	PASS	24	AAA:24	13	11
SRR23343489	AL_Shangrila	474	secondary	primary	AAA/AAA	K/K	78.230	PASS	26	AAA:26	8	18
SRR23343490	AL_Shangrila	474	secondary	primary	AAA/AAA	K/K	60.177	PASS	20	AAA:20	9	11
SRR23343491	AL_Shangrila	474	secondary	primary	AAA/AAA	K/K	78.230	PASS	26	AAA:26	14	12
SRR23343492	AL_Shangrila	474	secondary	primary	AAA/AAA	K/K	90.266	PASS	30	AAA:30	14	16
SRR23343493	AL_Shangrila	474	secondary	primary	AAA/AAA	K/K	54.159	PASS	18	AAA:18	11	7
SRR23343494	AL_Shangrila	474	secondary	primary	AAA/AAA	K/K	78.230	PASS	26	AAA:26	16	10
SRR23343438	AL_Shangrila	549	primary	primary	TTT/TTT	F/F	99.000	PASS	39	TTT:39	25	14
SRR23343439	AL_Shangrila	549	primary	primary	TTT/TTT	F/F	75.221	PASS	25	TTT:25	19	6
SRR23343440	AL_Shangrila	549	primary	primary	TTT/TTT	F/F	45.133	one_strand_only	15	TTT:15	15	0
SRR23343441	AL_Shangrila	549	primary	primary	TTT/TTT	F/F	66.195	PASS	22	TTT:22	11	11
SRR23343442	AL_Shangrila	549	primary	primary	TTG/TTG	L/L	99.000	PASS	43	TTG:43	26	17
SRR23343443	AL_Shangrila	549	primary	primary	TTG/TTG	L/L	66.195	PASS	22	TTG:22	9	13
SRR23343444	AL_Shangrila	549	primary	primary	TTG/TTG	L/L	51.150	PASS	17	TTG:17	10	7
SRR23343445	AL_Shangrila	549	primary	primary	TTG/TTG	L/L	99.000	PASS	35	TTG:35	20	15
SRR23343446	AL_Shangrila	549	primary	primary	TTG/TTG	L/L	84.248	PASS	28	TTG:28	12	16
SRR23343447	AL_Shangrila	549	primary	primary	TTG/TTG	L/L	75.221	PASS	25	TTG:25	15	10
SRR23343448	AL_Shangrila	549	primary	primary	TTG/TTG	L/L	72.212	PASS	24	TTG:24	9	15
SRR23343449	AL_Shangrila	549	primary	primary	TTT/TTT	F/F	69.204	PASS	23	TTT:23	12	11
SRR23343450	AL_Shangrila	549	primary	primary	TTG/TTG	L/L	99.000	PASS	38	TTG:38	13	25
SRR23343451	AL_Shangrila	549	primary	primary	TTG/TTG	L/L	37.446	PASS	24	TAG:1;TTG:23	19	5
SRR23343452	AL_Shangrila	549	primary	primary	TTG/TTG	L/L	87.257	PASS	29	TTG:29	19	10
SRR23343453	AL_Shangrila	549	primary	primary	TTG/TTG	L/L	51.150	PASS	17	TTG:17	11	6
SRR23343454	AL_Shangrila	549	primary	primary	TTG/TTG	L/L	75.221	PASS	25	TTG:25	12	13
SRR23343455	AL_Shangrila	549	primary	primary	TTG/TTG	L/L	21.062	low_depth;low_genotype_quality	7	TTG:7	4	3
SRR23343456	AL_Shangrila	549	primary	primary	TTG/TTG	L/L	69.204	PASS	23	TTG:23	13	10
SRR23343457	AL_Shangrila	549	primary	primary	TTG/TTG	L/L	99.000	PASS	33	TTG:33	23	10
SRR23343458	AL_Shangrila	549	primary	primary	TTG/TTG	L/L	99.000	PASS	38	TTG:38	15	23
SRR23343459	AL_Shangrila	549	primary	primary	TTG/TTG	L/L	63.186	PASS	21	TTG:21	8	13
SRR23343460	AL_Shangrila	549	primary	primary	TTT/TTT	F/F	19.392	low_genotype_quality	18	TTG:1;TTT:17	17	1
SRR23343461	AL_Shangrila	549	primary	primary	TTG/TTG	L/L	60.177	PASS	20	TTG:20	13	7
SRR23343462	AL_Shangrila	549	primary	primary	TTG/TTG	L/L	81.239	PASS	27	TTG:27	16	11
SRR23343463	AL_Shangrila	549	primary	primary	TTG/TTG	L/L	75.221	PASS	25	TTG:25	14	11
SRR23343464	AL_Shangrila	549	primary	primary	TTG/TTG	L/L	84.248	PASS	28	TTG:28	17	11
SRR23343465	AL_Shangrila	549	primary	primary	TTG/TTG	L/L	72.212	PASS	24	TTG:24	12	12
SRR23343466	AL_Shangrila	549	primary	primary	TTG/TTG	L/L	72.212	PASS	24	TTG:24	11	13
SRR23343467	AL_Shangrila	549	primary	primary	TTG/TTG	L/L	75.221	PASS	25	TTG:25	9	16
SRR23343468	AL_Shangrila	549	primary	primary	TTG/TTG	L/L	54.159	PASS	18	TTG:18	9	9
SRR23343469	AL_Shangrila	549	primary	primary	TTG/TTG	L/L	72.212	PASS	24	TTG:24	9	15
SRR23343470	AL_Shangrila	549	primary	primary	TTG/TTG	L/L	66.195	PASS	22	TTG:22	11	11
SRR23343471	AL_Shangrila	549	primary	primary	TTT/TTT	F/F	39.115	PASS	13	TTT:13	9	4
SRR23343472	AL_Shangrila	549	primary	primary	TTG/TTG	L/L	51.150	PASS	17	TTG:17	10	7
SRR23343473	AL_Shangrila	549	primary	primary	TTG/TTG	L/L	99.000	PASS	55	TTG:55	29	26
SRR23343474	AL_Shangrila	549	primary	primary	TTT/TTT	F/F	48.142	PASS	16	TTT:16	13	3
SRR23343475	AL_Shangrila	549	primary	primary	TTT/TTT	F/F	57.168	PASS	19	TTT:19	11	8
SRR23343476	AL_Shangrila	549	primary	primary	TTT/TTT	F/F	63.186	PASS	21	TTT:21	15	6
SRR23343477	AL_Shangrila	549	primary	primary	TTT/TTT	F/F	72.212	PASS	24	TTT:24	16	8
SRR23343478	AL_Shangrila	549	primary	primary	TTT/TTT	F/F	48.142	PASS	16	TTT:16	12	4
SRR23343479	AL_Shangrila	549	primary	primary	TTT/TTT	F/F	96.283	PASS	32	TTT:32	17	15
SRR23343480	AL_Shangrila	549	primary	primary	TTT/TTT	F/F	45.133	PASS	15	TTT:15	9	6
SRR23343481	AL_Shangrila	549	primary	primary	TTT/TTT	F/F	36.106	PASS	12	TTT:12	10	2
SRR23343482	AL_Shangrila	549	primary	primary	TTT/TTT	F/F	84.248	PASS	28	TTT:28	15	13
SRR23343483	AL_Shangrila	549	primary	primary	TTT/TTT	F/F	75.221	PASS	25	TTT:25	19	6
SRR23343484	AL_Shangrila	549	primary	primary	TTT/TTT	F/F	99.000	PASS	36	TTT:36	25	11
SRR23343485	AL_Shangrila	549	primary	primary	TTT/TTT	F/F	66.195	PASS	22	TTT:22	12	10
SRR23343486	AL_Shangrila	549	primary	primary	TTT/TTT	F/F	99.000	PASS	35	TTT:35	21	14
SRR23343487	AL_Shangrila	549	primary	primary	TTT/TTT	F/F	99.000	PASS	34	TTT:34	20	14
SRR23343488	AL_Shangrila	549	primary	primary	TTT/TTT	F/F	81.239	PASS	27	TTT:27	15	12
SRR23343489	AL_Shangrila	549	primary	primary	TTT/TTT	F/F	81.239	PASS	27	TTT:27	21	6
SRR23343490	AL_Shangrila	549	primary	primary	TTT/TTT	F/F	78.230	PASS	26	TTT:26	17	9
SRR23343491	AL_Shangrila	549	primary	primary	TTT/TTT	F/F	66.195	PASS	22	TTT:22	12	10
SRR23343492	AL_Shangrila	549	primary	primary	TTT/TTT	F/F	51.150	PASS	17	TTT:17	11	6
SRR23343493	AL_Shangrila	549	primary	primary	TTT/TTT	F/F	54.159	PASS	18	TTT:18	11	7
SRR23343494	AL_Shangrila	549	primary	primary	TTT/TTT	F/F	87.257	PASS	29	TTT:29	16	13
SRR23343438	AL_Shangrila	717	secondary	primary	ACT/ACT	T/T	72.212	PASS	24	ACT:24	11	13
SRR23343439	AL_Shangrila	717	secondary	primary	ACT/ACT	T/T	75.221	PASS	25	ACT:25	11	14
SRR23343440	AL_Shangrila	717	secondary	primary	ACT/ACT	T/T	54.159	PASS	18	ACT:18	7	11
SRR23343441	AL_Shangrila	717	secondary	primary	ACT/ACT	T/T	54.159	PASS	18	ACT:18	8	10
SRR23343442	AL_Shangrila	717	secondary	primary	GCT/GCT	A/A	99.000	PASS	42	GCT:42	20	22
SRR23343443	AL_Shangrila	717	secondary	primary	GCT/GCT	A/A	57.168	PASS	19	GCT:19	9	10
SRR23343444	AL_Shangrila	717	secondary	primary	GCT/GCT	A/A	45.133	PASS	15	GCT:15	3	12
SRR23343445	AL_Shangrila	717	secondary	primary	GCT/GCT	A/A	96.283	PASS	32	GCT:32	12	20
SRR23343446	AL_Shangrila	717	secondary	primary	GCT/GCT	A/A	48.142	PASS	16	GCT:16	8	8
SRR23343447	AL_Shangrila	717	secondary	primary	GCT/GCT	A/A	78.230	PASS	26	GCT:26	10	16
SRR23343448	AL_Shangrila	717	secondary	primary	GCT/GCT	A/A	36.106	PASS	12	GCT:12	5	7
SRR23343449	AL_Shangrila	717	secondary	primary	ACT/ACT	T/T	39.115	PASS	13	ACT:13	5	8
SRR23343450	AL_Shangrila	717	secondary	primary	GCT/GCT	A/A	54.159	PASS	18	GCT:18	8	10
SRR23343451	AL_Shangrila	717	secondary	primary	GCT/GCT	A/A	60.177	PASS	20	GCT:20	5	15
SRR23343452	AL_Shangrila	717	secondary	primary	GCT/GCT	A/A	81.239	PASS	27	GCT:27	12	15
SRR23343453	AL_Shangrila	717	secondary	primary	GCT/GCT	A/A	51.150	PASS	17	GCT:17	4	13
SRR23343454	AL_Shangrila	717	secondary	primary	GCT/GCT	A/A	72.212	PASS	24	GCT:24	13	11
SRR23343455	AL_Shangrila	717	secondary	primary	GCT/GCT	A/A	3.009	low_depth;low_genotype_quality;one_strand_only	1	GCT:1	0	1
SRR23343456	AL_Shangrila	717	secondary	primary	GCT/GCT	A/A	63.186	PASS	21	GCT:21	4	17
SRR23343457	AL_Shangrila	717	secondary	primary	GCT/GCT	A/A	51.150	PASS	17	GCT:17	5	12
SRR23343458	AL_Shangrila	717	secondary	primary	GCT/GCT	A/A	69.204	PASS	23	GCT:23	10	13
SRR23343459	AL_Shangrila	717	secondary	primary	GCT/GCT	A/A	30.089	PASS	10	GCT:10	4	6
SRR23343460	AL_Shangrila	717	secondary	primary	ACT/ACT	T/T	54.159	PASS	18	ACT:18	9	9
SRR23343461	AL_Shangrila	717	secondary	primary	GCT/GCT	A/A	48.142	PASS	16	GCT:16	4	12
SRR23343462	AL_Shangrila	717	secondary	primary	GCT/GCT	A/A	99.000	PASS	39	GCT:39	14	25
SRR23343463	AL_Shangrila	717	secondary	primary	GCT/GCT	A/A	33.097	PASS	11	GCT:11	5	6
SRR23343464	AL_Shangrila	717	secondary	primary	GCT/GCT	A/A	51.150	PASS	17	GCT:17	5	12
SRR23343465	AL_Shangrila	717	secondary	primary	GCT/GCT	A/A	51.150	PASS	17	GCT:17	5	12
SRR23343466	AL_Shangrila	717	secondary	primary	GCT/GCT	A/A	54.159	PASS	18	GCT:18	7	11
SRR23343467	AL_Shangrila	717	secondary	primary	GCT/GCT	A/A	54.159	PASS	18	GCT:18	6	12
SRR23343468	AL_Shangrila	717	secondary	primary	GCT/GCT	A/A	57.168	PASS	19	GCT:19	8	11
SRR23343469	AL_Shangrila	717	secondary	primary	GCT/GCT	A/A	57.168	PASS	19	GCT:19	9	10
SRR23343470	AL_Shangrila	717	secondary	primary	GCT/GCT	A/A	42.124	PASS	14	GCT:14	7	7
SRR23343471	AL_Shangrila	717	secondary	primary	ACT/ACT	T/T	48.142	PASS	16	ACT:16	7	9
SRR23343472	AL_Shangrila	717	secondary	primary	GCT/GCT	A/A	78.230	PASS	26	GCT:26	8	18
SRR23343473	AL_Shangrila	717	secondary	primary	GCT/GCT	A/A	99.000	PASS	42	GCT:42	12	30
SRR23343474	AL_Shangrila	717	secondary	primary	ACT/ACT	T/T	45.133	PASS	15	ACT:15	7	8
SRR23343475	AL_Shangrila	717	secondary	primary	ACT/ACT	T/T	90.266	PASS	30	ACT:30	22	8
SRR23343476	AL_Shangrila	717	secondary	primary	ACT/ACT	T/T	30.089	PASS	10	ACT:10	5	5
SRR23343477	AL_Shangrila	717	secondary	primary	ACT/ACT	T/T	84.248	PASS	28	ACT:28	11	17
SRR23343478	AL_Shangrila	717	secondary	primary	ACT/ACT	T/T	75.221	PASS	25	ACT:25	6	19
SRR23343479	AL_Shangrila	717	secondary	primary	ACT/ACT	T/T	75.221	PASS	25	ACT:25	9	16
SRR23343480	AL_Shangrila	717	secondary	primary	ACT/ACT	T/T	75.221	PASS	25	ACT:25	10	15
SRR23343481	AL_Shangrila	717	secondary	primary	ACT/ACT	T/T	78.230	PASS	26	ACT:26	8	18
SRR23343482	AL_Shangrila	717	secondary	primary	ACT/ACT	T/T	66.195	PASS	22	ACT:22	8	14
SRR23343483	AL_Shangrila	717	secondary	primary	ACT/ACT	T/T	84.248	PASS	28	ACT:28	10	18
SRR23343484	AL_Shangrila	717	secondary	primary	ACT/ACT	T/T	42.124	PASS	14	ACT:14	7	7
SRR23343485	AL_Shangrila	717	secondary	primary	ACT/ACT	T/T	81.239	PASS	27	ACT:27	10	17
SRR23343486	AL_Shangrila	717	secondary	primary	ACT/ACT	T/T	75.221	PASS	25	ACT:25	11	14
SRR23343487	AL_Shangrila	717	secondary	primary	ACT/ACT	T/T	66.195	PASS	22	ACT:22	5	17
SRR23343488	AL_Shangrila	717	secondary	primary	ACT/ACT	T/T	72.212	PASS	24	ACT:24	11	13
SRR23343489	AL_Shangrila	717	secondary	primary	ACT/ACT	T/T	60.177	PASS	20	ACT:20	6	14
SRR23343490	AL_Shangrila	717	secondary	primary	ACT/ACT	T/T	39.115	PASS	13	ACT:13	4	9
SRR23343491	AL_Shangrila	717	secondary	primary	ACT/ACT	T/T	57.168	PASS	19	ACT:19	5	14
SRR23343492	AL_Shangrila	717	secondary	primary	ACT/ACT	T/T	75.221	PASS	25	ACT:25	7	18
SRR23343493	AL_Shangrila	717	secondary	primary	ACT/ACT	T/T	63.186	PASS	21	ACT:21	10	11
SRR23343494	AL_Shangrila	717	secondary	primary	ACT/ACT	T/T	72.212	PASS	24	ACT:24	8	16
SRR23343438	AL_Shangrila	727	secondary	primary	GTT/GTT	V/V	99.000	PASS	38	GTT:38	20	18
SRR23343439	AL_Shangrila	727	secondary	primary	GTT/GTT	V/V	87.257	PASS	29	GTT:29	17	12
SRR23343440	AL_Shangrila	727	secondary	primary	GTT/GTT	V/V	75.221	PASS	25	GTT:25	10	15
SRR23343441	AL_Shangrila	727	secondary	primary	GTT/GTT	V/V	72.212	PASS	24	GTT:24	12	12
SRR23343442	AL_Shangrila	727	secondary	primary	GCT/GCT	A/A	81.239	PASS	27	GCT:27	16	11
SRR23343443	AL_Shangrila	727	secondary	primary	GCT/GCT	A/A	42.124	PASS	14	GCT:14	6	8
SRR23343444	AL_Shangrila	727	secondary	primary	GCT/GCT	A/A	66.195	PASS	22	GCT:22	18	4
SRR23343445	AL_Shangrila	727	secondary	primary	GCT/GCT	A/A	99.000	PASS	34	GCT:34	15	19
SRR23343446	AL_Shangrila	727	secondary	primary	GCT/GCT	A/A	75.221	PASS	25	GCT:25	13	12
SRR23343447	AL_Shangrila	727	secondary	primary	GCT/GCT	A/A	78.230	PASS	26	GCT:26	12	14
SRR23343448	AL_Shangrila	727	secondary	primary	GCT/GCT	A/A	57.168	PASS	19	GCT:19	7	12
SRR23343449	AL_Shangrila	727	secondary	primary	GTT/GTT	V/V	66.195	PASS	22	GTT:22	9	13
SRR23343450	AL_Shangrila	727	secondary	primary	GCT/GCT	A/A	72.212	PASS	24	GCT:24	11	13
SRR23343451	AL_Shangrila	727	secondary	primary	GCT/GCT	A/A	72.212	PASS	24	GCT:24	17	7
SRR23343452	AL_Shangrila	727	secondary	primary	GCT/GCT	A/A	99.000	PASS	40	GCT:40	26	14
SRR23343453	AL_Shangrila	727	secondary	primary	GCT/GCT	A/A	24.071	low_depth;low_genotype_quality	8	GCT:8	6	2
SRR23343454	AL_Shangrila	727	secondary	primary	GCT/GCT	A/A	51.150	PASS	17	GCT:17	10	7
SRR23343455	AL_Shangrila	727	secondary	primary	GCT/GCT	A/A	15.044	low_depth;low_genotype_quality	5	GCT:5	1	4
SRR23343456	AL_Shangrila	727	secondary	primary	GCT/GCT	A/A	66.195	PASS	22	GCT:22	12	10
SRR23343457	AL_Shangrila	727	secondary	primary	GCT/GCT	A/A	75.221	PASS	25	GCT:25	11	14
SRR23343458	AL_Shangrila	727	secondary	primary	GCT/GCT	A/A	75.221	PASS	25	GCT:25	10	15
SRR23343459	AL_Shangrila	727	secondary	primary	GCT/GCT	A/A	51.150	PASS	17	GCT:17	9	8
SRR23343460	AL_Shangrila	727	secondary	primary	GTT/GTT	V/V	60.177	PASS	20	GTT:20	7	13
SRR23343461	AL_Shangrila	727	secondary	primary	GCT/GCT	A/A	93.274	PASS	31	GCT:31	17	14
SRR23343462	AL_Shangrila	727	secondary	primary	GCT/GCT	A/A	99.000	PASS	34	GCT:34	23	11
SRR23343463	AL_Shangrila	727	secondary	primary	GCT/GCT	A/A	37.446	PASS	24	GCC:1;GCT:23	11	13
SRR23343464	AL_Shangrila	727	secondary	primary	GCT/GCT	A/A	81.239	PASS	27	GCT:27	15	12
SRR23343465	AL_Shangrila	727	secondary	primary	GCT/GCT	A/A	54.159	PASS	18	GCT:18	14	4
SRR23343466	AL_Shangrila	727	secondary	primary	GCT/GCT	A/A	51.150	PASS	17	GCT:17	12	5
SRR23343467	AL_Shangrila	727	secondary	primary	GCT/GCT	A/A	51.150	PASS	17	GCT:17	11	6
SRR23343468	AL_Shangrila	727	secondary	primary	GCT/GCT	A/A	66.195	PASS	22	GCT:22	9	13
SRR23343469	AL_Shangrila	727	secondary	primary	GCT/GCT	A/A	81.239	PASS	27	GCT:27	16	11
SRR23343470	AL_Shangrila	727	secondary	primary	GCT/GCT	A/A	51.150	PASS	17	GCT:17	10	7
SRR23343471	AL_Shangrila	727	secondary	primary	GTT/GTT	V/V	87.257	PASS	29	GTT:29	13	16
SRR23343472	AL_Shangrila	727	secondary	primary	GCT/GCT	A/A	93.274	PASS	31	GCT:31	17	14
SRR23343473	AL_Shangrila	727	secondary	primary	GCT/GCT	A/A	99.000	PASS	45	GCT:45	27	18
SRR23343474	AL_Shangrila	727	secondary	primary	GTT/GTT	V/V	48.142	PASS	16	GTT:16	9	7
SRR23343475	AL_Shangrila	727	secondary	primary	GTT/GTT	V/V	45.133	PASS	15	GTT:15	11	4
SRR23343476	AL_Shangrila	727	secondary	primary	GTT/GTT	V/V	48.142	PASS	16	GTT:16	7	9
SRR23343477	AL_Shangrila	727	secondary	primary	GTT/GTT	V/V	84.248	PASS	28	GTT:28	13	15
SRR23343478	AL_Shangrila	727	secondary	primary	GTT/GTT	V/V	63.186	PASS	21	GTT:21	13	8
SRR23343479	AL_Shangrila	727	secondary	primary	GTT/GTT	V/V	45.133	PASS	15	GTT:15	7	8
SRR23343480	AL_Shangrila	727	secondary	primary	GTT/GTT	V/V	66.195	PASS	22	GTT:22	11	11
SRR23343481	AL_Shangrila	727	secondary	primary	GTT/GTT	V/V	84.248	PASS	28	GTT:28	11	17
SRR23343482	AL_Shangrila	727	secondary	primary	GTT/GTT	V/V	87.257	PASS	29	GTT:29	17	12
SRR23343483	AL_Shangrila	727	secondary	primary	GTT/GTT	V/V	78.230	PASS	26	GTT:26	13	13
SRR23343484	AL_Shangrila	727	secondary	primary	GTT/GTT	V/V	66.195	PASS	22	GTT:22	6	16
SRR23343485	AL_Shangrila	727	secondary	primary	GTT/GTT	V/V	54.159	PASS	18	GTT:18	7	11
SRR23343486	AL_Shangrila	727	secondary	primary	GTT/GTT	V/V	78.230	PASS	26	GTT:26	8	18
SRR23343487	AL_Shangrila	727	secondary	primary	GTT/GTT	V/V	96.283	PASS	32	GTT:32	16	16
SRR23343488	AL_Shangrila	727	secondary	primary	GTT/GTT	V/V	51.150	PASS	17	GTT:17	10	7
SRR23343489	AL_Shangrila	727	secondary	primary	GTT/GTT	V/V	90.266	PASS	30	GTT:30	18	12
SRR23343490	AL_Shangrila	727	secondary	primary	GTT/GTT	V/V	63.186	PASS	21	GTT:21	9	12
SRR23343491	AL_Shangrila	727	secondary	primary	GTT/GTT	V/V	51.150	PASS	17	GTT:17	10	7
SRR23343492	AL_Shangrila	727	secondary	primary	GTT/GTT	V/V	78.230	PASS	26	GTT:26	9	17
SRR23343493	AL_Shangrila	727	secondary	primary	GTT/GTT	V/V	51.150	PASS	17	GTT:17	12	5
SRR23343494	AL_Shangrila	727	secondary	primary	GTT/GTT	V/V	66.195	PASS	22	GTT:22	9	13
SRR23343438	AL_Shangrila	766	secondary	primary	TTT/TTT	F/F	99.000	PASS	39	TTT:39	23	16
SRR23343439	AL_Shangrila	766	secondary	primary	TTT/TTT	F/F	99.000	PASS	35	TTT:35	17	18
SRR23343440	AL_Shangrila	766	secondary	primary	TTT/TTT	F/F	90.266	PASS	30	TTT:30	18	12
SRR23343441	AL_Shangrila	766	secondary	primary	TTT/TTT	F/F	60.177	PASS	20	TTT:20	11	9
SRR23343442	AL_Shangrila	766	secondary	primary	CTC/CTC	L/L	99.000	PASS	46	CTC:46	27	19
SRR23343443	AL_Shangrila	766	secondary	primary	CTC/CTC	L/L	84.248	PASS	28	CTC:28	13	15
SRR23343444	AL_Shangrila	766	secondary	primary	CTC/CTC	L/L	42.124	PASS	14	CTC:14	7	7
SRR23343445	AL_Shangrila	766	secondary	primary	CTC/CTC	L/L	99.000	PASS	44	CTC:44	21	23
SRR23343446	AL_Shangrila	766	secondary	primary	CTC/CTC	L/L	87.257	PASS	29	CTC:29	12	17
SRR23343447	AL_Shangrila	766	secondary	primary	CTC/CTC	L/L	99.000	PASS	37	CTC:37	22	15
SRR23343448	AL_Shangrila	766	secondary	primary	CTC/CTC	L/L	75.221	PASS	25	CTC:25	16	9
SRR23343449	AL_Shangrila	766	secondary	primary	TTT/TTT	F/F	78.230	PASS	26	TTT:26	16	10
SRR23343450	AL_Shangrila	766	secondary	primary	CTC/CTC	L/L	99.000	PASS	33	CTC:33	16	17
SRR23343451	AL_Shangrila	766	secondary	primary	CTC/CTC	L/L	66.195	PASS	22	CTC:22	14	8
SRR23343452	AL_Shangrila	766	secondary	primary	CTC/CTC	L/L	99.000	PASS	34	CTC:34	17	17
SRR23343453	AL_Shangrila	766	secondary	primary	CTC/CTC	L/L	57.168	PASS	19	CTC:19	12	7
SRR23343454	AL_Shangrila	766	secondary	primary	CTC/CTC	L/L	48.142	PASS	16	CTC:16	7	9
SRR23343455	AL_Shangrila	766	secondary	primary	CTC/CTC	L/L	18.053	low_depth;low_genotype_quality;one_strand_only	6	CTC:6	0	6
SRR23343456	AL_Shangrila	766	secondary	primary	CTC/CTC	L/L	99.000	PASS	37	CTC:37	16	21
SRR23343457	AL_Shangrila	766	secondary	primary	CTC/CTC	L/L	99.000	PASS	36	CTC:36	15	21
SRR23343458	AL_Shangrila	766	secondary	primary	CTC/CTC	L/L	99.000	PASS	42	CTC:42	18	24
SRR23343459	AL_Shangrila	766	secondary	primary	CTC/CTC	L/L	84.248	PASS	28	CTC:28	10	18
SRR23343460	AL_Shangrila	766	secondary	primary	TTT/TTT	F/F	69.204	PASS	23	TTT:23	10	13
SRR23343461	AL_Shangrila	766	secondary	primary	CTC/CTC	L/L	99.000	PASS	33	CTC:33	22	11
SRR23343462	AL_Shangrila	766	secondary	primary	CTC/CTC	L/L	99.000	PASS	50	CTC:50	22	28
SRR23343463	AL_Shangrila	766	secondary	primary	CTC/CTC	L/L	99.000	PASS	38	CTC:38	19	19
SRR23343464	AL_Shangrila	766	secondary	primary	CTC/CTC	L/L	99.000	PASS	33	CTC:33	19	14
SRR23343465	AL_Shangrila	766	secondary	primary	CTC/CTC	L/L	45.133	PASS	15	CTC:15	6	9
SRR23343466	AL_Shangrila	766	secondary	primary	CTC/CTC	L/L	60.177	PASS	20	CTC:20	13	7
SRR23343467	AL_Shangrila	766	secondary	primary	CTC/CTC	L/L	66.195	PASS	22	CTC:22	14	8
SRR23343468	AL_Shangrila	766	secondary	primary	CTC/CTC	L/L	93.274	PASS	31	CTC:31	19	12
SRR23343469	AL_Shangrila	766	secondary	primary	CTC/CTC	L/L	78.230	PASS	26	CTC:26	16	10
SRR23343470	AL_Shangrila	766	secondary	primary	CTC/TTT	F/L	9.328	low_genotype_quality;heterozygote_balance	20	CTC:19;TTT:1	9	11
SRR23343471	AL_Shangrila	766	secondary	primary	TTT/TTT	F/F	54.159	PASS	18	TTT:18	8	10
SRR23343472	AL_Shangrila	766	secondary	primary	CTC/CTC	L/L	93.274	PASS	31	CTC:31	16	15
SRR23343473	AL_Shangrila	766	secondary	primary	CTC/CTC	L/L	99.000	PASS	56	CTC:56	35	21
SRR23343474	AL_Shangrila	766	secondary	primary	TTT/TTT	F/F	72.212	PASS	24	TTT:24	13	11
SRR23343475	AL_Shangrila	766	secondary	primary	TTT/TTT	F/F	75.221	PASS	25	TTT:25	10	15
SRR23343476	AL_Shangrila	766	secondary	primary	TTT/TTT	F/F	63.186	PASS	21	TTT:21	5	16
SRR23343477	AL_Shangrila	766	secondary	primary	TTT/TTT	F/F	96.283	PASS	32	TTT:32	19	13
SRR23343478	AL_Shangrila	766	secondary	primary	TTT/TTT	F/F	75.221	PASS	25	TTT:25	9	16
SRR23343479	AL_Shangrila	766	secondary	primary	TTT/TTT	F/F	81.239	PASS	27	TTT:27	21	6
SRR23343480	AL_Shangrila	766	secondary	primary	TTT/TTT	F/F	78.230	PASS	26	TTT:26	11	15
SRR23343481	AL_Shangrila	766	secondary	primary	TTT/TTT	F/F	90.266	PASS	30	TTT:30	17	13
SRR23343482	AL_Shangrila	766	secondary	primary	TTT/TTT	F/F	75.221	PASS	25	TTT:25	11	14
SRR23343483	AL_Shangrila	766	secondary	primary	TTT/TTT	F/F	81.239	PASS	27	TTT:27	16	11
SRR23343484	AL_Shangrila	766	secondary	primary	TTT/TTT	F/F	93.274	PASS	31	TTT:31	10	21
SRR23343485	AL_Shangrila	766	secondary	primary	TTT/TTT	F/F	63.186	PASS	21	TTT:21	10	11
SRR23343486	AL_Shangrila	766	secondary	primary	TTT/TTT	F/F	72.212	PASS	24	TTT:24	12	12
SRR23343487	AL_Shangrila	766	secondary	primary	TTT/TTT	F/F	78.230	PASS	26	TTT:26	15	11
SRR23343488	AL_Shangrila	766	secondary	primary	TTT/TTT	F/F	78.230	PASS	26	TTT:26	16	10
SRR23343489	AL_Shangrila	766	secondary	primary	TTT/TTT	F/F	87.257	PASS	29	TTT:29	16	13
SRR23343490	AL_Shangrila	766	secondary	primary	TTT/TTT	F/F	75.221	PASS	25	TTT:25	11	14
SRR23343491	AL_Shangrila	766	secondary	primary	TTT/TTT	F/F	75.221	PASS	25	TTT:25	16	9
SRR23343492	AL_Shangrila	766	secondary	primary	TTT/TTT	F/F	84.248	PASS	28	TTT:28	18	10
SRR23343493	AL_Shangrila	766	secondary	primary	TTT/TTT	F/F	22.401	low_genotype_quality	19	TAT:1;TTT:18	9	10
SRR23343494	AL_Shangrila	766	secondary	primary	TTT/TTT	F/F	99.000	PASS	42	TTT:42	21	21
SRR23343438	AL_Shangrila	822	within_species_comparison	primary	ATA/ATA	I/I	99.000	PASS	50	ATA:50	23	27
SRR23343439	AL_Shangrila	822	within_species_comparison	primary	ATA/ATA	I/I	99.000	PASS	34	ATA:34	12	22
SRR23343440	AL_Shangrila	822	within_species_comparison	primary	ATA/ATA	I/I	93.274	PASS	31	ATA:31	12	19
SRR23343441	AL_Shangrila	822	within_species_comparison	primary	ATA/ATA	I/I	72.212	PASS	24	ATA:24	14	10
SRR23343442	AL_Shangrila	822	within_species_comparison	primary	ATA/ATA	I/I	99.000	PASS	48	ATA:48	23	25
SRR23343443	AL_Shangrila	822	within_species_comparison	primary	ATA/ATA	I/I	81.239	PASS	27	ATA:27	11	16
SRR23343444	AL_Shangrila	822	within_species_comparison	primary	ATA/ATA	I/I	57.168	PASS	19	ATA:19	7	12
SRR23343445	AL_Shangrila	822	within_species_comparison	primary	ATA/ATA	I/I	99.000	PASS	48	ATA:48	25	23
SRR23343446	AL_Shangrila	822	within_species_comparison	primary	ATA/ATA	I/I	75.221	PASS	25	ATA:25	14	11
SRR23343447	AL_Shangrila	822	within_species_comparison	primary	ATA/ATA	I/I	99.000	PASS	41	ATA:41	19	22
SRR23343448	AL_Shangrila	822	within_species_comparison	primary	ATA/ATA	I/I	84.248	PASS	28	ATA:28	12	16
SRR23343449	AL_Shangrila	822	within_species_comparison	primary	ATA/ATA	I/I	63.186	PASS	21	ATA:21	10	11
SRR23343450	AL_Shangrila	822	within_species_comparison	primary	ATA/ATA	I/I	99.000	PASS	34	ATA:34	12	22
SRR23343451	AL_Shangrila	822	within_species_comparison	primary	ATA/ATA	I/I	63.186	PASS	21	ATA:21	8	13
SRR23343452	AL_Shangrila	822	within_species_comparison	primary	ATA/ATA	I/I	99.000	PASS	35	ATA:35	18	17
SRR23343453	AL_Shangrila	822	within_species_comparison	primary	ATA/ATA	I/I	57.168	PASS	19	ATA:19	5	14
SRR23343454	AL_Shangrila	822	within_species_comparison	primary	ATA/ATA	I/I	78.230	PASS	26	ATA:26	8	18
SRR23343455	AL_Shangrila	822	within_species_comparison	primary	ATA/ATA	I/I	3.009	low_depth;low_genotype_quality;one_strand_only	1	ATA:1	1	0
SRR23343456	AL_Shangrila	822	within_species_comparison	primary	ATA/ATA	I/I	99.000	PASS	38	ATA:38	15	23
SRR23343457	AL_Shangrila	822	within_species_comparison	primary	ATA/ATA	I/I	93.274	PASS	31	ATA:31	18	13
SRR23343458	AL_Shangrila	822	within_species_comparison	primary	ATA/ATA	I/I	99.000	PASS	42	ATA:42	20	22
SRR23343459	AL_Shangrila	822	within_species_comparison	primary	ATA/ATA	I/I	75.221	PASS	25	ATA:25	13	12
SRR23343460	AL_Shangrila	822	within_species_comparison	primary	ATA/ATA	I/I	87.257	PASS	29	ATA:29	15	14
SRR23343461	AL_Shangrila	822	within_species_comparison	primary	ATA/ATA	I/I	99.000	PASS	34	ATA:34	17	17
SRR23343462	AL_Shangrila	822	within_species_comparison	primary	ATA/ATA	I/I	99.000	PASS	52	ATA:52	26	26
SRR23343463	AL_Shangrila	822	within_species_comparison	primary	ATA/ATA	I/I	99.000	PASS	36	ATA:36	17	19
SRR23343464	AL_Shangrila	822	within_species_comparison	primary	ATA/ATA	I/I	99.000	PASS	42	ATA:42	18	24
SRR23343465	AL_Shangrila	822	within_species_comparison	primary	ATA/ATA	I/I	78.230	PASS	26	ATA:26	15	11
SRR23343466	AL_Shangrila	822	within_species_comparison	primary	ATA/ATA	I/I	51.150	PASS	17	ATA:17	7	10
SRR23343467	AL_Shangrila	822	within_species_comparison	primary	ATA/ATA	I/I	72.212	PASS	24	ATA:24	8	16
SRR23343468	AL_Shangrila	822	within_species_comparison	primary	ATA/ATA	I/I	87.257	PASS	29	ATA:29	10	19
SRR23343469	AL_Shangrila	822	within_species_comparison	primary	ATA/ATA	I/I	99.000	PASS	34	ATA:34	15	19
SRR23343470	AL_Shangrila	822	within_species_comparison	primary	ATA/ATA	I/I	75.221	PASS	25	ATA:25	13	12
SRR23343471	AL_Shangrila	822	within_species_comparison	primary	ATA/ATA	I/I	78.230	PASS	26	ATA:26	18	8
SRR23343472	AL_Shangrila	822	within_species_comparison	primary	ATA/ATA	I/I	69.204	PASS	23	ATA:23	12	11
SRR23343473	AL_Shangrila	822	within_species_comparison	primary	ATA/ATA	I/I	99.000	PASS	64	ATA:64	26	38
SRR23343474	AL_Shangrila	822	within_species_comparison	primary	ATA/ATA	I/I	96.283	PASS	32	ATA:32	16	16
SRR23343475	AL_Shangrila	822	within_species_comparison	primary	ATA/ATA	I/I	99.000	PASS	35	ATA:35	8	27
SRR23343476	AL_Shangrila	822	within_species_comparison	primary	ATA/ATA	I/I	51.150	PASS	17	ATA:17	6	11
SRR23343477	AL_Shangrila	822	within_species_comparison	primary	ATA/ATA	I/I	99.000	PASS	33	ATA:33	15	18
SRR23343478	AL_Shangrila	822	within_species_comparison	primary	ATA/ATA	I/I	96.283	PASS	32	ATA:32	16	16
SRR23343479	AL_Shangrila	822	within_species_comparison	primary	ATA/ATA	I/I	57.168	PASS	19	ATA:19	8	11
SRR23343480	AL_Shangrila	822	within_species_comparison	primary	ATA/ATA	I/I	99.000	PASS	41	ATA:41	21	20
SRR23343481	AL_Shangrila	822	within_species_comparison	primary	ATA/ATA	I/I	90.266	PASS	30	ATA:30	12	18
SRR23343482	AL_Shangrila	822	within_species_comparison	primary	ATA/ATA	I/I	99.000	PASS	39	ATA:39	19	20
SRR23343483	AL_Shangrila	822	within_species_comparison	primary	ATA/ATA	I/I	90.266	PASS	30	ATA:30	14	16
SRR23343484	AL_Shangrila	822	within_species_comparison	primary	ATA/ATA	I/I	99.000	PASS	49	ATA:49	22	27
SRR23343485	AL_Shangrila	822	within_species_comparison	primary	ATA/GTA	I/V	99.000	PASS	29	ATA:9;GTA:20	14	15
SRR23343486	AL_Shangrila	822	within_species_comparison	primary	ATA/ATA	I/I	75.221	PASS	25	ATA:25	13	12
SRR23343487	AL_Shangrila	822	within_species_comparison	primary	ATA/ATA	I/I	96.283	PASS	32	ATA:32	16	16
SRR23343488	AL_Shangrila	822	within_species_comparison	primary	ATA/GTA	I/V	99.000	PASS	20	ATA:7;GTA:13	10	10
SRR23343489	AL_Shangrila	822	within_species_comparison	primary	ATA/ATA	I/I	90.266	PASS	30	ATA:30	13	17
SRR23343490	AL_Shangrila	822	within_species_comparison	primary	ATA/GTA	I/V	99.000	PASS	31	ATA:19;GTA:12	14	17
SRR23343491	AL_Shangrila	822	within_species_comparison	primary	ATA/ATA	I/I	57.168	PASS	19	ATA:19	8	11
SRR23343492	AL_Shangrila	822	within_species_comparison	primary	ATA/ATA	I/I	60.177	PASS	20	ATA:20	5	15
SRR23343493	AL_Shangrila	822	within_species_comparison	primary	ATA/ATA	I/I	66.195	PASS	22	ATA:22	9	13
SRR23343494	AL_Shangrila	822	within_species_comparison	primary	ATA/ATA	I/I	99.000	PASS	35	ATA:35	18	17
SRR23343438	AL_Shangrila	1134	primary	primary	CTT/CTT	L/L	99.000	PASS	37	CTT:37	10	27
SRR23343439	AL_Shangrila	1134	primary	primary	CTT/CTT	L/L	99.000	PASS	35	CTT:35	21	14
SRR23343440	AL_Shangrila	1134	primary	primary	CTT/CTT	L/L	81.239	PASS	27	CTT:27	16	11
SRR23343441	AL_Shangrila	1134	primary	primary	CTT/CTT	L/L	84.248	PASS	28	CTT:28	15	13
SRR23343442	AL_Shangrila	1134	primary	primary	TTT/TTT	F/F	99.000	PASS	52	TTT:52	31	21
SRR23343443	AL_Shangrila	1134	primary	primary	TTT/TTT	F/F	75.221	PASS	25	TTT:25	12	13
SRR23343444	AL_Shangrila	1134	primary	primary	TTT/TTT	F/F	84.248	PASS	28	TTT:28	13	15
SRR23343445	AL_Shangrila	1134	primary	primary	TTT/TTT	F/F	99.000	PASS	36	TTT:36	20	16
SRR23343446	AL_Shangrila	1134	primary	primary	TTT/TTT	F/F	60.177	PASS	20	TTT:20	9	11
SRR23343447	AL_Shangrila	1134	primary	primary	TTT/TTT	F/F	99.000	PASS	37	TTT:37	18	19
SRR23343448	AL_Shangrila	1134	primary	primary	TTT/TTT	F/F	75.221	PASS	25	TTT:25	13	12
SRR23343449	AL_Shangrila	1134	primary	primary	CTT/CTT	L/L	90.266	PASS	30	CTT:30	17	13
SRR23343450	AL_Shangrila	1134	primary	primary	TTT/TTT	F/F	81.239	PASS	27	TTT:27	11	16
SRR23343451	AL_Shangrila	1134	primary	primary	TTT/TTT	F/F	60.177	PASS	20	TTT:20	12	8
SRR23343452	AL_Shangrila	1134	primary	primary	TTT/TTT	F/F	93.274	PASS	31	TTT:31	16	15
SRR23343453	AL_Shangrila	1134	primary	primary	TTT/TTT	F/F	66.195	PASS	22	TTT:22	7	15
SRR23343454	AL_Shangrila	1134	primary	primary	TTT/TTT	F/F	72.212	PASS	24	TTT:24	12	12
SRR23343455	AL_Shangrila	1134	primary	primary	TTT/TTT	F/F	6.018	low_depth;low_genotype_quality	2	TTT:2	1	1
SRR23343456	AL_Shangrila	1134	primary	primary	TTT/TTT	F/F	81.239	PASS	27	TTT:27	13	14
SRR23343457	AL_Shangrila	1134	primary	primary	TTT/TTT	F/F	90.266	PASS	30	TTT:30	18	12
SRR23343458	AL_Shangrila	1134	primary	primary	TTT/TTT	F/F	99.000	PASS	35	TTT:35	24	11
SRR23343459	AL_Shangrila	1134	primary	primary	TTT/TTT	F/F	57.168	PASS	19	TTT:19	8	11
SRR23343460	AL_Shangrila	1134	primary	primary	CTT/CTT	L/L	99.000	PASS	36	CTT:36	23	13
SRR23343461	AL_Shangrila	1134	primary	primary	TTT/TTT	F/F	90.266	PASS	30	TTT:30	14	16
SRR23343462	AL_Shangrila	1134	primary	primary	TTT/TTT	F/F	99.000	PASS	44	TTT:44	27	17
SRR23343463	AL_Shangrila	1134	primary	primary	TTT/TTT	F/F	87.257	PASS	29	TTT:29	14	15
SRR23343464	AL_Shangrila	1134	primary	primary	TTT/TTT	F/F	81.239	PASS	27	TTT:27	10	17
SRR23343465	AL_Shangrila	1134	primary	primary	TTT/TTT	F/F	48.142	PASS	16	TTT:16	9	7
SRR23343466	AL_Shangrila	1134	primary	primary	TTT/TTT	F/F	93.274	PASS	31	TTT:31	14	17
SRR23343467	AL_Shangrila	1134	primary	primary	TTT/TTT	F/F	99.000	PASS	36	TTT:36	25	11
SRR23343468	AL_Shangrila	1134	primary	primary	TTT/TTT	F/F	99.000	PASS	40	TTT:40	19	21
SRR23343469	AL_Shangrila	1134	primary	primary	TTT/TTT	F/F	84.248	PASS	28	TTT:28	15	13
SRR23343470	AL_Shangrila	1134	primary	primary	TTT/TTT	F/F	63.186	PASS	21	TTT:21	9	12
SRR23343471	AL_Shangrila	1134	primary	primary	CTT/CTT	L/L	93.274	PASS	31	CTT:31	16	15
SRR23343472	AL_Shangrila	1134	primary	primary	TTT/TTT	F/F	96.283	PASS	32	TTT:32	23	9
SRR23343473	AL_Shangrila	1134	primary	primary	TTT/TTT	F/F	99.000	PASS	60	TTT:60	34	26
SRR23343474	AL_Shangrila	1134	primary	primary	CTT/CTT	L/L	87.257	PASS	29	CTT:29	15	14
SRR23343475	AL_Shangrila	1134	primary	primary	CTT/CTT	L/L	81.239	PASS	27	CTT:27	15	12
SRR23343476	AL_Shangrila	1134	primary	primary	CTT/CTT	L/L	51.150	PASS	17	CTT:17	11	6
SRR23343477	AL_Shangrila	1134	primary	primary	CTT/CTT	L/L	96.283	PASS	32	CTT:32	17	15
SRR23343478	AL_Shangrila	1134	primary	primary	CTT/CTT	L/L	69.204	PASS	23	CTT:23	8	15
SRR23343479	AL_Shangrila	1134	primary	primary	CTT/CTT	L/L	72.212	PASS	24	CTT:24	13	11
SRR23343480	AL_Shangrila	1134	primary	primary	CTT/CTT	L/L	96.283	PASS	32	CTT:32	16	16
SRR23343481	AL_Shangrila	1134	primary	primary	CTT/CTT	L/L	72.212	PASS	24	CTT:24	8	16
SRR23343482	AL_Shangrila	1134	primary	primary	CTT/CTT	L/L	78.230	PASS	26	CTT:26	16	10
SRR23343483	AL_Shangrila	1134	primary	primary	CTT/CTT	L/L	72.212	PASS	24	CTT:24	8	16
SRR23343484	AL_Shangrila	1134	primary	primary	CTT/CTT	L/L	99.000	PASS	49	CTT:49	26	23
SRR23343485	AL_Shangrila	1134	primary	primary	CTT/CTT	L/L	69.204	PASS	23	CTT:23	13	10
SRR23343486	AL_Shangrila	1134	primary	primary	CTT/CTT	L/L	93.274	PASS	31	CTT:31	22	9
SRR23343487	AL_Shangrila	1134	primary	primary	CTT/CTT	L/L	99.000	PASS	33	CTT:33	18	15
SRR23343488	AL_Shangrila	1134	primary	primary	CTT/CTT	L/L	81.239	PASS	27	CTT:27	14	13
SRR23343489	AL_Shangrila	1134	primary	primary	CTT/CTT	L/L	99.000	PASS	33	CTT:33	18	15
SRR23343490	AL_Shangrila	1134	primary	primary	CTT/CTT	L/L	66.195	PASS	22	CTT:22	11	11
SRR23343491	AL_Shangrila	1134	primary	primary	CTT/CTT	L/L	66.195	PASS	22	CTT:22	13	9
SRR23343492	AL_Shangrila	1134	primary	primary	CTT/CTT	L/L	99.000	PASS	35	CTT:35	17	18
SRR23343493	AL_Shangrila	1134	primary	primary	CTT/CTT	L/L	54.159	PASS	18	CTT:18	11	7
SRR23343494	AL_Shangrila	1134	primary	primary	CTT/CTT	L/L	99.000	PASS	38	CTT:38	17	21
SRR23343438	AL_Shangrila	254	primary	sensitivity	TTT/TTT	F/F	99.000	PASS	38	TTT:38	19	19
SRR23343439	AL_Shangrila	254	primary	sensitivity	TTT/TTT	F/F	87.250	PASS	29	TTT:29	15	14
SRR23343440	AL_Shangrila	254	primary	sensitivity	TTT/TTT	F/F	99.000	PASS	36	TTT:36	19	17
SRR23343441	AL_Shangrila	254	primary	sensitivity	TTT/TTT	F/F	87.250	PASS	29	TTT:29	19	10
SRR23343442	AL_Shangrila	254	primary	sensitivity	CTT/CTT	L/L	99.000	PASS	34	CTT:34	17	17
SRR23343443	AL_Shangrila	254	primary	sensitivity	CTT/CTT	L/L	69.200	PASS	23	CTT:23	13	10
SRR23343444	AL_Shangrila	254	primary	sensitivity	CTT/CTT	L/L	81.230	PASS	27	CTT:27	14	13
SRR23343445	AL_Shangrila	254	primary	sensitivity	CTT/CTT	L/L	99.000	PASS	45	CTT:45	24	21
SRR23343446	AL_Shangrila	254	primary	sensitivity	CTT/CTT	L/L	66.182	PASS	22	CTT:22	16	6
SRR23343447	AL_Shangrila	254	primary	sensitivity	CTT/CTT	L/L	96.274	PASS	32	CTT:32	20	12
SRR23343448	AL_Shangrila	254	primary	sensitivity	CTT/CTT	L/L	99.000	PASS	37	CTT:37	19	18
SRR23343449	AL_Shangrila	254	primary	sensitivity	TTT/TTT	F/F	78.218	PASS	26	TTT:26	15	11
SRR23343450	AL_Shangrila	254	primary	sensitivity	CTT/CTT	L/L	99.000	PASS	40	CTT:40	26	14
SRR23343451	AL_Shangrila	254	primary	sensitivity	CTT/CTT	L/L	84.242	PASS	28	CTT:28	11	17
SRR23343452	AL_Shangrila	254	primary	sensitivity	CTT/CTT	L/L	84.235	PASS	28	CTT:28	11	17
SRR23343453	AL_Shangrila	254	primary	sensitivity	CTT/CTT	L/L	39.112	PASS	13	CTT:13	7	6
SRR23343454	AL_Shangrila	254	primary	sensitivity	CTT/CTT	L/L	99.000	PASS	35	CTT:35	20	15
SRR23343455	AL_Shangrila	254	primary	sensitivity	CTT/CTT	L/L	12.032	low_depth;low_genotype_quality	4	CTT:4	1	3
SRR23343456	AL_Shangrila	254	primary	sensitivity	CTT/CTT	L/L	90.250	PASS	30	CTT:30	14	16
SRR23343457	AL_Shangrila	254	primary	sensitivity	CTT/CTT	L/L	99.000	PASS	34	CTT:34	18	16
SRR23343458	AL_Shangrila	254	primary	sensitivity	CTT/CTT	L/L	99.000	PASS	36	CTT:36	23	13
SRR23343459	AL_Shangrila	254	primary	sensitivity	CTT/CTT	L/L	63.183	PASS	21	CTT:21	14	7
SRR23343460	AL_Shangrila	254	primary	sensitivity	TTT/TTT	F/F	81.230	PASS	27	TTT:27	11	16
SRR23343461	AL_Shangrila	254	primary	sensitivity	CTT/CTT	L/L	99.000	PASS	36	CTT:36	17	19
SRR23343462	AL_Shangrila	254	primary	sensitivity	CTT/CTT	L/L	99.000	PASS	45	CTT:45	24	21
SRR23343463	AL_Shangrila	254	primary	sensitivity	CTT/CTT	L/L	87.250	PASS	29	CTT:29	16	13
SRR23343464	AL_Shangrila	254	primary	sensitivity	CTT/CTT	L/L	84.238	PASS	28	CTT:28	15	13
SRR23343465	AL_Shangrila	254	primary	sensitivity	CTT/CTT	L/L	45.123	PASS	15	CTT:15	10	5
SRR23343466	AL_Shangrila	254	primary	sensitivity	CTT/CTT	L/L	99.000	PASS	33	CTT:33	16	17
SRR23343467	AL_Shangrila	254	primary	sensitivity	CTT/CTT	L/L	99.000	PASS	35	CTT:35	20	15
SRR23343468	AL_Shangrila	254	primary	sensitivity	CTT/CTT	L/L	87.247	PASS	29	CTT:29	18	11
SRR23343469	AL_Shangrila	254	primary	sensitivity	CTT/CTT	L/L	66.185	PASS	22	CTT:22	9	13
SRR23343470	AL_Shangrila	254	primary	sensitivity	CTT/CTT	L/L	66.192	PASS	22	CTT:22	16	6
SRR23343471	AL_Shangrila	254	primary	sensitivity	TTT/TTT	F/F	66.185	PASS	22	TTT:22	9	13
SRR23343472	AL_Shangrila	254	primary	sensitivity	CTT/CTT	L/L	75.215	PASS	25	CTT:25	9	16
SRR23343473	AL_Shangrila	254	primary	sensitivity	CTT/CTT	L/L	99.000	PASS	51	CTT:51	26	25
SRR23343474	AL_Shangrila	254	primary	sensitivity	TTT/TTT	F/F	57.162	PASS	19	TTT:19	10	9
SRR23343475	AL_Shangrila	254	primary	sensitivity	TTT/TTT	F/F	99.000	PASS	43	TTT:43	29	14
SRR23343476	AL_Shangrila	254	primary	sensitivity	TTT/TTT	F/F	25.404	low_genotype_quality	20	TTC:1;TTT:19	7	13
SRR23343477	AL_Shangrila	254	primary	sensitivity	TTT/TTT	F/F	93.265	PASS	31	TTT:31	18	13
SRR23343478	AL_Shangrila	254	primary	sensitivity	TTT/TTT	F/F	78.214	PASS	26	TTT:26	12	14
SRR23343479	AL_Shangrila	254	primary	sensitivity	TTT/TTT	F/F	99.000	PASS	37	TTT:37	24	13
SRR23343480	AL_Shangrila	254	primary	sensitivity	TTT/TTT	F/F	72.200	PASS	24	TTT:24	13	11
SRR23343481	AL_Shangrila	254	primary	sensitivity	TTT/TTT	F/F	57.162	PASS	19	TTT:19	9	10
SRR23343482	AL_Shangrila	254	primary	sensitivity	TTT/TTT	F/F	93.268	PASS	31	TTT:31	17	14
SRR23343483	AL_Shangrila	254	primary	sensitivity	TTT/TTT	F/F	66.182	PASS	22	TTT:22	9	13
SRR23343484	AL_Shangrila	254	primary	sensitivity	TTT/TTT	F/F	61.507	PASS	32	CTT:1;TTT:31	18	14
SRR23343485	AL_Shangrila	254	primary	sensitivity	TTT/TTT	F/F	75.209	PASS	25	TTT:25	14	11
SRR23343486	AL_Shangrila	254	primary	sensitivity	TTT/TTT	F/F	99.000	PASS	36	TTT:36	18	18
SRR23343487	AL_Shangrila	254	primary	sensitivity	TTT/TTT	F/F	78.227	PASS	26	TTT:26	16	10
SRR23343488	AL_Shangrila	254	primary	sensitivity	TTT/TTT	F/F	75.212	PASS	25	TTT:25	17	8
SRR23343489	AL_Shangrila	254	primary	sensitivity	TTT/TTT	F/F	99.000	PASS	37	TTT:37	20	17
SRR23343490	AL_Shangrila	254	primary	sensitivity	TTT/TTT	F/F	75.212	PASS	25	TTT:25	12	13
SRR23343491	AL_Shangrila	254	primary	sensitivity	TTT/TTT	F/F	90.259	PASS	30	TTT:30	13	17
SRR23343492	AL_Shangrila	254	primary	sensitivity	TTT/TTT	F/F	99.000	PASS	39	TTT:39	25	14
SRR23343493	AL_Shangrila	254	primary	sensitivity	TTT/TTT	F/F	66.188	PASS	22	TTT:22	10	12
SRR23343494	AL_Shangrila	254	primary	sensitivity	TTT/TTT	F/F	78.227	PASS	26	TTT:26	14	12
SRR23343438	AL_Shangrila	452	within_species_comparison	sensitivity	ACG/ACG	T/T	99.000	PASS	45	ACG:45	21	24
SRR23343439	AL_Shangrila	452	within_species_comparison	sensitivity	ACG/ACG	T/T	93.265	PASS	31	ACG:31	16	15
SRR23343440	AL_Shangrila	452	within_species_comparison	sensitivity	ACG/ACG	T/T	81.230	PASS	27	ACG:27	10	17
SRR23343441	AL_Shangrila	452	within_species_comparison	sensitivity	ACG/ACG	T/T	93.265	PASS	31	ACG:31	15	16
SRR23343442	AL_Shangrila	452	within_species_comparison	sensitivity	ACA/ACA	T/T	99.000	PASS	78	ACA:78	39	39
SRR23343443	AL_Shangrila	452	within_species_comparison	sensitivity	ACA/ACA	T/T	87.250	PASS	29	ACA:29	14	15
SRR23343444	AL_Shangrila	452	within_species_comparison	sensitivity	ACA/ACA	T/T	84.242	PASS	28	ACA:28	15	13
SRR23343445	AL_Shangrila	452	within_species_comparison	sensitivity	ACA/ACA	T/T	99.000	PASS	39	ACA:39	17	22
SRR23343446	AL_Shangrila	452	within_species_comparison	sensitivity	ACA/ACA	T/T	90.266	PASS	30	ACA:30	9	21
SRR23343447	AL_Shangrila	452	within_species_comparison	sensitivity	ACA/ACA	T/T	99.000	PASS	43	ACA:43	17	26
SRR23343448	AL_Shangrila	452	within_species_comparison	sensitivity	ACA/ACA	T/T	63.183	PASS	21	ACA:21	4	17
SRR23343449	AL_Shangrila	452	within_species_comparison	sensitivity	ACG/ACG	T/T	63.176	PASS	21	ACG:21	6	15
SRR23343450	AL_Shangrila	452	within_species_comparison	sensitivity	ACA/ACA	T/T	99.000	PASS	37	ACA:37	15	22
SRR23343451	AL_Shangrila	452	within_species_comparison	sensitivity	ACA/ACA	T/T	99.000	PASS	36	ACA:36	18	18
SRR23343452	AL_Shangrila	452	within_species_comparison	sensitivity	ACA/ACA	T/T	99.000	PASS	51	ACA:51	34	17
SRR23343453	AL_Shangrila	452	within_species_comparison	sensitivity	ACA/ACA	T/T	45.133	PASS	15	ACA:15	4	11
SRR23343454	AL_Shangrila	452	within_species_comparison	sensitivity	ACA/ACA	T/T	99.000	PASS	34	ACA:34	11	23
SRR23343455	AL_Shangrila	452	within_species_comparison	sensitivity	ACA/AGA	R/T	81.244	low_depth	6	ACA:3;AGA:3	4	2
SRR23343456	AL_Shangrila	452	within_species_comparison	sensitivity	ACA/AGA	R/T	99.000	PASS	24	ACA:17;AGA:7	16	8
SRR23343457	AL_Shangrila	452	within_species_comparison	sensitivity	ACA/ACA	T/T	99.000	PASS	38	ACA:38	27	11
SRR23343458	AL_Shangrila	452	within_species_comparison	sensitivity	ACA/ACA	T/T	99.000	PASS	50	ACA:50	18	32
SRR23343459	AL_Shangrila	452	within_species_comparison	sensitivity	ACA/ACA	T/T	72.203	PASS	24	ACA:24	13	11
SRR23343460	AL_Shangrila	452	within_species_comparison	sensitivity	ACG/ACG	T/T	99.000	PASS	34	ACG:34	19	15
SRR23343461	AL_Shangrila	452	within_species_comparison	sensitivity	AGA/AGA	R/R	99.000	PASS	34	AGA:34	18	16
SRR23343462	AL_Shangrila	452	within_species_comparison	sensitivity	ACA/AGA	R/T	99.000	PASS	52	ACA:27;AGA:25	21	31
SRR23343463	AL_Shangrila	452	within_species_comparison	sensitivity	ACA/ACA	T/T	99.000	PASS	44	ACA:44	21	23
SRR23343464	AL_Shangrila	452	within_species_comparison	sensitivity	ACA/ACA	T/T	96.277	PASS	32	ACA:32	15	17
SRR23343465	AL_Shangrila	452	within_species_comparison	sensitivity	ACA/ACA	T/T	36.100	PASS	12	ACA:12	6	6
SRR23343466	AL_Shangrila	452	within_species_comparison	sensitivity	ACA/ACA	T/T	81.230	PASS	27	ACA:27	18	9
SRR23343467	AL_Shangrila	452	within_species_comparison	sensitivity	ACA/ACA	T/T	99.000	PASS	44	ACA:44	21	23
SRR23343468	AL_Shangrila	452	within_species_comparison	sensitivity	ACA/ACA	T/T	99.000	PASS	38	ACA:38	18	20
SRR23343469	AL_Shangrila	452	within_species_comparison	sensitivity	ACA/ACA	T/T	99.000	PASS	37	ACA:37	23	14
SRR23343470	AL_Shangrila	452	within_species_comparison	sensitivity	ACA/ACA	T/T	66.192	PASS	22	ACA:22	16	6
SRR23343471	AL_Shangrila	452	within_species_comparison	sensitivity	ACG/ACG	T/T	81.233	PASS	27	ACG:27	8	19
SRR23343472	AL_Shangrila	452	within_species_comparison	sensitivity	ACA/ACA	T/T	93.274	PASS	31	ACA:31	13	18
SRR23343473	AL_Shangrila	452	within_species_comparison	sensitivity	ACA/ACA	T/T	99.000	PASS	64	ACA:64	25	39
SRR23343474	AL_Shangrila	452	within_species_comparison	sensitivity	ACG/ACG	T/T	84.245	PASS	28	ACG:28	11	17
SRR23343475	AL_Shangrila	452	within_species_comparison	sensitivity	ACG/ACG	T/T	99.000	PASS	39	ACG:39	16	23
SRR23343476	AL_Shangrila	452	within_species_comparison	sensitivity	ACG/ACG	T/T	75.212	PASS	25	ACG:25	11	14
SRR23343477	AL_Shangrila	452	within_species_comparison	sensitivity	ACG/ACG	T/T	99.000	PASS	38	ACG:38	21	17
SRR23343478	AL_Shangrila	452	within_species_comparison	sensitivity	ACG/ACG	T/T	90.259	PASS	30	ACG:30	16	14
SRR23343479	AL_Shangrila	452	within_species_comparison	sensitivity	ACG/ACG	T/T	84.242	PASS	28	ACG:28	15	13
SRR23343480	AL_Shangrila	452	within_species_comparison	sensitivity	ACG/ACG	T/T	90.262	PASS	30	ACG:30	16	14
SRR23343481	AL_Shangrila	452	within_species_comparison	sensitivity	ACG/ACG	T/T	60.174	PASS	20	ACG:20	13	7
SRR23343482	AL_Shangrila	452	within_species_comparison	sensitivity	ACG/ACG	T/T	99.000	PASS	38	ACG:38	20	18
SRR23343483	AL_Shangrila	452	within_species_comparison	sensitivity	ACG/ACG	T/T	99.000	PASS	36	ACG:36	16	20
SRR23343484	AL_Shangrila	452	within_species_comparison	sensitivity	ACG/ACG	T/T	99.000	PASS	34	ACG:34	11	23
SRR23343485	AL_Shangrila	452	within_species_comparison	sensitivity	ACG/ACG	T/T	90.256	PASS	30	ACG:30	17	13
SRR23343486	AL_Shangrila	452	within_species_comparison	sensitivity	ACG/ACG	T/T	99.000	PASS	39	ACG:39	13	26
SRR23343487	AL_Shangrila	452	within_species_comparison	sensitivity	ACG/ACG	T/T	99.000	PASS	44	ACG:44	20	24
SRR23343488	AL_Shangrila	452	within_species_comparison	sensitivity	ACG/ACG	T/T	99.000	PASS	36	ACG:36	17	19
SRR23343489	AL_Shangrila	452	within_species_comparison	sensitivity	ACG/ACG	T/T	99.000	PASS	35	ACG:35	18	17
SRR23343490	AL_Shangrila	452	within_species_comparison	sensitivity	ACG/ACG	T/T	60.171	PASS	20	ACG:20	8	12
SRR23343491	AL_Shangrila	452	within_species_comparison	sensitivity	ACG/ACG	T/T	99.000	PASS	35	ACG:35	22	13
SRR23343492	AL_Shangrila	452	within_species_comparison	sensitivity	ACG/ACG	T/T	99.000	PASS	33	ACG:33	14	19
SRR23343493	AL_Shangrila	452	within_species_comparison	sensitivity	ACG/ACG	T/T	54.159	PASS	18	ACG:18	8	10
SRR23343494	AL_Shangrila	452	within_species_comparison	sensitivity	ACG/ACG	T/T	81.230	PASS	27	ACG:27	16	11
SRR23343438	AL_Shangrila	474	secondary	sensitivity	AAA/AAA	K/K	99.000	PASS	47	AAA:47	21	26
SRR23343439	AL_Shangrila	474	secondary	sensitivity	AAA/AAA	K/K	99.000	PASS	37	AAA:37	15	22
SRR23343440	AL_Shangrila	474	secondary	sensitivity	AAA/AAA	K/K	81.226	PASS	27	AAA:27	14	13
SRR23343441	AL_Shangrila	474	secondary	sensitivity	AAA/AAA	K/K	75.215	PASS	25	AAA:25	13	12
SRR23343442	AL_Shangrila	474	secondary	sensitivity	CAA/CAA	Q/Q	99.000	PASS	70	CAA:70	39	31
SRR23343443	AL_Shangrila	474	secondary	sensitivity	CAA/CAA	Q/Q	69.200	PASS	23	CAA:23	11	12
SRR23343444	AL_Shangrila	474	secondary	sensitivity	CAA/CAA	Q/Q	63.183	PASS	21	CAA:21	12	9
SRR23343445	AL_Shangrila	474	secondary	sensitivity	CAA/CAA	Q/Q	99.000	PASS	46	CAA:46	18	28
SRR23343446	AL_Shangrila	474	secondary	sensitivity	CAA/CAA	Q/Q	81.233	PASS	27	CAA:27	9	18
SRR23343447	AL_Shangrila	474	secondary	sensitivity	CAA/CAA	Q/Q	99.000	PASS	36	CAA:36	17	19
SRR23343448	AL_Shangrila	474	secondary	sensitivity	CAA/CAA	Q/Q	93.268	PASS	31	CAA:31	12	19
SRR23343449	AL_Shangrila	474	secondary	sensitivity	AAA/AAA	K/K	81.230	PASS	27	AAA:27	11	16
SRR23343450	AL_Shangrila	474	secondary	sensitivity	CAA/CAA	Q/Q	99.000	PASS	37	CAA:37	20	17
SRR23343451	AL_Shangrila	474	secondary	sensitivity	CAA/CAA	Q/Q	99.000	PASS	34	CAA:34	17	17
SRR23343452	AL_Shangrila	474	secondary	sensitivity	CAA/CAA	Q/Q	99.000	PASS	46	CAA:46	27	19
SRR23343453	AL_Shangrila	474	secondary	sensitivity	CAA/CAA	Q/Q	54.156	PASS	18	CAA:18	14	4
SRR23343454	AL_Shangrila	474	secondary	sensitivity	CAA/CAA	Q/Q	84.235	PASS	28	CAA:28	11	17
SRR23343455	AL_Shangrila	474	secondary	sensitivity	CAA/CAA	Q/Q	12.032	low_depth;low_genotype_quality	4	CAA:4	2	2
SRR23343456	AL_Shangrila	474	secondary	sensitivity	CAA/CAA	Q/Q	75.212	PASS	25	CAA:25	17	8
SRR23343457	AL_Shangrila	474	secondary	sensitivity	CAA/CAA	Q/Q	93.268	PASS	31	CAA:31	20	11
SRR23343458	AL_Shangrila	474	secondary	sensitivity	CAA/CAA	Q/Q	99.000	PASS	44	CAA:44	22	22
SRR23343459	AL_Shangrila	474	secondary	sensitivity	CAA/CAA	Q/Q	69.200	PASS	23	CAA:23	16	7
SRR23343460	AL_Shangrila	474	secondary	sensitivity	AAA/AAA	K/K	96.277	PASS	32	AAA:32	20	12
SRR23343461	AL_Shangrila	474	secondary	sensitivity	CAA/CAA	Q/Q	99.000	PASS	34	CAA:34	20	14
SRR23343462	AL_Shangrila	474	secondary	sensitivity	CAA/CAA	Q/Q	99.000	PASS	59	CAA:59	34	25
SRR23343463	AL_Shangrila	474	secondary	sensitivity	CAA/CAA	Q/Q	99.000	PASS	40	CAA:40	23	17
SRR23343464	AL_Shangrila	474	secondary	sensitivity	CAA/CAA	Q/Q	84.242	PASS	28	CAA:28	9	19
SRR23343465	AL_Shangrila	474	secondary	sensitivity	CAA/CAA	Q/Q	75.218	PASS	25	CAA:25	10	15
SRR23343466	AL_Shangrila	474	secondary	sensitivity	CAA/CAA	Q/Q	66.523	PASS	32	CAA:31;CTA:1	20	12
SRR23343467	AL_Shangrila	474	secondary	sensitivity	CAA/CAA	Q/Q	99.000	PASS	37	CAA:37	22	15
SRR23343468	AL_Shangrila	474	secondary	sensitivity	CAA/CAA	Q/Q	99.000	PASS	40	CAA:40	24	16
SRR23343469	AL_Shangrila	474	secondary	sensitivity	CAA/CAA	Q/Q	99.000	PASS	36	CAA:36	22	14
SRR23343470	AL_Shangrila	474	secondary	sensitivity	CAA/CAA	Q/Q	69.197	PASS	23	CAA:23	15	8
SRR23343471	AL_Shangrila	474	secondary	sensitivity	AAA/AAA	K/K	63.183	PASS	21	AAA:21	8	13
SRR23343472	AL_Shangrila	474	secondary	sensitivity	CAA/CAA	Q/Q	63.176	PASS	21	CAA:21	12	9
SRR23343473	AL_Shangrila	474	secondary	sensitivity	CAA/CAA	Q/Q	99.000	PASS	71	CAA:71	36	35
SRR23343474	AL_Shangrila	474	secondary	sensitivity	AAA/AAA	K/K	96.268	PASS	32	AAA:32	15	17
SRR23343475	AL_Shangrila	474	secondary	sensitivity	AAA/AAA	K/K	99.000	PASS	39	AAA:39	20	19
SRR23343476	AL_Shangrila	474	secondary	sensitivity	AAA/AAA	K/K	72.209	PASS	24	AAA:24	17	7
SRR23343477	AL_Shangrila	474	secondary	sensitivity	AAA/AAA	K/K	99.000	PASS	39	AAA:39	24	15
SRR23343478	AL_Shangrila	474	secondary	sensitivity	AAA/AAA	K/K	69.200	PASS	23	AAA:23	15	8
SRR23343479	AL_Shangrila	474	secondary	sensitivity	AAA/AAA	K/K	93.262	PASS	31	AAA:31	18	13
SRR23343480	AL_Shangrila	474	secondary	sensitivity	AAA/AAA	K/K	78.218	PASS	26	AAA:26	17	9
SRR23343481	AL_Shangrila	474	secondary	sensitivity	AAA/AAA	K/K	54.153	PASS	18	AAA:18	11	7
SRR23343482	AL_Shangrila	474	secondary	sensitivity	AAA/AAA	K/K	99.000	PASS	39	AAA:39	18	21
SRR23343483	AL_Shangrila	474	secondary	sensitivity	AAA/AAA	K/K	99.000	PASS	33	AAA:33	17	16
SRR23343484	AL_Shangrila	474	secondary	sensitivity	AAA/AAA	K/K	99.000	PASS	34	AAA:34	14	20
SRR23343485	AL_Shangrila	474	secondary	sensitivity	AAA/AAA	K/K	99.000	PASS	34	AAA:34	20	14
SRR23343486	AL_Shangrila	474	secondary	sensitivity	AAA/AAA	K/K	99.000	PASS	50	AAA:50	19	31
SRR23343487	AL_Shangrila	474	secondary	sensitivity	AAA/AAA	K/K	99.000	PASS	43	AAA:43	23	20
SRR23343488	AL_Shangrila	474	secondary	sensitivity	AAA/AAA	K/K	93.265	PASS	31	AAA:31	16	15
SRR23343489	AL_Shangrila	474	secondary	sensitivity	AAA/AAA	K/K	99.000	PASS	35	AAA:35	12	23
SRR23343490	AL_Shangrila	474	secondary	sensitivity	AAA/AAA	K/K	63.183	PASS	21	AAA:21	9	12
SRR23343491	AL_Shangrila	474	secondary	sensitivity	AAA/AAA	K/K	96.268	PASS	32	AAA:32	17	15
SRR23343492	AL_Shangrila	474	secondary	sensitivity	AAA/AAA	K/K	96.280	PASS	32	AAA:32	16	16
SRR23343493	AL_Shangrila	474	secondary	sensitivity	AAA/AAA	K/K	63.180	PASS	21	AAA:21	13	8
SRR23343494	AL_Shangrila	474	secondary	sensitivity	AAA/AAA	K/K	99.000	PASS	33	AAA:33	20	13
SRR23343438	AL_Shangrila	549	primary	sensitivity	TTT/TTT	F/F	99.000	PASS	41	TTT:41	25	16
SRR23343439	AL_Shangrila	549	primary	sensitivity	TTT/TTT	F/F	84.242	PASS	28	TTT:28	19	9
SRR23343440	AL_Shangrila	549	primary	sensitivity	TTT/TTT	F/F	45.133	one_strand_only	15	TTT:15	15	0
SRR23343441	AL_Shangrila	549	primary	sensitivity	TTT/TTT	F/F	84.238	PASS	28	TTT:28	12	16
SRR23343442	AL_Shangrila	549	primary	sensitivity	TTG/TTG	L/L	99.000	PASS	49	TTG:49	29	20
SRR23343443	AL_Shangrila	549	primary	sensitivity	TTG/TTG	L/L	72.209	PASS	24	TTG:24	11	13
SRR23343444	AL_Shangrila	549	primary	sensitivity	TTG/TTG	L/L	63.173	PASS	21	TTG:21	12	9
SRR23343445	AL_Shangrila	549	primary	sensitivity	TTG/TTG	L/L	90.587	PASS	40	TTG:39;TTT:1	22	18
SRR23343446	AL_Shangrila	549	primary	sensitivity	TTG/TTG	L/L	93.265	PASS	31	TTG:31	14	17
SRR23343447	AL_Shangrila	549	primary	sensitivity	TTG/TTG	L/L	81.236	PASS	27	TTG:27	16	11
SRR23343448	AL_Shangrila	549	primary	sensitivity	TTG/TTG	L/L	81.233	PASS	27	TTG:27	12	15
SRR23343449	AL_Shangrila	549	primary	sensitivity	TTT/TTT	F/F	87.247	PASS	29	TTT:29	14	15
SRR23343450	AL_Shangrila	549	primary	sensitivity	TTG/TTG	L/L	99.000	PASS	41	TTG:41	15	26
SRR23343451	AL_Shangrila	549	primary	sensitivity	TTG/TTG	L/L	46.472	PASS	27	TAG:1;TTG:26	21	6
SRR23343452	AL_Shangrila	549	primary	sensitivity	TTG/TTG	L/L	99.000	PASS	34	TTG:34	22	12
SRR23343453	AL_Shangrila	549	primary	sensitivity	TTG/TTG	L/L	51.150	PASS	17	TTG:17	11	6
SRR23343454	AL_Shangrila	549	primary	sensitivity	TTG/TTG	L/L	90.256	PASS	30	TTG:30	14	16
SRR23343455	AL_Shangrila	549	primary	sensitivity	TTG/TTG	L/L	21.062	low_depth;low_genotype_quality	7	TTG:7	4	3
SRR23343456	AL_Shangrila	549	primary	sensitivity	TTG/TTG	L/L	72.209	PASS	24	TTG:24	14	10
SRR23343457	AL_Shangrila	549	primary	sensitivity	TTG/TTG	L/L	99.000	PASS	36	TTG:36	26	10
SRR23343458	AL_Shangrila	549	primary	sensitivity	TTG/TTG	L/L	99.000	PASS	41	TTG:41	17	24
SRR23343459	AL_Shangrila	549	primary	sensitivity	TTG/TTG	L/L	75.215	PASS	25	TTG:25	10	15
SRR23343460	AL_Shangrila	549	primary	sensitivity	TTT/TTT	F/F	28.419	low_genotype_quality	21	TTG:1;TTT:20	20	1
SRR23343461	AL_Shangrila	549	primary	sensitivity	TTG/TTG	L/L	72.203	PASS	24	TTG:24	16	8
SRR23343462	AL_Shangrila	549	primary	sensitivity	TTG/TTG	L/L	99.000	PASS	34	TTG:34	22	12
SRR23343463	AL_Shangrila	549	primary	sensitivity	TTG/TTG	L/L	93.265	PASS	31	TTG:31	16	15
SRR23343464	AL_Shangrila	549	primary	sensitivity	TTG/TTG	L/L	87.254	PASS	29	TTG:29	17	12
SRR23343465	AL_Shangrila	549	primary	sensitivity	TTG/TTG	L/L	78.227	PASS	26	TTG:26	13	13
SRR23343466	AL_Shangrila	549	primary	sensitivity	TTG/TTG	L/L	75.218	PASS	25	TTG:25	11	14
SRR23343467	AL_Shangrila	549	primary	sensitivity	TTG/TTG	L/L	96.271	PASS	32	TTG:32	12	20
SRR23343468	AL_Shangrila	549	primary	sensitivity	TTG/TTG	L/L	57.165	PASS	19	TTG:19	9	10
SRR23343469	AL_Shangrila	549	primary	sensitivity	TTG/TTG	L/L	78.224	PASS	26	TTG:26	11	15
SRR23343470	AL_Shangrila	549	primary	sensitivity	TTG/TTG	L/L	78.224	PASS	26	TTG:26	11	15
SRR23343471	AL_Shangrila	549	primary	sensitivity	TTT/TTT	F/F	48.132	PASS	16	TTT:16	11	5
SRR23343472	AL_Shangrila	549	primary	sensitivity	TTG/TTG	L/L	60.171	PASS	20	TTG:20	12	8
SRR23343473	AL_Shangrila	549	primary	sensitivity	TTG/TTG	L/L	99.000	PASS	64	TTG:64	37	27
SRR23343474	AL_Shangrila	549	primary	sensitivity	TTT/TTT	F/F	54.153	PASS	18	TTT:18	13	5
SRR23343475	AL_Shangrila	549	primary	sensitivity	TTT/TTT	F/F	63.183	PASS	21	TTT:21	11	10
SRR23343476	AL_Shangrila	549	primary	sensitivity	TTT/TTT	F/F	75.209	PASS	25	TTT:25	16	9
SRR23343477	AL_Shangrila	549	primary	sensitivity	TTT/TTT	F/F	78.224	PASS	26	TTT:26	17	9
SRR23343478	AL_Shangrila	549	primary	sensitivity	TTT/TTT	F/F	60.168	PASS	20	TTT:20	14	6
SRR23343479	AL_Shangrila	549	primary	sensitivity	TTT/TTT	F/F	99.000	PASS	34	TTT:34	18	16
SRR23343480	AL_Shangrila	549	primary	sensitivity	TTT/TTT	F/F	51.144	PASS	17	TTT:17	10	7
SRR23343481	AL_Shangrila	549	primary	sensitivity	TTT/TTT	F/F	48.132	PASS	16	TTT:16	13	3
SRR23343482	AL_Shangrila	549	primary	sensitivity	TTT/TTT	F/F	93.265	PASS	31	TTT:31	15	16
SRR23343483	AL_Shangrila	549	primary	sensitivity	TTT/TTT	F/F	93.262	PASS	31	TTT:31	21	10
SRR23343484	AL_Shangrila	549	primary	sensitivity	TTT/TTT	F/F	99.000	PASS	39	TTT:39	26	13
SRR23343485	AL_Shangrila	549	primary	sensitivity	TTT/TTT	F/F	90.250	PASS	30	TTT:30	12	18
SRR23343486	AL_Shangrila	549	primary	sensitivity	TTT/TTT	F/F	99.000	PASS	41	TTT:41	22	19
SRR23343487	AL_Shangrila	549	primary	sensitivity	TTT/TTT	F/F	99.000	PASS	37	TTT:37	21	16
SRR23343488	AL_Shangrila	549	primary	sensitivity	TTT/TTT	F/F	99.000	PASS	35	TTT:35	20	15
SRR23343489	AL_Shangrila	549	primary	sensitivity	TTT/TTT	F/F	99.000	PASS	36	TTT:36	24	12
SRR23343490	AL_Shangrila	549	primary	sensitivity	TTT/TTT	F/F	87.254	PASS	29	TTT:29	17	12
SRR23343491	AL_Shangrila	549	primary	sensitivity	TTT/TTT	F/F	84.238	PASS	28	TTT:28	15	13
SRR23343492	AL_Shangrila	549	primary	sensitivity	TTT/TTT	F/F	69.194	PASS	23	TTT:23	12	11
SRR23343493	AL_Shangrila	549	primary	sensitivity	TTT/TTT	F/F	63.180	PASS	21	TTT:21	13	8
SRR23343494	AL_Shangrila	549	primary	sensitivity	TTT/TTT	F/F	93.268	PASS	31	TTT:31	17	14
SRR23343438	AL_Shangrila	717	secondary	sensitivity	ACT/ACT	T/T	99.000	PASS	36	ACT:36	17	19
SRR23343439	AL_Shangrila	717	secondary	sensitivity	ACT/ACT	T/T	84.242	PASS	28	ACT:28	13	15
SRR23343440	AL_Shangrila	717	secondary	sensitivity	ACT/ACT	T/T	72.203	PASS	24	ACT:24	10	14
SRR23343441	AL_Shangrila	717	secondary	sensitivity	ACT/ACT	T/T	87.238	PASS	29	ACT:29	13	16
SRR23343442	AL_Shangrila	717	secondary	sensitivity	GCT/GCT	A/A	99.000	PASS	47	GCT:47	24	23
SRR23343443	AL_Shangrila	717	secondary	sensitivity	GCT/GCT	A/A	69.197	PASS	23	GCT:23	10	13
SRR23343444	AL_Shangrila	717	secondary	sensitivity	GCT/GCT	A/A	51.147	PASS	17	GCT:17	4	13
SRR23343445	AL_Shangrila	717	secondary	sensitivity	GCT/GCT	A/A	99.000	PASS	38	GCT:38	15	23
SRR23343446	AL_Shangrila	717	secondary	sensitivity	GCT/GCT	A/A	63.176	PASS	21	GCT:21	9	12
SRR23343447	AL_Shangrila	717	secondary	sensitivity	GCT/GCT	A/A	81.236	PASS	27	GCT:27	11	16
SRR23343448	AL_Shangrila	717	secondary	sensitivity	GCT/GCT	A/A	48.132	PASS	16	GCT:16	7	9
SRR23343449	AL_Shangrila	717	secondary	sensitivity	ACT/ACT	T/T	54.150	PASS	18	ACT:18	8	10
SRR23343450	AL_Shangrila	717	secondary	sensitivity	GCT/GCT	A/A	63.180	PASS	21	GCT:21	9	12
SRR23343451	AL_Shangrila	717	secondary	sensitivity	GCT/GCT	A/A	69.200	PASS	23	GCT:23	6	17
SRR23343452	AL_Shangrila	717	secondary	sensitivity	GCT/GCT	A/A	99.000	PASS	34	GCT:34	16	18
SRR23343453	AL_Shangrila	717	secondary	sensitivity	GCT/GCT	A/A	66.182	PASS	22	GCT:22	7	15
SRR23343454	AL_Shangrila	717	secondary	sensitivity	GCT/GCT	A/A	93.262	PASS	31	GCT:31	18	13
SRR23343455	AL_Shangrila	717	secondary	sensitivity	GCT/GCT	A/A	3.009	low_depth;low_genotype_quality;one_strand_only	1	GCT:1	0	1
SRR23343456	AL_Shangrila	717	secondary	sensitivity	GCT/GCT	A/A	75.215	PASS	25	GCT:25	5	20
SRR23343457	AL_Shangrila	717	secondary	sensitivity	GCT/GCT	A/A	57.162	PASS	19	GCT:19	7	12
SRR23343458	AL_Shangrila	717	secondary	sensitivity	GCT/GCT	A/A	84.242	PASS	28	GCT:28	10	18
SRR23343459	AL_Shangrila	717	secondary	sensitivity	GCT/GCT	A/A	30.089	PASS	10	GCT:10	4	6
SRR23343460	AL_Shangrila	717	secondary	sensitivity	ACT/ACT	T/T	63.176	PASS	21	ACT:21	11	10
SRR23343461	AL_Shangrila	717	secondary	sensitivity	GCT/GCT	A/A	66.179	PASS	22	GCT:22	5	17
SRR23343462	AL_Shangrila	717	secondary	sensitivity	GCT/GCT	A/A	99.000	PASS	43	GCT:43	16	27
SRR23343463	AL_Shangrila	717	secondary	sensitivity	GCT/GCT	A/A	45.123	PASS	15	GCT:15	6	9
SRR23343464	AL_Shangrila	717	secondary	sensitivity	GCT/GCT	A/A	57.165	PASS	19	GCT:19	5	14
SRR23343465	AL_Shangrila	717	secondary	sensitivity	GCT/GCT	A/A	60.168	PASS	20	GCT:20	5	15
SRR23343466	AL_Shangrila	717	secondary	sensitivity	GCT/GCT	A/A	75.212	PASS	25	GCT:25	8	17
SRR23343467	AL_Shangrila	717	secondary	sensitivity	GCT/GCT	A/A	60.174	PASS	20	GCT:20	6	14
SRR23343468	AL_Shangrila	717	secondary	sensitivity	GCT/GCT	A/A	75.209	PASS	25	GCT:25	11	14
SRR23343469	AL_Shangrila	717	secondary	sensitivity	GCT/GCT	A/A	72.200	PASS	24	GCT:24	12	12
SRR23343470	AL_Shangrila	717	secondary	sensitivity	GCT/GCT	A/A	42.124	PASS	14	GCT:14	7	7
SRR23343471	AL_Shangrila	717	secondary	sensitivity	ACT/ACT	T/T	66.185	PASS	22	ACT:22	10	12
SRR23343472	AL_Shangrila	717	secondary	sensitivity	GCT/GCT	A/A	87.247	PASS	29	GCT:29	8	21
SRR23343473	AL_Shangrila	717	secondary	sensitivity	GCT/GCT	A/A	99.000	PASS	48	GCT:48	15	33
SRR23343474	AL_Shangrila	717	secondary	sensitivity	ACT/ACT	T/T	57.162	PASS	19	ACT:19	9	10
SRR23343475	AL_Shangrila	717	secondary	sensitivity	ACT/ACT	T/T	99.000	PASS	36	ACT:36	28	8
SRR23343476	AL_Shangrila	717	secondary	sensitivity	ACT/ACT	T/T	36.100	PASS	12	ACT:12	6	6
SRR23343477	AL_Shangrila	717	secondary	sensitivity	ACT/ACT	T/T	99.000	PASS	35	ACT:35	14	21
SRR23343478	AL_Shangrila	717	secondary	sensitivity	ACT/ACT	T/T	90.253	PASS	30	ACT:30	7	23
SRR23343479	AL_Shangrila	717	secondary	sensitivity	ACT/ACT	T/T	87.250	PASS	29	ACT:29	13	16
SRR23343480	AL_Shangrila	717	secondary	sensitivity	ACT/ACT	T/T	87.250	PASS	29	ACT:29	11	18
SRR23343481	AL_Shangrila	717	secondary	sensitivity	ACT/ACT	T/T	87.247	PASS	29	ACT:29	9	20
SRR23343482	AL_Shangrila	717	secondary	sensitivity	ACT/ACT	T/T	84.238	PASS	28	ACT:28	11	17
SRR23343483	AL_Shangrila	717	secondary	sensitivity	ACT/ACT	T/T	99.000	PASS	35	ACT:35	16	19
SRR23343484	AL_Shangrila	717	secondary	sensitivity	ACT/ACT	T/T	48.138	PASS	16	ACT:16	7	9
SRR23343485	AL_Shangrila	717	secondary	sensitivity	ACT/ACT	T/T	90.259	PASS	30	ACT:30	13	17
SRR23343486	AL_Shangrila	717	secondary	sensitivity	ACT/ACT	T/T	90.256	PASS	30	ACT:30	15	15
SRR23343487	AL_Shangrila	717	secondary	sensitivity	ACT/ACT	T/T	81.230	PASS	27	ACT:27	9	18
SRR23343488	AL_Shangrila	717	secondary	sensitivity	ACT/ACT	T/T	84.238	PASS	28	ACT:28	13	15
SRR23343489	AL_Shangrila	717	secondary	sensitivity	ACT/ACT	T/T	78.214	PASS	26	ACT:26	10	16
SRR23343490	AL_Shangrila	717	secondary	sensitivity	ACT/ACT	T/T	45.130	PASS	15	ACT:15	4	11
SRR23343491	AL_Shangrila	717	secondary	sensitivity	ACT/ACT	T/T	69.194	PASS	23	ACT:23	7	16
SRR23343492	AL_Shangrila	717	secondary	sensitivity	ACT/ACT	T/T	93.268	PASS	31	ACT:31	10	21
SRR23343493	AL_Shangrila	717	secondary	sensitivity	ACT/ACT	T/T	69.197	PASS	23	ACT:23	11	12
SRR23343494	AL_Shangrila	717	secondary	sensitivity	ACT/ACT	T/T	90.253	PASS	30	ACT:30	12	18
SRR23343438	AL_Shangrila	727	secondary	sensitivity	GTT/GTT	V/V	99.000	PASS	55	GTT:55	26	29
SRR23343439	AL_Shangrila	727	secondary	sensitivity	GTT/GTT	V/V	99.000	PASS	33	GTT:33	18	15
SRR23343440	AL_Shangrila	727	secondary	sensitivity	GTT/GTT	V/V	96.268	PASS	32	GTT:32	12	20
SRR23343441	AL_Shangrila	727	secondary	sensitivity	GTT/GTT	V/V	84.238	PASS	28	GTT:28	16	12
SRR23343442	AL_Shangrila	727	secondary	sensitivity	GCT/GCT	A/A	99.000	PASS	37	GCT:37	19	18
SRR23343443	AL_Shangrila	727	secondary	sensitivity	GCT/GCT	A/A	66.179	PASS	22	GCT:22	12	10
SRR23343444	AL_Shangrila	727	secondary	sensitivity	GCT/GCT	A/A	72.209	PASS	24	GCT:24	18	6
SRR23343445	AL_Shangrila	727	secondary	sensitivity	GCT/GCT	A/A	99.000	PASS	36	GCT:36	15	21
SRR23343446	AL_Shangrila	727	secondary	sensitivity	GCT/GCT	A/A	81.233	PASS	27	GCT:27	14	13
SRR23343447	AL_Shangrila	727	secondary	sensitivity	GCT/GCT	A/A	99.000	PASS	33	GCT:33	12	21
SRR23343448	AL_Shangrila	727	secondary	sensitivity	GCT/GCT	A/A	75.209	PASS	25	GCT:25	11	14
SRR23343449	AL_Shangrila	727	secondary	sensitivity	GTT/GTT	V/V	75.215	PASS	25	GTT:25	10	15
SRR23343450	AL_Shangrila	727	secondary	sensitivity	GCT/GCT	A/A	81.233	PASS	27	GCT:27	12	15
SRR23343451	AL_Shangrila	727	secondary	sensitivity	GCT/GCT	A/A	72.212	PASS	24	GCT:24	17	7
SRR23343452	AL_Shangrila	727	secondary	sensitivity	GCT/GCT	A/A	99.000	PASS	43	GCT:43	29	14
SRR23343453	AL_Shangrila	727	secondary	sensitivity	GCT/GCT	A/A	30.085	PASS	10	GCT:10	7	3
SRR23343454	AL_Shangrila	727	secondary	sensitivity	GCT/GCT	A/A	66.185	PASS	22	GCT:22	13	9
SRR23343455	AL_Shangrila	727	secondary	sensitivity	GCT/GCT	A/A	15.044	low_depth;low_genotype_quality	5	GCT:5	1	4
SRR23343456	AL_Shangrila	727	secondary	sensitivity	GCT/GCT	A/A	90.250	PASS	30	GCT:30	15	15
SRR23343457	AL_Shangrila	727	secondary	sensitivity	GCT/GCT	A/A	81.236	PASS	27	GCT:27	12	15
SRR23343458	AL_Shangrila	727	secondary	sensitivity	GCT/GCT	A/A	78.227	PASS	26	GCT:26	10	16
SRR23343459	AL_Shangrila	727	secondary	sensitivity	GCT/GCT	A/A	66.185	PASS	22	GCT:22	12	10
SRR23343460	AL_Shangrila	727	secondary	sensitivity	GTT/GTT	V/V	69.197	PASS	23	GTT:23	8	15
SRR23343461	AL_Shangrila	727	secondary	sensitivity	GCT/GCT	A/A	96.280	PASS	32	GCT:32	17	15
SRR23343462	AL_Shangrila	727	secondary	sensitivity	GCT/GCT	A/A	99.000	PASS	36	GCT:36	24	12
SRR23343463	AL_Shangrila	727	secondary	sensitivity	GCT/GCT	A/A	43.460	PASS	26	GCC:1;GCT:25	11	15
SRR23343464	AL_Shangrila	727	secondary	sensitivity	GCT/GCT	A/A	87.254	PASS	29	GCT:29	16	13
SRR23343465	AL_Shangrila	727	secondary	sensitivity	GCT/GCT	A/A	69.191	PASS	23	GCT:23	15	8
SRR23343466	AL_Shangrila	727	secondary	sensitivity	GCT/GCT	A/A	57.165	PASS	19	GCT:19	13	6
SRR23343467	AL_Shangrila	727	secondary	sensitivity	GCT/GCT	A/A	60.171	PASS	20	GCT:20	11	9
SRR23343468	AL_Shangrila	727	secondary	sensitivity	GCT/GCT	A/A	87.247	PASS	29	GCT:29	12	17
SRR23343469	AL_Shangrila	727	secondary	sensitivity	GCT/GCT	A/A	90.259	PASS	30	GCT:30	17	13
SRR23343470	AL_Shangrila	727	secondary	sensitivity	GCT/GCT	A/A	60.171	PASS	20	GCT:20	12	8
SRR23343471	AL_Shangrila	727	secondary	sensitivity	GTT/GTT	V/V	93.271	PASS	31	GTT:31	15	16
SRR23343472	AL_Shangrila	727	secondary	sensitivity	GCT/GCT	A/A	99.000	PASS	34	GCT:34	17	17
SRR23343473	AL_Shangrila	727	secondary	sensitivity	GCT/GCT	A/A	99.000	PASS	52	GCT:52	29	23
SRR23343474	AL_Shangrila	727	secondary	sensitivity	GTT/GTT	V/V	72.190	PASS	24	GTT:24	14	10
SRR23343475	AL_Shangrila	727	secondary	sensitivity	GTT/GTT	V/V	51.144	PASS	17	GTT:17	11	6
SRR23343476	AL_Shangrila	727	secondary	sensitivity	GTT/GTT	V/V	51.147	PASS	17	GTT:17	8	9
SRR23343477	AL_Shangrila	727	secondary	sensitivity	GTT/GTT	V/V	99.000	PASS	33	GTT:33	17	16
SRR23343478	AL_Shangrila	727	secondary	sensitivity	GTT/GTT	V/V	81.226	PASS	27	GTT:27	15	12
SRR23343479	AL_Shangrila	727	secondary	sensitivity	GTT/GTT	V/V	69.185	PASS	23	GTT:23	10	13
SRR23343480	AL_Shangrila	727	secondary	sensitivity	GTT/GTT	V/V	90.253	PASS	30	GTT:30	16	14
SRR23343481	AL_Shangrila	727	secondary	sensitivity	GTT/GTT	V/V	99.000	PASS	33	GTT:33	14	19
SRR23343482	AL_Shangrila	727	secondary	sensitivity	GTT/GTT	V/V	99.000	PASS	33	GTT:33	18	15
SRR23343483	AL_Shangrila	727	secondary	sensitivity	GTT/GTT	V/V	99.000	PASS	34	GTT:34	19	15
SRR23343484	AL_Shangrila	727	secondary	sensitivity	GTT/GTT	V/V	75.215	PASS	25	GTT:25	8	17
SRR23343485	AL_Shangrila	727	secondary	sensitivity	GTT/GTT	V/V	69.191	PASS	23	GTT:23	9	14
SRR23343486	AL_Shangrila	727	secondary	sensitivity	GTT/GTT	V/V	87.250	PASS	29	GTT:29	10	19
SRR23343487	AL_Shangrila	727	secondary	sensitivity	GTT/GTT	V/V	99.000	PASS	34	GTT:34	16	18
SRR23343488	AL_Shangrila	727	secondary	sensitivity	GTT/GTT	V/V	75.209	PASS	25	GTT:25	12	13
SRR23343489	AL_Shangrila	727	secondary	sensitivity	GTT/GTT	V/V	99.000	PASS	34	GTT:34	20	14
SRR23343490	AL_Shangrila	727	secondary	sensitivity	GTT/GTT	V/V	78.221	PASS	26	GTT:26	12	14
SRR23343491	AL_Shangrila	727	secondary	sensitivity	GTT/GTT	V/V	66.182	PASS	22	GTT:22	13	9
SRR23343492	AL_Shangrila	727	secondary	sensitivity	GTT/GTT	V/V	99.000	PASS	33	GTT:33	15	18
SRR23343493	AL_Shangrila	727	secondary	sensitivity	GTT/GTT	V/V	60.174	PASS	20	GTT:20	13	7
SRR23343494	AL_Shangrila	727	secondary	sensitivity	GTT/GTT	V/V	87.247	PASS	29	GTT:29	11	18
SRR23343438	AL_Shangrila	766	secondary	sensitivity	TTT/TTT	F/F	99.000	PASS	46	TTT:46	26	20
SRR23343439	AL_Shangrila	766	secondary	sensitivity	TTT/TTT	F/F	99.000	PASS	37	TTT:37	19	18
SRR23343440	AL_Shangrila	766	secondary	sensitivity	TTT/TTT	F/F	99.000	PASS	34	TTT:34	22	12
SRR23343441	AL_Shangrila	766	secondary	sensitivity	TTT/TTT	F/F	69.194	PASS	23	TTT:23	12	11
SRR23343442	AL_Shangrila	766	secondary	sensitivity	CTC/CTC	L/L	99.000	PASS	53	CTC:53	31	22
SRR23343443	AL_Shangrila	766	secondary	sensitivity	CTC/CTC	L/L	96.274	PASS	32	CTC:32	14	18
SRR23343444	AL_Shangrila	766	secondary	sensitivity	CTC/CTC	L/L	45.130	PASS	15	CTC:15	8	7
SRR23343445	AL_Shangrila	766	secondary	sensitivity	CTC/CTC	L/L	99.000	PASS	44	CTC:44	21	23
SRR23343446	AL_Shangrila	766	secondary	sensitivity	CTC/CTC	L/L	99.000	PASS	33	CTC:33	15	18
SRR23343447	AL_Shangrila	766	secondary	sensitivity	CTC/CTC	L/L	99.000	PASS	38	CTC:38	23	15
SRR23343448	AL_Shangrila	766	secondary	sensitivity	CTC/CTC	L/L	81.236	PASS	27	CTC:27	18	9
SRR23343449	AL_Shangrila	766	secondary	sensitivity	TTT/TTT	F/F	93.265	PASS	31	TTT:31	19	12
SRR23343450	AL_Shangrila	766	secondary	sensitivity	CTC/CTC	L/L	99.000	PASS	35	CTC:35	17	18
SRR23343451	AL_Shangrila	766	secondary	sensitivity	CTC/CTC	L/L	75.215	PASS	25	CTC:25	17	8
SRR23343452	AL_Shangrila	766	secondary	sensitivity	CTC/CTC	L/L	99.000	PASS	37	CTC:37	18	19
SRR23343453	AL_Shangrila	766	secondary	sensitivity	CTC/CTC	L/L	57.168	PASS	19	CTC:19	12	7
SRR23343454	AL_Shangrila	766	secondary	sensitivity	CTC/CTC	L/L	51.147	PASS	17	CTC:17	8	9
SRR23343455	AL_Shangrila	766	secondary	sensitivity	CTC/CTC	L/L	21.059	low_depth;low_genotype_quality	7	CTC:7	1	6
SRR23343456	AL_Shangrila	766	secondary	sensitivity	CTC/CTC	L/L	99.000	PASS	37	CTC:37	16	21
SRR23343457	AL_Shangrila	766	secondary	sensitivity	CTC/CTC	L/L	99.000	PASS	38	CTC:38	17	21
SRR23343458	AL_Shangrila	766	secondary	sensitivity	CTC/CTC	L/L	99.000	PASS	45	CTC:45	19	26
SRR23343459	AL_Shangrila	766	secondary	sensitivity	CTC/CTC	L/L	84.248	PASS	28	CTC:28	10	18
SRR23343460	AL_Shangrila	766	secondary	sensitivity	TTT/TTT	F/F	60.499	PASS	30	TTA:1;TTT:29	12	18
SRR23343461	AL_Shangrila	766	secondary	sensitivity	CTC/CTC	L/L	99.000	PASS	35	CTC:35	24	11
SRR23343462	AL_Shangrila	766	secondary	sensitivity	CTC/CTC	L/L	99.000	PASS	50	CTC:50	22	28
SRR23343463	AL_Shangrila	766	secondary	sensitivity	CTC/CTC	L/L	99.000	PASS	40	CTC:40	19	21
SRR23343464	AL_Shangrila	766	secondary	sensitivity	CTC/CTC	L/L	99.000	PASS	36	CTC:36	21	15
SRR23343465	AL_Shangrila	766	secondary	sensitivity	CTC/CTC	L/L	51.144	PASS	17	CTC:17	7	10
SRR23343466	AL_Shangrila	766	secondary	sensitivity	CTC/CTC	L/L	60.177	PASS	20	CTC:20	13	7
SRR23343467	AL_Shangrila	766	secondary	sensitivity	CTC/CTC	L/L	75.215	PASS	25	CTC:25	16	9
SRR23343468	AL_Shangrila	766	secondary	sensitivity	CTC/CTC	L/L	99.000	PASS	33	CTC:33	21	12
SRR23343469	AL_Shangrila	766	secondary	sensitivity	CTC/CTC	L/L	78.230	PASS	26	CTC:26	16	10
SRR23343470	AL_Shangrila	766	secondary	sensitivity	CTC/TTT	F/L	0.297	low_genotype_quality;heterozygote_balance	23	CTC:22;TTT:1	10	13
SRR23343471	AL_Shangrila	766	secondary	sensitivity	TTT/TTT	F/F	78.218	PASS	26	TTT:26	12	14
SRR23343472	AL_Shangrila	766	secondary	sensitivity	CTC/CTC	L/L	99.000	PASS	34	CTC:34	18	16
SRR23343473	AL_Shangrila	766	secondary	sensitivity	CTC/CTC	L/L	99.000	PASS	65	CTC:65	40	25
SRR23343474	AL_Shangrila	766	secondary	sensitivity	TTT/TTT	F/F	84.238	PASS	28	TTT:28	14	14
SRR23343475	AL_Shangrila	766	secondary	sensitivity	TTT/TTT	F/F	81.236	PASS	27	TTT:27	11	16
SRR23343476	AL_Shangrila	766	secondary	sensitivity	TTT/TTT	F/F	78.221	PASS	26	TTT:26	9	17
SRR23343477	AL_Shangrila	766	secondary	sensitivity	TTT/TTT	F/F	99.000	PASS	37	TTT:37	21	16
SRR23343478	AL_Shangrila	766	secondary	sensitivity	TTT/TTT	F/F	99.000	PASS	35	TTT:35	17	18
SRR23343479	AL_Shangrila	766	secondary	sensitivity	TTT/TTT	F/F	90.256	PASS	30	TTT:30	23	7
SRR23343480	AL_Shangrila	766	secondary	sensitivity	TTT/TTT	F/F	87.250	PASS	29	TTT:29	12	17
SRR23343481	AL_Shangrila	766	secondary	sensitivity	TTT/TTT	F/F	99.000	PASS	35	TTT:35	21	14
SRR23343482	AL_Shangrila	766	secondary	sensitivity	TTT/TTT	F/F	78.227	PASS	26	TTT:26	12	14
SRR23343483	AL_Shangrila	766	secondary	sensitivity	TTT/TTT	F/F	99.000	PASS	35	TTT:35	20	15
SRR23343484	AL_Shangrila	766	secondary	sensitivity	TTT/TTT	F/F	99.000	PASS	34	TTT:34	11	23
SRR23343485	AL_Shangrila	766	secondary	sensitivity	TTT/TTT	F/F	87.238	PASS	29	TTT:29	14	15
SRR23343486	AL_Shangrila	766	secondary	sensitivity	TTT/TTT	F/F	99.000	PASS	33	TTT:33	15	18
SRR23343487	AL_Shangrila	766	secondary	sensitivity	TTT/TTT	F/F	84.245	PASS	28	TTT:28	16	12
SRR23343488	AL_Shangrila	766	secondary	sensitivity	TTT/TTT	F/F	90.259	PASS	30	TTT:30	18	12
SRR23343489	AL_Shangrila	766	secondary	sensitivity	TTT/TTT	F/F	99.000	PASS	36	TTT:36	21	15
SRR23343490	AL_Shangrila	766	secondary	sensitivity	TTT/TTT	F/F	84.245	PASS	28	TTT:28	12	16
SRR23343491	AL_Shangrila	766	secondary	sensitivity	TTT/TTT	F/F	87.247	PASS	29	TTT:29	18	11
SRR23343492	AL_Shangrila	766	secondary	sensitivity	TTT/TTT	F/F	99.000	PASS	35	TTT:35	22	13
SRR23343493	AL_Shangrila	766	secondary	sensitivity	TTT/TTT	F/F	28.419	low_genotype_quality	21	TAT:1;TTT:20	11	10
SRR23343494	AL_Shangrila	766	secondary	sensitivity	TTT/TTT	F/F	99.000	PASS	45	TTT:45	21	24
SRR23343438	AL_Shangrila	822	within_species_comparison	sensitivity	ATA/ATA	I/I	99.000	PASS	58	ATA:58	28	30
SRR23343439	AL_Shangrila	822	within_species_comparison	sensitivity	ATA/ATA	I/I	99.000	PASS	37	ATA:37	12	25
SRR23343440	AL_Shangrila	822	within_species_comparison	sensitivity	ATA/ATA	I/I	99.000	PASS	34	ATA:34	13	21
SRR23343441	AL_Shangrila	822	within_species_comparison	sensitivity	ATA/ATA	I/I	78.224	PASS	26	ATA:26	15	11
SRR23343442	AL_Shangrila	822	within_species_comparison	sensitivity	ATA/ATA	I/I	99.000	PASS	53	ATA:53	25	28
SRR23343443	AL_Shangrila	822	within_species_comparison	sensitivity	ATA/ATA	I/I	87.250	PASS	29	ATA:29	12	17
SRR23343444	AL_Shangrila	822	within_species_comparison	sensitivity	ATA/ATA	I/I	60.174	PASS	20	ATA:20	7	13
SRR23343445	AL_Shangrila	822	within_species_comparison	sensitivity	ATA/ATA	I/I	99.000	PASS	52	ATA:52	27	25
SRR23343446	AL_Shangrila	822	within_species_comparison	sensitivity	ATA/ATA	I/I	84.245	PASS	28	ATA:28	15	13
SRR23343447	AL_Shangrila	822	within_species_comparison	sensitivity	ATA/ATA	I/I	99.000	PASS	45	ATA:45	23	22
SRR23343448	AL_Shangrila	822	within_species_comparison	sensitivity	ATA/ATA	I/I	84.248	PASS	28	ATA:28	12	16
SRR23343449	AL_Shangrila	822	within_species_comparison	sensitivity	ATA/ATA	I/I	72.206	PASS	24	ATA:24	12	12
SRR23343450	AL_Shangrila	822	within_species_comparison	sensitivity	ATA/ATA	I/I	99.000	PASS	35	ATA:35	13	22
SRR23343451	AL_Shangrila	822	within_species_comparison	sensitivity	ATA/ATA	I/I	69.200	PASS	23	ATA:23	9	14
SRR23343452	AL_Shangrila	822	within_species_comparison	sensitivity	ATA/ATA	I/I	99.000	PASS	38	ATA:38	21	17
SRR23343453	AL_Shangrila	822	within_species_comparison	sensitivity	ATA/ATA	I/I	66.188	PASS	22	ATA:22	7	15
SRR23343454	AL_Shangrila	822	within_species_comparison	sensitivity	ATA/ATA	I/I	90.256	PASS	30	ATA:30	10	20
SRR23343455	AL_Shangrila	822	within_species_comparison	sensitivity	ATA/ATA	I/I	3.009	low_depth;low_genotype_quality;one_strand_only	1	ATA:1	1	0
SRR23343456	AL_Shangrila	822	within_species_comparison	sensitivity	ATA/ATA	I/I	99.000	PASS	38	ATA:38	15	23
SRR23343457	AL_Shangrila	822	within_species_comparison	sensitivity	ATA/ATA	I/I	99.000	PASS	34	ATA:34	20	14
SRR23343458	AL_Shangrila	822	within_species_comparison	sensitivity	ATA/ATA	I/I	99.000	PASS	42	ATA:42	20	22
SRR23343459	AL_Shangrila	822	within_species_comparison	sensitivity	ATA/ATA	I/I	87.250	PASS	29	ATA:29	16	13
SRR23343460	AL_Shangrila	822	within_species_comparison	sensitivity	ATA/ATA	I/I	99.000	PASS	35	ATA:35	17	18
SRR23343461	AL_Shangrila	822	within_species_comparison	sensitivity	ATA/ATA	I/I	99.000	PASS	38	ATA:38	18	20
SRR23343462	AL_Shangrila	822	within_species_comparison	sensitivity	ATA/ATA	I/I	99.000	PASS	57	ATA:57	31	26
SRR23343463	AL_Shangrila	822	within_species_comparison	sensitivity	ATA/ATA	I/I	99.000	PASS	42	ATA:42	21	21
SRR23343464	AL_Shangrila	822	within_species_comparison	sensitivity	ATA/ATA	I/I	99.000	PASS	43	ATA:43	19	24
SRR23343465	AL_Shangrila	822	within_species_comparison	sensitivity	ATA/ATA	I/I	84.245	PASS	28	ATA:28	15	13
SRR23343466	AL_Shangrila	822	within_species_comparison	sensitivity	ATA/ATA	I/I	63.180	PASS	21	ATA:21	9	12
SRR23343467	AL_Shangrila	822	within_species_comparison	sensitivity	ATA/ATA	I/I	78.227	PASS	26	ATA:26	10	16
SRR23343468	AL_Shangrila	822	within_species_comparison	sensitivity	ATA/ATA	I/I	96.277	PASS	32	ATA:32	11	21
SRR23343469	AL_Shangrila	822	within_species_comparison	sensitivity	ATA/ATA	I/I	99.000	PASS	35	ATA:35	16	19
SRR23343470	AL_Shangrila	822	within_species_comparison	sensitivity	ATA/ATA	I/I	78.227	PASS	26	ATA:26	13	13
SRR23343471	AL_Shangrila	822	within_species_comparison	sensitivity	ATA/ATA	I/I	84.245	PASS	28	ATA:28	19	9
SRR23343472	AL_Shangrila	822	within_species_comparison	sensitivity	ATA/ATA	I/I	75.218	PASS	25	ATA:25	13	12
SRR23343473	AL_Shangrila	822	within_species_comparison	sensitivity	ATA/ATA	I/I	99.000	PASS	72	ATA:72	31	41
SRR23343474	AL_Shangrila	822	within_species_comparison	sensitivity	ATA/ATA	I/I	99.000	PASS	33	ATA:33	17	16
SRR23343475	AL_Shangrila	822	within_species_comparison	sensitivity	ATA/ATA	I/I	99.000	PASS	36	ATA:36	8	28
SRR23343476	AL_Shangrila	822	within_species_comparison	sensitivity	ATA/ATA	I/I	51.150	PASS	17	ATA:17	6	11
SRR23343477	AL_Shangrila	822	within_species_comparison	sensitivity	ATA/ATA	I/I	99.000	PASS	38	ATA:38	19	19
SRR23343478	AL_Shangrila	822	within_species_comparison	sensitivity	ATA/ATA	I/I	99.000	PASS	36	ATA:36	16	20
SRR23343479	AL_Shangrila	822	within_species_comparison	sensitivity	ATA/ATA	I/I	69.197	PASS	23	ATA:23	10	13
SRR23343480	AL_Shangrila	822	within_species_comparison	sensitivity	ATA/ATA	I/I	99.000	PASS	42	ATA:42	21	21
SRR23343481	AL_Shangrila	822	within_species_comparison	sensitivity	ATA/ATA	I/I	96.280	PASS	32	ATA:32	14	18
SRR23343482	AL_Shangrila	822	within_species_comparison	sensitivity	ATA/ATA	I/I	99.000	PASS	42	ATA:42	20	22
SRR23343483	AL_Shangrila	822	within_species_comparison	sensitivity	ATA/ATA	I/I	99.000	PASS	33	ATA:33	17	16
SRR23343484	AL_Shangrila	822	within_species_comparison	sensitivity	ATA/ATA	I/I	99.000	PASS	57	ATA:57	27	30
SRR23343485	AL_Shangrila	822	within_species_comparison	sensitivity	ATA/GTA	I/V	99.000	PASS	33	ATA:9;GTA:24	16	17
SRR23343486	AL_Shangrila	822	within_species_comparison	sensitivity	ATA/ATA	I/I	81.233	PASS	27	ATA:27	13	14
SRR23343487	AL_Shangrila	822	within_species_comparison	sensitivity	ATA/ATA	I/I	99.000	PASS	34	ATA:34	16	18
SRR23343488	AL_Shangrila	822	within_species_comparison	sensitivity	ATA/GTA	I/V	99.000	PASS	23	ATA:8;GTA:15	10	13
SRR23343489	AL_Shangrila	822	within_species_comparison	sensitivity	ATA/ATA	I/I	99.000	PASS	35	ATA:35	15	20
SRR23343490	AL_Shangrila	822	within_species_comparison	sensitivity	ATA/GTA	I/V	99.000	PASS	33	ATA:20;GTA:13	16	17
SRR23343491	AL_Shangrila	822	within_species_comparison	sensitivity	ATA/ATA	I/I	60.174	PASS	20	ATA:20	9	11
SRR23343492	AL_Shangrila	822	within_species_comparison	sensitivity	ATA/ATA	I/I	66.192	PASS	22	ATA:22	7	15
SRR23343493	AL_Shangrila	822	within_species_comparison	sensitivity	ATA/ATA	I/I	69.200	PASS	23	ATA:23	10	13
SRR23343494	AL_Shangrila	822	within_species_comparison	sensitivity	ATA/ATA	I/I	99.000	PASS	36	ATA:36	19	17
SRR23343438	AL_Shangrila	1134	primary	sensitivity	CTT/CTT	L/L	99.000	PASS	44	CTT:44	14	30
SRR23343439	AL_Shangrila	1134	primary	sensitivity	CTT/CTT	L/L	99.000	PASS	43	CTT:43	27	16
SRR23343440	AL_Shangrila	1134	primary	sensitivity	CTT/CTT	L/L	99.000	PASS	38	CTT:38	21	17
SRR23343441	AL_Shangrila	1134	primary	sensitivity	CTT/CTT	L/L	99.000	PASS	34	CTT:34	19	15
SRR23343442	AL_Shangrila	1134	primary	sensitivity	TTT/TTT	F/F	99.000	PASS	57	TTT:57	31	26
SRR23343443	AL_Shangrila	1134	primary	sensitivity	TTT/TTT	F/F	84.242	PASS	28	TTT:28	15	13
SRR23343444	AL_Shangrila	1134	primary	sensitivity	TTT/TTT	F/F	99.000	PASS	34	TTT:34	17	17
SRR23343445	AL_Shangrila	1134	primary	sensitivity	TTT/TTT	F/F	99.000	PASS	41	TTT:41	24	17
SRR23343446	AL_Shangrila	1134	primary	sensitivity	TTT/TTT	F/F	78.221	PASS	26	TTT:26	11	15
SRR23343447	AL_Shangrila	1134	primary	sensitivity	TTT/TTT	F/F	99.000	PASS	41	TTT:41	19	22
SRR23343448	AL_Shangrila	1134	primary	sensitivity	TTT/TTT	F/F	84.238	PASS	28	TTT:28	13	15
SRR23343449	AL_Shangrila	1134	primary	sensitivity	CTT/CTT	L/L	99.000	PASS	33	CTT:33	18	15
SRR23343450	AL_Shangrila	1134	primary	sensitivity	TTT/TTT	F/F	99.000	PASS	34	TTT:34	14	20
SRR23343451	AL_Shangrila	1134	primary	sensitivity	TTT/TTT	F/F	75.212	PASS	25	TTT:25	12	13
SRR23343452	AL_Shangrila	1134	primary	sensitivity	TTT/TTT	F/F	99.000	PASS	38	TTT:38	19	19
SRR23343453	AL_Shangrila	1134	primary	sensitivity	TTT/TTT	F/F	69.200	PASS	23	TTT:23	7	16
SRR23343454	AL_Shangrila	1134	primary	sensitivity	TTT/TTT	F/F	75.218	PASS	25	TTT:25	12	13
SRR23343455	AL_Shangrila	1134	primary	sensitivity	TTT/TTT	F/F	6.018	low_depth;low_genotype_quality	2	TTT:2	1	1
SRR23343456	AL_Shangrila	1134	primary	sensitivity	TTT/TTT	F/F	90.259	PASS	30	TTT:30	14	16
SRR23343457	AL_Shangrila	1134	primary	sensitivity	TTT/TTT	F/F	99.000	PASS	34	TTT:34	18	16
SRR23343458	AL_Shangrila	1134	primary	sensitivity	TTT/TTT	F/F	99.000	PASS	41	TTT:41	27	14
SRR23343459	AL_Shangrila	1134	primary	sensitivity	TTT/TTT	F/F	72.206	PASS	24	TTT:24	10	14
SRR23343460	AL_Shangrila	1134	primary	sensitivity	CTT/CTT	L/L	99.000	PASS	46	CTT:46	29	17
SRR23343461	AL_Shangrila	1134	primary	sensitivity	TTT/TTT	F/F	96.277	PASS	32	TTT:32	15	17
SRR23343462	AL_Shangrila	1134	primary	sensitivity	TTT/TTT	F/F	99.000	PASS	46	TTT:46	29	17
SRR23343463	AL_Shangrila	1134	primary	sensitivity	TTT/TTT	F/F	99.000	PASS	36	TTT:36	17	19
SRR23343464	AL_Shangrila	1134	primary	sensitivity	TTT/TTT	F/F	99.000	PASS	35	TTT:35	14	21
SRR23343465	AL_Shangrila	1134	primary	sensitivity	TTT/TTT	F/F	57.159	PASS	19	TTT:19	11	8
SRR23343466	AL_Shangrila	1134	primary	sensitivity	TTT/TTT	F/F	99.000	PASS	35	TTT:35	15	20
SRR23343467	AL_Shangrila	1134	primary	sensitivity	TTT/TTT	F/F	99.000	PASS	45	TTT:45	31	14
SRR23343468	AL_Shangrila	1134	primary	sensitivity	TTT/TTT	F/F	99.000	PASS	49	TTT:49	24	25
SRR23343469	AL_Shangrila	1134	primary	sensitivity	TTT/TTT	F/F	99.000	PASS	33	TTT:33	17	16
SRR23343470	AL_Shangrila	1134	primary	sensitivity	TTT/TTT	F/F	78.221	PASS	26	TTT:26	14	12
SRR23343471	AL_Shangrila	1134	primary	sensitivity	CTT/CTT	L/L	99.000	PASS	40	CTT:40	23	17
SRR23343472	AL_Shangrila	1134	primary	sensitivity	TTT/TTT	F/F	99.000	PASS	36	TTT:36	23	13
SRR23343473	AL_Shangrila	1134	primary	sensitivity	TTT/TTT	F/F	99.000	PASS	66	TTT:66	36	30
SRR23343474	AL_Shangrila	1134	primary	sensitivity	CTT/CTT	L/L	99.000	PASS	33	CTT:33	19	14
SRR23343475	AL_Shangrila	1134	primary	sensitivity	CTT/CTT	L/L	90.256	PASS	30	CTT:30	15	15
SRR23343476	AL_Shangrila	1134	primary	sensitivity	CTT/CTT	L/L	72.197	PASS	24	CTT:24	14	10
SRR23343477	AL_Shangrila	1134	primary	sensitivity	CTT/CTT	L/L	99.000	PASS	37	CTT:37	18	19
SRR23343478	AL_Shangrila	1134	primary	sensitivity	CTT/CTT	L/L	84.242	PASS	28	CTT:28	10	18
SRR23343479	AL_Shangrila	1134	primary	sensitivity	CTT/CTT	L/L	78.227	PASS	26	CTT:26	14	12
SRR23343480	AL_Shangrila	1134	primary	sensitivity	CTT/CTT	L/L	99.000	PASS	36	CTT:36	19	17
SRR23343481	AL_Shangrila	1134	primary	sensitivity	CTT/CTT	L/L	84.242	PASS	28	CTT:28	9	19
SRR23343482	AL_Shangrila	1134	primary	sensitivity	CTT/CTT	L/L	90.253	PASS	30	CTT:30	18	12
SRR23343483	AL_Shangrila	1134	primary	sensitivity	CTT/CTT	L/L	78.224	PASS	26	CTT:26	9	17
SRR23343484	AL_Shangrila	1134	primary	sensitivity	CTT/CTT	L/L	99.000	PASS	55	CTT:55	29	26
SRR23343485	AL_Shangrila	1134	primary	sensitivity	CTT/CTT	L/L	81.233	PASS	27	CTT:27	15	12
SRR23343486	AL_Shangrila	1134	primary	sensitivity	CTT/CTT	L/L	99.000	PASS	34	CTT:34	25	9
SRR23343487	AL_Shangrila	1134	primary	sensitivity	CTT/CTT	L/L	99.000	PASS	35	CTT:35	18	17
SRR23343488	AL_Shangrila	1134	primary	sensitivity	CTT/CTT	L/L	81.239	PASS	27	CTT:27	14	13
SRR23343489	AL_Shangrila	1134	primary	sensitivity	CTT/CTT	L/L	99.000	PASS	38	CTT:38	22	16
SRR23343490	AL_Shangrila	1134	primary	sensitivity	CTT/CTT	L/L	75.215	PASS	25	CTT:25	12	13
SRR23343491	AL_Shangrila	1134	primary	sensitivity	CTT/CTT	L/L	75.212	PASS	25	CTT:25	15	10
SRR23343492	AL_Shangrila	1134	primary	sensitivity	CTT/CTT	L/L	99.000	PASS	38	CTT:38	19	19
SRR23343493	AL_Shangrila	1134	primary	sensitivity	CTT/CTT	L/L	63.180	PASS	21	CTT:21	12	9
SRR23343494	AL_Shangrila	1134	primary	sensitivity	CTT/CTT	L/L	99.000	PASS	41	CTT:41	19	22
SRR23343438	AD_Malaysia	254	primary	primary	TTT/TTT	F/F	93.274	PASS	31	TTT:31	17	14
SRR23343439	AD_Malaysia	254	primary	primary	TTT/TTT	F/F	81.239	PASS	27	TTT:27	14	13
SRR23343440	AD_Malaysia	254	primary	primary	TTT/TTT	F/F	81.239	PASS	27	TTT:27	15	12
SRR23343441	AD_Malaysia	254	primary	primary	TTT/TTT	F/F	78.230	PASS	26	TTT:26	18	8
SRR23343442	AD_Malaysia	254	primary	primary	CTT/CTT	L/L	75.221	PASS	25	CTT:25	12	13
SRR23343443	AD_Malaysia	254	primary	primary	CTT/CTT	L/L	63.186	PASS	21	CTT:21	11	10
SRR23343444	AD_Malaysia	254	primary	primary	CTT/CTT	L/L	63.186	PASS	21	CTT:21	12	9
SRR23343445	AD_Malaysia	254	primary	primary	CTT/CTT	L/L	99.000	PASS	39	CTT:39	20	19
SRR23343446	AD_Malaysia	254	primary	primary	CTT/CTT	L/L	54.159	PASS	18	CTT:18	14	4
SRR23343447	AD_Malaysia	254	primary	primary	CTT/CTT	L/L	78.230	PASS	26	CTT:26	20	6
SRR23343448	AD_Malaysia	254	primary	primary	CTT/CTT	L/L	90.266	PASS	30	CTT:30	16	14
SRR23343449	AD_Malaysia	254	primary	primary	TTT/TTT	F/F	54.159	PASS	18	TTT:18	9	9
SRR23343450	AD_Malaysia	254	primary	primary	CTT/CTT	L/L	99.000	PASS	34	CTT:34	22	12
SRR23343451	AD_Malaysia	254	primary	primary	CTT/CTT	L/L	75.221	PASS	25	CTT:25	11	14
SRR23343452	AD_Malaysia	254	primary	primary	CTT/CTT	L/L	63.186	PASS	21	CTT:21	11	10
SRR23343453	AD_Malaysia	254	primary	primary	CTT/CTT	L/L	36.106	PASS	12	CTT:12	7	5
SRR23343454	AD_Malaysia	254	primary	primary	CTT/CTT	L/L	81.239	PASS	27	CTT:27	16	11
SRR23343455	AD_Malaysia	254	primary	primary	CTT/CTT	L/L	3.009	low_depth;low_genotype_quality;one_strand_only	1	CTT:1	0	1
SRR23343456	AD_Malaysia	254	primary	primary	CTT/CTT	L/L	72.212	PASS	24	CTT:24	13	11
SRR23343457	AD_Malaysia	254	primary	primary	CTT/CTT	L/L	87.257	PASS	29	CTT:29	17	12
SRR23343458	AD_Malaysia	254	primary	primary	CTT/CTT	L/L	93.274	PASS	31	CTT:31	21	10
SRR23343459	AD_Malaysia	254	primary	primary	CTT/CTT	L/L	60.177	PASS	20	CTT:20	13	7
SRR23343460	AD_Malaysia	254	primary	primary	TTT/TTT	F/F	72.212	PASS	24	TTT:24	11	13
SRR23343461	AD_Malaysia	254	primary	primary	CTT/CTT	L/L	81.239	PASS	27	CTT:27	14	13
SRR23343462	AD_Malaysia	254	primary	primary	CTT/CTT	L/L	99.000	PASS	42	CTT:42	24	18
SRR23343463	AD_Malaysia	254	primary	primary	CTT/CTT	L/L	78.230	PASS	26	CTT:26	15	11
SRR23343464	AD_Malaysia	254	primary	primary	CTT/CTT	L/L	69.204	PASS	23	CTT:23	13	10
SRR23343465	AD_Malaysia	254	primary	primary	CTT/CTT	L/L	36.106	PASS	12	CTT:12	9	3
SRR23343466	AD_Malaysia	254	primary	primary	CTT/CTT	L/L	84.248	PASS	28	CTT:28	14	14
SRR23343467	AD_Malaysia	254	primary	primary	CTT/CTT	L/L	78.230	PASS	26	CTT:26	15	11
SRR23343468	AD_Malaysia	254	primary	primary	CTT/CTT	L/L	63.186	PASS	21	CTT:21	15	6
SRR23343469	AD_Malaysia	254	primary	primary	CTT/CTT	L/L	57.168	PASS	19	CTT:19	9	10
SRR23343470	AD_Malaysia	254	primary	primary	CTT/CTT	L/L	60.177	PASS	20	CTT:20	15	5
SRR23343471	AD_Malaysia	254	primary	primary	TTT/TTT	F/F	51.150	PASS	17	TTT:17	8	9
SRR23343472	AD_Malaysia	254	primary	primary	CTT/CTT	L/L	66.195	PASS	22	CTT:22	9	13
SRR23343473	AD_Malaysia	254	primary	primary	CTT/CTT	L/L	99.000	PASS	48	CTT:48	26	22
SRR23343474	AD_Malaysia	254	primary	primary	TTT/TTT	F/F	48.142	PASS	16	TTT:16	9	7
SRR23343475	AD_Malaysia	254	primary	primary	TTT/TTT	F/F	99.000	PASS	34	TTT:34	25	9
SRR23343476	AD_Malaysia	254	primary	primary	TTT/TTT	F/F	13.375	low_genotype_quality	16	TTC:1;TTT:15	7	9
SRR23343477	AD_Malaysia	254	primary	primary	TTT/TTT	F/F	84.248	PASS	28	TTT:28	17	11
SRR23343478	AD_Malaysia	254	primary	primary	TTT/TTT	F/F	54.159	PASS	18	TTT:18	10	8
SRR23343479	AD_Malaysia	254	primary	primary	TTT/TTT	F/F	99.000	PASS	34	TTT:34	23	11
SRR23343480	AD_Malaysia	254	primary	primary	TTT/TTT	F/F	57.168	PASS	19	TTT:19	11	8
SRR23343481	AD_Malaysia	254	primary	primary	TTT/TTT	F/F	48.142	PASS	16	TTT:16	7	9
SRR23343482	AD_Malaysia	254	primary	primary	TTT/TTT	F/F	81.239	PASS	27	TTT:27	16	11
SRR23343483	AD_Malaysia	254	primary	primary	TTT/TTT	F/F	51.150	PASS	17	TTT:17	7	10
SRR23343484	AD_Malaysia	254	primary	primary	TTT/TTT	F/F	37.446	PASS	24	CTT:1;TTT:23	13	11
SRR23343485	AD_Malaysia	254	primary	primary	TTT/TTT	F/F	60.177	PASS	20	TTT:20	10	10
SRR23343486	AD_Malaysia	254	primary	primary	TTT/TTT	F/F	96.283	PASS	32	TTT:32	15	17
SRR23343487	AD_Malaysia	254	primary	primary	TTT/TTT	F/F	75.221	PASS	25	TTT:25	15	10
SRR23343488	AD_Malaysia	254	primary	primary	TTT/TTT	F/F	63.186	PASS	21	TTT:21	14	7
SRR23343489	AD_Malaysia	254	primary	primary	TTT/TTT	F/F	99.000	PASS	33	TTT:33	18	15
SRR23343490	AD_Malaysia	254	primary	primary	TTT/TTT	F/F	63.186	PASS	21	TTT:21	11	10
SRR23343491	AD_Malaysia	254	primary	primary	TTT/TTT	F/F	78.230	PASS	26	TTT:26	12	14
SRR23343492	AD_Malaysia	254	primary	primary	TTT/TTT	F/F	87.257	PASS	29	TTT:29	19	10
SRR23343493	AD_Malaysia	254	primary	primary	TTT/TTT	F/F	60.177	PASS	20	TTT:20	10	10
SRR23343494	AD_Malaysia	254	primary	primary	TTT/TTT	F/F	72.212	PASS	24	TTT:24	13	11
SRR23343438	AD_Malaysia	452	within_species_comparison	primary	ACG/ACG	T/T	99.000	PASS	40	ACG:40	21	19
SRR23343439	AD_Malaysia	452	within_species_comparison	primary	ACG/ACG	T/T	81.239	PASS	27	ACG:27	13	14
SRR23343440	AD_Malaysia	452	within_species_comparison	primary	ACG/ACG	T/T	75.221	PASS	25	ACG:25	8	17
SRR23343441	AD_Malaysia	452	within_species_comparison	primary	ACG/ACG	T/T	81.239	PASS	27	ACG:27	14	13
SRR23343442	AD_Malaysia	452	within_species_comparison	primary	ACA/ACA	T/T	99.000	PASS	73	ACA:73	35	38
SRR23343443	AD_Malaysia	452	within_species_comparison	primary	ACA/ACA	T/T	75.221	PASS	25	ACA:25	13	12
SRR23343444	AD_Malaysia	452	within_species_comparison	primary	ACA/ACA	T/T	75.221	PASS	25	ACA:25	13	12
SRR23343445	AD_Malaysia	452	within_species_comparison	primary	ACA/ACA	T/T	99.000	PASS	35	ACA:35	15	20
SRR23343446	AD_Malaysia	452	within_species_comparison	primary	ACA/ACA	T/T	90.266	PASS	30	ACA:30	9	21
SRR23343447	AD_Malaysia	452	within_species_comparison	primary	ACA/ACA	T/T	99.000	PASS	43	ACA:43	17	26
SRR23343448	AD_Malaysia	452	within_species_comparison	primary	ACA/ACA	T/T	60.177	PASS	20	ACA:20	4	16
SRR23343449	AD_Malaysia	452	within_species_comparison	primary	ACG/ACG	T/T	48.142	PASS	16	ACG:16	5	11
SRR23343450	AD_Malaysia	452	within_species_comparison	primary	ACA/ACA	T/T	99.000	PASS	33	ACA:33	11	22
SRR23343451	AD_Malaysia	452	within_species_comparison	primary	ACA/ACA	T/T	96.283	PASS	32	ACA:32	17	15
SRR23343452	AD_Malaysia	452	within_species_comparison	primary	ACA/ACA	T/T	99.000	PASS	48	ACA:48	32	16
SRR23343453	AD_Malaysia	452	within_species_comparison	primary	ACA/ACA	T/T	45.133	PASS	15	ACA:15	4	11
SRR23343454	AD_Malaysia	452	within_species_comparison	primary	ACA/ACA	T/T	96.283	PASS	32	ACA:32	10	22
SRR23343455	AD_Malaysia	452	within_species_comparison	primary	ACA/AGA	R/T	57.498	low_depth;heterozygote_balance	4	ACA:2;AGA:2	3	1
SRR23343456	AD_Malaysia	452	within_species_comparison	primary	ACA/AGA	R/T	99.000	PASS	22	ACA:16;AGA:6	14	8
SRR23343457	AD_Malaysia	452	within_species_comparison	primary	ACA/ACA	T/T	99.000	PASS	35	ACA:35	25	10
SRR23343458	AD_Malaysia	452	within_species_comparison	primary	ACA/ACA	T/T	99.000	PASS	48	ACA:48	17	31
SRR23343459	AD_Malaysia	452	within_species_comparison	primary	ACA/ACA	T/T	63.186	PASS	21	ACA:21	13	8
SRR23343460	AD_Malaysia	452	within_species_comparison	primary	ACG/ACG	T/T	87.257	PASS	29	ACG:29	16	13
SRR23343461	AD_Malaysia	452	within_species_comparison	primary	AGA/AGA	R/R	78.230	PASS	26	AGA:26	13	13
SRR23343462	AD_Malaysia	452	within_species_comparison	primary	ACA/AGA	R/T	99.000	PASS	47	ACA:25;AGA:22	18	29
SRR23343463	AD_Malaysia	452	within_species_comparison	primary	ACA/ACA	T/T	99.000	PASS	40	ACA:40	19	21
SRR23343464	AD_Malaysia	452	within_species_comparison	primary	ACA/ACA	T/T	87.257	PASS	29	ACA:29	14	15
SRR23343465	AD_Malaysia	452	within_species_comparison	primary	ACA/ACA	T/T	27.080	low_depth;low_genotype_quality	9	ACA:9	4	5
SRR23343466	AD_Malaysia	452	within_species_comparison	primary	ACA/ACA	T/T	69.204	PASS	23	ACA:23	14	9
SRR23343467	AD_Malaysia	452	within_species_comparison	primary	ACA/ACA	T/T	99.000	PASS	40	ACA:40	20	20
SRR23343468	AD_Malaysia	452	within_species_comparison	primary	ACA/ACA	T/T	99.000	PASS	35	ACA:35	17	18
SRR23343469	AD_Malaysia	452	within_species_comparison	primary	ACA/ACA	T/T	99.000	PASS	33	ACA:33	23	10
SRR23343470	AD_Malaysia	452	within_species_comparison	primary	ACA/ACA	T/T	60.177	PASS	20	ACA:20	14	6
SRR23343471	AD_Malaysia	452	within_species_comparison	primary	ACG/ACG	T/T	69.204	PASS	23	ACG:23	7	16
SRR23343472	AD_Malaysia	452	within_species_comparison	primary	ACA/ACA	T/T	90.266	PASS	30	ACA:30	13	17
SRR23343473	AD_Malaysia	452	within_species_comparison	primary	ACA/ACA	T/T	99.000	PASS	62	ACA:62	24	38
SRR23343474	AD_Malaysia	452	within_species_comparison	primary	ACG/ACG	T/T	78.230	PASS	26	ACG:26	11	15
SRR23343475	AD_Malaysia	452	within_species_comparison	primary	ACG/ACG	T/T	99.000	PASS	35	ACG:35	14	21
SRR23343476	AD_Malaysia	452	within_species_comparison	primary	ACG/ACG	T/T	60.177	PASS	20	ACG:20	8	12
SRR23343477	AD_Malaysia	452	within_species_comparison	primary	ACG/ACG	T/T	99.000	PASS	35	ACG:35	18	17
SRR23343478	AD_Malaysia	452	within_species_comparison	primary	ACG/ACG	T/T	84.248	PASS	28	ACG:28	15	13
SRR23343479	AD_Malaysia	452	within_species_comparison	primary	ACG/ACG	T/T	69.204	PASS	23	ACG:23	11	12
SRR23343480	AD_Malaysia	452	within_species_comparison	primary	ACG/ACG	T/T	84.248	PASS	28	ACG:28	14	14
SRR23343481	AD_Malaysia	452	within_species_comparison	primary	ACG/ACG	T/T	57.168	PASS	19	ACG:19	12	7
SRR23343482	AD_Malaysia	452	within_species_comparison	primary	ACG/ACG	T/T	99.000	PASS	40	ACG:40	22	18
SRR23343483	AD_Malaysia	452	within_species_comparison	primary	ACG/ACG	T/T	96.283	PASS	32	ACG:32	12	20
SRR23343484	AD_Malaysia	452	within_species_comparison	primary	ACG/ACG	T/T	87.257	PASS	29	ACG:29	9	20
SRR23343485	AD_Malaysia	452	within_species_comparison	primary	ACG/ACG	T/T	75.221	PASS	25	ACG:25	12	13
SRR23343486	AD_Malaysia	452	within_species_comparison	primary	ACG/ACG	T/T	99.000	PASS	35	ACG:35	9	26
SRR23343487	AD_Malaysia	452	within_species_comparison	primary	ACG/ACG	T/T	99.000	PASS	41	ACG:41	18	23
SRR23343488	AD_Malaysia	452	within_species_comparison	primary	ACG/ACG	T/T	99.000	PASS	35	ACG:35	15	20
SRR23343489	AD_Malaysia	452	within_species_comparison	primary	ACG/ACG	T/T	93.274	PASS	31	ACG:31	16	15
SRR23343490	AD_Malaysia	452	within_species_comparison	primary	ACG/ACG	T/T	51.150	PASS	17	ACG:17	7	10
SRR23343491	AD_Malaysia	452	within_species_comparison	primary	ACG/ACG	T/T	78.230	PASS	26	ACG:26	18	8
SRR23343492	AD_Malaysia	452	within_species_comparison	primary	ACG/ACG	T/T	84.248	PASS	28	ACG:28	11	17
SRR23343493	AD_Malaysia	452	within_species_comparison	primary	ACG/ACG	T/T	54.159	PASS	18	ACG:18	8	10
SRR23343494	AD_Malaysia	452	within_species_comparison	primary	ACG/ACG	T/T	66.195	PASS	22	ACG:22	11	11
SRR23343438	AD_Malaysia	474	secondary	primary	AAA/AAA	K/K	99.000	PASS	42	AAA:42	18	24
SRR23343439	AD_Malaysia	474	secondary	primary	AAA/AAA	K/K	99.000	PASS	33	AAA:33	13	20
SRR23343440	AD_Malaysia	474	secondary	primary	AAA/AAA	K/K	57.168	PASS	19	AAA:19	9	10
SRR23343441	AD_Malaysia	474	secondary	primary	AAA/AAA	K/K	69.204	PASS	23	AAA:23	11	12
SRR23343442	AD_Malaysia	474	secondary	primary	CAA/CAA	Q/Q	99.000	PASS	63	CAA:63	37	26
SRR23343443	AD_Malaysia	474	secondary	primary	CAA/CAA	Q/Q	66.195	PASS	22	CAA:22	10	12
SRR23343444	AD_Malaysia	474	secondary	primary	CAA/CAA	Q/Q	57.168	PASS	19	CAA:19	12	7
SRR23343445	AD_Malaysia	474	secondary	primary	CAA/CAA	Q/Q	99.000	PASS	42	CAA:42	18	24
SRR23343446	AD_Malaysia	474	secondary	primary	CAA/CAA	Q/Q	75.221	PASS	25	CAA:25	9	16
SRR23343447	AD_Malaysia	474	secondary	primary	CAA/CAA	Q/Q	99.000	PASS	33	CAA:33	17	16
SRR23343448	AD_Malaysia	474	secondary	primary	CAA/CAA	Q/Q	87.257	PASS	29	CAA:29	12	17
SRR23343449	AD_Malaysia	474	secondary	primary	AAA/AAA	K/K	66.195	PASS	22	AAA:22	11	11
SRR23343450	AD_Malaysia	474	secondary	primary	CAA/CAA	Q/Q	84.248	PASS	28	CAA:28	14	14
SRR23343451	AD_Malaysia	474	secondary	primary	CAA/CAA	Q/Q	87.257	PASS	29	CAA:29	16	13
SRR23343452	AD_Malaysia	474	secondary	primary	CAA/CAA	Q/Q	99.000	PASS	39	CAA:39	24	15
SRR23343453	AD_Malaysia	474	secondary	primary	CAA/CAA	Q/Q	48.142	PASS	16	CAA:16	13	3
SRR23343454	AD_Malaysia	474	secondary	primary	CAA/CAA	Q/Q	69.204	PASS	23	CAA:23	11	12
SRR23343455	AD_Malaysia	474	secondary	primary	CAA/CAA	Q/Q	9.027	low_depth;low_genotype_quality	3	CAA:3	1	2
SRR23343456	AD_Malaysia	474	secondary	primary	CAA/CAA	Q/Q	66.195	PASS	22	CAA:22	15	7
SRR23343457	AD_Malaysia	474	secondary	primary	CAA/CAA	Q/Q	84.248	PASS	28	CAA:28	20	8
SRR23343458	AD_Malaysia	474	secondary	primary	CAA/CAA	Q/Q	99.000	PASS	37	CAA:37	20	17
SRR23343459	AD_Malaysia	474	secondary	primary	CAA/CAA	Q/Q	66.195	PASS	22	CAA:22	15	7
SRR23343460	AD_Malaysia	474	secondary	primary	AAA/AAA	K/K	87.257	PASS	29	AAA:29	18	11
SRR23343461	AD_Malaysia	474	secondary	primary	CAA/CAA	Q/Q	90.266	PASS	30	CAA:30	20	10
SRR23343462	AD_Malaysia	474	secondary	primary	CAA/CAA	Q/Q	99.000	PASS	57	CAA:57	33	24
SRR23343463	AD_Malaysia	474	secondary	primary	CAA/CAA	Q/Q	99.000	PASS	36	CAA:36	21	15
SRR23343464	AD_Malaysia	474	secondary	primary	CAA/CAA	Q/Q	75.221	PASS	25	CAA:25	9	16
SRR23343465	AD_Malaysia	474	secondary	primary	CAA/CAA	Q/Q	66.195	PASS	22	CAA:22	10	12
SRR23343466	AD_Malaysia	474	secondary	primary	CAA/CAA	Q/Q	78.230	PASS	26	CAA:26	18	8
SRR23343467	AD_Malaysia	474	secondary	primary	CAA/CAA	Q/Q	93.274	PASS	31	CAA:31	21	10
SRR23343468	AD_Malaysia	474	secondary	primary	CAA/CAA	Q/Q	99.000	PASS	36	CAA:36	23	13
SRR23343469	AD_Malaysia	474	secondary	primary	CAA/CAA	Q/Q	96.283	PASS	32	CAA:32	22	10
SRR23343470	AD_Malaysia	474	secondary	primary	CAA/CAA	Q/Q	63.186	PASS	21	CAA:21	13	8
SRR23343471	AD_Malaysia	474	secondary	primary	AAA/AAA	K/K	57.168	PASS	19	AAA:19	7	12
SRR23343472	AD_Malaysia	474	secondary	primary	CAA/CAA	Q/Q	54.159	PASS	18	CAA:18	11	7
SRR23343473	AD_Malaysia	474	secondary	primary	CAA/CAA	Q/Q	99.000	PASS	67	CAA:67	34	33
SRR23343474	AD_Malaysia	474	secondary	primary	AAA/AAA	K/K	72.212	PASS	24	AAA:24	13	11
SRR23343475	AD_Malaysia	474	secondary	primary	AAA/AAA	K/K	99.000	PASS	35	AAA:35	19	16
SRR23343476	AD_Malaysia	474	secondary	primary	AAA/AAA	K/K	69.204	PASS	23	AAA:23	16	7
SRR23343477	AD_Malaysia	474	secondary	primary	AAA/AAA	K/K	99.000	PASS	34	AAA:34	21	13
SRR23343478	AD_Malaysia	474	secondary	primary	AAA/AAA	K/K	63.186	PASS	21	AAA:21	15	6
SRR23343479	AD_Malaysia	474	secondary	primary	AAA/AAA	K/K	75.221	PASS	25	AAA:25	14	11
SRR23343480	AD_Malaysia	474	secondary	primary	AAA/AAA	K/K	60.177	PASS	20	AAA:20	11	9
SRR23343481	AD_Malaysia	474	secondary	primary	AAA/AAA	K/K	45.133	PASS	15	AAA:15	9	6
SRR23343482	AD_Malaysia	474	secondary	primary	AAA/AAA	K/K	99.000	PASS	34	AAA:34	16	18
SRR23343483	AD_Malaysia	474	secondary	primary	AAA/AAA	K/K	93.274	PASS	31	AAA:31	17	14
SRR23343484	AD_Malaysia	474	secondary	primary	AAA/AAA	K/K	84.248	PASS	28	AAA:28	12	16
SRR23343485	AD_Malaysia	474	secondary	primary	AAA/AAA	K/K	90.266	PASS	30	AAA:30	16	14
SRR23343486	AD_Malaysia	474	secondary	primary	AAA/AAA	K/K	99.000	PASS	44	AAA:44	15	29
SRR23343487	AD_Malaysia	474	secondary	primary	AAA/AAA	K/K	99.000	PASS	35	AAA:35	16	19
SRR23343488	AD_Malaysia	474	secondary	primary	AAA/AAA	K/K	72.212	PASS	24	AAA:24	13	11
SRR23343489	AD_Malaysia	474	secondary	primary	AAA/AAA	K/K	78.230	PASS	26	AAA:26	8	18
SRR23343490	AD_Malaysia	474	secondary	primary	AAA/AAA	K/K	60.177	PASS	20	AAA:20	9	11
SRR23343491	AD_Malaysia	474	secondary	primary	AAA/AAA	K/K	78.230	PASS	26	AAA:26	14	12
SRR23343492	AD_Malaysia	474	secondary	primary	AAA/AAA	K/K	90.266	PASS	30	AAA:30	14	16
SRR23343493	AD_Malaysia	474	secondary	primary	AAA/AAA	K/K	54.159	PASS	18	AAA:18	11	7
SRR23343494	AD_Malaysia	474	secondary	primary	AAA/AAA	K/K	78.230	PASS	26	AAA:26	16	10
SRR23343438	AD_Malaysia	549	primary	primary	TTT/TTT	F/F	99.000	PASS	39	TTT:39	25	14
SRR23343439	AD_Malaysia	549	primary	primary	TTT/TTT	F/F	75.221	PASS	25	TTT:25	19	6
SRR23343440	AD_Malaysia	549	primary	primary	TTT/TTT	F/F	45.133	one_strand_only	15	TTT:15	15	0
SRR23343441	AD_Malaysia	549	primary	primary	TTT/TTT	F/F	66.195	PASS	22	TTT:22	11	11
SRR23343442	AD_Malaysia	549	primary	primary	TTG/TTG	L/L	99.000	PASS	43	TTG:43	26	17
SRR23343443	AD_Malaysia	549	primary	primary	TTG/TTG	L/L	66.195	PASS	22	TTG:22	9	13
SRR23343444	AD_Malaysia	549	primary	primary	TTG/TTG	L/L	51.150	PASS	17	TTG:17	10	7
SRR23343445	AD_Malaysia	549	primary	primary	TTG/TTG	L/L	99.000	PASS	35	TTG:35	20	15
SRR23343446	AD_Malaysia	549	primary	primary	TTG/TTG	L/L	84.248	PASS	28	TTG:28	12	16
SRR23343447	AD_Malaysia	549	primary	primary	TTG/TTG	L/L	75.221	PASS	25	TTG:25	15	10
SRR23343448	AD_Malaysia	549	primary	primary	TTG/TTG	L/L	72.212	PASS	24	TTG:24	9	15
SRR23343449	AD_Malaysia	549	primary	primary	TTT/TTT	F/F	69.204	PASS	23	TTT:23	12	11
SRR23343450	AD_Malaysia	549	primary	primary	TTG/TTG	L/L	99.000	PASS	38	TTG:38	13	25
SRR23343451	AD_Malaysia	549	primary	primary	TTG/TTG	L/L	37.446	PASS	24	TAG:1;TTG:23	19	5
SRR23343452	AD_Malaysia	549	primary	primary	TTG/TTG	L/L	87.257	PASS	29	TTG:29	19	10
SRR23343453	AD_Malaysia	549	primary	primary	TTG/TTG	L/L	51.150	PASS	17	TTG:17	11	6
SRR23343454	AD_Malaysia	549	primary	primary	TTG/TTG	L/L	75.221	PASS	25	TTG:25	12	13
SRR23343455	AD_Malaysia	549	primary	primary	TTG/TTG	L/L	21.062	low_depth;low_genotype_quality	7	TTG:7	4	3
SRR23343456	AD_Malaysia	549	primary	primary	TTG/TTG	L/L	69.204	PASS	23	TTG:23	13	10
SRR23343457	AD_Malaysia	549	primary	primary	TTG/TTG	L/L	99.000	PASS	33	TTG:33	23	10
SRR23343458	AD_Malaysia	549	primary	primary	TTG/TTG	L/L	99.000	PASS	38	TTG:38	15	23
SRR23343459	AD_Malaysia	549	primary	primary	TTG/TTG	L/L	63.186	PASS	21	TTG:21	8	13
SRR23343460	AD_Malaysia	549	primary	primary	TTT/TTT	F/F	19.392	low_genotype_quality	18	TTG:1;TTT:17	17	1
SRR23343461	AD_Malaysia	549	primary	primary	TTG/TTG	L/L	60.177	PASS	20	TTG:20	13	7
SRR23343462	AD_Malaysia	549	primary	primary	TTG/TTG	L/L	81.239	PASS	27	TTG:27	16	11
SRR23343463	AD_Malaysia	549	primary	primary	TTG/TTG	L/L	75.221	PASS	25	TTG:25	14	11
SRR23343464	AD_Malaysia	549	primary	primary	TTG/TTG	L/L	84.248	PASS	28	TTG:28	17	11
SRR23343465	AD_Malaysia	549	primary	primary	TTG/TTG	L/L	72.212	PASS	24	TTG:24	12	12
SRR23343466	AD_Malaysia	549	primary	primary	TTG/TTG	L/L	72.212	PASS	24	TTG:24	11	13
SRR23343467	AD_Malaysia	549	primary	primary	TTG/TTG	L/L	75.221	PASS	25	TTG:25	9	16
SRR23343468	AD_Malaysia	549	primary	primary	TTG/TTG	L/L	54.159	PASS	18	TTG:18	9	9
SRR23343469	AD_Malaysia	549	primary	primary	TTG/TTG	L/L	72.212	PASS	24	TTG:24	9	15
SRR23343470	AD_Malaysia	549	primary	primary	TTG/TTG	L/L	66.195	PASS	22	TTG:22	11	11
SRR23343471	AD_Malaysia	549	primary	primary	TTT/TTT	F/F	39.115	PASS	13	TTT:13	9	4
SRR23343472	AD_Malaysia	549	primary	primary	TTG/TTG	L/L	51.150	PASS	17	TTG:17	10	7
SRR23343473	AD_Malaysia	549	primary	primary	TTG/TTG	L/L	99.000	PASS	55	TTG:55	29	26
SRR23343474	AD_Malaysia	549	primary	primary	TTT/TTT	F/F	48.142	PASS	16	TTT:16	13	3
SRR23343475	AD_Malaysia	549	primary	primary	TTT/TTT	F/F	57.168	PASS	19	TTT:19	11	8
SRR23343476	AD_Malaysia	549	primary	primary	TTT/TTT	F/F	63.186	PASS	21	TTT:21	15	6
SRR23343477	AD_Malaysia	549	primary	primary	TTT/TTT	F/F	72.212	PASS	24	TTT:24	16	8
SRR23343478	AD_Malaysia	549	primary	primary	TTT/TTT	F/F	48.142	PASS	16	TTT:16	12	4
SRR23343479	AD_Malaysia	549	primary	primary	TTT/TTT	F/F	96.283	PASS	32	TTT:32	17	15
SRR23343480	AD_Malaysia	549	primary	primary	TTT/TTT	F/F	45.133	PASS	15	TTT:15	9	6
SRR23343481	AD_Malaysia	549	primary	primary	TTT/TTT	F/F	36.106	PASS	12	TTT:12	10	2
SRR23343482	AD_Malaysia	549	primary	primary	TTT/TTT	F/F	84.248	PASS	28	TTT:28	15	13
SRR23343483	AD_Malaysia	549	primary	primary	TTT/TTT	F/F	75.221	PASS	25	TTT:25	19	6
SRR23343484	AD_Malaysia	549	primary	primary	TTT/TTT	F/F	99.000	PASS	36	TTT:36	25	11
SRR23343485	AD_Malaysia	549	primary	primary	TTT/TTT	F/F	66.195	PASS	22	TTT:22	12	10
SRR23343486	AD_Malaysia	549	primary	primary	TTT/TTT	F/F	99.000	PASS	35	TTT:35	21	14
SRR23343487	AD_Malaysia	549	primary	primary	TTT/TTT	F/F	99.000	PASS	34	TTT:34	20	14
SRR23343488	AD_Malaysia	549	primary	primary	TTT/TTT	F/F	81.239	PASS	27	TTT:27	15	12
SRR23343489	AD_Malaysia	549	primary	primary	TTT/TTT	F/F	81.239	PASS	27	TTT:27	21	6
SRR23343490	AD_Malaysia	549	primary	primary	TTT/TTT	F/F	78.230	PASS	26	TTT:26	17	9
SRR23343491	AD_Malaysia	549	primary	primary	TTT/TTT	F/F	66.195	PASS	22	TTT:22	12	10
SRR23343492	AD_Malaysia	549	primary	primary	TTT/TTT	F/F	51.150	PASS	17	TTT:17	11	6
SRR23343493	AD_Malaysia	549	primary	primary	TTT/TTT	F/F	54.159	PASS	18	TTT:18	11	7
SRR23343494	AD_Malaysia	549	primary	primary	TTT/TTT	F/F	87.257	PASS	29	TTT:29	16	13
SRR23343438	AD_Malaysia	717	secondary	primary	ACT/ACT	T/T	72.212	PASS	24	ACT:24	11	13
SRR23343439	AD_Malaysia	717	secondary	primary	ACT/ACT	T/T	75.221	PASS	25	ACT:25	11	14
SRR23343440	AD_Malaysia	717	secondary	primary	ACT/ACT	T/T	54.159	PASS	18	ACT:18	7	11
SRR23343441	AD_Malaysia	717	secondary	primary	ACT/ACT	T/T	54.159	PASS	18	ACT:18	8	10
SRR23343442	AD_Malaysia	717	secondary	primary	GCT/GCT	A/A	99.000	PASS	42	GCT:42	20	22
SRR23343443	AD_Malaysia	717	secondary	primary	GCT/GCT	A/A	57.168	PASS	19	GCT:19	9	10
SRR23343444	AD_Malaysia	717	secondary	primary	GCT/GCT	A/A	48.142	PASS	16	GCT:16	3	13
SRR23343445	AD_Malaysia	717	secondary	primary	GCT/GCT	A/A	93.274	PASS	31	GCT:31	11	20
SRR23343446	AD_Malaysia	717	secondary	primary	GCT/GCT	A/A	48.142	PASS	16	GCT:16	8	8
SRR23343447	AD_Malaysia	717	secondary	primary	GCT/GCT	A/A	78.230	PASS	26	GCT:26	10	16
SRR23343448	AD_Malaysia	717	secondary	primary	GCT/GCT	A/A	36.106	PASS	12	GCT:12	5	7
SRR23343449	AD_Malaysia	717	secondary	primary	ACT/ACT	T/T	39.115	PASS	13	ACT:13	5	8
SRR23343450	AD_Malaysia	717	secondary	primary	GCT/GCT	A/A	54.159	PASS	18	GCT:18	8	10
SRR23343451	AD_Malaysia	717	secondary	primary	GCT/GCT	A/A	60.177	PASS	20	GCT:20	5	15
SRR23343452	AD_Malaysia	717	secondary	primary	GCT/GCT	A/A	81.239	PASS	27	GCT:27	12	15
SRR23343453	AD_Malaysia	717	secondary	primary	GCT/GCT	A/A	51.150	PASS	17	GCT:17	4	13
SRR23343454	AD_Malaysia	717	secondary	primary	GCT/GCT	A/A	69.204	PASS	23	GCT:23	13	10
SRR23343455	AD_Malaysia	717	secondary	primary	GCT/GCT	A/A	3.009	low_depth;low_genotype_quality;one_strand_only	1	GCT:1	0	1
SRR23343456	AD_Malaysia	717	secondary	primary	GCT/GCT	A/A	60.177	PASS	20	GCT:20	4	16
SRR23343457	AD_Malaysia	717	secondary	primary	GCT/GCT	A/A	51.150	PASS	17	GCT:17	5	12
SRR23343458	AD_Malaysia	717	secondary	primary	GCT/GCT	A/A	69.204	PASS	23	GCT:23	10	13
SRR23343459	AD_Malaysia	717	secondary	primary	GCT/GCT	A/A	30.089	PASS	10	GCT:10	4	6
SRR23343460	AD_Malaysia	717	secondary	primary	ACT/ACT	T/T	57.168	PASS	19	ACT:19	10	9
SRR23343461	AD_Malaysia	717	secondary	primary	GCT/GCT	A/A	48.142	PASS	16	GCT:16	4	12
SRR23343462	AD_Malaysia	717	secondary	primary	GCT/GCT	A/A	99.000	PASS	39	GCT:39	14	25
SRR23343463	AD_Malaysia	717	secondary	primary	GCT/GCT	A/A	36.106	PASS	12	GCT:12	5	7
SRR23343464	AD_Malaysia	717	secondary	primary	GCT/GCT	A/A	51.150	PASS	17	GCT:17	5	12
SRR23343465	AD_Malaysia	717	secondary	primary	GCT/GCT	A/A	51.150	PASS	17	GCT:17	5	12
SRR23343466	AD_Malaysia	717	secondary	primary	GCT/GCT	A/A	51.150	PASS	17	GCT:17	6	11
SRR23343467	AD_Malaysia	717	secondary	primary	GCT/GCT	A/A	54.159	PASS	18	GCT:18	6	12
SRR23343468	AD_Malaysia	717	secondary	primary	GCT/GCT	A/A	57.168	PASS	19	GCT:19	8	11
SRR23343469	AD_Malaysia	717	secondary	primary	GCT/GCT	A/A	51.150	PASS	17	GCT:17	8	9
SRR23343470	AD_Malaysia	717	secondary	primary	GCT/GCT	A/A	42.124	PASS	14	GCT:14	7	7
SRR23343471	AD_Malaysia	717	secondary	primary	ACT/ACT	T/T	48.142	PASS	16	ACT:16	7	9
SRR23343472	AD_Malaysia	717	secondary	primary	GCT/GCT	A/A	78.230	PASS	26	GCT:26	8	18
SRR23343473	AD_Malaysia	717	secondary	primary	GCT/GCT	A/A	99.000	PASS	42	GCT:42	12	30
SRR23343474	AD_Malaysia	717	secondary	primary	ACT/ACT	T/T	51.150	PASS	17	ACT:17	8	9
SRR23343475	AD_Malaysia	717	secondary	primary	ACT/ACT	T/T	93.274	PASS	31	ACT:31	22	9
SRR23343476	AD_Malaysia	717	secondary	primary	ACT/ACT	T/T	30.089	PASS	10	ACT:10	5	5
SRR23343477	AD_Malaysia	717	secondary	primary	ACT/ACT	T/T	84.248	PASS	28	ACT:28	10	18
SRR23343478	AD_Malaysia	717	secondary	primary	ACT/ACT	T/T	75.221	PASS	25	ACT:25	6	19
SRR23343479	AD_Malaysia	717	secondary	primary	ACT/ACT	T/T	75.221	PASS	25	ACT:25	9	16
SRR23343480	AD_Malaysia	717	secondary	primary	ACT/ACT	T/T	78.230	PASS	26	ACT:26	11	15
SRR23343481	AD_Malaysia	717	secondary	primary	ACT/ACT	T/T	78.230	PASS	26	ACT:26	8	18
SRR23343482	AD_Malaysia	717	secondary	primary	ACT/ACT	T/T	66.195	PASS	22	ACT:22	8	14
SRR23343483	AD_Malaysia	717	secondary	primary	ACT/ACT	T/T	84.248	PASS	28	ACT:28	10	18
SRR23343484	AD_Malaysia	717	secondary	primary	ACT/ACT	T/T	42.124	PASS	14	ACT:14	7	7
SRR23343485	AD_Malaysia	717	secondary	primary	ACT/ACT	T/T	81.239	PASS	27	ACT:27	10	17
SRR23343486	AD_Malaysia	717	secondary	primary	ACT/ACT	T/T	75.221	PASS	25	ACT:25	11	14
SRR23343487	AD_Malaysia	717	secondary	primary	ACT/ACT	T/T	69.204	PASS	23	ACT:23	6	17
SRR23343488	AD_Malaysia	717	secondary	primary	ACT/ACT	T/T	72.212	PASS	24	ACT:24	11	13
SRR23343489	AD_Malaysia	717	secondary	primary	ACT/ACT	T/T	60.177	PASS	20	ACT:20	6	14
SRR23343490	AD_Malaysia	717	secondary	primary	ACT/ACT	T/T	39.115	PASS	13	ACT:13	4	9
SRR23343491	AD_Malaysia	717	secondary	primary	ACT/ACT	T/T	57.168	PASS	19	ACT:19	5	14
SRR23343492	AD_Malaysia	717	secondary	primary	ACT/ACT	T/T	75.221	PASS	25	ACT:25	7	18
SRR23343493	AD_Malaysia	717	secondary	primary	ACT/ACT	T/T	66.195	PASS	22	ACT:22	10	12
SRR23343494	AD_Malaysia	717	secondary	primary	ACT/ACT	T/T	72.212	PASS	24	ACT:24	8	16
SRR23343438	AD_Malaysia	727	secondary	primary	GTT/GTT	V/V	99.000	PASS	39	GTT:39	21	18
SRR23343439	AD_Malaysia	727	secondary	primary	GTT/GTT	V/V	87.257	PASS	29	GTT:29	17	12
SRR23343440	AD_Malaysia	727	secondary	primary	GTT/GTT	V/V	81.239	PASS	27	GTT:27	11	16
SRR23343441	AD_Malaysia	727	secondary	primary	GTT/GTT	V/V	72.212	PASS	24	GTT:24	12	12
SRR23343442	AD_Malaysia	727	secondary	primary	GCT/GCT	A/A	87.257	PASS	29	GCT:29	18	11
SRR23343443	AD_Malaysia	727	secondary	primary	GCT/GCT	A/A	42.124	PASS	14	GCT:14	6	8
SRR23343444	AD_Malaysia	727	secondary	primary	GCT/GCT	A/A	66.195	PASS	22	GCT:22	18	4
SRR23343445	AD_Malaysia	727	secondary	primary	GCT/GCT	A/A	99.000	PASS	34	GCT:34	15	19
SRR23343446	AD_Malaysia	727	secondary	primary	GCT/GCT	A/A	75.221	PASS	25	GCT:25	13	12
SRR23343447	AD_Malaysia	727	secondary	primary	GCT/GCT	A/A	78.230	PASS	26	GCT:26	12	14
SRR23343448	AD_Malaysia	727	secondary	primary	GCT/GCT	A/A	60.177	PASS	20	GCT:20	8	12
SRR23343449	AD_Malaysia	727	secondary	primary	GTT/GTT	V/V	69.204	PASS	23	GTT:23	10	13
SRR23343450	AD_Malaysia	727	secondary	primary	GCT/GCT	A/A	72.212	PASS	24	GCT:24	11	13
SRR23343451	AD_Malaysia	727	secondary	primary	GCT/GCT	A/A	72.212	PASS	24	GCT:24	17	7
SRR23343452	AD_Malaysia	727	secondary	primary	GCT/GCT	A/A	99.000	PASS	39	GCT:39	25	14
SRR23343453	AD_Malaysia	727	secondary	primary	GCT/GCT	A/A	24.071	low_depth;low_genotype_quality	8	GCT:8	6	2
SRR23343454	AD_Malaysia	727	secondary	primary	GCT/GCT	A/A	54.159	PASS	18	GCT:18	11	7
SRR23343455	AD_Malaysia	727	secondary	primary	GCT/GCT	A/A	15.044	low_depth;low_genotype_quality	5	GCT:5	1	4
SRR23343456	AD_Malaysia	727	secondary	primary	GCT/GCT	A/A	66.195	PASS	22	GCT:22	12	10
SRR23343457	AD_Malaysia	727	secondary	primary	GCT/GCT	A/A	81.239	PASS	27	GCT:27	13	14
SRR23343458	AD_Malaysia	727	secondary	primary	GCT/GCT	A/A	75.221	PASS	25	GCT:25	10	15
SRR23343459	AD_Malaysia	727	secondary	primary	GCT/GCT	A/A	54.159	PASS	18	GCT:18	10	8
SRR23343460	AD_Malaysia	727	secondary	primary	GTT/GTT	V/V	66.195	PASS	22	GTT:22	9	13
SRR23343461	AD_Malaysia	727	secondary	primary	GCT/GCT	A/A	93.274	PASS	31	GCT:31	17	14
SRR23343462	AD_Malaysia	727	secondary	primary	GCT/GCT	A/A	99.000	PASS	34	GCT:34	23	11
SRR23343463	AD_Malaysia	727	secondary	primary	GCT/GCT	A/A	43.463	PASS	26	GCC:1;GCT:25	12	14
SRR23343464	AD_Malaysia	727	secondary	primary	GCT/GCT	A/A	87.257	PASS	29	GCT:29	17	12
SRR23343465	AD_Malaysia	727	secondary	primary	GCT/GCT	A/A	57.168	PASS	19	GCT:19	15	4
SRR23343466	AD_Malaysia	727	secondary	primary	GCT/GCT	A/A	51.150	PASS	17	GCT:17	12	5
SRR23343467	AD_Malaysia	727	secondary	primary	GCT/GCT	A/A	51.150	PASS	17	GCT:17	11	6
SRR23343468	AD_Malaysia	727	secondary	primary	GCT/GCT	A/A	66.195	PASS	22	GCT:22	9	13
SRR23343469	AD_Malaysia	727	secondary	primary	GCT/GCT	A/A	81.239	PASS	27	GCT:27	16	11
SRR23343470	AD_Malaysia	727	secondary	primary	GCT/GCT	A/A	57.168	PASS	19	GCT:19	12	7
SRR23343471	AD_Malaysia	727	secondary	primary	GTT/GTT	V/V	90.266	PASS	30	GTT:30	14	16
SRR23343472	AD_Malaysia	727	secondary	primary	GCT/GCT	A/A	93.274	PASS	31	GCT:31	17	14
SRR23343473	AD_Malaysia	727	secondary	primary	GCT/GCT	A/A	99.000	PASS	45	GCT:45	27	18
SRR23343474	AD_Malaysia	727	secondary	primary	GTT/GTT	V/V	51.150	PASS	17	GTT:17	9	8
SRR23343475	AD_Malaysia	727	secondary	primary	GTT/GTT	V/V	48.142	PASS	16	GTT:16	11	5
SRR23343476	AD_Malaysia	727	secondary	primary	GTT/GTT	V/V	54.159	PASS	18	GTT:18	9	9
SRR23343477	AD_Malaysia	727	secondary	primary	GTT/GTT	V/V	93.274	PASS	31	GTT:31	15	16
SRR23343478	AD_Malaysia	727	secondary	primary	GTT/GTT	V/V	66.195	PASS	22	GTT:22	14	8
SRR23343479	AD_Malaysia	727	secondary	primary	GTT/GTT	V/V	45.133	PASS	15	GTT:15	7	8
SRR23343480	AD_Malaysia	727	secondary	primary	GTT/GTT	V/V	72.212	PASS	24	GTT:24	12	12
SRR23343481	AD_Malaysia	727	secondary	primary	GTT/GTT	V/V	87.257	PASS	29	GTT:29	12	17
SRR23343482	AD_Malaysia	727	secondary	primary	GTT/GTT	V/V	87.257	PASS	29	GTT:29	17	12
SRR23343483	AD_Malaysia	727	secondary	primary	GTT/GTT	V/V	81.239	PASS	27	GTT:27	14	13
SRR23343484	AD_Malaysia	727	secondary	primary	GTT/GTT	V/V	69.204	PASS	23	GTT:23	7	16
SRR23343485	AD_Malaysia	727	secondary	primary	GTT/GTT	V/V	57.168	PASS	19	GTT:19	8	11
SRR23343486	AD_Malaysia	727	secondary	primary	GTT/GTT	V/V	78.230	PASS	26	GTT:26	8	18
SRR23343487	AD_Malaysia	727	secondary	primary	GTT/GTT	V/V	99.000	PASS	33	GTT:33	17	16
SRR23343488	AD_Malaysia	727	secondary	primary	GTT/GTT	V/V	54.159	PASS	18	GTT:18	11	7
SRR23343489	AD_Malaysia	727	secondary	primary	GTT/GTT	V/V	90.266	PASS	30	GTT:30	18	12
SRR23343490	AD_Malaysia	727	secondary	primary	GTT/GTT	V/V	63.186	PASS	21	GTT:21	9	12
SRR23343491	AD_Malaysia	727	secondary	primary	GTT/GTT	V/V	57.168	PASS	19	GTT:19	12	7
SRR23343492	AD_Malaysia	727	secondary	primary	GTT/GTT	V/V	84.248	PASS	28	GTT:28	10	18
SRR23343493	AD_Malaysia	727	secondary	primary	GTT/GTT	V/V	51.150	PASS	17	GTT:17	12	5
SRR23343494	AD_Malaysia	727	secondary	primary	GTT/GTT	V/V	66.195	PASS	22	GTT:22	9	13
SRR23343438	AD_Malaysia	766	secondary	primary	TTT/TTT	F/F	99.000	PASS	43	TTT:43	25	18
SRR23343439	AD_Malaysia	766	secondary	primary	TTT/TTT	F/F	99.000	PASS	37	TTT:37	19	18
SRR23343440	AD_Malaysia	766	secondary	primary	TTT/TTT	F/F	90.266	PASS	30	TTT:30	18	12
SRR23343441	AD_Malaysia	766	secondary	primary	TTT/TTT	F/F	60.177	PASS	20	TTT:20	11	9
SRR23343442	AD_Malaysia	766	secondary	primary	CTC/CTC	L/L	99.000	PASS	46	CTC:46	27	19
SRR23343443	AD_Malaysia	766	secondary	primary	CTC/CTC	L/L	84.248	PASS	28	CTC:28	13	15
SRR23343444	AD_Malaysia	766	secondary	primary	CTC/CTC	L/L	39.115	PASS	13	CTC:13	7	6
SRR23343445	AD_Malaysia	766	secondary	primary	CTC/CTC	L/L	99.000	PASS	42	CTC:42	21	21
SRR23343446	AD_Malaysia	766	secondary	primary	CTC/CTC	L/L	81.239	PASS	27	CTC:27	11	16
SRR23343447	AD_Malaysia	766	secondary	primary	CTC/CTC	L/L	99.000	PASS	37	CTC:37	22	15
SRR23343448	AD_Malaysia	766	secondary	primary	CTC/CTC	L/L	75.221	PASS	25	CTC:25	16	9
SRR23343449	AD_Malaysia	766	secondary	primary	TTT/TTT	F/F	78.230	PASS	26	TTT:26	16	10
SRR23343450	AD_Malaysia	766	secondary	primary	CTC/CTC	L/L	96.283	PASS	32	CTC:32	16	16
SRR23343451	AD_Malaysia	766	secondary	primary	CTC/CTC	L/L	63.186	PASS	21	CTC:21	13	8
SRR23343452	AD_Malaysia	766	secondary	primary	CTC/CTC	L/L	99.000	PASS	33	CTC:33	17	16
SRR23343453	AD_Malaysia	766	secondary	primary	CTC/CTC	L/L	57.168	PASS	19	CTC:19	12	7
SRR23343454	AD_Malaysia	766	secondary	primary	CTC/CTC	L/L	48.142	PASS	16	CTC:16	7	9
SRR23343455	AD_Malaysia	766	secondary	primary	CTC/CTC	L/L	18.053	low_depth;low_genotype_quality;one_strand_only	6	CTC:6	0	6
SRR23343456	AD_Malaysia	766	secondary	primary	CTC/CTC	L/L	99.000	PASS	37	CTC:37	16	21
SRR23343457	AD_Malaysia	766	secondary	primary	CTC/CTC	L/L	99.000	PASS	34	CTC:34	14	20
SRR23343458	AD_Malaysia	766	secondary	primary	CTC/CTC	L/L	99.000	PASS	41	CTC:41	18	23
SRR23343459	AD_Malaysia	766	secondary	primary	CTC/CTC	L/L	81.239	PASS	27	CTC:27	10	17
SRR23343460	AD_Malaysia	766	secondary	primary	TTT/TTT	F/F	72.212	PASS	24	TTT:24	10	14
SRR23343461	AD_Malaysia	766	secondary	primary	CTC/CTC	L/L	99.000	PASS	33	CTC:33	22	11
SRR23343462	AD_Malaysia	766	secondary	primary	CTC/CTC	L/L	99.000	PASS	47	CTC:47	21	26
SRR23343463	AD_Malaysia	766	secondary	primary	CTC/CTC	L/L	99.000	PASS	37	CTC:37	19	18
SRR23343464	AD_Malaysia	766	secondary	primary	CTC/CTC	L/L	87.257	PASS	29	CTC:29	16	13
SRR23343465	AD_Malaysia	766	secondary	primary	CTC/CTC	L/L	42.124	PASS	14	CTC:14	6	8
SRR23343466	AD_Malaysia	766	secondary	primary	CTC/CTC	L/L	57.168	PASS	19	CTC:19	12	7
SRR23343467	AD_Malaysia	766	secondary	primary	CTC/CTC	L/L	60.177	PASS	20	CTC:20	12	8
SRR23343468	AD_Malaysia	766	secondary	primary	CTC/CTC	L/L	93.274	PASS	31	CTC:31	19	12
SRR23343469	AD_Malaysia	766	secondary	primary	CTC/CTC	L/L	75.221	PASS	25	CTC:25	15	10
SRR23343470	AD_Malaysia	766	secondary	primary	CTC/TTT	F/L	12.338	low_genotype_quality;heterozygote_balance	19	CTC:18;TTT:1	9	10
SRR23343471	AD_Malaysia	766	secondary	primary	TTT/TTT	F/F	57.168	PASS	19	TTT:19	9	10
SRR23343472	AD_Malaysia	766	secondary	primary	CTC/CTC	L/L	87.257	PASS	29	CTC:29	15	14
SRR23343473	AD_Malaysia	766	secondary	primary	CTC/CTC	L/L	99.000	PASS	52	CTC:52	33	19
SRR23343474	AD_Malaysia	766	secondary	primary	TTT/TTT	F/F	75.221	PASS	25	TTT:25	14	11
SRR23343475	AD_Malaysia	766	secondary	primary	TTT/TTT	F/F	75.221	PASS	25	TTT:25	10	15
SRR23343476	AD_Malaysia	766	secondary	primary	TTT/TTT	F/F	63.186	PASS	21	TTT:21	5	16
SRR23343477	AD_Malaysia	766	secondary	primary	TTT/TTT	F/F	99.000	PASS	33	TTT:33	20	13
SRR23343478	AD_Malaysia	766	secondary	primary	TTT/TTT	F/F	75.221	PASS	25	TTT:25	9	16
SRR23343479	AD_Malaysia	766	secondary	primary	TTT/TTT	F/F	78.230	PASS	26	TTT:26	20	6
SRR23343480	AD_Malaysia	766	secondary	primary	TTT/TTT	F/F	84.248	PASS	28	TTT:28	12	16
SRR23343481	AD_Malaysia	766	secondary	primary	TTT/TTT	F/F	90.266	PASS	30	TTT:30	17	13
SRR23343482	AD_Malaysia	766	secondary	primary	TTT/TTT	F/F	84.248	PASS	28	TTT:28	13	15
SRR23343483	AD_Malaysia	766	secondary	primary	TTT/TTT	F/F	84.248	PASS	28	TTT:28	17	11
SRR23343484	AD_Malaysia	766	secondary	primary	TTT/TTT	F/F	96.283	PASS	32	TTT:32	11	21
SRR23343485	AD_Malaysia	766	secondary	primary	TTT/TTT	F/F	63.186	PASS	21	TTT:21	10	11
SRR23343486	AD_Malaysia	766	secondary	primary	TTT/TTT	F/F	72.212	PASS	24	TTT:24	12	12
SRR23343487	AD_Malaysia	766	secondary	primary	TTT/TTT	F/F	93.274	PASS	31	TTT:31	16	15
SRR23343488	AD_Malaysia	766	secondary	primary	TTT/TTT	F/F	78.230	PASS	26	TTT:26	16	10
SRR23343489	AD_Malaysia	766	secondary	primary	TTT/TTT	F/F	87.257	PASS	29	TTT:29	15	14
SRR23343490	AD_Malaysia	766	secondary	primary	TTT/TTT	F/F	78.230	PASS	26	TTT:26	11	15
SRR23343491	AD_Malaysia	766	secondary	primary	TTT/TTT	F/F	78.230	PASS	26	TTT:26	16	10
SRR23343492	AD_Malaysia	766	secondary	primary	TTT/TTT	F/F	87.257	PASS	29	TTT:29	18	11
SRR23343493	AD_Malaysia	766	secondary	primary	TTT/TTT	F/F	22.401	low_genotype_quality	19	TAT:1;TTT:18	9	10
SRR23343494	AD_Malaysia	766	secondary	primary	TTT/TTT	F/F	99.000	PASS	42	TTT:42	21	21
SRR23343438	AD_Malaysia	822	within_species_comparison	primary	ATA/ATA	I/I	99.000	PASS	50	ATA:50	23	27
SRR23343439	AD_Malaysia	822	within_species_comparison	primary	ATA/ATA	I/I	99.000	PASS	34	ATA:34	12	22
SRR23343440	AD_Malaysia	822	within_species_comparison	primary	ATA/ATA	I/I	93.274	PASS	31	ATA:31	12	19
SRR23343441	AD_Malaysia	822	within_species_comparison	primary	ATA/ATA	I/I	72.212	PASS	24	ATA:24	14	10
SRR23343442	AD_Malaysia	822	within_species_comparison	primary	ATA/ATA	I/I	99.000	PASS	48	ATA:48	23	25
SRR23343443	AD_Malaysia	822	within_species_comparison	primary	ATA/ATA	I/I	81.239	PASS	27	ATA:27	11	16
SRR23343444	AD_Malaysia	822	within_species_comparison	primary	ATA/ATA	I/I	57.168	PASS	19	ATA:19	7	12
SRR23343445	AD_Malaysia	822	within_species_comparison	primary	ATA/ATA	I/I	99.000	PASS	48	ATA:48	25	23
SRR23343446	AD_Malaysia	822	within_species_comparison	primary	ATA/ATA	I/I	75.221	PASS	25	ATA:25	14	11
SRR23343447	AD_Malaysia	822	within_species_comparison	primary	ATA/ATA	I/I	99.000	PASS	41	ATA:41	19	22
SRR23343448	AD_Malaysia	822	within_species_comparison	primary	ATA/ATA	I/I	84.248	PASS	28	ATA:28	12	16
SRR23343449	AD_Malaysia	822	within_species_comparison	primary	ATA/ATA	I/I	63.186	PASS	21	ATA:21	10	11
SRR23343450	AD_Malaysia	822	within_species_comparison	primary	ATA/ATA	I/I	99.000	PASS	34	ATA:34	12	22
SRR23343451	AD_Malaysia	822	within_species_comparison	primary	ATA/ATA	I/I	63.186	PASS	21	ATA:21	8	13
SRR23343452	AD_Malaysia	822	within_species_comparison	primary	ATA/ATA	I/I	99.000	PASS	35	ATA:35	18	17
SRR23343453	AD_Malaysia	822	within_species_comparison	primary	ATA/ATA	I/I	57.168	PASS	19	ATA:19	5	14
SRR23343454	AD_Malaysia	822	within_species_comparison	primary	ATA/ATA	I/I	78.230	PASS	26	ATA:26	8	18
SRR23343455	AD_Malaysia	822	within_species_comparison	primary	ATA/ATA	I/I	3.009	low_depth;low_genotype_quality;one_strand_only	1	ATA:1	1	0
SRR23343456	AD_Malaysia	822	within_species_comparison	primary	ATA/ATA	I/I	99.000	PASS	37	ATA:37	15	22
SRR23343457	AD_Malaysia	822	within_species_comparison	primary	ATA/ATA	I/I	93.274	PASS	31	ATA:31	18	13
SRR23343458	AD_Malaysia	822	within_species_comparison	primary	ATA/ATA	I/I	99.000	PASS	42	ATA:42	20	22
SRR23343459	AD_Malaysia	822	within_species_comparison	primary	ATA/ATA	I/I	75.221	PASS	25	ATA:25	13	12
SRR23343460	AD_Malaysia	822	within_species_comparison	primary	ATA/ATA	I/I	87.257	PASS	29	ATA:29	15	14
SRR23343461	AD_Malaysia	822	within_species_comparison	primary	ATA/ATA	I/I	99.000	PASS	34	ATA:34	17	17
SRR23343462	AD_Malaysia	822	within_species_comparison	primary	ATA/ATA	I/I	99.000	PASS	52	ATA:52	26	26
SRR23343463	AD_Malaysia	822	within_species_comparison	primary	ATA/ATA	I/I	99.000	PASS	36	ATA:36	17	19
SRR23343464	AD_Malaysia	822	within_species_comparison	primary	ATA/ATA	I/I	99.000	PASS	42	ATA:42	18	24
SRR23343465	AD_Malaysia	822	within_species_comparison	primary	ATA/ATA	I/I	78.230	PASS	26	ATA:26	15	11
SRR23343466	AD_Malaysia	822	within_species_comparison	primary	ATA/ATA	I/I	51.150	PASS	17	ATA:17	7	10
SRR23343467	AD_Malaysia	822	within_species_comparison	primary	ATA/ATA	I/I	72.212	PASS	24	ATA:24	8	16
SRR23343468	AD_Malaysia	822	within_species_comparison	primary	ATA/ATA	I/I	87.257	PASS	29	ATA:29	10	19
SRR23343469	AD_Malaysia	822	within_species_comparison	primary	ATA/ATA	I/I	99.000	PASS	34	ATA:34	15	19
SRR23343470	AD_Malaysia	822	within_species_comparison	primary	ATA/ATA	I/I	75.221	PASS	25	ATA:25	13	12
SRR23343471	AD_Malaysia	822	within_species_comparison	primary	ATA/ATA	I/I	78.230	PASS	26	ATA:26	18	8
SRR23343472	AD_Malaysia	822	within_species_comparison	primary	ATA/ATA	I/I	69.204	PASS	23	ATA:23	12	11
SRR23343473	AD_Malaysia	822	within_species_comparison	primary	ATA/ATA	I/I	99.000	PASS	64	ATA:64	26	38
SRR23343474	AD_Malaysia	822	within_species_comparison	primary	ATA/ATA	I/I	96.283	PASS	32	ATA:32	16	16
SRR23343475	AD_Malaysia	822	within_species_comparison	primary	ATA/ATA	I/I	99.000	PASS	35	ATA:35	8	27
SRR23343476	AD_Malaysia	822	within_species_comparison	primary	ATA/ATA	I/I	51.150	PASS	17	ATA:17	6	11
SRR23343477	AD_Malaysia	822	within_species_comparison	primary	ATA/ATA	I/I	99.000	PASS	33	ATA:33	15	18
SRR23343478	AD_Malaysia	822	within_species_comparison	primary	ATA/ATA	I/I	96.283	PASS	32	ATA:32	16	16
SRR23343479	AD_Malaysia	822	within_species_comparison	primary	ATA/ATA	I/I	57.168	PASS	19	ATA:19	8	11
SRR23343480	AD_Malaysia	822	within_species_comparison	primary	ATA/ATA	I/I	99.000	PASS	41	ATA:41	21	20
SRR23343481	AD_Malaysia	822	within_species_comparison	primary	ATA/ATA	I/I	90.266	PASS	30	ATA:30	12	18
SRR23343482	AD_Malaysia	822	within_species_comparison	primary	ATA/ATA	I/I	99.000	PASS	39	ATA:39	19	20
SRR23343483	AD_Malaysia	822	within_species_comparison	primary	ATA/ATA	I/I	90.266	PASS	30	ATA:30	14	16
SRR23343484	AD_Malaysia	822	within_species_comparison	primary	ATA/ATA	I/I	99.000	PASS	49	ATA:49	22	27
SRR23343485	AD_Malaysia	822	within_species_comparison	primary	ATA/GTA	I/V	99.000	PASS	29	ATA:9;GTA:20	14	15
SRR23343486	AD_Malaysia	822	within_species_comparison	primary	ATA/ATA	I/I	75.221	PASS	25	ATA:25	13	12
SRR23343487	AD_Malaysia	822	within_species_comparison	primary	ATA/ATA	I/I	96.283	PASS	32	ATA:32	16	16
SRR23343488	AD_Malaysia	822	within_species_comparison	primary	ATA/GTA	I/V	99.000	PASS	20	ATA:7;GTA:13	10	10
SRR23343489	AD_Malaysia	822	within_species_comparison	primary	ATA/ATA	I/I	90.266	PASS	30	ATA:30	13	17
SRR23343490	AD_Malaysia	822	within_species_comparison	primary	ATA/GTA	I/V	99.000	PASS	31	ATA:19;GTA:12	14	17
SRR23343491	AD_Malaysia	822	within_species_comparison	primary	ATA/ATA	I/I	57.168	PASS	19	ATA:19	8	11
SRR23343492	AD_Malaysia	822	within_species_comparison	primary	ATA/ATA	I/I	63.186	PASS	21	ATA:21	6	15
SRR23343493	AD_Malaysia	822	within_species_comparison	primary	ATA/ATA	I/I	66.195	PASS	22	ATA:22	9	13
SRR23343494	AD_Malaysia	822	within_species_comparison	primary	ATA/ATA	I/I	99.000	PASS	35	ATA:35	18	17
SRR23343438	AD_Malaysia	1134	primary	primary	CTT/CTT	L/L	99.000	PASS	37	CTT:37	10	27
SRR23343439	AD_Malaysia	1134	primary	primary	CTT/CTT	L/L	99.000	PASS	35	CTT:35	21	14
SRR23343440	AD_Malaysia	1134	primary	primary	CTT/CTT	L/L	81.239	PASS	27	CTT:27	16	11
SRR23343441	AD_Malaysia	1134	primary	primary	CTT/CTT	L/L	84.248	PASS	28	CTT:28	15	13
SRR23343442	AD_Malaysia	1134	primary	primary	TTT/TTT	F/F	99.000	PASS	52	TTT:52	31	21
SRR23343443	AD_Malaysia	1134	primary	primary	TTT/TTT	F/F	75.221	PASS	25	TTT:25	12	13
SRR23343444	AD_Malaysia	1134	primary	primary	TTT/TTT	F/F	84.248	PASS	28	TTT:28	13	15
SRR23343445	AD_Malaysia	1134	primary	primary	TTT/TTT	F/F	99.000	PASS	36	TTT:36	20	16
SRR23343446	AD_Malaysia	1134	primary	primary	TTT/TTT	F/F	60.177	PASS	20	TTT:20	9	11
SRR23343447	AD_Malaysia	1134	primary	primary	TTT/TTT	F/F	99.000	PASS	37	TTT:37	18	19
SRR23343448	AD_Malaysia	1134	primary	primary	TTT/TTT	F/F	75.221	PASS	25	TTT:25	13	12
SRR23343449	AD_Malaysia	1134	primary	primary	CTT/CTT	L/L	90.266	PASS	30	CTT:30	17	13
SRR23343450	AD_Malaysia	1134	primary	primary	TTT/TTT	F/F	81.239	PASS	27	TTT:27	11	16
SRR23343451	AD_Malaysia	1134	primary	primary	TTT/TTT	F/F	60.177	PASS	20	TTT:20	12	8
SRR23343452	AD_Malaysia	1134	primary	primary	TTT/TTT	F/F	93.274	PASS	31	TTT:31	16	15
SRR23343453	AD_Malaysia	1134	primary	primary	TTT/TTT	F/F	66.195	PASS	22	TTT:22	7	15
SRR23343454	AD_Malaysia	1134	primary	primary	TTT/TTT	F/F	72.212	PASS	24	TTT:24	12	12
SRR23343455	AD_Malaysia	1134	primary	primary	TTT/TTT	F/F	6.018	low_depth;low_genotype_quality	2	TTT:2	1	1
SRR23343456	AD_Malaysia	1134	primary	primary	TTT/TTT	F/F	81.239	PASS	27	TTT:27	13	14
SRR23343457	AD_Malaysia	1134	primary	primary	TTT/TTT	F/F	90.266	PASS	30	TTT:30	18	12
SRR23343458	AD_Malaysia	1134	primary	primary	TTT/TTT	F/F	99.000	PASS	34	TTT:34	23	11
SRR23343459	AD_Malaysia	1134	primary	primary	TTT/TTT	F/F	57.168	PASS	19	TTT:19	8	11
SRR23343460	AD_Malaysia	1134	primary	primary	CTT/CTT	L/L	99.000	PASS	36	CTT:36	23	13
SRR23343461	AD_Malaysia	1134	primary	primary	TTT/TTT	F/F	90.266	PASS	30	TTT:30	14	16
SRR23343462	AD_Malaysia	1134	primary	primary	TTT/TTT	F/F	99.000	PASS	44	TTT:44	27	17
SRR23343463	AD_Malaysia	1134	primary	primary	TTT/TTT	F/F	87.257	PASS	29	TTT:29	14	15
SRR23343464	AD_Malaysia	1134	primary	primary	TTT/TTT	F/F	81.239	PASS	27	TTT:27	10	17
SRR23343465	AD_Malaysia	1134	primary	primary	TTT/TTT	F/F	48.142	PASS	16	TTT:16	9	7
SRR23343466	AD_Malaysia	1134	primary	primary	TTT/TTT	F/F	93.274	PASS	31	TTT:31	14	17
SRR23343467	AD_Malaysia	1134	primary	primary	TTT/TTT	F/F	99.000	PASS	36	TTT:36	25	11
SRR23343468	AD_Malaysia	1134	primary	primary	TTT/TTT	F/F	99.000	PASS	40	TTT:40	19	21
SRR23343469	AD_Malaysia	1134	primary	primary	TTT/TTT	F/F	84.248	PASS	28	TTT:28	15	13
SRR23343470	AD_Malaysia	1134	primary	primary	TTT/TTT	F/F	63.186	PASS	21	TTT:21	9	12
SRR23343471	AD_Malaysia	1134	primary	primary	CTT/CTT	L/L	93.274	PASS	31	CTT:31	16	15
SRR23343472	AD_Malaysia	1134	primary	primary	TTT/TTT	F/F	96.283	PASS	32	TTT:32	23	9
SRR23343473	AD_Malaysia	1134	primary	primary	TTT/TTT	F/F	99.000	PASS	60	TTT:60	34	26
SRR23343474	AD_Malaysia	1134	primary	primary	CTT/CTT	L/L	87.257	PASS	29	CTT:29	15	14
SRR23343475	AD_Malaysia	1134	primary	primary	CTT/CTT	L/L	81.239	PASS	27	CTT:27	15	12
SRR23343476	AD_Malaysia	1134	primary	primary	CTT/CTT	L/L	51.150	PASS	17	CTT:17	11	6
SRR23343477	AD_Malaysia	1134	primary	primary	CTT/CTT	L/L	96.283	PASS	32	CTT:32	17	15
SRR23343478	AD_Malaysia	1134	primary	primary	CTT/CTT	L/L	69.204	PASS	23	CTT:23	8	15
SRR23343479	AD_Malaysia	1134	primary	primary	CTT/CTT	L/L	72.212	PASS	24	CTT:24	13	11
SRR23343480	AD_Malaysia	1134	primary	primary	CTT/CTT	L/L	96.283	PASS	32	CTT:32	16	16
SRR23343481	AD_Malaysia	1134	primary	primary	CTT/CTT	L/L	72.212	PASS	24	CTT:24	8	16
SRR23343482	AD_Malaysia	1134	primary	primary	CTT/CTT	L/L	78.230	PASS	26	CTT:26	16	10
SRR23343483	AD_Malaysia	1134	primary	primary	CTT/CTT	L/L	72.212	PASS	24	CTT:24	8	16
SRR23343484	AD_Malaysia	1134	primary	primary	CTT/CTT	L/L	99.000	PASS	49	CTT:49	26	23
SRR23343485	AD_Malaysia	1134	primary	primary	CTT/CTT	L/L	69.204	PASS	23	CTT:23	13	10
SRR23343486	AD_Malaysia	1134	primary	primary	CTT/CTT	L/L	93.274	PASS	31	CTT:31	22	9
SRR23343487	AD_Malaysia	1134	primary	primary	CTT/CTT	L/L	99.000	PASS	33	CTT:33	18	15
SRR23343488	AD_Malaysia	1134	primary	primary	CTT/CTT	L/L	81.239	PASS	27	CTT:27	14	13
SRR23343489	AD_Malaysia	1134	primary	primary	CTT/CTT	L/L	99.000	PASS	33	CTT:33	18	15
SRR23343490	AD_Malaysia	1134	primary	primary	CTT/CTT	L/L	66.195	PASS	22	CTT:22	11	11
SRR23343491	AD_Malaysia	1134	primary	primary	CTT/CTT	L/L	66.195	PASS	22	CTT:22	13	9
SRR23343492	AD_Malaysia	1134	primary	primary	CTT/CTT	L/L	99.000	PASS	35	CTT:35	17	18
SRR23343493	AD_Malaysia	1134	primary	primary	CTT/CTT	L/L	54.159	PASS	18	CTT:18	11	7
SRR23343494	AD_Malaysia	1134	primary	primary	CTT/CTT	L/L	99.000	PASS	38	CTT:38	17	21
SRR23343438	AD_Malaysia	254	primary	sensitivity	TTT/TTT	F/F	99.000	PASS	38	TTT:38	19	19
SRR23343439	AD_Malaysia	254	primary	sensitivity	TTT/TTT	F/F	87.250	PASS	29	TTT:29	15	14
SRR23343440	AD_Malaysia	254	primary	sensitivity	TTT/TTT	F/F	99.000	PASS	36	TTT:36	19	17
SRR23343441	AD_Malaysia	254	primary	sensitivity	TTT/TTT	F/F	87.250	PASS	29	TTT:29	19	10
SRR23343442	AD_Malaysia	254	primary	sensitivity	CTT/CTT	L/L	99.000	PASS	34	CTT:34	17	17
SRR23343443	AD_Malaysia	254	primary	sensitivity	CTT/CTT	L/L	66.192	PASS	22	CTT:22	12	10
SRR23343444	AD_Malaysia	254	primary	sensitivity	CTT/CTT	L/L	81.230	PASS	27	CTT:27	14	13
SRR23343445	AD_Malaysia	254	primary	sensitivity	CTT/CTT	L/L	99.000	PASS	45	CTT:45	24	21
SRR23343446	AD_Malaysia	254	primary	sensitivity	CTT/CTT	L/L	66.182	PASS	22	CTT:22	16	6
SRR23343447	AD_Malaysia	254	primary	sensitivity	CTT/CTT	L/L	96.274	PASS	32	CTT:32	21	11
SRR23343448	AD_Malaysia	254	primary	sensitivity	CTT/CTT	L/L	99.000	PASS	37	CTT:37	19	18
SRR23343449	AD_Malaysia	254	primary	sensitivity	TTT/TTT	F/F	78.218	PASS	26	TTT:26	15	11
SRR23343450	AD_Malaysia	254	primary	sensitivity	CTT/CTT	L/L	99.000	PASS	40	CTT:40	26	14
SRR23343451	AD_Malaysia	254	primary	sensitivity	CTT/CTT	L/L	84.242	PASS	28	CTT:28	11	17
SRR23343452	AD_Malaysia	254	primary	sensitivity	CTT/CTT	L/L	84.235	PASS	28	CTT:28	11	17
SRR23343453	AD_Malaysia	254	primary	sensitivity	CTT/CTT	L/L	39.112	PASS	13	CTT:13	7	6
SRR23343454	AD_Malaysia	254	primary	sensitivity	CTT/CTT	L/L	99.000	PASS	35	CTT:35	20	15
SRR23343455	AD_Malaysia	254	primary	sensitivity	CTT/CTT	L/L	12.032	low_depth;low_genotype_quality	4	CTT:4	1	3
SRR23343456	AD_Malaysia	254	primary	sensitivity	CTT/CTT	L/L	90.250	PASS	30	CTT:30	14	16
SRR23343457	AD_Malaysia	254	primary	sensitivity	CTT/CTT	L/L	99.000	PASS	34	CTT:34	18	16
SRR23343458	AD_Malaysia	254	primary	sensitivity	CTT/CTT	L/L	99.000	PASS	36	CTT:36	23	13
SRR23343459	AD_Malaysia	254	primary	sensitivity	CTT/CTT	L/L	63.183	PASS	21	CTT:21	14	7
SRR23343460	AD_Malaysia	254	primary	sensitivity	TTT/TTT	F/F	81.230	PASS	27	TTT:27	11	16
SRR23343461	AD_Malaysia	254	primary	sensitivity	CTT/CTT	L/L	99.000	PASS	36	CTT:36	17	19
SRR23343462	AD_Malaysia	254	primary	sensitivity	CTT/CTT	L/L	99.000	PASS	45	CTT:45	24	21
SRR23343463	AD_Malaysia	254	primary	sensitivity	CTT/CTT	L/L	87.250	PASS	29	CTT:29	16	13
SRR23343464	AD_Malaysia	254	primary	sensitivity	CTT/CTT	L/L	84.238	PASS	28	CTT:28	15	13
SRR23343465	AD_Malaysia	254	primary	sensitivity	CTT/CTT	L/L	45.123	PASS	15	CTT:15	10	5
SRR23343466	AD_Malaysia	254	primary	sensitivity	CTT/CTT	L/L	99.000	PASS	33	CTT:33	16	17
SRR23343467	AD_Malaysia	254	primary	sensitivity	CTT/CTT	L/L	99.000	PASS	35	CTT:35	20	15
SRR23343468	AD_Malaysia	254	primary	sensitivity	CTT/CTT	L/L	87.247	PASS	29	CTT:29	18	11
SRR23343469	AD_Malaysia	254	primary	sensitivity	CTT/CTT	L/L	66.185	PASS	22	CTT:22	9	13
SRR23343470	AD_Malaysia	254	primary	sensitivity	CTT/CTT	L/L	66.192	PASS	22	CTT:22	16	6
SRR23343471	AD_Malaysia	254	primary	sensitivity	TTT/TTT	F/F	66.185	PASS	22	TTT:22	9	13
SRR23343472	AD_Malaysia	254	primary	sensitivity	CTT/CTT	L/L	75.215	PASS	25	CTT:25	9	16
SRR23343473	AD_Malaysia	254	primary	sensitivity	CTT/CTT	L/L	99.000	PASS	51	CTT:51	26	25
SRR23343474	AD_Malaysia	254	primary	sensitivity	TTT/TTT	F/F	57.162	PASS	19	TTT:19	10	9
SRR23343475	AD_Malaysia	254	primary	sensitivity	TTT/TTT	F/F	99.000	PASS	43	TTT:43	29	14
SRR23343476	AD_Malaysia	254	primary	sensitivity	TTT/TTT	F/F	25.404	low_genotype_quality	20	TTC:1;TTT:19	7	13
SRR23343477	AD_Malaysia	254	primary	sensitivity	TTT/TTT	F/F	96.274	PASS	32	TTT:32	19	13
SRR23343478	AD_Malaysia	254	primary	sensitivity	TTT/TTT	F/F	78.214	PASS	26	TTT:26	12	14
SRR23343479	AD_Malaysia	254	primary	sensitivity	TTT/TTT	F/F	99.000	PASS	37	TTT:37	24	13
SRR23343480	AD_Malaysia	254	primary	sensitivity	TTT/TTT	F/F	72.200	PASS	24	TTT:24	13	11
SRR23343481	AD_Malaysia	254	primary	sensitivity	TTT/TTT	F/F	57.162	PASS	19	TTT:19	9	10
SRR23343482	AD_Malaysia	254	primary	sensitivity	TTT/TTT	F/F	93.268	PASS	31	TTT:31	17	14
SRR23343483	AD_Malaysia	254	primary	sensitivity	TTT/TTT	F/F	66.182	PASS	22	TTT:22	9	13
SRR23343484	AD_Malaysia	254	primary	sensitivity	TTT/TTT	F/F	61.507	PASS	32	CTT:1;TTT:31	18	14
SRR23343485	AD_Malaysia	254	primary	sensitivity	TTT/TTT	F/F	75.209	PASS	25	TTT:25	14	11
SRR23343486	AD_Malaysia	254	primary	sensitivity	TTT/TTT	F/F	99.000	PASS	36	TTT:36	18	18
SRR23343487	AD_Malaysia	254	primary	sensitivity	TTT/TTT	F/F	78.227	PASS	26	TTT:26	16	10
SRR23343488	AD_Malaysia	254	primary	sensitivity	TTT/TTT	F/F	78.221	PASS	26	TTT:26	18	8
SRR23343489	AD_Malaysia	254	primary	sensitivity	TTT/TTT	F/F	99.000	PASS	37	TTT:37	20	17
SRR23343490	AD_Malaysia	254	primary	sensitivity	TTT/TTT	F/F	78.221	PASS	26	TTT:26	13	13
SRR23343491	AD_Malaysia	254	primary	sensitivity	TTT/TTT	F/F	90.259	PASS	30	TTT:30	13	17
SRR23343492	AD_Malaysia	254	primary	sensitivity	TTT/TTT	F/F	99.000	PASS	39	TTT:39	25	14
SRR23343493	AD_Malaysia	254	primary	sensitivity	TTT/TTT	F/F	66.188	PASS	22	TTT:22	10	12
SRR23343494	AD_Malaysia	254	primary	sensitivity	TTT/TTT	F/F	78.227	PASS	26	TTT:26	14	12
SRR23343438	AD_Malaysia	452	within_species_comparison	sensitivity	ACG/ACG	T/T	99.000	PASS	48	ACG:48	24	24
SRR23343439	AD_Malaysia	452	within_species_comparison	sensitivity	ACG/ACG	T/T	93.265	PASS	31	ACG:31	16	15
SRR23343440	AD_Malaysia	452	within_species_comparison	sensitivity	ACG/ACG	T/T	84.238	PASS	28	ACG:28	10	18
SRR23343441	AD_Malaysia	452	within_species_comparison	sensitivity	ACG/ACG	T/T	93.265	PASS	31	ACG:31	15	16
SRR23343442	AD_Malaysia	452	within_species_comparison	sensitivity	ACA/ACA	T/T	99.000	PASS	76	ACA:76	37	39
SRR23343443	AD_Malaysia	452	within_species_comparison	sensitivity	ACA/ACA	T/T	87.250	PASS	29	ACA:29	14	15
SRR23343444	AD_Malaysia	452	within_species_comparison	sensitivity	ACA/ACA	T/T	84.242	PASS	28	ACA:28	14	14
SRR23343445	AD_Malaysia	452	within_species_comparison	sensitivity	ACA/ACA	T/T	99.000	PASS	39	ACA:39	17	22
SRR23343446	AD_Malaysia	452	within_species_comparison	sensitivity	ACA/ACA	T/T	90.266	PASS	30	ACA:30	9	21
SRR23343447	AD_Malaysia	452	within_species_comparison	sensitivity	ACA/ACA	T/T	99.000	PASS	43	ACA:43	17	26
SRR23343448	AD_Malaysia	452	within_species_comparison	sensitivity	ACA/ACA	T/T	63.183	PASS	21	ACA:21	4	17
SRR23343449	AD_Malaysia	452	within_species_comparison	sensitivity	ACG/ACG	T/T	69.191	PASS	23	ACG:23	7	16
SRR23343450	AD_Malaysia	452	within_species_comparison	sensitivity	ACA/ACA	T/T	99.000	PASS	37	ACA:37	15	22
SRR23343451	AD_Malaysia	452	within_species_comparison	sensitivity	ACA/ACA	T/T	99.000	PASS	34	ACA:34	17	17
SRR23343452	AD_Malaysia	452	within_species_comparison	sensitivity	ACA/ACA	T/T	99.000	PASS	51	ACA:51	34	17
SRR23343453	AD_Malaysia	452	within_species_comparison	sensitivity	ACA/ACA	T/T	45.133	PASS	15	ACA:15	4	11
SRR23343454	AD_Malaysia	452	within_species_comparison	sensitivity	ACA/ACA	T/T	99.000	PASS	33	ACA:33	11	22
SRR23343455	AD_Malaysia	452	within_species_comparison	sensitivity	ACA/AGA	R/T	81.244	low_depth	6	ACA:3;AGA:3	4	2
SRR23343456	AD_Malaysia	452	within_species_comparison	sensitivity	ACA/AGA	R/T	99.000	PASS	24	ACA:17;AGA:7	16	8
SRR23343457	AD_Malaysia	452	within_species_comparison	sensitivity	ACA/ACA	T/T	99.000	PASS	37	ACA:37	26	11
SRR23343458	AD_Malaysia	452	within_species_comparison	sensitivity	ACA/ACA	T/T	99.000	PASS	50	ACA:50	18	32
SRR23343459	AD_Malaysia	452	within_species_comparison	sensitivity	ACA/ACA	T/T	72.203	PASS	24	ACA:24	13	11
SRR23343460	AD_Malaysia	452	within_species_comparison	sensitivity	ACG/ACG	T/T	99.000	PASS	34	ACG:34	19	15
SRR23343461	AD_Malaysia	452	within_species_comparison	sensitivity	AGA/AGA	R/R	87.250	PASS	29	AGA:29	15	14
SRR23343462	AD_Malaysia	452	within_species_comparison	sensitivity	ACA/AGA	R/T	99.000	PASS	51	ACA:27;AGA:24	21	30
SRR23343463	AD_Malaysia	452	within_species_comparison	sensitivity	ACA/ACA	T/T	99.000	PASS	42	ACA:42	19	23
SRR23343464	AD_Malaysia	452	within_species_comparison	sensitivity	ACA/ACA	T/T	93.268	PASS	31	ACA:31	15	16
SRR23343465	AD_Malaysia	452	within_species_comparison	sensitivity	ACA/ACA	T/T	36.100	PASS	12	ACA:12	6	6
SRR23343466	AD_Malaysia	452	within_species_comparison	sensitivity	ACA/ACA	T/T	81.230	PASS	27	ACA:27	18	9
SRR23343467	AD_Malaysia	452	within_species_comparison	sensitivity	ACA/ACA	T/T	99.000	PASS	44	ACA:44	21	23
SRR23343468	AD_Malaysia	452	within_species_comparison	sensitivity	ACA/ACA	T/T	99.000	PASS	37	ACA:37	18	19
SRR23343469	AD_Malaysia	452	within_species_comparison	sensitivity	ACA/ACA	T/T	99.000	PASS	37	ACA:37	23	14
SRR23343470	AD_Malaysia	452	within_species_comparison	sensitivity	ACA/ACA	T/T	66.192	PASS	22	ACA:22	16	6
SRR23343471	AD_Malaysia	452	within_species_comparison	sensitivity	ACG/ACG	T/T	81.233	PASS	27	ACG:27	8	19
SRR23343472	AD_Malaysia	452	within_species_comparison	sensitivity	ACA/ACA	T/T	90.266	PASS	30	ACA:30	13	17
SRR23343473	AD_Malaysia	452	within_species_comparison	sensitivity	ACA/ACA	T/T	99.000	PASS	64	ACA:64	25	39
SRR23343474	AD_Malaysia	452	within_species_comparison	sensitivity	ACG/ACG	T/T	84.245	PASS	28	ACG:28	11	17
SRR23343475	AD_Malaysia	452	within_species_comparison	sensitivity	ACG/ACG	T/T	99.000	PASS	39	ACG:39	16	23
SRR23343476	AD_Malaysia	452	within_species_comparison	sensitivity	ACG/ACG	T/T	75.212	PASS	25	ACG:25	11	14
SRR23343477	AD_Malaysia	452	within_species_comparison	sensitivity	ACG/ACG	T/T	99.000	PASS	39	ACG:39	21	18
SRR23343478	AD_Malaysia	452	within_species_comparison	sensitivity	ACG/ACG	T/T	93.268	PASS	31	ACG:31	17	14
SRR23343479	AD_Malaysia	452	within_species_comparison	sensitivity	ACG/ACG	T/T	87.247	PASS	29	ACG:29	15	14
SRR23343480	AD_Malaysia	452	within_species_comparison	sensitivity	ACG/ACG	T/T	93.268	PASS	31	ACG:31	17	14
SRR23343481	AD_Malaysia	452	within_species_comparison	sensitivity	ACG/ACG	T/T	60.174	PASS	20	ACG:20	13	7
SRR23343482	AD_Malaysia	452	within_species_comparison	sensitivity	ACG/ACG	T/T	99.000	PASS	41	ACG:41	23	18
SRR23343483	AD_Malaysia	452	within_species_comparison	sensitivity	ACG/ACG	T/T	99.000	PASS	37	ACG:37	17	20
SRR23343484	AD_Malaysia	452	within_species_comparison	sensitivity	ACG/ACG	T/T	99.000	PASS	34	ACG:34	11	23
SRR23343485	AD_Malaysia	452	within_species_comparison	sensitivity	ACG/ACG	T/T	93.262	PASS	31	ACG:31	18	13
SRR23343486	AD_Malaysia	452	within_species_comparison	sensitivity	ACG/ACG	T/T	99.000	PASS	39	ACG:39	13	26
SRR23343487	AD_Malaysia	452	within_species_comparison	sensitivity	ACG/ACG	T/T	99.000	PASS	45	ACG:45	20	25
SRR23343488	AD_Malaysia	452	within_species_comparison	sensitivity	ACG/ACG	T/T	99.000	PASS	37	ACG:37	17	20
SRR23343489	AD_Malaysia	452	within_species_comparison	sensitivity	ACG/ACG	T/T	99.000	PASS	35	ACG:35	18	17
SRR23343490	AD_Malaysia	452	within_species_comparison	sensitivity	ACG/ACG	T/T	60.171	PASS	20	ACG:20	8	12
SRR23343491	AD_Malaysia	452	within_species_comparison	sensitivity	ACG/ACG	T/T	99.000	PASS	35	ACG:35	22	13
SRR23343492	AD_Malaysia	452	within_species_comparison	sensitivity	ACG/ACG	T/T	99.000	PASS	33	ACG:33	14	19
SRR23343493	AD_Malaysia	452	within_species_comparison	sensitivity	ACG/ACG	T/T	54.159	PASS	18	ACG:18	8	10
SRR23343494	AD_Malaysia	452	within_species_comparison	sensitivity	ACG/ACG	T/T	84.238	PASS	28	ACG:28	16	12
SRR23343438	AD_Malaysia	474	secondary	sensitivity	AAA/AAA	K/K	99.000	PASS	47	AAA:47	21	26
SRR23343439	AD_Malaysia	474	secondary	sensitivity	AAA/AAA	K/K	99.000	PASS	37	AAA:37	15	22
SRR23343440	AD_Malaysia	474	secondary	sensitivity	AAA/AAA	K/K	81.226	PASS	27	AAA:27	14	13
SRR23343441	AD_Malaysia	474	secondary	sensitivity	AAA/AAA	K/K	75.215	PASS	25	AAA:25	13	12
SRR23343442	AD_Malaysia	474	secondary	sensitivity	CAA/CAA	Q/Q	99.000	PASS	70	CAA:70	39	31
SRR23343443	AD_Malaysia	474	secondary	sensitivity	CAA/CAA	Q/Q	69.200	PASS	23	CAA:23	11	12
SRR23343444	AD_Malaysia	474	secondary	sensitivity	CAA/CAA	Q/Q	63.183	PASS	21	CAA:21	12	9
SRR23343445	AD_Malaysia	474	secondary	sensitivity	CAA/CAA	Q/Q	99.000	PASS	46	CAA:46	18	28
SRR23343446	AD_Malaysia	474	secondary	sensitivity	CAA/CAA	Q/Q	81.233	PASS	27	CAA:27	9	18
SRR23343447	AD_Malaysia	474	secondary	sensitivity	CAA/CAA	Q/Q	99.000	PASS	36	CAA:36	17	19
SRR23343448	AD_Malaysia	474	secondary	sensitivity	CAA/CAA	Q/Q	93.268	PASS	31	CAA:31	12	19
SRR23343449	AD_Malaysia	474	secondary	sensitivity	AAA/AAA	K/K	81.230	PASS	27	AAA:27	11	16
SRR23343450	AD_Malaysia	474	secondary	sensitivity	CAA/CAA	Q/Q	99.000	PASS	37	CAA:37	20	17
SRR23343451	AD_Malaysia	474	secondary	sensitivity	CAA/CAA	Q/Q	99.000	PASS	34	CAA:34	17	17
SRR23343452	AD_Malaysia	474	secondary	sensitivity	CAA/CAA	Q/Q	99.000	PASS	46	CAA:46	27	19
SRR23343453	AD_Malaysia	474	secondary	sensitivity	CAA/CAA	Q/Q	54.156	PASS	18	CAA:18	14	4
SRR23343454	AD_Malaysia	474	secondary	sensitivity	CAA/CAA	Q/Q	84.235	PASS	28	CAA:28	11	17
SRR23343455	AD_Malaysia	474	secondary	sensitivity	CAA/CAA	Q/Q	12.032	low_depth;low_genotype_quality	4	CAA:4	2	2
SRR23343456	AD_Malaysia	474	secondary	sensitivity	CAA/CAA	Q/Q	75.212	PASS	25	CAA:25	17	8
SRR23343457	AD_Malaysia	474	secondary	sensitivity	CAA/CAA	Q/Q	93.268	PASS	31	CAA:31	20	11
SRR23343458	AD_Malaysia	474	secondary	sensitivity	CAA/CAA	Q/Q	99.000	PASS	44	CAA:44	22	22
SRR23343459	AD_Malaysia	474	secondary	sensitivity	CAA/CAA	Q/Q	69.200	PASS	23	CAA:23	16	7
SRR23343460	AD_Malaysia	474	secondary	sensitivity	AAA/AAA	K/K	96.277	PASS	32	AAA:32	20	12
SRR23343461	AD_Malaysia	474	secondary	sensitivity	CAA/CAA	Q/Q	99.000	PASS	34	CAA:34	20	14
SRR23343462	AD_Malaysia	474	secondary	sensitivity	CAA/CAA	Q/Q	99.000	PASS	59	CAA:59	34	25
SRR23343463	AD_Malaysia	474	secondary	sensitivity	CAA/CAA	Q/Q	99.000	PASS	40	CAA:40	23	17
SRR23343464	AD_Malaysia	474	secondary	sensitivity	CAA/CAA	Q/Q	84.242	PASS	28	CAA:28	9	19
SRR23343465	AD_Malaysia	474	secondary	sensitivity	CAA/CAA	Q/Q	75.218	PASS	25	CAA:25	10	15
SRR23343466	AD_Malaysia	474	secondary	sensitivity	CAA/CAA	Q/Q	66.523	PASS	32	CAA:31;CTA:1	20	12
SRR23343467	AD_Malaysia	474	secondary	sensitivity	CAA/CAA	Q/Q	99.000	PASS	37	CAA:37	22	15
SRR23343468	AD_Malaysia	474	secondary	sensitivity	CAA/CAA	Q/Q	99.000	PASS	40	CAA:40	24	16
SRR23343469	AD_Malaysia	474	secondary	sensitivity	CAA/CAA	Q/Q	99.000	PASS	36	CAA:36	22	14
SRR23343470	AD_Malaysia	474	secondary	sensitivity	CAA/CAA	Q/Q	69.197	PASS	23	CAA:23	15	8
SRR23343471	AD_Malaysia	474	secondary	sensitivity	AAA/AAA	K/K	66.192	PASS	22	AAA:22	9	13
SRR23343472	AD_Malaysia	474	secondary	sensitivity	CAA/CAA	Q/Q	63.176	PASS	21	CAA:21	12	9
SRR23343473	AD_Malaysia	474	secondary	sensitivity	CAA/CAA	Q/Q	99.000	PASS	71	CAA:71	36	35
SRR23343474	AD_Malaysia	474	secondary	sensitivity	AAA/AAA	K/K	96.268	PASS	32	AAA:32	15	17
SRR23343475	AD_Malaysia	474	secondary	sensitivity	AAA/AAA	K/K	99.000	PASS	39	AAA:39	20	19
SRR23343476	AD_Malaysia	474	secondary	sensitivity	AAA/AAA	K/K	72.209	PASS	24	AAA:24	17	7
SRR23343477	AD_Malaysia	474	secondary	sensitivity	AAA/AAA	K/K	99.000	PASS	39	AAA:39	24	15
SRR23343478	AD_Malaysia	474	secondary	sensitivity	AAA/AAA	K/K	69.200	PASS	23	AAA:23	15	8
SRR23343479	AD_Malaysia	474	secondary	sensitivity	AAA/AAA	K/K	93.262	PASS	31	AAA:31	18	13
SRR23343480	AD_Malaysia	474	secondary	sensitivity	AAA/AAA	K/K	78.218	PASS	26	AAA:26	17	9
SRR23343481	AD_Malaysia	474	secondary	sensitivity	AAA/AAA	K/K	54.153	PASS	18	AAA:18	11	7
SRR23343482	AD_Malaysia	474	secondary	sensitivity	AAA/AAA	K/K	99.000	PASS	39	AAA:39	18	21
SRR23343483	AD_Malaysia	474	secondary	sensitivity	AAA/AAA	K/K	99.000	PASS	33	AAA:33	17	16
SRR23343484	AD_Malaysia	474	secondary	sensitivity	AAA/AAA	K/K	99.000	PASS	34	AAA:34	14	20
SRR23343485	AD_Malaysia	474	secondary	sensitivity	AAA/AAA	K/K	99.000	PASS	34	AAA:34	20	14
SRR23343486	AD_Malaysia	474	secondary	sensitivity	AAA/AAA	K/K	99.000	PASS	50	AAA:50	19	31
SRR23343487	AD_Malaysia	474	secondary	sensitivity	AAA/AAA	K/K	99.000	PASS	43	AAA:43	23	20
SRR23343488	AD_Malaysia	474	secondary	sensitivity	AAA/AAA	K/K	93.265	PASS	31	AAA:31	16	15
SRR23343489	AD_Malaysia	474	secondary	sensitivity	AAA/AAA	K/K	99.000	PASS	35	AAA:35	12	23
SRR23343490	AD_Malaysia	474	secondary	sensitivity	AAA/AAA	K/K	63.183	PASS	21	AAA:21	9	12
SRR23343491	AD_Malaysia	474	secondary	sensitivity	AAA/AAA	K/K	96.268	PASS	32	AAA:32	17	15
SRR23343492	AD_Malaysia	474	secondary	sensitivity	AAA/AAA	K/K	96.280	PASS	32	AAA:32	16	16
SRR23343493	AD_Malaysia	474	secondary	sensitivity	AAA/AAA	K/K	63.180	PASS	21	AAA:21	13	8
SRR23343494	AD_Malaysia	474	secondary	sensitivity	AAA/AAA	K/K	99.000	PASS	33	AAA:33	20	13
SRR23343438	AD_Malaysia	549	primary	sensitivity	TTT/TTT	F/F	99.000	PASS	41	TTT:41	25	16
SRR23343439	AD_Malaysia	549	primary	sensitivity	TTT/TTT	F/F	84.242	PASS	28	TTT:28	19	9
SRR23343440	AD_Malaysia	549	primary	sensitivity	TTT/TTT	F/F	45.133	one_strand_only	15	TTT:15	15	0
SRR23343441	AD_Malaysia	549	primary	sensitivity	TTT/TTT	F/F	84.238	PASS	28	TTT:28	12	16
SRR23343442	AD_Malaysia	549	primary	sensitivity	TTG/TTG	L/L	99.000	PASS	49	TTG:49	29	20
SRR23343443	AD_Malaysia	549	primary	sensitivity	TTG/TTG	L/L	72.209	PASS	24	TTG:24	11	13
SRR23343444	AD_Malaysia	549	primary	sensitivity	TTG/TTG	L/L	63.173	PASS	21	TTG:21	12	9
SRR23343445	AD_Malaysia	549	primary	sensitivity	TTG/TTG	L/L	90.587	PASS	40	TTG:39;TTT:1	22	18
SRR23343446	AD_Malaysia	549	primary	sensitivity	TTG/TTG	L/L	93.265	PASS	31	TTG:31	14	17
SRR23343447	AD_Malaysia	549	primary	sensitivity	TTG/TTG	L/L	81.236	PASS	27	TTG:27	16	11
SRR23343448	AD_Malaysia	549	primary	sensitivity	TTG/TTG	L/L	81.233	PASS	27	TTG:27	12	15
SRR23343449	AD_Malaysia	549	primary	sensitivity	TTT/TTT	F/F	87.247	PASS	29	TTT:29	14	15
SRR23343450	AD_Malaysia	549	primary	sensitivity	TTG/TTG	L/L	99.000	PASS	41	TTG:41	15	26
SRR23343451	AD_Malaysia	549	primary	sensitivity	TTG/TTG	L/L	46.472	PASS	27	TAG:1;TTG:26	21	6
SRR23343452	AD_Malaysia	549	primary	sensitivity	TTG/TTG	L/L	99.000	PASS	34	TTG:34	22	12
SRR23343453	AD_Malaysia	549	primary	sensitivity	TTG/TTG	L/L	51.150	PASS	17	TTG:17	11	6
SRR23343454	AD_Malaysia	549	primary	sensitivity	TTG/TTG	L/L	90.256	PASS	30	TTG:30	14	16
SRR23343455	AD_Malaysia	549	primary	sensitivity	TTG/TTG	L/L	21.062	low_depth;low_genotype_quality	7	TTG:7	4	3
SRR23343456	AD_Malaysia	549	primary	sensitivity	TTG/TTG	L/L	72.209	PASS	24	TTG:24	14	10
SRR23343457	AD_Malaysia	549	primary	sensitivity	TTG/TTG	L/L	99.000	PASS	36	TTG:36	26	10
SRR23343458	AD_Malaysia	549	primary	sensitivity	TTG/TTG	L/L	99.000	PASS	41	TTG:41	17	24
SRR23343459	AD_Malaysia	549	primary	sensitivity	TTG/TTG	L/L	75.215	PASS	25	TTG:25	10	15
SRR23343460	AD_Malaysia	549	primary	sensitivity	TTT/TTT	F/F	28.419	low_genotype_quality	21	TTG:1;TTT:20	20	1
SRR23343461	AD_Malaysia	549	primary	sensitivity	TTG/TTG	L/L	72.203	PASS	24	TTG:24	16	8
SRR23343462	AD_Malaysia	549	primary	sensitivity	TTG/TTG	L/L	99.000	PASS	34	TTG:34	22	12
SRR23343463	AD_Malaysia	549	primary	sensitivity	TTG/TTG	L/L	93.265	PASS	31	TTG:31	16	15
SRR23343464	AD_Malaysia	549	primary	sensitivity	TTG/TTG	L/L	87.254	PASS	29	TTG:29	17	12
SRR23343465	AD_Malaysia	549	primary	sensitivity	TTG/TTG	L/L	78.227	PASS	26	TTG:26	13	13
SRR23343466	AD_Malaysia	549	primary	sensitivity	TTG/TTG	L/L	75.218	PASS	25	TTG:25	11	14
SRR23343467	AD_Malaysia	549	primary	sensitivity	TTG/TTG	L/L	96.271	PASS	32	TTG:32	12	20
SRR23343468	AD_Malaysia	549	primary	sensitivity	TTG/TTG	L/L	57.165	PASS	19	TTG:19	9	10
SRR23343469	AD_Malaysia	549	primary	sensitivity	TTG/TTG	L/L	78.224	PASS	26	TTG:26	11	15
SRR23343470	AD_Malaysia	549	primary	sensitivity	TTG/TTG	L/L	78.224	PASS	26	TTG:26	11	15
SRR23343471	AD_Malaysia	549	primary	sensitivity	TTT/TTT	F/F	48.132	PASS	16	TTT:16	11	5
SRR23343472	AD_Malaysia	549	primary	sensitivity	TTG/TTG	L/L	60.171	PASS	20	TTG:20	12	8
SRR23343473	AD_Malaysia	549	primary	sensitivity	TTG/TTG	L/L	99.000	PASS	64	TTG:64	37	27
SRR23343474	AD_Malaysia	549	primary	sensitivity	TTT/TTT	F/F	54.153	PASS	18	TTT:18	13	5
SRR23343475	AD_Malaysia	549	primary	sensitivity	TTT/TTT	F/F	63.183	PASS	21	TTT:21	11	10
SRR23343476	AD_Malaysia	549	primary	sensitivity	TTT/TTT	F/F	75.209	PASS	25	TTT:25	16	9
SRR23343477	AD_Malaysia	549	primary	sensitivity	TTT/TTT	F/F	78.224	PASS	26	TTT:26	17	9
SRR23343478	AD_Malaysia	549	primary	sensitivity	TTT/TTT	F/F	60.168	PASS	20	TTT:20	14	6
SRR23343479	AD_Malaysia	549	primary	sensitivity	TTT/TTT	F/F	99.000	PASS	35	TTT:35	19	16
SRR23343480	AD_Malaysia	549	primary	sensitivity	TTT/TTT	F/F	51.144	PASS	17	TTT:17	10	7
SRR23343481	AD_Malaysia	549	primary	sensitivity	TTT/TTT	F/F	48.132	PASS	16	TTT:16	13	3
SRR23343482	AD_Malaysia	549	primary	sensitivity	TTT/TTT	F/F	93.265	PASS	31	TTT:31	15	16
SRR23343483	AD_Malaysia	549	primary	sensitivity	TTT/TTT	F/F	93.262	PASS	31	TTT:31	21	10
SRR23343484	AD_Malaysia	549	primary	sensitivity	TTT/TTT	F/F	99.000	PASS	39	TTT:39	26	13
SRR23343485	AD_Malaysia	549	primary	sensitivity	TTT/TTT	F/F	90.250	PASS	30	TTT:30	12	18
SRR23343486	AD_Malaysia	549	primary	sensitivity	TTT/TTT	F/F	99.000	PASS	41	TTT:41	22	19
SRR23343487	AD_Malaysia	549	primary	sensitivity	TTT/TTT	F/F	99.000	PASS	37	TTT:37	21	16
SRR23343488	AD_Malaysia	549	primary	sensitivity	TTT/TTT	F/F	99.000	PASS	35	TTT:35	20	15
SRR23343489	AD_Malaysia	549	primary	sensitivity	TTT/TTT	F/F	99.000	PASS	36	TTT:36	24	12
SRR23343490	AD_Malaysia	549	primary	sensitivity	TTT/TTT	F/F	87.254	PASS	29	TTT:29	17	12
SRR23343491	AD_Malaysia	549	primary	sensitivity	TTT/TTT	F/F	84.238	PASS	28	TTT:28	15	13
SRR23343492	AD_Malaysia	549	primary	sensitivity	TTT/TTT	F/F	69.194	PASS	23	TTT:23	12	11
SRR23343493	AD_Malaysia	549	primary	sensitivity	TTT/TTT	F/F	63.180	PASS	21	TTT:21	13	8
SRR23343494	AD_Malaysia	549	primary	sensitivity	TTT/TTT	F/F	93.268	PASS	31	TTT:31	17	14
SRR23343438	AD_Malaysia	717	secondary	sensitivity	ACT/ACT	T/T	99.000	PASS	36	ACT:36	17	19
SRR23343439	AD_Malaysia	717	secondary	sensitivity	ACT/ACT	T/T	84.242	PASS	28	ACT:28	13	15
SRR23343440	AD_Malaysia	717	secondary	sensitivity	ACT/ACT	T/T	72.203	PASS	24	ACT:24	10	14
SRR23343441	AD_Malaysia	717	secondary	sensitivity	ACT/ACT	T/T	87.238	PASS	29	ACT:29	13	16
SRR23343442	AD_Malaysia	717	secondary	sensitivity	GCT/GCT	A/A	99.000	PASS	47	GCT:47	24	23
SRR23343443	AD_Malaysia	717	secondary	sensitivity	GCT/GCT	A/A	69.197	PASS	23	GCT:23	10	13
SRR23343444	AD_Malaysia	717	secondary	sensitivity	GCT/GCT	A/A	54.156	PASS	18	GCT:18	4	14
SRR23343445	AD_Malaysia	717	secondary	sensitivity	GCT/GCT	A/A	99.000	PASS	37	GCT:37	14	23
SRR23343446	AD_Malaysia	717	secondary	sensitivity	GCT/GCT	A/A	63.176	PASS	21	GCT:21	9	12
SRR23343447	AD_Malaysia	717	secondary	sensitivity	GCT/GCT	A/A	81.236	PASS	27	GCT:27	11	16
SRR23343448	AD_Malaysia	717	secondary	sensitivity	GCT/GCT	A/A	48.132	PASS	16	GCT:16	7	9
SRR23343449	AD_Malaysia	717	secondary	sensitivity	ACT/ACT	T/T	57.156	PASS	19	ACT:19	9	10
SRR23343450	AD_Malaysia	717	secondary	sensitivity	GCT/GCT	A/A	63.180	PASS	21	GCT:21	9	12
SRR23343451	AD_Malaysia	717	secondary	sensitivity	GCT/GCT	A/A	69.200	PASS	23	GCT:23	6	17
SRR23343452	AD_Malaysia	717	secondary	sensitivity	GCT/GCT	A/A	99.000	PASS	34	GCT:34	16	18
SRR23343453	AD_Malaysia	717	secondary	sensitivity	GCT/GCT	A/A	66.182	PASS	22	GCT:22	7	15
SRR23343454	AD_Malaysia	717	secondary	sensitivity	GCT/GCT	A/A	87.247	PASS	29	GCT:29	17	12
SRR23343455	AD_Malaysia	717	secondary	sensitivity	GCT/GCT	A/A	3.009	low_depth;low_genotype_quality;one_strand_only	1	GCT:1	0	1
SRR23343456	AD_Malaysia	717	secondary	sensitivity	GCT/GCT	A/A	75.212	PASS	25	GCT:25	6	19
SRR23343457	AD_Malaysia	717	secondary	sensitivity	GCT/GCT	A/A	57.162	PASS	19	GCT:19	7	12
SRR23343458	AD_Malaysia	717	secondary	sensitivity	GCT/GCT	A/A	84.242	PASS	28	GCT:28	10	18
SRR23343459	AD_Malaysia	717	secondary	sensitivity	GCT/GCT	A/A	30.089	PASS	10	GCT:10	4	6
SRR23343460	AD_Malaysia	717	secondary	sensitivity	ACT/ACT	T/T	66.185	PASS	22	ACT:22	12	10
SRR23343461	AD_Malaysia	717	secondary	sensitivity	GCT/GCT	A/A	66.179	PASS	22	GCT:22	5	17
SRR23343462	AD_Malaysia	717	secondary	sensitivity	GCT/GCT	A/A	99.000	PASS	43	GCT:43	16	27
SRR23343463	AD_Malaysia	717	secondary	sensitivity	GCT/GCT	A/A	48.132	PASS	16	GCT:16	6	10
SRR23343464	AD_Malaysia	717	secondary	sensitivity	GCT/GCT	A/A	57.165	PASS	19	GCT:19	5	14
SRR23343465	AD_Malaysia	717	secondary	sensitivity	GCT/GCT	A/A	63.173	PASS	21	GCT:21	6	15
SRR23343466	AD_Malaysia	717	secondary	sensitivity	GCT/GCT	A/A	69.197	PASS	23	GCT:23	7	16
SRR23343467	AD_Malaysia	717	secondary	sensitivity	GCT/GCT	A/A	60.174	PASS	20	GCT:20	6	14
SRR23343468	AD_Malaysia	717	secondary	sensitivity	GCT/GCT	A/A	75.209	PASS	25	GCT:25	11	14
SRR23343469	AD_Malaysia	717	secondary	sensitivity	GCT/GCT	A/A	66.182	PASS	22	GCT:22	11	11
SRR23343470	AD_Malaysia	717	secondary	sensitivity	GCT/GCT	A/A	42.124	PASS	14	GCT:14	7	7
SRR23343471	AD_Malaysia	717	secondary	sensitivity	ACT/ACT	T/T	69.194	PASS	23	ACT:23	11	12
SRR23343472	AD_Malaysia	717	secondary	sensitivity	GCT/GCT	A/A	87.247	PASS	29	GCT:29	8	21
SRR23343473	AD_Malaysia	717	secondary	sensitivity	GCT/GCT	A/A	99.000	PASS	48	GCT:48	15	33
SRR23343474	AD_Malaysia	717	secondary	sensitivity	ACT/ACT	T/T	63.180	PASS	21	ACT:21	10	11
SRR23343475	AD_Malaysia	717	secondary	sensitivity	ACT/ACT	T/T	99.000	PASS	37	ACT:37	28	9
SRR23343476	AD_Malaysia	717	secondary	sensitivity	ACT/ACT	T/T	36.100	PASS	12	ACT:12	6	6
SRR23343477	AD_Malaysia	717	secondary	sensitivity	ACT/ACT	T/T	99.000	PASS	35	ACT:35	13	22
SRR23343478	AD_Malaysia	717	secondary	sensitivity	ACT/ACT	T/T	93.262	PASS	31	ACT:31	7	24
SRR23343479	AD_Malaysia	717	secondary	sensitivity	ACT/ACT	T/T	87.250	PASS	29	ACT:29	13	16
SRR23343480	AD_Malaysia	717	secondary	sensitivity	ACT/ACT	T/T	90.259	PASS	30	ACT:30	12	18
SRR23343481	AD_Malaysia	717	secondary	sensitivity	ACT/ACT	T/T	87.247	PASS	29	ACT:29	9	20
SRR23343482	AD_Malaysia	717	secondary	sensitivity	ACT/ACT	T/T	87.244	PASS	29	ACT:29	12	17
SRR23343483	AD_Malaysia	717	secondary	sensitivity	ACT/ACT	T/T	99.000	PASS	35	ACT:35	16	19
SRR23343484	AD_Malaysia	717	secondary	sensitivity	ACT/ACT	T/T	48.138	PASS	16	ACT:16	7	9
SRR23343485	AD_Malaysia	717	secondary	sensitivity	ACT/ACT	T/T	90.259	PASS	30	ACT:30	13	17
SRR23343486	AD_Malaysia	717	secondary	sensitivity	ACT/ACT	T/T	90.256	PASS	30	ACT:30	15	15
SRR23343487	AD_Malaysia	717	secondary	sensitivity	ACT/ACT	T/T	87.244	PASS	29	ACT:29	11	18
SRR23343488	AD_Malaysia	717	secondary	sensitivity	ACT/ACT	T/T	84.238	PASS	28	ACT:28	13	15
SRR23343489	AD_Malaysia	717	secondary	sensitivity	ACT/ACT	T/T	78.214	PASS	26	ACT:26	10	16
SRR23343490	AD_Malaysia	717	secondary	sensitivity	ACT/ACT	T/T	45.130	PASS	15	ACT:15	4	11
SRR23343491	AD_Malaysia	717	secondary	sensitivity	ACT/ACT	T/T	69.194	PASS	23	ACT:23	7	16
SRR23343492	AD_Malaysia	717	secondary	sensitivity	ACT/ACT	T/T	96.274	PASS	32	ACT:32	11	21
SRR23343493	AD_Malaysia	717	secondary	sensitivity	ACT/ACT	T/T	72.206	PASS	24	ACT:24	11	13
SRR23343494	AD_Malaysia	717	secondary	sensitivity	ACT/ACT	T/T	90.253	PASS	30	ACT:30	12	18
SRR23343438	AD_Malaysia	727	secondary	sensitivity	GTT/GTT	V/V	99.000	PASS	56	GTT:56	27	29
SRR23343439	AD_Malaysia	727	secondary	sensitivity	GTT/GTT	V/V	99.000	PASS	33	GTT:33	18	15
SRR23343440	AD_Malaysia	727	secondary	sensitivity	GTT/GTT	V/V	99.000	PASS	34	GTT:34	13	21
SRR23343441	AD_Malaysia	727	secondary	sensitivity	GTT/GTT	V/V	84.238	PASS	28	GTT:28	16	12
SRR23343442	AD_Malaysia	727	secondary	sensitivity	GCT/GCT	A/A	99.000	PASS	39	GCT:39	21	18
SRR23343443	AD_Malaysia	727	secondary	sensitivity	GCT/GCT	A/A	66.179	PASS	22	GCT:22	12	10
SRR23343444	AD_Malaysia	727	secondary	sensitivity	GCT/GCT	A/A	72.209	PASS	24	GCT:24	18	6
SRR23343445	AD_Malaysia	727	secondary	sensitivity	GCT/GCT	A/A	99.000	PASS	36	GCT:36	15	21
SRR23343446	AD_Malaysia	727	secondary	sensitivity	GCT/GCT	A/A	81.233	PASS	27	GCT:27	14	13
SRR23343447	AD_Malaysia	727	secondary	sensitivity	GCT/GCT	A/A	99.000	PASS	34	GCT:34	13	21
SRR23343448	AD_Malaysia	727	secondary	sensitivity	GCT/GCT	A/A	78.218	PASS	26	GCT:26	12	14
SRR23343449	AD_Malaysia	727	secondary	sensitivity	GTT/GTT	V/V	81.233	PASS	27	GTT:27	12	15
SRR23343450	AD_Malaysia	727	secondary	sensitivity	GCT/GCT	A/A	81.233	PASS	27	GCT:27	12	15
SRR23343451	AD_Malaysia	727	secondary	sensitivity	GCT/GCT	A/A	72.212	PASS	24	GCT:24	17	7
SRR23343452	AD_Malaysia	727	secondary	sensitivity	GCT/GCT	A/A	99.000	PASS	42	GCT:42	28	14
SRR23343453	AD_Malaysia	727	secondary	sensitivity	GCT/GCT	A/A	30.085	PASS	10	GCT:10	7	3
SRR23343454	AD_Malaysia	727	secondary	sensitivity	GCT/GCT	A/A	69.194	PASS	23	GCT:23	14	9
SRR23343455	AD_Malaysia	727	secondary	sensitivity	GCT/GCT	A/A	15.044	low_depth;low_genotype_quality	5	GCT:5	1	4
SRR23343456	AD_Malaysia	727	secondary	sensitivity	GCT/GCT	A/A	90.250	PASS	30	GCT:30	15	15
SRR23343457	AD_Malaysia	727	secondary	sensitivity	GCT/GCT	A/A	87.254	PASS	29	GCT:29	14	15
SRR23343458	AD_Malaysia	727	secondary	sensitivity	GCT/GCT	A/A	78.227	PASS	26	GCT:26	10	16
SRR23343459	AD_Malaysia	727	secondary	sensitivity	GCT/GCT	A/A	69.194	PASS	23	GCT:23	13	10
SRR23343460	AD_Malaysia	727	secondary	sensitivity	GTT/GTT	V/V	75.215	PASS	25	GTT:25	10	15
SRR23343461	AD_Malaysia	727	secondary	sensitivity	GCT/GCT	A/A	96.280	PASS	32	GCT:32	17	15
SRR23343462	AD_Malaysia	727	secondary	sensitivity	GCT/GCT	A/A	99.000	PASS	36	GCT:36	24	12
SRR23343463	AD_Malaysia	727	secondary	sensitivity	GCT/GCT	A/A	49.478	PASS	28	GCC:1;GCT:27	12	16
SRR23343464	AD_Malaysia	727	secondary	sensitivity	GCT/GCT	A/A	93.271	PASS	31	GCT:31	18	13
SRR23343465	AD_Malaysia	727	secondary	sensitivity	GCT/GCT	A/A	72.200	PASS	24	GCT:24	16	8
SRR23343466	AD_Malaysia	727	secondary	sensitivity	GCT/GCT	A/A	57.165	PASS	19	GCT:19	13	6
SRR23343467	AD_Malaysia	727	secondary	sensitivity	GCT/GCT	A/A	60.171	PASS	20	GCT:20	11	9
SRR23343468	AD_Malaysia	727	secondary	sensitivity	GCT/GCT	A/A	87.247	PASS	29	GCT:29	12	17
SRR23343469	AD_Malaysia	727	secondary	sensitivity	GCT/GCT	A/A	90.259	PASS	30	GCT:30	17	13
SRR23343470	AD_Malaysia	727	secondary	sensitivity	GCT/GCT	A/A	66.188	PASS	22	GCT:22	14	8
SRR23343471	AD_Malaysia	727	secondary	sensitivity	GTT/GTT	V/V	96.280	PASS	32	GTT:32	16	16
SRR23343472	AD_Malaysia	727	secondary	sensitivity	GCT/GCT	A/A	99.000	PASS	34	GCT:34	17	17
SRR23343473	AD_Malaysia	727	secondary	sensitivity	GCT/GCT	A/A	99.000	PASS	52	GCT:52	29	23
SRR23343474	AD_Malaysia	727	secondary	sensitivity	GTT/GTT	V/V	75.199	PASS	25	GTT:25	14	11
SRR23343475	AD_Malaysia	727	secondary	sensitivity	GTT/GTT	V/V	54.153	PASS	18	GTT:18	11	7
SRR23343476	AD_Malaysia	727	secondary	sensitivity	GTT/GTT	V/V	60.171	PASS	20	GTT:20	10	10
SRR23343477	AD_Malaysia	727	secondary	sensitivity	GTT/GTT	V/V	99.000	PASS	36	GTT:36	19	17
SRR23343478	AD_Malaysia	727	secondary	sensitivity	GTT/GTT	V/V	84.235	PASS	28	GTT:28	16	12
SRR23343479	AD_Malaysia	727	secondary	sensitivity	GTT/GTT	V/V	69.185	PASS	23	GTT:23	10	13
SRR23343480	AD_Malaysia	727	secondary	sensitivity	GTT/GTT	V/V	96.271	PASS	32	GTT:32	17	15
SRR23343481	AD_Malaysia	727	secondary	sensitivity	GTT/GTT	V/V	99.000	PASS	35	GTT:35	15	20
SRR23343482	AD_Malaysia	727	secondary	sensitivity	GTT/GTT	V/V	99.000	PASS	33	GTT:33	18	15
SRR23343483	AD_Malaysia	727	secondary	sensitivity	GTT/GTT	V/V	99.000	PASS	35	GTT:35	20	15
SRR23343484	AD_Malaysia	727	secondary	sensitivity	GTT/GTT	V/V	78.224	PASS	26	GTT:26	9	17
SRR23343485	AD_Malaysia	727	secondary	sensitivity	GTT/GTT	V/V	75.209	PASS	25	GTT:25	10	15
SRR23343486	AD_Malaysia	727	secondary	sensitivity	GTT/GTT	V/V	90.256	PASS	30	GTT:30	11	19
SRR23343487	AD_Malaysia	727	secondary	sensitivity	GTT/GTT	V/V	99.000	PASS	35	GTT:35	17	18
SRR23343488	AD_Malaysia	727	secondary	sensitivity	GTT/GTT	V/V	78.218	PASS	26	GTT:26	13	13
SRR23343489	AD_Malaysia	727	secondary	sensitivity	GTT/GTT	V/V	99.000	PASS	34	GTT:34	20	14
SRR23343490	AD_Malaysia	727	secondary	sensitivity	GTT/GTT	V/V	78.221	PASS	26	GTT:26	12	14
SRR23343491	AD_Malaysia	727	secondary	sensitivity	GTT/GTT	V/V	72.200	PASS	24	GTT:24	15	9
SRR23343492	AD_Malaysia	727	secondary	sensitivity	GTT/GTT	V/V	99.000	PASS	35	GTT:35	16	19
SRR23343493	AD_Malaysia	727	secondary	sensitivity	GTT/GTT	V/V	66.185	PASS	22	GTT:22	13	9
SRR23343494	AD_Malaysia	727	secondary	sensitivity	GTT/GTT	V/V	87.247	PASS	29	GTT:29	11	18
SRR23343438	AD_Malaysia	766	secondary	sensitivity	TTT/TTT	F/F	99.000	PASS	50	TTT:50	28	22
SRR23343439	AD_Malaysia	766	secondary	sensitivity	TTT/TTT	F/F	99.000	PASS	39	TTT:39	21	18
SRR23343440	AD_Malaysia	766	secondary	sensitivity	TTT/TTT	F/F	99.000	PASS	34	TTT:34	22	12
SRR23343441	AD_Malaysia	766	secondary	sensitivity	TTT/TTT	F/F	69.194	PASS	23	TTT:23	12	11
SRR23343442	AD_Malaysia	766	secondary	sensitivity	CTC/CTC	L/L	99.000	PASS	53	CTC:53	31	22
SRR23343443	AD_Malaysia	766	secondary	sensitivity	CTC/CTC	L/L	96.274	PASS	32	CTC:32	14	18
SRR23343444	AD_Malaysia	766	secondary	sensitivity	CTC/CTC	L/L	42.121	PASS	14	CTC:14	8	6
SRR23343445	AD_Malaysia	766	secondary	sensitivity	CTC/CTC	L/L	99.000	PASS	42	CTC:42	21	21
SRR23343446	AD_Malaysia	766	secondary	sensitivity	CTC/CTC	L/L	93.268	PASS	31	CTC:31	14	17
SRR23343447	AD_Malaysia	766	secondary	sensitivity	CTC/CTC	L/L	99.000	PASS	38	CTC:38	23	15
SRR23343448	AD_Malaysia	766	secondary	sensitivity	CTC/CTC	L/L	81.236	PASS	27	CTC:27	18	9
SRR23343449	AD_Malaysia	766	secondary	sensitivity	TTT/TTT	F/F	93.265	PASS	31	TTT:31	19	12
SRR23343450	AD_Malaysia	766	secondary	sensitivity	CTC/CTC	L/L	99.000	PASS	34	CTC:34	17	17
SRR23343451	AD_Malaysia	766	secondary	sensitivity	CTC/CTC	L/L	72.206	PASS	24	CTC:24	16	8
SRR23343452	AD_Malaysia	766	secondary	sensitivity	CTC/CTC	L/L	99.000	PASS	36	CTC:36	18	18
SRR23343453	AD_Malaysia	766	secondary	sensitivity	CTC/CTC	L/L	57.168	PASS	19	CTC:19	12	7
SRR23343454	AD_Malaysia	766	secondary	sensitivity	CTC/CTC	L/L	51.147	PASS	17	CTC:17	8	9
SRR23343455	AD_Malaysia	766	secondary	sensitivity	CTC/CTC	L/L	21.059	low_depth;low_genotype_quality	7	CTC:7	1	6
SRR23343456	AD_Malaysia	766	secondary	sensitivity	CTC/CTC	L/L	99.000	PASS	37	CTC:37	16	21
SRR23343457	AD_Malaysia	766	secondary	sensitivity	CTC/CTC	L/L	99.000	PASS	36	CTC:36	16	20
SRR23343458	AD_Malaysia	766	secondary	sensitivity	CTC/CTC	L/L	99.000	PASS	43	CTC:43	19	24
SRR23343459	AD_Malaysia	766	secondary	sensitivity	CTC/CTC	L/L	81.239	PASS	27	CTC:27	10	17
SRR23343460	AD_Malaysia	766	secondary	sensitivity	TTT/TTT	F/F	63.508	PASS	31	TTA:1;TTT:30	12	19
SRR23343461	AD_Malaysia	766	secondary	sensitivity	CTC/CTC	L/L	99.000	PASS	35	CTC:35	24	11
SRR23343462	AD_Malaysia	766	secondary	sensitivity	CTC/CTC	L/L	99.000	PASS	47	CTC:47	21	26
SRR23343463	AD_Malaysia	766	secondary	sensitivity	CTC/CTC	L/L	99.000	PASS	39	CTC:39	19	20
SRR23343464	AD_Malaysia	766	secondary	sensitivity	CTC/CTC	L/L	96.277	PASS	32	CTC:32	18	14
SRR23343465	AD_Malaysia	766	secondary	sensitivity	CTC/CTC	L/L	48.135	PASS	16	CTC:16	7	9
SRR23343466	AD_Malaysia	766	secondary	sensitivity	CTC/CTC	L/L	57.168	PASS	19	CTC:19	12	7
SRR23343467	AD_Malaysia	766	secondary	sensitivity	CTC/CTC	L/L	69.197	PASS	23	CTC:23	14	9
SRR23343468	AD_Malaysia	766	secondary	sensitivity	CTC/CTC	L/L	99.000	PASS	33	CTC:33	21	12
SRR23343469	AD_Malaysia	766	secondary	sensitivity	CTC/CTC	L/L	75.221	PASS	25	CTC:25	15	10
SRR23343470	AD_Malaysia	766	secondary	sensitivity	CTC/TTT	F/L	6.317	low_genotype_quality;heterozygote_balance	21	CTC:20;TTT:1	10	11
SRR23343471	AD_Malaysia	766	secondary	sensitivity	TTT/TTT	F/F	81.226	PASS	27	TTT:27	13	14
SRR23343472	AD_Malaysia	766	secondary	sensitivity	CTC/CTC	L/L	96.277	PASS	32	CTC:32	17	15
SRR23343473	AD_Malaysia	766	secondary	sensitivity	CTC/CTC	L/L	99.000	PASS	61	CTC:61	38	23
SRR23343474	AD_Malaysia	766	secondary	sensitivity	TTT/TTT	F/F	87.247	PASS	29	TTT:29	15	14
SRR23343475	AD_Malaysia	766	secondary	sensitivity	TTT/TTT	F/F	81.236	PASS	27	TTT:27	12	15
SRR23343476	AD_Malaysia	766	secondary	sensitivity	TTT/TTT	F/F	78.221	PASS	26	TTT:26	9	17
SRR23343477	AD_Malaysia	766	secondary	sensitivity	TTT/TTT	F/F	99.000	PASS	38	TTT:38	22	16
SRR23343478	AD_Malaysia	766	secondary	sensitivity	TTT/TTT	F/F	99.000	PASS	35	TTT:35	17	18
SRR23343479	AD_Malaysia	766	secondary	sensitivity	TTT/TTT	F/F	87.247	PASS	29	TTT:29	22	7
SRR23343480	AD_Malaysia	766	secondary	sensitivity	TTT/TTT	F/F	93.268	PASS	31	TTT:31	13	18
SRR23343481	AD_Malaysia	766	secondary	sensitivity	TTT/TTT	F/F	99.000	PASS	35	TTT:35	21	14
SRR23343482	AD_Malaysia	766	secondary	sensitivity	TTT/TTT	F/F	87.254	PASS	29	TTT:29	14	15
SRR23343483	AD_Malaysia	766	secondary	sensitivity	TTT/TTT	F/F	99.000	PASS	36	TTT:36	21	15
SRR23343484	AD_Malaysia	766	secondary	sensitivity	TTT/TTT	F/F	99.000	PASS	35	TTT:35	12	23
SRR23343485	AD_Malaysia	766	secondary	sensitivity	TTT/TTT	F/F	87.238	PASS	29	TTT:29	14	15
SRR23343486	AD_Malaysia	766	secondary	sensitivity	TTT/TTT	F/F	99.000	PASS	34	TTT:34	16	18
SRR23343487	AD_Malaysia	766	secondary	sensitivity	TTT/TTT	F/F	99.000	PASS	33	TTT:33	17	16
SRR23343488	AD_Malaysia	766	secondary	sensitivity	TTT/TTT	F/F	93.268	PASS	31	TTT:31	19	12
SRR23343489	AD_Malaysia	766	secondary	sensitivity	TTT/TTT	F/F	99.000	PASS	36	TTT:36	20	16
SRR23343490	AD_Malaysia	766	secondary	sensitivity	TTT/TTT	F/F	87.254	PASS	29	TTT:29	12	17
SRR23343491	AD_Malaysia	766	secondary	sensitivity	TTT/TTT	F/F	90.256	PASS	30	TTT:30	18	12
SRR23343492	AD_Malaysia	766	secondary	sensitivity	TTT/TTT	F/F	99.000	PASS	37	TTT:37	23	14
SRR23343493	AD_Malaysia	766	secondary	sensitivity	TTT/TTT	F/F	28.419	low_genotype_quality	21	TAT:1;TTT:20	11	10
SRR23343494	AD_Malaysia	766	secondary	sensitivity	TTT/TTT	F/F	99.000	PASS	45	TTT:45	21	24
SRR23343438	AD_Malaysia	822	within_species_comparison	sensitivity	ATA/ATA	I/I	99.000	PASS	58	ATA:58	28	30
SRR23343439	AD_Malaysia	822	within_species_comparison	sensitivity	ATA/ATA	I/I	99.000	PASS	37	ATA:37	12	25
SRR23343440	AD_Malaysia	822	within_species_comparison	sensitivity	ATA/ATA	I/I	99.000	PASS	34	ATA:34	13	21
SRR23343441	AD_Malaysia	822	within_species_comparison	sensitivity	ATA/ATA	I/I	78.224	PASS	26	ATA:26	15	11
SRR23343442	AD_Malaysia	822	within_species_comparison	sensitivity	ATA/ATA	I/I	99.000	PASS	53	ATA:53	25	28
SRR23343443	AD_Malaysia	822	within_species_comparison	sensitivity	ATA/ATA	I/I	87.250	PASS	29	ATA:29	12	17
SRR23343444	AD_Malaysia	822	within_species_comparison	sensitivity	ATA/ATA	I/I	60.174	PASS	20	ATA:20	7	13
SRR23343445	AD_Malaysia	822	within_species_comparison	sensitivity	ATA/ATA	I/I	99.000	PASS	52	ATA:52	27	25
SRR23343446	AD_Malaysia	822	within_species_comparison	sensitivity	ATA/ATA	I/I	84.245	PASS	28	ATA:28	15	13
SRR23343447	AD_Malaysia	822	within_species_comparison	sensitivity	ATA/ATA	I/I	99.000	PASS	45	ATA:45	23	22
SRR23343448	AD_Malaysia	822	within_species_comparison	sensitivity	ATA/ATA	I/I	84.248	PASS	28	ATA:28	12	16
SRR23343449	AD_Malaysia	822	within_species_comparison	sensitivity	ATA/ATA	I/I	72.206	PASS	24	ATA:24	12	12
SRR23343450	AD_Malaysia	822	within_species_comparison	sensitivity	ATA/ATA	I/I	99.000	PASS	35	ATA:35	13	22
SRR23343451	AD_Malaysia	822	within_species_comparison	sensitivity	ATA/ATA	I/I	69.200	PASS	23	ATA:23	9	14
SRR23343452	AD_Malaysia	822	within_species_comparison	sensitivity	ATA/ATA	I/I	99.000	PASS	38	ATA:38	21	17
SRR23343453	AD_Malaysia	822	within_species_comparison	sensitivity	ATA/ATA	I/I	66.188	PASS	22	ATA:22	7	15
SRR23343454	AD_Malaysia	822	within_species_comparison	sensitivity	ATA/ATA	I/I	90.256	PASS	30	ATA:30	10	20
SRR23343455	AD_Malaysia	822	within_species_comparison	sensitivity	ATA/ATA	I/I	3.009	low_depth;low_genotype_quality;one_strand_only	1	ATA:1	1	0
SRR23343456	AD_Malaysia	822	within_species_comparison	sensitivity	ATA/ATA	I/I	99.000	PASS	37	ATA:37	15	22
SRR23343457	AD_Malaysia	822	within_species_comparison	sensitivity	ATA/ATA	I/I	99.000	PASS	34	ATA:34	20	14
SRR23343458	AD_Malaysia	822	within_species_comparison	sensitivity	ATA/ATA	I/I	99.000	PASS	42	ATA:42	20	22
SRR23343459	AD_Malaysia	822	within_species_comparison	sensitivity	ATA/ATA	I/I	87.250	PASS	29	ATA:29	16	13
SRR23343460	AD_Malaysia	822	within_species_comparison	sensitivity	ATA/ATA	I/I	99.000	PASS	35	ATA:35	17	18
SRR23343461	AD_Malaysia	822	within_species_comparison	sensitivity	ATA/ATA	I/I	99.000	PASS	38	ATA:38	18	20
SRR23343462	AD_Malaysia	822	within_species_comparison	sensitivity	ATA/ATA	I/I	99.000	PASS	57	ATA:57	31	26
SRR23343463	AD_Malaysia	822	within_species_comparison	sensitivity	ATA/ATA	I/I	99.000	PASS	42	ATA:42	21	21
SRR23343464	AD_Malaysia	822	within_species_comparison	sensitivity	ATA/ATA	I/I	99.000	PASS	43	ATA:43	19	24
SRR23343465	AD_Malaysia	822	within_species_comparison	sensitivity	ATA/ATA	I/I	84.245	PASS	28	ATA:28	15	13
SRR23343466	AD_Malaysia	822	within_species_comparison	sensitivity	ATA/ATA	I/I	63.180	PASS	21	ATA:21	9	12
SRR23343467	AD_Malaysia	822	within_species_comparison	sensitivity	ATA/ATA	I/I	78.227	PASS	26	ATA:26	10	16
SRR23343468	AD_Malaysia	822	within_species_comparison	sensitivity	ATA/ATA	I/I	96.277	PASS	32	ATA:32	11	21
SRR23343469	AD_Malaysia	822	within_species_comparison	sensitivity	ATA/ATA	I/I	99.000	PASS	35	ATA:35	16	19
SRR23343470	AD_Malaysia	822	within_species_comparison	sensitivity	ATA/ATA	I/I	78.227	PASS	26	ATA:26	13	13
SRR23343471	AD_Malaysia	822	within_species_comparison	sensitivity	ATA/ATA	I/I	84.245	PASS	28	ATA:28	19	9
SRR23343472	AD_Malaysia	822	within_species_comparison	sensitivity	ATA/ATA	I/I	75.218	PASS	25	ATA:25	13	12
SRR23343473	AD_Malaysia	822	within_species_comparison	sensitivity	ATA/ATA	I/I	99.000	PASS	72	ATA:72	31	41
SRR23343474	AD_Malaysia	822	within_species_comparison	sensitivity	ATA/ATA	I/I	99.000	PASS	33	ATA:33	17	16
SRR23343475	AD_Malaysia	822	within_species_comparison	sensitivity	ATA/ATA	I/I	99.000	PASS	36	ATA:36	8	28
SRR23343476	AD_Malaysia	822	within_species_comparison	sensitivity	ATA/ATA	I/I	51.150	PASS	17	ATA:17	6	11
SRR23343477	AD_Malaysia	822	within_species_comparison	sensitivity	ATA/ATA	I/I	99.000	PASS	38	ATA:38	19	19
SRR23343478	AD_Malaysia	822	within_species_comparison	sensitivity	ATA/ATA	I/I	99.000	PASS	36	ATA:36	16	20
SRR23343479	AD_Malaysia	822	within_species_comparison	sensitivity	ATA/ATA	I/I	69.197	PASS	23	ATA:23	10	13
SRR23343480	AD_Malaysia	822	within_species_comparison	sensitivity	ATA/ATA	I/I	99.000	PASS	42	ATA:42	21	21
SRR23343481	AD_Malaysia	822	within_species_comparison	sensitivity	ATA/ATA	I/I	96.280	PASS	32	ATA:32	14	18
SRR23343482	AD_Malaysia	822	within_species_comparison	sensitivity	ATA/ATA	I/I	99.000	PASS	42	ATA:42	20	22
SRR23343483	AD_Malaysia	822	within_species_comparison	sensitivity	ATA/ATA	I/I	99.000	PASS	33	ATA:33	17	16
SRR23343484	AD_Malaysia	822	within_species_comparison	sensitivity	ATA/ATA	I/I	99.000	PASS	57	ATA:57	27	30
SRR23343485	AD_Malaysia	822	within_species_comparison	sensitivity	ATA/GTA	I/V	99.000	PASS	33	ATA:9;GTA:24	16	17
SRR23343486	AD_Malaysia	822	within_species_comparison	sensitivity	ATA/ATA	I/I	81.233	PASS	27	ATA:27	13	14
SRR23343487	AD_Malaysia	822	within_species_comparison	sensitivity	ATA/ATA	I/I	99.000	PASS	34	ATA:34	16	18
SRR23343488	AD_Malaysia	822	within_species_comparison	sensitivity	ATA/GTA	I/V	99.000	PASS	23	ATA:8;GTA:15	10	13
SRR23343489	AD_Malaysia	822	within_species_comparison	sensitivity	ATA/ATA	I/I	99.000	PASS	35	ATA:35	15	20
SRR23343490	AD_Malaysia	822	within_species_comparison	sensitivity	ATA/GTA	I/V	99.000	PASS	33	ATA:20;GTA:13	16	17
SRR23343491	AD_Malaysia	822	within_species_comparison	sensitivity	ATA/ATA	I/I	60.174	PASS	20	ATA:20	9	11
SRR23343492	AD_Malaysia	822	within_species_comparison	sensitivity	ATA/ATA	I/I	69.200	PASS	23	ATA:23	8	15
SRR23343493	AD_Malaysia	822	within_species_comparison	sensitivity	ATA/ATA	I/I	69.200	PASS	23	ATA:23	10	13
SRR23343494	AD_Malaysia	822	within_species_comparison	sensitivity	ATA/ATA	I/I	99.000	PASS	36	ATA:36	19	17
SRR23343438	AD_Malaysia	1134	primary	sensitivity	CTT/CTT	L/L	99.000	PASS	44	CTT:44	14	30
SRR23343439	AD_Malaysia	1134	primary	sensitivity	CTT/CTT	L/L	99.000	PASS	43	CTT:43	27	16
SRR23343440	AD_Malaysia	1134	primary	sensitivity	CTT/CTT	L/L	99.000	PASS	38	CTT:38	21	17
SRR23343441	AD_Malaysia	1134	primary	sensitivity	CTT/CTT	L/L	99.000	PASS	34	CTT:34	19	15
SRR23343442	AD_Malaysia	1134	primary	sensitivity	TTT/TTT	F/F	99.000	PASS	57	TTT:57	31	26
SRR23343443	AD_Malaysia	1134	primary	sensitivity	TTT/TTT	F/F	84.242	PASS	28	TTT:28	15	13
SRR23343444	AD_Malaysia	1134	primary	sensitivity	TTT/TTT	F/F	99.000	PASS	34	TTT:34	17	17
SRR23343445	AD_Malaysia	1134	primary	sensitivity	TTT/TTT	F/F	99.000	PASS	41	TTT:41	24	17
SRR23343446	AD_Malaysia	1134	primary	sensitivity	TTT/TTT	F/F	78.221	PASS	26	TTT:26	11	15
SRR23343447	AD_Malaysia	1134	primary	sensitivity	TTT/TTT	F/F	99.000	PASS	41	TTT:41	19	22
SRR23343448	AD_Malaysia	1134	primary	sensitivity	TTT/TTT	F/F	84.238	PASS	28	TTT:28	13	15
SRR23343449	AD_Malaysia	1134	primary	sensitivity	CTT/CTT	L/L	99.000	PASS	33	CTT:33	18	15
SRR23343450	AD_Malaysia	1134	primary	sensitivity	TTT/TTT	F/F	99.000	PASS	34	TTT:34	14	20
SRR23343451	AD_Malaysia	1134	primary	sensitivity	TTT/TTT	F/F	75.212	PASS	25	TTT:25	12	13
SRR23343452	AD_Malaysia	1134	primary	sensitivity	TTT/TTT	F/F	99.000	PASS	38	TTT:38	19	19
SRR23343453	AD_Malaysia	1134	primary	sensitivity	TTT/TTT	F/F	69.200	PASS	23	TTT:23	7	16
SRR23343454	AD_Malaysia	1134	primary	sensitivity	TTT/TTT	F/F	75.218	PASS	25	TTT:25	12	13
SRR23343455	AD_Malaysia	1134	primary	sensitivity	TTT/TTT	F/F	6.018	low_depth;low_genotype_quality	2	TTT:2	1	1
SRR23343456	AD_Malaysia	1134	primary	sensitivity	TTT/TTT	F/F	90.259	PASS	30	TTT:30	14	16
SRR23343457	AD_Malaysia	1134	primary	sensitivity	TTT/TTT	F/F	99.000	PASS	34	TTT:34	18	16
SRR23343458	AD_Malaysia	1134	primary	sensitivity	TTT/TTT	F/F	99.000	PASS	40	TTT:40	26	14
SRR23343459	AD_Malaysia	1134	primary	sensitivity	TTT/TTT	F/F	72.206	PASS	24	TTT:24	10	14
SRR23343460	AD_Malaysia	1134	primary	sensitivity	CTT/CTT	L/L	99.000	PASS	46	CTT:46	29	17
SRR23343461	AD_Malaysia	1134	primary	sensitivity	TTT/TTT	F/F	96.277	PASS	32	TTT:32	15	17
SRR23343462	AD_Malaysia	1134	primary	sensitivity	TTT/TTT	F/F	99.000	PASS	46	TTT:46	29	17
SRR23343463	AD_Malaysia	1134	primary	sensitivity	TTT/TTT	F/F	99.000	PASS	36	TTT:36	17	19
SRR23343464	AD_Malaysia	1134	primary	sensitivity	TTT/TTT	F/F	99.000	PASS	35	TTT:35	14	21
SRR23343465	AD_Malaysia	1134	primary	sensitivity	TTT/TTT	F/F	57.159	PASS	19	TTT:19	11	8
SRR23343466	AD_Malaysia	1134	primary	sensitivity	TTT/TTT	F/F	99.000	PASS	35	TTT:35	15	20
SRR23343467	AD_Malaysia	1134	primary	sensitivity	TTT/TTT	F/F	99.000	PASS	45	TTT:45	31	14
SRR23343468	AD_Malaysia	1134	primary	sensitivity	TTT/TTT	F/F	99.000	PASS	49	TTT:49	24	25
SRR23343469	AD_Malaysia	1134	primary	sensitivity	TTT/TTT	F/F	99.000	PASS	33	TTT:33	17	16
SRR23343470	AD_Malaysia	1134	primary	sensitivity	TTT/TTT	F/F	78.221	PASS	26	TTT:26	14	12
SRR23343471	AD_Malaysia	1134	primary	sensitivity	CTT/CTT	L/L	99.000	PASS	40	CTT:40	23	17
SRR23343472	AD_Malaysia	1134	primary	sensitivity	TTT/TTT	F/F	99.000	PASS	36	TTT:36	23	13
SRR23343473	AD_Malaysia	1134	primary	sensitivity	TTT/TTT	F/F	99.000	PASS	66	TTT:66	36	30
SRR23343474	AD_Malaysia	1134	primary	sensitivity	CTT/CTT	L/L	99.000	PASS	33	CTT:33	19	14
SRR23343475	AD_Malaysia	1134	primary	sensitivity	CTT/CTT	L/L	90.256	PASS	30	CTT:30	15	15
SRR23343476	AD_Malaysia	1134	primary	sensitivity	CTT/CTT	L/L	72.197	PASS	24	CTT:24	14	10
SRR23343477	AD_Malaysia	1134	primary	sensitivity	CTT/CTT	L/L	99.000	PASS	37	CTT:37	18	19
SRR23343478	AD_Malaysia	1134	primary	sensitivity	CTT/CTT	L/L	84.242	PASS	28	CTT:28	10	18
SRR23343479	AD_Malaysia	1134	primary	sensitivity	CTT/CTT	L/L	78.227	PASS	26	CTT:26	14	12
SRR23343480	AD_Malaysia	1134	primary	sensitivity	CTT/CTT	L/L	99.000	PASS	36	CTT:36	19	17
SRR23343481	AD_Malaysia	1134	primary	sensitivity	CTT/CTT	L/L	84.242	PASS	28	CTT:28	9	19
SRR23343482	AD_Malaysia	1134	primary	sensitivity	CTT/CTT	L/L	90.253	PASS	30	CTT:30	18	12
SRR23343483	AD_Malaysia	1134	primary	sensitivity	CTT/CTT	L/L	78.224	PASS	26	CTT:26	9	17
SRR23343484	AD_Malaysia	1134	primary	sensitivity	CTT/CTT	L/L	99.000	PASS	55	CTT:55	29	26
SRR23343485	AD_Malaysia	1134	primary	sensitivity	CTT/CTT	L/L	81.233	PASS	27	CTT:27	15	12
SRR23343486	AD_Malaysia	1134	primary	sensitivity	CTT/CTT	L/L	99.000	PASS	34	CTT:34	25	9
SRR23343487	AD_Malaysia	1134	primary	sensitivity	CTT/CTT	L/L	99.000	PASS	35	CTT:35	18	17
SRR23343488	AD_Malaysia	1134	primary	sensitivity	CTT/CTT	L/L	81.239	PASS	27	CTT:27	14	13
SRR23343489	AD_Malaysia	1134	primary	sensitivity	CTT/CTT	L/L	99.000	PASS	38	CTT:38	22	16
SRR23343490	AD_Malaysia	1134	primary	sensitivity	CTT/CTT	L/L	75.215	PASS	25	CTT:25	12	13
SRR23343491	AD_Malaysia	1134	primary	sensitivity	CTT/CTT	L/L	75.212	PASS	25	CTT:25	15	10
SRR23343492	AD_Malaysia	1134	primary	sensitivity	CTT/CTT	L/L	99.000	PASS	38	CTT:38	19	19
SRR23343493	AD_Malaysia	1134	primary	sensitivity	CTT/CTT	L/L	63.180	PASS	21	CTT:21	12	9
SRR23343494	AD_Malaysia	1134	primary	sensitivity	CTT/CTT	L/L	99.000	PASS	41	CTT:41	19	22
