Orthogroup	Apis_cerana	Apis_dorsata	Apis_florea	Apis_laboriosa	Apis_mellifera	Bombus_terrestris
OG0000000	XP_016905411.2		XP_086772606.1			XP_003402154.2, XP_012167635.2, XP_012171986.2, XP_012171987.2, XP_012171988.1, XP_012174218.2, XP_012174418.1, XP_012174527.2, XP_012174538.2, XP_012174539.2, XP_012174868.1, XP_012174870.2, XP_012174900.2, XP_012175517.2, XP_012175530.3, XP_012175814.2, XP_012176290.1, XP_020723960.2, XP_048260702.1, XP_048261439.1, XP_048261532.1, XP_048261808.1, XP_048261969.1, XP_048261980.1, XP_048262499.1, XP_048262528.1, XP_048262969.1, XP_048263147.1, XP_048263409.1, XP_048263589.1, XP_048263590.1, XP_048263591.1, XP_048264420.1, XP_048266671.1, XP_048267485.1, XP_048268301.1, XP_048268720.1, XP_048269142.1, XP_048269306.1, XP_048269307.1, XP_048269544.1, XP_048269568.1, XP_048269593.1, XP_048269626.1, XP_048269627.1, XP_048269628.1, XP_048269637.1, XP_048269638.1, XP_048269640.1, XP_048269748.1, XP_048269845.1, XP_048269846.1, XP_048269848.1, XP_048269850.1, XP_048269851.1, XP_048269856.1, XP_048269858.1, XP_048269860.1, XP_048270060.1, XP_048270084.1, XP_048270097.1, XP_048270101.1, XP_048270102.1, XP_048270103.1, XP_048270104.1, XP_048270106.1, XP_048270107.1, XP_048270109.1, XP_048270111.1, XP_048270112.1, XP_048270117.1, XP_048270121.1, XP_048270126.1, XP_048270127.1, XP_048270135.1, XP_048270137.1, XP_048270227.1, XP_048270238.1, XP_048270239.1, XP_048270696.1
OG0000001	XP_028522099.2, XP_028522104.1, XP_061929853.1, XP_061929858.1, XP_061929862.1, XP_061929863.1, XP_061929864.1, XP_061929865.1, XP_061939493.1, XP_061939972.1, XP_061939973.1, XP_061939974.1, XP_061940018.1, XP_061940021.1, XP_061940023.1	XP_006610293.1, XP_006622864.2, XP_006622866.1, XP_031369706.1, XP_031369710.1, XP_031371312.1, XP_031371314.1, XP_031371315.1	XP_031773267.2, XP_031773269.2, XP_031773293.2, XP_031776166.2, XP_086759344.1, XP_086759346.1, XP_086759347.1, XP_086759348.1, XP_086759349.1, XP_086759350.1, XP_086766161.1, XP_086768624.1, XP_086769247.1, XP_086769287.1, XP_086769298.1, XP_086769316.1, XP_086769330.1	XP_043788199.1, XP_043788200.1, XP_043788202.1, XP_043788203.1, XP_043788204.1, XP_043788205.1, XP_043788206.1, XP_043788207.1, XP_043788208.1, XP_043797727.1, XP_043797728.1, XP_043797750.1, XP_043797752.1, XP_043797756.1, XP_043797766.1, XP_043797767.1, XP_043797768.1	XP_006562027.2, XP_006562033.1, XP_016767059.1, XP_016772777.2, XP_026296276.1, XP_026296277.1, XP_026296278.1, XP_026300304.1, XP_026300418.1, XP_026300431.1, XP_026300464.1, XP_026300465.1, XP_026300491.1, XP_026300504.1, XP_026300571.1	XP_048260775.1
OG0000002	NP_001315408.1, XP_016911088.1, XP_016911095.1, XP_061937079.1, XP_061937080.1, XP_061937298.1, XP_061937299.1, XP_061937303.1, XP_061937306.1	XP_006616416.1, XP_006616420.1, XP_006619919.1, XP_031366632.1, XP_031366638.1, XP_031366639.1	XP_003695156.2, XP_003695157.2, XP_003695161.3, XP_012344030.2, XP_012344032.1, XP_012344034.2, XP_086767656.1, XP_086770658.1, XP_086770697.1, XP_086770718.1, XP_086770727.1	XP_043784566.1, XP_043784567.1, XP_043784569.1, XP_043784570.1, XP_043784588.1, XP_043784589.1, XP_043784590.1, XP_043784675.1, XP_043784699.1	NP_001011564.1, NP_001011579.1, NP_001011580.1, NP_001011599.1, NP_001011601.1, NP_001011610.1, NP_001011622.1, NP_001014429.1, NP_001019868.1	XP_048263190.1
OG0000003	XP_016910285.3, XP_016910423.1, XP_016910451.2, XP_061927036.1, XP_061927037.1, XP_061927047.1, XP_061927048.1, XP_061927050.1, XP_061927965.1	XP_006615236.1, XP_006615237.1, XP_006615238.1, XP_006615240.1, XP_006615242.1, XP_006615243.1, XP_031366087.1	XP_003691287.1, XP_003691288.1, XP_003691293.1, XP_003691469.2, XP_031770820.1, XP_031770824.1, XP_031770826.2, XP_086771267.1, XP_086771270.1, XP_086771291.1	XP_043803266.1, XP_043803269.1, XP_043803272.1, XP_043803275.1, XP_043803277.1, XP_043803278.1, XP_043803279.1	NP_001229902.1, XP_003250750.1, XP_003250751.1, XP_003250754.2, XP_006565886.1, XP_006565953.2, XP_006565958.1, XP_016773534.1, XP_016773535.1, XP_016773539.1, XP_026294766.1	
OG0000004	XP_016916210.2	XP_006620608.1	XP_003697885.1	XP_043784684.1	XP_026301522.1	XP_048260247.1, XP_048260248.1, XP_048260420.1, XP_048260423.1, XP_048260426.1, XP_048260572.1, XP_048260577.1, XP_048260598.1, XP_048260601.1, XP_048260632.1, XP_048260645.1, XP_048260890.1, XP_048260892.1, XP_048260902.1, XP_048260903.1, XP_048261031.1, XP_048261032.1, XP_048261033.1, XP_048261034.1, XP_048261047.1, XP_048261048.1, XP_048261347.1, XP_048261352.1, XP_048261356.1, XP_048261361.1, XP_048261470.1, XP_048270130.1, XP_048270134.1, XP_048270557.1, XP_048270559.1, XP_048270628.1, XP_048270692.1, XP_048270694.1
OG0000005	XP_016916883.1, XP_016916884.2, XP_016916885.1, XP_061941405.1, XP_061941406.1, XP_061941407.1, XP_061941408.1	XP_006609097.1, XP_006609098.1, XP_006609099.2, XP_006609100.1, XP_006609101.1, XP_006609102.1	XP_003695913.3, XP_012344854.2, XP_012345075.2, XP_031773734.1, XP_086758872.1, XP_086758874.1, XP_086758875.1, XP_086758876.1	XP_043790389.1, XP_043790390.1, XP_043790392.1, XP_043790393.1, XP_043790657.1, XP_043801671.1	NP_001035295.1, NP_001035296.1, NP_001035297.1, NP_001035298.1, NP_001035299.1, NP_001035313.1, NP_001035317.1	
OG0000006	XP_061940188.1, XP_061941107.1, XP_061941109.1, XP_061941121.1, XP_061941132.1, XP_061942223.1, XP_061942788.1	XP_006624557.2, XP_031368097.1, XP_031368098.1, XP_031368099.1, XP_031370445.1, XP_031370446.1, XP_031370447.1, XP_031370449.1, XP_031370450.1	XP_012348635.3, XP_031775575.1, XP_086770201.1, XP_086770203.1, XP_086770661.1, XP_086770662.1, XP_086770663.1, XP_086770664.1, XP_086770665.1	XP_043791128.1, XP_043793737.1, XP_043793738.1, XP_043793739.1, XP_043793809.1	XP_026301764.1, XP_026301776.1, XP_026301777.1, XP_026301778.1	
OG0000007	XP_016919496.1, XP_016919503.1, XP_016919506.2, XP_061937642.1, XP_061937643.1, XP_061937645.1, XP_061937866.1	XP_006608022.2, XP_006608023.2, XP_006608025.2, XP_006608026.1, XP_006625218.2, XP_031366379.1	XP_031776481.2, XP_086768480.1, XP_086768659.1, XP_086768662.1, XP_086768663.1, XP_086768699.1, XP_086768715.1	XP_043801520.1, XP_043801525.1, XP_043801526.1, XP_043801527.1, XP_043801528.1, XP_043801529.1	XP_016770795.1, XP_016770799.1, XP_016770806.2, XP_026299638.1	XP_012168805.1, XP_048265853.1
OG0000008	XP_016906126.2, XP_016907325.1, XP_016907326.2, XP_016914497.2, XP_028521143.2	XP_006608741.1, XP_031369714.1, XP_031369718.1, XP_031369724.1, XP_031369741.1	XP_003697554.2, XP_031771812.1, XP_031775019.2, XP_031775020.2, XP_086769299.1, XP_086769491.1	XP_043792691.1, XP_043795907.1, XP_043799761.1, XP_043799762.1, XP_043799764.1, XP_043799765.1	XP_003250569.2, XP_003251148.1, XP_006565513.1, XP_006568008.2, XP_392145.3, XP_394210.5	XP_012168741.2
OG0000009	XP_061939986.1, XP_061939988.1, XP_061940001.1, XP_061940002.1, XP_061940004.1, XP_061940005.1	XP_006622870.1, XP_006622878.2, XP_031369703.1, XP_031369704.1, XP_031369705.1	XP_086768619.1, XP_086769071.1, XP_086769078.1, XP_086769088.1, XP_086769112.1	XP_043797655.1, XP_043797658.1, XP_043797713.1, XP_043797784.1, XP_043797813.1	XP_001122575.3, XP_006572097.2, XP_016772838.2, XP_026300396.1, XP_026300397.1, XP_026300402.1, XP_026300405.1	XP_012168914.1
OG0000010	XP_016910762.1, XP_016910776.1, XP_016914441.2, XP_016914825.2	XP_006608907.1, XP_006618664.1, XP_006618961.1, XP_031370461.1	XP_003693107.1, XP_012343993.3, XP_031773284.1, XP_031773302.1, XP_086766531.1	XP_043795673.1, XP_043795819.1, XP_043797705.1, XP_043797716.1, XP_043797736.1	XP_006571990.1, XP_026297715.1, XP_026300528.1, XP_624193.2	XP_048269589.1, XP_048269590.1, XP_048269620.1, XP_048269634.1, XP_048269763.1, XP_048269765.1
OG0000011	XP_016917775.1	XP_006613362.1	XP_012342392.2	XP_043800192.1	XP_016768427.2	XP_048262513.1, XP_048262583.1, XP_048262585.1, XP_048265415.1, XP_048265416.1, XP_048265418.1, XP_048265419.1, XP_048265420.1, XP_048270150.1, XP_048270151.1, XP_048270152.1, XP_048270153.1, XP_048270154.1, XP_048270155.1, XP_048270157.1, XP_048270160.1, XP_048270161.1, XP_048270162.1, XP_048270163.1, XP_048270164.1, XP_048270165.1, XP_048270167.1, XP_048270243.1
OG0000012	XP_016904253.1	XP_006613377.1	XP_012350037.2	XP_043786285.1	XP_001120419.1	XP_012169627.1, XP_048265812.1, XP_048265888.1, XP_048265889.1, XP_048265890.1, XP_048265891.1, XP_048265892.1, XP_048265893.1, XP_048265894.1, XP_048265895.1, XP_048266221.1, XP_048266223.1, XP_048266224.1, XP_048266226.1, XP_048266228.1, XP_048266320.1, XP_048266321.1, XP_048266322.1, XP_048266323.1, XP_048266324.1, XP_048266465.1, XP_048266466.1, XP_048266546.1
OG0000013	XP_061942190.1, XP_061942191.1	XP_006614630.1, XP_031365750.1, XP_031365752.1, XP_031365757.1	XP_003696135.2, XP_003696140.2, XP_012344930.2, XP_086758532.1	XP_043789036.1, XP_043789037.1	XP_016772002.2, XP_016772004.2, XP_026301413.1	XP_003401115.1, XP_003403027.1, XP_048268711.1, XP_048268712.1, XP_048268815.1, XP_048268816.1, XP_048268817.1, XP_048268821.1, XP_048268822.1, XP_048268825.1, XP_048268826.1
OG0000014	XP_016915998.1	XP_006620606.1	XP_003697888.1	XP_043785030.1	XP_623481.2	XP_048260427.1, XP_048260573.1, XP_048260602.1, XP_048260635.1, XP_048260646.1, XP_048260692.1, XP_048260703.1, XP_048260904.1, XP_048260907.1, XP_048260909.1, XP_048260914.1, XP_048260918.1, XP_048261036.1, XP_048261040.1, XP_048261044.1, XP_048261050.1, XP_048261348.1, XP_048261357.1, XP_048261471.1, XP_048270133.1
OG0000015	XP_016910316.1, XP_016910320.1, XP_016910322.1, XP_016910325.2, XP_016910326.1	XP_006615207.1, XP_006615208.1, XP_006615209.1, XP_006615210.1	XP_003691311.2, XP_003691312.2, XP_012350994.2, XP_086771300.1, XP_086771305.1	XP_043803333.1, XP_043803334.1, XP_043803335.1, XP_043803337.1, XP_043803339.1	NP_001229889.1, NP_001229890.1, NP_001229891.1, NP_001229892.1, XP_006565945.1	
OG0000016	XP_016908627.2, XP_016908632.2, XP_016908637.2, XP_061938730.1	XP_006608955.1, XP_006608956.1, XP_006608958.1, XP_006608960.1, XP_006608961.1, XP_006608962.2	XP_003698402.2, XP_003698403.2, XP_086767802.1, XP_086767805.1, XP_086767809.1	XP_043803754.1, XP_043803879.1	NP_001229916.1, NP_001229917.1, XP_006562271.1, XP_006562272.1, XP_006562273.2	XP_003399526.1, XP_048267103.1
OG0000017	XP_016910417.1, XP_016910440.1, XP_016910445.1, XP_061927057.1	XP_006615223.1, XP_031366070.1, XP_031366071.1	XP_003691461.2, XP_012350983.1, XP_031770793.1, XP_086771271.1	XP_043803249.1, XP_043803283.1	NP_001229909.1, NP_001229911.1, XP_006565883.2, XP_026294765.1	XP_012175714.1, XP_012175715.2, XP_012175716.2, XP_020722961.2, XP_048265509.1, XP_048267274.1
OG0000018	XP_016908972.1, XP_016918774.2, XP_061935787.1, XP_061935788.1	XP_006621042.1, XP_006621044.1	XP_003695768.1, XP_086771058.1	XP_043791705.1, XP_043791908.1	XP_003251850.1, XP_026298534.1, XP_026298718.1, XP_026298730.1	XP_003401771.1, XP_003401772.1, XP_003401773.1, XP_003401825.1, XP_003401883.2, XP_003402069.1, XP_003402699.1, XP_012168526.2, XP_020720540.1
OG0000019	XP_016921509.1, XP_028525352.1, XP_028525353.1, XP_061933275.1	XP_006618074.2, XP_006621111.1, XP_031364231.1	XP_003697997.1, XP_012341146.1, XP_031775378.2, XP_086773067.1	XP_043795672.1, XP_043803468.1, XP_043803469.1, XP_043803708.1	XP_003251221.1, XP_003251624.1, XP_006570863.1, XP_016773376.1	XP_003392964.1, XP_003392970.1, XP_003393115.1, XP_012166136.1
OG0000020	XP_016917746.1	XP_006617290.1	XP_012339771.1	XP_043802667.1	XP_006557288.1	XP_020718945.2, XP_020718949.2, XP_048262085.1, XP_048262087.1, XP_048262089.1, XP_048262093.1, XP_048262094.1, XP_048262095.1, XP_048262100.1, XP_048262103.1, XP_048262106.1, XP_048262109.1, XP_048262113.1, XP_048262115.1, XP_048262118.1, XP_048262120.1, XP_048262122.1, XP_048262125.1
OG0000021	XP_016906658.1	XP_031365399.1	XP_003696431.1	XP_043792454.1	XP_625158.1	XP_003395860.2, XP_012164396.1, XP_048262127.1, XP_048262128.1, XP_048262129.1, XP_048262130.1, XP_048262131.1, XP_048262132.1, XP_048262133.1, XP_048262134.1, XP_048262135.1, XP_048262137.1, XP_048262138.1, XP_048262139.1, XP_048262140.1, XP_048262141.1, XP_048262142.1, XP_048262143.1
OG0000022	XP_016918043.2	XP_031366281.1	XP_012344105.2	XP_043804184.1	XP_006565270.3	XP_003394733.1, XP_003402269.2, XP_003402802.1, XP_020721700.2, XP_020723448.1, XP_020723511.2, XP_020723568.1, XP_020723844.2, XP_048269586.1, XP_048269587.1, XP_048269631.1, XP_048269632.1, XP_048269751.1, XP_048269871.1, XP_048269881.1, XP_048269882.1, XP_048269886.1
OG0000023	XP_028520755.1	XP_006613357.1	XP_031772497.1	XP_043799979.1	XP_016768399.1	XP_048262475.1, XP_048262592.1, XP_048262596.1, XP_048262600.1, XP_048270183.1, XP_048270188.1, XP_048270192.1, XP_048270195.1, XP_048270197.1, XP_048270202.1, XP_048270206.1, XP_048270209.1, XP_048270212.1, XP_048270215.1, XP_048270218.1, XP_048270244.1, XP_048270247.1
OG0000024	XP_016913015.3, XP_016915699.2, XP_061931849.1	XP_006608753.1, XP_006620006.1, XP_006620009.2	XP_003693970.2, XP_003698433.1, XP_012348769.2, XP_086770892.1	XP_043784893.1, XP_043804383.1, XP_043804403.1	XP_016768414.1, XP_026296992.1, XP_026296993.1, XP_026297082.1	XP_003402921.3, XP_003402924.2, XP_003402925.2, XP_048262759.1, XP_048262760.1
OG0000025	XP_016922090.2, XP_016922763.1, XP_061939985.1	XP_006614287.1, XP_006623283.1, XP_031365621.1, XP_031365622.1	XP_003698349.1, XP_031772912.2, XP_031772930.2, XP_086770308.1, XP_086770321.1	XP_043787430.1, XP_043787544.1, XP_043793785.1, XP_043799749.1	NP_001352068.1, NP_001352069.1, XP_006565076.1, XP_026300602.1, XP_623595.1	
OG0000026	XP_016904178.2, XP_016904186.3, XP_061939172.1, XP_061939175.1, XP_061939177.1	XP_006610185.2, XP_006610187.1, XP_031371291.1, XP_031371301.1, XP_031371302.1	XP_003695914.2, XP_012344902.2, XP_086767336.1	XP_043793911.1, XP_043793988.1, XP_043793995.1, XP_043793996.1	XP_003249267.2, XP_003249268.2, XP_006558389.2, XP_026300226.1	
OG0000027	XP_016915706.1, XP_061929478.1, XP_061929488.1, XP_061929490.1	XP_006607952.1, XP_006607953.1, XP_031368094.1	XP_003694301.3, XP_003694327.1, XP_012342860.1, XP_086759251.1	XP_043797386.1, XP_043797440.1, XP_043797463.1, XP_043802886.1	XP_006571892.1, XP_026295806.1, XP_026296155.1, XP_026296165.1, XP_026296169.1	XP_048260720.1
OG0000028	XP_016908830.1, XP_016908831.1, XP_016908837.2, XP_016910857.1	XP_006614783.1, XP_006618586.1, XP_006618588.1, XP_031367741.1	XP_003695683.2, XP_003695684.1, XP_003698870.1, XP_012344720.2	XP_043795325.1, XP_043801496.1, XP_043801501.1, XP_043801506.1	XP_001120852.2, XP_001120897.2, XP_026298987.1, XP_624521.1	XP_012176235.1
OG0000029	XP_016909358.1, XP_016913481.1, XP_016919493.2, XP_061929463.1	XP_006615004.1, XP_006624788.2, XP_031366457.1	XP_003693472.1, XP_003695739.2, XP_031772768.2, XP_086759570.1	XP_043790049.1, XP_043801581.1, XP_043802864.1, XP_043802877.1	XP_026295775.1, XP_026295994.1, XP_026296030.1, XP_026299539.1, XP_026300392.1	XP_003398756.3
OG0000030	XP_061942644.1	XP_006620568.1	XP_003697890.3	XP_043785134.1	XP_026301619.1	XP_048260697.1, XP_048260923.1, XP_048260927.1, XP_048261049.1, XP_048261051.1, XP_048261052.1, XP_048261054.1, XP_048261354.1, XP_048261355.1, XP_048261363.1, XP_048261440.1, XP_048261475.1, XP_048264927.1, XP_048266672.1, XP_048270119.1, XP_048270693.1
OG0000031	XP_061932899.1, XP_061932906.1, XP_061932907.1, XP_061932919.1, XP_061932920.1, XP_061932921.1, XP_061932922.1, XP_061932923.1, XP_061932925.1, XP_061932926.1, XP_061932927.1, XP_061932931.1, XP_061933393.1, XP_061933394.1, XP_061933395.1	XP_031365260.1	XP_031771849.2, XP_031771850.2, XP_031771851.2, XP_031771852.2		XP_026297579.1	
OG0000032	XP_061935560.1, XP_061935561.1, XP_061935565.1	XP_006617781.1, XP_006617783.1, XP_006617784.1, XP_006617787.1, XP_031367341.1, XP_031367343.1, XP_031367344.1, XP_031367345.1, XP_031367346.1, XP_031367347.1, XP_031367382.1	XP_086763273.1, XP_086763337.1, XP_086763346.1, XP_086763370.1, XP_086763378.1			
OG0000033			XP_012341578.2, XP_086759585.1, XP_086759586.1, XP_086764401.1, XP_086764491.1, XP_086768478.1, XP_086768611.1, XP_086770093.1, XP_086770204.1, XP_086770205.1, XP_086770659.1, XP_086770660.1, XP_086770666.1, XP_086770667.1, XP_086773853.1, XP_086773864.1, XP_086773865.1, XP_086773866.1			XP_012175230.2
OG0000034	XP_061936882.1	XP_006610666.1	XP_086769303.1	XP_043792714.1	XP_016769477.1	XP_003394739.1, XP_003400333.1, XP_003402021.2, XP_003402064.2, XP_003402067.2, XP_003403320.2, XP_012173606.3, XP_048265143.1, XP_048265145.1, XP_048265423.1, XP_048266584.1, XP_048269605.1, XP_048269618.1
OG0000035	XP_016910306.2, XP_016910323.1, XP_061927053.1	XP_006615212.1, XP_031366094.1, XP_031366112.1	XP_003691315.1, XP_012350997.1, XP_031770829.1	XP_043803233.1, XP_043803234.1, XP_043803343.1	NP_001229887.1, NP_001229888.1, XP_006565941.2, XP_006565943.1	XP_020722314.2, XP_020722318.2
OG0000036	XP_016904927.2, XP_061941113.1	XP_006619083.1, XP_031367931.1, XP_031368045.1	XP_003690072.2, XP_003693100.2, XP_086765349.1, XP_086766233.1	XP_043800515.1, XP_043801164.1, XP_043801166.1	NP_001128419.1, NP_001136081.1, XP_016768459.2, XP_026300733.1	XP_003396910.3, XP_003396911.2
OG0000037	XP_016921426.1, XP_016921507.1, XP_061932794.1	XP_006618073.1, XP_006621110.1, XP_031368961.1	XP_003697960.1, XP_003697994.1, XP_031775359.1	XP_043803593.1, XP_043803594.1, XP_043803645.1	XP_001120132.1, XP_003251619.1, XP_006570899.1	XP_003392965.1, XP_003392969.1, XP_020718381.1
OG0000038		XP_031370134.1				XP_048269545.1, XP_048269551.1, XP_048269594.1, XP_048269601.1, XP_048269609.1, XP_048269614.1, XP_048269616.1, XP_048269636.1, XP_048269639.1, XP_048269666.1, XP_048269738.1, XP_048269787.1, XP_048269835.1, XP_048269847.1, XP_048269869.1, XP_048269926.1, XP_048269932.1
OG0000039	XP_016905027.2	XP_031367938.1	XP_003693098.3	XP_043800581.1	XP_006564344.2	XP_048269548.1, XP_048269603.1, XP_048269607.1, XP_048269621.1, XP_048269747.1, XP_048269750.1, XP_048269786.1, XP_048269844.1, XP_048269849.1, XP_048269852.1, XP_048269853.1, XP_048269861.1, XP_048269862.1
OG0000040	XP_016922294.2, XP_016922295.2, XP_061940392.1	XP_006613022.1, XP_006613025.1, XP_031365039.1	XP_003697814.1, XP_012347837.3	XP_043785175.1, XP_043785176.1, XP_043785179.1	XP_006562363.1, XP_006562364.1, XP_392000.1	XP_003393377.1, XP_003403396.3, XP_048268002.1
OG0000041	XP_016913160.1, XP_061927745.1, XP_061928104.1	XP_031367547.1, XP_031367549.1, XP_031367553.1, XP_031367568.1	XP_031774655.2, XP_031774658.2, XP_086764576.1, XP_086764587.1	XP_043797380.1	NP_001314879.1, XP_016766484.1, XP_026294949.1	XP_012173466.2, XP_012173473.1
OG0000042	XP_028521976.2, XP_028521984.1, XP_061927045.1	XP_006615184.1, XP_006615189.1, XP_031366092.1	XP_086771263.1, XP_086771264.1, XP_086771266.1	XP_043803255.1, XP_043803265.1, XP_043803273.1, XP_043803281.1	XP_001121864.2, XP_026294903.1, XP_026294907.1	
OG0000043	XP_028524203.1, XP_061940186.1, XP_061941108.1	XP_006624547.1, XP_031370440.1, XP_031370441.1	XP_031771870.1, XP_086770764.1, XP_086770770.1, XP_086770772.1	XP_043790274.1, XP_043790278.1	XP_006571977.2, XP_026301740.1	XP_020719100.1, XP_048262767.1
OG0000044	XP_016914448.1, XP_016918452.1, XP_016921274.1	XP_006611196.1, XP_006618077.1, XP_006624655.1	XP_003693020.1, XP_086769072.1	XP_043795774.1, XP_043796300.1, XP_043803438.1	XP_001120014.1, XP_001120889.1, XP_003251406.1	XP_003396974.1, XP_012165320.1
OG0000045	XP_016910815.1, XP_016916570.1, XP_016922807.1	XP_006616663.1, XP_006623954.1, XP_031364363.1	XP_012342994.2, XP_012343982.2, XP_012347222.1	XP_043785657.1, XP_043793750.1, XP_043797685.1	XP_003249384.1, XP_006565013.1, XP_026300501.1	XP_012171975.1
OG0000046	XP_016904869.1, XP_061941719.1	XP_031363868.1, XP_031363992.1, XP_031363993.1	XP_003690518.1, XP_031776147.2, XP_031776180.2, XP_086769637.1	XP_043791037.1, XP_043791333.1, XP_043791347.1	XP_001122272.2, XP_001122287.2, XP_001122304.3	XP_003399216.2
OG0000047	XP_061928159.1, XP_061928160.1, XP_061928992.1, XP_061929010.1, XP_061929013.1, XP_061929014.1	XP_031364567.1, XP_031364580.1	NP_001306792.1, XP_031776393.2	XP_043784016.1	NP_001128300.1, XP_026295217.1, XP_026295220.1	XP_003394693.2, XP_012173953.1
OG0000048	XP_016922082.1, XP_028525629.2	XP_031365614.1, XP_031365619.1	XP_003694553.2, XP_031772951.2, XP_086770276.1	XP_043787546.1, XP_043787550.1, XP_043787551.1	NP_001352128.1, NP_001352129.1, XP_026300532.1, XP_026300534.1	XP_003400131.2
OG0000049	XP_016910386.2, XP_016910433.1, XP_061927066.1	XP_006615217.2, XP_006615219.2	XP_086771329.1, XP_086771331.1, XP_086771332.1	XP_043803270.1, XP_043803280.1, XP_043803340.1	XP_006565970.2, XP_016773528.1, XP_016773537.1	XP_012175609.1
OG0000050	XP_016913206.1, XP_061936879.1	XP_006620116.1, XP_031363940.1, XP_031363942.1	XP_012344220.3, XP_086769300.1, XP_086769509.1	XP_043792679.1, XP_043792746.1, XP_043794615.1	XP_394219.3, XP_396549.3	XP_020723875.2
OG0000051	XP_016904923.1, XP_016904924.3, XP_016904925.2	XP_031367934.1	XP_003692912.2, XP_003693096.1, XP_086766256.1	XP_043800447.1, XP_043800448.1, XP_043800450.1	NP_001229922.1, XP_006564341.1, XP_026297484.1	XP_020720570.1
OG0000052	XP_016905024.2, XP_016905025.1, XP_061930384.1	XP_006622731.1, XP_031370605.1	XP_003698020.1, XP_012340937.3, XP_086766330.1	XP_043800525.1, XP_043803772.1	XP_001120116.2, XP_016768768.2, XP_026300288.1	XP_003393462.1
OG0000053	XP_061929509.1	XP_006623344.1, XP_006624919.1, XP_031368096.1, XP_031370764.1	XP_086759252.1, XP_086759555.1, XP_086759588.1	XP_043797418.1, XP_043802879.1	XP_026295890.1, XP_026296171.1, XP_026296173.1	XP_012163184.2
OG0000054	XP_016917652.1, XP_016917653.1	XP_006615585.2, XP_031366268.1	XP_012342097.2, XP_012342100.2, XP_086771931.1	XP_043801423.1, XP_043801450.1	XP_006572147.1, XP_026299588.1, XP_026299592.1, XP_026301733.1	XP_003396694.1
OG0000055						XP_012169517.2, XP_012171920.2, XP_012171921.2, XP_012173748.2, XP_012174864.2, XP_012175480.2, XP_048263592.1, XP_048267010.1, XP_048267468.1, XP_048267479.1, XP_048267987.1, XP_048270138.1, XP_048270144.1, XP_048270145.1
OG0000056	XP_061927043.1, XP_061927966.1	XP_006615225.1, XP_006615226.1	XP_003691463.2, XP_003691464.1	XP_043803252.1, XP_043803274.1	NP_001229907.1, XP_006565966.1	XP_003393920.2, XP_003394006.2, XP_048267265.1
OG0000057	XP_016910425.1, XP_016910450.2, XP_016910458.2	XP_006615194.2, XP_031366114.1	XP_031770832.2, XP_086771296.1, XP_086771301.1	XP_043803250.1, XP_043803312.1	XP_006565887.1, XP_016773454.2	XP_048267214.1
OG0000058	XP_016910453.2	XP_006615193.1	XP_003691300.2	XP_043803342.1	NP_001229898.1	XP_003393907.1, XP_003393910.2, XP_003393999.1, XP_003394000.2, XP_020723889.1, XP_048266347.1, XP_048267223.1, XP_048267226.1
OG0000059	XP_061939176.1	XP_031371295.1, XP_031371305.1	XP_012345364.2, XP_031773985.2, XP_086767166.1	XP_043793914.1, XP_043793991.1, XP_043794002.1	XP_003249229.1, XP_003249281.2	XP_048268947.1, XP_048268950.1
OG0000060	XP_016905297.1, XP_061939981.1	XP_031370967.1, XP_031370968.1	XP_012340942.3, XP_031771798.2	XP_043794860.1, XP_043794977.1	XP_016771366.1, XP_026300578.1, XP_026300642.1, XP_026300643.1	XP_048267494.1
OG0000061	XP_016904442.1	XP_006613378.1	XP_012350034.1	XP_043787359.1	XP_006559928.1	XP_048265882.1, XP_048265884.1, XP_048265887.1, XP_048265913.1, XP_048266220.1, XP_048266230.1, XP_048266316.1, XP_048266535.1
OG0000062	XP_061939289.1, XP_061939297.1	XP_006607989.1, XP_031366171.1, XP_031366173.1	XP_086769248.1, XP_086769249.1	XP_043795551.1, XP_043795552.1	XP_026302042.1, XP_026302043.1, XP_026302118.1	XP_048263593.1
OG0000063	XP_016909749.1, XP_061941741.1	XP_031366974.1, XP_031366975.1	XP_031773801.1, XP_031773802.2	XP_043789112.1, XP_043789113.1, XP_043789114.1	XP_001120999.2, XP_006563415.1, XP_016771997.1	XP_003401763.2
OG0000064	XP_016918930.1, XP_016918933.1	XP_006612883.1, XP_031364993.1	XP_003695564.1, XP_086767934.1, XP_086767937.1	XP_043794453.1, XP_043794454.1, XP_043794455.1	NP_001265267.1, XP_026299557.1	XP_048261814.1
OG0000065	XP_016922312.1, XP_016922323.1	XP_006611592.1, XP_006616660.1, XP_031366745.1	XP_003697792.1, XP_012347846.2, XP_031774919.2	XP_043785758.1, XP_043786051.1, XP_043793731.1	XP_001121836.2, XP_006562374.2	
OG0000066	XP_016904173.2, XP_061938721.1, XP_061938724.1	XP_031371303.1, XP_031371304.1	XP_086767217.1, XP_086767822.1	XP_043793987.1	XP_016771075.1, XP_026300224.1, XP_026300227.1	XP_020722621.2
OG0000067	XP_061939169.1, XP_061939170.1	XP_031371296.1	XP_003696183.3, XP_086767204.1, XP_086767253.1	XP_043793986.1, XP_043793992.1, XP_043793997.1	XP_003249278.2, XP_026300256.1	XP_048268949.1
OG0000068	XP_016910317.2, XP_061927058.1	XP_031366108.1, XP_031366109.1	XP_003691420.4, XP_086771285.1	XP_043803248.1, XP_043803314.1	XP_003250767.2, XP_026294956.1	XP_020723938.2, XP_020723992.2
OG0000069	XP_061938731.1, XP_061939404.1	XP_031370529.1	XP_012348754.3	XP_043793051.1	XP_016770849.2	XP_012170046.2, XP_020721562.2, XP_048265413.1, XP_048265414.1, XP_048267107.1, XP_048270233.1
OG0000070	XP_016914438.1, XP_061930715.1	XP_006618957.1, XP_031364341.1	XP_003696479.2, XP_086766201.1	XP_043792324.1, XP_043795678.1	XP_003250667.2, XP_006562163.1	XP_003395393.1, XP_048262999.1
OG0000071	XP_016920952.1, XP_016920953.1	XP_006607783.1, XP_006625208.2	XP_086760383.1, XP_086760384.1	XP_043793322.1, XP_043793323.1	XP_003251464.1, XP_016767697.1	XP_003394490.1, XP_048260121.1
OG0000072	XP_061938785.1	XP_006610855.1	XP_003697419.2	XP_043804124.1	NP_001191991.1	XP_003393848.1, XP_003399696.3, XP_012170233.1, XP_048266943.1, XP_048266944.1, XP_048266949.1, XP_048267503.1
OG0000073	XP_016905938.2, XP_061939205.1	XP_006613139.1, XP_006615798.2	XP_086767050.1, XP_086767699.1	XP_043793981.1, XP_043799919.1	XP_006568300.1, XP_016770966.1	XP_012164687.2, XP_012164850.2
OG0000074	XP_016905208.1	XP_006609135.1	XP_086758847.1	XP_043790350.1	XP_026301193.1	XP_003401494.1, XP_012172746.3, XP_020722602.2, XP_048268855.1, XP_048268859.1, XP_048268861.1, XP_048268869.1
OG0000075	XP_016907583.1, XP_016907731.1	XP_006610610.1, XP_031363965.1	XP_003690738.1, XP_012349518.3	XP_043791395.1	XP_001120613.2, XP_026299083.1	XP_003402753.1, XP_048262572.1, XP_048262575.1
OG0000076	XP_028521855.2, XP_061941106.1, XP_061942206.1	XP_006610325.1, XP_006619359.1	XP_003694123.2, XP_086764403.1	XP_043791124.1, XP_043796667.1	XP_006572034.2, XP_026298243.1	XP_003401651.1
OG0000077	XP_016911042.2	XP_006611625.1	XP_086769967.1	XP_043795371.1	XP_395035.4	XP_003394317.1, XP_003394505.2, XP_003394659.2, XP_012176310.1, XP_048260581.1, XP_048260588.1, XP_048270686.1
OG0000078	XP_016913852.1, XP_061942990.1	XP_006609571.1, XP_006616192.2, XP_006616193.1	XP_003690860.1, XP_086768051.1	XP_043794466.1, XP_043794912.1	XP_026302105.1, XP_624130.2	XP_012171053.1
OG0000079	XP_016913788.2, XP_016914686.2	XP_031366627.1	XP_012341011.1, XP_012344531.2	XP_043791539.1, XP_043795827.1	NP_001011614.1, XP_001120293.2	XP_003398505.3, XP_012170987.1, XP_048267187.1
OG0000080	XP_016917015.2, XP_016917022.1	XP_031364453.1, XP_031364461.1	XP_031772157.1, XP_086759915.1	XP_043802242.1, XP_043802315.1	XP_016767376.1, XP_016767383.2, XP_026295795.1	XP_048261419.1
OG0000081	XP_016922903.1, XP_061941223.1	XP_006611532.1, XP_006611533.1	XP_012347233.3, XP_031774921.2	XP_043793677.1, XP_043793742.1	XP_006558287.1, XP_397055.1	XP_003400476.1, XP_012171299.2
OG0000082	XP_016909550.2, XP_061930007.1	XP_006619686.1, XP_006619767.2	XP_012343338.3, XP_086759739.1	XP_043801696.1, XP_043801697.1	XP_016767463.1, XP_026295813.1, XP_026296061.1	XP_012176730.3
OG0000083	XP_016910007.1	XP_006618469.1	XP_031772738.2	XP_043796539.1	XP_624169.3	XP_012174859.1, XP_012175478.2, XP_048269303.1, XP_048269468.1, XP_048269469.1, XP_048269470.1, XP_048269476.1
OG0000084	XP_016910426.2, XP_061927041.1	XP_031366063.1, XP_031366064.1	XP_003691417.2, XP_031770814.1	XP_043803306.1, XP_043803311.1	XP_001121659.1, XP_006565948.1	XP_048267207.1
OG0000085	XP_061927039.1, XP_061927042.1	XP_006615233.1, XP_006615284.1	XP_003691468.1, XP_003691471.1	XP_043803260.1, XP_043803267.1	XP_006565964.1, XP_026294957.1	XP_003394005.2
OG0000086	XP_016904190.1, XP_061939164.1	XP_006610191.1, XP_031371286.1, XP_031371294.1	XP_012345359.1, XP_086767330.1	XP_043793993.1, XP_043793994.1	XP_001120948.1	XP_003401503.3
OG0000087	XP_028520125.2, XP_028520234.1	XP_031370702.1, XP_031370705.1	XP_012348087.2, XP_031775499.2	XP_043789693.1, XP_043789795.1	XP_026298586.1, XP_026298587.1	XP_048264694.1
OG0000088	XP_016910301.1, XP_016910313.1	XP_031366097.1, XP_031366116.1	XP_012350965.2, XP_012350980.2	XP_043803285.1, XP_043803336.1	XP_016773520.1, XP_026302135.1	XP_048267191.1
OG0000089	XP_016914613.2	XP_006618740.2	XP_086766162.1	XP_043795882.1	XP_006565544.2	XP_048263835.1, XP_048263837.1, XP_048263839.1, XP_048263843.1, XP_048263844.1, XP_048263846.1
OG0000090	XP_016921265.1, XP_016921427.1	XP_006618075.1, XP_006621108.1	XP_003697990.1, XP_086773068.1	XP_043803466.1, XP_043803597.1	XP_001122218.1, XP_003251626.1	XP_012175550.1
OG0000091	XP_016904266.1, XP_016906413.1	XP_006613298.1, XP_006621046.1	XP_031773722.1, XP_086769737.1	XP_043787694.1, XP_043791676.1	XP_006572051.3, XP_393487.3	XP_003401949.2
OG0000092	XP_061936485.1, XP_061936489.1	XP_006616811.1, XP_031366844.1	XP_003692753.1, XP_012340594.2	XP_043786911.1, XP_043787357.1	XP_026299175.1, XP_026299176.1	XP_003398412.1
OG0000093	XP_061930103.1, XP_061942696.1	XP_006620633.1, XP_006622719.1, XP_031368696.1	XP_012348115.2, XP_086767488.1	XP_043785008.1, XP_043803737.1	XP_026301506.1	XP_003402257.2
OG0000094	XP_016907613.2, XP_028521133.2	XP_031363996.1, XP_031370997.1	XP_031776286.2, XP_086769633.1	XP_043788901.1, XP_043789182.1	XP_016766464.2, XP_026301002.1	XP_048266035.1
OG0000095	XP_028525227.1, XP_028525249.2	XP_031365240.1, XP_031365249.1	XP_031772463.2, XP_086767455.1	XP_043799820.1, XP_043800187.1	XP_006570591.2, XP_026296950.1	XP_020723680.1
OG0000096	XP_016917774.1, XP_016917776.1	XP_006617326.1, XP_031367121.1	XP_003689825.1, XP_086771979.1	XP_043802775.1, XP_043802777.1	NP_001011583.1, NP_001071282.1	XP_020719699.1
OG0000097	XP_016920806.1, XP_061933435.1	XP_006619336.1, XP_006619337.1	XP_003690183.2, XP_086764171.1	XP_043784289.1, XP_043784290.1	XP_624964.1, XP_624977.1	XP_003397075.3
OG0000098	XP_016922734.1, XP_061938580.1	XP_006620878.1, XP_031369168.1	XP_012338993.1, XP_086761397.1	XP_043785755.1, XP_043798772.1	XP_026299516.1, XP_397047.2	XP_012168054.1
OG0000099	XP_016917560.1, XP_061935999.1	XP_006616079.1, XP_006624050.1	XP_003691679.1, XP_003695722.2	XP_043784157.1, XP_043798094.1	NP_001263356.1, XP_026298954.1	XP_003398346.1
OG0000100	XP_016909443.1, XP_016914450.2	XP_006618953.1, XP_006619738.1	XP_012343269.1, XP_086766530.1	XP_043795948.1, XP_043802361.1	NP_001164477.1, XP_016768607.2	XP_012174118.1
OG0000101	XP_061935968.1, XP_061940221.1	XP_006613294.1, XP_006617717.1	XP_012344788.1, XP_086769742.1	XP_043793088.1, XP_043798142.1	XP_026299106.1, XP_397274.4	XP_003394166.1
OG0000102	XP_016903859.1, XP_016905656.1	XP_006609013.1, XP_006623483.1	XP_003692288.2, XP_003696963.1	XP_043799438.1, XP_043800236.1	NP_001229442.1, XP_625073.3	XP_003393673.1
OG0000103	XP_016905829.1, XP_061932280.1	XP_006613801.1, XP_006613803.1	XP_003693887.1, XP_003693888.1	XP_043800955.1, XP_043801003.1	XP_003250648.1, XP_623574.2	XP_003396061.1
OG0000104	XP_061930279.1, XP_061940046.1	XP_006608910.1, XP_006611846.1	XP_031772402.2, XP_086769142.1	XP_043797779.1, XP_043801851.1	NP_001011584.1, XP_392669.1	XP_003402441.1
OG0000105	XP_016906853.2, XP_061930912.1	XP_006621910.2, XP_006621911.1	XP_086760867.1, XP_086760872.1	XP_043793411.1, XP_043793414.1	XP_392584.2, XP_624902.1	XP_003395599.2
OG0000106	XP_016919808.1, XP_061941712.1	XP_006610747.2, XP_031365150.1	XP_003697589.1, XP_086769281.1	XP_043788600.1, XP_043788888.1	XP_006568169.1, XP_026301032.1	XP_012168725.1
OG0000107	XP_016907340.1, XP_016916066.1	XP_006610521.1, XP_006611317.1	XP_031776493.2, XP_086769790.1	XP_043786737.1, XP_043786936.1	XP_026300751.1, XP_623438.1	XP_012170580.2
OG0000108	XP_061928120.1, XP_061928125.1	XP_031369003.1, XP_031369009.1	XP_086764480.1, XP_086764642.1	XP_043784718.1, XP_043784733.1	XP_026294936.1, XP_026302241.1	XP_012172144.1
OG0000109	XP_016909486.2, XP_028524738.1	XP_006621925.1, XP_006624241.1	XP_003694638.1, XP_031772762.1	XP_043801743.1, XP_043802144.1	XP_006567170.1, XP_394485.2	XP_012174111.1
OG0000110	NP_001315407.1, XP_016910329.2	XP_031366091.1, XP_031366117.1	XP_003691317.2, XP_031770812.2	XP_043803042.1	XP_026294905.1, XP_026294912.1	XP_003393988.3, XP_048267153.1
OG0000111	XP_016910735.2, XP_061927920.1	XP_006622187.1, XP_006622188.1	XP_003691404.1, XP_086771388.1	XP_043803370.1	XP_006561174.1, XP_026294843.1, XP_026302292.1	XP_003393524.1
OG0000112	XP_061936164.1, XP_061936172.1, XP_061936713.1	XP_031369052.1, XP_031369055.1, XP_031369059.1	XP_086772680.1, XP_086772682.1	XP_043787155.1	XP_026299157.1	XP_048265217.1
OG0000113	XP_016915469.1	XP_006612289.1	XP_003689688.3	XP_043788209.1	XP_006560620.1	NP_001267823.1, XP_012163516.1, XP_020718442.1, XP_048261115.1, XP_048261122.1, XP_048261527.1
OG0000114	XP_016916886.1, XP_061941959.1	XP_006608204.1, XP_031367245.1	XP_003692052.1, XP_012339619.2	XP_043788979.1, XP_043788984.1	XP_016772012.1, XP_394061.2	XP_012172166.2
OG0000115	XP_016919179.1, XP_061931628.1	XP_006624116.1, XP_031370322.1	XP_003695653.1, XP_012340443.1	XP_043794238.1, XP_043802796.1	XP_001120032.3, XP_026296678.1	XP_003395307.1
OG0000116	XP_061939241.1, XP_061939242.1	XP_006615827.2, XP_006618951.1	XP_086766432.1, XP_086766457.1	XP_043793848.1, XP_043793918.1	XP_006558902.1, XP_393631.3	XP_003401007.1
OG0000117	XP_016922185.2, XP_016922186.1	XP_031365722.1, XP_031365728.1	XP_003694493.2, XP_086770229.1	XP_043787508.1, XP_043787510.1	NP_001157188.1, XP_001121036.2	XP_012170795.2
OG0000118	XP_061942205.1, XP_061942516.1	XP_006619364.2, XP_031368101.1	XP_012350737.3, XP_031776572.2, XP_086764570.1	XP_043791127.1	XP_026301537.1, XP_026301767.1	XP_048260774.1
OG0000119	XP_016922949.1, XP_028524939.1	XP_006617372.1, XP_006618229.1	XP_003695116.2, XP_012346751.1	XP_043797753.1, XP_043800933.1	XP_006557713.1, XP_026300514.1	XP_003394949.1
OG0000120	XP_061942786.1, XP_061942809.1, XP_061942811.1, XP_061942853.1, YP_013613386.1		XP_086770640.1, YP_008080964.1	YP_009440916.1	NP_008089.1, XP_026301416.1	XP_048270118.1
OG0000121	XP_016916434.1, XP_016916440.2	XP_006608618.1, XP_006608619.1	XP_031775640.1, XP_086761272.1	XP_043789742.1, XP_043789749.1	NP_001011589.1, NP_001035311.1	XP_003397885.2
OG0000122						XP_003400517.2, XP_003400519.3, XP_003400550.2, XP_003402519.4, XP_012171398.2, XP_012171402.2, XP_012171459.2, XP_048268156.1, XP_048268162.1, XP_048268165.1, XP_048268171.1
OG0000123	XP_016922052.1, XP_016922079.1	XP_006614265.1	XP_003694562.2, XP_086770284.1	XP_043787545.1	XP_026300535.1, XP_026300585.1, XP_395671.3	XP_012170855.2
OG0000124	XP_016910311.1	XP_006615203.1, XP_006615204.1	XP_003691307.1, XP_003691308.2	XP_043803308.1, XP_043803309.1	NP_001229895.1, XP_003250726.1	XP_003393994.2
OG0000125	XP_061931853.1, XP_061931855.1, XP_061932648.1	XP_031367011.1, XP_031367063.1	XP_086767216.1	XP_043800182.1	XP_026297087.1, XP_026297192.1	XP_048262496.1
OG0000126	XP_016914987.1, XP_028522105.2	XP_006621197.1, XP_031370386.1	XP_031773258.2, XP_031774693.1	XP_043797738.1	XP_026294837.1, XP_026300513.1	XP_048270240.1
OG0000127	XP_061941946.1, XP_061942192.1	XP_031367417.1	XP_086758780.1, XP_086758783.1	XP_043788806.1, XP_043788810.1	XP_026301256.1, XP_026301257.1	XP_048268709.1
OG0000128	XP_016906238.2, XP_061927845.1	XP_006625140.1, XP_006625142.1	XP_003694954.1	XP_043796010.1, XP_043796016.1	XP_003249689.1, XP_026294937.1	XP_012169990.2
OG0000129	XP_016909362.1, XP_016909363.1	XP_006625141.1, XP_006625144.1	XP_003694948.1, XP_003694951.2	XP_043796012.1, XP_043796018.1	XP_001120006.2	XP_012169980.1
OG0000130	XP_016916623.1, XP_016916625.1	XP_006616689.1, XP_006616691.1	XP_003694444.1, XP_012343003.1		XP_006563134.1, XP_624499.1	XP_003400767.1, XP_003400771.1
OG0000131	XP_016921276.1, XP_061932801.1	XP_006618076.1, XP_006621123.1	XP_003697992.1, XP_086773066.1	XP_043803381.1, XP_043803654.1	XP_001120346.1, XP_003251613.1	
OG0000132	XP_061938058.1, XP_061938059.1	XP_006614405.1	XP_031771084.2, XP_086771714.1	XP_043798233.1, XP_043798255.1	XP_006566547.1, XP_016770623.2	XP_012169614.1
OG0000133	XP_061930880.1, XP_061930884.1	XP_006616564.1, XP_031366722.1	XP_086760905.1, XP_086761099.1, XP_086771157.1	XP_043793111.1	XP_026296664.1	XP_048261841.1
OG0000134	XP_016916412.1	XP_006618840.1	XP_086761931.1	XP_043789781.1		XP_048264446.1, XP_048264447.1, XP_048264449.1, XP_048264892.1, XP_048264900.1, XP_048264901.1
OG0000135	XP_016922911.2, XP_061941241.1	XP_006611591.1	XP_012347276.2, XP_086770853.1	XP_043793736.1, XP_043793791.1	XP_016771484.1, XP_026300877.1	XP_003400537.2
OG0000136	XP_016903921.1, XP_061928360.1, XP_061928361.1, XP_061928362.1, XP_061928363.1	XP_006609797.1	XP_003698741.1	XP_043788329.1	XP_624457.1	XP_003394548.1
OG0000137	XP_016904487.1	XP_006612449.1	XP_031775551.2	XP_043791049.1	XP_026298886.1	XP_003398432.1, XP_003398434.1, XP_003398435.1, XP_003398436.1, XP_003403021.1
OG0000138	XP_028520399.2	XP_031371005.1	XP_031776331.2	XP_043794975.1	XP_026300423.1	XP_003403012.3, XP_012171066.2, XP_048267392.1, XP_048267495.1, XP_048267496.1
OG0000139	XP_028524139.2, XP_061932178.1	XP_031369989.1	XP_031772477.2, XP_086763453.1	XP_043800748.1, XP_043801018.1	XP_026297088.1, XP_026297184.1	XP_048262317.1
OG0000140	XP_016908134.2, XP_061934164.1	XP_006615292.2, XP_031366172.1	XP_086773585.1	XP_043799730.1	XP_006562671.2, XP_026298157.1, XP_026298267.1	XP_048264170.1
OG0000141	XP_016909426.1, XP_028521658.1	XP_031368279.1, XP_031368287.1	XP_086759688.1, XP_086759695.1	XP_043801947.1, XP_043802185.1	XP_006567173.2	XP_048261133.1
OG0000142	XP_016911184.1	XP_006620917.1	XP_031772398.2	XP_043784424.1	XP_006560694.2	XP_020719358.2, XP_048269624.1, XP_048269625.1, XP_048269737.1, XP_048270123.1
OG0000143	XP_061940513.1	XP_031364101.1, XP_031364124.1	XP_086765074.1	XP_043785727.1, XP_043785753.1	XP_026300976.1, XP_026300978.1	XP_048267919.1, XP_048267935.1
OG0000144	XP_061940609.1, XP_061940612.1	XP_031364129.1, XP_031364132.1	XP_086765366.1	XP_043785292.1, XP_043785293.1	XP_026300704.1, XP_026300706.1	XP_048267685.1
OG0000145	XP_016912853.1, XP_028522925.1	XP_006623313.1, XP_006623327.2	XP_012345878.2, XP_012345882.3	XP_043793211.1, XP_043793435.1	XP_026296674.1	XP_020718845.1
OG0000146	XP_016914227.2	XP_006614698.1	XP_003694574.2	XP_043802059.1	XP_394499.4	XP_048261193.1, XP_048261194.1, XP_048261195.1, XP_048261196.1, XP_048261580.1
OG0000147	XP_016915199.1, XP_061929658.1	XP_031366448.1	XP_012349930.3, XP_086759489.1	XP_043788171.1, XP_043788189.1	XP_026295857.1, XP_026295858.1	XP_020718443.2
OG0000148	XP_028523454.2, XP_061929859.1	XP_031364805.1	XP_031772228.2, XP_086768832.1, XP_086768844.1	XP_043796366.1	XP_006570633.1, XP_006570637.2	XP_048263604.1
OG0000149	XP_028523646.1, XP_061939765.1	XP_031371038.1, XP_031371039.1	XP_012340510.3, XP_012340511.1	XP_043794981.1	XP_026300525.1, XP_026300526.1	XP_012170668.1
OG0000150	XP_061940445.1	XP_006616680.1, XP_006616681.1	XP_012343010.1, XP_031772894.2	XP_043785507.1, XP_043785508.1	XP_006565025.1, XP_006565026.1	XP_048267940.1
OG0000151	XP_061942114.1	XP_006616150.1, XP_006616151.1	XP_003695490.1, XP_003695491.1	XP_043794216.1, XP_043794217.1	NP_001071287.1, NP_001072129.1	XP_003392868.1
OG0000152	XP_061937507.1	XP_031370019.1	XP_086768605.1	XP_043790231.1	XP_026299596.1	XP_012169463.3, XP_020721343.2, XP_048265792.1, XP_048265793.1, XP_048265796.1
OG0000153	XP_016920759.1	XP_006609048.2, XP_031368060.1	XP_086762977.1, XP_086771659.1	XP_043801121.1, XP_043801227.1	XP_026302145.1, XP_393963.3	XP_003400853.1
OG0000154	XP_061938635.1, XP_061938636.1	XP_006614520.1, XP_031365698.1	XP_086763607.1, XP_086763608.1	XP_043804145.1	XP_001120351.1, XP_026300269.1	XP_048266772.1
OG0000155	XP_061941722.1, XP_061941730.1	XP_031363995.1	XP_086769585.1	XP_043786199.1	XP_026302055.1	XP_003399215.1, XP_020721116.2, XP_048265813.1, XP_048265911.1
OG0000156	XP_061942832.1, XP_061942834.1, XP_061942837.1, XP_061942871.1, XP_061942872.1, XP_061942875.1, XP_061942876.1, XP_061942877.1, XP_061942884.1				XP_026301737.1	
OG0000157	XP_016921323.1, XP_061929350.1	XP_031368942.1, XP_031370712.1	XP_012341027.2, XP_031775401.1	XP_043795259.1	XP_006570918.1, XP_016773377.1	XP_003393419.1
OG0000158	XP_061941680.1	XP_006609363.1	XP_003695841.2	XP_043790426.1	XP_026301145.1	XP_012172528.2, XP_020722573.1, XP_020722575.1, XP_048268476.1, XP_048268477.1
OG0000159	XP_016922170.2, XP_028525628.2	XP_006614271.1	XP_003694554.1, XP_031772947.2	XP_043787432.1	XP_026300530.1, XP_026300531.1	XP_012170857.2
OG0000160	XP_061927963.1, XP_061927964.1	XP_031366107.1, XP_031366115.1	XP_003691305.2, XP_031770828.2	XP_043803305.1, XP_043803313.1	XP_006565947.2	
OG0000161	XP_061938725.1, XP_061939166.1	XP_031371289.1, XP_031371293.1	XP_012345358.2, XP_086767322.1	XP_043793910.1	XP_026300229.1	XP_048268944.1
OG0000162	XP_016904169.2, XP_028520052.2	XP_031371287.1, XP_031371292.1	XP_012344898.1, XP_012344899.3	XP_043793913.1	XP_026300228.1	XP_048268727.1
OG0000163	XP_061937823.1, XP_061937825.1	XP_031366032.1	XP_086773162.1, XP_086773166.1	XP_043798877.1	XP_016770780.1	XP_048265908.1, XP_048266430.1
OG0000164	XP_016914937.1, XP_061937831.1	XP_031366025.1	XP_086773173.1, XP_086773177.1	XP_043799127.1, XP_043799128.1	XP_016770788.1	XP_048265907.1
OG0000165	XP_061939699.1	XP_031370960.1	XP_086770485.1	XP_043794801.1	XP_001120705.4, XP_026300487.1	XP_003399677.3, XP_048267109.1, XP_048267429.1
OG0000166	XP_061939733.1	XP_006609425.2	XP_086770636.1	XP_043794979.1	XP_016771362.2	XP_048267488.1, XP_048267490.1, XP_048267491.1, XP_048267492.1
OG0000167	XP_061941813.1	XP_006612550.2	XP_012341896.3, XP_031772322.2	XP_043796308.1, XP_043796372.1	XP_016770320.2, XP_026300495.1	XP_003396534.2
OG0000168	XP_016913264.1	XP_006618332.1, XP_031367610.1	XP_003695306.2, XP_012344184.2	XP_043794622.1, XP_043794690.1	XP_393293.2	XP_003397297.2
OG0000169	XP_061934245.1		XP_003691502.1	XP_043799604.1	NP_001035349.1	XP_003402225.2, XP_003403314.2, XP_020719958.2, XP_048263901.1, XP_048264186.1
OG0000170	XP_061929429.1	XP_006623776.1	XP_003694334.2	XP_043802860.1	XP_026301772.1, XP_026301780.1, XP_026301781.1, XP_026301783.1	XP_012163614.2
OG0000171	XP_016920998.1, XP_016921039.2	XP_031365164.1	XP_031774349.1, XP_086760376.1	XP_043792326.1	XP_001122458.2, XP_006569959.1	XP_003394480.2
OG0000172	XP_028520458.2, XP_061931904.1	XP_006618921.2, XP_031367859.1	XP_086772172.1	XP_043793608.1, XP_043793628.1	XP_016768018.2	XP_020718982.2
OG0000173	XP_061934512.1	XP_031368132.1	XP_086762076.1	XP_043796999.1, XP_043797129.1	NP_001035320.1, XP_016769305.2	XP_012173034.1, XP_048269458.1
OG0000174	XP_016915341.3, XP_016915343.1	XP_006612513.1	XP_086768943.1, XP_086769122.1	XP_043796089.1, XP_043796364.1	XP_001122953.3	XP_012165909.2
OG0000175	XP_061934986.1	XP_006624073.1, XP_006624077.1	XP_003695432.1, XP_003695433.1	XP_043796424.1, XP_043796839.1	XP_016769224.1	XP_003402088.1
OG0000176	XP_061937469.1, XP_061937474.1	XP_006615796.2, XP_006618318.1	XP_012348433.1, XP_086768547.1	XP_043790103.1	XP_026299767.1	XP_048266524.1
OG0000177	XP_061942641.1	XP_031368618.1, XP_031368663.1	XP_086767518.1, XP_086767533.1, XP_086767534.1	XP_043785146.1	XP_026301584.1	XP_048270077.1
OG0000178	XP_061939306.1	XP_006610910.1, XP_006610912.1	XP_012348720.2, XP_086765503.1	XP_043784056.1	XP_006572153.1, XP_026299949.1	XP_012170355.1
OG0000179	XP_016909591.3, XP_061939928.1	XP_031371068.1, XP_031371069.1	XP_086770594.1	XP_043794886.1	XP_001122338.2, XP_026300616.1	XP_048267483.1
OG0000180	XP_028521706.2	XP_006607163.1	XP_031772948.2	XP_043794985.1	XP_026300389.1	XP_012170791.2, XP_048267332.1, XP_048267480.1, XP_048267481.1
OG0000181	XP_016910821.2, XP_061939450.1	XP_006624850.1	XP_031773265.2, XP_086768937.1	XP_043797714.1	XP_006572178.1, XP_016772684.2	XP_012176693.1
OG0000182	XP_016910823.2	XP_006621186.1	XP_086768971.1	XP_043797754.1	XP_026300512.1	XP_048267182.1, XP_048267203.1, XP_048267208.1, XP_048267285.1
OG0000183	XP_061937081.1, XP_061937297.1, XP_061937307.1	XP_031368334.1	XP_086770593.1	XP_043784524.1	XP_026299454.1, XP_026299530.1	XP_012166193.2
OG0000184	XP_016916436.1, XP_061935707.1	XP_006608617.1	XP_003690403.2, XP_031775626.2	XP_043789740.1, XP_043789744.1	XP_006567383.1	XP_048264909.1
OG0000185	XP_016915722.1	XP_006624128.1	XP_003694318.1	XP_043797414.1	XP_393396.2	XP_003395133.2, XP_003395134.2, XP_003395135.2, XP_048261288.1
OG0000186	XP_061931554.1	XP_031364933.1, XP_031364935.1	XP_086771199.1	XP_043801374.1	XP_026296698.1, XP_026296699.1	XP_048261967.1, XP_048261978.1
OG0000187	XP_061938470.1	XP_031369201.1, XP_031369202.1	XP_086761450.1	XP_043798686.1, XP_043798702.1, XP_043799073.1	XP_016770216.2	XP_020721278.2
OG0000188	XP_061934879.1	XP_031371343.1	XP_012341543.1, XP_086762371.1	XP_043796544.1, XP_043796972.1	XP_026298042.1	XP_003401613.1, XP_003401614.3
OG0000189	XP_028519814.1	XP_006622113.2, XP_031369611.1	XP_012344636.3, XP_086769348.1	XP_043797721.1, XP_043801307.1	XP_016773569.1, XP_026300573.1	
OG0000190	XP_061930259.1	XP_006617431.1, XP_006623711.1	XP_003689997.1, XP_086767624.1	XP_043799427.1, XP_043802000.1	XP_394473.2	XP_020718462.1
OG0000191	XP_016912352.1	XP_006618628.1	XP_012346175.2	XP_043792669.1	XP_006567771.1	XP_048265411.1, XP_048265504.1, XP_048265529.1, XP_048265531.1
OG0000192	XP_016913601.1	XP_031364166.1	XP_031772853.1	XP_043785595.1	XP_006562995.1	XP_020722313.2, XP_048267665.1, XP_048267672.1, XP_048267675.1
OG0000193		XP_006622876.1		XP_043797718.1		XP_003402808.1, XP_012171355.2, XP_012173837.1, XP_012173838.2, XP_012174537.2, XP_012175341.2, XP_048265916.1
OG0000194	XP_016908522.3		XP_031775617.1, XP_086767801.1			XP_020723854.2, XP_048265754.1, XP_048267093.1, XP_048267106.1, XP_048267108.1
OG0000195	XP_016907334.2	XP_031369189.1, XP_031369200.1	XP_086761485.1, XP_086761495.1	XP_043798175.1	XP_026299383.1	XP_020720982.2
OG0000196	XP_061939982.1	XP_031370969.1	XP_086770421.1	XP_043794861.1, XP_043794863.1	XP_016771361.2	XP_048267194.1, XP_048267487.1
OG0000197	XP_061931840.1	XP_006611241.1, XP_006621323.1	XP_012344847.1	XP_043784419.1, XP_043791452.1	XP_016768288.1	XP_003402949.1
OG0000198					XP_006571987.1, XP_016772665.2, XP_026294993.1, XP_026295418.1, XP_026295496.1, XP_026299470.1, XP_026301769.1	XP_012174534.1
OG0000199		XP_006622553.1, XP_031370547.1		XP_043793955.1	XP_026300570.1, XP_026301735.1, XP_026301782.1	XP_012175225.1, XP_048268103.1
OG0000200	XP_016918416.2, XP_061930885.1	XP_006616563.1	XP_012345987.1, XP_031775839.2		XP_026295419.1, XP_026296654.1	XP_048261970.1
OG0000201		XP_031364431.1	XP_086760344.1, XP_086764033.1	XP_043791630.1	XP_006572180.1	XP_020723502.2, XP_020724024.2, XP_048268710.1
OG0000202	XP_016922416.1, XP_016922434.1		XP_003698385.2, XP_003698424.2	XP_043804263.1	NP_001129679.1, NP_001129681.1	NP_001267830.1
OG0000203	XP_016920946.1	XP_031369355.1	XP_086760447.1, XP_086761092.1, XP_086761093.1	XP_043792908.1	XP_394855.4	XP_003399544.1
OG0000204	XP_028521723.1, XP_028521724.2	XP_031371072.1	XP_003692693.1, XP_003692694.2	XP_043794770.1	XP_016771183.1	XP_020721948.2
OG0000205	XP_016912901.2, XP_061928157.1	XP_006617488.1	XP_003690896.2	XP_043788027.1	XP_016766952.1	XP_003394681.2, XP_048260492.1
OG0000206	XP_028523631.1	XP_006609698.1	XP_086770473.1, XP_086770480.1	XP_043794971.1, XP_043794974.1	XP_026300579.1	XP_048267486.1
OG0000207	XP_061931399.1, XP_061942823.1, XP_061942831.1	XP_006607786.1	XP_012345655.2	XP_043793381.1	XP_006569964.1	XP_003394485.2
OG0000208	XP_016910077.2	XP_031371337.1	XP_012342599.1, XP_086762323.1	XP_043796536.1, XP_043796884.1	XP_003250941.2	XP_003401680.3
OG0000209	XP_016909875.1	XP_006617166.1	XP_086758491.1	XP_043789122.1	XP_006563421.1	XP_003401251.1, XP_003401254.1, XP_003401255.2
OG0000210	XP_016905227.1	XP_006609166.1	XP_086759014.1, XP_086759021.1	XP_043790591.1, XP_043790702.1	XP_026301049.1	XP_003401520.1
OG0000211	XP_061941709.1, XP_061941714.1	XP_031370826.1	XP_031774003.2	XP_043790690.1, XP_043790711.1	XP_026301408.1	XP_012172856.2
OG0000212	XP_016917198.1, XP_061942797.1, XP_061942801.1	XP_006618410.1	XP_086765011.1	XP_043786041.1	XP_006564892.1	XP_003400614.1
OG0000213	XP_061932223.1	XP_006622576.1	XP_086766941.1, XP_086766942.1, XP_086770207.1	XP_043801056.1	XP_026296889.1	XP_012164574.2
OG0000214	XP_028519991.1	XP_006623775.1, XP_031370606.1	XP_086770695.1	XP_043790269.1	XP_026301761.1, XP_026301762.1	XP_003402795.2
OG0000215	XP_016910228.1, XP_061930650.1	XP_031365504.1	XP_086760457.1, XP_086760459.1	XP_043792157.1	XP_026296663.1	XP_048261819.1
OG0000216	XP_061935404.1, XP_061935406.1	XP_006610106.1	XP_086763736.1	XP_043789352.1	NP_001242969.1, XP_006561571.2	XP_048264284.1
OG0000217	XP_016905263.2, XP_028520398.1	XP_006615358.1	XP_003691505.1, XP_086764086.1	XP_043799550.1	XP_003249871.1	XP_003397314.2
OG0000218	XP_061928154.1, XP_061928359.1, XP_061928364.1	XP_006609799.1	XP_012349156.1	XP_043788430.1	XP_006560547.1	XP_012176348.1
OG0000219	XP_061932025.1	XP_006624782.1	XP_003698425.1	XP_043800945.1	XP_026297171.1, XP_026297201.1, XP_026297202.1	XP_048262765.1
OG0000220	XP_016906217.1	XP_006608470.1	XP_003697277.1	XP_043804352.1	XP_026296323.1, XP_026296356.1, XP_026302099.1	XP_048261121.1
OG0000221	XP_061929430.1	XP_006623785.1	XP_012342825.2	XP_043802867.1	XP_001122053.2, XP_026301773.1, XP_026301774.1	XP_003395158.2
OG0000222	XP_016907405.1	XP_006610462.1	XP_012350242.2	XP_043791628.1	XP_006562838.1	XP_003402716.2, XP_012174473.1, XP_048262903.1
OG0000223	XP_016907467.1	XP_006610587.2	XP_012350047.1	XP_043791404.1	XP_016767388.2, XP_026301802.1	XP_048262519.1, XP_048262520.1
OG0000224	XP_061935075.1, XP_061935077.1	XP_031371258.1	XP_031774130.2	XP_043789655.1	XP_026298639.1, XP_026298719.1	XP_048264436.1
OG0000225	XP_016908773.1	XP_031365825.1	XP_031773022.1	XP_043802035.1	XP_003250139.1	XP_003395009.1, XP_003395010.1, XP_048261338.1
OG0000226	XP_016909009.2	XP_031364037.1, XP_031369209.1, XP_031370763.1	XP_012341246.2	XP_043798689.1	XP_624822.4	XP_020721218.2
OG0000227	XP_061942186.1	XP_031366959.1, XP_031366960.1	XP_086774047.1	XP_043788678.1, XP_043789028.1	XP_016771976.2, XP_026301365.1	
OG0000228	XP_016910503.1, XP_028522073.1	XP_031369414.1	XP_086771393.1, XP_086771395.1	XP_043803197.1	XP_026294941.1	XP_048266992.1
OG0000229	XP_016910372.1	XP_006609914.1	XP_003689571.1	XP_043799074.1	XP_003251204.1	XP_003393819.1, XP_003396199.1, XP_012173112.2
OG0000230	XP_016911422.1	XP_006620747.1	XP_003692110.2	XP_043791961.1	XP_006563740.2	XP_048266212.1, XP_048269863.1, XP_048269864.1
OG0000231	XP_016912087.1, XP_061938628.1	XP_006619840.1, XP_031366860.1	XP_086766565.1	XP_043795124.1	XP_006564430.1	XP_003398964.2
OG0000232	XP_061932111.1	XP_031364846.1	XP_086763261.1	XP_043784370.1	XP_016768158.2, XP_026297181.1, XP_026297247.1	XP_048262891.1
OG0000233	XP_016912993.1	XP_006612712.2	XP_031771425.2	XP_043784377.1	XP_393127.4	XP_003396093.1, XP_003396094.2, XP_012164939.1
OG0000234	XP_061933108.1	XP_031367908.1, XP_031367910.1	XP_086766204.1	XP_043795950.1	XP_026297687.1, XP_026297688.1	XP_048263028.1
OG0000235	XP_016914653.1, XP_061942798.1, XP_061942802.1	XP_006615385.1	XP_003693054.1	XP_043783985.1	XP_392437.2	XP_020719453.1
OG0000236	XP_061929651.1	XP_031364594.1, XP_031366445.1	XP_031774952.2	XP_043788176.1	XP_026295831.1, XP_026295833.1	XP_048261094.1
OG0000237	XP_016916419.1	XP_031367370.1	XP_012344965.2	XP_043789602.1	XP_016769529.2	XP_020720045.2, XP_048264269.1, XP_048264444.1
OG0000238	XP_016917545.1	XP_006610003.1, XP_006616102.1	XP_086766645.1	XP_043784123.1, XP_043801672.1	XP_016770008.1	XP_048265350.1
OG0000239	XP_016917930.1	XP_031369080.1	XP_031771712.2	XP_043791306.1	XP_006566279.1	XP_003396895.2, XP_003401866.1, XP_048261938.1
OG0000240	XP_061943084.1	XP_031367752.1	XP_086767867.1, XP_086767963.1			XP_048270242.1, XP_048270253.1, XP_048270260.1, XP_048270268.1
OG0000241	XP_016919081.2	XP_006608323.1	XP_012344570.2	XP_043794438.1	XP_006571730.2	XP_003393186.3, XP_003393207.1, XP_003393256.1
OG0000242	XP_061941845.1, XP_061942189.1	XP_031365745.1, XP_031365749.1	XP_086758520.1	XP_043789035.1	XP_026301412.1	XP_048268713.1
OG0000243	XP_016919859.2	XP_031363843.1	XP_031772167.2, XP_086762374.1	XP_043796545.1	XP_026297999.1, XP_026298000.1	XP_003401612.2
OG0000244	XP_016920028.2	XP_006622413.1	XP_003697031.2	XP_043801781.1	XP_001119981.4	XP_003393866.1, XP_003393867.1, XP_048267183.1
OG0000245	XP_028519841.2	XP_031364355.1	XP_012347271.1	XP_043793686.1	XP_026300764.1	XP_003400880.1, XP_020722203.1, XP_048267943.1
OG0000246	XP_028521703.2	XP_031364000.1	XP_012343094.2	XP_043794836.1	XP_026300390.1	XP_020721952.2, XP_048267327.1, XP_048267482.1
OG0000247	XP_061936708.1	XP_006617371.1, XP_006624534.2	XP_086773351.1	XP_043785455.1, XP_043793488.1	XP_003249615.1	XP_012168442.1
OG0000248	XP_016911547.1, XP_061942808.1, XP_061942855.1	XP_006620756.2	XP_012339642.2	XP_043791929.1	XP_006563749.1	XP_012169572.2
OG0000249	XP_016908403.1, XP_061942865.1	XP_006624709.1	XP_003697800.1	XP_043795802.1	XP_392812.2	XP_003400755.1, XP_048267796.1
OG0000250	XP_016914158.1	XP_006614697.1	XP_003694731.2	XP_043802067.1	XP_006562710.2	XP_012175450.2, XP_048261581.1, XP_048261582.1
OG0000251	XP_016917487.1	XP_006622974.1	XP_086773035.1	XP_043803404.1	XP_006570793.1	XP_048265506.1, XP_048265533.1, XP_048270654.1
OG0000252	XP_016920547.1	XP_006625035.1	XP_012340745.2	XP_043787097.1	XP_016769727.2, XP_026295828.1	XP_003398139.3, XP_003399874.1
OG0000253	XP_061937846.1	XP_006614164.1, XP_031369605.1	XP_012339940.1, XP_012346884.1	XP_043798236.1	XP_006566373.1	XP_048266350.1
OG0000254	XP_016914942.1	XP_031367978.1, XP_031367990.1	XP_003698530.1	XP_043787114.1, XP_043787116.1	XP_624935.3	XP_003398283.1
OG0000255	XP_028520465.2	XP_006618887.2	XP_086772425.1	XP_043793567.1, XP_043793603.1	XP_026297073.1, XP_026297156.1	XP_020719083.2
OG0000256	XP_016913129.1	XP_006612009.1	XP_003695234.3	XP_043804139.1	XP_003250969.2	XP_012170583.1, XP_020721067.1, XP_048263903.1
OG0000257	XP_061929032.1	XP_006613535.1	XP_086764368.1	XP_043792038.1	XP_026295210.1, XP_026295214.1, XP_026295436.1	XP_048260304.1
OG0000258	XP_016917913.2	XP_006612823.1	XP_003696804.2	XP_043801377.1	XP_623362.3	XP_003395878.1, XP_048261784.1
OG0000259	XP_028521978.1	XP_031366100.1	XP_003691294.3	XP_043803258.1	NP_001229900.1	XP_003393917.1, XP_048267244.1
OG0000260	XP_061939168.1	XP_006610221.2	XP_086767223.1	XP_043793912.1	XP_026300225.1	XP_048268942.1, XP_048268945.1
OG0000261	XP_016915564.2	XP_031370139.1	XP_031773509.2, XP_086761782.1	XP_043797147.1	XP_016769264.1	XP_020723124.2
OG0000262	XP_016910862.1	XP_031370704.1	XP_012348118.2	XP_043789645.1	XP_026298750.1	XP_003402379.3, XP_048264440.1
OG0000263	XP_061935564.1	XP_031367337.1, XP_031367338.1, XP_031367383.1	XP_031774346.2, XP_031774373.1		XP_006567535.1	
OG0000264	XP_016909218.1	XP_031369246.1, XP_031369265.1	XP_012339560.2	XP_043798417.1	XP_006566761.2	XP_012169298.1
OG0000265	XP_028523218.2	XP_031366034.1	XP_086773182.1		NP_001229914.1	XP_012175294.2, XP_048266423.1, XP_048266424.1
OG0000266	XP_016914582.2, XP_061937828.1	XP_031366029.1	XP_031771340.2, XP_086773174.1		XP_026299613.1	XP_048265906.1
OG0000267	XP_061932002.1	XP_006623362.2	XP_003689752.2	XP_043793649.1	XP_026297101.1, XP_026297165.1	XP_048262498.1
OG0000268	XP_028523341.1	XP_006625166.2	XP_086764524.1	XP_043800815.1	XP_026294841.1	XP_048265422.1, XP_048265669.1
OG0000269	XP_016915037.1, XP_028523343.1	XP_031370381.1	XP_031774690.2, XP_031774691.1	XP_043800879.1	XP_026294834.1	
OG0000270	XP_061935018.1, XP_061935020.1	XP_031365952.1	XP_086761851.1	XP_043796384.1	XP_006569857.1	XP_012166980.1
OG0000271	XP_016915032.1	XP_006614659.2, XP_006620259.1	XP_031774675.2	XP_043800783.1	XP_026294761.1	XP_012168517.1
OG0000272	XP_061929625.1	XP_006612266.1	XP_086759503.1	XP_043788196.1, XP_043801362.1	XP_026296136.1	XP_048260759.1
OG0000273	XP_061929611.1	XP_031364641.1	XP_086759533.1	XP_043784950.1, XP_043801361.1	XP_016767429.2	XP_048261332.1
OG0000274	XP_016914726.2	XP_006618962.1	XP_086766199.1	XP_043795651.1	XP_026297717.1	XP_012175231.2, XP_048269588.1
OG0000275	XP_061941982.1	XP_031364939.1	XP_086767944.1	XP_043794546.1	XP_026301926.1	XP_012167614.1, XP_048263728.1
OG0000276	XP_061941018.1	XP_031364903.1	XP_086765237.1	XP_043785765.1	XP_026300849.1, XP_026300967.1	XP_003400384.1
OG0000277	XP_016918719.2	XP_006614218.1	XP_012350394.2	XP_043798506.1	XP_625189.3	XP_003394143.1, XP_003394144.1
OG0000278	XP_016921910.2	XP_006619437.1, XP_031368145.1	XP_003694131.2	XP_043796531.1	XP_392494.1	XP_003401920.1
OG0000279	XP_061939315.1	XP_006610925.1	XP_012348721.1	XP_043802967.1	XP_026300186.1	XP_012170362.1, XP_020721443.2
OG0000280	XP_016911407.3	XP_031370743.1, XP_031370746.1	XP_086758596.1	XP_043791994.1	XP_006563722.1	XP_012172058.1
OG0000281	XP_016922415.1	XP_006609001.1, XP_031370543.1	XP_003698423.2	XP_043804389.1	NP_001129680.1	NP_001267828.1
OG0000282					XP_624150.2	XP_048262587.1, XP_048262590.1, XP_048270113.1, XP_048270175.1, XP_048270181.1, XP_048270182.1
OG0000283	XP_016913470.1	XP_006624787.1	XP_003694282.1	XP_043802890.1	XP_395697.2	XP_003395186.1, XP_003399969.1
OG0000284	XP_016910924.1	XP_031365843.1	XP_086770083.1	XP_043784071.1, XP_043795455.1	XP_006558004.1	XP_048260609.1
OG0000285	XP_061943107.1	XP_031367914.1, XP_031368022.1	XP_086767905.1	XP_043794047.1	XP_026301558.1	XP_048260719.1
OG0000286	XP_016909549.2	XP_006619723.1	XP_031773031.1	XP_043802179.1	XP_001121347.2	XP_003394925.2, XP_020718272.2
OG0000287	XP_028521673.2	XP_031368286.1	XP_086760142.1	XP_043802006.1	XP_026295816.1, XP_026295817.1	XP_048261059.1
OG0000288	XP_061936608.1	XP_006612977.1	XP_003692893.1	XP_043787395.1, XP_043791282.1	XP_026299081.1	XP_012175405.2
OG0000289	XP_028522032.2	XP_031369427.1	XP_031770780.2	XP_043803362.1	XP_016766350.1	XP_048262529.1, XP_048270139.1
OG0000290	XP_061937434.1	XP_006624306.1, XP_031370333.1	XP_086771922.1	XP_043801430.1	XP_016773009.2	XP_003396567.1
OG0000291	XP_061932734.1	XP_031368857.1, XP_031368874.1	XP_086767088.1	XP_043800163.1	XP_026297195.1	XP_012173876.2
OG0000292	XP_061934979.1	XP_006623882.1	XP_031773511.1	XP_043796608.1	XP_001122299.3	XP_003394436.1, XP_020724352.2
OG0000293	XP_016906995.1	XP_031370714.1	XP_086768684.1	XP_043801530.1, XP_043801543.1	XP_016770736.1	XP_012168806.1
OG0000294	XP_016919242.2	XP_031366412.1, XP_031366413.1	XP_086772634.1	XP_043791413.1	XP_391818.3	XP_003402329.1
OG0000295	XP_061936709.1	XP_031368809.1	XP_086764041.1	XP_043785731.1, XP_043785744.1	XP_026299150.1	XP_048265407.1
OG0000296	XP_016920634.1, XP_061942822.1	XP_006625019.1	XP_003692825.1	XP_043786852.1	XP_625037.1	XP_003398521.3
OG0000297	XP_016908679.1	XP_006609371.1	XP_003696030.1, XP_086762064.1	XP_043790315.1	NP_001171495.1	XP_003401364.1
OG0000298	XP_016910102.1	XP_006614040.1	XP_003696317.1	XP_043792686.1	XP_006562252.1	XP_003395576.1, XP_003402458.2
OG0000299	XP_016911086.1	XP_006616424.1	XP_003695154.3	XP_043784704.1, XP_043793546.1	XP_396824.1	XP_003396516.3
OG0000300	XP_028522287.2	XP_031368765.1	XP_086773787.1, XP_086773796.1	XP_043792009.1	XP_006563394.1	XP_012172017.1
OG0000301	XP_016907829.1	XP_006614374.1	XP_086771746.1	XP_043799062.1, XP_043799063.1	XP_397436.4	XP_012169662.1
OG0000302	XP_061940560.1	XP_031364133.1	XP_086765116.1	XP_043786063.1	XP_026300677.1	XP_048267866.1, XP_048268614.1
OG0000303	XP_016919323.1	XP_031364998.1	XP_086772482.1	XP_043791261.1	XP_006569219.1	XP_012171899.3, XP_012176466.1
OG0000304	XP_061937122.1	XP_031370642.1	XP_086764917.1, XP_086764960.1	XP_043784396.1, XP_043784407.1		XP_012166114.1
OG0000305	XP_016914573.1	XP_006618712.1	XP_003692963.2	XP_043795988.1	XP_026297510.1	XP_003396627.1, XP_020724225.1
OG0000306	XP_016920436.1	XP_006620698.1	XP_003696902.1	XP_043800104.1	NP_001107670.1, XP_001120565.2	XP_012174357.1
OG0000307	XP_016922951.1	XP_006607941.1	XP_003690371.1	XP_043789887.1	XP_003249906.1	XP_048264497.1, XP_048264499.1
OG0000308	XP_016912960.1	XP_006612668.1	XP_003692320.1	XP_043784361.1	NP_001257754.1	XP_003403304.1, XP_048262403.1
OG0000309	XP_016904939.1, XP_061942828.1	XP_006610101.1	XP_012347099.1	XP_043789957.1	XP_006561871.1	XP_012167357.1
OG0000310	XP_016908320.2	XP_006615331.1	XP_086773594.1	XP_043799536.1	XP_394722.5	XP_003397378.2, XP_048270225.1
OG0000311	XP_016920370.1	XP_006622370.1	XP_003696818.2	XP_043802568.1	XP_396581.5	XP_012175579.1, XP_048261526.1
OG0000312	XP_028522265.1, XP_061928452.1	XP_031371105.1	XP_003698595.4	XP_043800600.1	XP_006561014.2	XP_048260359.1
OG0000313	XP_016905876.1	XP_031369573.1	XP_031772579.2	XP_043800964.1	XP_006565450.2	XP_020719037.2, XP_020723536.1
OG0000314	XP_028521779.1	XP_031370884.1	XP_086773713.1, XP_086773946.1	XP_043790851.1	XP_006561071.2	XP_048268532.1
OG0000315	XP_016919959.1	XP_006625227.1, XP_031366659.1	XP_086764022.1	XP_043791620.1	XP_003249178.1	XP_003400205.1
OG0000316	XP_028524683.1	XP_006608303.1	XP_086768220.1	XP_043794297.1	XP_026299704.1	XP_003393334.1, XP_020724337.2
OG0000317	XP_016904392.2	XP_006613254.1	XP_086769219.1	XP_043792402.1	NP_001071291.1	XP_003396830.1, XP_003396832.1
OG0000318	XP_061932646.1	XP_006621137.1	XP_012348046.2	XP_043803575.1	XP_026301993.1	XP_012174802.1, XP_012175607.2
OG0000319	XP_016913997.1	XP_006615660.1	XP_012344097.2	XP_043804174.1	XP_006565266.1	XP_012174210.2, XP_048266853.1
OG0000320	XP_061934329.1	XP_006607452.1	XP_003693280.3, XP_086761919.1	XP_043797303.1	XP_006563921.1	XP_003397145.1
OG0000321	XP_016904130.1	XP_006607444.1	XP_003693309.2	XP_043797295.1	XP_396554.4	XP_003397078.1, XP_020724095.1
OG0000322	XP_061939600.1	XP_006613351.1	XP_003690800.1	XP_043792379.1	XP_003249354.2	XP_012165970.2, XP_020719536.2
OG0000323	XP_016904506.1	XP_006624317.1	XP_086764563.1	XP_043800827.1	XP_026294735.1	XP_020720578.2, XP_048270473.1
OG0000324	XP_061943390.1	XP_006616991.1	XP_086768358.1, XP_086768360.1	XP_043799268.1	XP_001120239.3	XP_020724045.2
OG0000325	XP_016904624.2	XP_006622478.1	XP_003696982.1	XP_043802581.1	XP_001121344.2	XP_012175257.1, XP_048267115.1
OG0000326	XP_016904738.2	XP_006610110.1	XP_086759877.1	XP_043789894.1	XP_003249939.3	XP_012167365.1, XP_048270251.1
OG0000327	XP_061936074.1	XP_031367985.1	XP_086773274.1	XP_043786916.1	XP_026299076.1	XP_012167936.2, XP_048265408.1
OG0000328	XP_061926942.1	XP_006623146.1	XP_086770981.1	XP_043803350.1, XP_043803351.1	XP_026294938.1	XP_048267030.1
OG0000329	XP_016905415.2	XP_006618895.1	XP_003689742.2	XP_043793642.1	NP_001011615.1	XP_048262934.1, XP_048262935.1
OG0000330	XP_016905465.2	XP_006615428.2, XP_006618863.2	XP_012350945.1	XP_043793573.1	XP_006557555.1	XP_012164972.1
OG0000331	XP_016905472.1	XP_031369062.1	XP_003689775.1	XP_043784121.1, XP_043793519.1	XP_006571821.1	XP_003402738.1
OG0000332	XP_016906220.1	XP_006608469.1	XP_003697298.1	XP_043804354.1	XP_026296337.1, XP_026296343.1	XP_003393493.1
OG0000333	XP_061937088.1	XP_006621377.2	XP_031772091.2, XP_086761375.1	XP_043799072.1	XP_026299500.1	XP_048265898.1
OG0000334	XP_061932408.1	XP_006614825.1	XP_003693836.4	XP_043800075.1	XP_006562487.1	XP_003394307.3, XP_003396167.1
OG0000335	XP_016906453.1	XP_006621049.1	XP_012344839.1	XP_043791788.1	NP_001135908.1	XP_003397204.1, XP_012173429.1
OG0000336	XP_061933001.1	XP_006620432.1	XP_012348242.1, XP_086771321.1	XP_043786503.1	XP_006571076.1	XP_048264592.1
OG0000337	XP_016906657.1	XP_006613683.1	XP_086760767.1	XP_043792453.1	XP_394574.3	XP_048261966.1, XP_048262075.1
OG0000338	XP_016906677.1	XP_006613689.1	XP_012346050.1	XP_043793304.1	XP_006567879.1, XP_026301505.1	XP_048261654.1
OG0000339	XP_028520856.1	XP_031366702.1	XP_003696448.1	XP_043793159.1, XP_043793184.1	XP_016767897.1	XP_012164010.1
OG0000340	XP_061938590.1	XP_031366311.1, XP_031370724.1		XP_043801598.1	XP_026299468.1	XP_012175498.2, XP_048265901.1
OG0000341	XP_061933466.1	XP_006618041.1	XP_012343768.1	XP_043789158.1	XP_003249152.1	XP_048263956.1, XP_048263959.1
OG0000342	XP_016907160.2	XP_006610750.1	XP_086769512.1	XP_043791361.1	XP_026302052.1	XP_003399181.1, XP_003399195.1
OG0000343	XP_061935241.1	XP_031363874.1, XP_031363987.1	XP_086769782.1	XP_043791455.1	XP_026302049.1	XP_048264451.1
OG0000344	XP_061941250.1	XP_031365514.1, XP_031365519.1	XP_086769654.1	XP_043792060.1	XP_006560325.2	XP_048264452.1
OG0000345	XP_016908011.1	XP_031365628.1	XP_003691946.1	XP_043797372.1, XP_043798218.1	XP_393827.2	XP_003399352.1
OG0000346	XP_061938437.1	XP_031369096.1	XP_003691956.2	XP_043798880.1	XP_016770286.1	XP_020720980.2, XP_048266283.1
OG0000347	XP_061938283.1	XP_031369129.1	XP_031771073.2	XP_043798436.1	XP_026299490.1, XP_026299741.1	XP_048265904.1
OG0000348	XP_061938210.1	XP_031368195.1	XP_086761263.1	XP_043799096.1	XP_026299403.1	XP_048260169.1, XP_048266506.1
OG0000349	XP_016909756.1, XP_061942184.1	XP_006620345.1	XP_003696059.1	XP_043790821.1	XP_006561083.2	XP_003401229.1
OG0000350	XP_016909989.1	XP_006609839.1	XP_086762158.1	XP_043797234.1	XP_016768985.2	XP_012167767.1, XP_020722937.1
OG0000351	XP_016910012.1	XP_006618467.1	XP_003694077.2	XP_043796534.1	XP_006564732.1	XP_048269061.1, XP_048269487.1
OG0000352	XP_016910054.2	XP_006607436.1	XP_012344321.2, XP_086770415.1	XP_043786197.1	XP_026298087.1	XP_012175001.1
OG0000353	XP_061927026.1	XP_006620788.1	XP_086771246.1	XP_043803039.1, XP_043803345.1	XP_026294954.1	XP_048269254.1
OG0000354	XP_028525724.1	XP_006625129.1	XP_012348109.1	XP_043789691.1	XP_026298536.1	XP_020720439.2, XP_048264439.1
OG0000355	XP_016910737.2	XP_006615267.2	XP_003691410.2	XP_043800948.1, XP_043803210.1	XP_001122505.3	XP_003393940.2
OG0000356	XP_061933917.1	XP_006617674.1, XP_006617675.1	XP_086773637.1	XP_043786377.1	XP_026298151.1	XP_020719749.1
OG0000357	XP_061938354.1	XP_006621644.1	XP_003691906.2	XP_043798964.1	XP_026299319.1, XP_026299716.1	XP_012169355.2
OG0000358	XP_016911477.1	XP_006612331.1	XP_086758604.1	XP_043789153.1	NP_001314884.1	XP_048265097.1, XP_048268443.1
OG0000359	XP_016911590.1	XP_006617880.1	XP_086763170.1, XP_086763415.1	XP_043789478.1	XP_006567540.1	XP_012166852.1
OG0000360	XP_061943289.1	XP_006615518.1	XP_003693485.2	XP_043784848.1, XP_043784870.1	XP_026301914.1	XP_048263785.1
OG0000361	XP_016912395.1	XP_006609334.1	XP_012345281.1	XP_043790888.1	XP_001120043.2, XP_016772143.2	XP_003401334.1
OG0000362	XP_016912529.3, XP_061941638.1	XP_006609306.2	XP_086773973.1	XP_043790547.1	XP_006560725.1	XP_012172478.1
OG0000363	XP_061928155.1	XP_006616312.1	XP_031775852.2	XP_043787857.1, XP_043787858.1	XP_006560914.1	XP_003394266.1
OG0000364	XP_061931571.1	XP_031369890.1	XP_086760342.1, XP_086760343.1	XP_043793132.1	XP_026296673.1	XP_020718756.2
OG0000365	XP_028522658.2	XP_031367231.1	XP_086765693.1	XP_043788008.1	XP_026295388.1, XP_026295434.1	XP_020724377.2
OG0000366	XP_061932096.1	XP_006612689.1	XP_086763279.1	XP_043784336.1	XP_001120594.2	XP_003396140.2, XP_012175299.1
OG0000367	XP_061939072.1	XP_031364565.1, XP_031367591.1	XP_086763904.1	XP_043804137.1	XP_026300118.1	XP_048266653.1
OG0000368	XP_028522907.1	XP_006623804.1	XP_003694280.2	XP_043802855.1	XP_006557394.2	XP_048261292.1, XP_048261538.1
OG0000369	XP_061929468.1	XP_031364651.1, XP_031364652.1	XP_012339219.2	XP_043784928.1	XP_016767077.2	XP_048261539.1
OG0000370	XP_061940559.1	XP_031364174.1	XP_031772829.2, XP_086765115.1		XP_026300968.1, XP_026300969.1	XP_048267918.1
OG0000371	XP_016913914.2	XP_006612032.2	XP_086763698.1	XP_043796014.1, XP_043804087.1	XP_026300085.1	XP_020721569.2
OG0000372	XP_028523106.1	XP_031366317.1	XP_086763854.1	XP_043804114.1, XP_043804142.1	XP_016770853.1	XP_020721589.1
OG0000373	XP_016914092.1	XP_006615593.1	XP_003698246.2	XP_043804074.1	XP_003250593.2	XP_003401728.1, XP_048267081.1
OG0000374	XP_016915218.1	XP_006617245.1	XP_012340250.1	XP_043800418.1	XP_006570731.1	XP_003396623.1, XP_012174734.1
OG0000375	XP_016915941.2	XP_006623856.1	XP_031770987.1	XP_043801387.1	XP_016769133.2	XP_020719788.2, XP_020719919.2
OG0000376	XP_016916247.1	XP_031364264.1, XP_031364275.1	XP_012350840.1	XP_043786710.1	XP_006559430.1	XP_020723225.2
OG0000377	XP_016916878.2	XP_006609402.2	XP_003695799.2	XP_043785296.1, XP_043790598.1	XP_395665.6	XP_012172739.2
OG0000378	XP_016917608.2	XP_031366482.1, XP_031366483.1	XP_031770940.2	XP_043784235.1	XP_026299094.1	XP_048265051.1
OG0000379	XP_016917687.1	XP_006615591.1	XP_031772393.2	XP_043801438.1	XP_006572124.1	XP_003401908.1, XP_012170436.1
OG0000380	XP_016918120.2	XP_006625152.1	XP_003694963.1	XP_043796243.1	XP_001120660.2	XP_003393433.2, XP_048262832.1
OG0000381	XP_016918226.1	XP_031364824.1	XP_031772339.1	XP_043796301.1	XP_026301974.1	XP_012165913.2, XP_020719206.1
OG0000382	XP_016918377.1	XP_006607590.1	XP_012342658.1, XP_086770721.1	XP_043796737.1	XP_006563822.1	XP_012174945.1
OG0000383	XP_061928932.1	XP_006613533.1, XP_031365294.1	XP_086764268.1, XP_086764302.1	XP_043803632.1		XP_020723590.2
OG0000384	XP_016919119.1	XP_031364570.1	XP_012344477.1	XP_043794298.1	XP_016773275.1	XP_003392959.1, XP_048260271.1
OG0000385	XP_061936624.1	XP_031370675.1	XP_086772436.1	XP_043791309.1	XP_026299252.1	XP_048265069.1, XP_048265090.1
OG0000386	XP_016919326.1	XP_006619442.1	XP_012342620.1	XP_043797321.1	XP_006564598.1	XP_048269464.1, XP_048269983.1
OG0000387	XP_016919608.1	XP_006622857.1	XP_012339556.1	XP_043794083.1	XP_006571434.1	XP_003392983.3, XP_048262810.1
OG0000388	XP_016919737.1	XP_006624501.1	XP_003695283.1	XP_043801653.1, XP_043802935.1	XP_006572192.1	XP_003396939.1
OG0000389	XP_016919828.2	XP_006614550.1	XP_003694479.3	XP_043787522.1	XP_026300496.1, XP_026300583.1	XP_012170843.1
OG0000390	XP_016919979.1		XP_086767421.1	XP_043800097.1		XP_048262474.1, XP_048265060.1, XP_048270116.1, XP_048270171.1
OG0000391	XP_061927242.1	XP_031369492.1	XP_086762610.1	XP_043801460.1	XP_016773625.2	XP_020724000.2, XP_048270379.1
OG0000392	XP_028525059.1	XP_031364748.1	XP_031774439.2	XP_043797953.1	XP_006568898.2, XP_026294859.1	XP_048269857.1
OG0000393	XP_028525259.1	XP_006617620.1	XP_086766895.1, XP_086767215.1	XP_043800119.1	XP_026297190.1	XP_048262355.1
OG0000394	XP_061937972.1, XP_061937976.1	XP_031365142.1	XP_031775017.2	XP_043788581.1	XP_026298712.1	XP_048263601.1
OG0000395	XP_028525316.2	XP_006610243.1	XP_003689677.1	XP_043788148.1	XP_624064.5	XP_012171230.2, XP_048266547.1
OG0000396	XP_016921604.1	XP_031366370.1	XP_003695906.1	XP_043793876.1	XP_016771112.2	XP_003401003.2, XP_003402688.2
OG0000397	XP_028522192.1, XP_061931563.1	XP_006612827.1	XP_012346318.3	XP_043801375.1	XP_026296658.1	XP_020718855.2
OG0000398	XP_028525650.2, XP_061939984.1	XP_031365712.1	XP_086770228.1	XP_043787494.1	XP_026300640.1	XP_048267253.1
OG0000399	XP_016922181.1	XP_031368230.1	XP_012343151.2	XP_043787402.1	XP_026300446.1, XP_026300584.1	XP_012170845.1
OG0000400	XP_016922860.2	XP_031364349.1	XP_086770759.1	XP_043793760.1	XP_026300732.1	XP_012171390.1, XP_048269633.1
OG0000401	XP_061941826.1	XP_006607222.2	XP_086768460.1	XP_043791079.1	XP_026302089.1	XP_003393469.2, XP_048262136.1
OG0000402	XP_028523153.2	XP_006624461.2	XP_031771465.1	XP_043799833.1	XP_026297134.1	XP_012167272.2, XP_048269642.1
OG0000403	XP_061931625.1	XP_031370321.1	XP_086772021.1	XP_043802788.1, XP_043803607.1	XP_026296677.1	XP_048261952.1
OG0000404	XP_061931687.1	XP_006608636.1	XP_031771516.2	XP_043788553.1, XP_043802661.1	XP_026296577.1	XP_048261937.1
OG0000405	XP_061935462.1	XP_031371217.1	XP_031774096.2	XP_043789801.1	XP_026298746.1, XP_026298747.1	XP_048264437.1
OG0000406	XP_016922550.1, XP_061942804.1	XP_031369834.1	XP_012346693.1	XP_043799338.1	XP_394155.4	XP_012174276.1
OG0000407	XP_016919804.1, XP_061942814.1	XP_006613178.1	XP_012347349.1	XP_043788647.1	XP_392639.1	XP_003396735.1
OG0000408	XP_016917927.1, XP_061942816.1	XP_006607973.1	XP_003692736.1	XP_043791370.1	XP_393671.2	XP_003398066.1
OG0000409	XP_016908983.1, XP_061942840.1	XP_006621745.1	XP_003691877.2	XP_043798728.1	XP_395329.2	XP_012169268.1
OG0000410	XP_061931618.1	XP_006623697.1	XP_003689878.1	XP_043802795.1	XP_624543.3	XP_003403243.2, XP_048261619.1
OG0000411	XP_061929343.1	XP_006622007.1	XP_012349078.3, XP_086766713.1	XP_043795307.1	XP_006557323.1	XP_012175941.1
OG0000412	XP_028522895.2	XP_006615006.2, XP_006625246.2	XP_086764718.1	XP_043784611.1	XP_006557505.2	XP_020719337.2
OG0000413	XP_016908379.1	XP_006619469.1	XP_003690965.1	XP_043804286.1	XP_392256.2	XP_003402872.1, XP_048270571.1
OG0000414	XP_016915059.1	XP_006609096.1	XP_003695876.1	XP_043790686.1	NP_001035314.1	XP_003401479.1, XP_003402792.1
OG0000415	XP_061935710.1	XP_006608579.1	XP_003690318.1	XP_043789747.1	NP_001011591.1	XP_003397877.1, XP_048264914.1
OG0000416	XP_061936350.1	XP_031365971.1	XP_086772759.1	XP_043786880.1	XP_026299089.1	XP_020723923.2, XP_048270228.1
OG0000417	XP_016905047.1	XP_031364064.1	XP_086763235.1	XP_043785267.1	XP_026301671.1	XP_048262463.1, XP_048267118.1
OG0000418	XP_061934178.1	XP_006625247.1, XP_031370996.1	XP_012350054.2	XP_043789018.1	XP_026297714.1	XP_012163163.1
OG0000419	XP_016917817.1	XP_006623691.1	XP_031771449.1	XP_043802659.1	XP_006571958.1	XP_012175229.1, XP_048261618.1
OG0000420	XP_016916923.1	XP_006611695.1, XP_006625203.1	XP_003689913.1	XP_043802501.1	XP_001120521.1	XP_003402429.1
OG0000421	XP_016910068.1	XP_006607406.2	XP_012344319.1	XP_043786088.1	XP_392843.1	XP_003401741.2, XP_012174989.1
OG0000422	XP_016914262.1	XP_006624460.1	XP_003692442.1	XP_043799834.1	XP_624651.2	XP_003397675.1, XP_003401361.1
OG0000423	XP_016920365.1	XP_006622332.1	XP_086762534.1	XP_043802410.1	XP_623731.1	XP_003393793.1, XP_003393797.1
OG0000424	XP_061936881.1	XP_006612451.1	XP_086766591.1, XP_086766820.1	XP_043791050.1	NP_001229394.1	XP_012168154.3
OG0000425	XP_061933828.1	XP_031370069.1	XP_012348538.2	XP_043792040.1	XP_006558719.1	XP_012166532.2, XP_020720813.2
OG0000426	XP_016916846.2	XP_031370520.1	XP_086758935.1	XP_043790436.1	XP_623312.2	XP_003397254.1, XP_048268387.1
OG0000427	XP_016904481.1	XP_006612448.1	XP_003698284.1	XP_043791035.1	XP_026298887.1	XP_003398429.1, XP_003398437.1
OG0000428	XP_061927094.1	XP_006622894.1	XP_003691465.2	XP_043803371.1	XP_623198.1	XP_048267555.1, XP_048267588.1
OG0000429	XP_016919107.1	XP_006608305.1	XP_012344658.3	XP_043794425.1	XP_006571749.1	XP_003399605.4, XP_012166280.1
OG0000430	XP_016905978.1	XP_031368235.1	XP_012349417.3	XP_043788376.1	XP_026295460.1	XP_003394442.1, XP_012176378.1
OG0000431	XP_061940008.1	XP_006622867.1	XP_031773318.2	XP_043797729.1	XP_026300357.1	XP_012166370.1, XP_012167216.3
OG0000432	XP_016912682.1	XP_006616273.1	XP_012349111.1	XP_043787620.1, XP_043803831.1	XP_001120164.2	XP_012176577.1
OG0000433	XP_061928527.1	XP_031366605.1	XP_086765815.1	XP_043787820.1	XP_026295443.1	XP_003403079.1, XP_048260254.1
OG0000434	XP_061930829.1	XP_031366692.1, XP_031366693.1	XP_012345953.1	XP_043793000.1	XP_006564797.1	XP_048262058.1
OG0000435	XP_016907459.2	XP_006610582.1	XP_086769357.1	XP_043786684.1	XP_016767336.2	XP_048262254.1, XP_048262311.1
OG0000436	XP_016913132.2	XP_006613492.2	XP_003697394.1	XP_043803790.1	XP_393545.2	XP_012170622.1, XP_048266645.1
OG0000437	XP_061929605.1	XP_006612240.2	XP_031771022.2	XP_043784896.1, XP_043784995.1	XP_016767523.1	XP_020718375.2
OG0000438	XP_016909650.2	XP_006607167.1, XP_031371074.1	XP_086770525.1	XP_043794955.1	XP_016771313.1	XP_003400037.3
OG0000439	XP_061928557.1	XP_006616345.1	XP_012349400.2	XP_043787653.1	XP_394416.4	XP_012173557.1, XP_048270621.1
OG0000440	XP_016904478.1	XP_006613410.1	XP_086769149.1	XP_043788162.1	XP_026302109.1	XP_003399271.3, XP_020721301.2
OG0000441	XP_016908135.3	XP_031365007.1	XP_086773386.1	XP_043799653.1, XP_043801494.1	XP_026298017.1	XP_003397165.2
OG0000442	XP_016917532.2	XP_006613894.1	XP_012339048.3	XP_043784258.1, XP_043803776.1	XP_026298964.1	XP_003398217.2
OG0000443	XP_016922016.2	XP_006618461.1	XP_086763246.1	XP_043789302.1	XP_006558887.1	XP_003397626.1, XP_003403207.3
OG0000444	XP_016916775.1	XP_006608185.1	XP_031771244.1, XP_086768281.1	XP_043789086.1	XP_392055.2	XP_020722676.1
OG0000445	XP_016910242.2	XP_006614031.1	XP_003696314.1	XP_043792446.1	XP_623071.1	XP_003395691.2, XP_020724234.2
OG0000446	XP_016918137.1	XP_006608850.1	XP_086763459.1	XP_043800769.1	XP_006564186.1	XP_012164592.1, XP_012164727.2
OG0000447	XP_061930282.1	XP_031364463.1, XP_031364497.1	XP_086759927.1	XP_043802324.1	XP_026296074.1	XP_048261379.1
OG0000448	XP_061933042.1	XP_031367955.1	XP_086766206.1, XP_086766224.1	XP_043800517.1	XP_026297620.1	XP_048262990.1
OG0000449	XP_061937289.1	XP_006617011.2, XP_006620992.1	XP_086769366.1	XP_043784670.1	XP_006558995.1	XP_048263539.1
OG0000450	XP_016916422.1	XP_031366882.1	XP_086760882.1	XP_043789698.1	XP_026298777.1	XP_012167449.2, XP_012167595.2
OG0000451	XP_028522358.2	XP_006623949.2, XP_006625214.2	XP_031776472.2	XP_043788546.1	XP_026294890.1	XP_012165255.1
OG0000452	XP_061927987.1	XP_006614656.1	XP_031774684.2	XP_043800880.1	XP_016772837.1	XP_003398646.1
OG0000453	XP_016907628.1	XP_006610705.1	XP_003690779.1	XP_043793129.1	XP_026296210.1	XP_012168947.2
OG0000454	XP_016920774.2	XP_006613027.2	XP_086764697.1	XP_043785180.1	XP_006562365.2	XP_048267730.1
OG0000455	XP_061941114.1	XP_031365041.1	XP_086764864.1	XP_043785760.1	XP_026300962.1	XP_003393379.2
OG0000456	XP_016922080.1	XP_031365615.1	NP_001351732.1	XP_043787431.1	NP_001035324.1	XP_003400126.2
OG0000457	XP_028522064.2	XP_006615202.1	XP_003691418.1	XP_043803310.1	XP_003250765.1	XP_048267200.1
OG0000458	XP_061936995.1	XP_006610668.1	XP_086769309.1	XP_043792798.1	XP_026301320.1	XP_048266599.1
OG0000459	XP_016907261.1	XP_006610672.1	XP_031776301.2	XP_043792702.1	XP_003250567.1	XP_003398745.1
OG0000460	XP_061934577.1	XP_031363949.1	XP_012349887.1	XP_043792811.1	XP_006565047.1	XP_012168771.2
OG0000461	XP_016907242.2	XP_006610670.2	XP_086769292.1	XP_043792632.1	XP_026301241.1	XP_012168743.2
OG0000462	XP_016907254.1	XP_006610669.2	XP_012349895.1	XP_043792646.1	XP_006565042.1	XP_003398739.2
OG0000463	XP_061935331.1	XP_006610538.1	XP_086769770.1	XP_043788401.1	XP_026297783.1	XP_003402779.1
OG0000464	XP_016912171.2	XP_031366586.1	XP_086760668.1	XP_043793360.1	XP_006567694.1	XP_048261740.1
OG0000465	XP_061931271.1	XP_031366522.1	XP_031774102.2	XP_043793363.1	NP_001011574.1	XP_048261745.1
OG0000466	XP_061927046.1	XP_031366086.1	XP_003691467.2	XP_043803282.1	XP_026302131.1	XP_003393918.2
OG0000467	XP_061942183.1	XP_031370853.1	XP_086773861.1	XP_043790709.1	XP_026301171.1	XP_012172523.3
OG0000468	XP_016911121.2	XP_006624499.2	XP_086770102.1	XP_043784550.1	XP_006559060.2	XP_048263313.1
OG0000469	XP_028521906.2	XP_031365346.1	XP_012346020.3	XP_043792634.1	XP_026296769.1	XP_020718834.2
OG0000470	XP_061938486.1	XP_031369237.1	XP_031772089.2	XP_043798338.1	XP_026299492.1	XP_020720993.2
OG0000471	XP_061942084.1	XP_006620746.2	XP_086773774.1	XP_043791998.1	XP_026301167.1	XP_048265962.1
OG0000472	XP_061932601.1	XP_031367012.1	XP_086766927.1	XP_043799960.1	XP_026297251.1	XP_048262611.1
OG0000473	XP_061938584.1	XP_031365555.1	XP_086771892.1	XP_043798206.1	XP_026299631.1	XP_048265881.1
OG0000474	XP_061941744.1	XP_031366977.1	XP_086758830.1	XP_043788961.1	XP_026301292.1	XP_048268338.1
OG0000475	XP_061935591.1	XP_031367351.1	XP_086762520.1	XP_043789787.1	XP_026298753.1	XP_048264442.1
OG0000476	XP_016905331.2	XP_006619991.1	XP_012348597.3	XP_043804400.1	XP_026297066.1	XP_048262430.1
OG0000477	XP_061941277.1	XP_031370824.1	XP_086773862.1	XP_043790719.1	XP_026301406.1	XP_048268511.1
OG0000478	XP_016921306.1	XP_006622931.1	XP_086772946.1	XP_043803686.1	XP_026295127.1	XP_012163496.2
OG0000479	XP_061928103.1	XP_031367554.1	XP_086764571.1	XP_043797381.1	XP_026294935.1	XP_048267736.1
OG0000480	XP_016910327.1	XP_031366113.1	XP_003691310.1	XP_043803338.1	XP_026302134.1	XP_003393901.2
OG0000481	XP_016906280.2	XP_031370199.1	XP_086772883.1	XP_043803618.1	NP_001314876.1	XP_020720555.2
OG0000482	XP_016914031.1	XP_031366282.1	XP_086763808.1	XP_043804197.1	XP_026300235.1	XP_003399880.1
OG0000483	XP_016920912.1	XP_006617616.1	XP_086767231.1	XP_043800399.1	XP_006570570.1	XP_012174769.2
OG0000484	XP_016914024.1	XP_006615654.1	XP_003695219.1	XP_043804190.1	NP_001180219.1	XP_020721716.1
OG0000485	XP_016906298.1	XP_006622748.1	XP_086772853.1	XP_043803695.1	NP_001177849.1	XP_048264951.1
OG0000486	XP_061939111.1	XP_006613464.1	XP_086763552.1	XP_043804048.1	XP_026300187.1	XP_003399944.1
OG0000487	XP_016905939.1	XP_006617791.1, XP_031367340.1	XP_086761030.1, XP_086763339.1			XP_012174232.1
OG0000488	XP_016915887.1	XP_006616045.2	XP_086759490.1	XP_043788168.1	XP_006560640.1	XP_012163501.2
OG0000489	XP_061929486.1	XP_006607949.1	XP_003694326.2	XP_043797434.1	XP_026296150.1	XP_020718311.2
OG0000490	XP_016904338.1	XP_006620199.1	XP_012350241.1	XP_043795610.1	XP_394245.2	XP_003396865.1
OG0000491	XP_016922579.1	XP_006619942.1	XP_012344541.3	XP_043794101.1	XP_006571773.2	XP_003393363.1
OG0000492	XP_061933145.1	XP_006618679.1	XP_086766165.1	XP_043795880.1	XP_006565537.1	XP_048262949.1
OG0000493	XP_016914612.2	XP_006618676.1	XP_086766164.1	XP_043795879.1	XP_016768511.2	XP_048263832.1
OG0000494	XP_016909472.1	XP_006608774.1	XP_003693959.1	XP_043800734.1	XP_006564136.1	XP_012164635.2
OG0000495	XP_016909511.1	XP_006619753.1	XP_086759657.1	XP_043801955.1	XP_001121775.2	XP_012163274.2
OG0000496	XP_061929600.1	XP_006612231.1	XP_086759300.1	XP_043784901.1	XP_006558751.1	XP_048261165.1
OG0000497	XP_016909261.2	XP_006621712.1	XP_003692016.2	XP_043798520.1	XP_026299794.1	XP_003399081.1
OG0000498	XP_016917439.2	XP_031366804.1	XP_086758788.1	XP_043789088.1	XP_006563569.1	XP_012172202.1
OG0000499	XP_061938405.1	XP_006621542.1	XP_086761534.1	XP_043798878.1	XP_393750.5	XP_048266277.1
OG0000500	XP_061930355.1	XP_006611811.1	XP_086759892.1	XP_043802270.1	XP_623409.3	XP_048261080.1
OG0000501	XP_061928030.1	XP_006624640.1	XP_012341818.1	XP_043796323.1	XP_026301943.1	XP_003396326.2
OG0000502	XP_016918495.1	XP_006624626.1	XP_003693536.1	XP_043796320.1	XP_026301939.1	XP_003396325.1
OG0000503	XP_016918438.1	XP_006624631.1	XP_086769083.1	XP_043796052.1	XP_006569621.1	XP_003396323.2
OG0000504	XP_016918595.1	XP_006624635.1	XP_012341813.2	XP_043796047.1	XP_026301931.1	XP_012165300.1
OG0000505	XP_016917026.1	XP_006611807.1	XP_031772905.2	XP_043801998.1	XP_006569437.1	XP_012174180.1
OG0000506	XP_016920901.1	XP_006617611.1	XP_086766873.1	XP_043799962.1	XP_393205.4	XP_003402888.1
OG0000507	XP_016920902.1	XP_006613436.1	XP_086767221.1	XP_043799846.1	XP_003251584.1	XP_003402887.1
OG0000508	XP_016905425.1	XP_006618913.1	XP_003689769.1	XP_043793535.1	XP_006557594.2	XP_012164731.2
OG0000509	XP_061935446.1	XP_006607692.1	XP_086759718.1	XP_043789541.1	XP_392530.3	XP_003397766.1
OG0000510	XP_016920789.1	XP_006610757.1	XP_086770719.1	XP_043790038.1	XP_026300722.1	XP_012171928.1
OG0000511	XP_061932932.1	XP_006624088.1	XP_086766337.1	XP_043800474.1	XP_026297536.1	XP_003397076.1
OG0000512	XP_016918553.1	XP_006624600.1	XP_086769108.1	XP_043796347.1	XP_016772663.1	XP_012165276.1
OG0000513	XP_061942176.1	XP_006617086.1	XP_031773950.1	XP_043789115.1	XP_394092.3	XP_003401138.2
OG0000514	XP_061939263.1	XP_031367893.1	XP_031773773.2	XP_043793960.1	XP_026300252.1	XP_012172637.2
OG0000515	XP_016917589.2	XP_006608264.1	XP_012339740.1	XP_043789091.1	XP_006563567.1	XP_012172201.2
OG0000516	XP_016921469.1	XP_006612224.1	XP_012339155.2	XP_043785010.1	XP_006558759.1	XP_003394986.2
OG0000517	XP_016906323.2	XP_006614828.1	XP_086767339.1	XP_043800251.1	XP_623220.1	XP_003396169.1
OG0000518	XP_016913108.1	XP_006612015.1	XP_012344088.1	XP_043804167.1	XP_006567025.1	XP_003399700.1
OG0000519	XP_016917461.1	XP_006608143.1	XP_003692081.2	XP_043789048.1	XP_396338.2	XP_003401157.1
OG0000520	XP_016914958.1	XP_006615140.2	XP_031771351.1	XP_043799133.1	NP_001229915.1	XP_048266425.1
OG0000521	XP_061940634.1	XP_006611065.1	XP_003694992.2	XP_043786018.1	XP_026300868.1	XP_003400671.1
OG0000522	XP_016922880.2	XP_006611517.1	XP_003697529.1	XP_043793807.1	XP_396925.4	XP_003400489.1
OG0000523	XP_016912093.1	XP_006619830.1	XP_012348814.1	XP_043794290.1	XP_016770723.1	XP_012169135.1
OG0000524	XP_016913357.1	XP_006615047.1	XP_012340104.1	XP_043784678.1	XP_006557534.1	XP_003396418.1
OG0000525	XP_016922377.1	XP_006607264.1	XP_031771540.2	XP_043786155.1	XP_006559600.2	XP_048269390.1
OG0000526	XP_016919568.1	XP_006624401.1	XP_031775469.2	XP_043790252.1	XP_026299753.1	XP_003399193.1
OG0000527	XP_061940553.1	XP_006610979.1	XP_012342966.2	XP_043785450.1	XP_026300863.1	XP_003400635.1
OG0000528	XP_016913353.1	XP_006615046.1	XP_003692357.1	XP_043784485.1	XP_006557528.1	XP_003396414.1
OG0000529	XP_016919643.2	XP_031364303.1	XP_012343060.2	XP_043797588.1	XP_016768434.2	XP_003397066.2
OG0000530	XP_016919638.1	XP_006611343.1	XP_012343053.1	XP_043797584.1	XP_026297653.1	XP_012166345.1
OG0000531	XP_061929450.1	XP_006623807.1	XP_086759537.1	XP_043802906.1	XP_026295900.1	XP_012163640.2
OG0000532	XP_016913690.2	XP_006611124.2	XP_086764725.1	XP_043785749.1	XP_006563003.1	XP_048267620.1
OG0000533	XP_016913381.2	XP_006613622.1	XP_003691062.4	XP_043784441.1	XP_026299686.1	XP_003402994.2
OG0000534	XP_016922703.2	XP_006621324.1	XP_012344846.2	XP_043791451.1	XP_016768428.1	XP_003402916.3
OG0000535	XP_016905455.2	XP_031369920.1	XP_012350936.2	XP_043793495.1	XP_001120112.3	XP_003402914.1
OG0000536	XP_061929493.1	XP_006624917.1	XP_003694323.2	XP_043797465.1	XP_026296160.1	NP_001274492.1
OG0000537	XP_028521409.1	XP_006608949.2	XP_086767814.1	XP_043794173.1	XP_006562277.2	XP_012169975.1
OG0000538	XP_016915727.1	XP_006624921.1	XP_086759554.1	XP_043797433.1	XP_026295892.1	NP_001267818.1
OG0000539	XP_016909626.3	XP_031370534.1	XP_031772913.2	XP_043795006.1	XP_016771370.1	XP_012170773.1
OG0000540	XP_016921651.1	XP_006610864.1	XP_031774856.1	XP_043804276.1	XP_393860.4	XP_012170213.2
OG0000541	XP_016911732.1	XP_006617815.1	XP_086762912.1	XP_043789409.1	XP_006567529.1	XP_003397414.2
OG0000542	XP_061929870.1	XP_031364690.1	XP_012343386.2	XP_043802528.1	XP_006562397.1	XP_020718283.1
OG0000543	XP_028521834.1	XP_031371344.1	XP_086762346.1	XP_043796587.1	XP_006568117.1	XP_003401668.2
OG0000544	XP_016914995.2	XP_031370709.1	XP_012346812.3	XP_043800878.1	XP_026294842.1	XP_012168558.1
OG0000545	XP_061928011.1	XP_031370438.1	XP_012346809.2	XP_043800866.1, XP_043803775.1		XP_020720644.1
OG0000546	XP_061928008.1	XP_031370382.1	XP_086764518.1	XP_043800865.1	XP_026294928.1	XP_048270241.1
OG0000547	XP_061927960.1	XP_006624414.2	XP_012346755.2	XP_043800864.1	XP_006572184.2	XP_048269629.1
OG0000548	XP_016915596.1	XP_006623876.1	XP_086761783.1	XP_043797242.1	XP_006569827.1	XP_048269767.1
OG0000549	XP_016912346.1	XP_006608078.1	XP_003696591.2	XP_043792352.1	XP_624678.1	XP_003395685.1
OG0000550	XP_061928426.1	XP_006609739.1	XP_086765535.1	XP_043800628.1	XP_026295225.1	XP_048260346.1
OG0000551	XP_061931472.1	XP_031368969.1	XP_086760317.1	XP_043793024.1	XP_026296535.1	XP_012164116.1
OG0000552	XP_061933046.1	XP_006619014.1	XP_012341064.2	XP_043795934.1	XP_006565171.1	XP_048263000.1
OG0000553	XP_016918903.1	XP_006612898.1	XP_086767980.1	XP_043794553.1	XP_006571480.1	XP_003393320.1
OG0000554	XP_016918908.2	XP_031364984.1	XP_086767990.1	XP_043794224.1	XP_026301855.1	XP_048264585.1
OG0000555	XP_016915317.1	XP_006619712.1	XP_003694620.1	XP_043802491.1	XP_394676.2	XP_003400487.1
OG0000556	XP_016918415.1	XP_006621831.1	XP_012345944.3	XP_043793287.1	XP_026296719.1	XP_012164349.1
OG0000557	XP_016909753.1	XP_006620342.1	XP_003696050.3	XP_043790715.1	XP_006561085.2	XP_012172358.1
OG0000558		XP_006620337.1	XP_031773914.1	XP_043790916.1	XP_624353.1	XP_012172367.1, XP_020722624.1
OG0000559	XP_016912540.1	XP_006609317.1	XP_086773959.1	XP_043790718.1	XP_623834.1	XP_003401313.1
OG0000560	XP_016916123.1	XP_006622767.1	XP_003691164.1	XP_043797988.1	XP_625015.1	XP_003399722.1
OG0000561	XP_016914556.1	XP_006611219.1	XP_012340998.1	XP_043795951.1	NP_001172074.1	XP_003396989.1
OG0000562	XP_028522450.1	XP_006622999.1	XP_031771329.1	XP_043794646.1	XP_026299464.1	XP_012169196.1
OG0000563	XP_016908245.1	XP_006615332.1	XP_003691490.1	XP_043799694.1	XP_006561513.1	XP_003397328.2
OG0000564	XP_016920738.1	XP_006619256.1	XP_003690078.1	XP_043801200.1	XP_395774.2	XP_048267762.1
OG0000565	XP_061941261.1	XP_006621259.1	XP_012347279.1	XP_043790045.1	XP_006560064.1	XP_020722094.2
OG0000566	XP_061935326.1	XP_006607867.2	XP_012347990.1	XP_043789573.1	XP_394925.4	XP_003397895.1
OG0000567	XP_016920796.2	XP_006621258.1	XP_003697465.1	XP_043790044.1	XP_026300867.1	XP_003400944.1
OG0000568	XP_016919189.2	XP_006616194.2	XP_086768070.1	XP_043794301.1	XP_001122093.2	XP_003392931.1
OG0000569	XP_016915667.1	XP_006608672.1	XP_031772158.2	XP_043796504.1	XP_026298056.1	XP_003401786.1
OG0000570	XP_061939672.1	XP_006609559.1	XP_003690869.3	XP_043794950.1	XP_026300350.1	XP_012171068.2
OG0000571	XP_061927776.1	XP_031365683.1	XP_086763784.1	XP_043786414.1	XP_026294719.1	XP_012172327.1
OG0000572	XP_016909780.1	XP_006620317.1	XP_012345094.1	XP_043790327.1	XP_003249784.1	XP_012172379.1
OG0000573	XP_016909596.1	XP_006624328.1	XP_003697661.2	XP_043791666.1	XP_623289.1	XP_003401914.2
OG0000574	XP_016911981.1	XP_006623052.1	XP_086773125.1	XP_043795482.1	XP_392696.5	XP_003398996.2
OG0000575	XP_016906143.1	XP_006610851.1	XP_012347116.2	XP_043803806.1	XP_006566930.1	XP_003399739.1
OG0000576	XP_061934820.1	XP_031371347.1	XP_086762358.1	XP_043796963.1	XP_006568129.2	XP_003401620.2
OG0000577	XP_016906513.1	XP_031367210.1	XP_031776416.1	XP_043788030.1	NP_001011563.1	XP_048270688.1
OG0000578	XP_016909370.1	XP_006625143.1	XP_003694950.1	XP_043796017.1	XP_001119884.1	XP_012169969.2
OG0000579	XP_016909371.1	XP_006625138.1	XP_003694953.2	XP_043796015.1	XP_001120194.1	XP_012170000.1
OG0000580	XP_061941864.1	XP_006614626.1	XP_086758530.1	XP_043789038.1	XP_006563549.2	XP_003401176.2
OG0000581	XP_016921368.1	XP_006621117.1	XP_086772810.1	XP_043803664.1	XP_006570903.2	XP_003393425.2
OG0000582	XP_028523421.1	XP_006610830.1	XP_003690124.1	XP_043789219.1	XP_006563197.1	XP_003399659.2
OG0000583	XP_016915260.1	XP_006610829.1	XP_012344147.1	XP_043789179.1	XP_394115.2	XP_003399661.1
OG0000584	XP_016911270.1	XP_006620274.1	XP_031775945.2	XP_043787832.1	XP_394423.4	XP_012176052.1
OG0000585	XP_016911265.1	XP_006620272.1	XP_031775941.1	XP_043787833.1	XP_006560966.1	XP_048260322.1
OG0000586	XP_061927299.1	XP_031369543.1	XP_086762567.1	XP_043798113.1	XP_016766381.2	XP_048269630.1
OG0000587	XP_061931894.1	XP_031367840.1	XP_012351147.1	XP_043793501.1	XP_016767974.1	XP_048262404.1
OG0000588	XP_061928601.1	XP_031366612.1	XP_031775854.2	XP_043787578.1	XP_006563980.2	XP_048270660.1
OG0000589	XP_061930148.1	XP_031367194.1	XP_086760002.1	XP_043801749.1	XP_026295680.1	XP_048260932.1
OG0000590	XP_061927154.1	XP_031369493.1	XP_086762954.1	XP_043801225.1	XP_026302199.1	XP_048270387.1
OG0000591	XP_016916048.2	XP_006624813.1	XP_086763958.1	XP_043798047.1	XP_006572211.1	XP_003399925.2
OG0000592	XP_061943379.1	XP_006617000.1	XP_086768351.1	XP_043799275.1	XP_016770351.2	XP_012164578.1
OG0000593	XP_016920827.1	XP_006607337.1	XP_086773468.1	XP_043786305.1	XP_026298350.1	XP_020723758.1
OG0000594	XP_061939397.1	XP_006608965.1	XP_031775606.2	XP_043785658.1	XP_026299985.1	XP_020721359.2
OG0000595	XP_016913136.1	XP_006613477.1	XP_031774875.1	XP_043803827.1	XP_026299983.1	XP_012170607.1
OG0000596	XP_016915414.1	XP_006612770.1	XP_003694840.1	XP_043785381.1	XP_026300739.1	XP_003400373.1
OG0000597	XP_016906091.1	XP_006611866.1	XP_031772189.1	XP_043801845.1	XP_392313.1	XP_003395180.1
OG0000598	XP_016906089.1	XP_006611871.2	XP_086759952.1	XP_043801846.1	XP_006567221.1	XP_020718467.1
OG0000599	XP_061930269.1	XP_006611865.1	XP_086759949.1	XP_043801844.1	XP_394469.1	XP_003395170.1
OG0000600	XP_028520664.2	XP_006611870.1	XP_003689987.1	XP_043801847.1	XP_394471.1	XP_003395196.1
OG0000601	XP_061935078.1	XP_031369876.1	XP_003697640.3	XP_043791730.1	XP_006558411.1	XP_012167183.1
OG0000602	XP_016917105.1	XP_006607807.1	XP_012349633.1	XP_043801686.1	XP_006559965.2	XP_012167185.1
OG0000603	XP_061942711.1	XP_031364032.1	XP_086763213.1	XP_043789282.1	XP_026301504.1	XP_003399799.2
OG0000604	XP_016914186.1	XP_006614716.1	XP_003694667.1	XP_043802069.1	XP_006562695.1	XP_003395023.1
OG0000605	XP_061933732.1	XP_031370586.1	XP_086759087.1	XP_043801624.1	XP_026297520.1	XP_020719543.1
OG0000606	XP_061928366.1	XP_006609786.1	XP_003698746.1	XP_043788443.1	XP_624573.2	XP_003394540.1
OG0000607	XP_016911252.1	XP_006609788.1	XP_086765828.1	XP_043788444.1	XP_006560541.1	XP_048260480.1
OG0000608	XP_016907345.1	XP_031363943.1	XP_012349889.2	XP_043786024.1	XP_394217.1	XP_012168750.1
OG0000609	XP_016907684.1	XP_006610467.1	XP_086769804.1	XP_043787314.1	XP_006562821.3	XP_048262900.1
OG0000610	XP_016911737.1	XP_006617811.1	XP_031774164.2	XP_043789414.1	XP_623768.1	XP_012174220.1
OG0000611	XP_061927341.1	XP_006622329.1	XP_003696834.2	XP_043800270.1	XP_006569047.1	XP_003393787.1
OG0000612	XP_016920794.1	XP_006621263.2	XP_086770709.1	XP_043790019.1	XP_016771703.1	XP_048267991.1
OG0000613	XP_028522864.2	XP_031370531.1	XP_086764699.1	XP_043784481.1	XP_393772.4	XP_048263611.1
OG0000614	XP_061931552.1	XP_006612824.2	XP_003696802.2	XP_043801372.1	XP_396310.3	XP_020718911.1
OG0000615	XP_061931256.1	XP_031367531.1	XP_086761165.1	XP_043792526.1	XP_006567681.2	XP_012164162.1
OG0000616	XP_016906851.1	XP_006621901.1	XP_031774323.2	XP_043792322.1	XP_396815.3	XP_003395603.1
OG0000617	XP_061931242.1	XP_031366695.1	XP_086761174.1	XP_043793355.1	XP_026296824.1	XP_003395670.1
OG0000618	XP_016917861.1	XP_006612825.1	XP_086771200.1	XP_043801366.1	XP_396311.4	XP_003395772.1
OG0000619	XP_016904090.1	XP_006607823.1	XP_012348327.1	XP_043789757.1	NP_001011625.1	XP_012166790.1
OG0000620	XP_016904969.1	XP_006615847.1	XP_003692993.1	XP_043800527.1	NP_001091691.1	XP_048265515.1
OG0000621	XP_016912156.1	XP_031367523.1	XP_086761130.1	XP_043792385.1	NP_001073029.1	XP_012170034.1
OG0000622	XP_016910163.1	XP_006613662.1	XP_086760685.1	XP_043792476.1	NP_001011575.1	XP_012163744.1
OG0000623	XP_061935352.1	XP_031365742.1	XP_031775155.1	XP_043789690.1	XP_026298411.1	XP_003397561.2
OG0000624	XP_061939127.1	XP_006613517.1	XP_086763598.1	XP_043803937.1	XP_006566949.1	XP_012170634.3
OG0000625	XP_016917261.2	XP_006615117.1	XP_003694815.1	XP_043785582.1	XP_006564964.1	XP_003400579.2
OG0000626	XP_028519963.1	XP_006613547.1	XP_086763062.1	XP_043797150.1	XP_016773596.1	XP_012172423.1
OG0000627	XP_016916904.1	XP_006611813.1	XP_003689955.1	XP_043802321.1	XP_624700.1	XP_003394856.1
OG0000628	XP_016918448.1	XP_006624656.1	XP_003693547.1	XP_043796147.1	XP_001119899.1	XP_003396338.1
OG0000629	XP_016921271.1	XP_006621109.1	XP_003697993.1	XP_043803596.1	XP_001120186.1	XP_003392968.1
OG0000630	XP_061932066.1	XP_006625201.1	XP_003692294.2	XP_043799476.1	NP_001035326.1	XP_003395914.3
OG0000631	XP_016906726.2	XP_006616567.1	XP_086760903.1	XP_043792916.1	XP_006564813.1	XP_048261836.1
OG0000632	XP_016905625.1	NP_001276125.1	XP_012340015.1	XP_043799477.1	NP_001011608.1	XP_012164669.2
OG0000633	XP_061932674.1	XP_031368947.1	XP_012348052.2	XP_043803766.1	XP_016768930.1	XP_048266628.1
OG0000634	XP_016919383.1, XP_061942188.1		XP_012345478.1	XP_043788696.1, XP_043789034.1		XP_003401088.1
OG0000635	XP_028524787.2	XP_031365741.1	XP_086758548.1	XP_043788690.1	XP_006563531.2	XP_020722459.2
OG0000636	XP_016907452.1	XP_006610484.1	XP_012349998.1	XP_043787388.1	NP_001153522.1	XP_003397462.1
OG0000637	XP_016903745.1	XP_006619218.1	XP_003695609.1	XP_043794025.1	NP_001153520.1	XP_003393349.2
OG0000638	XP_061928184.1	XP_006611646.1	XP_012349024.1	XP_043795373.1	NP_001153524.1	XP_012176148.2
OG0000639	XP_016909782.1	XP_006620321.1	XP_031773862.1	XP_043790675.1	NP_001153544.1	XP_020722791.2
OG0000640	XP_028520249.2	XP_006619147.1	XP_012348917.1	XP_043786933.1	XP_006565605.1	XP_012168436.2
OG0000641	XP_061941122.1	XP_006611492.1	XP_086770669.1	XP_043793703.1	XP_006559356.1	XP_048267605.1
OG0000642	XP_061941119.1	XP_031364386.1	XP_086770786.1	XP_043793701.1	XP_006559358.1	XP_048267603.1
OG0000643	XP_061940547.1	XP_006610951.1	XP_086765352.1	XP_043785440.1	XP_006563032.1	XP_012171486.1
OG0000644	XP_061941276.1	XP_031370950.1	XP_031773996.2	XP_043790703.1	XP_026301195.1	XP_048268291.1
OG0000645	XP_016908441.1	XP_031370095.1	XP_012342877.1	XP_043802862.1	XP_026295959.1	XP_012163602.1
OG0000646	XP_061938719.1	XP_031366332.1	XP_003695202.1	XP_043803803.1	XP_391929.5	XP_048266912.1
OG0000647	XP_016907531.1	XP_006610486.1	XP_003690667.1	XP_043793929.1	XP_006563265.1	XP_003397466.1
OG0000648	XP_016905461.1	XP_006618865.1	XP_003689726.2	XP_043793644.1	NP_001011643.1	XP_012164960.1
OG0000649	XP_016919174.1	XP_006614956.1	XP_003695548.1	XP_043794096.1	NP_001128406.1	XP_003393298.1
OG0000650	XP_016921505.3	XP_006622939.2	XP_012348204.3	XP_043803706.1	XP_396819.2	XP_020718434.1
OG0000651						XP_048261796.1, XP_048269389.1, XP_048269453.1, XP_048269623.1, XP_048269972.1, XP_048270264.1
OG0000652	XP_028522054.2	XP_006622898.1	XP_012350956.1	XP_043803143.1	XP_001122616.1	XP_048270250.1
OG0000653	XP_061931833.1	XP_006623919.1	XP_003691574.1	XP_043785135.1	XP_392588.2	XP_012164289.3
OG0000654	XP_016909667.1	XP_006609682.1	XP_003692672.1	XP_043795017.1	XP_026300614.1	XP_012170748.1
OG0000655	XP_016916513.2	XP_006608196.1	XP_003692059.2	XP_043789075.1	XP_006563630.1	XP_012172147.2
OG0000656	XP_061933957.1	XP_006607390.1	XP_003692586.1	XP_043786177.1	XP_395238.2	XP_003403161.2
OG0000657	XP_061942253.1	XP_031369676.1	XP_086763950.1	XP_043798046.1	XP_026301698.1	XP_020721541.2
OG0000658	XP_016908990.1	XP_006618513.1	XP_086761743.1	XP_043798997.1	NP_001011624.1	XP_003399281.1
OG0000659	XP_016909456.1	XP_006619708.1	XP_086760161.1	XP_043801970.1	XP_395227.5	XP_003400418.1
OG0000660	XP_061939966.1	XP_006607129.1	XP_086770599.1	XP_043794696.1	XP_006562791.2	XP_020721748.2
OG0000661	XP_028523573.2	XP_031367484.1	XP_086758706.1	XP_043788938.1	XP_016772021.1	XP_020722498.2
OG0000662	XP_061934309.1	XP_006607445.1	XP_012341430.2	XP_043797293.1	XP_001120461.3	XP_012166238.1
OG0000663	XP_061928541.1	XP_031366608.1	XP_086765823.1	XP_043787890.1	XP_016766759.2	XP_020724135.1
OG0000664	XP_061928540.1	XP_031366606.1	XP_086765601.1	XP_043787633.1	XP_016766757.2	XP_012176072.1
OG0000665	XP_016904836.2	XP_031367982.1	XP_086773313.1	XP_043787157.1	XP_026299154.1	XP_003398082.2
OG0000666	XP_028520469.2	XP_006618856.2	XP_012351069.3	XP_043793635.1	NP_001314882.1	XP_020719101.1
OG0000667	XP_016904866.1	XP_006619160.2	XP_086773290.1	XP_043786950.1	XP_026299198.1	XP_020720739.2
OG0000668	XP_016904837.1	XP_006619157.1	XP_003698548.1	XP_043786913.1	XP_625112.2	XP_003398251.1
OG0000669	XP_061931123.1	XP_006613761.1	XP_086760700.1	XP_043792442.1	XP_006567809.2	XP_003401982.2
OG0000670	XP_016912247.1	XP_006613760.1	XP_012345926.2	XP_043792549.1	XP_016767893.2	XP_003401983.2
OG0000671	XP_016920207.1	XP_006622302.1	XP_003697007.3	XP_043799662.1	XP_006569022.1	XP_012174370.1
OG0000672	XP_016907732.1	XP_006610615.1	XP_003690503.3	XP_043791991.1	XP_396281.5	XP_012165001.1
OG0000673	XP_061931455.1	XP_006621198.2	XP_086760325.1	XP_043792416.1	XP_026296649.1	XP_048261751.1
OG0000674	XP_061933499.1	XP_031364296.1	XP_086764238.1	XP_043797627.1	XP_026297406.1	XP_003397281.1
OG0000675	XP_016920278.2	XP_031369445.1	XP_031774614.2	XP_043796306.1	XP_026302268.1	XP_003402685.2
OG0000676	XP_061931557.1	XP_031368976.1	XP_086760323.1	XP_043792498.1	XP_026296533.1	XP_012164123.1
OG0000677	XP_061934382.1	XP_006607553.1	XP_086761999.1	XP_043796863.1	XP_026298037.1	XP_012175092.2
OG0000678	XP_061934391.1	XP_006607572.1	XP_086762006.1	XP_043797167.1	XP_026298271.1	XP_012175101.2
OG0000679	XP_016918748.2	XP_031365300.1	XP_012350428.3	XP_043803189.1	XP_394396.2	XP_020723597.2
OG0000680	XP_016915628.2	XP_006614995.1	XP_003695451.1	XP_043796868.1	XP_006569876.2	XP_003397480.1
OG0000681	XP_016915630.1	XP_006614993.1	XP_003695416.1	XP_043796655.1	XP_624251.3	XP_003397483.1
OG0000682	XP_061938508.1	XP_006621415.1	XP_086761428.1	XP_043798807.1	XP_006570493.1	XP_048266072.1
OG0000683	XP_016916680.2	XP_006616674.1	XP_031772808.2	XP_043785372.1	XP_006565020.2	XP_012171770.2
OG0000684	XP_016916645.1	XP_006616672.1	XP_086764907.1	XP_043785989.1	XP_006565021.2	XP_048268029.1
OG0000685	XP_016916682.2	XP_006616673.1	XP_003694389.1	XP_043785374.1	XP_001121271.2	XP_003400712.1
OG0000686	XP_016916702.1	XP_006616675.1	XP_086765327.1	XP_043785925.1	XP_006565018.1	XP_012171772.1
OG0000687	XP_016917317.1	XP_006618446.1	XP_003694869.1	XP_043785506.1	XP_001121886.1	XP_003400596.1
OG0000688	XP_061940752.1	XP_031367629.1	XP_086764979.1	XP_043785270.1	XP_006564924.1	XP_048267909.1
OG0000689	XP_061940714.1	XP_006615125.1	XP_086764959.1	XP_043785209.1	XP_006564929.1	XP_048267738.1
OG0000690	XP_016917347.2	XP_031366011.1	XP_003694812.2	XP_043785575.1	XP_394013.5	XP_048267735.1
OG0000691	XP_016917623.2	XP_031365429.1	XP_086766593.1	XP_043784191.1	XP_393712.2	XP_048264988.1
OG0000692	XP_016917551.1	XP_031366488.1	XP_012339089.3	XP_043784188.1	XP_016769909.1	XP_003398426.1
OG0000693	XP_016908342.2	XP_006614480.1	XP_003697682.1	XP_043786431.1	NP_001013379.1	XP_003393605.2
OG0000694	XP_016922610.1	XP_031365442.1	XP_086770132.1	XP_043784190.1	XP_393713.3	XP_003398203.1
OG0000695	XP_016921120.1	XP_006610300.2	XP_012350335.2	XP_043788161.1	XP_016767412.1	XP_048269535.1
OG0000696	XP_016910011.1	XP_006618466.1	XP_031772739.1	XP_043796542.1	XP_394827.4	XP_003401753.1
OG0000697	XP_061937682.1	XP_006619838.1	XP_086766570.1	XP_043794824.1	XP_026299702.1	XP_048266310.1
OG0000698	XP_016906263.1	XP_006622715.1	XP_031775339.2	XP_043803709.1	XP_026301958.1	XP_003393447.1
OG0000699	XP_016914287.1	XP_006621152.1	XP_012345648.1	XP_043793328.1	XP_394608.2	XP_012164119.1
OG0000700	XP_016907816.1	XP_006621077.1	XP_003697645.1	XP_043791692.1	XP_623951.1	XP_003401931.1
OG0000701	XP_016916096.2	XP_031364095.1	XP_003691264.1	XP_043786580.1	XP_623221.2	XP_012169830.1
OG0000702	XP_016916089.1	XP_006624892.1	XP_086772273.1	XP_043786692.1	XP_001120770.1	XP_003399613.1
OG0000703	XP_016916189.1	XP_006611242.1	XP_003691265.1	XP_043786732.1	XP_006559470.1	XP_012169831.1
OG0000704	XP_061935253.1	XP_031365443.1	XP_086774012.1	XP_043789885.1	XP_006561626.1	XP_003398020.1
OG0000705	XP_061935413.1	XP_006610130.1	XP_012346822.2	XP_043789864.1	NP_001139208.1	XP_012167383.1
OG0000706	XP_061935429.1	XP_006610146.1	XP_012348497.2	XP_043789973.1	XP_006561618.1	XP_003397816.1
OG0000707	XP_061936942.1	XP_006610673.1	XP_086769311.1	XP_043792759.1	XP_006565049.1	XP_003398738.1
OG0000708	XP_016914506.1	XP_006618690.1	XP_003692955.1	XP_043795705.1	NP_001010975.1	XP_012165662.1
OG0000709	XP_016916683.1	XP_031366821.1	XP_003694371.2	XP_043785464.1	XP_006565014.2	XP_003400969.2
OG0000710	XP_016917957.1	XP_006616814.1	XP_012340603.3	XP_043787258.1	XP_393605.1	XP_003398135.1
OG0000711	XP_016918769.1	XP_006611755.1	XP_003689934.4	XP_043801898.1	XP_026295929.1	XP_003394771.1
OG0000712	XP_061938657.1	XP_006616437.1	XP_012348474.1	XP_043804209.1	XP_006562317.1	XP_003399477.1
OG0000713	XP_016908345.1	XP_031369160.1	XP_086761422.1	XP_043799107.1	NP_001128420.1	XP_012168628.1
OG0000714	XP_016911938.1	XP_031364312.1	XP_003696216.1	XP_043792110.1	XP_026296808.1	XP_048261798.1
OG0000715	XP_061930218.1	XP_031369309.1	XP_086760003.1	XP_043801735.1	XP_392318.4	XP_048261441.1
OG0000716	XP_016904860.3	XP_031367996.1	XP_086773344.1	XP_043786814.1	XP_016770071.2	XP_003398259.1
OG0000717	XP_028521188.2	XP_031369882.1	XP_086770990.1	XP_043791751.1	XP_026298736.1	XP_003397614.2
OG0000718	XP_016908568.2	XP_031369884.1	XP_003697608.1	XP_043791755.1	XP_016769421.1	XP_003397611.2
OG0000719	XP_016908556.1	XP_031369883.1	XP_086770987.1	XP_043791754.1	XP_016769420.1	XP_003397616.1
OG0000720	XP_061938433.1	XP_031369111.1	XP_031771147.1	XP_043799138.1	XP_625124.2	XP_012169782.1
OG0000721	XP_061941892.1	XP_006608260.1	XP_003692103.1	XP_043788971.1	XP_393612.2	XP_003401070.1
OG0000722	XP_028525033.1	XP_031369537.1	XP_086762551.1	XP_043802463.1	XP_016766362.2	XP_020721404.1
OG0000723	XP_061936638.1	XP_006624868.1	XP_086772423.1	XP_043791421.1	XP_006569709.2	XP_012175377.2
OG0000724	XP_061941234.1	XP_031364364.1	XP_086770749.1	XP_043793752.1	XP_026300821.1	XP_048268102.1
OG0000725	XP_061942195.1	XP_031364686.1	XP_031771295.2	XP_043789041.1	XP_026301415.1	XP_048268707.1
OG0000726	XP_061942018.1	XP_006612314.1	XP_086758613.1	XP_043788706.1	XP_003250298.1	XP_048268450.1
OG0000727	XP_016917455.1	XP_006614876.1	XP_003690952.1	XP_043783986.1	XP_006569920.1	XP_003402862.1
OG0000728	XP_016917410.1	XP_031365880.1	XP_003690953.1	XP_043789305.1	XP_392257.1	XP_003402859.1
OG0000729	XP_028524133.1	XP_006614866.2	XP_086764351.1	XP_043784138.1	XP_026295438.1	XP_020723629.1
OG0000730	XP_016912845.1	XP_006616302.1	XP_003698827.1	XP_043787663.1	XP_006563970.2	XP_003394637.2
OG0000731	XP_061931297.1	XP_006618170.1	XP_031774215.1	XP_043792128.1	XP_026296497.1	XP_012175822.1
OG0000732	XP_061932155.1	XP_031370230.1	XP_012342283.1	XP_043800654.1	XP_006564190.1	XP_012164598.1
OG0000733	XP_016905917.1	XP_006608886.1	XP_086767026.1	XP_043800990.1	XP_392421.3	XP_003396189.1
OG0000734	XP_061932186.1	XP_006618802.1	XP_086767224.1	XP_043801041.1	XP_394649.3	XP_048262669.1
OG0000735	XP_061942665.1	XP_006620611.1	XP_003697886.1	XP_043785243.1	XP_393381.2	XP_003402266.1
OG0000736	XP_028521472.2	XP_031366893.1	XP_086760100.1	XP_043802369.1	XP_001120384.3	XP_048260804.1
OG0000737	XP_061935369.1	XP_031371219.1	XP_086761087.1	XP_043789934.1	XP_026298500.1	XP_003397568.2
OG0000738	XP_016920236.2	XP_031369497.1	XP_086762580.1	XP_043801903.1	XP_016766300.1	XP_048270293.1
OG0000739	XP_016912967.1	XP_031364863.1	XP_086763277.1	XP_043784302.1	XP_016768198.2	XP_048262702.1
OG0000740	XP_016904603.1	XP_006607898.1	XP_012348377.2	XP_043789901.1	XP_624596.4	XP_003397399.2
OG0000741	XP_061934679.1	XP_031369851.1	XP_086762284.1	XP_043796775.1	XP_026298063.1	XP_003403216.2
OG0000742	XP_061936820.1	XP_006612499.1	XP_031772415.2	XP_043791003.1	XP_016770050.2	XP_048265449.1
OG0000743	XP_016911960.1	XP_031366857.1	XP_003698470.1	XP_043794445.1	XP_006564418.1	XP_003398970.1
OG0000744	XP_016909225.1	XP_006619479.1	XP_086761662.1	XP_043799042.1	XP_026299509.1	XP_003399058.1
OG0000745	XP_016918252.1	XP_006624364.1	XP_086769027.1	XP_043796090.1	XP_003251503.1	XP_003396370.1
OG0000746	XP_016919785.1	XP_006613209.1	XP_003697564.2	XP_043788644.1	XP_396915.4	XP_020720932.1
OG0000747	XP_061928161.1	XP_006622162.1	XP_086764344.1	XP_043784267.1	XP_394389.3	XP_048270683.1
OG0000748	XP_061930727.1	XP_006611392.1	XP_012345701.1	XP_043793085.1	XP_016767660.1	XP_012163873.1
OG0000749	XP_016919567.1	XP_006624269.1	XP_003698117.1	XP_043790163.1	NP_001257749.1	XP_048265799.1
OG0000750	XP_016919527.2	XP_006624272.1	XP_012348449.1	XP_043790105.1	NP_001257746.1	XP_012169459.1
OG0000751	XP_016919526.1	XP_006624271.2	XP_003698118.4	XP_043790161.1	NP_001257747.1	XP_003399185.1
OG0000752	XP_016911957.1	XP_031368312.1	XP_012348817.3	XP_043795415.1	XP_006564499.3	XP_012176083.2
OG0000753	XP_016906664.1	XP_006613712.1	XP_003696670.2	XP_043792247.1	XP_006567860.1	XP_012164247.2
OG0000754	XP_016908819.1	XP_006621368.1	XP_086761370.1		NP_001314886.1, XP_026301730.1	XP_012168685.1
OG0000755	XP_016906666.1	XP_031365362.1	XP_003696669.1	XP_043792521.1	XP_003251102.1	XP_048261648.1
OG0000756	XP_061933180.1	XP_006618735.1	XP_086766476.1	XP_043795742.1	XP_006565573.1	XP_012165702.1
OG0000757	XP_016914822.1	XP_006618738.1	XP_086766487.1	XP_043795662.1	XP_394686.4	XP_003396650.1
OG0000758	XP_061933190.1	XP_006616411.1	XP_086766480.1	XP_043795658.1	XP_006568428.1	XP_003396651.1
OG0000759	XP_028525727.1	XP_031370687.1	XP_012348685.2	XP_043797393.1	XP_006560854.2	XP_020721397.2
OG0000760	XP_016910229.1	XP_006613979.1	XP_086760463.1	XP_043792151.1	XP_395840.2	XP_012163934.1
OG0000761	XP_016909146.1	XP_006619560.1	XP_086761305.1	XP_043798613.1	XP_016770669.1	XP_012168595.1
OG0000762	XP_061927446.1	XP_031368406.1	XP_086762856.1	XP_043797529.1	XP_016773481.1	XP_020721924.1
OG0000763	XP_061932239.1	XP_006613855.2	XP_086767228.1	XP_043800953.1	XP_006565439.1	XP_003396039.1
OG0000764	XP_028520128.2	XP_031365170.1	XP_086769514.1	XP_043792966.1	XP_016766704.2	XP_048260771.1
OG0000765	XP_016915299.3	XP_006610826.1	XP_003690119.2	XP_043789186.1	XP_006563203.1	XP_003399652.1
OG0000766	XP_016909465.1	XP_006619728.1	XP_012343293.2	XP_043802348.1	XP_006567329.1	XP_048261201.1
OG0000767	XP_061942683.1	XP_006620639.1	XP_012347957.3	XP_043784478.1	XP_026301553.1	XP_012173784.2
OG0000768	XP_061932279.1	XP_006618083.1	XP_031775301.2	XP_043803738.1	XP_026300893.1	XP_003393110.1
OG0000769	XP_061928675.1	XP_006617525.1	XP_012348994.1	XP_043787594.1	XP_623440.3	XP_003394582.1
OG0000770	XP_016922873.1	XP_006611583.1	XP_086770724.1	XP_043793669.1	XP_392723.3	XP_003393370.1
OG0000771	XP_016921977.1	XP_006619420.1	XP_003694125.2	XP_043796418.1	XP_395614.3	XP_003401925.2
OG0000772	XP_016914624.1	XP_006619000.1	XP_012340883.1	XP_043795944.1	NP_001153536.1	XP_003396897.1
OG0000773	XP_016904556.2	XP_006616995.1	XP_003694932.2	XP_043799257.1	XP_006571335.2	XP_003393129.3
OG0000774	XP_061930128.1	XP_006622721.1	XP_003698061.1	XP_043803433.1	XP_624828.2	XP_003393448.1
OG0000775	XP_016906251.1	XP_031369643.1	XP_086772876.1	XP_043803456.1	XP_016772948.1	XP_003393451.2
OG0000776	XP_016906260.1	XP_006622720.1	XP_003698011.2	XP_043803455.1	XP_016772943.1	XP_003393446.2
OG0000777	XP_016918813.2	XP_006621952.1	XP_086760042.1	XP_043802422.1	XP_003250991.1	XP_003402482.3
OG0000778	XP_061928123.1	XP_006621227.1	XP_003697133.1	XP_043784709.1	XP_026302246.1	XP_003393651.1
OG0000779	XP_061935730.1	XP_031364582.1	XP_086759573.1	XP_043789985.1	XP_026298511.1	XP_048264918.1
OG0000780	XP_016909564.2	XP_006609656.1	XP_086770562.1	XP_043794763.1	XP_006560437.1	XP_012170724.1
OG0000781	XP_016908105.1	XP_031370337.1	XP_086763484.1	XP_043800722.1	XP_016768163.1	XP_012164636.2
OG0000782	XP_016920781.1	XP_006607321.1	XP_012340375.2	XP_043786295.1	XP_026298341.1	XP_012175108.2
OG0000783	XP_061942092.1	XP_006620762.1	XP_086758825.1	XP_043792003.1	XP_006563752.1	XP_048266600.1
OG0000784	XP_061930656.1	XP_031365508.1	XP_086760454.1	XP_043792124.1	XP_026296514.1	XP_003395318.1
OG0000785	XP_061930555.1	XP_006613665.1	XP_086760673.1	XP_043792405.1	XP_016767752.1	XP_048261889.1
OG0000786	XP_016922117.1	XP_031365730.1	XP_086770328.1	XP_043787524.1	XP_026300306.1	XP_003400352.2
OG0000787	XP_016911209.2	XP_006620264.1	XP_086765631.1	XP_043787751.1	XP_026295199.1	XP_003394227.1
OG0000788	XP_061928478.1	XP_031368514.1	XP_086765647.1	XP_043787825.1	XP_026295426.1	XP_012176040.1
OG0000789	XP_028522583.1	XP_031370956.1	XP_031773793.1	XP_043790485.1	XP_026301448.1	XP_003401337.1
OG0000790	XP_061932771.1	XP_006620951.1	XP_086767132.1	XP_043800271.1	XP_395404.2	XP_012163118.1
OG0000791	XP_061935116.1	XP_031369444.1	XP_012347757.1	XP_043795123.1	XP_026298476.1	XP_003397591.2
OG0000792	XP_016922927.1	XP_006611479.1	XP_031774928.1	XP_043793759.1	XP_006559349.1	XP_048268153.1
OG0000793	XP_016922861.1	XP_006611481.1	XP_031774964.1	XP_043793810.1	XP_006559344.1	XP_048268151.1
OG0000794	XP_061928579.1	XP_006616321.1	XP_003698615.3	XP_043787738.1	XP_026295458.1	XP_012176279.2
OG0000795	XP_016912978.1	XP_006624526.1	XP_003698094.1	XP_043793490.1	XP_393723.2	XP_012168385.1
OG0000796	XP_061935765.1	XP_006624914.1	XP_086760928.1	XP_043791698.1	XP_026298573.1	XP_003401760.1
OG0000797	XP_061928743.1	XP_006617515.1	XP_086765786.1	XP_043787777.1	XP_006564045.1	XP_003394573.1
OG0000798	XP_028519858.2	XP_031364380.1	XP_031774944.2	XP_043793792.1	XP_026300871.1	XP_048267916.1
OG0000799	XP_028519887.2	XP_006611477.2	XP_086770785.1	XP_043793741.1	XP_006559341.1	XP_048267915.1
OG0000800	XP_016919915.1	XP_006616476.1	XP_003695095.1	XP_043791500.1	XP_624399.2	XP_012170951.1
OG0000801	XP_016921692.1	XP_006617581.1	XP_003695782.2	XP_043790431.1	XP_026301459.1	XP_003401418.2
OG0000802	XP_061941332.1	XP_006617585.1	XP_012344966.3	XP_043790806.1	XP_026301457.1	XP_012172596.1
OG0000803	XP_028521784.2	XP_031367007.1	XP_003696091.1	XP_043789099.1	XP_006563474.1	XP_020722425.1
OG0000804	XP_016918747.1	XP_006612097.1	XP_003690897.1	XP_043784082.1	XP_394400.1	XP_003402357.1
OG0000805	XP_061932773.1	XP_006620954.1	XP_003692429.1	XP_043800277.1	XP_623105.1	XP_003394796.1
OG0000806	XP_016915607.1	XP_006624066.1	XP_031773505.2	XP_043796417.1	XP_026298053.1	XP_003402009.3
OG0000807	XP_061938180.1	XP_006619629.1	XP_086761318.1	XP_043798995.1	XP_006566311.1	XP_012169552.1
OG0000808	XP_016921890.1	XP_006616438.1	XP_003698200.1	XP_043803856.1	NP_001305411.1	XP_012169919.1
OG0000809	XP_061938647.1	XP_006616442.1	XP_086763615.1	XP_043803857.1	NP_001011652.1	XP_012169920.1
OG0000810	XP_016908308.1	XP_006615294.1	XP_012338941.1	XP_043799716.1	XP_006562675.2	XP_048264143.1
OG0000811	XP_016921019.1	XP_006622052.2	XP_086760433.1	XP_043793347.1	XP_001120503.2	XP_003402180.1
OG0000812	XP_061927402.1	XP_031369487.1	XP_012346460.2	XP_043799539.1	XP_006569011.1	XP_048268412.1
OG0000813	XP_016910953.1	XP_006618780.1	XP_031775913.2	XP_043795478.1	XP_016766650.1	XP_003394286.1
OG0000814	XP_061935634.1	XP_031367818.1	XP_086762011.1	XP_043789895.1	XP_006567454.1	XP_012167510.1
OG0000815	XP_016905746.2	XP_006607770.1	XP_086764220.1	XP_043797612.1	XP_006558861.1	XP_012166421.1
OG0000816	XP_061930537.1	XP_031364441.1	XP_086759763.1	XP_043801885.1	XP_026295922.1	XP_020723393.2
OG0000817	XP_061932329.1	XP_006620393.1	XP_086767260.1	XP_043800245.1	XP_026296979.1	XP_048262853.1
OG0000818	XP_061932088.1	XP_031367492.1	XP_086773056.1	XP_043803698.1	XP_026296653.1	XP_003393090.2
OG0000819	XP_016911557.1	XP_031365237.1	XP_003692098.2	XP_043791930.1	XP_392051.1	XP_003401037.2
OG0000820	XP_016904960.2	XP_006610933.2	XP_012340914.1	XP_043800491.1	XP_006562633.1	XP_012175264.1
OG0000821	XP_061929960.1	XP_031365806.1	XP_031773043.2	XP_043802012.1	XP_026296031.1	XP_048261534.1
OG0000822	XP_061942465.1	XP_006611913.1	XP_012347984.2	XP_043786666.1	XP_026301502.1	XP_003402198.1
OG0000823	XP_061937083.1	XP_006615129.1	XP_086773222.1	XP_043799126.1	XP_026299472.1	XP_048266560.1
OG0000824	XP_016905733.2	XP_006624840.1	XP_086763921.1	XP_043797942.1	XP_016772523.1	XP_048267142.1
OG0000825	XP_016912282.1	XP_031367762.1	XP_086760554.1	XP_043792229.1	XP_026296575.1	XP_020723107.1
OG0000826	XP_016921026.1	XP_006621281.1	XP_003696501.1	XP_043793380.1	XP_026296548.1	XP_003394667.1
OG0000827	XP_016909279.1	XP_031368183.1	XP_003691821.2	XP_043798363.1	XP_006566649.2	XP_003398779.1
OG0000828	XP_016909685.2	XP_031370371.1	XP_003696193.1	XP_043799985.1	XP_016768376.1	XP_048263897.1
OG0000829	XP_016909690.2	XP_031370369.1	XP_012345504.3	XP_043799986.1	XP_001122213.5	XP_048264772.1
OG0000830	XP_028522460.1	XP_006623062.1	XP_086773116.1	XP_043795497.1	XP_006564460.2	XP_012169151.2
OG0000831	XP_061937707.1	XP_031369787.1	XP_086773126.1	XP_043795549.1	XP_016770440.2	XP_003399002.1
OG0000832	XP_061939646.1	XP_006618003.1	XP_086770367.1	XP_043791513.1	XP_026300479.1	XP_020721942.2
OG0000833	XP_061932562.1	XP_006617634.2	XP_086766863.1	XP_043800184.1	XP_026297210.1	XP_020723639.2
OG0000834	XP_016913857.2	XP_006617957.1	XP_012344448.2	XP_043791636.1	XP_016771254.1	XP_020721859.1
OG0000835	XP_016913850.2	XP_006617958.1	XP_086763979.1	XP_043791526.1	XP_001120488.2	XP_003400221.1
OG0000836	XP_016922432.1	XP_006625088.2	XP_086765988.1	XP_043796804.1	XP_026300280.1	XP_003399805.1
OG0000837	XP_016914046.2	XP_006615668.1	XP_086763888.1	XP_043803791.1	XP_026300177.1	XP_003399867.1
OG0000838	XP_061929304.1	XP_006615569.1	XP_086770069.1	XP_043791653.1	XP_006572199.1	XP_020724259.2
OG0000839	XP_016921453.1	XP_006612252.1	XP_012339178.1	XP_043784996.1	XP_006558726.1	XP_012163308.1
OG0000840	XP_061932555.1	XP_006613437.1	XP_086767453.1	XP_043800188.1	XP_026297189.1	XP_048262497.1
OG0000841	XP_016909644.1	XP_006609675.1	XP_086770588.1	XP_043794885.1	XP_026300613.1	XP_020721968.2
OG0000842	XP_016909807.2	XP_006620315.1	XP_031773861.2	XP_043790733.1	XP_016772307.1	XP_048268788.1
OG0000843	XP_061938694.1	XP_006608930.1	XP_086767792.1	XP_043791716.1	XP_026300233.1	XP_012169874.2
OG0000844	XP_016922854.1	XP_006611576.1	XP_003697476.1	XP_043793691.1	XP_395473.4	XP_012171892.2
OG0000845	XP_061927028.1	XP_006615175.1	XP_086771248.1	XP_043803079.1	XP_006565976.1	XP_012175728.2
OG0000846	XP_016915298.2	XP_006623660.1	XP_003690135.1	XP_043789180.1	XP_006563154.1	XP_003399981.3
OG0000847	XP_028523846.2	XP_006618821.1	XP_031775829.1		NP_001229918.1	XP_012167490.2, XP_048264448.1
OG0000848	XP_016922772.1	XP_006611536.1	XP_031774982.2	XP_043793705.1	XP_016771820.2	XP_048267891.1
OG0000849	XP_016920994.1	XP_006621288.1	XP_012345678.1	XP_043793130.1	NP_001013377.2	XP_012176424.2
OG0000850	XP_061931911.1	XP_031367858.1	XP_086772126.1	XP_043793539.1	XP_006558190.2	XP_048262517.1
OG0000851	XP_061932509.1		XP_086767425.1			XP_048265062.1, XP_048270114.1, XP_048270149.1, XP_048270169.1
OG0000852	XP_061938409.1	XP_006621551.1	XP_086761524.1	XP_043798323.1	XP_006570397.2	XP_003399390.2
OG0000853	XP_061939597.1	XP_031367443.1		XP_043791527.1	XP_026300489.1, XP_026300490.1	XP_048267212.1
OG0000854	XP_061939596.1	XP_031367459.1	XP_086770452.1	XP_043791610.1	XP_026300488.1	XP_048267499.1
OG0000855	XP_061929752.1	XP_006612631.1	XP_031772317.2	XP_043796088.1	XP_001123230.2	XP_048263603.1
OG0000856	XP_061934985.1	XP_006624076.1	XP_086761807.1	XP_043796423.1	XP_026298035.1	XP_048269715.1
OG0000857	XP_016921965.1	XP_031368146.1	XP_086762112.1	XP_043796671.1	XP_016768976.1	XP_012173053.2
OG0000858	XP_016907693.1	XP_006609467.1	XP_003690601.2	XP_043789940.1	XP_395780.4	XP_012166762.1
OG0000859	XP_061929466.1	XP_031368231.1	XP_086759257.1	XP_043802878.1	XP_026295805.1	XP_012163601.2
OG0000860	XP_028520390.2	XP_006609155.1	XP_003695933.3	XP_043790740.1	XP_624343.2	XP_003401513.1
OG0000861	XP_016909570.1	XP_031371030.1	XP_012340529.3	XP_043794982.1	XP_016771274.2	XP_048267484.1
OG0000862	XP_061931478.1	XP_006621167.1	XP_012345630.2	XP_043793030.1	XP_026296543.1	XP_003395637.2
OG0000863	XP_016915931.2	XP_031371019.1	XP_086770481.1	XP_043795020.1		XP_048267424.1, XP_048270098.1
OG0000864	XP_061939295.1	XP_006610903.1	XP_086765381.1	XP_043789529.1	XP_026299925.1	XP_003399779.1
OG0000865	XP_061927675.1	XP_031367578.1	XP_086762969.1	XP_043801323.1	XP_026302136.1	XP_048270518.1
OG0000866	XP_016912151.1	XP_006608087.1	XP_003696603.1	XP_043792313.1	XP_395357.3	XP_003395500.1
OG0000867	XP_016907708.2	XP_006610645.1	XP_003690760.2	XP_043787997.1	XP_001120149.1	XP_003396237.1
OG0000868	XP_061929993.1	XP_006619672.1	XP_086759754.1	XP_043802513.1	XP_026296228.1	XP_048261541.1
OG0000869	XP_016910067.2	XP_006610371.1	XP_003693344.2	XP_043797248.1	XP_396499.5	XP_012173206.2
OG0000870	XP_061940177.1	XP_031369650.1	XP_031774957.1	XP_043793744.1	XP_026300927.1	XP_048267615.1
OG0000871	XP_016913404.1	XP_006613614.1	XP_003691078.1	XP_043784666.1	XP_624183.1	XP_003396484.1
OG0000872	XP_028523400.2	XP_031368876.1, XP_031368882.1		XP_043800180.1	XP_026297213.1	XP_048262751.1
OG0000873	XP_016915301.1	XP_006610813.1	XP_012344051.1	XP_043789178.1	XP_006563218.1	XP_012170162.1
OG0000874	XP_061934880.1	XP_006608737.1	XP_031772190.1	XP_043796569.1	NP_001104234.1	XP_003401781.1
OG0000875	XP_061942524.1	XP_031365929.1	XP_086768172.1	XP_043794468.1	XP_016767448.1	XP_020721094.2
OG0000876	XP_061936665.1	XP_031364710.1	XP_086772632.1	XP_043791250.1	XP_026298991.1	XP_003402330.1
OG0000877	XP_016922729.3	XP_006620875.1	XP_031770928.2, XP_086764037.1		XP_003249630.1	XP_012168041.1
OG0000878	XP_016904199.1	XP_006610182.1	XP_012345141.2	XP_043794013.1	XP_026300036.1	XP_003401477.1
OG0000879	XP_016904161.1	XP_006621026.1	XP_086767729.1	XP_043793982.1	XP_003249289.2	XP_012172463.1
OG0000880	XP_016908764.1	XP_031364705.1	XP_003694578.1	XP_043802102.1	XP_006562782.1	XP_048260823.1
OG0000881	XP_016911087.1	XP_031366637.1	XP_003695155.1	XP_043784702.1	XP_006559006.1	XP_003396517.1
OG0000882	XP_061937578.1	XP_006623095.1	XP_003698168.1	XP_043790114.1	XP_624466.1	XP_003398811.3
OG0000883	XP_016910053.1	XP_006609879.1	XP_003694084.1	XP_043797283.1	XP_394753.2	XP_048269434.1
OG0000884	XP_016906598.1	XP_006619793.1	XP_012349444.1	XP_043785116.1	XP_006559884.1	XP_012166582.1
OG0000885	XP_016920505.1	XP_006620472.1	XP_003692803.1	XP_043787099.1	XP_006566156.1	XP_012168294.1
OG0000886	XP_061939453.1	XP_006622112.1	XP_003695068.1	XP_043797771.1	XP_006571833.1	XP_048267462.1
OG0000887	XP_016920632.2	XP_031370648.1	XP_086772545.1	XP_043787134.1	XP_395048.4	XP_012168271.2
OG0000888	XP_028523888.1	XP_006616743.1	XP_086764644.1	XP_043785824.1	XP_026300661.1	XP_012171701.2
OG0000889	XP_061940088.1	XP_006614545.1	XP_003694573.1	XP_043787513.1	XP_026300549.1	XP_012170834.2
OG0000890	XP_016920119.1	XP_031369485.1	XP_012346377.2	XP_043799504.1	XP_006568215.3	NP_001267862.1
OG0000891	XP_061931424.1	XP_031369751.1	XP_086772959.1	XP_043803659.1	XP_026302058.1	XP_003393058.1
OG0000892	XP_016906514.2	XP_006620411.2	XP_031771432.2	XP_043793652.1	XP_006557483.1	XP_003396581.1
OG0000893	XP_061929545.1	XP_006612551.1	XP_003693602.1	XP_043796026.1	XP_624548.2	XP_003396802.3
OG0000894	XP_061943285.1	XP_006619956.1	XP_003697310.1	XP_043801254.1	XP_026299245.1	XP_003393197.1
OG0000895	XP_016907750.1	XP_006614305.1	XP_003691918.1	XP_043798414.1	XP_391917.2	XP_003399358.1
OG0000896	XP_061935755.1	XP_006610738.1	XP_031776190.2	XP_043791418.1	XP_026300714.1	XP_003402748.1
OG0000897	XP_061935670.1	XP_006610551.1	XP_003690678.1	XP_043793253.1	XP_006563323.1	XP_012174449.1
OG0000898	XP_061942435.1	XP_031364257.1	XP_003691219.2	XP_043786553.1	XP_392104.4	XP_003402159.2
OG0000899	XP_016913262.1	XP_006620105.1	XP_003695342.1	XP_043794691.1	XP_623084.1	XP_003397389.1
OG0000900	XP_028521108.2	XP_031363917.1	XP_031776256.1	XP_043786713.1	XP_016767358.1	XP_003402706.2
OG0000901	XP_061941436.1	XP_006609144.1	XP_086758835.1	XP_043790754.1	XP_006559243.1	XP_003401502.1
OG0000902	XP_061935421.1	XP_006610139.1	XP_012346832.2	XP_043789820.1	XP_016769385.1	XP_048264404.1
OG0000903	XP_016905740.1	XP_031366962.1	XP_031773942.2	XP_043788936.1	XP_016772051.1	XP_003401288.1
OG0000904	XP_016907225.1	XP_006609530.1	XP_086769601.1	XP_043790096.1	XP_006562011.1	XP_003398956.2
OG0000905	XP_028521119.1	XP_006609526.1	XP_086769881.1	XP_043790083.1	XP_001121365.2	XP_048265872.1
OG0000906	XP_016917286.1	XP_006618378.1	XP_012343671.3	XP_043785547.1	XP_625202.2	XP_003400531.1
OG0000907	XP_016904629.2	XP_006622481.1	XP_003696833.1	XP_043800321.1	XP_624303.1	XP_003393832.2
OG0000908	XP_016920356.1	XP_031369711.1	XP_012346572.1	XP_043802331.1	XP_006568889.1	XP_048270006.1
OG0000909	XP_016918064.2	XP_031366188.1	XP_086766007.1	XP_043784023.1	XP_026297427.1	XP_003396773.1
OG0000910	XP_016904817.1	XP_006619196.1	XP_003698507.1	XP_043786930.1	XP_395824.1	XP_012167804.1
OG0000911	XP_016904482.1	XP_006612447.1	XP_003698290.1	XP_043791043.1	XP_395771.3	XP_003398123.1
OG0000912	XP_061933578.1	XP_006620145.1	XP_012349450.1	XP_043801464.1	XP_006559859.1	XP_003397183.1
OG0000913	XP_061937760.1	XP_031368848.1	XP_086773234.1	XP_043786528.1	XP_006566324.1	XP_012169083.1
OG0000914	XP_016913392.1	XP_006613581.1	XP_086769726.1	XP_043784390.1	XP_392586.4	XP_003400604.1
OG0000915	XP_061938788.1	XP_031365697.1	XP_086763635.1	XP_043803957.1	XP_026299952.1	XP_012169934.2
OG0000916	XP_028520659.1	XP_031364466.1	XP_003689984.2	XP_043801813.1	XP_016767201.2	XP_048261178.1
OG0000917	XP_016915900.2	XP_031371047.1	XP_086770500.1	XP_043794842.1	XP_016771257.2	XP_020721872.1
OG0000918	XP_016919677.1	XP_006607703.1	XP_003699006.1	XP_043797486.1	XP_003249456.1	XP_003397274.1
OG0000919	XP_016921605.1	XP_006615820.1	XP_003696166.1	XP_043793866.1	XP_393450.3	XP_003400999.1
OG0000920	XP_061942469.1	XP_031370020.1	XP_086763155.1	XP_043789214.1	XP_392097.5	XP_003399665.2
OG0000921	XP_061942470.1	XP_031370032.1	XP_086763157.1	XP_043789215.1	XP_006563187.2	XP_003399666.2
OG0000922	XP_016919330.1	XP_006619298.1	XP_086764787.1	XP_043801184.1	XP_006560280.1	XP_012171806.1
OG0000923	XP_016920765.1	XP_006619294.1	XP_086764786.1	XP_043801118.1	NP_001229385.1	XP_003400896.4
OG0000924	XP_061932470.1	XP_031369986.1	XP_086767367.1	XP_043800007.1	XP_016768245.1	XP_048262735.1
OG0000925	XP_061932471.1	XP_006623548.1	XP_086767365.1	XP_043800005.1	XP_397170.4	XP_012164771.1
OG0000926	XP_016915529.1	XP_006623443.1	XP_086762494.1	XP_043796438.1	XP_006569804.2	XP_012176298.2
OG0000927	XP_061927020.1	XP_006620794.1	XP_086771234.1	XP_043803169.1	XP_006565979.1	XP_003394041.2
OG0000928	XP_061936653.1	XP_006612375.1	XP_031771714.2	XP_043791450.1	NP_001164522.1	XP_048260468.1
OG0000929	XP_061936977.1	XP_006613898.1	XP_086766722.1	XP_043784250.1	XP_006562865.1	XP_048265024.1
OG0000930	XP_016921642.1	XP_006610873.1	XP_003697369.1	XP_043804298.1	NP_001011628.1	XP_003399689.1
OG0000931	XP_016920958.1	XP_006622057.1	XP_012346099.2	XP_043792397.1	NP_001014993.1	XP_012173498.1
OG0000932	XP_016906497.1	XP_006624716.1	XP_031773406.2	XP_043801604.1	XP_006562554.1	XP_048263581.1
OG0000933	XP_061939478.1	XP_006617375.1	XP_012343942.2	XP_043797769.1	XP_026300411.1	XP_012170810.1
OG0000934	XP_016905543.2	XP_006623860.1	XP_012339136.2	XP_043801386.1	XP_395426.5	XP_012166572.3
OG0000935	XP_016916454.1	XP_006618837.1	XP_012345405.1	XP_043789859.1	XP_006567467.1	NP_001267840.1
OG0000936	XP_061928804.1	XP_006608520.1	XP_003690982.1	XP_043787718.1	XP_395640.3	XP_048270717.1
OG0000937	XP_016915619.2	XP_006614968.1	XP_003695402.2	XP_043796509.1	XP_392483.3	XP_048264974.1
OG0000938	XP_016914952.1	XP_006622605.1	XP_012347034.1	XP_043787221.1	XP_016769990.1	XP_012168238.1
OG0000939	XP_061930468.1	XP_006611746.1	XP_003689925.1	XP_043801961.1	XP_006569373.1	XP_048261514.1
OG0000940	XP_016921578.1	XP_006622973.1	XP_003697933.1	XP_043803763.1	XP_395172.2	XP_003393073.1
OG0000941	XP_061935760.1	XP_031370109.1	XP_086771159.1	XP_043791675.1	XP_026298563.1	XP_003401632.1
OG0000942	XP_016916276.1	XP_006622769.1	XP_012350790.1	XP_043798006.1	XP_006557778.1	XP_048267129.1
OG0000943	XP_061933049.1	XP_006618983.1	XP_086766112.1	XP_043795900.1	XP_026297691.1	XP_012166042.1
OG0000944	XP_061929115.1	XP_006614877.1	XP_003690950.1	XP_043802703.1	XP_396131.3	XP_003402856.2
OG0000945	XP_016912383.1	XP_006609206.1	XP_003695956.1	XP_043790377.1	XP_026301294.1	XP_012172795.2
OG0000946	XP_016908757.1	XP_006623256.1	XP_086771000.1	XP_043791911.1	XP_026298412.1	XP_020720012.1
OG0000947	XP_061935936.1	XP_006623255.1	XP_086771003.1	XP_043791875.1	XP_006558427.2	XP_003397690.1
OG0000948	XP_061935550.1	XP_006617807.1	XP_086763094.1	XP_043789966.1	XP_394976.4	XP_012166836.1
OG0000949	XP_016919437.1	XP_006607539.1	XP_012342564.1	XP_043796910.1	XP_395811.2	XP_048269040.1
OG0000950	XP_016922620.1	XP_006619965.1	XP_086767673.1	XP_043801349.1	XP_006571287.1	XP_003393193.1
OG0000951	XP_016910690.1	XP_006622210.1	XP_003691389.1	XP_043803372.1	NP_001071279.1	XP_020723981.2
OG0000952	XP_016907516.1	XP_006614056.1	XP_003690587.1	XP_043793219.1	XP_623300.2	XP_012167715.1
OG0000953	XP_016921168.2	XP_006616370.1	XP_012341006.1	XP_043795817.1	XP_394674.3	XP_020719198.1
OG0000954	XP_061935642.1	XP_031367829.1	XP_031774187.2	XP_043789363.1	XP_026298813.1	XP_048264872.1
OG0000955	XP_061926885.1	XP_031364755.1	XP_086762787.1	XP_043797088.1	XP_006568757.1	XP_003393794.2
OG0000956	XP_061941501.1	XP_031370810.1	XP_031773790.2	XP_043790321.1	XP_026301116.1	XP_012172786.2
OG0000957	XP_028522798.1	XP_006613441.2	XP_086763907.1	XP_043803913.1	XP_016771111.2	XP_003399935.2
OG0000958	XP_016910584.1	XP_006620816.1	XP_003691429.2	XP_043803122.1	XP_026295089.1	XP_003394047.1
OG0000959	XP_061932130.1	XP_031369919.1	XP_086763505.1	XP_043800749.1	XP_026297326.1	XP_012164915.2
OG0000960	XP_061935136.1	XP_006613031.1	XP_086760149.1	XP_043795211.1	XP_026298538.1	XP_003397584.2
OG0000961	XP_061934258.1	XP_006607507.2	XP_003693286.1	XP_043797044.1	XP_016768886.2	XP_012175035.1
OG0000962	XP_061935924.1	XP_006610572.1	XP_012350209.3	XP_043793893.1	XP_394846.2	XP_003402715.1
OG0000963	XP_016904439.1	XP_031365174.1	XP_012349941.3	XP_043792978.1	XP_026297975.1	XP_020718391.1
OG0000964	XP_061927166.1	XP_031369535.1	XP_086762949.1	XP_043797763.1	XP_026294747.1	XP_012175690.3
OG0000965	XP_061927163.1	XP_031369534.1	XP_086762953.1	XP_043797742.1	XP_026294745.1	XP_048270407.1
OG0000966	XP_061935359.1	XP_006610040.2	XP_012348368.2	XP_043789646.1	XP_003249924.2	XP_003397563.1
OG0000967	XP_016904708.1	XP_006610043.1	XP_012346241.1	XP_043789594.1	XP_001122039.4	XP_048264379.1
OG0000968	XP_028522372.2	XP_006615468.2	XP_086768781.1	XP_043784808.1	XP_006568638.1	XP_048263116.1
OG0000969	XP_016905128.1	XP_006610906.1	XP_003698369.1	XP_043789916.1	XP_006572158.1	XP_003399782.1
OG0000970	XP_061934205.1	XP_031366174.1	XP_086764090.1	XP_043799596.1	XP_006561540.1	XP_003397339.2
OG0000971	XP_016908256.1	XP_006615355.1	XP_012338921.2	XP_043799602.1	XP_006561534.1	XP_003397345.2
OG0000972	XP_016905334.1	XP_006610093.1	XP_003690463.1	XP_043789685.1	XP_006561853.1	XP_012167053.2
OG0000973	XP_016905322.2	XP_031371264.1	XP_031775001.1	XP_043789678.1	XP_026298745.1	XP_012167342.2
OG0000974	XP_061939725.1	XP_006609430.1	XP_086770422.1	XP_043794866.1	XP_006560146.1	XP_003400287.1
OG0000975	XP_016905381.2	XP_031367841.1	XP_003689721.1	XP_043793512.1	XP_016768016.1	XP_003395973.1
OG0000976	XP_061942072.1	XP_006620718.1	XP_086773798.1	XP_043791978.1	XP_006563729.1	XP_003401150.1
OG0000977	XP_016905440.1	XP_031367836.1	XP_012339187.2	XP_043793514.1	XP_006557572.1	XP_003395922.1
OG0000978	XP_016905517.2	XP_006617926.1	XP_012349612.1	XP_043791118.1	XP_006571149.1	XP_012169045.2
OG0000979	XP_016919688.1	XP_006611339.1	XP_012343077.1	XP_043797593.1	XP_016768560.1	XP_012166359.2
OG0000980	XP_016905522.1	XP_031365734.1	XP_003689591.1	XP_043798093.1	XP_393728.4	XP_048265132.1
OG0000981	XP_061936009.1	XP_006617941.1	XP_086766533.1	XP_043797819.1	XP_006558290.2	XP_048264986.1
OG0000982	XP_061943376.1	XP_006615502.1	XP_012341922.2	XP_043784873.1	XP_026298977.1	XP_003396592.1
OG0000983	XP_016906045.1	XP_006609829.1	XP_003698735.2	XP_043788445.1	XP_016766857.1	XP_003394553.1
OG0000984	XP_016906081.1	XP_006611860.2	XP_012341384.2	XP_043801867.1	XP_006567210.2	XP_012174019.1
OG0000985	XP_016918455.2	XP_006617436.1	XP_012342784.1	XP_043801873.1	XP_026296146.1	XP_020718472.1
OG0000986	XP_016906098.1	XP_006611847.1	XP_086759930.1	XP_043801811.1	XP_026296055.1	XP_003402418.1
OG0000987	XP_016914685.1	XP_006616381.1	XP_003692984.2	XP_043795663.1	XP_394673.4	XP_003396873.1
OG0000988	XP_028520939.1	XP_006621069.1	XP_012347575.1	XP_043791895.1	XP_001122868.3	XP_048269569.1
OG0000989	XP_016915296.1	XP_006623650.1	XP_012344269.2	XP_043789206.1	XP_006563165.2	XP_020721709.2
OG0000990	XP_016909528.1	XP_006619687.1	XP_003694605.1	XP_043801904.1	XP_393523.5	XP_012176731.2
OG0000991	XP_016906168.1	XP_006610838.1	XP_012347091.2	XP_043803868.1	XP_391942.5	XP_003399742.1
OG0000992	XP_016906324.2	XP_031370214.1	XP_086763457.1	XP_043800731.1	XP_001120052.1	XP_012164966.3
OG0000993	XP_016918857.1	XP_006614914.1	XP_003695638.1	XP_043794404.1	XP_026302104.1	XP_003393486.1
OG0000994	XP_016906509.2	XP_031370510.1	XP_086759089.1	XP_043785311.1	XP_623922.2	XP_048263620.1
OG0000995	XP_016922339.2	XP_006616654.1	XP_003697818.2	XP_043785165.1	XP_623727.2	XP_003400963.2
OG0000996	XP_061933777.1	XP_031370457.1	XP_086771733.1	XP_043801492.1	XP_026298013.1	XP_003397354.1
OG0000997	XP_061941807.1	XP_031366981.1	XP_086758554.1	XP_043788666.1	XP_026301182.1	XP_012172260.2
OG0000998	XP_016906873.1	XP_006616576.1	XP_012345853.1	XP_043792993.1	XP_623652.2	XP_003395562.1
OG0000999	XP_016906582.1	XP_006619785.1	XP_003698933.1	XP_043785090.1	XP_392477.4	XP_003397222.1
OG0001000	XP_061937937.1	XP_006614167.2	XP_086771863.1	XP_043798909.1	NP_001119715.2	XP_003399213.2
OG0001001	XP_061933591.1	XP_006619788.2	XP_031775983.2	XP_043785078.1	XP_006559888.1	XP_012166586.2
OG0001002	XP_016914459.1	XP_006611164.1	XP_003693028.1	XP_043795932.1	XP_006568337.1	XP_012166214.1
OG0001003	XP_028520807.2	XP_031368296.1	XP_086759058.1	XP_043785072.1	XP_001121571.1	XP_020719895.2
OG0001004	XP_016915640.1	XP_006608691.1	XP_012341489.1	XP_043797228.1	XP_623285.1	XP_012173169.1
OG0001005	XP_016906704.1	XP_006623423.1	XP_003696717.1	XP_043792212.1	XP_393356.1	XP_012164369.1
OG0001006	XP_028523524.1	XP_031370132.1	XP_003695404.2	XP_043797124.1	XP_006569796.2	XP_003394432.2
OG0001007	XP_016906808.1	XP_006623441.1	XP_086760784.1	XP_043793252.1	XP_394579.2	XP_003395843.2
OG0001008	XP_016917846.1	XP_006617351.1	XP_003697427.1	XP_043785119.1	XP_394980.4	XP_003395870.1
OG0001009	XP_061941050.1	XP_031369019.1	XP_086765279.1	XP_043785730.1	XP_026300768.1	XP_012171961.2
OG0001010	XP_061937181.1	XP_031363856.1	XP_086769259.1	XP_043790980.1	XP_016766417.2	XP_048266115.1
OG0001011	XP_061932368.1	XP_006614842.1	XP_086767311.1	XP_043800252.1	XP_006570038.2	XP_048262725.1
OG0001012	XP_016907698.2	XP_006610433.1	XP_003690691.1	XP_043790123.1	XP_623182.1	XP_003394874.2
OG0001013	XP_061938493.1	XP_006610432.1	XP_012350064.3	XP_043790147.1	XP_003250116.1	XP_012163160.2
OG0001014	XP_061937084.1	XP_031365534.1	XP_086771914.1	XP_043799116.1	XP_026299474.1	XP_048265910.1
OG0001015	XP_061932572.1	XP_006617614.1	XP_086766877.1	XP_043800392.1	XP_006570613.1	XP_048262334.1
OG0001016	XP_016907781.1	XP_006620162.1	XP_086771089.1	XP_043791867.1	XP_016773033.1	XP_048269575.1
OG0001017	XP_016922556.1	XP_006623201.1	XP_003697088.1	XP_043799372.1	XP_397017.3	XP_003392898.1
OG0001018	XP_016907909.2	XP_031365535.1	XP_031774740.2	XP_043799174.1	NP_001264228.1	XP_012168991.2
OG0001019	XP_016909170.1	XP_006621455.1	XP_012341343.2	XP_043798317.1	XP_016770661.2	XP_048266088.1
OG0001020	XP_016921836.1	XP_006619354.2	XP_012344819.1	XP_043784294.1	XP_397139.3	XP_048263970.1
OG0001021	XP_016908111.1	XP_006621346.1	XP_086764182.1	XP_043797603.1	XP_006558130.1	XP_003402376.1
OG0001022	XP_016908184.1	XP_006618563.2	XP_086773599.1	XP_043799485.1	XP_003249522.1	XP_003397055.1
OG0001023	XP_016908186.2	XP_006618578.2	XP_012338908.2	XP_043799648.1	XP_003249537.2	XP_003397054.1
OG0001024	XP_028521924.1	XP_006614005.1	XP_012346282.3	XP_043793416.1	XP_026296623.1	XP_012164198.1
OG0001025	XP_061934138.1	XP_006612933.1	XP_031770876.1	XP_043799611.1	XP_006559723.1	XP_003397161.1
OG0001026	XP_016920198.2	XP_006622303.1	XP_086762902.1	XP_043799592.1	XP_003251296.1	XP_003393770.1
OG0001027	XP_016908296.2	XP_031367715.1	XP_086773141.1	XP_043799719.1	XP_006559685.1	XP_012166308.1
OG0001028	XP_061929480.1	XP_006619356.1	XP_031772758.2	XP_043802891.1	XP_026295760.1	XP_003395149.2
OG0001029	XP_016908329.1	XP_006612921.1	XP_086773383.1	XP_043799659.1	NP_001157480.1	XP_048264002.1
OG0001030	XP_061935153.1	XP_006613060.1	XP_086759233.1	XP_043795192.1	XP_006561583.1	XP_048264504.1
OG0001031	XP_061935841.1	XP_006620175.1	XP_086771115.1	XP_043791877.1	XP_006572013.2	XP_012173372.1
OG0001032	XP_016920479.1	XP_006608010.1	XP_086768879.1	XP_043790983.1	XP_026302078.1	XP_048263298.1
OG0001033	XP_061938370.1	XP_031369179.1	XP_012339249.2	XP_043799181.1	XP_006570373.3	XP_048266380.1
OG0001034	XP_061928544.1	XP_006624342.1	XP_012341708.3	XP_043796357.1	XP_006570076.1	XP_012165357.1
OG0001035	XP_061938502.1	XP_006621758.1	XP_031772015.1	XP_043798387.1	XP_006570492.2	XP_012168631.1
OG0001036	XP_016909470.1	XP_006619722.1	XP_031773034.1	XP_043802182.1	XP_001120198.1	XP_003394928.1
OG0001037	XP_016909597.2	XP_031371075.1	XP_086770534.1	XP_043794920.1	XP_006560410.1	XP_012170736.1
OG0001038	XP_016909666.2	XP_006607159.1	XP_012343177.2	XP_043794819.1	XP_006560368.1	XP_003400039.2
OG0001039	XP_016918982.2	XP_006607168.1	XP_086768098.1	XP_043794040.1	XP_006571588.1	XP_012175582.1
OG0001040	XP_016909812.1	XP_006617140.1	XP_003696082.1	XP_043788890.1	XP_395193.1	XP_003401272.1
OG0001041	XP_016916510.1	XP_006608610.1	XP_031774227.1	XP_043789449.1	XP_006567401.1	XP_003397505.2
OG0001042	XP_016910070.1	XP_006610349.1	XP_012342781.1	XP_043797363.1	XP_006568093.2	XP_012172948.1
OG0001043	XP_061941745.1	XP_031366967.1	XP_012345114.2	XP_043788737.1	XP_026301291.1	XP_012172404.2
OG0001044	XP_016916473.1	XP_031367353.1	XP_012344970.2	XP_043789458.1	XP_006567496.1	XP_048264443.1
OG0001045	XP_016909897.2	XP_006623240.1	XP_086762278.1	XP_043796710.1	XP_006566898.1	XP_012174984.2
OG0001046	XP_016919464.1	XP_031366314.1	XP_003691133.2	XP_043801519.1	XP_016770560.2	XP_003398817.1
OG0001047	XP_016910150.1	XP_006613988.1	XP_086760586.1	XP_043792095.1	XP_006562203.2	XP_012163944.1
OG0001048	XP_061931856.1	XP_031368846.1	XP_086767220.1	XP_043800172.1	XP_026297197.1	XP_048264422.1
OG0001049	XP_061927097.1	XP_006622912.1	XP_012351070.3	XP_043803076.1	XP_026294976.1	XP_020723250.2
OG0001050	XP_061938415.1	XP_006621556.1	XP_086761526.1	XP_043798334.1	XP_026299758.1	XP_048266274.1
OG0001051	XP_016910832.1	XP_006621560.1	XP_003693221.2	XP_043798332.1	XP_006570411.1	XP_048266271.1
OG0001052	XP_016919870.1	XP_006624790.1	XP_003696148.2	XP_043793952.1	XP_395280.4	XP_003401442.1
OG0001053	XP_016911510.1	XP_031364683.1	XP_086758497.1	XP_043789024.1	XP_006563718.1	XP_003401068.1
OG0001054	XP_016911555.1	XP_031368410.1	XP_012339634.1	XP_043791960.1	XP_006563715.1	XP_003401049.2
OG0001055	XP_016917360.1	XP_006617419.1	XP_003697594.1	XP_043791677.1	XP_624704.1	XP_003397705.1
OG0001056	XP_028520246.2	XP_006623493.2	XP_086768385.1	XP_043799300.1	XP_394163.3	XP_003393136.1
OG0001057	XP_061927759.1	XP_006621830.1	XP_086771542.1	XP_043788523.1	XP_006559187.1	XP_012171556.1
OG0001058	XP_016911679.2	XP_006617854.2	XP_031774735.2	XP_043789335.1	XP_016769432.1	XP_012166817.3
OG0001059	XP_061938452.1	XP_006621494.1	XP_012341300.2	XP_043798883.1	XP_026299890.1	XP_012169742.2
OG0001060	XP_016912002.1	XP_006619837.1	XP_003698455.1	XP_043794862.1	XP_396585.2	XP_003398972.1
OG0001061	XP_016922175.2	XP_006607128.1	XP_012343131.2	XP_043787414.1	XP_016771335.1	XP_048267520.1
OG0001062	XP_061941530.1	XP_006609235.1	XP_003695963.1	XP_043790522.1	XP_016772111.2	XP_020723458.1
OG0001063	XP_016918254.1	XP_006612548.1	XP_012341891.1	XP_043796303.1	XP_006570176.2	XP_003396798.4
OG0001064	XP_016912452.1	XP_031370835.1	XP_003696012.2	XP_043790348.1	XP_392704.2	XP_003401327.1
OG0001065	XP_016912451.1	XP_006609329.1	XP_012345149.1	XP_043790347.1	XP_016772254.2	XP_003401328.1
OG0001066	XP_028524640.2	XP_031364991.1	XP_086767933.1	XP_043794452.1	XP_016766376.2	XP_012168402.2
OG0001067	XP_061928609.1	XP_006616305.1	XP_086765526.1	XP_043787611.1	XP_026295595.1	XP_012176311.1
OG0001068	XP_061932047.1	XP_031364853.1	XP_086763341.1	XP_043784363.1	XP_006561360.2	XP_048262870.1
OG0001069	XP_061932043.1	XP_031364843.1	XP_086763340.1	XP_043784301.1	XP_006561358.2	XP_020723285.2
OG0001070	XP_061931449.1	XP_006611872.1	XP_086760332.1	XP_043792271.1	XP_026296317.1	XP_003395644.1
OG0001071	XP_016912999.1	XP_031364851.1	XP_086763330.1	XP_043784333.1	XP_026297227.1	XP_003402321.1
OG0001072	XP_016913625.1	XP_006611112.1	XP_012343808.1	XP_043785394.1	XP_001121339.1	XP_003400570.1
OG0001073	XP_016922671.1	XP_031369612.1	XP_086767716.1	XP_043801249.1	XP_006571219.1	XP_003393215.3
OG0001074	XP_016916709.1	XP_006616769.1	XP_003694361.1	XP_043785260.1	XP_624886.3	XP_003400869.1
OG0001075	XP_016913686.2	XP_006611057.1	XP_003694993.2	XP_043785194.1	XP_001120622.3	XP_003400883.1
OG0001076	XP_016910215.1	XP_006613966.1	XP_003696275.1	XP_043793459.1	XP_016767773.1	XP_003395866.2
OG0001077	XP_016913780.1	XP_006617948.1	XP_012344397.1	XP_043791533.1	XP_393894.1	XP_003400227.1
OG0001078	XP_061933237.1	XP_006624969.1	XP_086766412.1	XP_043795850.1	XP_001122961.3	XP_020719237.1
OG0001079	XP_061933274.1	XP_031364232.1	XP_003693022.1	XP_043795833.1	XP_001121190.3	XP_003396970.2
OG0001080	XP_016914635.1	XP_031364236.1	XP_086766372.1	XP_043795998.1	XP_003251224.2	XP_003396981.2
OG0001081	XP_016914759.1	XP_031364190.1	XP_003693141.3	XP_043795702.1	XP_393553.4	XP_003396980.1
OG0001082	XP_016915375.1	XP_006624159.1	XP_012343546.1	XP_043785846.1	XP_026300810.1	XP_003400397.2
OG0001083	XP_061927664.1	XP_031368717.1	XP_086762939.1	XP_043798102.1	XP_006568843.1	XP_012174375.1
OG0001084	XP_016915390.1	XP_031370258.1	XP_031773113.1	XP_043786065.1	XP_016771783.1	XP_003400390.1
OG0001085	XP_016915391.1	XP_006624174.1	XP_003694884.2	XP_043785835.1	XP_001122996.1	XP_003400392.2
OG0001086	XP_016915563.1	XP_006623870.1	XP_003695420.1	XP_043797257.1	XP_001120232.3	XP_003402028.1
OG0001087	XP_016918771.1	XP_031370391.1	XP_003695755.1	XP_043791713.1	NP_001136109.1	XP_012173210.3
OG0001088	XP_016915641.1	XP_006608718.1	XP_012341549.1	XP_043797329.1	XP_006568577.1	XP_048269402.1
OG0001089	XP_016906008.1	XP_006608404.1	XP_003698717.1	XP_043788457.1	XP_394886.4	XP_003394465.1
OG0001090	XP_016915774.2	XP_031370536.1	XP_031775451.2	XP_043790092.1	XP_026299610.1	XP_048266128.1
OG0001091	XP_061932410.1	XP_006618071.1	XP_003697958.2	XP_043803437.1	XP_623508.3	XP_012164318.2
OG0001092	XP_061928976.1	XP_031364578.1	XP_086764262.1	XP_043804390.1	XP_016766579.1	XP_012173971.3
OG0001093	XP_061928981.1	XP_006612111.1	XP_003690899.1	XP_043804363.1	XP_006568498.2	XP_003402359.1
OG0001094	XP_061942386.1	XP_031364276.1	XP_086772178.1	XP_043786579.1	XP_026301563.1	XP_012169843.2
OG0001095	XP_061942412.1	XP_031364278.1	XP_086772146.1	XP_043786629.1	XP_026301567.1	XP_012169861.2
OG0001096	XP_016916031.2	XP_031368705.1	XP_031775276.2	XP_043786677.1	XP_016772427.1	XP_020723228.2
OG0001097	XP_061942561.1	XP_031368707.1	XP_031775277.1	XP_043786678.1	XP_016772428.2	XP_003402153.1
OG0001098	XP_016916305.1	XP_006611904.1	XP_003697856.1	XP_043786563.1	XP_003249498.1	XP_003402203.1
OG0001099	XP_028520123.1	XP_031365213.1	XP_003699051.3	XP_043791480.1	XP_026299572.1	XP_048265854.1
OG0001100	XP_016916379.1	XP_006624895.1	XP_086772310.1	XP_043786600.1	XP_001120442.2	XP_003399529.1
OG0001101	XP_016916086.1	XP_031370589.1	XP_003691192.2	XP_043786686.1	XP_006557843.1	XP_003399465.1
OG0001102	XP_028523827.1	XP_006617870.1	XP_012345810.1, XP_086761237.1		XP_624940.3	XP_003397855.1
OG0001103	XP_061940455.1	XP_031366740.1	XP_012342944.2	XP_043786047.1	XP_026300758.1	XP_003400887.1
OG0001104	XP_016913582.1	XP_006611113.1	XP_003695012.1	XP_043785809.1	XP_394006.4	XP_003400575.1
OG0001105	XP_016912860.1	XP_006617552.1	XP_012348999.2	XP_043787652.1	XP_026295167.1	XP_003394586.1
OG0001106	XP_028524152.2	XP_006614899.1	XP_003691024.1	XP_043803251.1	XP_026295177.1	XP_003394183.4
OG0001107	XP_061936444.1	XP_031366852.1	XP_012340679.3	XP_043787250.1	XP_026299217.1	XP_020720849.1
OG0001108	XP_016912442.2	XP_006609302.1	XP_086773978.1	XP_043790373.1	XP_006560707.1	XP_020722516.2
OG0001109	XP_016918864.2	XP_006608353.1	XP_012344429.1	XP_043794209.1	XP_003251779.1	XP_003393341.1
OG0001110	XP_016918804.2	XP_031367680.1	XP_012344428.3	XP_043794120.1	XP_016773440.1	XP_012166402.2
OG0001111	XP_061943009.1	XP_006616147.1	XP_031773648.1	XP_043794463.1	XP_016771975.2	XP_012166573.2
OG0001112	XP_061932399.1	XP_006618070.1	XP_086773069.1	XP_043803641.1	XP_026296199.1	XP_003393116.1
OG0001113	XP_061943083.1	XP_031367711.1	XP_086767827.1	XP_043794406.1	XP_016770898.2	XP_048270282.1
OG0001114	XP_016912965.2	XP_031364856.1	XP_086763348.1	XP_043784335.1	XP_393173.2	XP_003402310.2
OG0001115	XP_061927779.1	XP_006614432.1	XP_003697673.1	XP_043786484.1	XP_393285.1	XP_003402512.1
OG0001116	XP_016919603.1	XP_031369694.1	XP_012339472.3	XP_043794415.1	XP_006571428.1	XP_020724183.1
OG0001117	XP_016920057.1	XP_006622324.1	XP_086762529.1	XP_043800244.1	NP_001073563.2	XP_048268164.1
OG0001118	XP_016920419.2	XP_031369453.1	XP_003696837.2	XP_043796293.1	XP_026302166.1	XP_020722708.1
OG0001119	XP_016920279.2	XP_006622280.1	XP_003696894.1	XP_043801670.1	XP_392943.3	XP_003402681.1
OG0001120	XP_016921054.1	XP_006621018.1	XP_003690389.1	XP_043795155.1	XP_623273.1	XP_048264696.1
OG0001121	XP_016920870.2	XP_006617603.1	XP_003692472.2	XP_043800022.1	XP_393208.1	XP_003402892.2
OG0001122	XP_061932564.1	XP_006617604.1	XP_086766865.1	XP_043800194.1	XP_016768147.1	XP_003402889.2
OG0001123	XP_016921252.1	XP_006621107.1	XP_003697987.1	XP_043803592.1	XP_003251627.1	XP_012175524.1
OG0001124	XP_016921254.1	XP_006618078.1	XP_003697959.1	XP_043803563.1	XP_006570861.2	XP_048265417.1
OG0001125	XP_061935379.1	XP_006610061.1	XP_086765117.1	XP_043789943.1	XP_026298505.1	XP_020720243.2
OG0001126	XP_016920564.1	XP_006625027.1	XP_003692817.1	XP_043787284.1	XP_026299224.1	XP_012168259.1
OG0001127	XP_016921516.2	XP_006607673.1	XP_086759495.1	XP_043789327.1	XP_016769544.2	XP_003397775.1
OG0001128	XP_061935502.1	XP_006607670.1	XP_031774802.1	XP_043789331.1	XP_001119871.2	XP_003397903.2
OG0001129	XP_028525646.1	XP_031365725.1	XP_086770252.1	XP_043787492.1	XP_006565095.2	XP_003400351.2
OG0001130	XP_016922069.1	XP_006614557.1	XP_012343159.2	XP_043787478.1	XP_001120578.2	XP_003400142.2
OG0001131	XP_016922213.1	XP_031365610.1	XP_086770304.1	XP_043787536.1	XP_624233.3	XP_003400309.1
OG0001132	XP_061940172.1	XP_031365602.1	XP_086770309.1	XP_043787535.1	XP_006565069.2	XP_003400361.1
OG0001133	XP_016909208.1	XP_006619532.1	XP_012339528.1	XP_043798159.1	XP_625111.1	XP_003399045.1
OG0001134	XP_016922298.1	XP_006616646.1	XP_003697843.1	XP_043785363.1	XP_395732.3	XP_003393385.1
OG0001135	XP_061943345.1	XP_031369964.1	XP_086768402.1	XP_043799284.1	XP_006571303.2	XP_003393142.2
OG0001136	XP_061940358.1	XP_031365036.1	XP_012347851.2	XP_043785761.1	XP_006562356.1	XP_012167743.3
OG0001137	XP_016922357.1	XP_006607424.1	XP_012340449.1	XP_043786256.1	XP_026298009.1	XP_020722917.2
OG0001138	XP_061934042.1	XP_006607245.1	XP_086773527.1	XP_043786358.1	XP_016768868.1	XP_003401872.2
OG0001139	XP_061943432.1	XP_006623211.1	XP_086768215.1	XP_043799405.1	XP_026301237.1	XP_048270604.1
OG0001140	XP_016909055.1	XP_006619553.1	XP_003691816.4	XP_043798844.1	XP_624301.1	XP_003398736.3
OG0001141	XP_061943335.1	XP_031369628.1	XP_086767713.1	XP_043801238.1	XP_016773439.2	XP_012166092.2
OG0001142	XP_016912084.1	XP_006623005.1	XP_086773230.1	XP_043795437.1	XP_026299856.1	XP_003399018.1
OG0001143	NP_001315414.1	XP_006608255.1	XP_003692157.1	XP_043789123.1	NP_001011639.2	XP_012172197.1
OG0001144	XP_016916199.1	XP_031366830.1	XP_012339741.3	XP_043789027.1	NP_001071293.1	XP_012172199.1
OG0001145	XP_061930129.1	XP_006623709.1	XP_012343316.1	XP_043802140.1	XP_006567305.1	XP_003394971.2
OG0001146	XP_016922653.1	XP_006622686.1	XP_003697263.1	XP_043801330.1	XP_396056.5	XP_020718875.2
OG0001147	XP_016921189.1	XP_006607365.1	XP_086773424.1	XP_043786389.1	XP_003249526.1	XP_048269516.1
OG0001148	XP_061933007.1	XP_006619049.1	XP_086766268.1	XP_043800569.1	XP_006564321.1	XP_020723863.1
OG0001149	XP_016922196.1	XP_006614276.1	XP_003694528.2	XP_043787571.1	XP_003251169.1	XP_003400132.1
OG0001150	XP_016922482.1	XP_006614506.1	XP_086763623.1	XP_043804304.1	XP_003250051.2	XP_003399490.1
OG0001151	XP_016918946.2	XP_006612851.2	XP_031773542.2	XP_043794482.1	XP_006571671.1	XP_003393317.1
OG0001152	XP_016919681.1	XP_006607729.1	XP_003699010.3	XP_043797491.1	XP_006559220.1	XP_012166479.1
OG0001153	XP_061933637.1	XP_006618326.1	XP_086759188.1	XP_043794681.1	XP_026297552.1	XP_003403285.1
OG0001154	XP_061926918.1	XP_006615760.2	XP_086771433.1	XP_043803296.1	XP_026295050.1	XP_048268567.1
OG0001155	NP_001315411.1	XP_006624058.1	XP_003695717.1	XP_043798086.1	NP_001011605.1	XP_048265126.1
OG0001156	NP_001315412.1	XP_006612772.1	XP_003694888.1	XP_043785764.1	NP_001011606.1	XP_003400385.1
OG0001157	XP_016921009.1	XP_006622065.1	XP_012346285.1	XP_043792456.1	XP_003251449.1	XP_003402114.1
OG0001158	XP_016922047.1	XP_006623398.1	XP_003696714.1	XP_043793324.1	XP_623527.1	XP_003395819.1
OG0001159	XP_061935814.1	XP_006621062.1	XP_086771078.1	XP_043791885.1	XP_026298556.1	XP_012173415.1
OG0001160	XP_016906151.1	XP_031364078.1	XP_012347079.1	XP_043803921.1	XP_395643.2	XP_012170301.1
OG0001161	XP_016922739.1	XP_006620883.1	XP_012338991.1	XP_043785416.1	XP_006560166.1	XP_003398337.1
OG0001162	XP_061937990.1	XP_031365129.1	XP_012347350.1	XP_043788555.1	XP_016773199.1	XP_003396736.2
OG0001163	XP_016909343.1	XP_006621616.1	XP_003691905.1	XP_043799048.1	XP_006570342.1	XP_003399124.1
OG0001164	XP_016911902.1	XP_006616543.1	XP_086760965.1	XP_043793012.1	NP_001229365.1	XP_003395697.1
OG0001165	XP_061937939.1	XP_006614128.1	XP_086771874.1	XP_043798967.1	XP_625101.1	XP_003398899.1
OG0001166	XP_061932757.1	XP_031368884.1	XP_031771492.2	XP_043799774.1	XP_624833.2	XP_048261249.1
OG0001167	XP_061939585.1	XP_031366668.1	XP_012343876.2	XP_043791618.1	XP_026300344.1	XP_012170957.1
OG0001168	XP_061938027.1	XP_006614360.1	XP_086771759.1	XP_043798210.1	XP_026299327.1	XP_012169667.1
OG0001169	XP_061937358.1	XP_006624482.2	XP_086770126.1	XP_043784491.1	XP_026299461.1	XP_012165148.2
OG0001170	XP_061938310.1	XP_006621687.1	XP_012339593.1	XP_043798226.1	XP_006566781.2	XP_003399091.3
OG0001171	XP_061935922.1	XP_031369877.1	XP_086770993.1	XP_043791701.1	XP_026298705.1	XP_012167289.1
OG0001172	XP_016914481.1	XP_006618683.1	XP_086766167.1	XP_043795884.1	XP_006565533.1	XP_012165073.1
OG0001173	XP_016907109.1	XP_006624202.1	XP_086765315.1	XP_043786007.1	XP_391989.2	XP_012171944.1
OG0001174	XP_061932699.1	XP_031367041.1	XP_012340182.1	XP_043800202.1	XP_026297236.1	XP_048262376.1
OG0001175	XP_061936547.1	XP_006607972.1	XP_003692739.3	XP_043791349.1	XP_391829.3	XP_003398065.1
OG0001176	XP_061943130.1	XP_006623334.1	XP_031773619.2	XP_043794437.1	NP_001035345.1	XP_003393360.1
OG0001177	XP_016918672.1	XP_006613539.1	XP_012350426.2	XP_043803525.1	XP_006568530.1	XP_003402821.3
OG0001178	XP_028520233.1	XP_031365692.1	XP_086771501.1	XP_043802916.1	XP_006559288.1	XP_012168389.2
OG0001179	XP_016912121.1	XP_006618629.1	XP_012346177.1	XP_043792703.1	XP_006567770.1	XP_003402326.1
OG0001180	XP_016921520.1	XP_006622956.1	XP_003697924.1	XP_043803725.1	XP_624567.3	XP_048264122.1
OG0001181	XP_061937527.1	XP_006624262.1	XP_031775448.2	XP_043790146.1	XP_026299665.1	XP_003399174.4
OG0001182	XP_016919106.1	XP_006608302.1	XP_003695656.1	XP_043794325.1	XP_026302130.1	XP_003393281.1
OG0001183	XP_016916063.1	XP_006611306.1	XP_012350755.1	XP_043786641.1	XP_001121716.2	XP_048266840.1
OG0001184	XP_061941671.1	XP_031370829.1	XP_086773740.1	XP_043790394.1	XP_016772317.2	XP_020722761.1
OG0001185	XP_016922848.1	XP_006611528.1	XP_086770841.1	XP_043793794.1	XP_026300655.1	XP_012167932.1
OG0001186	XP_016911651.2	XP_006623952.2	XP_031776469.2	XP_043788534.1	XP_026302163.1	XP_048270465.1
OG0001187	XP_016907955.1	XP_031365528.1	XP_012339604.1	XP_043799069.1	XP_623723.2	XP_003398730.2
OG0001188	XP_016907993.1	XP_031365529.1	XP_012339507.2	XP_043798215.1	XP_006566457.1	XP_003398729.1
OG0001189	XP_016921765.1	XP_006607934.1	XP_012347441.1	XP_043789850.1	NP_001011634.1	XP_003397991.1
OG0001190	XP_061932595.1	XP_006617635.1	XP_012340255.3	XP_043799978.1	XP_026296916.1	XP_012174781.2
OG0001191	XP_061931880.1	XP_031371181.1	XP_086772019.1	XP_043793570.1	XP_026296900.1	XP_048262801.1
OG0001192	XP_061931757.1	XP_006617305.2	XP_086771941.1	XP_043802658.1	XP_026296828.1	XP_012173524.1
OG0001193	XP_016919348.2	XP_031366982.1	XP_012345046.1	XP_043788817.1	XP_006563494.1	XP_012172269.3
OG0001194	XP_016922676.1	XP_006621009.1	XP_086758547.1	XP_043795075.1	XP_396220.3	XP_003398036.2
OG0001195	XP_016905813.1	XP_031365109.1	XP_003693878.1	XP_043800158.1	XP_623075.1	XP_003396021.1
OG0001196	XP_016909100.1	XP_031368221.1	XP_086761246.1	XP_043798816.1	XP_026299722.1	XP_048266512.1
OG0001197	XP_016916810.1	XP_006609078.1	XP_012345061.2	XP_043790370.1	XP_016772339.1	XP_048268311.1
OG0001198	XP_061928624.1	XP_006616253.2	XP_086765478.1	XP_043787860.1	XP_026295427.1	XP_048270679.1
OG0001199	XP_016913018.1	XP_031364830.1	XP_086763286.1	XP_043784319.1	XP_026297056.1	XP_048262547.1
OG0001200	XP_016913540.2	XP_006611126.1	XP_031773232.2	XP_043785782.1	XP_026300984.1	XP_003400699.1
OG0001201	XP_016915310.1	XP_006615424.2	XP_086766019.1	XP_043784033.1	XP_394662.6	XP_003396770.1
OG0001202	XP_016915780.2	XP_006624907.1	XP_086768541.1	XP_043790203.1	XP_623513.3	XP_048266196.1
OG0001203	XP_061942194.1	XP_006608164.1	XP_012339661.1	XP_043788739.1	XP_016772190.1	XP_012172112.1
OG0001204	XP_016917155.1	XP_006617042.1	XP_086770901.1	XP_043784957.1	XP_006557331.2	XP_048264232.1
OG0001205	XP_061943229.1	XP_031365713.1	XP_012346969.2	XP_043791086.1	XP_016772824.1	XP_003393474.4
OG0001206	XP_061938727.1	XP_006609002.1	XP_012348745.2	XP_043789280.1	XP_006560864.1	XP_020721677.2
OG0001207	XP_061943438.1	XP_006623215.2	XP_086768325.1	XP_043799417.1	XP_026295549.1	XP_048270386.1
OG0001208	XP_016922722.1	XP_006620867.1	XP_012338967.1	XP_043785632.1	XP_016769887.1	XP_048265237.1
OG0001209	XP_061932929.1	XP_006611144.1	XP_003693040.2	XP_043783994.1	XP_392687.2	XP_003396503.2
OG0001210	XP_016911724.1	XP_006617845.1	XP_003690429.3	XP_043789790.1	NP_001091699.1	XP_048264441.1
OG0001211	XP_061928132.1	XP_006621240.1	XP_086764470.1	XP_043784710.1	XP_006558825.2	XP_012172298.2
OG0001212	XP_061934871.1	XP_006623844.1	XP_003691696.3	XP_043801384.1	XP_016769181.1	XP_048264174.1
OG0001213	XP_016907050.2	XP_006609377.1	XP_086773724.1	XP_043790567.1	XP_016772175.1	XP_012172544.1
OG0001214	XP_016907232.1	XP_006609522.1	XP_086769425.1	XP_043790273.1	XP_001121269.2	XP_003397743.1
OG0001215	XP_016908121.1	XP_031366542.1	XP_031772427.2	XP_043803906.1	XP_026300234.1	XP_012169900.1
OG0001216	XP_016910516.1	XP_031369412.1	XP_012351087.2	XP_043803365.1	XP_026294939.1	XP_048266053.1
OG0001217	XP_061926968.1	XP_006620838.1	XP_003691345.1	XP_043803174.1	XP_006564300.1	XP_003394063.1
OG0001218	XP_016915325.1	XP_031364780.1	XP_003693691.1	XP_043796365.1	XP_016773366.1	XP_003396785.1
OG0001219	XP_061940824.1	XP_031369272.1	XP_086765131.1	XP_043785362.1, XP_043785631.1		XP_048267846.1
OG0001220	XP_016917943.1	XP_006621352.1	XP_086772607.1	XP_043791369.1	XP_026299161.1	XP_048265703.1
OG0001221	XP_061928535.1	XP_031370350.1	XP_086769120.1	XP_043796360.1	XP_026300779.1	XP_048263487.1
OG0001222	XP_061936381.1	XP_006623680.2	XP_086772735.1	XP_043787040.1, XP_043787152.1		XP_012175369.1
OG0001223	XP_016904201.2	XP_031371213.1	XP_086761090.1	XP_043789803.1	XP_026298744.1	XP_020720050.1
OG0001224	XP_016905071.1	XP_006619955.1	XP_003697774.2	XP_043803031.1	XP_394370.2	XP_003393535.1
OG0001225	XP_061934877.1	XP_006609835.1	XP_003694090.1	XP_043796533.1	XP_026298038.1	XP_003401730.2
OG0001226	XP_061941732.1	XP_006613247.1	XP_012347422.2	XP_043788575.1	XP_001122237.3	XP_012165858.2
OG0001227	XP_028519866.2	XP_006611590.1	XP_086770763.1	XP_043793779.1	XP_006559363.2	XP_048268262.1
OG0001228	XP_061939980.1	XP_031371011.1, XP_031371012.1	XP_086770637.1		XP_026300577.1	XP_048267497.1
OG0001229	XP_016910919.2	XP_031370933.1	XP_012344312.2	XP_043786267.1	XP_003249403.1	XP_003403033.1
OG0001230	XP_016907676.2	XP_006610438.1	XP_086769831.1	XP_043789322.1	XP_006562600.2	XP_012174456.2
OG0001231	XP_061939717.1	XP_006609451.2	XP_003692657.1	XP_043794993.1	NP_001164579.1	XP_003400301.1
OG0001232	XP_016913394.1	XP_006610117.1	XP_086760284.1	XP_043789815.1	NP_001189389.1	XP_003397807.1
OG0001233	XP_016904486.1	XP_031364771.1	XP_012348544.2	XP_043791047.1	NP_001191178.1	XP_048265437.1
OG0001234	XP_061941878.1	XP_006608267.1	XP_012339697.3	XP_043788861.1	XP_026301045.1	XP_020722495.2
OG0001235	XP_016907215.1	XP_006610447.1	XP_003690692.1	XP_043790221.1	XP_392155.2	XP_003402791.1
OG0001236	XP_061933422.1	XP_006619330.1	XP_012344691.3	XP_043784284.1	XP_395153.3	XP_012166227.1
OG0001237	XP_016913940.1	XP_006615630.1	XP_012348485.3	XP_043804250.1	XP_006565238.1	XP_020721506.1
OG0001238	XP_016914696.1	XP_006611156.1	XP_086766085.1	XP_043784052.1	XP_016768632.1	XP_012165512.2
OG0001239	XP_061928016.1	XP_006612791.1	XP_012346770.3	XP_043800924.1	XP_026302274.1	XP_012168492.2
OG0001240	XP_016907599.1	XP_031363891.1	XP_012350119.1	XP_043787246.1	XP_006563283.2	XP_003396215.1
OG0001241	XP_016910241.2	XP_006614032.1	XP_003696499.1	XP_043792972.1	XP_003250023.2	XP_003395690.1
OG0001242	XP_016915757.1	XP_006624133.1	XP_003694269.1	XP_043797402.1	XP_396117.2	XP_003395111.1
OG0001243	XP_016912179.1	XP_006618616.2	XP_086760514.1	XP_043793089.1	XP_006567775.1	XP_048269672.1
OG0001244	XP_016910643.1	XP_006615749.1	XP_003691363.1	XP_043803008.1	XP_026294725.1	XP_048268932.1
OG0001245	XP_061938967.1	XP_006612054.1	XP_012344108.1	XP_043803878.1	XP_026300010.1	XP_020721607.1
OG0001246	XP_016908810.1	XP_006614679.1	XP_003694721.2	XP_043801982.1	XP_026295983.1	XP_012163389.1
OG0001247	XP_016921841.1	XP_006615876.1	XP_086767439.1	XP_043800401.1	XP_394621.2	XP_003402975.1
OG0001248	XP_016905283.1	XP_006609441.1	XP_003689894.1	XP_043794743.1	XP_391965.1	XP_003400299.1
OG0001249	XP_016906662.1	XP_006620169.1	XP_012347544.1	XP_043791907.1	XP_026298454.1	XP_012173383.1
OG0001250	XP_016911079.1	XP_006607415.1	XP_003695365.1	XP_043786176.1	XP_396738.2	XP_003403037.1
OG0001251	XP_016917812.1	XP_006608812.1	XP_003693944.1	XP_043800675.1	XP_393301.3	XP_003395955.1
OG0001252	XP_016918851.1	XP_006616159.1	XP_003695495.1	XP_043794515.1	XP_396165.2	XP_003392861.1
OG0001253	XP_016908371.1	XP_006619470.1	XP_012350542.1	XP_043801394.1	XP_026295487.1	XP_020723614.2
OG0001254	XP_061935927.1	XP_031369875.1	XP_012347450.2	XP_043791742.1	XP_624608.3	XP_020720074.1
OG0001255	XP_061942298.1	XP_006615087.1	XP_003691176.4	XP_043798036.1	XP_026301496.1	XP_048266688.1
OG0001256	XP_016916619.1	XP_006616706.1	XP_003694439.4	XP_043786013.1	XP_006563129.1	XP_003400885.1
OG0001257	XP_061927757.1	XP_006621821.1	XP_086771550.1	XP_043788535.1	XP_006559199.1	XP_003393623.1
OG0001258	XP_016921193.1	XP_006607370.1	XP_003692573.2	XP_043786094.1	NP_001229585.1	XP_012175153.1
OG0001259	XP_016909726.1	XP_006620328.1	XP_003696056.1	XP_043790627.1	XP_624249.1	XP_003401232.1
OG0001260	XP_061940010.1	XP_006613276.1	XP_086769758.1	XP_043788708.1	XP_393421.1	XP_003396850.1
OG0001261	XP_016920351.1	XP_006622349.1	XP_003696827.1	XP_043798775.1	XP_392760.2	XP_003393971.1
OG0001262	XP_016920537.1	XP_031370651.1	XP_003692828.1	XP_043787037.1	XP_003250792.1	XP_003398518.1
OG0001263	XP_016914115.1	XP_006612074.1	XP_031773370.1	XP_043803871.1	XP_625078.1	XP_003399832.1
OG0001264	XP_061927573.1	XP_031369716.1	XP_003697029.3	XP_043800175.1	XP_026295012.1	XP_012174328.2
OG0001265	XP_061938488.1	XP_031370999.1	XP_031776168.2	XP_043790502.1	XP_026302047.1	XP_003397444.2
OG0001266	XP_016917148.1	XP_006617031.1	XP_003692187.1	XP_043784502.1	XP_026298019.1	XP_003397351.1
OG0001267	XP_061942354.1	XP_006612843.1	XP_086768200.1	XP_043794030.1	XP_392652.3	XP_003393307.1
OG0001268	XP_061936034.1	XP_006613921.1	XP_003698317.2	XP_043787307.1	XP_393055.5	XP_003398175.1
OG0001269	XP_016912050.1	XP_031368315.1	XP_086766566.1	XP_043795089.1	XP_026299700.1	XP_003398966.1
OG0001270	XP_016907788.1	XP_031365523.1	XP_086771847.1	XP_043798737.1	NP_001071276.1	XP_048266093.1
OG0001271	XP_061933731.1	XP_006624717.1	XP_003695296.2	XP_043801603.1	XP_026297767.1	XP_048263575.1
OG0001272	XP_061935344.1	XP_006607849.2	XP_012348793.2	XP_043789469.1	XP_006561795.1	XP_003397432.1
OG0001273	XP_016921999.1	XP_006619441.1	XP_003694136.1	XP_043797325.1	XP_006564597.1	XP_012173041.1
OG0001274	XP_061930985.1	XP_006623400.1	XP_086760791.1	XP_043792535.1	XP_006567914.2	XP_012164357.1
OG0001275	XP_016913426.1	XP_006615014.1	XP_012340071.2	XP_043784447.1	XP_006557512.1	XP_003396815.1
OG0001276	XP_061934745.1	XP_006610411.1	XP_031772148.2	XP_043796820.1	XP_016768956.2	XP_012172959.2
OG0001277	XP_016921172.1	XP_006607313.1	XP_086773486.1	XP_043786283.1	XP_006559574.1	XP_048269504.1
OG0001278	XP_061932759.1	XP_031368886.1	XP_086767125.1	XP_043800435.1	XP_006570961.1	XP_012163109.2
OG0001279	XP_061930343.1	XP_006611889.1	XP_086759917.1	XP_043801985.1	XP_006567169.2	XP_003402466.2
OG0001280	XP_016904009.1	XP_006613054.1	XP_003697765.1	XP_043795109.1	XP_006561670.1	XP_003397571.1
OG0001281	XP_016907093.3	XP_006621267.1	XP_086765347.1	XP_043785570.1	XP_006565697.1	XP_048267619.1
OG0001282	XP_016907237.1	XP_006621528.1	XP_086761494.1	XP_043798183.1	XP_026299390.1	XP_020720985.1
OG0001283	XP_028525005.2	XP_006620075.1	XP_086763105.1	XP_043800622.1	XP_016766278.1	XP_020721675.1
OG0001284	XP_016921639.2	XP_006610859.1	XP_012347064.1	XP_043803828.1	XP_016771109.1	XP_012170216.1
OG0001285	XP_016917773.1	XP_006617327.1	XP_086771976.1	XP_043802771.1	XP_006557964.1	XP_012173541.2
OG0001286	XP_016921216.1	XP_006607369.1	XP_003692569.1	XP_043786212.1	XP_003249538.1	XP_012175152.3
OG0001287	XP_061942157.1	XP_031366990.1	XP_086758580.1	XP_043788947.1	XP_006563390.1	XP_020722794.2
OG0001288	XP_061931456.1	XP_006623312.1	XP_086760336.1	XP_043793436.1	XP_392396.3	XP_003395652.1
OG0001289	XP_016905236.1	XP_006609147.1	XP_003695805.1	XP_043790566.1	XP_624227.2	XP_012172758.3
OG0001290	XP_016912547.1	XP_006609225.1	XP_012345009.2	XP_043790447.1	XP_006560019.1	XP_012172814.1
OG0001291	XP_016907091.1	XP_006624236.1	XP_086765313.1	XP_043785697.1	XP_391988.2	XP_048268132.1
OG0001292	XP_016920705.1	XP_006619233.1	XP_003695043.1	XP_043801168.1	XP_393961.3	XP_003400847.2
OG0001293	XP_016922310.1	XP_031366747.1	XP_003697841.1	XP_043785819.1	XP_392818.2	XP_012174519.1
OG0001294	XP_016919774.1	XP_006613234.1	XP_003697543.1	XP_043788621.1	XP_003251181.2	XP_003398710.2
OG0001295	XP_061937389.1	XP_006623345.1	XP_086771024.1	XP_043784457.1	XP_026299833.1	XP_012165121.1
OG0001296	XP_016921195.2	XP_006607295.1	XP_003692621.2	XP_043786384.1	XP_006559587.1	XP_048269512.1
OG0001297	XP_016904311.2	XP_006613275.1	XP_086769754.1	XP_043794050.1	XP_026301979.1	XP_003396846.1
OG0001298	XP_061928777.1	XP_006624366.1	XP_003693666.1	XP_043796345.1	XP_016767787.2	XP_003396374.1
OG0001299	XP_061933142.1	XP_006618667.1	XP_003692946.3	XP_043795834.1	NP_001164443.1	XP_003396395.1
OG0001300	XP_016915614.1	XP_006607837.1	XP_003690324.1	XP_043789561.1	XP_623921.1	XP_003397435.1
OG0001301	XP_016908988.1	XP_031367703.1	XP_003691795.1	XP_043799061.1	XP_624890.1	XP_012169583.1
OG0001302	XP_016920851.1	XP_006615457.1	XP_003694923.1	XP_043799413.1	XP_394153.1	XP_003392978.1
OG0001303	XP_061933554.1	XP_006609474.1	XP_086769448.1	XP_043789994.1	NP_001035354.1	XP_020720324.1
OG0001304	XP_016909212.1	XP_006621574.1	XP_086761549.1	XP_043799182.1	XP_396874.5	XP_003399145.1
OG0001305	XP_016922418.1	XP_006613091.1	XP_003697700.2	XP_043795117.1	XP_395392.3	XP_012167104.1
OG0001306	XP_061936664.1	XP_006612370.2	XP_031771715.2	XP_043791408.1	XP_006569755.1	XP_048270547.1
OG0001307	XP_016921249.1	XP_006622959.1	XP_003694972.1	XP_043803520.1	XP_624475.1	XP_003393069.2
OG0001308	XP_061935568.1	XP_031367355.1	XP_086762611.1	XP_043789837.1	XP_026298643.1	XP_048264668.1
OG0001309	XP_016914288.1	XP_006616885.1	XP_003692465.4	XP_043800290.1	XP_394614.1	XP_012167226.2
OG0001310	XP_016920048.1	XP_006620067.1	XP_003696868.1	XP_043799871.1	XP_026294845.1	XP_003393852.1
OG0001311	XP_016909289.1	XP_006619598.1	XP_012339388.2	XP_043798365.1	XP_006566648.1	XP_003398781.2
OG0001312	XP_061942305.1	XP_031365989.1	XP_031770930.2	XP_043797854.1	XP_624912.3	XP_012173657.1
OG0001313	XP_028524240.2	XP_031367088.1	XP_003689857.4	XP_043802734.1	XP_026296629.1	XP_012173542.2
OG0001314	XP_016908088.1	XP_006623782.1	XP_003694307.1	XP_043802903.1	XP_001122008.1	XP_003395166.1
OG0001315	XP_016905001.1	XP_006613111.1	XP_003697711.2	XP_043795239.1	XP_624358.1	XP_003397963.1
OG0001316	XP_016909115.2	XP_006608793.1	XP_003693951.1	XP_043800694.1	XP_001120233.1	XP_003396075.1
OG0001317	XP_061932412.1	XP_006614827.1	XP_003693837.4	XP_043799812.1	XP_624706.1	XP_003396168.1
OG0001318	XP_016921393.2	XP_006610069.1	XP_031774621.1	XP_043789428.1	XP_026298506.1	XP_003397681.1
OG0001319	XP_016910047.1	XP_031367694.1	XP_086762271.1	XP_043796733.1	XP_016768901.2	XP_012174977.1
OG0001320	XP_061927822.1	XP_031365678.1	XP_086764031.1	XP_043786422.1	XP_016766222.1	XP_012171466.1
OG0001321	XP_016916401.2	XP_006616922.1	XP_003690374.1	XP_043789386.1	XP_392512.3	XP_003397936.1
OG0001322	XP_016922290.1	XP_006607929.1	XP_012347746.1	XP_043789606.1	XP_001120016.1	XP_048264687.1
OG0001323	XP_016915649.2	XP_006621981.1	XP_003695437.1	XP_043796817.1	XP_396645.4	XP_003397996.3
OG0001324	XP_016906050.1	XP_006608409.1	XP_086765878.1	XP_043788364.1	XP_395802.1	XP_003394455.1
OG0001325	XP_016904998.1	XP_006615866.1	XP_003693021.1	XP_043800463.1	XP_026297448.1	XP_048265582.1
OG0001326	XP_061940627.1	XP_031364117.1	XP_031773218.1	XP_043785436.1	XP_006564870.1	XP_003400646.2
OG0001327	XP_028525479.1	XP_006614607.1	XP_086771623.1	XP_043798115.1	NP_001071286.1	XP_048265409.1
OG0001328	XP_016908700.1	XP_006616229.1	XP_086764808.1	XP_043801114.1	XP_393966.1	XP_012171842.1
OG0001329	XP_061932275.1	XP_006613822.1	XP_031772496.1	XP_043801024.1	XP_006565420.1	XP_003396049.1
OG0001330	XP_061942439.1	XP_031366442.1	XP_003691231.1	XP_043786685.1	NP_001011571.1	XP_003402194.1
OG0001331	XP_061927117.1	XP_006609931.1	XP_003689565.1	XP_043798665.1	XP_394348.5	XP_003394029.1
OG0001332	XP_016905588.1	XP_006612265.1	XP_003691716.1	XP_043801360.1	NP_001078814.1	XP_003394952.3
OG0001333	XP_016905578.1	XP_006612264.1	XP_003691717.1	XP_043801353.1	NP_001078815.1	XP_003394953.1
OG0001334	XP_016921554.1	XP_006622544.1	XP_003697910.2	XP_043803498.1	XP_001120572.3	XP_003393040.1
OG0001335	XP_016908322.1	XP_006615291.1	XP_003691481.1	XP_043799529.1	NP_001161181.1	XP_003397004.2
OG0001336	XP_016914530.1	XP_006616371.2	XP_031771887.1	XP_043795812.1	XP_006568392.1	XP_020719595.1
OG0001337	XP_028519954.2	XP_006609044.1	XP_086762970.1	XP_043802146.1	XP_006568803.2	XP_003393684.2
OG0001338	XP_016906961.1	XP_006609990.1	XP_086766619.1	XP_043784224.1	XP_016769919.1	XP_003398446.1
OG0001339	XP_016916696.1	XP_006616780.1	XP_003694367.1	XP_043786026.1	XP_397043.2	XP_003400763.1
OG0001340	XP_016904509.1	XP_006623628.1	XP_003697142.1	XP_043800869.1	XP_392996.1	XP_003402527.1
OG0001341	XP_016914843.1	XP_006621296.1	XP_086772383.1	XP_043787238.1	XP_392725.1	XP_003398487.1
OG0001342	XP_061937921.1	XP_006608746.1	XP_003697567.1	XP_043799751.1	XP_006568004.1	XP_048263562.1
OG0001343	XP_016920355.1	XP_006622287.1	XP_086762711.1	XP_043798881.1	XP_623170.1	XP_003402677.1
OG0001344	XP_016907332.1	XP_006621004.1	XP_003690387.3	XP_043795136.1	XP_006561717.1	XP_003398038.1
OG0001345	XP_016906644.1	XP_006622263.1	XP_003697751.4	XP_043795104.1	XP_394952.4	XP_012167151.1
OG0001346	XP_016918180.1	XP_006608830.1	XP_012342301.1	XP_043800756.1	XP_003250419.1	XP_003395962.1
OG0001347	XP_016918634.1	XP_006614210.1	XP_003690926.1	XP_043803378.1	XP_026295461.1	XP_003394137.2
OG0001348	XP_061939012.1	XP_006612052.1	XP_086763740.1	XP_043803898.1	XP_016771069.1	XP_003399830.1
OG0001349	XP_016907188.1	XP_006610429.1	XP_003690660.3	XP_043789229.1	XP_623301.2	XP_003394872.1
OG0001350	XP_061927916.1	XP_031369419.1	XP_031770853.1	XP_043803349.1	XP_026302288.1	XP_012170429.1
OG0001351	XP_016913742.1	XP_006618005.1	XP_003690854.1	XP_043791515.1	XP_006559371.1	XP_020721943.1
OG0001352	XP_016906444.1	XP_006614853.1	XP_003693845.1	XP_043799818.1	XP_001120141.1	XP_003396009.1
OG0001353	XP_061930823.1	XP_006616538.1	XP_003696200.1	XP_043793020.1	XP_394559.1	XP_012163791.1
OG0001354	XP_016913594.1	XP_006611053.1	XP_086765378.1	XP_043785168.1	XP_016771561.1	XP_003400770.1
OG0001355	XP_016913047.1	XP_006613491.1	XP_003697398.1	XP_043804102.1	XP_623433.1	XP_003399959.2
OG0001356	XP_016917055.1	XP_006611822.1	XP_003689963.1	XP_043802317.1	XP_016767094.2	XP_012163202.2
OG0001357	XP_016910636.1	XP_006622231.1	XP_003691384.1	XP_043802998.1	XP_001121279.1	XP_012175803.1
OG0001358	XP_028520422.1	XP_031364272.1	XP_086772186.1	XP_043786703.1	XP_624824.3	XP_003399543.1
OG0001359	XP_016908408.2	XP_006619806.1	XP_086764838.1	XP_043790925.1	XP_026300943.1	XP_012171829.3
OG0001360	XP_016908960.2	XP_006621650.1	XP_003691896.1	XP_043798401.1	XP_396595.2	XP_003399096.1
OG0001361	XP_061942022.1	XP_006624104.1	XP_012344637.1	XP_043794472.1	XP_006571390.1	XP_012176389.1
OG0001362	XP_016912552.1	XP_006615461.1	XP_003693627.1	XP_043784744.1	XP_393599.2	XP_003396264.1
OG0001363	XP_016918746.1	XP_031365590.1	XP_003690915.1	XP_043802691.1	XP_623919.1	XP_012175893.1
OG0001364	XP_016907482.1	XP_006621461.1	XP_003693201.1	XP_043799022.1	XP_393258.3	XP_003398796.1
OG0001365	XP_016909919.1	XP_006609880.1	XP_003694081.1	XP_043797279.1	XP_394752.3	XP_003401855.1
OG0001366	XP_016914598.1	XP_006615417.1	XP_012340834.2	XP_043804409.1	XP_392430.1	XP_048263734.1
OG0001367	XP_028524760.2	XP_006625053.1	XP_012340749.1	XP_043791327.1	XP_624172.1	XP_012175393.1
OG0001368	XP_016919023.1	XP_006617457.1	XP_003690014.1	XP_043801881.1	XP_001120355.1	XP_003394896.1
OG0001369	XP_061938129.1	XP_006619635.1	XP_003691802.1	XP_043798252.1	XP_001122049.2	XP_003399403.1
OG0001370	XP_016905960.1	XP_006608422.1	XP_012349118.1	XP_043788406.1	XP_006559771.1	XP_012176385.1
OG0001371	XP_016914933.1	XP_031369029.1	XP_003697327.1	XP_043787218.1	XP_623184.1	XP_003398489.1
OG0001372	XP_016906767.1	XP_006621479.2	XP_031771967.2	XP_043799166.1	XP_396542.5	XP_012169739.2
OG0001373	XP_016911928.1	XP_006616515.1	XP_086760983.1	XP_043793389.1	XP_026296449.1	XP_003395508.1
OG0001374	XP_016913596.1	XP_006623311.1	XP_003696285.2	XP_043793215.1	XP_396035.2	XP_012170308.1
OG0001375	XP_016920858.1	XP_006619599.1	XP_086761277.1	XP_043798361.1	XP_016770771.1	XP_012168583.1
OG0001376	XP_016914801.1	XP_006618966.1	XP_012340859.3	XP_043795739.1	XP_392453.3	XP_012166024.2
OG0001377	XP_061936902.1	XP_006609981.1	XP_086766605.1	XP_043784132.1	XP_006562950.1	XP_012168167.1
OG0001378	XP_061942234.1	XP_006624828.1	XP_086763920.1	XP_043797934.1	XP_006557348.1	XP_020721633.1
OG0001379	XP_016922313.1	XP_006607927.1	XP_003690361.1	XP_043789434.1	XP_003249908.1	XP_048264684.1
OG0001380	XP_016909832.1	XP_006617154.1	XP_031773746.1	XP_043788962.1	XP_006563423.2	XP_012172400.1
OG0001381	XP_016915197.1	XP_006617258.1	XP_003692514.4	XP_043800362.1	XP_623490.2	XP_003402094.1
OG0001382	XP_016920284.1	XP_006622341.1	XP_003696999.3	XP_043800349.1	XP_006569056.2	XP_003393800.1
OG0001383	XP_016915084.1	XP_031367053.1	XP_012340225.1	XP_043800441.1	XP_026297132.1	XP_003402285.2
OG0001384	XP_061940751.1	XP_031367640.1	XP_086764995.1	XP_043785473.1	XP_393437.3	XP_012171568.1
OG0001385	XP_016904134.1	XP_006613136.2	XP_031775178.2	XP_043795074.1	XP_026298741.1	XP_048264943.1
OG0001386	XP_016912800.1	XP_006612088.1	XP_003690987.2	XP_043787775.1	XP_396374.3	XP_048260378.1
OG0001387	XP_061940213.1	XP_006619241.1	XP_086771662.1	XP_043801223.1	XP_006560262.1	XP_012171985.1
OG0001388	XP_016914299.1	XP_006624944.1	XP_003696406.1	XP_043792131.1	XP_003251511.1	XP_012170345.1
OG0001389	XP_016910094.1	XP_031365464.1	XP_086760612.1	XP_043792788.1	XP_394546.3	XP_003395490.1
OG0001390	XP_016916145.1	XP_006620564.1	XP_003697892.1	XP_043786697.1	XP_006561423.1	XP_012173675.2
OG0001391	XP_016907925.1	XP_031365643.1	XP_003692044.1	XP_043798452.1	XP_016770578.1	XP_020721293.1
OG0001392	XP_016913782.1	XP_031367437.1	XP_003698966.2	XP_043791541.1	XP_003249317.1	XP_003400233.1
OG0001393	XP_016916503.1	XP_006616923.1	XP_003690381.1	XP_043789387.1	XP_392513.1	XP_003397937.1
OG0001394	XP_028525680.1	XP_006611931.1	XP_086770187.1	XP_043791162.1	XP_026295499.1	XP_048260046.1
OG0001395	XP_061928633.1	XP_006616265.1	XP_003698838.1	XP_043787961.1	XP_624950.1	XP_048270669.1
OG0001396	XP_016909007.1	XP_006619567.1	XP_086761289.1	XP_043798377.1	XP_006566631.1	XP_003398786.1
OG0001397	XP_016905805.1	XP_006607905.1	XP_012347825.1	XP_043789546.1	XP_003249915.1	XP_003397404.1
OG0001398	XP_016903991.1	XP_006623768.1	XP_086770685.1	XP_043790275.1	XP_026301754.1	XP_003400946.1
OG0001399	XP_016907721.1	XP_006610660.1	XP_012350192.1	XP_043788095.1	XP_623782.1	XP_003398752.1
OG0001400	XP_016913025.1	XP_006613634.1	XP_003696321.1	XP_043792745.1	XP_396142.4	XP_048261981.1
OG0001401	XP_061935958.1	XP_031367686.1	XP_086763247.1	XP_043789303.1	XP_026298663.1	XP_020720008.1
OG0001402	XP_061937887.1	XP_006614103.1	XP_086771683.1	XP_043798522.1	XP_026299414.1	XP_048265855.1
OG0001403	XP_016911537.1	XP_006620759.1	XP_086773764.1	XP_043792023.1	XP_624581.2	XP_012169573.1
OG0001404	XP_061931006.1	XP_006623432.1	XP_003696696.1	XP_043793249.1	XP_026296804.1	XP_020718591.2
OG0001405	XP_061943002.1	XP_031366516.1	XP_003695500.1	XP_043794517.1	XP_624693.1	XP_003392860.1
OG0001406	XP_016919171.1	XP_006616119.1	XP_086768006.1	XP_043794199.1	XP_006571701.2	XP_003393247.1
OG0001407	XP_061938094.1	XP_031367706.1	XP_003691794.3	XP_043798998.1	XP_016770465.2	XP_012169584.1
OG0001408	XP_016910986.1	XP_006611598.1	XP_003698645.1	XP_043795503.1	XP_623456.1	XP_003394334.1
OG0001409	XP_016911930.2	XP_006616547.1	XP_003696795.1	XP_043793006.1	XP_392365.1	XP_003395617.1
OG0001410	XP_061934487.1	XP_006607606.1	XP_003694151.4	XP_043797009.1	XP_001122360.3	XP_020722968.1
OG0001411	XP_016913632.1	XP_006611079.1	XP_012343812.1	XP_043785435.1	XP_001120069.1	XP_003400687.1
OG0001412	XP_016922383.1	XP_006607286.1	XP_003692615.1	XP_043786401.1	XP_006559595.1	XP_012173234.1
OG0001413	XP_016918837.1	XP_006614948.1	XP_003695536.1	XP_043794291.1	XP_624295.4	XP_012167126.3
OG0001414	XP_016912061.1	XP_006619833.1	XP_003698450.1	XP_043794509.1	XP_006564443.2	XP_003398975.2
OG0001415	XP_016907938.2	XP_031365571.1	XP_031774713.2	XP_043798901.1	XP_016770352.2	XP_003398915.2
OG0001416	XP_016905406.1	XP_006607921.1	XP_086773860.1	XP_043789953.1	NP_001157186.1	XP_012167632.1
OG0001417	XP_016907863.1	XP_006614335.1	XP_012339432.1	XP_043799080.1	XP_006566494.1	XP_012169681.1
OG0001418	XP_016910099.2	XP_006614029.1	XP_031774160.1	XP_043793351.1	XP_016767910.1	XP_012164189.1
OG0001419	XP_061936649.1	XP_006612392.1	XP_003692816.1	XP_043791375.1	XP_623893.3	XP_012173939.1
OG0001420	XP_016915148.1	XP_006617238.1	XP_003692527.2	XP_043800384.1	XP_397338.3	XP_048262653.1
OG0001421	XP_016919350.1	XP_006617077.1	XP_031773848.1	XP_043789118.1	XP_006563499.1	XP_048268871.1
OG0001422	XP_016907419.1	XP_006610501.1	XP_086769798.1	XP_043787205.1	XP_026296490.1	XP_003397970.1
OG0001423	XP_061933242.1	XP_006624970.2	XP_086766436.1	XP_043795717.1	XP_006568372.3	XP_048263709.1
OG0001424	XP_016907991.1	XP_006614395.1	XP_012339343.1	XP_043798574.1	XP_624661.1	XP_003399325.1
OG0001425	XP_061941798.1	XP_006617125.1	XP_086774058.1	XP_043788684.1	XP_393165.3	XP_003401282.1
OG0001426	XP_016913545.1	XP_006610999.1	XP_003694984.1	XP_043785798.1	XP_393997.1	XP_003400785.1
OG0001427	XP_016903822.1	XP_006609031.1	XP_003696955.1	XP_043800534.1	XP_001122052.1	XP_012172567.1
OG0001428	XP_016912246.1	XP_031367528.1	XP_003696386.1	XP_043792321.1	XP_016767859.1	XP_003394518.1
OG0001429	XP_016920821.1	XP_006615447.1	XP_012343709.1	XP_043799391.1	XP_006571452.1	XP_003393179.1
OG0001430	XP_061942989.1	XP_006616155.1	XP_003695494.2	XP_043794213.1	XP_006571528.1	XP_003392865.1
OG0001431	XP_016915160.1	XP_006617242.1	XP_012340214.2	XP_043800283.1	XP_006570727.2	XP_012174735.2
OG0001432	XP_016910061.1	XP_006610344.1	XP_003694177.1	XP_043796716.1	XP_006568089.1	XP_048269255.1
OG0001433	XP_016920915.1	XP_006613431.1	XP_003693821.2	XP_043799897.1	XP_396341.3	XP_003402986.1
OG0001434	XP_016914034.1	XP_006622136.2	XP_003696340.4	XP_043793315.1	XP_396003.4	XP_003395400.4
OG0001435	XP_016913475.1	XP_006623803.1	XP_003694278.2	XP_043802905.1	XP_392824.2	XP_012163636.2
OG0001436	XP_016920522.1	XP_006620438.1	XP_012340582.1	XP_043787083.1	XP_006566172.1	XP_003398559.1
OG0001437	XP_016919294.1	XP_006612386.1	XP_012340724.1	XP_043791323.1	XP_026299085.1	XP_020723299.2
OG0001438	XP_016918527.1	XP_006624663.1	XP_003693552.3	XP_043796107.1	XP_006570054.1	XP_003396343.1
OG0001439	XP_016910682.1	XP_006615271.1	XP_003691354.1	XP_043802984.1	XP_001122558.1	XP_012175654.2
OG0001440	XP_016917598.1	XP_006613870.1	XP_086766712.1	XP_043784161.1	XP_396163.2	XP_003398227.1
OG0001441	XP_016911445.1	XP_006620722.1	XP_003692101.1	XP_043792002.1	XP_001121268.2	XP_003401212.1
OG0001442	XP_016903930.1	XP_031369338.1	XP_012349185.1	XP_043795270.1	XP_026295183.1	XP_003402812.1
OG0001443	XP_016905120.1	XP_006613118.1	XP_086758836.1	XP_043795068.1	XP_006561689.2	XP_048264562.1
OG0001444	XP_016906881.1	XP_006623425.1	XP_003696715.1	XP_043792412.1	XP_393357.1	XP_003395840.1
OG0001445	XP_016904004.1	XP_006624935.1	XP_003698340.1	XP_043790290.1	XP_006572119.2	XP_012174520.1
OG0001446	XP_016921270.1	XP_006618110.1	XP_012348228.1	XP_043803557.1	XP_006570843.1	XP_003393089.1
OG0001447	XP_061936156.1	XP_006621322.1	XP_086772390.1	XP_043787173.1	XP_006566071.2	XP_048265206.1
OG0001448	XP_016905467.2	XP_031370573.1	XP_031770871.1	XP_043793549.1	XP_026297050.1	XP_048262672.1
OG0001449	XP_061939742.1	XP_006609431.1	XP_003689901.1	XP_043794868.1	XP_391962.1	XP_003400289.1
OG0001450	XP_016916937.2	XP_006611753.1	XP_012342530.1	XP_043802215.1	XP_006569392.1	XP_012174137.1
OG0001451	XP_016920872.2	XP_031367271.1	XP_012340306.1	XP_043800116.1	XP_624429.2	XP_020723706.1
OG0001452	XP_016919871.1	XP_006608074.1	XP_086761199.1	XP_043792499.1	XP_016767764.1	XP_048261748.1
OG0001453	XP_061933972.1	XP_006607377.1	XP_012340424.3	XP_043786198.1	XP_016769004.1	XP_012175159.3
OG0001454	XP_061931076.1	XP_006613723.1	XP_086760729.1	XP_043793274.1	NP_001229444.1	XP_048261700.1
OG0001455	XP_016909802.1	XP_006617150.1	XP_012345103.3	XP_043788733.1	XP_006563436.1	XP_012172412.1
OG0001456	XP_061928291.1	XP_006608387.1	XP_086765903.1	XP_043788360.1	XP_026295298.1	XP_020724265.1
OG0001457	XP_061938995.1	XP_006612069.1	XP_012344124.1	XP_043804266.1	XP_006565323.1	XP_003399823.1
OG0001458	XP_016919889.1	XP_006617376.1	XP_003695065.1	XP_043797745.1	XP_003249169.1	XP_003400190.1
OG0001459	XP_016912177.1	XP_031366728.1	XP_031774320.2	XP_043793344.1	XP_026296611.1	XP_012163985.1
OG0001460	XP_061927487.1	XP_006624573.1	XP_003693505.1	XP_043796195.1	XP_016770942.2	XP_012165248.1
OG0001461	XP_061943044.1	XP_031366511.1	XP_012344561.3	XP_043794113.1	XP_026298830.1	XP_003393251.2
OG0001462	XP_016911335.1	XP_006609780.1	XP_086765799.1	XP_043788355.1	XP_001120712.2	XP_012176335.1
OG0001463	XP_028523804.1	XP_006620514.2	XP_012347930.1	XP_043786671.1	XP_026301578.1	XP_048270040.1
OG0001464	XP_061935013.1	XP_006614997.1	XP_086761843.1	XP_043797235.1	XP_006569870.1	XP_048264470.1
OG0001465	XP_016919058.1	XP_006616127.1	XP_086767965.1	XP_043794595.1	XP_026301944.1	XP_003393260.1
OG0001466	XP_016916498.1	XP_006608605.1	XP_086759872.1	XP_043789560.1	XP_006567414.2	XP_012167025.1
OG0001467	XP_016919624.1	XP_006607765.1	XP_003698978.1	XP_043797499.1	XP_623623.2	XP_003397263.2
OG0001468	XP_061943035.1	XP_031366515.1	XP_003695621.1	XP_043794356.1	XP_001119904.4	XP_048265277.1
OG0001469	XP_028520763.2	XP_006620377.1	XP_086767273.1	XP_043799906.1	XP_623076.2	XP_003397451.1
OG0001470	XP_016920711.1	XP_031368065.1	XP_012343863.1	XP_043801160.1	NP_001138311.1	XP_012171902.2
OG0001471	XP_016912707.1	XP_031368883.1	XP_012350555.1	XP_043787899.1	XP_016766829.1	XP_048260255.1
OG0001472	XP_016910225.1	XP_006613987.1	XP_086760589.1	XP_043792764.1	XP_392359.2	XP_003395501.1
OG0001473	XP_061935472.1	XP_006620969.1	XP_086759305.1	XP_043801678.1	XP_006559979.1	XP_048264593.1
OG0001474	XP_016917475.2	XP_006614878.1	XP_003691031.3	XP_043803177.1	XP_396321.3	XP_012174690.2
OG0001475	XP_016916225.1	XP_031365981.1	XP_086772317.1	XP_043798042.1	XP_001122652.2	XP_003402126.1
OG0001476	XP_016909534.1	XP_006619760.1	XP_012343276.2	XP_043802054.1	XP_006567310.1	XP_003402401.1
OG0001477	XP_016922343.1	XP_006607225.1	XP_003692592.2	XP_043786278.1	XP_006559649.1	XP_048263907.1
OG0001478	XP_016907139.1	XP_006610273.1	XP_003689654.1	XP_043788218.1	XP_392660.2	XP_003395195.1
OG0001479	XP_016918260.1	XP_006608816.1	XP_086763408.1	XP_043800671.1	XP_393300.2	XP_003395957.1
OG0001480	XP_061931906.1	XP_006618850.1	XP_003689718.1	XP_043793540.1	XP_392814.2	XP_003395978.1
OG0001481	XP_016908419.1	XP_006624694.1	XP_003697823.1	XP_043795791.1	XP_623672.1	XP_003400906.2
OG0001482	XP_016913825.1	XP_006609567.1	XP_003690865.1	XP_043795013.1	XP_393315.2	XP_003400274.1
OG0001483	XP_016919709.1	XP_006607767.1	XP_086764129.1	XP_043797537.1	XP_026297640.1	XP_003397279.1
OG0001484	XP_016914485.1	XP_006618672.1	XP_086766175.1	XP_043795765.1	XP_006565530.1	XP_012165098.1
OG0001485	XP_016916259.1	XP_006620537.1	XP_003697899.1	XP_043786612.1	XP_623832.1	XP_003402135.1
OG0001486	XP_061930863.1	XP_006616572.1	XP_012345850.1	XP_043792917.1	XP_624758.3	XP_048262169.1
OG0001487	XP_016919805.1	XP_006613179.1	XP_086769345.1	XP_043788648.1	XP_006568187.1	XP_003396742.1
OG0001488	XP_016908167.2	XP_006612924.1	XP_003691475.1	XP_043799654.1	XP_006559728.2	XP_003397164.1
OG0001489	XP_016906710.1	XP_006616637.2	XP_012345988.2	XP_043792550.1	XP_006564808.1	XP_012163995.1
OG0001490	XP_016922001.1	XP_031365085.1	XP_003697759.2	XP_043795052.1	XP_016769531.2	XP_003397583.2
OG0001491	XP_061928377.1	XP_031371094.1	XP_086765730.1	XP_043788331.1	XP_026295572.1	XP_012175978.2
OG0001492	XP_016906709.1	XP_006616560.1	XP_086760914.1	XP_043792553.1	XP_393196.4	XP_003395546.2
OG0001493	XP_016903751.1	XP_006613114.1	XP_003697714.1	XP_043795024.1	XP_001119951.1	XP_003397959.1
OG0001494	XP_028519832.1	XP_006611514.1	XP_012347188.2	XP_043793775.1	XP_026300889.1	XP_003400494.3
OG0001495	XP_016917228.1	XP_006615102.1	XP_086765098.1	XP_043785892.1	XP_006564948.2	XP_012171534.1
OG0001496	XP_016906697.1	XP_006613701.1	XP_003696679.2	XP_043793292.1	XP_392368.1	XP_020718963.1
OG0001497	XP_016917413.1	XP_006608148.1	XP_003692086.1	XP_043789129.1	NP_001257760.1	XP_003401182.2
OG0001498	XP_016917381.1	XP_006608149.1	XP_086758664.1	XP_043788816.1	NP_001257761.1	XP_012172095.1
OG0001499	XP_016904407.2	XP_031364602.1	XP_031775311.2	XP_043789341.1	NP_001257752.1	XP_048264692.1
OG0001500	XP_061932080.1	XP_006612666.1	XP_003692319.1	XP_043784362.1	NP_001257753.1	XP_003403303.1
OG0001501	XP_061928128.1	XP_006621235.1	XP_012346740.1	XP_043784735.1	NP_001257742.1	XP_012172264.1
OG0001502	XP_016912407.1	XP_006609271.1	XP_012345279.1	XP_043790704.1	NP_001257755.1	XP_048268881.1
OG0001503	XP_016908048.1	XP_006621229.1	XP_012346774.1	XP_043784725.1	NP_001257756.1	XP_003393655.1
OG0001504	XP_016908050.2	XP_006621230.1	XP_086764478.1	XP_043784721.1	NP_001257757.1	XP_003393657.1
OG0001505	XP_016914231.1	XP_006614720.1	XP_086760206.1	XP_043802014.1	NP_001161365.1	XP_003395021.2
OG0001506	XP_016908049.2	XP_006621231.1	XP_003697181.1	XP_043784717.1	NP_001257744.1	XP_003393656.2
OG0001507	XP_061926941.1	XP_006621232.1	XP_012346807.1	XP_043784729.1	NP_001257743.1	XP_012172250.1
OG0001508	XP_016914201.2	XP_031365786.1	XP_003694581.1	XP_043801724.1	NP_001257758.1	XP_003395018.1
OG0001509	XP_016912956.1	XP_006612672.1	XP_003692317.1	XP_043784358.1	NP_001257759.1	XP_012175318.1
OG0001510	XP_016919565.1	XP_031370306.1	XP_003698116.2	XP_043790160.1	NP_001257748.1	XP_020721313.2
OG0001511	XP_016905711.1	XP_006624844.1	XP_003691172.1	XP_043797954.1	NP_001257750.1	XP_003399852.3
OG0001512	XP_016908177.1	XP_006612922.1	XP_086773395.1	XP_043799660.1	NP_001257751.1	XP_048264010.1
OG0001513	XP_016911712.1	XP_006621814.1	XP_086771546.1	XP_043788522.1	XP_624382.3	XP_003393618.1
OG0001514	XP_016910092.1	XP_006613635.1	XP_003696322.1	XP_043792767.1	XP_006561140.1	XP_003395491.1
OG0001515	XP_061931319.1	XP_006622929.2	XP_086772957.1	XP_043803753.1	XP_394948.6	XP_003393051.4
OG0001516	XP_016913983.1	XP_006612019.1	XP_086763679.1	XP_043804168.1	XP_026300272.1	XP_003399704.1
OG0001517	XP_016911179.1	XP_006607408.1	XP_012344339.1	XP_043786092.1	XP_001121491.2	XP_012174992.3
OG0001518	XP_016910480.1	XP_031366060.1	XP_031770788.2	XP_043803321.1	XP_006565931.3	XP_012175629.2
OG0001519	XP_016911628.1	XP_031367363.1	XP_086762603.1	XP_043789849.1	XP_016769479.1	XP_012167562.1
OG0001520	XP_016911397.2	XP_006618829.1	XP_031775823.2	XP_043789862.1	XP_026298722.1	XP_012167519.1
OG0001521	XP_016914015.2	XP_006615712.2	XP_012344078.1	XP_043804208.1	XP_006565297.2	XP_012170487.3
OG0001522	XP_016914021.1	XP_006612066.1	XP_086763720.1	XP_043803977.1	XP_006565324.1	XP_003399827.1
OG0001523	XP_016920629.1	XP_006620490.1	XP_012340629.1	XP_043787343.1	XP_006566141.1	XP_003398536.1
OG0001524	XP_016909623.2	XP_006607136.1	XP_003694507.1	XP_043794701.1	XP_026300612.1	XP_012170780.2
OG0001525	XP_016915923.1	XP_006609638.1	XP_003692703.1	XP_043794825.1	XP_391971.1	XP_003400089.1
OG0001526	XP_016920181.1	XP_006618295.1	XP_003696927.1	XP_043802450.1	NP_001071278.1	XP_003393718.1
OG0001527	XP_016921085.1	XP_006607393.1	XP_003692588.1	XP_043786337.1	NP_001229926.1	XP_003403165.1
OG0001528	XP_016920766.1	XP_006619295.1	XP_003690112.1	XP_043801187.1	NP_001229386.1	XP_012171808.1
OG0001529	XP_016907887.1	XP_006614303.1	XP_086771707.1	XP_043799151.1	XP_016770251.2	XP_003399357.2
OG0001530	XP_061937478.1	XP_031367601.1	XP_086768552.1	XP_043790223.1	XP_026299330.1	XP_048265764.1
OG0001531	XP_061939890.1	XP_031371078.1	XP_086770545.1	XP_043794929.1	XP_026300363.1	XP_048267557.1
OG0001532	XP_016904721.1	XP_006612487.1	XP_003693801.1	XP_043791025.1	XP_395981.2	XP_012168131.1
OG0001533	XP_016919630.1	XP_006607735.1	XP_086764138.1	XP_043797569.1	XP_006559216.1	XP_012166469.1
OG0001534	XP_061929668.1	XP_031366470.1	XP_086759435.1	XP_043788243.1	XP_026295739.1	XP_020718422.1
OG0001535	XP_016921880.1	XP_031365699.1	XP_086763609.1	XP_043803846.1	XP_006562323.1	XP_012169926.2
OG0001536	XP_016904205.2	XP_031371306.1	XP_003695917.2	XP_043793915.1	XP_006558167.2	XP_048268458.1
OG0001537	XP_061935610.1	XP_006625119.1	XP_031775711.1	XP_043789783.1	XP_006567481.2	XP_003397854.1
OG0001538	XP_016911452.1	XP_031364667.1	XP_086758598.1	XP_043788990.1	XP_016772146.2	XP_012172001.2
OG0001539	XP_016903846.1	XP_006609012.1	XP_086763081.1	XP_043798542.1	XP_016766313.1	XP_020723143.1
OG0001540	XP_016921468.1	XP_006612229.1	XP_003691752.1	XP_043784924.1	XP_624307.2	XP_003394977.1
OG0001541	XP_016922277.1	XP_031364521.1	XP_003693425.2	XP_043791145.1	XP_016772817.1	XP_003394115.1
OG0001542	XP_028521327.1	XP_006614462.1	XP_012347617.1	XP_043786434.1	XP_026302152.1	XP_048270274.1
OG0001543	XP_016914768.1	XP_006618687.1	XP_003692954.1	XP_043795644.1	XP_006565549.1	XP_012165660.1
OG0001544	XP_016920688.1	XP_006607360.2	XP_012340369.2	XP_043786410.1	XP_006559569.1	XP_003403200.1
OG0001545	XP_061941248.1	XP_006611473.1	XP_003697450.4	XP_043793712.1	XP_397413.3	XP_003400538.1
OG0001546	XP_061930845.1	XP_006616568.1	XP_086760895.1	XP_043792912.1	XP_026296729.1	XP_048261838.1
OG0001547	XP_061939684.1	XP_006609444.1	XP_003689893.2	XP_043794870.1	XP_026300619.1	XP_003400300.2
OG0001548	XP_061941450.1	XP_006609152.1	XP_003695932.4	XP_043790889.1	XP_393409.2	XP_003401510.1
OG0001549	XP_061936871.1	XP_006612473.1	XP_086766745.1	XP_043791015.1	XP_026299056.1	XP_012168146.1
OG0001550	XP_016911777.1	XP_006611389.1	XP_003696218.2	XP_043792674.1	XP_006564240.1	XP_003395451.2
OG0001551	XP_016904256.1	XP_006607860.1	XP_086772226.1	XP_043789423.1	XP_006561777.1	XP_012167602.1
OG0001552	XP_061927641.1	XP_006620688.1	XP_012346519.1	XP_043797435.1	XP_392611.4	XP_003402634.1
OG0001553	XP_016917536.1	XP_006613887.1	XP_012339052.1	XP_043784260.1	XP_006562870.1	XP_012167878.1
OG0001554	XP_061932261.1	XP_006618091.1	XP_003697949.1	XP_043803682.1	XP_395448.3	XP_003393104.2
OG0001555	XP_016914327.1	XP_006620934.1	XP_003692414.1	XP_043800417.1	XP_397316.1	XP_048261241.1
OG0001556	XP_016909056.1	XP_006619555.1	XP_003691818.3	XP_043798845.1	XP_006566661.1	XP_003398727.1
OG0001557	XP_016921145.1	XP_006610229.1	XP_086759387.1	XP_043788096.1	NP_001035353.1	XP_003400433.1
OG0001558	XP_016915393.1	XP_006624152.1	XP_086765256.1	XP_043785838.1	XP_001123003.1	XP_003400393.1
OG0001559	XP_016914156.1	XP_006614749.1	XP_003694588.1	XP_043802171.1	XP_001121747.1	XP_048260879.1
OG0001560	XP_061930465.1	XP_006611744.1	XP_086759821.1	XP_043802004.1	XP_001121010.1	XP_012174142.1
OG0001561	XP_016921993.1	XP_006619383.1	XP_003694118.1	XP_043796844.1	XP_006564658.1	XP_003401716.1
OG0001562	XP_028520625.1	XP_006608421.1	XP_003698728.1	XP_043788324.1	XP_395623.2	XP_012176386.1
OG0001563	XP_061928345.1	XP_031368258.1	XP_012349363.2	XP_043788478.1	XP_006559762.2	XP_012176382.1
OG0001564	XP_061934489.1	XP_006607620.1	XP_086762048.1	XP_043796921.1	XP_625000.3	XP_003401634.3
OG0001565	XP_061938855.1	XP_006615638.1	XP_012348487.2	XP_043804226.1	XP_006565247.2	XP_003399889.1
OG0001566	XP_016915122.1	XP_006617231.1	XP_003692526.1	XP_043800353.1	XP_001120478.2	XP_003402972.2
OG0001567	XP_016914892.1	XP_031369038.1	XP_012347000.1	XP_043787177.1	XP_006566088.1	XP_048265208.1
OG0001568	XP_016919121.1	XP_006616152.1	XP_003695487.1	XP_043794215.1	XP_392973.4	XP_012166347.1
OG0001569	XP_016921255.1	XP_006612201.1	XP_003691742.2	XP_043784993.1	XP_623316.3	XP_003395102.1
OG0001570	XP_016904750.1	XP_006623494.1	XP_003692212.1	XP_043799236.1	XP_396943.1	XP_003393140.1
OG0001571	XP_016917603.1	XP_006616090.1	XP_003691610.3	XP_043784214.1	XP_026298906.1	XP_003398465.1
OG0001572	XP_016914242.1	XP_006620789.1	XP_003691328.2	XP_043803147.1	NP_001229443.1	XP_003394087.3
OG0001573	XP_016918744.1	XP_006614204.1	XP_003690923.1	XP_043803731.1	XP_393560.4	XP_003394133.2
OG0001574	XP_016913474.1	XP_006623802.1	XP_003694276.1	XP_043802859.1	XP_624906.2	XP_003395173.1
OG0001575	XP_016908002.1	XP_006614135.1	XP_012346877.1	XP_043799202.1	XP_006566404.2	XP_003398908.1
OG0001576	XP_016912694.1	XP_006617561.1	XP_086765452.1	XP_043787679.1	XP_006564021.2	XP_048260209.1
OG0001577	XP_016908590.1	XP_006621420.1	XP_003693255.1	XP_043798472.1	NP_001161897.1	XP_003398675.1
OG0001578	XP_016912976.1	XP_006612698.1	XP_003692313.1	XP_043784366.1	XP_026297233.1	XP_003396102.1
OG0001579	XP_016919740.1	XP_006624502.1	XP_003695282.1	XP_043801623.1	XP_396015.2	XP_048263444.1
OG0001580	XP_061935993.1	XP_006624064.1	XP_003695720.1	XP_043798057.1	XP_026299072.1	XP_012168212.1
OG0001581	XP_016914239.1	XP_006611854.1	XP_003689979.1	XP_043801809.1	XP_395913.3	XP_003402487.1
OG0001582	XP_016909616.2	XP_031368003.1	XP_003694502.1	XP_043794700.1	XP_392754.3	XP_003400054.1
OG0001583	XP_061929640.1	XP_006612275.1	XP_012349964.1	XP_043788193.1	XP_003249699.1	XP_003394960.1
OG0001584	XP_061935438.1	XP_006610164.1	XP_031775481.2	XP_043789870.1	XP_003249947.3	XP_012167399.1
OG0001585	XP_016913455.2	XP_031370089.1	XP_086759536.1	XP_043802913.1	XP_026295898.1	XP_003395266.3
OG0001586	XP_028524965.1	XP_006622318.1	XP_031774430.2	XP_043798394.1	XP_026302271.1	XP_048268133.1
OG0001587	XP_016909129.1	XP_006618506.1	XP_086761356.1	XP_043798530.1	XP_391867.3	XP_003399400.1
OG0001588	XP_016906861.1	XP_031369203.1	XP_012341215.2	XP_043798889.1	XP_026299903.1	XP_012169730.1
OG0001589	XP_016904989.1	XP_031367956.1	XP_086766088.1	XP_043800526.1	XP_392464.3	XP_003403254.1
OG0001590	XP_016904356.1	XP_006613344.1	XP_086769709.1	XP_043792930.1	XP_623111.3	XP_012174189.1
OG0001591	XP_061938029.1	XP_006614373.1	XP_003691776.1	XP_043798633.1	XP_391859.1	XP_003399333.1
OG0001592	XP_016922906.1	XP_006625213.1	XP_031774922.2	XP_043793678.1	XP_026300805.1	XP_012171292.1
OG0001593	XP_061927024.1	XP_006620790.1	XP_012351065.2	XP_043803041.1	XP_026302168.1	XP_048269203.1
OG0001594	XP_016920836.1	XP_006615454.1	XP_086768280.1	XP_043799411.1	XP_392114.1	XP_003393185.1
OG0001595	XP_061933789.1	XP_031369553.1	XP_086771668.1	XP_043801378.1	XP_016768968.1	XP_048264013.1
OG0001596	XP_016917870.1	XP_006608643.1	XP_003689808.1	XP_043802768.1	NP_001229396.1	XP_003395340.1
OG0001597	XP_016908896.1	XP_006619546.1	XP_003691824.2	XP_043798582.1	XP_003250876.2	XP_020721196.1
OG0001598	XP_016913399.1	XP_006624992.1	XP_086765009.1	XP_043784408.1	XP_001122640.1	XP_003396955.1
OG0001599	XP_016921429.1	XP_006610087.1	XP_003690308.1	XP_043789407.1	XP_001122344.1	XP_020720112.1
OG0001600	XP_061928461.1	XP_006624354.1	XP_003693568.1	XP_043796349.1	XP_016770123.1	XP_003396369.1
OG0001601	XP_016915861.1	XP_006609594.1	XP_086770465.1	XP_043794826.1	XP_006560483.2	XP_003400075.1
OG0001602	XP_061928201.1	XP_031364407.1	XP_086769945.1	XP_043795379.1	XP_397251.4	XP_003394293.3
OG0001603	XP_061941331.1	XP_006617591.1	XP_003696139.1	XP_043790613.1	XP_006557994.1	XP_003401424.1
OG0001604	XP_016907453.1	XP_006621458.1	XP_012341366.2	XP_043799030.1	XP_006570473.1	XP_003398797.1
OG0001605	XP_016910888.1	XP_006611650.1	XP_012349040.1	XP_043795423.1	XP_006558475.1	XP_012176145.1
OG0001606	XP_016917593.1	XP_006613867.1	XP_003691653.1	XP_043784255.1	XP_623216.3	XP_012167897.1
OG0001607	XP_016910230.1	XP_006613980.1	XP_003696283.1	XP_043792156.1	XP_006562189.1	XP_003395522.1
OG0001608	XP_061940616.1	XP_006611093.1	XP_086765382.1	XP_043785943.1	XP_016771510.2	XP_003400562.1
OG0001609	XP_016916644.1	XP_006616679.1	XP_003694411.1	XP_043785548.1	XP_396520.4	XP_003400894.1
OG0001610	XP_016909514.1	XP_006620183.1	XP_086771117.1	XP_043791711.1	XP_006572010.1	XP_012173368.1
OG0001611	XP_016911921.2	XP_006611464.1	XP_003696268.2	XP_043793469.1	XP_395865.5	XP_003395373.1
OG0001612	XP_016905819.1	XP_006613825.1	XP_003693898.1	XP_043801027.1	XP_006565422.1	XP_003396051.1
OG0001613	XP_016917220.1	XP_006621783.1	XP_086765097.1	XP_043785860.1	XP_392027.1	XP_048267855.1
OG0001614	XP_016907515.1	XP_006614055.1	XP_003690586.2	XP_043792902.1	XP_394233.5	XP_012167712.1
OG0001615	XP_061927167.1	XP_031369448.1	XP_086762960.1	XP_043801248.1	XP_016766188.2	XP_048270420.1
OG0001616	XP_061936991.1	XP_031365448.1	XP_086766732.1	XP_043784178.1	XP_624526.2	XP_003398213.1
OG0001617	XP_028519923.1	XP_006613922.1	XP_086769927.1	XP_043787310.1	XP_026299235.1	XP_003398174.1
OG0001618	XP_016915193.1	XP_006617251.1	XP_003692515.1	XP_043800419.1	XP_006570737.1	XP_012174721.1
OG0001619	XP_016913391.1	XP_006615051.1	XP_086764667.1	XP_043784685.1	XP_391930.1	XP_012165455.1
OG0001620	XP_016917110.1	XP_006620981.1	XP_003699036.2	XP_043801677.1	XP_006559976.1	XP_003397729.2
OG0001621	XP_016906501.1	XP_006624540.1	XP_086759100.1	XP_043801634.1	XP_395851.2	XP_012166081.1
OG0001622	XP_016920783.1	XP_006621252.1	XP_003697462.1	XP_043790039.1	XP_001120950.1	XP_003400934.1
OG0001623	XP_028523904.1	XP_006624725.1	XP_031773753.1	XP_043790354.1	XP_006558304.1	XP_012172564.2
OG0001624	XP_016903924.1	XP_006619137.1	XP_003698539.1	XP_043786969.1	XP_392644.3	XP_003398268.1
OG0001625	XP_016909044.1	XP_006619624.1	XP_003691812.3	XP_043798735.1	XP_016770709.1	XP_012169808.1
OG0001626	XP_016916777.1	XP_006609112.1	XP_012345269.2	XP_043790455.1	XP_026301468.1	XP_048268851.1
OG0001627	XP_016909195.1	XP_006619541.1	XP_086761684.1	XP_043798149.1	XP_625092.3	XP_003399042.1
OG0001628	XP_016914097.1	XP_006612018.1	XP_003695266.1	XP_043803956.1	XP_393867.2	XP_003399706.1
OG0001629	XP_016913115.1	XP_006623321.2	XP_003696356.2	XP_043793190.1	XP_394599.3	XP_012164134.2
OG0001630	XP_016913372.2	XP_006621915.1	XP_086769427.1	XP_043784483.1	XP_393779.1	XP_003396764.1
OG0001631	XP_016905527.1	XP_031370121.1	XP_086771658.1	XP_043801391.1	XP_394713.3	XP_048264175.1
OG0001632	XP_016908182.1	XP_006618568.1	XP_003691493.2	XP_043799576.1	XP_623492.4	XP_048263889.1
OG0001633	XP_016916444.2	XP_006608595.1	XP_003690284.2	XP_043789829.1	XP_001120061.2	XP_012167433.1
OG0001634	XP_016904196.1	XP_006610209.1	XP_012345144.3	XP_043793921.1	XP_003249262.1	XP_003401439.1
OG0001635	XP_016917350.1	XP_006623526.1	XP_086767353.1	XP_043800066.1	XP_026297057.1	XP_012164782.1
OG0001636	XP_016904127.1	XP_006607510.1	XP_003693294.1	XP_043797024.1	XP_395548.2	XP_003403068.1
OG0001637	XP_016918961.2	XP_006608322.1	XP_003695662.1	XP_043794429.1	XP_396701.3	XP_012164439.1
OG0001638	XP_016906696.1	XP_006613693.1	XP_012346113.2	XP_043793303.1	NP_001171538.1	XP_012164260.1
OG0001639	XP_016916658.2	XP_031366777.1	XP_031772874.1	XP_043785532.1	XP_006563059.1	XP_012171667.1
OG0001640	XP_016914524.1	XP_006615403.1	XP_003693064.1	XP_043784012.1	XP_624508.1	XP_003396576.1
OG0001641	XP_061943389.1	XP_006615522.1	XP_003693482.1	XP_043784819.1	XP_006568665.1	XP_003396598.2
OG0001642	XP_061935728.1	XP_031369178.1	XP_012346565.1	XP_043789572.1	XP_006567403.1	XP_003397507.1
OG0001643	XP_016907004.1	XP_006625184.1	XP_031775438.2	XP_043801556.1	XP_026299531.1	XP_003398855.1
OG0001644	XP_016917457.1	XP_031369401.1	XP_003691022.2	XP_043784280.1	NP_001165849.1	XP_003394170.1
OG0001645	XP_016918707.1	XP_006614182.1	XP_086764394.1	XP_043803015.1	NP_001165850.1	XP_003394130.1
OG0001646	XP_061937067.1	XP_031367734.1	XP_086771382.1	XP_043785028.1	XP_006560833.2	XP_012168033.1
OG0001647	NP_001352150.1	XP_031369360.1	NP_001351669.1	XP_043797121.1	XP_006569769.1	XP_012173161.2
OG0001648	XP_016910779.1	XP_006622596.1	XP_003695086.1	XP_043797765.1	XP_001122709.2	XP_003394734.1
OG0001649	XP_016914200.1	XP_006614725.1	XP_086760204.1	XP_043801722.1	XP_026296145.1	XP_003395016.1
OG0001650	XP_016918437.1	XP_006623085.1	XP_086768823.1	XP_043796152.1	XP_624522.1	XP_003396927.1
OG0001651	XP_061932430.1	XP_006623541.1	XP_086767395.1	XP_043799995.1	XP_016768234.1	XP_048262435.1
OG0001652	XP_016915300.1	XP_006610812.1	XP_003690115.1	XP_043789177.1	XP_006563220.1	XP_012170164.1
OG0001653	XP_061929755.1	XP_006615932.1	XP_086759403.1	XP_043788235.1	XP_016767413.2	XP_048265918.1
OG0001654	XP_016908174.1	XP_006613006.1	XP_086773391.1	XP_043799493.1	XP_003250132.2	XP_012166277.1
OG0001655	XP_061928789.1	XP_006612600.1	XP_012341958.1	XP_043796269.1	XP_006570109.1	XP_012165388.1
OG0001656	XP_016906609.1	XP_006622893.1	XP_012338767.1	XP_043803166.1	XP_394353.3	XP_048267559.1
OG0001657	XP_061926893.1	XP_031364742.1	XP_086762764.1	XP_043802621.1	XP_006568921.1	XP_048266453.1
OG0001658	XP_061943034.1	XP_006616128.1	XP_003695477.1	XP_043794365.1	NP_001012981.1	XP_003393262.2
OG0001659	XP_016920488.1	XP_006621964.1	XP_086768939.1	XP_043791646.1	NP_001137393.1	XP_012168758.2
OG0001660	XP_016914365.1	XP_031368875.1	XP_003692417.1	XP_043800400.1	XP_395332.2	XP_003394781.1
OG0001661	XP_061941586.1	XP_006609265.1	XP_086774039.1	XP_043790631.1	XP_624453.1	XP_003401553.1
OG0001662	XP_028523672.1	XP_006622762.1	XP_086772234.1	XP_043797837.1	XP_006557795.1	XP_003402210.1
OG0001663	XP_016922485.1	XP_006609943.1	XP_003697730.1	XP_043795134.1	XP_623321.1	XP_012167161.1
OG0001664	XP_061933446.1	XP_006619352.1	XP_003690179.1	XP_043784273.1	XP_006557697.1	XP_048263962.1
OG0001665	XP_061938832.1	XP_006615592.1	XP_086763867.1	XP_043803815.1	XP_006565218.1	XP_003399507.1
OG0001666	XP_016913911.1	XP_006615719.2	XP_003698213.2	XP_043804049.1	XP_624708.2	XP_003399506.1
OG0001667	XP_016916290.1	XP_031365990.1	XP_031776514.1	XP_043797923.1	XP_006557829.1	XP_012173614.1
OG0001668	XP_016911045.1	XP_006623728.1	XP_003698275.2	XP_043792059.1	XP_006558699.1	XP_012166535.1
OG0001669	XP_016911039.1	XP_006618759.1	XP_003698692.1	XP_043795292.1	XP_006558448.1	XP_012176117.1
OG0001670	XP_016916200.1	XP_006625043.1	XP_086772227.1	XP_043798032.1	XP_006557802.1	XP_003402217.1
OG0001671	XP_016912701.1	XP_006617558.1	XP_003698864.2	XP_043787591.1	XP_006564028.1	XP_012176546.1
OG0001672	XP_016913312.2	XP_006622115.1	XP_003696426.2	XP_043792448.1	XP_016767737.2	XP_003395781.1
OG0001673	XP_016921415.2	XP_031364649.1	XP_012339182.2	XP_043784988.1	XP_006558731.2	XP_020718490.2
OG0001674	XP_061941004.1	XP_006624150.1	XP_012343624.1	XP_043785913.1	XP_006565704.1	XP_020722014.1
OG0001675	XP_016913623.1	XP_006611105.1	XP_012343801.1	XP_043785392.1	XP_026300900.1	XP_003400569.1
OG0001676	XP_061938245.1	XP_006619489.1	XP_012339583.1	XP_043799019.1	XP_006566717.1	XP_048265826.1
OG0001677	XP_016915491.1	XP_006607832.1	XP_003690323.1	XP_043789422.1	XP_392800.3	XP_003397436.1
OG0001678	XP_016920429.1	XP_031367574.1	XP_031774560.1	XP_043797362.1	XP_623958.2	XP_003393714.2
OG0001679	XP_061938555.1	XP_031369158.1	XP_086761403.1	XP_043798768.1	XP_026299512.1	XP_012168654.2
OG0001680	XP_016905903.1	XP_006613829.1	XP_003693897.3	XP_043800970.1	XP_006565424.1	XP_012164882.1
OG0001681	XP_016914746.1	XP_031366017.1	XP_031771320.2	XP_043799065.1	XP_016770657.1	XP_048266422.1
OG0001682	XP_016911582.1	XP_006621825.1	XP_003691104.1	XP_043788540.1	XP_395475.2	XP_003393617.1
OG0001683	XP_016908284.1	XP_006612968.1	XP_012338868.1	XP_043799588.1	XP_396634.2	XP_012166305.1
OG0001684	XP_016905929.1	XP_006610108.1	XP_086760585.1	XP_043789320.1	XP_016769674.2	XP_003397771.1
OG0001685	XP_016915971.1	XP_006615099.1	XP_003691178.1	XP_043797900.1	XP_006557807.1	XP_003402108.1
OG0001686	XP_016909679.1	XP_006609688.1	XP_003692696.2	XP_043794804.1	XP_393939.3	XP_003400032.1
OG0001687	XP_061930603.1	XP_006614008.1	XP_003696306.1	XP_043792839.1	XP_394536.1	XP_003395699.1
OG0001688	XP_061934924.1	XP_006608708.1	XP_031772185.2	XP_043796880.1	XP_623094.2	XP_003401796.1
OG0001689	XP_016919932.1	XP_006617408.1	XP_012343956.3	XP_043797720.1	XP_393885.1	XP_003400174.1
OG0001690	XP_061937436.1	XP_031370328.1	XP_031772401.2	XP_043801422.1	XP_026299554.1	XP_048263523.1
OG0001691	XP_016917120.1	XP_006617030.1	XP_086770900.1	XP_043784604.1	XP_001119928.2	XP_003397349.2
OG0001692	XP_016920317.1	XP_006622320.1	XP_003696840.1	XP_043797394.1	XP_003251298.1	XP_003393779.1
OG0001693	XP_016906504.1	XP_006624543.1	XP_086759098.1	XP_043801632.1	NP_001265262.1	XP_003396921.2
OG0001694	XP_016916223.1	XP_006611260.1	XP_086772161.1	XP_043786659.1	XP_016772392.1	XP_003399611.1
OG0001695	XP_016905816.1	XP_006613798.1	XP_003693886.1	XP_043800988.1	XP_394641.3	XP_003396062.1
OG0001696	XP_016917910.1	XP_006618804.1	XP_086772024.1	XP_043802718.1	XP_026296620.1	XP_003395414.1
OG0001697	XP_061929360.1	XP_006614767.1	XP_003698815.1	XP_043795320.1	XP_396930.1	XP_012176245.1
OG0001698	XP_016919260.1	XP_006612971.1	XP_003692897.1	XP_043791397.1	NP_001170961.1	XP_003394648.1
OG0001699	XP_016912391.1	XP_006609229.1	XP_012345020.1	XP_043790595.1	XP_026301307.1	XP_048268417.1
OG0001700	XP_016920730.1	XP_006619265.1	XP_086764739.1	XP_043801202.1	XP_006560273.1	XP_012171784.1
OG0001701	XP_061932185.1	XP_006618100.1	XP_086773045.1	XP_043803555.1	XP_006570847.3	XP_012164033.1
OG0001702	XP_016922543.1	XP_006610161.1	XP_086761359.1	XP_043790010.1	XP_006561912.1	XP_012167392.1
OG0001703	XP_016913004.1	XP_031364829.1	XP_012339989.1	XP_043784343.1	XP_006561339.1	XP_003402316.1
OG0001704	XP_016905272.1	XP_006609439.1	XP_086770418.1	XP_043795015.1	XP_391963.3	XP_003400294.1
OG0001705	XP_061933683.1	XP_006620088.1	XP_012344204.1	XP_043794629.1	XP_016768748.1	XP_048264104.1
OG0001706	XP_016917126.1	XP_006608261.1	XP_012339738.1	XP_043788964.1	XP_026301419.1	XP_048268345.1
OG0001707	XP_016912931.1	XP_006608534.1	XP_086765957.1	XP_043787772.1	XP_395729.3	XP_003394704.1
OG0001708	XP_016915862.2	XP_006616034.1	XP_012349540.1	XP_043788153.1	XP_006560650.1	XP_012163494.1
OG0001709	XP_016921285.1	XP_006621130.1	XP_003698043.2	XP_043803386.1	XP_392127.1	XP_012168250.1
OG0001710	XP_061938131.1	XP_006619634.1	XP_086761309.1	XP_043799012.1	XP_026299371.1	XP_012169801.1
OG0001711	XP_016914885.1	XP_006622614.1	XP_086772361.1	XP_043787208.1	XP_006566101.1	XP_048265154.1
OG0001712	XP_016912679.1	XP_006616271.1	XP_003698842.1	XP_043787618.1	XP_624918.2	XP_003394616.1
OG0001713	XP_061937375.1	XP_031370417.1	XP_086771016.1	XP_043784379.1	XP_006559062.1	XP_048263275.1
OG0001714	XP_016904566.1	XP_006616977.1	XP_086768368.1	XP_043799279.1	XP_392117.2	XP_048270727.1
OG0001715	XP_016908132.2	XP_006621508.1	XP_086761465.1	XP_043798178.1	XP_006570423.3	XP_020720984.2
OG0001716	XP_061930710.1	XP_006611472.2	XP_086761060.1	XP_043793206.1	XP_026296821.1	XP_003395423.1
OG0001717	XP_028520224.2	XP_031364758.1	XP_086766771.1	XP_043791060.1	XP_026299028.1	XP_003398401.2
OG0001718	XP_016913524.1	XP_006610972.1	XP_003694380.1	XP_043785674.1	XP_026300707.1	XP_003400527.2
OG0001719	XP_016912215.1	XP_031366704.1	XP_086761186.1	XP_043792347.1	XP_006567697.2	XP_003395675.1
OG0001720	XP_016904847.2	XP_031367995.1	XP_086773268.1	XP_043787268.1	XP_026299077.1	XP_003398253.4
OG0001721	XP_028524254.1	XP_006617349.1	XP_012347166.1	XP_043785133.1	XP_006559844.1	XP_048262053.1
OG0001722	XP_016910637.2	XP_006615254.1	XP_086771325.1	XP_043803170.1	XP_006565937.2	XP_003393922.1
OG0001723	XP_028520306.2	XP_006619078.1	XP_086766249.1	XP_043800455.1	XP_003250450.1	XP_012168476.2
OG0001724	XP_016915305.2	XP_031364012.1	XP_086763196.1	XP_043789171.1	XP_006563216.3	XP_012170163.2
OG0001725	XP_061942579.1	XP_031368695.1	XP_086767549.1	XP_043786552.1	XP_026301493.1	XP_012173688.2
OG0001726	XP_016910864.2	XP_006614769.1	XP_031775881.1	XP_043795332.1	XP_396933.1	XP_020724105.2
OG0001727	XP_016919169.1	XP_006616126.1	XP_012344560.1	XP_043794164.1	XP_016770770.1	XP_003393261.2
OG0001728	XP_028520392.2	XP_031370839.1	XP_086759022.1	XP_043790521.1	XP_026301209.1	XP_003401517.2
OG0001729	XP_016920964.2	XP_006622073.1	XP_003696545.1	XP_043793401.1	XP_625069.1	XP_003402118.1
OG0001730	XP_016921940.2	XP_006613032.1	XP_086760060.1	XP_043795048.1	XP_006561648.2	XP_003397721.2
OG0001731	XP_016908794.2	XP_006614678.1	XP_003694720.3	XP_043802010.1	XP_396816.5	XP_003395002.1
OG0001732	XP_016918793.1	XP_006624759.1	XP_003695753.1	XP_043791700.1	XP_001123277.1	XP_003401761.1
OG0001733	XP_016917351.2	XP_006623528.1	XP_003693829.1	XP_043800064.1	XP_006562497.2	XP_020719090.1
OG0001734	XP_061939333.1	XP_031369752.1	XP_031775629.1	XP_043795151.1	XP_026300039.1	XP_048266961.1
OG0001735	XP_016914308.2	XP_031370396.1	XP_031771484.2	XP_043800053.1	XP_026297336.1	XP_012167275.1
OG0001736	XP_016908999.1	XP_006618512.1	XP_003691792.2	XP_043799001.1	XP_624936.3	XP_048266185.1
OG0001737	XP_028520670.2	XP_031364434.1	XP_086759941.1	XP_043801829.1	XP_016767518.2	XP_003395073.1
OG0001738	XP_016920044.1	XP_006622887.1	XP_012346537.1	XP_043802634.1	XP_026294799.1	XP_003402675.2
OG0001739	XP_061934960.1	XP_031369948.1	XP_012341491.2	XP_043797033.1	XP_006569795.3	XP_003394428.2
OG0001740	XP_016916372.1	XP_006622785.1	XP_003691155.1	XP_043797865.1	XP_624946.1	XP_003399630.1
OG0001741	XP_061938837.1	XP_006615603.1	XP_031775523.2	XP_043804108.1	XP_006565223.1	XP_012169956.1
OG0001742	XP_016915577.1	XP_006608700.1	XP_003693320.1	XP_043796480.1	XP_006568569.2	XP_012173188.1
OG0001743	XP_061931164.1	XP_006618601.1	XP_003696618.4	XP_043793231.1	NP_001116485.2	XP_020723074.2
OG0001744	XP_016922533.1	XP_006623214.1	XP_012346658.3	XP_043799425.1	XP_016773223.2	XP_012163127.1
OG0001745	XP_016905277.1	XP_006609436.1	XP_012340868.2	XP_043795008.1	XP_006560139.1	XP_012171075.1
OG0001746	XP_016909507.1	XP_006624240.1	XP_012343281.1	XP_043802359.1	XP_392325.1	XP_003402503.2
OG0001747	XP_016915373.1	XP_006624166.1	XP_003694877.1	XP_043785843.1	XP_395757.3	XP_003400402.1
OG0001748	XP_016905914.1	XP_006622575.1	XP_003693914.1	XP_043801057.1	NP_001011616.2	NP_001267838.1
OG0001749	XP_061937971.1	XP_006614419.1	XP_086771822.1	XP_043798567.1	XP_006566475.1	XP_003399344.1
OG0001750	XP_016921728.1	XP_006617740.1	XP_003695710.2	XP_043798105.1	XP_001122972.1	XP_003398351.1
OG0001751	XP_016910037.1	XP_006618470.1	XP_003694073.1	XP_043796726.1	XP_397412.2	XP_003401638.1
OG0001752	XP_016914972.1	XP_006621291.1	XP_086772380.1	XP_043787229.1	XP_624372.2	XP_003398495.1
OG0001753	XP_061941093.1	XP_006624192.1	XP_012343685.1	XP_043785573.1	XP_392920.1	XP_003400947.1
OG0001754	XP_016906234.1	XP_006608464.1	XP_086768429.1	XP_043804334.1	XP_026299120.1	XP_003393489.1
OG0001755	XP_061929834.1	XP_006610267.1	XP_012350501.1	XP_043788122.1	XP_026295888.1	XP_020722102.1
OG0001756	XP_016912943.1	XP_006622146.1	XP_031774404.2	XP_043792744.1	XP_026296832.1	XP_003395619.1
OG0001757	XP_028522462.1	XP_006623058.1	XP_086773129.1	XP_043795559.1	XP_006564466.1	XP_012169157.3
OG0001758	XP_061936575.1	XP_006612994.1	XP_086772486.1	XP_043791308.1	XP_026299101.1	XP_020723912.2
OG0001759	XP_061928786.1	XP_006608505.1	XP_086765985.1	XP_043787865.1	XP_016766872.1	XP_048270709.1
OG0001760	XP_016916327.1	XP_031368675.1	XP_086767573.1	XP_043786569.1	XP_006561444.3	XP_012173699.2
OG0001761	XP_061926856.1	XP_006615443.1	XP_086768277.1	XP_043799398.1	XP_006571453.2	XP_012175854.1
OG0001762	XP_061939611.1	XP_006617993.1	XP_003698968.1	XP_043791586.1	XP_393902.1	XP_003400249.1
OG0001763	XP_061930663.1	XP_031365509.1	XP_086761088.1	XP_043792713.1	XP_006562180.1	XP_048262144.1
OG0001764	XP_016919377.1	XP_006614628.1	XP_003696132.1	XP_043789151.1	XP_003250270.2	XP_003401106.1
OG0001765	XP_016910692.1	XP_006620842.2	XP_003691436.1	XP_043803102.1	XP_006564297.1	XP_003394064.1
OG0001766	XP_061941729.1	XP_006620327.1	XP_003696052.1	XP_043790549.1	XP_392684.3	XP_003401231.1
OG0001767	XP_061942128.1	XP_031370582.1	XP_031775430.1	XP_043791943.1	XP_026301321.1	XP_003402810.1
OG0001768	XP_016907668.1	XP_006610627.1	XP_003690753.1	XP_043788503.1	XP_006563277.1	XP_003396220.1
OG0001769	XP_061932813.1	XP_006625162.1	XP_003692450.2	XP_043799832.1	XP_026297002.1	XP_003397663.1
OG0001770	XP_016909350.2	XP_006619612.1	XP_031771061.2	XP_043798485.1	XP_397381.4	XP_003398737.1
OG0001771	XP_016915254.1	XP_006610819.1	XP_031775549.1	XP_043789204.1	XP_006563206.1	XP_012170172.1
OG0001772	XP_016919247.1	XP_031365021.1	XP_031771682.1	XP_043791299.1	XP_006569214.1	XP_048260290.1
OG0001773	XP_016916330.1	XP_006619098.2	XP_003697880.1	XP_043784779.1	XP_395283.4	XP_003402247.1
OG0001774	XP_016909657.1	XP_006609687.1	XP_012340517.1	XP_043794998.1	XP_016771173.1	XP_048267277.1
OG0001775	XP_028521462.1	XP_006616962.1	XP_012343363.1	XP_043802109.1	XP_006562769.1	XP_048260806.1
OG0001776	XP_061934337.1	XP_006607511.1	XP_031772132.2	XP_043796486.1	XP_001121355.3	XP_048269021.1
OG0001777	XP_016908805.1	XP_006607918.1	XP_031774418.2	XP_043789626.1	XP_026298459.1	XP_012167024.2
OG0001778	XP_016912824.1	XP_031368608.1	XP_086765955.1	XP_043787642.1	XP_016766807.2	XP_003402836.2
OG0001779	XP_016921290.1	XP_006612186.1	XP_003691737.1	XP_043784930.1	XP_623486.1	XP_003395110.3
OG0001780	XP_061927699.1	XP_031367583.1	XP_086762971.1	XP_043802362.1	XP_026302146.1	NP_001340321.1
OG0001781	XP_016919204.1	XP_006614957.1	XP_086768192.1	XP_043794320.1	XP_006571648.1	XP_003393303.1
OG0001782	XP_016919770.1	XP_006624791.1	XP_031773772.1	XP_043793942.1	XP_006559308.1	XP_012172655.1
OG0001783	XP_016909800.1	XP_006620353.1	XP_086773914.1	XP_043790310.1	XP_394099.4	XP_012172555.1
OG0001784	XP_016907431.1	XP_006610644.1	XP_012349924.2	XP_043788632.1	XP_026300068.1	XP_003396234.1
OG0001785	XP_028523768.1	XP_006608265.1	XP_086758807.1	XP_043788967.1	NP_001011595.1	XP_048268360.1
OG0001786	XP_061942167.1	XP_031366955.1	XP_012345043.1	XP_043789093.1	XP_026301042.1	XP_012172272.1
OG0001787	XP_061935497.1	XP_006607671.1	XP_003690265.1	XP_043789326.1	NP_001014983.1	XP_048264922.1
OG0001788	XP_016905328.2	XP_006620018.1	XP_003698435.1	XP_043804370.1	XP_016768310.1	XP_003395933.1
OG0001789	XP_016915549.1	XP_006616036.1	XP_086759482.1	XP_043788068.1	XP_006560646.1	XP_048261533.1
OG0001790	XP_016919077.1	XP_006612834.1	XP_086768206.1	XP_043794132.1	XP_393377.4	XP_003393305.1
OG0001791	XP_016912747.1	XP_006617524.1	XP_003698876.1	XP_043788000.1	XP_006564038.1	XP_003394580.3
OG0001792	XP_016915142.1	XP_006620920.1	XP_086767100.1	XP_043800120.1	XP_026297046.1	XP_003402298.1
OG0001793	XP_016914431.1	XP_031370626.1	XP_012340936.2	XP_043795789.1	XP_016768757.2	XP_048263708.1
OG0001794	XP_016914424.1	XP_006616401.1	XP_003692975.2	XP_043795896.1	XP_026297533.1	XP_012165714.2
OG0001795	XP_016917488.1	XP_031369750.1	XP_086773036.1	XP_043803406.1	XP_006570792.1	XP_003393077.1
OG0001796	XP_028522697.1	XP_006622121.1	XP_003696657.1	XP_043792842.1	XP_396012.1	XP_003395779.1
OG0001797	XP_016918151.2	XP_006612590.1	XP_086769117.1	XP_043796212.1	XP_624121.2	XP_003396391.1
OG0001798	XP_016918552.1	XP_006617482.1	XP_003690017.1	XP_043801874.1	XP_392640.1	XP_003394983.2
OG0001799	XP_028519862.1	XP_006611503.1	XP_003697443.1	XP_043793725.1	XP_624853.3	XP_048268143.1
OG0001800	XP_061931270.1	XP_006608062.1	XP_086761179.1	XP_043792418.1	XP_395694.2	XP_003395676.2
OG0001801	XP_016919112.1	XP_006612853.1	XP_003695559.2	XP_043794592.1	XP_392183.1	XP_012167397.1
OG0001802	XP_016915094.1	XP_031368870.1	XP_086767092.1	XP_043800018.1	XP_006570976.2	XP_003395900.1
OG0001803	XP_061934670.1	XP_031371149.1	XP_086762204.1	XP_043796850.1	XP_006564718.1	XP_048269429.1
OG0001804	XP_016916227.1	XP_006615054.1	XP_003691191.2	XP_043786648.1	XP_026301666.1	XP_012169825.1
OG0001805	XP_061939500.1	XP_006614600.2	XP_003694570.1	XP_043787423.1	XP_026300552.1	XP_012170833.1
OG0001806	XP_016909434.1	XP_006619670.1	XP_012343245.1	XP_043802232.1	XP_006566003.1	XP_012163419.1
OG0001807	XP_016919916.1	XP_006617399.1	XP_086768318.1	XP_043797799.1	XP_026300395.1	XP_012170914.1
OG0001808	XP_016921510.1	XP_006622930.1	XP_012348136.1	XP_043803462.1	XP_006570768.1	XP_012163392.1
OG0001809	XP_016922928.3	XP_006618228.1	XP_012346753.3	XP_043800897.1	XP_006557714.2	XP_020722175.2
OG0001810	XP_016919793.1	XP_006613210.1	XP_012347382.1	XP_043788645.1	XP_393416.2	XP_003398714.1
OG0001811	XP_016914804.2	XP_006618965.1	XP_086766315.1	XP_043795741.1	XP_394689.3	XP_003396875.1
OG0001812	XP_061940224.1	XP_031368046.1	XP_003690079.1	XP_043801205.1	XP_001120159.2	XP_012171789.1
OG0001813	XP_028520640.1	XP_006609804.1	XP_031775773.2	XP_043788428.1	XP_026295241.1	XP_020724181.1
OG0001814	XP_061943362.1	XP_031366239.1	XP_003693481.2	XP_043784811.1	XP_006568666.1	XP_012165607.2
OG0001815	XP_016909152.1	XP_006619495.1	XP_003692004.2	XP_043798611.1	XP_016770478.1	XP_003398674.2
OG0001816	XP_016920816.2	XP_006607326.1	XP_086773460.1	XP_043786300.1	XP_006559529.1	XP_003403117.3
OG0001817	XP_061932222.1	XP_006618103.1	XP_012348023.3	XP_043803600.1	XP_624364.1	XP_003393097.1
OG0001818	XP_016913617.1	XP_006611072.1	XP_003695015.1	XP_043785649.1	XP_397232.1	XP_003400677.2
OG0001819	XP_016912683.1	XP_006608522.1	XP_086765960.1	XP_043787963.1	XP_026295305.1	XP_048270697.1
OG0001820	XP_061935294.1	XP_006607899.1	XP_012348392.2	XP_043789902.1	XP_016769539.1	XP_048264784.1
OG0001821	XP_061928218.1	XP_006618753.1	XP_086770071.1	XP_043795476.1	XP_026295526.1	XP_003394493.2
OG0001822	XP_061937700.1	XP_031367682.1	XP_086773152.1	XP_043795752.1	XP_006564382.1	XP_003398990.1
OG0001823	XP_016908918.1	XP_006619549.1	XP_031771097.1	XP_043798729.1	XP_006566669.1	XP_003398775.2
OG0001824	XP_016919700.1	XP_006607759.1	XP_003698981.1	XP_043797558.1	XP_396855.2	XP_003397120.1
OG0001825	XP_016908814.2	XP_031365813.1	XP_012343413.3	XP_043801911.1	XP_006562726.1	XP_048261002.1
OG0001826	XP_016908153.1	XP_006615301.1	XP_012338913.1	XP_043799594.1	XP_026298362.1	XP_003397010.2
OG0001827	XP_016916033.1	XP_006620522.1	XP_003697847.1	XP_043786682.1	XP_623902.1	XP_003402149.1
OG0001828	XP_016919751.1	XP_006620638.1	XP_003697904.1	XP_043784937.1	XP_395810.4	XP_003402252.1
OG0001829	XP_016912899.1	XP_006621165.1	XP_003696762.1	XP_043792935.1	XP_001121144.1	XP_003395636.1
OG0001830	XP_016920190.1	XP_006622425.1	XP_003696994.1	XP_043802566.1	XP_623875.1	XP_003393856.1
OG0001831	XP_016907223.1	XP_006609462.1	XP_003690602.1	XP_043790342.1	XP_392162.2	XP_003397517.1
OG0001832	XP_016918862.1	XP_006616163.1	XP_003695506.1	XP_043794110.1	XP_624749.4	XP_003392943.1
OG0001833	XP_016913337.2	XP_006613617.1	XP_086770012.1	XP_043784420.1	XP_006558111.1	XP_048263631.1
OG0001834	XP_016912216.1	XP_006608064.1	XP_012345592.1	XP_043792191.1	XP_006567657.1	XP_012164167.1
OG0001835	XP_016913814.2	XP_006616485.1	XP_003695136.1	XP_043791612.1	XP_624571.2	XP_003400210.1
OG0001836	XP_016921524.1	XP_006622960.1	XP_003697926.1	XP_043803380.1	XP_623282.2	XP_003393068.1
OG0001837	XP_016918204.1	XP_031364813.1	XP_003693673.1	XP_043796295.1	XP_006570143.1	XP_048263493.1
OG0001838	XP_016920188.1	XP_006622426.1	XP_003696981.1	XP_043799259.1	NP_001011597.1	XP_003393855.1
OG0001839	XP_061930544.1	XP_006611688.1	XP_086759767.1	XP_043801980.1	XP_016767223.1	XP_012174168.2
OG0001840	XP_016909321.1	XP_006619547.1	XP_012339542.1	XP_043798662.1	XP_006566670.1	XP_003398761.1
OG0001841	XP_016909892.1	XP_006610373.1	XP_003693345.1	XP_043796887.1	XP_001120359.2	XP_020722897.1
OG0001842	XP_016916954.1	XP_031365047.1	XP_086758761.1	XP_043795243.1	XP_006561692.1	XP_012167665.1
OG0001843	XP_028525038.2	XP_006607364.1	XP_003692568.1	XP_043786392.1	XP_001123353.2	XP_012174974.1
OG0001844	XP_061934752.1	XP_006610384.1	XP_086762347.1	XP_043796918.1	NP_001091685.2	XP_003401667.2
OG0001845	XP_016910723.1	XP_006620801.1	XP_086771228.1	XP_043803048.1	XP_006565984.1	XP_003394044.1
OG0001846	XP_016908138.2	XP_006618549.1	XP_012338851.2	XP_043799568.1	XP_001122669.2	XP_012166325.2
OG0001847	XP_016919083.1	XP_006616141.1	XP_003695478.4	XP_043794309.1	XP_026302101.1	XP_048261287.1
OG0001848	XP_061941305.1	XP_006615892.1	XP_012345352.1	XP_043790458.1	XP_026301277.1	XP_048268554.1
OG0001849	XP_016912196.1	XP_006618624.1	XP_003696630.1	XP_043793108.1	XP_026296357.1	XP_003401968.1
OG0001850	XP_016905325.1	XP_006619987.1	XP_086770871.1	XP_043804391.1	XP_026297215.1	XP_003395927.1
OG0001851	XP_061927985.1	XP_031365770.1	XP_003697105.4	XP_043800800.1	XP_016772834.1	XP_003398648.1
OG0001852	XP_016915131.1	XP_006617181.1	XP_086767071.1	XP_043800127.1	XP_026296891.1	XP_020723275.1
OG0001853	XP_061933210.1	XP_031366613.1	XP_086766453.1	XP_043795914.1	XP_006568404.1	XP_012166012.1
OG0001854	XP_016910920.1	XP_006618770.1	XP_086769933.1	XP_043795449.1	XP_006558434.1	XP_012176119.2
OG0001855	XP_028520595.1	XP_006618782.1	XP_086766944.1	XP_043801045.1	XP_396527.6	XP_048262424.1
OG0001856	XP_061941842.1	XP_031365740.1	XP_086758514.1	XP_043789010.1	NP_001011629.1	XP_048268797.1
OG0001857	XP_016915266.1	XP_006610809.1	XP_012344225.3	XP_043789286.1	XP_016772626.1	XP_012170156.1
OG0001858	XP_016915708.1	XP_006624136.1	XP_031772787.1	XP_043797462.1	XP_623908.1	XP_003395116.1
OG0001859	XP_016916938.1	XP_006611749.1	XP_003689929.1	XP_043802217.1	XP_392666.3	XP_003402411.1
OG0001860	XP_016910982.1	XP_006617691.1	XP_012344340.2	XP_043786400.1	XP_006558946.1	XP_012166396.2
OG0001861	XP_016906338.1	XP_006620371.1	XP_031772545.1	XP_043800113.1	XP_394630.3	XP_012164863.1
OG0001862	XP_016909109.1	XP_006619519.1	XP_086761741.1	XP_043798309.1	XP_001120746.2	XP_003399029.2
OG0001863	XP_061934875.1	XP_006607591.1	XP_012342741.2	XP_043796703.1	XP_001122084.3	XP_003403057.1
OG0001864	XP_016904410.1	XP_006613381.1	XP_086769123.1	XP_043787056.1	XP_026300114.1	XP_012168918.1
OG0001865	XP_016922881.1	XP_006611542.1	XP_012347224.1	XP_043793706.1	XP_006557605.1	XP_048267606.1
OG0001866	XP_016917380.1	XP_006614881.1	XP_003690946.2	XP_043803364.1	XP_026295160.1	XP_003394177.1
OG0001867	XP_061930278.1	XP_006611857.1	XP_003689982.1	XP_043801835.1	XP_625031.3	XP_048261434.1
OG0001868	XP_016916519.1	XP_031367828.1	XP_003690213.1	XP_043789577.1	XP_006567646.2	XP_003397842.1
OG0001869	XP_016909663.1	XP_006607153.1	XP_086770522.1	XP_043794816.1	XP_391981.3	XP_012170766.1
OG0001870	XP_016909201.1	XP_006623609.1	XP_086771054.1	XP_043791780.1	XP_026298514.1	XP_012167280.2
OG0001871	XP_061940892.1	XP_006612744.2	XP_086765192.1	XP_043785298.1	XP_006565650.1	XP_048267688.1
OG0001872	XP_061926967.1	XP_031368781.1	XP_086771475.1	XP_043803040.1	XP_026294851.1	XP_003394061.1
OG0001873	XP_016911961.1	XP_006619850.1	XP_003698461.1	XP_043794685.1	XP_394838.3	XP_003398952.1
OG0001874	XP_016914750.1	XP_006611223.1	XP_031771768.2	XP_043796002.1	XP_026297436.1	XP_003396999.1
OG0001875	XP_061941334.1	XP_006617586.1	XP_086774017.1	XP_043790608.1	XP_623717.4	XP_003401422.1
OG0001876	XP_016920040.1	XP_006618284.1	XP_003696928.1	XP_043798468.1	XP_623933.1	XP_003393715.1
OG0001877	XP_016912348.1	XP_006618655.1	XP_003696646.2	XP_043792225.1	XP_006567801.2	XP_048269960.1
OG0001878	XP_061928007.1	XP_006624409.1	XP_086764513.1	XP_043800877.1	XP_624722.1	XP_012173776.1
OG0001879	XP_016911962.1	XP_006619851.1	XP_003698462.1	XP_043794896.1	XP_393789.2	XP_003398953.2
OG0001880	XP_016909594.1	XP_006609679.1	XP_003692656.1	XP_043794802.1	NP_001136079.1	XP_003400029.1
OG0001881	XP_016911251.1	XP_006609793.1	XP_003698744.1	XP_043788354.1	XP_396302.3	XP_012176343.3
OG0001882	XP_016914817.1	XP_006617773.1	XP_086766059.1	XP_043784048.1	XP_006569496.1	XP_003396885.1
OG0001883	XP_016922006.2	XP_006619434.1	XP_003694130.1	XP_043796770.1	NP_001229471.1	XP_003401924.2
OG0001884	XP_016910722.2	XP_006622223.1	XP_003691386.2	XP_043803146.1	XP_396511.3	XP_003393569.1
OG0001885	XP_016912880.2	XP_031366601.1	XP_031775781.1	XP_043787757.1	XP_006563988.3	XP_012176580.1
OG0001886	XP_016917504.1	XP_031367321.1	XP_012339769.3	XP_043788651.1	XP_001121410.2	XP_020722509.2
OG0001887	XP_016909025.1	XP_006621438.1	XP_086761452.1	XP_043798303.1	XP_006570477.1	XP_012168611.2
OG0001888	XP_016907760.1	XP_006621076.1	XP_031775083.1	XP_043791691.1	XP_026298833.1	XP_048269574.1
OG0001889	XP_016922360.1	XP_006607261.1	XP_003692547.1	XP_043786193.1	XP_026298008.1	XP_048269097.1
OG0001890	XP_061941990.1	XP_031367072.1	XP_086758657.1	XP_043789126.1	XP_016772168.2	XP_012172090.2
OG0001891	XP_061930906.1	XP_006621913.1	XP_003696747.1	XP_043793330.1	XP_395525.3	XP_048261773.1
OG0001892	XP_016919499.1	XP_006617471.1	XP_086759961.1	XP_043801800.1	XP_026295861.1	XP_003394899.1
OG0001893	XP_016916917.1	XP_006611697.1	XP_086759790.1	XP_043802496.1	XP_394455.4	XP_003402428.1
OG0001894	XP_016922242.1	XP_006611958.1	XP_012341604.1	XP_043791165.1	XP_026295560.1	XP_020724322.2
OG0001895	XP_061929369.1	XP_006614785.1	XP_003698901.1	XP_043795344.1	NP_001314890.1	XP_003394353.1
OG0001896	XP_016914550.1	XP_006615156.1	XP_086773211.1	XP_043798726.1	XP_625206.1	XP_048266420.1
OG0001897	XP_028520673.1	XP_031364451.1	XP_086759933.1	XP_043801856.1	XP_026296057.1	XP_020723367.1
OG0001898	XP_016909587.2	XP_006609684.1	XP_003692680.1	XP_043794881.1	XP_026300615.1	XP_003400026.1
OG0001899	XP_016921748.1	XP_031370220.1	XP_012344771.1	XP_043798070.1	XP_006572135.2	XP_003398543.1
OG0001900	XP_016908010.1	XP_006614380.1	XP_012339331.1	XP_043799075.1	XP_006566542.1	XP_003399313.1
OG0001901	XP_061930448.1	XP_006625239.2	XP_012342444.2	XP_043802206.1	XP_016767271.2	XP_020723403.1
OG0001902	XP_061943391.1	XP_006623498.1	XP_086768396.1	XP_043799241.1	NP_001229507.1	XP_012164702.1
OG0001903	XP_061932028.1	XP_006624415.2	XP_086763369.1	XP_043799429.1	XP_006572320.1	XP_003402300.2
OG0001904	XP_016914073.1	XP_006615625.2	XP_012348463.1	XP_043803872.1	XP_026300050.1	XP_048266870.1
OG0001905	XP_016921279.3	XP_031370182.1	XP_031775333.2	XP_043803387.1	XP_026299933.1	XP_048264324.1
OG0001906	XP_016922112.1	XP_031368992.1	XP_086760565.1	XP_043795221.1	XP_026298428.1	XP_048264572.1
OG0001907	XP_061936748.1	XP_006620855.1	XP_012338984.1	XP_043785583.1	XP_006560181.1	XP_048265230.1
OG0001908	XP_061939081.1	XP_006613442.1	XP_086763651.1	XP_043804289.1	XP_026300126.1	XP_048267075.1
OG0001909	XP_016905915.1	XP_006613098.1	XP_012347712.2	XP_043795107.1	XP_395619.4	XP_003397758.1
OG0001910	XP_016913969.1	XP_006612039.1	XP_003695269.1	XP_043804088.1	XP_026300083.1	XP_003399713.1
OG0001911	XP_061941640.1	XP_006609323.1	XP_086773953.1	XP_043790531.1	XP_003249733.2	XP_003401320.1
OG0001912	XP_016906040.1	XP_006608418.1	XP_031775841.2	XP_043788317.1	XP_016766945.1	XP_012176379.1
OG0001913	XP_016920823.2	XP_006615439.1	XP_086768257.1	XP_043799352.1	XP_623605.2	XP_003393173.2
OG0001914	XP_016921374.2	XP_006612223.1	XP_003691749.1	XP_043785011.1	XP_393266.1	XP_003395091.1
OG0001915	XP_016911588.1	XP_006621828.1	XP_003691117.1	XP_043788545.1	XP_624487.1	XP_003393614.1
OG0001916	XP_016906429.1	XP_006613364.1	XP_003693988.1	XP_043800115.1	XP_397185.2	XP_003396065.1
OG0001917	XP_016922588.1	XP_006619928.1	XP_012344543.1	XP_043794449.1	XP_006571767.1	XP_012166773.2
OG0001918	XP_016908318.1	XP_006618561.1	XP_003691516.3	XP_043799579.1	XP_006559671.1	XP_003397050.3
OG0001919	XP_016909908.1	XP_031367696.1	XP_003694255.1	XP_043797018.1	XP_003250495.1	XP_048269101.1
OG0001920	XP_016922317.1	XP_006616644.1	XP_086764877.1	XP_043785862.1	XP_026300991.1	XP_012167824.1
OG0001921	XP_016922318.1	XP_006616645.1	XP_012347847.1	XP_043785863.1	XP_624076.1	XP_012167818.1
OG0001922	XP_061932020.1	XP_031370541.1	XP_086770857.1	XP_043800939.1	XP_026297174.1	XP_012164692.2
OG0001923	XP_016910363.1	XP_006620787.1	XP_031770804.2	XP_043803344.1	XP_624378.1	XP_003394038.2
OG0001924	XP_016903857.1	XP_006609016.1	XP_003696964.2	XP_043798789.1	XP_392194.2	XP_003393674.1
OG0001925	XP_016914095.1	XP_006622145.1	XP_003696586.1	XP_043792602.1	XP_393224.2	XP_012164084.2
OG0001926	XP_016918916.1	XP_006608313.1	XP_086767820.1	XP_043794116.1	XP_026302053.1	XP_012166309.1
OG0001927	XP_016910621.1	XP_031366065.1	XP_003691411.1	XP_043803137.1	XP_016766353.1	XP_012175637.1
OG0001928	XP_016914931.1	XP_006621148.1	XP_012348861.1	XP_043786994.1	XP_393702.4	XP_003398292.1
OG0001929	XP_061932517.1	XP_031368963.1	XP_012348055.1	XP_043803442.1	XP_006570882.1	XP_012173170.1
OG0001930	XP_016908047.1	XP_006621236.1	XP_003697137.2	XP_043784724.1	XP_623649.1	XP_003393660.1
OG0001931	XP_016917563.1	XP_006616078.1	XP_003691605.1	XP_043784147.1	XP_006562917.1	XP_003398478.1
OG0001932	XP_061931874.1	XP_031369066.1	XP_003689779.2	XP_043793532.1	XP_016772675.1	XP_012174509.1
OG0001933	XP_016908489.1	XP_006624768.1	XP_012348595.1	XP_043800936.1	XP_026297172.1	XP_012164696.2
OG0001934	XP_061943456.1	XP_006623188.1	XP_031774627.1	XP_043799357.1	XP_016773364.2	XP_012168424.2
OG0001935	XP_016907682.1	XP_006610562.1	XP_012350255.1	XP_043786299.1	XP_016768023.1	XP_003402736.1
OG0001936	XP_016911487.2	XP_006613419.2	XP_086773803.1	XP_043792030.1	XP_006563725.2	XP_048268838.1
OG0001937	XP_061943121.1	XP_006619220.1	XP_012344533.1	XP_043794294.1	XP_624123.1	XP_012166523.2
OG0001938	XP_061942193.1	XP_031367356.1	XP_086773857.1	XP_043788653.1	XP_006563787.1	XP_012172295.2
OG0001939	XP_028519986.1	XP_006623756.1	XP_086770675.1	XP_043790264.1	XP_006572374.1	XP_048268126.1
OG0001940	XP_061939767.1	XP_031371018.1	XP_086770601.1	XP_043794887.1	XP_026300314.1	XP_012170688.1
OG0001941	XP_016911004.1	XP_031364409.1	XP_012349241.1	XP_043795397.1	XP_006558467.1	XP_012176133.3
OG0001942	XP_016917447.2	XP_031365883.1	XP_086764352.1	XP_043784095.1	XP_016766623.2	XP_012174582.2
OG0001943	XP_016915026.1	XP_006620256.1	XP_086764617.1	XP_043800918.1	XP_026302295.1	XP_048265302.1
OG0001944	XP_016915893.1	XP_006609645.1	XP_003692699.2	XP_043794840.1	XP_006560452.1	XP_012170715.1
OG0001945	XP_016913248.1	XP_031368299.1	XP_031775985.1	XP_043785100.1	XP_016768739.2	XP_012166589.1
OG0001946	XP_061939155.1	XP_031370783.1	XP_031775624.1	XP_043793885.1	XP_016770829.1	XP_012169976.2
OG0001947	XP_016914967.1	XP_006619103.1	XP_003698528.1	XP_043786968.1	XP_016769849.1	XP_003398289.1
OG0001948	XP_016914206.1	XP_006614736.1	XP_012343374.2	XP_043801905.1	XP_016767486.1	XP_020718402.2
OG0001949	XP_061934949.1	XP_031369669.1	XP_086762471.1	XP_043797355.1	XP_026297817.1	XP_048269920.1
OG0001950	XP_016918945.2	XP_006612903.1	XP_086768223.1	XP_043794552.1	XP_006571382.1	XP_048263749.1
OG0001951	XP_016906488.1	XP_006624538.1	XP_012344277.1	XP_043801608.1	XP_016772826.1	XP_048263357.1
OG0001952	XP_061933323.1	XP_006609549.1	XP_012349670.2	XP_043789058.1	XP_026298461.1	XP_012168931.1
OG0001953	XP_016911060.1	XP_031365850.1	XP_003698603.2	XP_043795490.1	XP_006558041.1	XP_012176209.1
OG0001954	XP_061936360.1	XP_031365969.1	XP_031771690.2	XP_043786986.1	XP_026299102.1	XP_003403318.1
OG0001955	XP_028522146.1	XP_006611608.1	XP_012349208.1	XP_043795366.1	XP_026295462.1	XP_012176171.1
OG0001956	XP_016913205.1	XP_006620131.2	XP_012344198.3	XP_043794604.1	XP_006560896.3	XP_048263931.1
OG0001957	XP_016917043.2	XP_031364458.1	XP_086759769.1	XP_043802452.1	XP_016767220.2	XP_048261316.1
OG0001958	XP_016916984.1	XP_006611740.1	XP_003689921.1	XP_043802417.1	XP_394460.1	XP_012174150.1
OG0001959	XP_016910997.1	XP_006611619.1	XP_003698657.1	XP_043795359.1	XP_394446.4	XP_003394322.1
OG0001960	XP_016921873.1	XP_006616444.1	XP_031775535.2	XP_043803850.1	XP_016771036.1	XP_003399478.2
OG0001961	XP_061941614.1	XP_006609316.1	XP_012345307.1	XP_043790328.1	XP_006560738.1	XP_012172491.2
OG0001962	XP_028525350.1	XP_031367481.1	XP_086773074.1	XP_043803415.1	XP_016772970.1	XP_012164345.1
OG0001963	XP_016920327.1	XP_006612422.1	XP_003696879.3	XP_043801016.1	XP_625125.2	XP_003402661.1
OG0001964	XP_028520562.1	XP_006607752.1	XP_012349538.2	XP_043797506.1	XP_026297502.1	XP_012166428.2
OG0001965	XP_016911673.1	XP_031367330.1	XP_012347217.2	XP_043789995.1	XP_016769578.1	XP_012167570.1
OG0001966	XP_061932427.1	XP_006618065.1	XP_003697957.1	XP_043803448.1	XP_623554.3	XP_012164326.1
OG0001967	XP_061931610.1	XP_006623692.1	XP_086772033.1	XP_043802671.1	XP_623581.2	XP_003395283.1
OG0001968	XP_016907113.1	XP_006621273.1	XP_003694784.1	XP_043785699.1	XP_393116.2	XP_003400956.1
OG0001969	XP_016919818.2	XP_006613207.1	XP_031774996.2	XP_043788625.1	XP_006568172.2	XP_020719307.2
OG0001970	XP_061932979.1	XP_006615853.1	XP_012340938.1	XP_043800591.1	XP_006562644.1	XP_012174291.1
OG0001971	XP_061930104.1	XP_031370290.1	XP_086759654.1	XP_043802360.1	XP_394484.1	XP_003402502.1
OG0001972	XP_061935972.1	XP_006617724.1	XP_086771574.1	XP_043798058.1	XP_006571882.3	XP_048260405.1
OG0001973	XP_061931371.1	XP_006622064.1	XP_086760437.1	XP_043792149.1	XP_397127.5	XP_048270010.1
OG0001974	XP_016917432.1	XP_006614896.1	XP_003690939.2	XP_043784037.1	XP_006569265.3	XP_003394181.1
OG0001975	XP_016909175.1	XP_006621607.1	XP_003691941.1	XP_043798711.1	XP_396159.2	XP_012169385.1
OG0001976	XP_016909827.2	XP_031366964.1	XP_012345166.2	XP_043788774.1	XP_006563481.1	XP_012172288.2
OG0001977	XP_016918733.1	XP_006614194.1	XP_003690918.1	XP_043803284.1	NP_001165860.1	XP_003394139.1
OG0001978	XP_016919647.1	XP_006611538.1	XP_003697521.2	XP_043793753.1	XP_397317.2	XP_020722161.1
OG0001979	XP_028524904.1	XP_006613193.1	XP_086769340.1	XP_043788602.1	XP_026297130.1	XP_012165846.2
OG0001980	XP_016913589.1	XP_006610948.1	XP_086765075.1	XP_043786009.1	XP_006563042.1	XP_003400659.1
OG0001981	XP_016919766.1	XP_006613176.1	XP_086769346.1	XP_043788607.1	XP_006568191.1	XP_003396741.1
OG0001982	XP_016910019.1	XP_006618505.1	XP_086762263.1	XP_043797253.1	XP_624335.1	XP_003401747.1
OG0001983	XP_061941652.1	XP_031370953.1	XP_003695829.1	XP_043790708.1	XP_026301426.1	XP_003401335.1
OG0001984	XP_028520098.1	XP_031365181.1	XP_031776278.2	XP_043793554.1	XP_006558650.1	XP_020719683.1
OG0001985	XP_016904080.1	XP_006607467.1	XP_012341410.2	XP_043796568.1	XP_395385.3	XP_003397086.1
OG0001986	XP_061939643.1	XP_006618009.1	XP_086770369.1	XP_043791509.1	XP_006559375.2	XP_003400253.1
OG0001987	XP_016904693.1	XP_006612129.1	XP_003695679.1	XP_043795618.1	XP_026299135.1	XP_020720723.1
OG0001988	XP_016907407.1	XP_006610465.1	XP_003693778.1	XP_043791650.1	XP_397174.4	XP_003402709.2
OG0001989	XP_028522289.1	XP_006622557.1	XP_086773811.1	XP_043791913.1	XP_026301107.1	XP_003399443.2
OG0001990	XP_016916130.1	XP_006622766.1	XP_003691166.3	XP_043797895.1	NP_001229397.1	XP_003399744.1
OG0001991	XP_016915745.1	XP_006624139.1	XP_003694319.1	XP_043797408.1	XP_006558244.2	XP_003395137.1
OG0001992	XP_016915370.1	XP_006624157.1	XP_003694879.1	XP_043785840.1	XP_016771789.1	XP_003400396.1
OG0001993	XP_016920155.1	XP_006622880.1	XP_003696888.1	XP_043800084.1	XP_623197.2	XP_003402669.1
OG0001994	XP_016906214.2	XP_006608463.1	XP_003697297.4	XP_043804350.1	XP_396550.2	XP_012169413.1
OG0001995	XP_016918369.1	XP_006607568.1	XP_003694181.1	XP_043797174.1	XP_624141.3	XP_012175099.1
OG0001996	XP_016921138.1	XP_031366466.1	XP_086759431.1	XP_043788108.1	XP_016767017.2	XP_048260849.1
OG0001997	XP_061943270.1	XP_006619963.1	XP_086767663.1	XP_043801341.1	XP_624040.4	XP_020720011.2
OG0001998	XP_016913439.1	XP_031369392.1	XP_031774403.2	XP_043793443.1	XP_006570305.1	XP_003395795.1
OG0001999	XP_016907305.1	XP_006609501.1	XP_003690618.1	XP_043789762.1	XP_393087.2	XP_048264580.1
OG0002000	XP_016916260.1	XP_006620538.1	XP_012347944.1	XP_043786647.1	XP_026301507.1	XP_003402136.2
OG0002001	XP_061935347.1	XP_006609476.2	XP_086769436.1	XP_043789080.1	XP_026297070.1	XP_003397438.1
OG0002002	XP_061931234.1	XP_006608085.1	XP_003696599.2	XP_043792613.1	XP_006567711.2	XP_020718870.2
OG0002003	XP_016922719.1	XP_006620861.1	XP_012338990.2	XP_043785685.1	XP_396716.1	XP_003398330.1
OG0002004	XP_016909006.1	XP_031368186.1	XP_086761281.1	XP_043798373.1	XP_006566644.1	XP_003398780.2
OG0002005	XP_061938214.1	XP_006619492.1	XP_003691831.1	XP_043798624.1	XP_395023.4	XP_012168568.2
OG0002006	XP_016915651.2	XP_006621967.1	XP_003695445.2	XP_043796483.1	XP_026297867.1	XP_012166972.1
OG0002007	XP_016914102.1	XP_006615714.1	XP_003695186.3	XP_043803835.1	XP_397171.3	XP_003399839.3
OG0002008	XP_016909330.1	XP_006621736.1	XP_003691866.1	XP_043798418.1	XP_396706.4	XP_048265993.1
OG0002009	XP_016920968.1	XP_006607795.1	XP_003696365.1	XP_043793383.1	XP_026296528.1	XP_012176427.2
OG0002010	XP_061940278.1	XP_006616218.1	XP_086764797.1	XP_043801188.1	XP_006560231.1	XP_012171844.1
OG0002011	XP_061942519.1	XP_006620534.1	XP_012347872.1	XP_043786663.1	XP_026301491.1	XP_020723224.2
OG0002012	XP_028524766.1	XP_006624865.1	XP_086772433.1	XP_043791318.1	XP_026298880.1	XP_003403354.1
OG0002013	XP_016912665.1	XP_031368806.1	XP_003691040.1	XP_043787980.1	XP_001120785.2	XP_003394728.1
OG0002014	XP_016913099.1	XP_006613508.1	XP_003697406.2	XP_043803859.1	XP_391940.2	XP_003399968.3
OG0002015	XP_016916122.1	XP_006615085.1	XP_031776540.1	XP_043797974.1	XP_624707.2	XP_003399733.1
OG0002016	XP_016904748.1	XP_006607872.1	XP_012348264.3	XP_043789893.1	XP_006561774.1	XP_020720224.2
OG0002017	XP_016914541.1	XP_006617753.1	XP_003693043.1	XP_043784060.1	XP_006569515.1	XP_003396751.1
OG0002018	XP_016913052.2	XP_006613470.1	XP_012347113.1	XP_043804067.1	XP_625134.3	XP_003399958.1
OG0002019	XP_016914393.1	XP_006619308.1	XP_003690095.1	XP_043801180.1	XP_396879.3	XP_003400726.1
OG0002020	XP_061938291.1	XP_006619482.1	XP_086761664.1	XP_043799038.1	XP_392845.4	XP_003399056.1
OG0002021	XP_061931402.1	XP_006607785.1	XP_086760382.1	XP_043793318.1	XP_006569965.2	XP_012176431.2
OG0002022	XP_016909229.1	XP_006621679.1	XP_031771055.2	XP_043798678.1	XP_625210.1	XP_012169332.1
OG0002023	XP_016906792.1	XP_006623412.1	XP_003696726.1	XP_043792545.1	XP_395224.3	XP_003395831.1
OG0002024	XP_016913903.1	XP_006615662.1	XP_003695211.1	XP_043804175.1	XP_625103.3	XP_003399873.1
OG0002025	XP_028522573.2	XP_006609410.1	XP_012344984.2	XP_043790504.1	XP_026301093.1	XP_012172475.1
OG0002026	XP_016911701.1	XP_006621822.1	XP_012350685.1	XP_043788518.1	XP_006559200.2	XP_003393619.1
OG0002027	XP_016910698.1	XP_006617685.1	XP_003695372.1	XP_043786119.1	XP_397354.3	XP_020719849.1
OG0002028	XP_016917993.2	XP_006616812.1	XP_031771697.2	XP_043787386.1	XP_026299177.1	XP_048265600.1
OG0002029	XP_016919159.1	XP_006624112.1	XP_003695651.1	XP_043794071.1	XP_003251725.1	XP_003400496.3
OG0002030	XP_016909855.1	XP_006620329.1	XP_003696047.1	XP_043790320.1	XP_392789.3	XP_048268460.1
OG0002031	XP_028525553.1	XP_031368103.1	XP_031772630.1	XP_043796442.1	XP_026298075.1	XP_048269228.1
OG0002032	XP_061935005.1	XP_006621972.1	XP_086761823.1	XP_043796488.1	XP_026297912.1	XP_003397990.1
OG0002033	XP_016912446.1	XP_006609289.1	XP_086758826.1	XP_043790470.1	XP_394109.3	XP_048268362.1
OG0002034	XP_016905895.1	XP_006613812.1	XP_031772600.2	XP_043801074.1	XP_026296939.1	XP_048262283.1
OG0002035	XP_016918141.2	XP_006612595.1	XP_012342000.1	XP_043796176.1	XP_393076.1	XP_003396383.2
OG0002036	XP_028521060.1	XP_006610609.1	XP_003690737.1	XP_043785891.1	XP_016767293.1	XP_048262257.1
OG0002037	XP_061936861.1	XP_031364766.1	XP_031772420.1	XP_043791010.1	XP_016769771.1	XP_048265538.1
OG0002038	XP_016904005.1	XP_006623767.1	XP_012348610.1	XP_043790292.1	XP_003251930.2	XP_003400943.1
OG0002039	XP_016917720.1	XP_006617319.1	XP_086771957.1	XP_043802753.1	XP_006557949.1	XP_012173529.1
OG0002040	XP_061929825.1	XP_006610260.1	XP_003689678.2	XP_043788102.1	XP_001121844.2	XP_003400483.1
OG0002041	XP_016905615.2	XP_006619199.1	XP_003698495.1	XP_043786795.1	XP_624153.3	XP_003398167.3
OG0002042	XP_016912434.1	XP_006609285.1	XP_086773987.1	XP_043790819.1	XP_016772335.1	XP_003401325.1
OG0002043	XP_016908919.1	XP_006621662.1	XP_086761614.1	XP_043798660.1	XP_006566795.1	XP_012169319.1
OG0002044	XP_028523146.2	XP_006624468.1	XP_003692451.1	XP_043800388.1	XP_016767976.1	XP_012167261.1
OG0002045	XP_016905383.1	XP_006618855.1	XP_003689724.1	XP_043793629.1	XP_001121922.1	XP_003396107.1
OG0002046	XP_061929657.1	XP_006616041.1	XP_086759499.1	XP_043788224.1	XP_006560566.1	XP_003395075.1
OG0002047	XP_061926909.1	XP_006612428.1	XP_086762758.1	XP_043797660.1	NP_001193395.1	XP_048270056.1
OG0002048	XP_061932309.1	XP_006618089.1	XP_012348025.1	XP_043803684.1	XP_006570759.1	XP_048263339.1
OG0002049	XP_061931404.1	XP_006607790.1	XP_003696445.1	XP_043792270.1	XP_026296320.1	XP_003394498.1
OG0002050	XP_016905928.1	XP_006613147.1	XP_003693873.1	XP_043799954.1	NP_001011650.1	XP_003396026.1
OG0002051	XP_016905908.1	XP_006613149.1	XP_003693874.2	XP_043800025.1	NP_001011632.1	XP_003396023.1
OG0002052	XP_061935341.1	XP_006607851.1	XP_086770568.1	XP_043789314.1	XP_026298576.1	XP_048264309.1
OG0002053	XP_061931017.1	XP_006623421.1	XP_086760787.1	XP_043792534.1	NP_001124510.1	XP_003395836.1
OG0002054	XP_016906499.2	XP_006624539.1	XP_031773438.2	XP_043801628.1	XP_016772823.1	XP_012166078.1
OG0002055	XP_061938533.1	XP_006621390.1	XP_003693215.1	XP_043798753.1	XP_006570507.1	XP_020720873.1
OG0002056	XP_016915733.1	XP_031365830.1	XP_012347295.1	XP_043789889.1	XP_026298851.1	XP_012166786.2
OG0002057	XP_016922232.2	XP_006611938.1	XP_086770181.1	XP_043791192.1	XP_026295520.1	XP_020724224.2
OG0002058	XP_061933825.1	XP_006623749.1	XP_031775541.2	XP_043792075.1	XP_006558688.2	XP_003397246.2
OG0002059	XP_016913849.1	XP_006617994.1	XP_012349485.1	XP_043791587.1	XP_006558545.1	XP_012171014.1
OG0002060	XP_016910184.2	XP_006613641.1	XP_012346014.2	XP_043793269.1	XP_006561132.1	XP_003395468.3
OG0002061	XP_016904295.1	XP_006607979.1	XP_003690680.2	XP_043795565.1	XP_003249110.1	XP_003396863.1
OG0002062	XP_016916837.2	XP_006624745.1	XP_086758947.1	XP_043790489.1	XP_026301300.1	XP_003401408.2
OG0002063	XP_061928801.1	XP_006608533.1	XP_031776385.2	XP_043787654.1	XP_006568026.2	XP_020724269.1
OG0002064	XP_061930816.1	XP_031366690.1	XP_012346245.3	XP_043793018.1	XP_016767904.1	XP_003395663.1
OG0002065	XP_016919560.2	XP_006618314.1	XP_003698127.1	XP_043790140.1	XP_026299550.1	XP_012169479.1
OG0002066	XP_016910505.1	XP_006623741.1	XP_086770940.1	XP_043792082.1	XP_026297971.1	XP_048264034.1
OG0002067	XP_016904782.1	XP_006619185.1	XP_003698522.1	XP_043787130.1	XP_003250467.2	XP_012167799.2
OG0002068	XP_016911430.1	XP_006620732.1	XP_003692107.1	XP_043791971.1	XP_003250307.1	XP_012172028.1
OG0002069	XP_016907923.1	XP_006614382.1	XP_086771735.1	XP_043798536.1	NP_001264229.1	XP_020721290.1
OG0002070	XP_061938675.1	XP_006608939.1	XP_003698373.1	XP_043784185.1	NP_001129207.1	XP_048267085.1
OG0002071	XP_016913905.1	XP_006615597.1	XP_003698243.1	XP_043804050.1	XP_026299934.1	XP_003399511.1
OG0002072	XP_016906374.2	XP_006623535.1	XP_003693828.1	XP_043799835.1	XP_003250109.1	XP_003396149.1
OG0002073	XP_016911820.1	XP_006611448.1	XP_003696255.1	XP_043793473.1	XP_006562150.1	XP_003395439.1
OG0002074	XP_016922159.1	XP_031365719.1	XP_003694500.1	XP_043787490.1	XP_006564112.2	XP_003400022.2
OG0002075	XP_016915139.1	XP_006620921.1	XP_031771525.1	XP_043799957.1	XP_026297045.1	XP_020723255.2
OG0002076	XP_061930717.1	XP_006611435.1	XP_003696261.1	XP_043792925.1	XP_625126.3	XP_003395429.2
OG0002077	XP_061937065.1	XP_006621301.1	XP_086772386.1	XP_043787188.1	NP_001239355.1	XP_012168014.2
OG0002078	XP_061927091.1	XP_006622895.1	XP_003691409.1	XP_043803100.1	XP_016766379.1	XP_048267566.1
OG0002079	XP_061930011.1	XP_006619706.1	XP_012343347.2	XP_043801887.1	XP_395226.4	XP_048267653.1
OG0002080	XP_016912071.1	XP_006619827.1	XP_012348812.1	XP_043794222.1	XP_006564448.1	XP_020721007.2
OG0002081	XP_061935208.1	XP_031365080.1	XP_003697706.1	XP_043795229.1	XP_006561684.1	XP_003397750.1
OG0002082	XP_016904310.1	XP_006613277.1	XP_003690530.1	XP_043794027.1	XP_006558646.1	XP_012165983.1
OG0002083	XP_016917492.2	XP_006608131.1	XP_012339774.1	XP_043788689.1	XP_026301126.1	XP_003400971.1
OG0002084	XP_016921092.3	XP_006610249.1	XP_003689646.3	XP_043788164.1	XP_393324.2	XP_003400415.2
OG0002085	XP_016920486.1	XP_006619978.1	XP_012341997.1	XP_043790967.1	XP_006568623.1	XP_048263114.1
OG0002086	XP_016910995.2	XP_031364414.1	XP_031775857.2	XP_043795357.1	XP_392296.4	XP_012176166.3
OG0002087	XP_061933020.1	XP_031367940.1	XP_086766265.1	XP_043800459.1	XP_395217.4	XP_012175233.1
OG0002088	XP_016916664.1	XP_006616771.1	XP_003694366.2	XP_043785538.1	XP_016771903.2	XP_003400729.1
OG0002089	XP_061941343.1	XP_006624753.2	XP_086758949.1	XP_043790789.1	XP_006557645.1	XP_003401411.1
OG0002090	XP_016907772.2	XP_006614368.1	XP_003692038.2	XP_043799071.1	NP_001094493.1	XP_012169664.2
OG0002091	XP_016905893.1	XP_006607902.1	XP_003690346.1	XP_043789903.1	XP_003249914.1	XP_003397401.1
OG0002092	XP_061936316.1	XP_006620478.1	XP_003692809.2	XP_043787066.1	XP_026299131.1	XP_003398540.1
OG0002093	XP_016911479.1	XP_006612319.1	XP_086758603.1	XP_043788996.1	XP_006563705.1	XP_003400984.2
OG0002094	XP_061936951.1	XP_006616074.1	XP_086766665.1	XP_043784151.1	XP_016769986.1	XP_003398411.1
OG0002095	XP_016917873.1	XP_006623620.2	XP_012340279.2	XP_043802673.1	XP_001121172.2	XP_003395315.1
OG0002096	XP_016919147.1	XP_006612855.1	XP_012344596.1	XP_043794580.1	XP_006571667.1	XP_020724235.1
OG0002097	XP_028525512.1	XP_031366398.1	XP_086767434.1	XP_043799853.1	XP_006570561.1	XP_020719137.2
OG0002098	XP_061927365.1	XP_006620035.1	XP_086762832.1	XP_043800720.1	XP_006568944.2	XP_012173965.1
OG0002099	XP_016922534.1	XP_006623155.1	XP_003697094.1	XP_043799319.1	XP_001122939.2	XP_003393189.1
OG0002100	XP_016905014.1	XP_006619031.1	XP_012340919.1	XP_043800567.1	XP_006562632.1	XP_020723857.1
OG0002101	XP_061927735.1	XP_006613565.1	XP_003696975.1	XP_043802604.1	XP_623060.3	XP_003393759.1
OG0002102	XP_061930191.1	XP_031369639.1	XP_086772869.1	XP_043803524.1	XP_026301963.1	XP_020720249.2
OG0002103	XP_016919994.2	XP_006618945.1	XP_003695902.2	XP_043793830.1	XP_391920.3	XP_003401436.1
OG0002104	XP_016917288.1	XP_006618375.1	XP_012343672.1	XP_043785669.1	XP_006565862.1	XP_003400534.1
OG0002105	XP_016919154.1	XP_006612911.1	XP_086767918.1	XP_043794510.1	XP_006571385.1	NP_001295235.1
OG0002106	XP_016906938.1	XP_006621858.1	XP_003696720.1	XP_043792423.1	XP_397202.1	NP_001295236.1
OG0002107	XP_016918309.2	XP_006607642.1	XP_031772661.2	XP_043797157.1	XP_006564581.2	XP_012173019.2
OG0002108	XP_016916621.1	XP_006616704.1	XP_086764924.1	XP_043785319.1	XP_001122583.4	XP_003400902.1
OG0002109	XP_016920384.1	XP_006622889.1	XP_003696886.2	XP_043797017.1	XP_026294751.1	XP_003402671.1
OG0002110	XP_016913668.1	XP_006610127.2	XP_086760901.1	XP_043789805.1	XP_006561887.2	XP_012167372.2
OG0002111	XP_016918785.1	XP_006623829.1	XP_012344822.1	XP_043791674.1	XP_026298544.1	XP_012173135.1
OG0002112	XP_016913180.1	XP_006620086.1	XP_003695277.2	XP_043794630.1	NP_001011641.1	XP_003397030.1
OG0002113	XP_016918390.1	XP_006607555.1	XP_012342579.1	XP_043796864.1	XP_006563839.1	XP_003403096.1
OG0002114	XP_061928808.1	XP_006608532.1	XP_086765958.1	XP_043787659.1	XP_001121254.2	XP_003394711.1
OG0002115	XP_028521759.1	XP_031367292.1	XP_086773666.1	XP_043786081.1	XP_026297918.1	XP_012175012.1
OG0002116	XP_016917834.1	XP_006617348.1	XP_012347168.1	XP_043785153.1	XP_397368.4	XP_003395871.1
OG0002117	XP_016912098.1	XP_006625067.1	XP_012348826.2	XP_043795707.1	XP_006564407.1	XP_048266018.1
OG0002118	XP_061932844.1	XP_031368955.1	XP_086772816.1	XP_043803735.1	XP_026301051.1	XP_020724053.2
OG0002119	XP_016914335.2	XP_031370395.1	XP_003692425.1	XP_043799899.1	XP_006570952.1	XP_048261258.1
OG0002120	XP_061928910.1	XP_031364588.1	XP_086764246.1	XP_043802820.1	XP_026295269.1	XP_048260083.1
OG0002121	XP_016920604.1	XP_031368582.1	XP_086772677.1	XP_043786836.1	XP_006566168.2	XP_048265289.1
OG0002122	XP_016912426.1	XP_006609280.1	XP_012345348.1	XP_043790811.1	XP_624213.3	XP_003401268.1
OG0002123	XP_061939753.1	XP_006609604.1	XP_012340496.1	XP_043794831.1	XP_006560478.1	XP_012170669.1
OG0002124	XP_061935931.1	XP_006623260.1	XP_012347452.1	XP_043791682.1	XP_006558422.1	XP_012167281.1
OG0002125	XP_061935766.1	XP_006624912.1	XP_031773709.2	XP_043791668.1	XP_026298493.1	XP_012173220.1
OG0002126	XP_016913561.1	XP_006610994.1	XP_003694390.4	XP_043785320.1	XP_393989.4	XP_012171613.2
OG0002127	XP_061929076.1	XP_006614234.1	XP_003690929.1	XP_043803816.1	XP_006569298.1	XP_012175910.1
OG0002128	XP_016912097.1	XP_006619835.1	XP_012348802.3	XP_043794883.1	XP_396584.2	XP_003398974.1
OG0002129	XP_016904988.2	XP_006620984.1	XP_003690375.2	XP_043795125.1	XP_396215.1	XP_003398025.2
OG0002130	XP_016920834.1	XP_006615455.2	XP_012343707.1	XP_043799410.1	XP_006571447.1	XP_003392977.1
OG0002131	XP_061927955.1	XP_006615728.1	XP_003691374.1	XP_043803060.1	XP_623199.2	XP_003394081.1
OG0002132	XP_061933860.1	XP_006623716.1	XP_003698278.1	XP_043792048.1	XP_625095.1	XP_003397205.2
OG0002133	XP_061937633.1	XP_006625187.1	XP_086768716.1	XP_043801576.1	XP_006563368.1	XP_048266022.1
OG0002134	XP_016906976.1	XP_006610001.1	XP_031770961.2	XP_043784126.1	XP_006562958.1	XP_012168157.1
OG0002135	XP_016912382.1	XP_006609270.1	XP_003695979.1	XP_043790451.1	XP_624354.1	XP_003401217.2
OG0002136	XP_016918483.1	XP_006624583.1	XP_003693515.3	XP_043796083.1	XP_003251418.2	XP_003396305.1
OG0002137	XP_061928757.1	XP_006612597.1	XP_086768988.1	XP_043796112.1	XP_006570131.1	XP_012165406.1
OG0002138	XP_016912755.2	XP_006608492.1	XP_086765678.1	XP_043787988.1	XP_624134.1	XP_003394689.1
OG0002139	XP_016909670.1	XP_006607149.1	XP_012343172.1	XP_043794721.1	XP_006562815.1	XP_012170770.2
OG0002140	XP_061928650.1	XP_006617559.1	XP_003698633.1	XP_043787843.1	XP_006564019.2	XP_012176547.2
OG0002141	XP_016918511.1	XP_006624678.1	XP_086769066.1	XP_043796131.1	XP_006570058.1	XP_012165332.2
OG0002142	XP_016918743.1	XP_006614213.1	XP_012350415.2	XP_043802669.1	XP_001119921.1	XP_012175906.1
OG0002143	XP_061930250.1	XP_006621936.1	XP_086760034.1	XP_043802174.1	XP_006567272.1	XP_012174102.2
OG0002144	XP_016916646.1	XP_006616677.1	XP_012343009.2	XP_043785677.1	XP_006565024.2	XP_020722281.1
OG0002145	XP_016907704.1	XP_006610449.1	XP_031776250.1	XP_043789789.1	XP_006562603.1	XP_003402788.1
OG0002146	XP_016917707.2	XP_031370169.1	XP_012340195.2	XP_043802784.1	XP_026296696.1	XP_048261603.1
OG0002147	XP_016918530.2	XP_006621943.1	XP_086760039.1	XP_043802091.1	XP_625220.1	XP_012174091.1
OG0002148	XP_061928111.1	XP_031367564.1	XP_012346804.2	XP_043797379.1	XP_026294855.1	XP_048267705.1
OG0002149	XP_016914720.1	XP_006618980.1	XP_003692928.1	XP_043795957.1	XP_396937.4	XP_012166038.1
OG0002150	XP_016920721.1	XP_031368069.1	XP_003690101.1	XP_043801098.1	XP_026300673.1	XP_003400778.1
OG0002151	XP_061937614.1	XP_031369819.1	XP_003698125.2	XP_043790194.1	XP_026299380.1	XP_012168855.1
OG0002152	XP_061927017.1	XP_006620792.1	XP_031770797.2	XP_043803086.1	XP_006565978.1	XP_003394040.1
OG0002153	XP_061929083.1	XP_031365588.1	XP_012350403.3	XP_043803460.1	XP_016766939.1	XP_003394154.1
OG0002154	XP_061941253.1	XP_031368051.1	XP_003697503.1	XP_043784449.1	XP_006560240.1	XP_012171898.1
OG0002155	XP_016922281.1	XP_006611978.1	XP_003693445.3	XP_043791133.1	XP_016772709.1	XP_020720505.1
OG0002156	XP_061939179.1	XP_031368922.1	XP_012345142.3	XP_043793854.1	XP_026300082.1	XP_012172345.3
OG0002157	XP_016909927.1	XP_006623225.1	XP_086762295.1	XP_043797092.1	XP_016769017.1	XP_012175190.1
OG0002158	XP_016909340.1	XP_006619487.1	XP_003691857.4	XP_043798228.1	XP_623673.3	XP_020721033.1
OG0002159	XP_016918347.1	XP_006608855.1	XP_012342294.2	XP_043800662.1	XP_006564183.2	XP_012164591.1
OG0002160	XP_016922499.1	XP_006623194.1	XP_003697085.1	XP_043799341.1	XP_624511.1	XP_003392893.1
OG0002161	XP_016906162.1	XP_006610840.1	XP_086763588.1	XP_043803908.1	XP_016770895.1	XP_003399763.1
OG0002162	XP_016912327.1	XP_006613762.1	XP_003696649.1	XP_043792607.1	XP_001121223.1	NP_001267855.1
OG0002163	XP_016920691.1	XP_006619276.2	XP_012343225.3	XP_043801107.1	XP_001120439.3	XP_012171793.3
OG0002164	XP_061933772.1	XP_031366945.1	XP_086770896.1	XP_043786768.1	XP_026297802.1	XP_048264221.1
OG0002165	XP_016919720.1	XP_006624131.1	XP_012342870.2	XP_043797396.1	XP_624023.2	XP_012163547.1
OG0002166	XP_016904006.1	XP_006623762.1	XP_086770673.1	XP_043790296.1	XP_016773003.2	XP_003400922.2
OG0002167	XP_016905017.1	XP_006619080.1	XP_003692917.1	XP_043800488.1	XP_006564353.1	XP_003396909.1
OG0002168	XP_061940047.1	XP_006614580.1	XP_086770226.1	XP_043787450.1	XP_026300448.1	XP_048267238.1
OG0002169	XP_016906141.1	XP_031364067.1	XP_086763643.1	XP_043803990.1	XP_026299955.1	XP_003399740.1
OG0002170	XP_016909837.2	XP_031369166.1	XP_086761432.1	XP_043798771.1	XP_003251544.2	XP_003398766.2
OG0002171	XP_016905698.2	XP_006620148.1	XP_003698953.2	XP_043801471.1	XP_003249566.1	XP_048264039.1
OG0002172	XP_016919478.1	XP_031366394.1	XP_012350714.1	XP_043801587.1	XP_016770571.1	XP_020721065.1
OG0002173	XP_016915149.1	XP_006617237.1	XP_031771468.1	XP_043800377.1	XP_001121570.2	XP_003402935.1
OG0002174	XP_016916843.1	XP_006624741.1	XP_003696031.4	XP_043790402.1	NP_001229446.1	XP_003401400.1
OG0002175	XP_016920406.1	XP_006607310.1	XP_086773497.1	XP_043786239.1	XP_006559576.1	XP_048269528.1
OG0002176	XP_016907950.2	XP_006614310.1	XP_086771820.1	XP_043798583.1	XP_006566517.1	XP_012169706.1
OG0002177	XP_016920582.1	XP_006623674.1	XP_003692777.1	XP_043786901.1	XP_623377.1	XP_048265083.1
OG0002178	XP_016916206.1	XP_006611250.1	XP_003691201.2	XP_043786622.1	XP_394944.4	XP_012169841.1
OG0002179	XP_016912802.1	XP_006616308.1	XP_086765521.1	XP_043787726.1	XP_006563948.1	XP_003394271.1
OG0002180	XP_016917725.1	XP_006617320.1	XP_086771967.1	XP_043802759.1	XP_016767931.1	XP_012174262.1
OG0002181	XP_016921251.1	XP_006622549.1	XP_012348240.1	XP_043803562.1	XP_006570672.1	XP_012163139.1
OG0002182	XP_016921094.1	XP_006610264.1	XP_003689648.3	XP_043788066.1	XP_623755.3	XP_012171317.2
OG0002183	XP_016918095.2	XP_006608858.1	XP_086763435.1	XP_043800709.1	XP_026297112.1	XP_048262330.1
OG0002184	XP_016911007.1	XP_006611676.1	XP_003698664.2	XP_043795362.1	XP_623793.2	XP_003394289.1
OG0002185	XP_061936064.1	XP_031367983.1	XP_086773275.1	XP_043786828.1	XP_395179.2	XP_003398149.1
OG0002186	XP_016909551.2	XP_006623708.1	XP_003694645.1	XP_043801739.1	NP_001229315.1	XP_003394970.1
OG0002187	XP_016904709.2	XP_006612145.1	XP_003695675.1	XP_043795620.1	XP_026299144.1	XP_003398385.1
OG0002188	XP_028525776.1	XP_006619933.1	XP_086767876.1	XP_043794439.1	XP_026297862.1	XP_003393274.1
OG0002189	XP_016914301.1	XP_006624450.1	XP_086767164.1	XP_043799813.1	XP_003251671.1	XP_012167278.1
OG0002190	XP_016916067.1	XP_006611303.1	XP_031776489.1	XP_043786645.1	XP_006559446.1	XP_003399921.1
OG0002191	XP_016914377.1	XP_006624444.1	XP_031771489.1	XP_043799870.1	XP_016768262.1	XP_003397680.1
OG0002192	XP_061929794.1	XP_006610233.1	XP_086759388.1	XP_043788080.1	XP_006562063.1	XP_020722106.1
OG0002193	XP_061935548.1	XP_006617819.1	XP_012348466.1	XP_043789619.1	XP_026298607.1	XP_048264650.1
OG0002194	XP_016915001.1	XP_006625233.1	XP_012346724.1	XP_043800805.1	XP_026295013.1	XP_048265761.1
OG0002195	XP_016919279.1	XP_031365027.1	XP_086772458.1	XP_043791429.1	XP_001120810.2	XP_003394640.1
OG0002196	XP_016903893.2	XP_006609035.1	XP_003696954.1	XP_043797846.1	XP_006568799.1	XP_012172759.1
OG0002197	XP_016919498.2	XP_006608019.1	XP_031776483.1	XP_043801568.1	XP_006564089.1	XP_012168781.2
OG0002198	XP_016906358.1	XP_031368557.1	XP_031772465.1	XP_043799973.1	XP_016768333.1	XP_012167045.2
OG0002199	XP_061941118.1	XP_006619316.1	XP_086764755.1	XP_043801207.1	XP_026300952.1	XP_020722339.1
OG0002200	XP_061942536.1	XP_006620503.1	XP_012347985.1	XP_043786596.1	XP_026301575.1	XP_003402208.1
OG0002201	XP_016909796.2	XP_006620355.1	XP_086773909.1	XP_043790309.1	XP_006561076.2	XP_020722638.1
OG0002202	XP_016906121.1	XP_006611850.1	XP_086759934.1	XP_043801882.1	XP_001122278.1	XP_003402409.1
OG0002203	XP_016907096.1	XP_006624186.1	XP_003694823.2	XP_043785399.1	XP_006565668.1	XP_012171940.3
OG0002204	XP_016915210.1	XP_006617269.1	XP_012340243.1	XP_043799908.1	XP_006570746.1	XP_003402955.1
OG0002205	XP_016906027.1	XP_006608407.1	XP_003698719.1	XP_043788458.1	XP_392655.2	XP_012176399.1
OG0002206	XP_061931619.1	XP_006624281.1	XP_012339804.2	XP_043802836.1	XP_026296448.1	XP_012164425.1
OG0002207	XP_016917729.1	XP_006608639.1	XP_086772095.1	XP_043802662.1	XP_006572339.1	XP_048261928.1
OG0002208	XP_016908200.1	XP_006612931.1	XP_012338893.1	XP_043799623.1	XP_006559721.1	XP_003397158.1
OG0002209	XP_016905697.2	XP_031368442.1	XP_003698949.3	XP_043801470.1	NP_001011640.1	XP_003397291.1
OG0002210	XP_016915524.1	XP_006608709.1	XP_086762410.1	XP_043796933.1	XP_395655.4	XP_003401797.1
OG0002211	XP_016920087.2	XP_006612440.1	XP_003696880.2	XP_043797675.1	NP_001193396.1	XP_003402657.2
OG0002212	XP_061933162.1	XP_006618717.1	XP_086766497.1	XP_043795718.1	XP_026297511.1	XP_003396635.2
OG0002213	XP_061943341.1	XP_006622693.1	XP_012344607.2	XP_043801266.1	XP_624711.1	XP_003393217.1
OG0002214	XP_061935238.1	XP_006621008.1	XP_086758579.1	XP_043795172.1	XP_026298463.1	XP_048264450.1
OG0002215	XP_061931605.1	XP_006623684.2	XP_086772030.1	XP_043802789.1	XP_016772763.1	XP_003395276.1
OG0002216	XP_016911714.1	XP_006617829.1	XP_003690230.1	XP_043790006.1	XP_003251036.1	XP_003397872.2
OG0002217	XP_016915657.1	XP_006616028.1	XP_086759467.1	XP_043788276.1	XP_003249707.1	XP_003395059.1
OG0002218	XP_016903912.1	XP_006618261.1	XP_003696946.1	XP_043799006.1	XP_003251320.1	XP_003393699.1
OG0002219	XP_061932793.1	XP_006624453.1	XP_012340139.1	XP_043799945.1	XP_001122474.2	XP_003397678.1
OG0002220	XP_016905039.2	XP_006619066.1	XP_031771872.2	XP_043800524.1	XP_006564335.1	XP_048265708.1
OG0002221	XP_016910538.2	XP_006615272.1	XP_012351139.2	XP_043803329.1	XP_006565924.2	XP_003393945.2
OG0002222	XP_061929438.1	XP_006623792.1	XP_012342864.1	XP_043802848.1	XP_393050.2	XP_003395168.1
OG0002223	XP_061934091.1	XP_006609532.1	XP_003690633.1	XP_043789502.1	XP_006562013.1	XP_012167018.1
OG0002224	XP_061935994.1	XP_006624051.1	XP_003695723.4	XP_043798074.1	XP_624384.4	XP_012167769.1
OG0002225	XP_016917109.1	XP_006620980.1	XP_012349632.2	XP_043801676.1	XP_392555.1	XP_003397622.1
OG0002226	XP_061931386.1	XP_006622037.1	XP_003696532.3	XP_043792488.1	XP_026296801.1	XP_012173521.1
OG0002227	XP_061931157.1	XP_006618606.1	XP_086760500.1	XP_043793102.1	XP_006567764.1	XP_012173468.1
OG0002228	XP_016921814.1	XP_006619351.1	XP_003690180.3	XP_043784272.1	XP_395151.3	XP_003397163.1
OG0002229	XP_016905007.1	XP_006619077.1	XP_003692915.1	XP_043800457.1	XP_026297475.1	XP_012168478.1
OG0002230	XP_061933607.1	XP_006618366.1	XP_086759213.1	XP_043794668.1	XP_006560193.2	XP_012166654.1
OG0002231	XP_016910605.1	XP_006615259.1	XP_003691437.4	XP_043803144.1	XP_003250774.1	XP_003393938.1
OG0002232	XP_016908643.1	XP_006608893.1	XP_012342322.2	XP_043800965.1	XP_392423.2	XP_012165037.1
OG0002233	XP_016918326.1	XP_006607624.1	XP_012342698.1	XP_043797012.1	XP_395147.4	XP_048269361.1
OG0002234	XP_016912022.1	XP_006615917.1	XP_003698460.1	XP_043795133.1	XP_395236.2	XP_012169143.1
OG0002235	XP_061931518.1	XP_031369397.1	XP_086760298.1	XP_043792547.1	XP_026296398.1	XP_048262199.1
OG0002236	XP_061930592.1	XP_006613999.1	XP_086760597.1	XP_043793336.1	XP_003250016.1	XP_003395466.1
OG0002237	XP_061932802.1	XP_031370407.1	XP_003692507.3	XP_043799874.1	XP_006570938.1	XP_048264360.1
OG0002238	XP_061927787.1	XP_006614442.1	XP_003697677.1	XP_043786454.1	XP_396164.7	XP_003393593.3
OG0002239	XP_016922133.1	XP_006614282.1	XP_003694557.1	XP_043787534.1	XP_393174.1	XP_003400117.1
OG0002240	XP_016911823.1	XP_006611370.1	XP_003696211.2	XP_043793404.1	XP_006564248.1	XP_003395460.1
OG0002241	XP_061937574.1	XP_006623127.2	XP_003698140.2	XP_043790071.1	XP_395186.4	XP_048265972.1
OG0002242	XP_028520578.2	XP_006613797.1	XP_012342493.2	XP_043801020.1	XP_006565393.1	XP_003396063.2
OG0002243	XP_016914352.2	XP_006620941.1	XP_003692418.1	XP_043800269.1	NP_001011566.1	NP_001267850.1
OG0002244	XP_016920363.1	XP_006622331.1	XP_003696830.1	XP_043800464.1	XP_006569051.1	XP_003393798.1
OG0002245	XP_016917788.2	XP_006617338.1	XP_086771186.1	XP_043785158.1	XP_001120982.2	XP_020723057.1
OG0002246	XP_016918937.1	XP_031364938.1	XP_086767939.1	XP_043794460.1	XP_006571498.1	XP_003402539.1
OG0002247	XP_061935195.1	XP_006613102.1	XP_086759137.1	XP_043795026.1	XP_016769442.2	XP_012167098.1
OG0002248	XP_061928982.1	XP_031365286.1	XP_086764299.1	XP_043802716.1	XP_026295670.1	XP_012174687.1
OG0002249	XP_016916697.1	XP_031366763.1	XP_086764944.1	XP_043785344.1	XP_026300883.1	XP_012171705.2
OG0002250	XP_061930263.1	XP_006617442.1	XP_012342750.1	XP_043801838.1	XP_006567226.1	XP_003395237.1
OG0002251	XP_016910122.1	XP_031365458.1	XP_012345755.1	XP_043792174.1	XP_026296555.1	XP_012164214.1
OG0002252	XP_016919695.2	XP_006607711.1	XP_003699002.2	XP_043797483.1	XP_396603.5	XP_012166493.2
OG0002253	XP_016905026.1	XP_006619075.1	XP_003692916.2	XP_043800580.1	XP_624513.2	XP_003398633.1
OG0002254	XP_016909492.1	XP_031368236.1	XP_012343339.3	XP_043802384.1	XP_026296062.1	XP_012176736.2
OG0002255	XP_061935122.1	XP_006622259.1	XP_012347748.3	XP_043795248.1	XP_006561636.2	XP_048264952.1
OG0002256	XP_016903737.2	XP_031369904.1	XP_086768217.1	XP_043794461.1	XP_026302115.1	XP_048261800.1
OG0002257	XP_061943117.1	XP_031368019.1	XP_012344674.2	XP_043794521.1	XP_003251794.2	XP_003393353.1
OG0002258	XP_016903741.1	XP_006623339.2	XP_086767895.1	XP_043794178.1	XP_003251792.1	XP_003393355.2
OG0002259	XP_028519917.1	XP_006619223.1	XP_086768216.1	XP_043794364.1	XP_006571787.1	XP_048265287.1
OG0002260	XP_061943113.1	XP_006619226.1	XP_086767899.1	XP_043794519.1	XP_026302114.1	XP_003393352.1
OG0002261	XP_016903744.2	XP_031368023.1	XP_012344449.2	XP_043794379.1	XP_006571789.1	XP_012166562.1
OG0002262	XP_016903746.1	XP_006619215.1	XP_012344529.1	XP_043794044.1	NP_001207416.1	XP_048260694.1
OG0002263	XP_061935399.1	XP_006610074.1	XP_086766915.1	XP_043789649.1	XP_392545.3	XP_003397661.2
OG0002264	XP_061936038.1	XP_006613919.1	XP_012348569.1	XP_043787311.1	XP_006564533.2	XP_003398176.2
OG0002265	XP_016903762.1	XP_006613920.1	XP_003698316.1	XP_043787313.1	XP_001120188.1	XP_012167819.1
OG0002266	XP_016903764.2	XP_006613923.1	XP_003698314.3	XP_043787158.1	XP_003250472.2	XP_048265410.1
OG0002267	XP_016903768.2	XP_006613936.1	XP_003698321.4	XP_043787057.1	XP_026299152.1	XP_012168428.1
OG0002268	XP_016903770.2	XP_006613943.1	XP_003698304.2	XP_043786922.1	XP_393706.3	XP_020720624.2
OG0002269	XP_016903771.1	XP_006613927.1	XP_003698310.1	XP_043787027.1	XP_623681.1	XP_012167829.2
OG0002270	XP_016903773.1	XP_006613942.1	XP_003698319.3	XP_043786921.1	XP_001120319.3	XP_003398196.2
OG0002271	XP_016903774.1	XP_006613935.1	XP_086769916.1	XP_043787059.1	XP_016770119.1	XP_012167835.1
OG0002272	XP_016903779.1	XP_006607854.1	XP_012347950.2	XP_043790011.1	XP_001121422.2	XP_012166908.1
OG0002273	XP_016903775.2	XP_031365445.1	XP_086769926.1	XP_043787312.1	XP_006564535.2	XP_003398182.1
OG0002274	XP_016903781.1	XP_006613928.1	XP_012348572.1	XP_043786776.1	XP_006564543.1	XP_020720629.2
OG0002275	XP_016903787.1	XP_006613947.1	XP_086769885.1	XP_043787272.1	XP_391850.3	XP_003398173.1
OG0002276	XP_016903796.1	XP_006613959.1	XP_012348582.1	XP_043787013.1	XP_006564549.1	XP_012167848.1
OG0002277	XP_028519922.2	XP_031365435.1	XP_012348571.2	XP_043787159.1	XP_016770007.2	XP_048265727.1
OG0002278	XP_016903814.1	XP_006620034.1	XP_003696859.1	XP_043800708.1	XP_001121218.1	XP_003393944.1
OG0002279	XP_061927716.1	XP_006618264.1	XP_086763050.1	XP_043796976.1	XP_001121629.2	XP_012172997.1
OG0002280	XP_016903827.2	XP_006609041.1	XP_003696948.1	XP_043801048.1	XP_026302301.1	XP_048269387.1
OG0002281	XP_028519938.1	XP_006618254.1	XP_012346414.1	XP_043801062.1	XP_026302302.1	XP_003393691.2
OG0002282	XP_016903833.2	XP_006618252.1	XP_003696947.3	XP_043801101.1	XP_006568807.2	XP_003393694.2
OG0002283	XP_016903843.2	XP_006609026.1	XP_003696966.1	XP_043797297.1	NP_001306198.1	XP_012172543.3
OG0002284	XP_016903860.2	XP_006613555.1	XP_086763052.1	XP_043797112.1	XP_392195.5	XP_020723070.2
OG0002285	XP_016903875.2	XP_006609045.1	XP_086763070.1	XP_043797199.1	XP_026294728.1	XP_003393668.2
OG0002286	XP_016903884.1	XP_006613557.1	XP_003696972.2	XP_043802602.1	XP_016773614.1	XP_003393762.1
OG0002287	XP_016903889.1	XP_006613558.1	XP_031774448.1	XP_043802610.1	XP_006568763.1	XP_003393761.1
OG0002288	XP_016903895.1	XP_006609037.1	XP_003696952.3	XP_043802160.1	XP_016773550.1	XP_012172730.1
OG0002289	XP_016903900.1	XP_006618271.1	XP_031774571.1	XP_043800668.1	XP_006568820.1	XP_003393702.1
OG0002290	XP_016903909.1	XP_006618263.1	XP_031774566.1	XP_043796994.1	XP_006568815.1	XP_012173004.1
OG0002291	XP_016903917.1	XP_006618266.1	XP_003696940.1	XP_043801369.1	XP_396658.3	XP_003393701.1
OG0002292	XP_061928365.1	XP_006609798.1	XP_003698740.3	XP_043788328.1	XP_006560546.1	XP_003394542.2
OG0002293	XP_028519971.1	XP_031369354.1	XP_031775740.2	XP_043795291.1	XP_026295187.1	XP_003402882.1
OG0002294	XP_016903941.1	XP_006622012.1	XP_012349074.1	XP_043795438.1	XP_006557316.1	XP_003402881.1
OG0002295	XP_016903944.1	XP_006622010.1	XP_086770018.1	XP_043795440.1	XP_006557320.2	XP_012174633.2
OG0002296	XP_016903946.2	XP_031369334.1	XP_086770016.1	XP_043795342.1	XP_026295465.1	XP_020723624.2
OG0002297	XP_061929194.1	XP_006607810.1	XP_031775967.2	XP_043788379.1	XP_006559816.2	XP_003394272.2
OG0002298	XP_016903954.1	XP_006608380.1	XP_086765935.1	XP_043788369.1	XP_006559810.1	XP_003394188.2
OG0002299	XP_016903957.1	XP_006608378.1	XP_012349246.1	XP_043788388.1	XP_003249546.2	XP_048260640.1
OG0002300	XP_016903960.1	XP_006608377.1	XP_003698701.1	XP_043788370.1	XP_394440.3	XP_012175968.1
OG0002301	XP_016903962.1	XP_031365374.1	XP_031775970.1	XP_043788415.1	XP_001121415.2	XP_003394276.2
OG0002302	XP_016904000.2	XP_006607696.2	XP_086761051.1	XP_043789759.1	XP_006561942.2	XP_020720075.2
OG0002303	XP_016903968.1	XP_031365331.1	XP_031775836.2	XP_043788325.1	XP_016767006.1	XP_020724348.1
OG0002304	XP_016903971.1	XP_006607816.1	XP_086765942.1	XP_043788286.1	XP_006559827.2	XP_003394474.1
OG0002305	XP_061928320.1	XP_031367937.1	XP_012349339.2	XP_043788407.1	XP_026295391.1	XP_048260176.1
OG0002306	XP_028519989.1	XP_006623754.1	XP_012348629.1	XP_043790263.1	XP_026301747.1	XP_048267199.1
OG0002307	XP_016903984.1	XP_031370085.1	XP_086770694.1	XP_043790277.1	XP_026301763.1	XP_003402796.1
OG0002308	XP_061941141.1	XP_006624546.1	XP_086770702.1	XP_043790280.1	XP_026301739.1	XP_003402797.2
OG0002309	XP_061941139.1	XP_006623343.1	XP_086770678.1	XP_043790270.1	NP_001229508.1	XP_012171932.1
OG0002310	XP_016904002.1	XP_031370081.1	XP_031775584.1	XP_043790279.1	XP_026301758.1	XP_003400924.1
OG0002311	XP_061941147.1	XP_006624936.1	XP_031775589.1	XP_043790285.1	XP_001122855.3	XP_012174522.2
OG0002312	XP_016904012.1	XP_006623760.1	XP_003698346.1	XP_043790298.1	XP_006572369.1	XP_012171936.1
OG0002313	XP_028519992.1	XP_006610171.1	XP_012347119.1	XP_043789826.1	XP_026298543.1	XP_012167339.2
OG0002314	XP_061934311.1	XP_031364058.1	XP_086761924.1	XP_043796528.1	XP_026298207.1	XP_020719923.2
OG0002315	XP_061934349.1	XP_006607538.1	XP_003693315.1	XP_043796514.1	XP_026298373.1	XP_003403076.1
OG0002316	XP_016904028.1	XP_006607551.1	XP_003694194.1	XP_043797216.1	XP_394865.3	XP_003403092.1
OG0002317	XP_028520006.2	XP_006607533.1	XP_012341429.2	XP_043796753.1	XP_026298376.1	XP_020723771.1
OG0002318	XP_016904077.1	XP_006607466.1	XP_012341405.2	XP_043796563.1	XP_394739.4	XP_003397085.1
OG0002319	XP_016904079.1	XP_006607473.1	XP_003693289.1	XP_043796564.1	XP_394738.2	XP_003403053.1
OG0002320	XP_016904081.2	XP_006607471.1	XP_003693284.1	XP_043797203.1	XP_003250351.1	XP_020719926.1
OG0002321	XP_016904126.2	XP_006607683.2	XP_012346255.2	XP_043789755.1	XP_006561943.2	XP_012167430.2
OG0002322	XP_016904084.1	XP_006607470.1	XP_003693290.2	XP_043796859.1	XP_006563902.1	XP_003397088.1
OG0002323	XP_016904094.1	XP_006607442.1	XP_086761913.1	XP_043796577.1	XP_393264.2	XP_003397142.1
OG0002324	XP_061934324.1	XP_031364092.1	XP_086761908.1	XP_043796582.1	XP_016769166.1	XP_048263993.1
OG0002325	XP_061934321.1	XP_006607458.1	XP_003693281.1	XP_043796803.1	XP_393262.1	XP_003397079.1
OG0002326	XP_016904102.1	XP_006607522.1	XP_031772134.2	XP_043796799.1	XP_006563867.2	XP_012175068.1
OG0002327	XP_061934314.1	XP_006607486.1	XP_086761966.1	XP_043797019.1	XP_026297904.1	XP_003403064.2
OG0002328	XP_016904107.1	XP_006607487.1	XP_003693311.1	XP_043797025.1	XP_393044.4	XP_012175059.1
OG0002329	XP_016904108.2	XP_006607462.1	XP_003693282.2	XP_043797335.1	XP_006563910.1	XP_003397081.1
OG0002330	XP_016904110.1	XP_006607465.1	XP_031772131.1	XP_043796741.1	XP_395200.2	XP_003397082.1
OG0002331	XP_016904114.1	XP_006607662.1	XP_086761977.1	XP_043796744.1	XP_001123118.3	XP_003403082.1
OG0002332	XP_061934379.1	XP_006607544.1	XP_012342561.2	XP_043797211.1	XP_026298140.1	XP_048268982.1
OG0002333	XP_028520010.1	XP_006607541.1	XP_086761997.1	XP_043797213.1	XP_026298036.1	XP_012175085.2
OG0002334	XP_016904131.1	XP_006607508.1	XP_003693297.1	XP_043797028.1	XP_003250346.1	XP_003403073.1
OG0002335	XP_061934331.1	XP_006607492.1	XP_003693295.1	XP_043796662.1	XP_003250349.1	XP_003403060.1
OG0002336	XP_061943038.1	XP_006616122.1	XP_003695471.3	XP_043794292.1	XP_003251770.2	XP_003393250.1
OG0002337	XP_016904141.1	XP_006616821.2	XP_003692759.1	XP_043786889.1	XP_006566249.1	XP_012167732.1
OG0002338	XP_061935218.1	XP_006613105.1	XP_086758964.1	XP_043795233.1	XP_624908.3	XP_020720256.2
OG0002339	XP_016904159.3	XP_031368916.1	XP_012345297.2	XP_043793984.1	XP_026300148.1	XP_048268884.1
OG0002340	XP_016904163.1	XP_006621027.1	XP_086767742.1	XP_043793983.1	XP_006558376.1	XP_020722447.1
OG0002341	XP_016904170.1	XP_006610067.1	XP_003690312.1	XP_043789621.1	XP_393549.3	XP_012166796.2
OG0002342	XP_016904182.1	XP_031371215.1	XP_012345277.2	XP_043789622.1	XP_006561811.1	XP_012166797.3
OG0002343	XP_016904188.1	XP_031371299.1	XP_012345469.1	XP_043794001.1	XP_016771050.1	XP_003401598.1
OG0002344	XP_061939182.1	XP_006615797.1	XP_086767659.1	XP_043793976.1	XP_026300149.1	XP_048268742.1
OG0002345	XP_016904200.1	XP_006610180.1	XP_003696178.1	XP_043794014.1	XP_395812.4	XP_048268581.1
OG0002346	XP_016904203.2	XP_031368914.1	XP_012344896.3	XP_043793886.1	XP_016770959.2	XP_012172465.2
OG0002347	XP_061940653.1	XP_006613415.1	XP_012349416.3	XP_043785986.1	XP_026300063.1	XP_003399303.2
OG0002348	XP_061943226.1	XP_031365232.1	XP_086769652.1	XP_043791508.1	XP_026302045.1	XP_012174206.3
OG0002349	XP_061940185.1	XP_006613317.1	XP_086769725.1	XP_043788192.1	XP_396376.2	XP_012176755.2
OG0002350	XP_016904227.2	XP_031368470.1	XP_031770977.1	XP_043795550.1	XP_394140.4	XP_003396609.2
OG0002351	XP_016904233.1	XP_031365550.1	XP_003690329.2	XP_043789563.1	XP_026298460.1	XP_012167607.1
OG0002352	XP_016904239.1	XP_006620204.1	XP_012350087.3	XP_043795602.1	XP_016773633.1	XP_020719410.1
OG0002353	XP_016904248.2	XP_031368500.1	XP_012350092.2	XP_043795607.1	XP_016766172.1	XP_012165659.1
OG0002354	XP_016904250.1	XP_031368472.1	XP_086769584.1	XP_043795609.1	XP_006557437.1	XP_012166189.1
OG0002355	XP_016904263.1	XP_006613314.1	XP_086769733.1	XP_043788490.1	XP_001121025.1	XP_012169809.1
OG0002356	XP_016904265.2	XP_006613350.2	XP_031776155.2	XP_043788862.1	XP_003249351.3	XP_012165965.1
OG0002357	XP_016904268.1	XP_006613396.1	XP_003690585.1	XP_043788820.1	XP_006559947.1	XP_003395796.3
OG0002358	XP_016904270.1	XP_006613290.1	XP_003690542.1	XP_043793693.1	XP_003249336.1	XP_003396855.1
OG0002359	XP_016904282.1	XP_006613288.1	XP_003690541.2	XP_043793648.1	XP_001120937.2	XP_048263219.1
OG0002360	XP_016904289.1	XP_006607984.2	XP_003690712.1	XP_043795556.1	XP_001122509.1	XP_012166007.3
OG0002361	XP_016904298.1	XP_006607830.1	XP_003690321.1	XP_043789979.1	XP_395304.3	XP_003397554.3
OG0002362	XP_061940551.1	XP_006613338.2	XP_031776165.2	XP_043786330.1	XP_006559914.2	XP_012174197.2
OG0002363	XP_016904313.1	XP_006613329.1	XP_003690559.1	XP_043793413.1	XP_006559905.1	XP_048261207.1
OG0002364	XP_016904317.1	XP_006613328.1	XP_086769713.1	XP_043786343.1	XP_026301282.1	XP_012176762.2
OG0002365	XP_061940111.1	XP_006613289.1	XP_003690537.3	XP_043793636.1	XP_393342.3	XP_012165995.2
OG0002366	XP_016904324.1	XP_006613315.1	XP_031776229.1	XP_043794098.1	XP_006558676.2	XP_003394840.1
OG0002367	XP_016904326.1	XP_031365153.1	XP_031776234.2	XP_043786210.1	XP_016773353.2	XP_012169813.2
OG0002368	XP_016904328.1	XP_006613303.1	XP_003690193.2	XP_043790645.1	XP_006558674.1	XP_012169543.1
OG0002369	XP_061939384.1	XP_006617598.1	XP_086769234.1	XP_043795545.1	XP_006557413.1	XP_012165958.1
OG0002370	XP_016904345.1	XP_031365486.1	XP_003690351.1	XP_043789567.1	XP_026298492.1	XP_003397935.3
OG0002371	XP_016904341.1	XP_006620234.1	XP_003690801.3	XP_043795596.1	XP_394142.4	XP_012165630.1
OG0002372	XP_016904347.1	XP_006613399.1	XP_003690575.2	XP_043785920.1	XP_001122042.3	XP_012169635.2
OG0002373	XP_061940637.1	XP_006613402.2	XP_012350134.3	XP_043785954.1	XP_006559923.1	XP_012169643.1
OG0002374	XP_028520078.1	XP_031365203.1	XP_086769145.1	XP_043785999.1	XP_003249578.1	XP_048266470.1
OG0002375	XP_016904355.1	XP_006607689.1	XP_031774879.1	XP_043789336.1	XP_006561935.1	XP_003397768.1
OG0002376	XP_061938582.1	XP_006620207.1	XP_086769162.1	XP_043795520.1	XP_001122271.2	XP_012165641.1
OG0002377	XP_061938510.1	XP_031366933.1	XP_003690588.1	XP_043795573.1	XP_623952.2	XP_020719466.2
OG0002378	XP_061938570.1	XP_031366941.1	XP_086769198.1	XP_043795579.1	XP_026302088.1	XP_012165049.1
OG0002379	XP_016904379.2	XP_006613269.1	XP_012350040.1	XP_043793489.1	XP_006558641.1	XP_012165976.2
OG0002380	XP_016904381.1	XP_006613259.1	XP_003690836.4	XP_043787849.1	XP_003249357.1	XP_003396837.1
OG0002381	XP_028520055.1	XP_006607687.1	XP_012349037.1	XP_043789339.1	XP_006561936.1	XP_012167409.2
OG0002382	XP_028520139.1	XP_006613250.1	XP_086769227.1	XP_043787487.1	XP_006558615.1	XP_048263710.1
OG0002383	XP_061938485.1	XP_031365191.1	XP_086769211.1	XP_043790632.1	XP_026301835.1	XP_048263332.1
OG0002384	XP_016904395.1	XP_006613300.2	XP_086769738.1	XP_043786655.1	XP_397273.4	XP_020721296.1
OG0002385	XP_061940440.1	XP_006613322.1	XP_031776224.2	XP_043787035.1	XP_001119959.2	XP_003394839.1
OG0002386	XP_016904401.1	XP_006613321.1	XP_003690558.1	XP_043788617.1	XP_001121467.2	XP_003394841.1
OG0002387	XP_016904403.1	XP_006613339.1	XP_012350114.1	XP_043793034.1	XP_006559909.2	XP_012174190.1
OG0002388	XP_016904421.1	XP_006625130.1	XP_031775526.2	XP_043789883.1	XP_006561923.1	XP_012167401.1
OG0002389	XP_061940963.1	XP_031365513.1	XP_086769587.1	XP_043790818.1	XP_026294767.1	XP_048264424.1
OG0002390	XP_016904427.1	XP_031365192.1	XP_086769210.1	XP_043792434.1	XP_026301822.1	XP_048263606.1
OG0002391	XP_061935444.1	XP_031370768.1	XP_086761178.1	XP_043789880.1	XP_026298749.1	XP_020720437.2
OG0002392	XP_028520155.2	XP_031365177.1	XP_012349901.1	XP_043792447.1	XP_026301834.1	XP_048263334.1
OG0002393	XP_061939439.1	XP_006607987.1	XP_086769246.1	XP_043795548.1	XP_624070.1	XP_003396823.2
OG0002394	XP_028523167.1	XP_031370706.1	XP_086761206.1	XP_043789877.1	XP_001121195.3	XP_003397788.2
OG0002395	XP_061939703.1	XP_031365167.1	XP_003690524.1	XP_043786817.1	XP_026302023.1	XP_012165972.1
OG0002396	XP_016904451.2	XP_031365206.1	XP_012350135.3	XP_043788744.1	XP_016773314.2	XP_003399295.3
OG0002397	XP_016904461.1	XP_006613409.1	XP_003690572.1	XP_043786576.1	XP_026302113.1	XP_003399296.2
OG0002398	XP_016904463.1	XP_006613301.1	XP_003690543.1	XP_043787477.1	XP_026302067.1	XP_003399411.1
OG0002399	XP_028520083.2	XP_006607997.1	XP_086769243.1	XP_043795510.1	XP_026295639.1	XP_003396824.1
OG0002400	XP_016904472.1	XP_006613270.1	XP_003690528.1	XP_043788310.1	XP_003249360.1	XP_003396849.1
OG0002401	XP_061939501.1	XP_031367257.1	XP_086769225.1	XP_043795613.1	XP_026301816.1	XP_020719332.1
OG0002402	XP_016904477.2	XP_006613249.1	XP_086769224.1	XP_043788201.1	XP_006558683.2	XP_012167535.1
OG0002403	XP_016904479.1	XP_006613318.1	XP_012350303.1	XP_043787809.1	XP_395143.4	XP_003394836.1
OG0002404	XP_016904480.1	XP_006620220.1	XP_012349867.2	XP_043795542.1	XP_026299887.1	XP_020719414.2
OG0002405	XP_016904483.2	XP_006610098.1	XP_012347054.1	XP_043789359.1	XP_006561863.1	XP_003397815.1
OG0002406	XP_016904489.1	XP_006612453.1	XP_003698291.1	XP_043791022.1	XP_016769951.1	XP_003398428.1
OG0002407	XP_016904492.1	XP_031364757.1	XP_012348553.2	XP_043791027.1	XP_001121936.2	XP_048265439.1
OG0002408	XP_061936883.1	XP_006612443.1	XP_003698289.3	XP_043790992.1	XP_006562562.1	XP_048265441.1
OG0002409	XP_016904496.1	XP_006621889.1	XP_086760844.1	XP_043792485.1	XP_006567961.1	XP_048261776.1
OG0002410	XP_028522237.2	XP_031365082.1	XP_031775134.2	XP_043795164.1	XP_006561668.2	XP_012167117.2
OG0002411	XP_061931147.1	XP_031367757.1	XP_086760531.1	XP_043792973.1	XP_026296669.1	XP_048270690.1
OG0002412	XP_061928061.1	XP_006623893.1	XP_086764638.1	XP_043800907.1	XP_026294700.1	XP_048269796.1
OG0002413	XP_061928076.1	XP_006625133.1	XP_003697139.1	XP_043800845.1	XP_006572346.1	XP_003393631.1
OG0002414	XP_016904512.1	XP_006624314.1	XP_003697197.1	XP_043800834.1	XP_003251885.1	XP_012171780.1
OG0002415	XP_061928049.1	XP_006624313.1	XP_012346764.2	XP_043800836.1	XP_001121363.2	XP_003393630.1
OG0002416	XP_061928059.1	XP_006624318.1	XP_086764557.1	XP_043800818.1	XP_006572186.2	XP_048270292.1
OG0002417	XP_061940623.1	XP_031364116.1	XP_031773214.2	XP_043785728.1	XP_016771856.2	XP_003400680.1
OG0002418	XP_061928022.1	XP_031364928.1	XP_003697145.2	XP_043800853.1	XP_026294895.1	XP_048265377.1
OG0002419	XP_016904535.1	XP_006612790.1	XP_031774653.1	XP_043800925.1	XP_001123223.3	XP_003398640.1
OG0002420	XP_016904542.1	XP_006613106.1	XP_012347710.1	XP_043795086.1	XP_006561685.1	XP_003397751.1
OG0002421	XP_061940182.1	XP_006619228.1	XP_012343851.3	XP_043801226.1	XP_001119882.2	XP_003400844.1
OG0002422	XP_016904543.1	XP_006612795.1	XP_003697184.1	XP_043800797.1	XP_001123067.2	XP_012168498.2
OG0002423	XP_016904547.1	XP_031366930.1	XP_086768352.1	XP_043799277.1	XP_026301949.1	XP_048260068.1
OG0002424	XP_016904558.1	XP_006613107.1	XP_003697719.3	XP_043795153.1	XP_001120927.1, XP_026298487.1	
OG0002425	XP_061943401.1	XP_006616996.1	XP_086768355.1	XP_043799266.1	XP_001121760.2	XP_003393130.2
OG0002426	XP_016904555.1	XP_006616986.1	XP_003694939.2	XP_043799270.1	XP_003251706.2	XP_003393159.2
OG0002427	XP_016904557.1	XP_031366927.1	XP_086768362.1	XP_043799224.1	XP_016773297.1	XP_020720690.2
OG0002428	XP_016904563.2	XP_006616997.1	XP_003694929.1	XP_043799274.1	XP_026301948.1	XP_012164540.1
OG0002429	XP_016904580.1	XP_006616993.1	XP_012343742.1	XP_043799261.1	XP_006571336.1	XP_012164522.1
OG0002430	XP_016904583.1	XP_006610341.1	XP_012342762.1	XP_043796414.1	XP_006568087.1	XP_003401656.1
OG0002431	XP_061939271.1	XP_006625123.1	XP_003696147.3	XP_043793847.1	XP_006559325.2	XP_003401444.1
OG0002432	XP_016904591.1	XP_006622471.1	XP_086762948.1	XP_043801026.1	XP_006568238.2	XP_048267173.1
OG0002433	XP_016904595.2	XP_031369496.1	XP_086762958.1	XP_043801235.1	XP_016766185.2	XP_003393833.2
OG0002434	XP_061927141.1	XP_031371161.1	XP_086762914.1	XP_043800598.1	XP_016766513.2	XP_048270401.1
OG0002435	XP_016904597.1	XP_006609898.1	XP_086763107.1	XP_043797730.1	XP_016766286.1	XP_003393825.2
OG0002436	XP_016904598.1	XP_006609889.1	XP_031774583.2	XP_043798515.1	XP_016766283.1	XP_003393827.4
OG0002437	XP_028520209.1	XP_031371175.1	XP_086763118.1	XP_043800335.1	XP_026295048.1	XP_048270432.1
OG0002438	XP_061927151.1	XP_006609894.2	XP_086763116.1	XP_043797816.1	XP_006568266.1	XP_003393829.2
OG0002439	XP_016904608.2	XP_031369532.1	XP_086762955.1	XP_043802577.1	XP_003251193.2	XP_003393843.1
OG0002440	XP_061927145.1	XP_006609895.1	XP_003697049.1	XP_043797795.1	XP_006568260.1	XP_003393830.2
OG0002441	XP_016904627.1	XP_006614613.1	XP_003689586.3	XP_043798073.1	XP_006557859.1	XP_012167918.2
OG0002442	XP_016904626.1	XP_006622480.1	XP_086762963.1	XP_043802582.1	XP_003251197.1	XP_003393842.1
OG0002443	XP_061927967.1	XP_006622485.1	XP_031774589.1	XP_043800478.1	XP_001120245.2	XP_003393839.2
OG0002444	XP_061927636.1	XP_031368724.1	XP_012346505.1	XP_043797406.1	XP_006568857.1	XP_048267321.1
OG0002445	XP_016904647.1	XP_006612144.1	XP_003695694.1	XP_043795623.1	XP_001122164.3	XP_003398383.2
OG0002446	XP_016904648.1	XP_006612466.1	XP_012342115.3	XP_043791052.1	XP_026299060.1	XP_012168142.1
OG0002447	XP_016904650.1	XP_006612465.1	XP_012342116.2	XP_043791055.1	XP_001121734.3	XP_003398410.1
OG0002448	XP_016904652.2	XP_031364772.1	XP_031772423.2	XP_043790995.1	XP_006562412.3	XP_048265483.1
OG0002449	XP_016904667.1	XP_006612481.1	XP_003693806.1	XP_043791032.1	XP_016769773.1	XP_003398404.1
OG0002450	XP_016904679.2	XP_006612470.1	XP_003693782.3	XP_043791044.1	XP_006562422.1	XP_012168144.1
OG0002451	XP_016904681.2	XP_006612457.1	XP_003693789.3	XP_043791051.1	XP_006562425.1	XP_048265480.1
OG0002452	XP_061936710.1	XP_031364773.1	XP_086766789.1	XP_043791039.1	XP_026299151.1	XP_048265545.1
OG0002453	XP_016904705.2	XP_006612490.1	XP_003693798.3	XP_043791019.1	XP_026299054.1	XP_048265537.1
OG0002454	XP_016904706.1	XP_006612479.1	XP_012342140.2	XP_043791031.1	XP_006562424.1	XP_003398422.1
OG0002455	XP_061936850.1	XP_006612147.1	XP_003695674.2	XP_043795630.1	XP_003250006.1	XP_003398388.1
OG0002456	XP_016904732.2	XP_031365691.1	XP_012347334.1	XP_043802924.1	XP_006559286.2	XP_048265130.1
OG0002457	XP_016904733.1	XP_006620399.1	XP_086760239.1	XP_043798148.1	XP_006559124.1	XP_012168395.2
OG0002458	XP_016904734.1	XP_006620407.1	XP_012344709.1	XP_043798146.1	XP_026299148.1	XP_020720572.2
OG0002459	XP_016904735.1	XP_031368572.1	XP_086760233.1	XP_043798145.1	XP_006559127.1	XP_012168392.1
OG0002460	XP_061936722.1	XP_006614492.1	XP_086771500.1	XP_043802925.1	XP_026299298.1	XP_003398587.2
OG0002461	XP_028520235.1	XP_031365598.1	XP_031774414.2	XP_043789556.1	XP_006561741.1	XP_012167020.1
OG0002462	XP_061943350.1	XP_031369966.1	XP_086768371.1	XP_043799243.1	XP_006571326.2	XP_012164593.2
OG0002463	XP_016904749.3	XP_006623515.1	XP_012339849.3	XP_043799299.1	XP_003251713.4	XP_020720856.2
OG0002464	XP_016904751.1	XP_006623501.1	XP_012339852.1	XP_043799252.1	XP_006571320.1	XP_012164662.1
OG0002465	XP_016904754.1	XP_006623500.1	XP_003692210.1	XP_043799242.1	NP_001129659.1	XP_003393141.1
OG0002466	XP_016904765.1	XP_031369962.1	XP_086768413.1	XP_043799298.1	XP_016771882.1	XP_012164739.1
OG0002467	XP_061943348.1	XP_006623510.1	XP_086768410.1	XP_043799292.1	XP_026294857.1	XP_012164730.2
OG0002468	XP_061941134.1	XP_006625240.2	XP_031775582.2	XP_043790256.1	XP_006572373.1	XP_003400941.1
OG0002469	XP_016904783.1	XP_006619176.1	XP_003698557.1	XP_043786990.1	XP_625017.1	XP_003398051.1
OG0002470	XP_016904788.2	XP_006619191.1	XP_086773293.1	XP_043787121.1	XP_026299206.1	XP_048265558.1
OG0002471	XP_016904793.1	XP_031365540.1	XP_031774809.2	XP_043790005.1	XP_006561761.1	XP_048264681.1
OG0002472	XP_016904789.1	XP_031367991.1	XP_012348866.1	XP_043787122.1	XP_006564509.1	XP_048265560.1
OG0002473	XP_061936085.1	XP_006619189.1	XP_003698493.2	XP_043787124.1	XP_003250469.1	XP_003398102.1
OG0002474	XP_016904802.2	XP_006619145.1	XP_003698543.2	XP_043787322.1	XP_006565608.1	XP_003398261.2
OG0002475	XP_061936067.1	XP_031367980.1	XP_086773294.1	XP_043787018.1	XP_026299184.1	XP_020720734.1
OG0002476	XP_016904806.1	XP_006619159.1	XP_086773318.1	XP_043786997.1	XP_625100.1	XP_003398250.2
OG0002477	XP_016904807.1	XP_006619171.1	XP_003698552.1	XP_043786798.1	XP_001121680.2	XP_048265619.1
OG0002478	XP_028520258.1	XP_031368013.1	XP_086773306.1	XP_043786800.1	XP_016769921.1	XP_012167928.2
OG0002479	XP_016904813.1	XP_031368015.1	XP_031775697.2	XP_043786802.1	XP_016769925.1	XP_012167925.2
OG0002480	XP_016904815.1	XP_031367981.1	XP_003698520.3	XP_043787038.1	XP_003250675.2	XP_012167926.1
OG0002481	XP_028520266.1	XP_006619179.1	XP_031775687.2	XP_043786931.1	XP_396024.6	XP_003398075.2
OG0002482	XP_016904844.1	XP_006619175.2	XP_012348908.1	XP_043786918.1	XP_016770081.2	XP_012167792.1
OG0002483	XP_061936097.1	XP_006619152.1	XP_003698517.2	XP_043787068.1	XP_001121882.2	XP_048265194.1
OG0002484	XP_016904853.1	XP_006619134.1	XP_012348896.2	XP_043786860.1	XP_006565614.1	XP_003398272.1
OG0002485	XP_016904855.1	XP_006619140.1	XP_012348919.2	XP_043786893.1	XP_006565611.2	XP_020720490.2
OG0002486	XP_016904864.2	XP_031367999.1	XP_086773260.1	XP_043786898.1	XP_026299147.1	XP_012167956.2
OG0002487	XP_016904865.1	XP_006619177.1	XP_031775689.1	XP_043786811.1	XP_006565580.1	XP_048265579.1
OG0002488	XP_016904877.3	XP_031367965.1	XP_086766223.1	XP_043800516.1	XP_026297485.1	XP_048262991.1
OG0002489	XP_028525411.2	XP_031369438.1	XP_031775158.2	XP_043795254.1	XP_016769342.2	XP_048264955.1
OG0002490	XP_016904912.1	XP_006619057.1	XP_003692911.1	XP_043800530.1	XP_006564329.1	XP_003403269.3
OG0002491	XP_016904914.1	XP_006624525.1	XP_086766332.1	XP_043800536.1	XP_397464.4	XP_012166356.1
OG0002492	XP_016904915.2	XP_031367958.1	XP_031771827.2	XP_043800549.1	XP_006562621.2	XP_012175255.1
OG0002493	XP_028520314.2	XP_006619019.1	XP_003693091.1	XP_043800514.1	XP_624053.4	XP_048265112.1
OG0002494	XP_016904917.1	XP_006619069.1	XP_003692913.1	XP_043800454.1	XP_001121096.1	XP_003398621.1
OG0002495	XP_061933397.1	XP_031366384.1	XP_086766285.1	XP_043800566.1	XP_016768723.1	XP_020720618.2
OG0002496	XP_016904928.2	XP_031366385.1	XP_086766329.1	XP_043800557.1	XP_016768702.2	XP_020720617.2
OG0002497	XP_061932947.1	XP_006615828.1	XP_086766304.1	XP_043800560.1	XP_026297571.1	XP_020720619.1
OG0002498	XP_016904948.1	XP_006619053.1	XP_003692910.1	XP_043800540.1	XP_016768680.1	XP_012175238.1
OG0002499	XP_016904954.1	XP_031364093.1	XP_086766103.1	XP_043800507.1	XP_026297775.1	XP_048265099.1
OG0002500	XP_016904977.1	XP_006623582.1	XP_003693079.1	XP_043800484.1	XP_392901.2	XP_003397073.1
OG0002501	XP_016904982.1	XP_031366375.1	XP_031771775.2	XP_043800480.1	XP_026297434.1	XP_048265496.1
OG0002502	XP_016904990.1	XP_006624934.2	XP_086766296.1	XP_043800531.1	XP_395069.2	XP_003402612.1
OG0002503	XP_016904992.1	XP_006615840.1	XP_003693010.2	XP_043800477.1	XP_392602.4	XP_003402607.1
OG0002504	XP_016905003.2	XP_031364094.1	XP_003693095.1	XP_043800552.1	XP_016768733.1	XP_003403264.1
OG0002505	XP_061933031.1	XP_006619079.1	XP_086766244.1	XP_043800475.1	XP_026297790.1	XP_048265666.1
OG0002506	XP_016905010.2	XP_006615837.1	XP_003692971.3	XP_043800555.1	XP_396627.4	XP_020720688.1
OG0002507	XP_061932972.1	XP_031366392.1	XP_086766288.1	XP_043800518.1	XP_026297494.1	XP_003402605.1
OG0002508	XP_016905033.1	XP_006619061.1	XP_012340976.2	XP_043800548.1	XP_006564333.1	XP_012168471.2
OG0002509	XP_028520341.1	XP_031367936.1	XP_031771857.2	XP_043800456.1	XP_016768764.1	XP_003398613.1
OG0002510	XP_016905042.2	XP_006610766.1	XP_012341479.1	XP_043784985.1	XP_006562436.1	XP_003399752.1
OG0002511	XP_061942710.1	XP_006610771.1	XP_086763238.1	XP_043784463.1	XP_016772443.2	XP_048266946.1
OG0002512	XP_061942704.1	XP_006610769.1	XP_086763232.1	XP_043784673.1	XP_026301518.1	XP_003400016.2
OG0002513	XP_016905055.2	XP_006610765.1	XP_086763233.1	XP_043784741.1	XP_001122155.2	XP_003402166.2
OG0002514	XP_061927743.1	XP_031369824.1	XP_086770974.1	XP_043803230.1	XP_006561149.2	XP_012169860.3
OG0002515	XP_016905064.1	XP_006623138.1	XP_003697772.2	XP_043803240.1	XP_392248.5	XP_048267033.1
OG0002516	XP_016905065.1	XP_006619951.1	XP_003697777.2	XP_043803246.1	XP_016766221.2	XP_003393582.1
OG0002517	XP_016905066.1	XP_031368364.1	XP_086770979.1	XP_043803235.1	XP_026294803.1	XP_048268833.1
OG0002518	XP_016905068.2	XP_006623142.1	XP_012347783.2	XP_043803139.1	XP_016766410.2	XP_020723215.2
OG0002519	XP_016905072.2	XP_006610175.1	XP_031774443.2	XP_043789615.1	XP_006561909.1	XP_003397817.2
OG0002520	XP_016905069.1	XP_006623141.1	XP_086770977.1	XP_043803141.1	XP_394373.1	XP_003393550.1
OG0002521	XP_016905070.1	XP_031369823.1	XP_003697778.1	XP_043803142.1	XP_026302223.1	XP_003393552.2
OG0002522	XP_016905073.2	XP_006623133.1	XP_012347785.1	XP_043802991.1	XP_016766465.2	XP_012169868.3
OG0002523	XP_016905081.2	XP_031369762.1	XP_012348672.2	XP_043784423.1	XP_006572265.1	XP_003399997.2
OG0002524	XP_028520365.1	XP_006622982.1	XP_012348677.1	XP_043789032.1	XP_003251908.1	XP_003399800.2
OG0002525	XP_016905088.1	XP_006610909.1	XP_003698370.1	XP_043786738.1	XP_624913.1	XP_003399787.1
OG0002526	XP_016905089.1	XP_006610902.1	XP_086765463.1	XP_043789784.1	XP_395009.2	XP_003399785.1
OG0002527	XP_016905103.1	XP_006622983.1	XP_012348671.2	XP_043796158.1	XP_003251907.2	XP_048266972.1
OG0002528	XP_016905107.2	XP_031369765.1	XP_003698360.1	XP_043788236.1	XP_623635.3	XP_003399797.1
OG0002529	XP_028520366.1	XP_006610895.1	XP_086765430.1	XP_043787908.1	XP_026300081.1	XP_020721446.1
OG0002530	XP_061936806.1	XP_006610035.1	XP_086767636.1	XP_043785051.1	XP_026299285.1	XP_003398372.1
OG0002531	XP_016905173.2	XP_031371239.1	XP_086761381.1	XP_043789968.1	XP_006561898.2	XP_012167385.1
OG0002532	XP_061940395.1	XP_006616648.1	XP_003697840.3	XP_043785542.1	XP_016771801.1	XP_003393383.1
OG0002533	XP_061929660.1	XP_031366463.1	XP_012344831.1	XP_043788239.1	XP_016767115.1	XP_048260845.1
OG0002534	XP_061941451.1	XP_006609403.2	XP_031773809.2	XP_043790508.1	XP_026301211.1	XP_048268715.1
OG0002535	XP_016905212.2	XP_006609139.1	XP_003695802.1	XP_043790758.1	XP_006559256.3	XP_003401501.2
OG0002536	XP_061941449.1	XP_031370873.1	XP_031773827.2	XP_043790503.1	XP_395371.3	XP_003401509.1
OG0002537	XP_016905230.1	XP_006613036.1	XP_086761238.1	XP_043795257.1	XP_006561652.2	XP_012167125.1
OG0002538	XP_016905231.1	XP_006609157.1	XP_003695939.1	XP_043790510.1	XP_625274.4	XP_003401515.1
OG0002539	XP_016905233.1	XP_006609153.1	XP_012344856.2	XP_043790668.1	XP_026301284.1	XP_003401512.1
OG0002540	XP_016905235.2	XP_031370869.1	XP_012344932.1	XP_043790488.1	XP_026301204.1	XP_003401506.1
OG0002541	XP_061931077.1	XP_031365369.1	XP_086760737.1	XP_043792253.1	XP_006567855.1	XP_048261680.1
OG0002542	XP_061934218.1	XP_031366158.1	XP_086764078.1	XP_043799663.1	XP_016769027.1	XP_048264111.1
OG0002543	XP_016905251.1	XP_006607827.1	XP_003690320.1	XP_043789555.1	NP_001229451.1	XP_012166787.1
OG0002544	XP_028520396.2	XP_006615365.1	XP_003691503.1	XP_043799593.1	XP_001121946.2	XP_003397343.1
OG0002545	XP_016905255.1	XP_006615362.1	XP_003691506.1	XP_043799565.1	XP_001121803.1	XP_003397373.1
OG0002546	XP_016905256.1	XP_006615363.1	XP_003691508.1	XP_043799566.1	XP_624594.1	XP_003397296.1
OG0002547	XP_016905262.3	XP_006613101.2	XP_086759071.1	XP_043795118.1	XP_395391.3	XP_020720311.1
OG0002548	XP_016905267.2	XP_006613121.1	XP_086758699.1	XP_043795148.1	XP_003249898.2	XP_003397955.2
OG0002549	XP_016905273.2	XP_006609440.1	XP_003689897.1	XP_043795016.1	XP_001120213.2	XP_003400296.1
OG0002550	XP_061939701.1	XP_031370965.1	XP_086770414.1	XP_043794813.1	XP_026300628.1	XP_012171089.3
OG0002551	XP_028525731.1	XP_006607866.1	XP_086772688.1	XP_043789427.1	NP_001165877.1	XP_048264868.1
OG0002552	XP_016905300.1	XP_006609564.1	XP_003690868.2	XP_043794951.1	XP_393319.2	XP_003400285.1
OG0002553	XP_028520403.2	XP_006609434.1	XP_031771777.1	XP_043794807.1	XP_016771441.1	XP_003400293.2
OG0002554	XP_061939741.1	XP_006609433.1	XP_012340984.1	XP_043794867.1	XP_006560144.1	XP_020721777.1
OG0002555	XP_061931362.1	XP_006622082.1	XP_086761112.1	XP_043792361.1	XP_006570001.1	XP_003399549.1
OG0002556	XP_061932018.1	XP_006619995.1	XP_003698324.1	XP_043804377.1	XP_006560091.1	XP_003395928.1
OG0002557	XP_061932006.1	XP_006620000.1	XP_086770884.1	XP_043804369.1	XP_003249613.1	XP_003395935.1
OG0002558	XP_061941639.1	XP_006609310.1	XP_003695996.1	XP_043790548.1	XP_001122241.2	XP_003401316.1
OG0002559	XP_016905345.1	XP_006610092.1	XP_086767856.1	XP_043789683.1	XP_016769662.2	XP_012167052.2
OG0002560	XP_016905343.1	XP_031365744.1	XP_003697306.2	XP_043791082.1	XP_016772830.1	XP_012169612.3
OG0002561	XP_061943230.1	XP_031365807.1	XP_086768452.1	XP_043791083.1	XP_016773331.2	XP_003393470.2
OG0002562	XP_016905347.2	XP_031366294.1	XP_086768447.1	XP_043791070.1	XP_016772841.1	XP_048265390.1
OG0002563	XP_016905354.1	XP_006613037.1	XP_086760089.1	XP_043795103.1	XP_006561654.2	XP_003397580.1
OG0002564	XP_028520461.1	XP_006621344.2	XP_086771840.1	XP_043793610.1	XP_006571827.3	NP_001274494.1
OG0002565	XP_061932880.1	XP_006624885.2	XP_012339288.2	XP_043793591.1	XP_026297221.1	XP_020723553.2
OG0002566	XP_061931897.1	XP_031367845.1	XP_003689717.1	XP_043793521.1	XP_003249231.1	XP_003395976.1
OG0002567	XP_016905367.1	XP_006621343.1	XP_086771851.1	XP_043793647.1	XP_026297199.1	XP_003402742.1
OG0002568	XP_016905370.1	XP_006618846.1	XP_031770782.2	XP_043793555.1	XP_006558182.1	XP_003395974.1
OG0002569	XP_061931877.1	XP_006621329.1	XP_012339212.2	XP_043793543.1	XP_006571826.2	XP_012174506.3
OG0002570	XP_016905374.1	XP_006621341.1	XP_003689776.1	XP_043793604.1	XP_003251799.1	XP_003402741.1
OG0002571	XP_016905375.1	XP_006618891.1	XP_003689765.1	XP_043793518.1	XP_001122176.1	XP_003395931.1
OG0002572	XP_016905378.2	XP_006618882.1	XP_086772388.1	XP_043793601.1	XP_026297223.1	XP_012164921.1
OG0002573	XP_016905379.2	XP_006618854.2	XP_012338992.2	XP_043793611.1	XP_006558188.1	XP_003396106.1
OG0002574	XP_016905382.2	XP_006624853.2	XP_031770908.2	XP_043793620.1	XP_001120291.5	XP_003402909.4
OG0002575	XP_016905399.2	XP_006618885.1	XP_003689739.3	XP_043793622.1	XP_623573.2	XP_048262928.1
OG0002576	XP_061931925.1	XP_031367861.1	XP_003689760.2	XP_043793632.1	XP_026297285.1	XP_048262836.1
OG0002577	XP_016905424.2	XP_006618912.1	XP_012338917.2	XP_043793534.1	XP_026297086.1	XP_012164726.1
OG0002578	XP_016905434.1	XP_006618903.1	XP_012339069.2	XP_043793585.1	XP_006557586.1	XP_003395969.1
OG0002579	XP_016905436.2	XP_031367851.1	XP_086772833.1	XP_043793584.1	XP_026297166.1	XP_048262510.1
OG0002580	XP_016905439.1	XP_031367854.1	XP_086772745.1	XP_043793600.1	XP_016767984.1	XP_048262509.1
OG0002581	XP_061931936.1	XP_031367844.1	XP_012350986.1	XP_043793528.1	XP_001121606.2	XP_012174487.1
OG0002582	XP_061931928.1	XP_031367874.1	XP_086772323.1	XP_043793576.1	XP_016768247.1	XP_020723554.1
OG0002583	XP_061931948.1	XP_006618883.1	XP_086772355.1	XP_043793617.1	XP_026296952.1	XP_003402728.2
OG0002584	XP_016905452.1	XP_006624856.1	XP_012339154.2	XP_043793568.1	XP_393493.3	XP_003402913.2
OG0002585	XP_016905457.1	XP_006618851.1	XP_003689720.1	XP_043793541.1	XP_395079.3	XP_003396103.1
OG0002586	XP_028524682.1	XP_006610157.1	XP_086761417.1	XP_043789534.1	XP_016769512.1	XP_003397783.1
OG0002587	XP_016905466.1	XP_006618864.1	XP_003689725.1	XP_043793574.1	XP_624684.1	XP_003396114.1
OG0002588	XP_016905468.1	XP_006624855.1	XP_086771936.1	XP_043793553.1	XP_026297052.1	XP_012174791.1
OG0002589	XP_016905474.1	XP_006617803.1	XP_003690257.1	XP_043789310.1	XP_001119931.1	XP_003397426.1
OG0002590	XP_016905478.1	XP_006618910.1	XP_003689747.1	XP_043793575.1	XP_003249130.2	XP_003395952.1
OG0002591	XP_016905481.2	XP_006618874.1	XP_003689728.1	XP_043793498.1	XP_395260.2	XP_048262743.1
OG0002592	XP_016905486.1	XP_031365654.1	XP_012347945.2	XP_043789324.1	XP_003249920.2	XP_048264318.1
OG0002593	XP_016905483.1	XP_006621331.1	XP_031770956.1	XP_043793587.1	XP_001120557.1	XP_003402743.1
OG0002594	XP_016905489.1	XP_031367420.1	XP_003699032.1	XP_043791081.1	XP_026300726.1	XP_003393477.2
OG0002595	XP_016905490.1	XP_031367414.1	XP_012349608.2	XP_043791120.1	XP_006571147.1	XP_012169032.1
OG0002596	XP_028520480.1	XP_031367412.1	XP_086770101.1	XP_043791080.1	XP_006571146.2	XP_048262873.1
OG0002597	XP_016905524.1	XP_006623851.1	XP_003691708.1	XP_043801411.1	XP_006558272.1	XP_003397362.1
OG0002598	XP_028520484.1	XP_031370131.1	XP_012339119.1	XP_043801404.1	XP_016769048.2	XP_012166636.1
OG0002599	XP_016905534.1	XP_006620988.1	XP_012348810.1	XP_043795059.1	XP_393103.2	XP_003398026.1
OG0002600	XP_061933822.1	XP_006623840.1	XP_031770991.1	XP_043801390.1	XP_006558267.2	XP_048264246.1
OG0002601	XP_061933802.1	XP_006623853.1	XP_003691702.1	XP_043801406.1	XP_006558274.1	XP_020719713.1
OG0002602	XP_016905545.2	XP_006623857.1	XP_086771597.1	XP_043801393.1	XP_016769134.1	XP_003397231.1
OG0002603	XP_016905561.1	XP_006615562.1	XP_012349394.1	XP_043795340.1	XP_001122840.1	XP_003402818.2
OG0002604	XP_061929311.1	XP_006615561.1	XP_086770031.1	XP_043795296.1	XP_001119995.3	XP_003402820.1
OG0002605	XP_016905564.1	XP_006615563.1	XP_012349396.1	XP_043791661.1	XP_625275.2	XP_003394123.2
OG0002606	XP_016905574.2	XP_006621938.2	XP_086760033.1	XP_043802169.1	XP_001120589.2	XP_003402493.2
OG0002607	XP_016905581.2	XP_006612311.1	XP_012339211.1	XP_043801355.1	NP_001314894.1	XP_003395235.2
OG0002608	XP_016905587.2	XP_006612262.2	XP_012339194.2	XP_043801352.1	XP_001122876.4	XP_003394954.2
OG0002609	XP_016905596.2	XP_031368373.1	XP_003697304.2	XP_043801252.1	XP_016772668.1	XP_003393190.2
OG0002610	XP_061935204.1	XP_006613089.1	XP_086759189.1	XP_043795152.1	XP_003249977.1	XP_020720041.1
OG0002611	XP_016905604.1	XP_006619971.1	XP_003697305.1	XP_043801315.1	XP_392120.2	XP_003393191.1
OG0002612	XP_016905606.1	XP_006609856.1	XP_003694085.3	XP_043796636.1	XP_392498.1	XP_048269174.1
OG0002613	XP_061936053.1	XP_006619198.1	XP_086773329.1	XP_043786991.1	XP_003250480.1	XP_048265575.1
OG0002614	XP_016905613.1	XP_031367973.1	XP_031775676.2	XP_043786910.1	XP_624182.1	XP_012167807.1
OG0002615	XP_061932051.1	XP_031370729.1	XP_012340003.1	XP_043799467.1	XP_026297205.1	XP_048262791.1
OG0002616	XP_016905619.1	XP_006624417.1	XP_003692283.1	XP_043799465.1	XP_623593.1	XP_003395902.1
OG0002617	XP_016905632.1	XP_006621019.1	XP_031774939.2	XP_043795129.1	XP_001121493.2	XP_048264330.1
OG0002618	XP_061932039.1	XP_006623484.1	XP_086763389.1	XP_043799440.1	XP_006572307.1	XP_003395908.1
OG0002619	XP_016905654.1	XP_006624419.1	XP_012340028.2	XP_043799444.1	XP_016772964.1	XP_012164660.2
OG0002620	XP_016905655.1	XP_006623468.1	XP_012340029.1	XP_043799445.1	XP_006572317.1	XP_012164661.2
OG0002621	XP_016905657.1	XP_031369956.1	XP_012340047.2	XP_043799435.1	XP_006572303.1	XP_012164666.1
OG0002622	XP_016905662.1	XP_031368439.1	XP_003698950.1	XP_043801472.1	XP_001121052.1	XP_012166515.1
OG0002623	XP_016905665.1	XP_031368441.1	XP_003698927.2	XP_043801483.1	XP_006559868.1	XP_003397180.2
OG0002624	XP_016905666.1	XP_006620147.1	XP_012349462.2	XP_043801475.1	XP_003249568.2	XP_003397292.2
OG0002625	XP_016905670.1	XP_006607908.1	XP_031774026.1	XP_043789405.1	XP_006561748.1	XP_012166824.1
OG0002626	XP_016905668.1	XP_006620135.1	XP_012349460.2	XP_043801479.1	XP_003249575.3	XP_003397171.4
OG0002627	XP_016905671.1	XP_006620134.1	XP_003698951.2	XP_043801478.1	XP_003249567.2	XP_003397294.2
OG0002628	XP_061933562.1	XP_031368445.1	XP_086759068.1	XP_043801480.1	XP_006559869.2	XP_048264048.1
OG0002629	XP_016905673.2	XP_006620149.1	XP_086759079.1	XP_043801487.1	XP_016768644.1	XP_048264051.1
OG0002630	XP_016905675.1	XP_006620138.1	XP_012349446.1	XP_043801490.1	XP_016768754.2	XP_012166519.2
OG0002631	XP_016905678.1	XP_006620137.1	XP_012349448.1	XP_043801476.1	XP_623802.2	XP_003397175.2
OG0002632	XP_016905679.2	XP_031368446.1	XP_003698929.1	XP_043801469.1	XP_006559862.1	XP_003397182.1
OG0002633	XP_016905690.1	XP_006620144.1	XP_012349432.3	XP_043801477.1	XP_006559865.1	XP_048264020.1
OG0002634	XP_016905695.1	XP_006610152.1	XP_003690283.1	XP_043789601.1	XP_624310.2	XP_003397822.1
OG0002635	XP_016905705.1	XP_031371268.1	XP_003690282.1	XP_043789568.1	XP_394795.1	XP_003397819.1
OG0002636	XP_016905702.2	XP_031369159.1	XP_003693232.1	XP_043798770.1	XP_391881.4	XP_003398676.2
OG0002637	XP_061942227.1	XP_006624849.1	XP_086763931.1	XP_043797829.1	XP_396192.5	XP_003399910.1
OG0002638	XP_061942229.1	XP_006624847.1	XP_003691165.2	XP_043797830.1	XP_026301726.1	XP_012170051.1
OG0002639	XP_061942228.1	XP_006624846.1	XP_003691283.2	XP_043797904.1	XP_006557362.1	XP_012170056.1
OG0002640	XP_016905710.1	XP_006624824.1	XP_003691221.1	XP_043797915.1	XP_393027.2	XP_012170117.1
OG0002641	XP_061936707.1	XP_006614620.1	XP_086771629.1, XP_086771641.1		XP_016769705.2	XP_012168432.2
OG0002642	XP_016905715.1	XP_006607907.1	XP_031774029.1	XP_043789461.1	XP_006561747.1	XP_048264789.1
OG0002643	XP_016905728.1	XP_006607932.1	XP_003690367.1	XP_043789630.1	XP_392783.4	XP_003398003.1
OG0002644	XP_016905723.1	XP_006624833.1	XP_086763930.1	XP_043797946.1	XP_006557352.1	XP_020721640.2
OG0002645	XP_028520553.2	XP_031365032.1	XP_012349541.2	XP_043797520.1	XP_016768436.1	XP_048264065.1
OG0002646	XP_016905743.2	XP_031371333.1	XP_012349503.2	XP_043797600.1	XP_026297712.1	XP_048264038.1
OG0002647	XP_016905744.1	XP_006607769.1	XP_003698984.1	XP_043797617.1	XP_396778.2	XP_003397113.2
OG0002648	XP_016905756.1	XP_006607933.1	XP_012347536.2	XP_043789662.1	XP_001120059.3	XP_003398015.2
OG0002649	XP_016905757.2	XP_006610310.1	XP_003699000.3	XP_043797575.1	XP_006558856.1	XP_003397287.4
OG0002650	XP_028520559.2	XP_031371335.1	XP_086764236.1	XP_043797524.1	XP_395056.4	XP_012166513.1
OG0002651	XP_061937962.1	XP_006622513.1	XP_086768898.1	XP_043790970.1	XP_026302069.1	XP_012165163.1
OG0002652	XP_061932257.1	XP_006613821.1	XP_012342275.2	XP_043801001.1	XP_006565482.2	XP_048262279.1
OG0002653	XP_016905806.1	XP_006613784.1	XP_031772554.2	XP_043800971.1	XP_001121094.1	XP_003396017.1
OG0002654	XP_061935091.1	XP_006625097.1	XP_003697710.1	XP_043795079.1	XP_395924.2	XP_003397599.1
OG0002655	XP_016905830.1	XP_006613820.1	XP_031772601.2	XP_043801029.1	XP_623745.2	XP_003396059.1
OG0002656	XP_016905833.1	XP_006613802.2	XP_012342279.2	XP_043800954.1	XP_026297077.1	XP_020719121.2
OG0002657	XP_086628160.1	XP_006613835.1	XP_003693904.1	XP_043801031.1	XP_624244.1	XP_012164876.1
OG0002658	XP_016905837.1	XP_006613865.2	XP_012342494.1	XP_043801030.1	XP_624220.2	XP_012164875.3
OG0002659	XP_061932234.1	XP_031365413.1	XP_086766960.1	XP_043801037.1	XP_006565447.1	XP_012164866.1
OG0002660	XP_028520620.1	XP_006613853.1	XP_012342178.2	XP_043801040.1	XP_006565449.2	XP_003396038.1
OG0002661	XP_016905848.1	XP_006613843.1	XP_003693908.1	XP_043800993.1	XP_394646.4	XP_003396043.2
OG0002662	XP_016905862.2	XP_031365422.1	XP_012342413.2	XP_043801049.1	XP_006565398.1	XP_020719177.2
OG0002663	XP_016905864.1	XP_006613789.1	XP_012342471.2	XP_043801054.1	XP_392413.4	XP_003396016.1
OG0002664	XP_016905881.2	XP_006613837.1	XP_012342259.2	XP_043801068.1	XP_006565429.2	XP_012164872.2
OG0002665	XP_016905883.2	XP_006613846.1	XP_012342261.3	XP_043801069.1	XP_026297145.1	XP_012164873.2
OG0002666	XP_016905886.2	XP_006613850.1	XP_031772429.2	XP_043801073.1	XP_016768230.1	XP_003396046.2
OG0002667	XP_016905890.1	XP_006613809.1	XP_086766991.1	XP_043800977.1	XP_006565417.2	XP_003396054.1
OG0002668	XP_028520571.1	XP_031365409.1	XP_086766990.1	XP_043800969.1	XP_026296978.1	XP_003396050.1
OG0002669	XP_016905916.1	XP_006608904.1	XP_003693924.1	XP_043800957.1, XP_043800958.1		XP_003396185.1
OG0002670	XP_061932233.1	XP_006618793.1	XP_003693919.2	XP_043801035.1	XP_026296905.1	XP_012164964.1
OG0002671	XP_061932195.1	XP_006618796.1	XP_086766928.1	XP_043801078.1	XP_006565466.2	XP_048262658.1
OG0002672	XP_016905926.1	XP_006613143.1	XP_012342472.1	XP_043799824.1	XP_006568303.1	XP_012164848.1
OG0002673	XP_016905930.2	XP_031367814.1	XP_012342363.2	XP_043801011.1	XP_006565461.1	XP_020719125.2
OG0002674	XP_016905932.1	XP_006618789.1	XP_012342365.1	XP_043801012.1	XP_006565462.1	XP_012164963.1
OG0002675	XP_016905934.1	XP_006618786.1	XP_003694034.1	XP_043801032.1	XP_001121169.2	XP_012164569.1
OG0002676	XP_028520567.2	XP_031365115.1	XP_086766914.1	XP_043799841.1	XP_016768345.2	XP_048262682.1
OG0002677	XP_028520589.2	XP_031365093.1	XP_012342241.2	XP_043799816.1	XP_026297322.1	XP_048262402.1
OG0002678	XP_016905944.1	XP_006613151.1	XP_003693876.2	XP_043799814.1	XP_003251208.1	XP_003396022.1
OG0002679	XP_061928338.1	XP_031368247.1	XP_086765858.1	XP_043788475.1	XP_006559757.1	XP_003394444.1
OG0002680	XP_016905957.2	XP_006608384.1	XP_031775757.2	XP_043788410.1	XP_001121719.3	XP_012176410.2
OG0002681	XP_016905966.1	XP_006609813.1	XP_031775778.1	XP_043788284.1	XP_026295251.1	XP_003394552.1
OG0002682	XP_016905975.1	XP_031371259.1	XP_003690296.1	XP_043789417.1	XP_001122667.2	XP_048264416.1
OG0002683	XP_061928357.1	XP_006609802.1	XP_031775776.2	XP_043788424.1	XP_006560560.2	XP_020724315.2
OG0002684	XP_016905979.1	XP_006609818.1	XP_012349399.1	XP_043788403.1	XP_001122586.2	XP_003394554.3
OG0002685	XP_016905985.1	XP_006609824.1	XP_086765874.1	XP_043788339.1	XP_016766858.1	XP_012176362.2
OG0002686	XP_061928358.1	XP_006609821.1	XP_086765883.1	XP_043788342.1	XP_003249558.1	XP_020724174.1
OG0002687	XP_016905996.1	XP_006609819.1	XP_003698580.3	XP_043788343.1	XP_016766862.1	XP_020724175.2
OG0002688	XP_016906005.2	XP_006610148.1	XP_003690454.1	XP_043789750.1	XP_003249973.1	XP_003397823.1
OG0002689	XP_016906001.1	XP_006609828.1	XP_003698736.1	XP_043788348.1	XP_395877.1	XP_003394559.1
OG0002690	XP_016906002.2	XP_006608402.1	XP_086765831.1	XP_043788294.1	XP_397465.5	XP_048260190.1
OG0002691	XP_016906009.1	XP_006608401.1	XP_086765887.1	XP_043788302.1	XP_006559778.1	XP_003394479.1
OG0002692	XP_016906016.1	XP_006608408.1	XP_003698574.2	XP_043788373.1	XP_026295666.1	XP_012176396.1
OG0002693	XP_016906020.1	XP_006608423.1	XP_012349116.1	XP_043788422.1	XP_625253.1	XP_003394451.1
OG0002694	XP_016906028.1	XP_006608406.1	XP_003698722.1	XP_043788460.1	XP_001121891.1	XP_003394461.1
OG0002695	XP_061928285.1	XP_006608394.1	XP_086765907.1	XP_043788303.1	XP_026295392.1	XP_003394471.1
OG0002696	XP_016906037.1	XP_006608395.1	XP_086765930.1	XP_043788307.1	XP_006559788.2	XP_003394477.1
OG0002697	XP_016906041.1	XP_031368224.1	XP_086765863.1	XP_043788318.1	XP_006559768.1	XP_020724294.2
OG0002698	XP_028519816.1	XP_006621213.1	XP_012347753.1	XP_043795114.1	XP_392553.1	XP_003397603.1
OG0002699	XP_016906047.1	XP_031368119.1	XP_086765862.1	XP_043788412.1	XP_006559775.2	XP_003394531.1
OG0002700	XP_016906052.1	XP_006608397.1	XP_086765909.1	XP_043788499.1	XP_006559790.2	XP_012176415.1
OG0002701	XP_016906058.2	XP_006608390.1	XP_086765915.1	XP_043788313.1	XP_016766685.1	XP_003394473.1
OG0002702	XP_016906061.1	XP_006619381.1	XP_086762139.1	XP_043796674.1	XP_016769257.1	XP_003401714.1
OG0002703	XP_016906066.2	XP_031368147.1	XP_086762145.1	XP_043796678.1	XP_006564759.1	XP_003401717.1
OG0002704	XP_061935789.1	XP_006621043.1	XP_003695767.1	XP_043791803.1	XP_026298499.1	XP_003401828.1
OG0002705	XP_016906078.2	XP_006611845.1	XP_086760140.1	XP_043802344.1	XP_026296111.1	XP_020723345.2
OG0002706	XP_061935801.1	XP_006621052.1	XP_003695775.2	XP_043791802.1	XP_001123300.3	XP_003401945.1
OG0002707	XP_016906101.2	XP_031364496.1	XP_086759928.1	XP_043802094.1	XP_016767111.1	XP_048261428.1
OG0002708	XP_016906107.1	XP_006611862.1	XP_012341671.2	XP_043801821.1	XP_006567217.2	XP_003395112.2
OG0002709	XP_016906109.1	XP_031364508.1	XP_086759946.1	XP_043801822.1	XP_026295870.1	XP_003395099.2
OG0002710	XP_016906113.2	XP_031364464.1	XP_086759942.1	XP_043801784.1	XP_016767321.1	XP_020718328.2
OG0002711	XP_016906125.1	XP_006609692.1	XP_086770520.1	XP_043794954.1	XP_016771299.2	XP_012170761.1
OG0002712	XP_061935811.1	XP_031368935.1	XP_086771074.1	XP_043791728.1	XP_026298420.1	XP_003401942.1
OG0002713	XP_061939144.1	XP_031364070.1	XP_086763647.1	XP_043804112.1	XP_016770889.1	XP_048266911.1
OG0002714	XP_016906156.1	XP_031364076.1	XP_012347135.1	XP_043803944.1	XP_003250974.1	XP_012170303.1
OG0002715	XP_016906158.1	XP_006610846.1	XP_031774880.1	XP_043803945.1	XP_006566942.2	XP_003399769.1
OG0002716	XP_016906160.2	XP_006610839.1	XP_012347077.2	XP_043803907.1	XP_006566937.1	XP_012170297.2
OG0002717	XP_016906165.2	XP_006621075.1	XP_012347438.3	XP_043791720.1	XP_026298832.1	XP_012173403.2
OG0002718	XP_016906166.1	XP_031364080.1	XP_012347083.1	XP_043803909.1	XP_393875.1	XP_012170298.1
OG0002719	XP_016906177.1	XP_006621933.1	XP_003690064.1	XP_043802172.1	XP_395538.2	XP_048260836.1
OG0002720	XP_016906179.1	XP_031369294.1	XP_003690065.3	XP_043801919.1	XP_003251012.1	XP_003402495.1
OG0002721	XP_061932026.1	XP_006624781.1	XP_012348763.1	XP_043800946.1	XP_016768290.1	XP_048262766.1
OG0002722	XP_016906193.1	XP_006618439.1	XP_003694810.4	XP_043785426.1	XP_394017.3	XP_003400599.1
OG0002723	XP_061935830.1	XP_006620173.1	XP_086771090.1	XP_043791860.1	XP_395427.3	XP_003402097.1
OG0002724	XP_061933424.1	XP_031368089.1		XP_043784293.1	XP_006557363.2	XP_003397302.2, XP_012166672.1
OG0002725	XP_016906219.1	XP_006608462.1	XP_086768425.1	XP_043804353.1	XP_006571179.1	XP_003393495.2
OG0002726	XP_061935836.1	XP_031368454.1	XP_086771101.1	XP_043791905.1	XP_026298452.1	XP_048269809.1
OG0002727	XP_016906222.1	XP_006608460.1	XP_012346933.1	XP_043804356.1	XP_397475.2	XP_003393496.1
OG0002728	XP_016906230.1	XP_006608452.1	XP_003697291.1	XP_043804366.1	XP_001120805.1	XP_003393171.1
OG0002729	XP_061935863.1	XP_006623606.1	XP_003697624.2	XP_043791810.1	XP_001122110.2	XP_003397742.2
OG0002730	XP_016906270.1	XP_031369645.1	XP_031775322.1	XP_043803727.1	XP_016772983.2	XP_048264896.1
OG0002731	XP_016906272.2	XP_006622742.2	XP_086772834.1	XP_043803729.1	XP_026301985.1	XP_012168733.3
OG0002732	XP_061930318.1	XP_006623976.1	XP_086772879.1	XP_043803608.1	XP_016771951.1	XP_003393502.2
OG0002733	XP_061930036.1	XP_006625255.1	XP_086772859.1	XP_043803582.1	XP_026301955.1	XP_003393499.3
OG0002734	XP_061930240.1	XP_031369635.1	XP_086772838.1	XP_043803418.1	XP_006572280.2	XP_003393457.1
OG0002735	XP_061932131.1	XP_006608797.1	XP_086763508.1	XP_043800682.1	XP_026297332.1	XP_048262777.1
OG0002736	XP_016906305.2	XP_031364876.1	XP_012343601.3	XP_043785312.1	XP_026300848.1	XP_012171167.2
OG0002737	XP_016906306.1	XP_006622730.2	XP_086772857.1	XP_043803521.1	XP_392816.2	XP_003393453.2
OG0002738	XP_028520713.2	XP_006623132.1	XP_086770967.1	XP_043802966.1	XP_006561143.2	XP_003393556.1
OG0002739	XP_016906310.2	XP_031369825.1	XP_012347781.1	XP_043802970.1	XP_003249819.2	XP_003393557.2
OG0002740	XP_016906312.2	XP_006619922.1	XP_012344706.1	XP_043795614.1	XP_623407.3	XP_048265609.1
OG0002741	XP_061932349.1	XP_006620392.1	XP_012342426.3	XP_043800167.1	XP_026297026.1	XP_012166747.1
OG0002742	XP_061932340.1	XP_031368566.1	XP_086767282.1	XP_043799798.1	XP_026297049.1	XP_048264423.1
OG0002743	XP_061932385.1	XP_006614856.1	XP_012342484.2	XP_043800403.1	XP_623489.2	XP_003396174.1
OG0002744	XP_061932498.1	XP_006623553.1	XP_003694030.1	XP_043799976.1	XP_396275.3	XP_003396015.1
OG0002745	XP_016906332.1	XP_006615887.1	XP_012342159.3	XP_043800189.1	XP_026297187.1	XP_048262512.1
OG0002746	XP_016906335.1	XP_006623564.1	XP_086767409.1	XP_043800345.1	XP_624337.2	XP_003396041.1
OG0002747	XP_061932405.1	XP_006623522.1	XP_086767348.1	XP_043799840.1	XP_395342.4	XP_003396157.1
OG0002748	XP_016906342.1	XP_006620370.1	XP_086767269.1	XP_043800099.1	XP_001120114.2	XP_012164864.1
OG0002749	XP_061938561.1	XP_006621399.1	XP_086761393.1	XP_043798679.1	XP_624018.4	XP_048266071.1
OG0002750	XP_016906350.1	XP_031368564.1	XP_012342213.1	XP_043799805.1	XP_006572582.2	XP_012167046.2
OG0002751	XP_061932510.1	XP_006613372.2	XP_086767423.1	XP_043800235.1	XP_026296958.1	XP_012164741.2
OG0002752	XP_016906359.1	XP_006620384.1	XP_003693862.1	XP_043799974.1	XP_006570028.1	XP_012166739.1
OG0002753	XP_061932351.1	XP_006620379.2	XP_012342191.2	XP_043800010.1	XP_624584.4	XP_003397420.2
OG0002754	XP_061938475.1	XP_031369212.1	XP_086761457.1	XP_043798692.1	XP_006570455.2	XP_048266255.1
OG0002755	XP_016906371.2	XP_006623537.1	XP_086767369.1	XP_043799982.1	XP_006562505.1	XP_012164775.2
OG0002756	XP_016906376.1	XP_006623551.1	XP_003693824.1	XP_043800139.1	XP_003250111.1	XP_003396127.1
OG0002757	XP_061932381.1	XP_006614849.2	XP_031772560.1	XP_043800257.1	XP_026297152.1	XP_003396010.2
OG0002758	XP_016906382.1	XP_006614830.2	XP_003693847.1	XP_043799776.1	XP_006562485.1	XP_003396173.1
OG0002759	XP_016906384.1	XP_006614829.1	XP_012342419.2	XP_043800101.1	XP_003250098.2	XP_003396166.1
OG0002760	XP_016906425.1	XP_006607850.1	XP_003690326.1	XP_043789600.1	XP_392837.4	XP_003397433.1
OG0002761	XP_016906407.2	XP_006617420.2	XP_012347470.1	XP_043791823.1	XP_624344.3	XP_003397704.1
OG0002762	XP_061932513.1	XP_031365197.1	XP_086767414.1	XP_043800238.1	XP_026297231.1	XP_003395993.1
OG0002763	XP_016906414.2	XP_006623517.1	XP_031772448.2	XP_043799970.1	XP_006562493.2	XP_012164787.2
OG0002764	XP_016906418.2	XP_031369974.1	XP_012342440.2	XP_043799972.1	XP_026296919.1	XP_003396161.2
OG0002765	XP_061932417.1	XP_031369984.1	XP_086767347.1	XP_043800114.1	XP_016768377.1	XP_048262514.1
OG0002766	XP_016906421.2	XP_006623521.1	XP_003693832.1	XP_043799837.1	XP_625001.2	XP_012164786.1
OG0002767	XP_016906423.1	XP_006623547.1	XP_012342406.2	XP_043800009.1	XP_003250114.1	XP_020719017.2
OG0002768	XP_016906427.1	XP_031365198.1	XP_086767418.1	XP_043800098.1	XP_006562530.1	XP_003396139.1
OG0002769	XP_061932468.1	XP_006623549.1	XP_031772619.2	XP_043800004.1	XP_006562508.2	XP_012164772.2
OG0002770	XP_061932402.1	XP_006623523.2	XP_003693997.3	XP_043799955.1	XP_003250108.1	XP_003396155.1
OG0002771	XP_016906434.1	XP_006623529.1	XP_012342448.1	XP_043799800.1	XP_394861.4	XP_003396151.2
OG0002772	XP_061932382.1	XP_031365867.1	XP_086767323.1	XP_043799791.1	XP_623585.4	XP_003396000.2
OG0002773	XP_061932477.1	XP_006623556.1	XP_086767401.1	XP_043799786.1	XP_016768293.1	XP_020719027.1
OG0002774	XP_061932516.1	XP_031366407.1	XP_031772533.2	XP_043799861.1	XP_026297024.1	XP_003395990.1
OG0002775	XP_016906457.1	XP_006620388.1	XP_003693856.1	XP_043799918.1	XP_393467.3	XP_020720219.1
OG0002776	XP_016906462.1	XP_006613367.1	XP_003693985.2	XP_043800096.1	XP_016768359.1	XP_048262576.1
OG0002777	XP_028520748.2	XP_031365113.1	XP_012342170.2	XP_043800201.1	XP_006568298.3	XP_048262263.1
OG0002778	XP_016906467.1	XP_006623607.1	XP_086771049.1	XP_043791706.1	XP_396143.4	XP_003401834.3
OG0002779	XP_061937052.1	XP_031364929.1	XP_086760227.1	XP_043797821.1	XP_026298877.1	XP_048265665.1
OG0002780	XP_016906477.2	XP_006621423.1	XP_003693256.1	XP_043798471.1	XP_391879.2	XP_012168649.2
OG0002781	XP_061935833.1	XP_031368464.1	XP_086771092.1	XP_043791861.1	XP_026298451.1	XP_048269571.1
OG0002782	XP_061933724.1	XP_006624086.1	XP_086759101.1	XP_043801606.1	XP_016772822.2	XP_003396924.1
OG0002783	XP_061935103.1	XP_006622264.1	XP_086760328.1	XP_043795035.1	XP_003249913.2	XP_048264940.1
OG0002784	XP_016906494.1	XP_006623268.1	XP_012347582.1	XP_043791749.1	XP_625242.2	XP_003397609.1
OG0002785	XP_061933736.1	XP_006624718.1	XP_003695298.1	XP_043801617.1	XP_393191.2	XP_048263583.1
OG0002786	XP_016906511.1	XP_006609998.1	XP_012339025.1	XP_043784229.1	XP_396986.3	XP_003398443.1
OG0002787	XP_061936582.1	XP_006612992.1	XP_003692722.1	XP_043791328.1	XP_003251327.1	XP_003403347.1
OG0002788	XP_016906515.1	XP_006621457.2	XP_012341379.1	XP_043798306.1	XP_026299432.1	XP_003398798.2
OG0002789	XP_016906518.1	XP_006621899.1	XP_012345973.1	XP_043792419.1	XP_395902.2	XP_003395604.1
OG0002790	XP_061933219.1	XP_006625170.1	XP_086771937.1	XP_043795258.1	XP_026296644.1	XP_048265093.1
OG0002791	XP_016906529.1	XP_006607798.1	XP_012347774.1	XP_043803023.1	XP_392246.3	XP_012170528.1
OG0002792	XP_061927911.1	XP_006607803.1	XP_086771208.1	XP_043803183.1	XP_006561160.1	XP_003393531.2
OG0002793	XP_016906536.1	XP_006607805.1	XP_003697784.2	XP_043803209.1	XP_001122051.1	XP_003393532.1
OG0002794	XP_061927780.1	XP_006614431.1	XP_086763806.1	XP_043786483.1	XP_625258.1	XP_003393662.1
OG0002795	XP_016906549.1	XP_006620433.1	XP_086771536.1	XP_043786504.1	XP_006571077.2	XP_048264653.1
OG0002796	XP_016906552.2	XP_006620420.2	XP_012348152.1	XP_043786507.1	XP_006571061.2	XP_020721280.1
OG0002797	XP_061933002.1	XP_031368577.1	XP_031775419.2	XP_043786518.1	XP_006571068.1	XP_003393409.1
OG0002798	XP_016906566.1	XP_006608806.1	XP_003693949.2	XP_043800752.1	XP_623500.2	XP_003396079.1
OG0002799	XP_016906571.1	XP_006620417.1	XP_003698007.1	XP_043786514.1	XP_001120030.2	XP_048263549.1
OG0002800	XP_016906574.1	XP_031368579.1	XP_012348243.1	XP_043786506.1	XP_026297839.1	XP_020719482.1
OG0002801	XP_016906606.1	XP_006619804.1	XP_086759239.1	XP_043785109.1	XP_006559876.1	XP_003397234.1
OG0002802	XP_061935792.1	XP_031368929.1	XP_031773717.1	XP_043791737.1	XP_026298560.1	XP_012173430.1
OG0002803	XP_016906610.1	XP_006611990.1	XP_086770138.1	XP_043791191.1	XP_006571876.3	XP_012168382.1
OG0002804	XP_061929274.1	XP_006611992.1	XP_086770135.1	XP_043791220.1	XP_026295331.1	XP_003398577.1
OG0002805	XP_016906620.1	XP_006608794.2	XP_031772446.2	XP_043800684.1	XP_006564152.1	XP_003396069.1
OG0002806	XP_016906646.3	XP_006621879.2	XP_086760846.1	XP_043792970.1	XP_016767605.2	XP_048261778.1
OG0002807	XP_061931037.1	XP_031365380.1	XP_003696436.1	XP_043792238.1	XP_394578.4	XP_003395409.2
OG0002808	XP_028520825.2	XP_031365354.1	XP_086760732.1	XP_043793125.1	XP_026296845.1	XP_048261968.1
OG0002809	XP_061931101.1	XP_006613741.1	XP_086760719.1	XP_043792737.1	XP_016767611.2	XP_003395392.2
OG0002810	XP_016906671.2	XP_006613717.1	XP_031774143.2	XP_043792251.1	XP_003251098.2	XP_003395725.2
OG0002811	XP_061935953.1	XP_031369873.1	XP_086771006.1	XP_043791800.1	XP_006558428.1	XP_003397697.1
OG0002812	XP_016906672.1	XP_006613707.1	XP_031774379.2	XP_043792640.1	XP_026296567.1	XP_003395731.1
OG0002813	XP_016906689.1	XP_006620166.1	XP_031775032.1	XP_043791811.1	XP_006572020.1	XP_003396926.1
OG0002814	XP_061931044.1	XP_006613688.1	XP_012346051.2	XP_043792904.1	XP_006567880.1	XP_012174007.1
OG0002815	XP_061931069.1	XP_006613714.1	XP_003696665.2	XP_043792264.1	XP_003251099.1	XP_003395726.1
OG0002816	XP_016906695.2	XP_006613702.1	XP_003696674.1	XP_043793289.1	XP_016767630.1	XP_003395737.1
OG0002817	XP_061931045.1	XP_006613690.1	XP_003696430.2	XP_043792417.1	XP_003251106.1	XP_048261667.1
OG0002818	XP_028520814.1	XP_006616577.1	XP_003696778.1	XP_043792995.1	XP_016767933.1	XP_003395563.1
OG0002819	XP_016906713.1	XP_006621876.1	XP_012345981.1	XP_043792663.1	XP_006567967.1	XP_003395613.1
OG0002820	XP_016906716.1	XP_006613720.1	XP_086760745.1	XP_043792261.1	XP_392374.4	XP_003395721.2
OG0002821	XP_016906725.1	XP_006617413.1	XP_003697625.2	XP_043791859.1	XP_003251865.2	XP_003397706.1
OG0002822	XP_061930994.1	XP_006621836.1	XP_003696729.4	XP_043793283.1	XP_016767638.2	XP_020718794.2
OG0002823	XP_016906723.1	XP_006616575.1	XP_003696783.1	XP_043792918.1	XP_393310.1	XP_003395561.1
OG0002824	XP_086628157.1	XP_006616565.1	XP_031774402.2	XP_043792920.1	XP_006564812.1	XP_003395558.1
OG0002825	XP_061931002.1	XP_006623439.1	XP_003696707.1	XP_043792415.1	XP_392679.5	XP_003395818.2
OG0002826	XP_016906730.2	XP_006613672.1	XP_003696685.1	XP_043792941.1	XP_003251110.1	XP_012164384.1
OG0002827	XP_016906736.1	XP_006620185.1	XP_086771135.1	XP_043791813.1	XP_026298427.1	XP_048269895.1
OG0002828	XP_016906734.1	XP_006613667.1	XP_003696434.1	XP_043792721.1	XP_026296687.1	XP_003395851.1
OG0002829	XP_016906739.1	XP_006623430.1	XP_003696694.1	XP_043793256.1	XP_394996.5	XP_003395846.1
OG0002830	XP_016906740.1	XP_006623428.1	XP_003696695.1	XP_043793257.1	XP_001120848.2	XP_012164380.1
OG0002831	XP_016906741.1	XP_006623422.1	XP_003696730.1	XP_043792969.1	XP_001122139.1	XP_048262045.1
OG0002832	XP_061930929.1	XP_006621882.1	XP_003696740.1	XP_043792628.1	XP_003251131.2	XP_020718687.1
OG0002833	XP_016906745.2	XP_006616602.1	XP_012345900.1	XP_043793177.1	XP_016767840.1	XP_048262175.1
OG0002834	XP_016906753.2	XP_006616609.1	XP_003696769.1	XP_043793148.1	XP_026296707.1	XP_003395577.2
OG0002835	XP_016906757.1	XP_031366701.1	XP_031774285.1	XP_043793154.1	XP_016767875.1	XP_012164016.1
OG0002836	XP_016906761.3	XP_006616608.2	XP_086760648.1	XP_043793183.1	XP_026296715.1	XP_048262177.1
OG0002837	XP_016906762.1	XP_006616638.1	XP_012345908.1	XP_043793186.1	XP_006564853.1	XP_003395365.3
OG0002838	XP_061930893.1	XP_031366694.1, XP_031366709.1	XP_086760645.1	XP_043793112.1	XP_026296666.1	
OG0002839	XP_016906785.1	XP_006616580.1	XP_003696782.1	XP_043792998.1	XP_016767705.1	XP_003395565.1
OG0002840	XP_016906788.1	XP_006623417.1	XP_012345778.1	XP_043792676.1	XP_016767636.1	XP_048261834.1
OG0002841	XP_016906791.1	XP_006623416.1	XP_003696728.1	XP_043792682.1	XP_625038.2	XP_012164361.1
OG0002842	XP_016906793.1	XP_006623415.1	XP_012345774.2	XP_043792936.1	XP_003251120.1	XP_012164363.2
OG0002843	XP_061930837.1	XP_006623944.2	XP_086760878.1	XP_043792139.1	XP_006565642.2	XP_048261894.1
OG0002844	XP_016906810.1	XP_006623435.1	XP_012346034.1	XP_043793254.1	XP_006567899.1	XP_003395844.1
OG0002845	XP_016906813.2	XP_006621474.1	XP_012341250.2	XP_043799170.1	XP_016770222.2	XP_048266252.1
OG0002846	XP_061931062.1	XP_031365398.1	XP_012346085.2	XP_043793378.1	XP_003251112.1	XP_048262126.1
OG0002847	XP_016906822.1	XP_006613673.1	XP_003696688.1	XP_043792976.1	XP_003251113.1	XP_012164394.2
OG0002848	XP_016906824.1	XP_006621894.1	XP_086760853.1	XP_043792949.1	XP_001121383.2	XP_012164068.1
OG0002849	XP_016906829.1	XP_006621902.1	XP_086760855.1	XP_043793332.1	XP_006567974.1	XP_012164062.1
OG0002850	XP_061930914.1	XP_006621909.1	XP_031774325.2	XP_043792819.1	XP_016767848.2	XP_048261782.1
OG0002851	XP_016906839.2	XP_031369938.1	XP_031774369.2	XP_043792302.1	XP_026296841.1	XP_048261820.1
OG0002852	XP_016906841.1	XP_006623934.1	XP_003696754.2	XP_043793232.1	XP_392367.3	XP_012164052.1
OG0002853	XP_061930852.1	XP_031366731.1	XP_086760884.1	XP_043792459.1	XP_001120289.2	XP_020718918.2
OG0002854	XP_016906850.1	XP_006613722.1	XP_003696662.1	XP_043792260.1	XP_394584.4	XP_003395722.1
OG0002855	XP_028520820.1	XP_031366682.1	XP_003696779.2	XP_043793160.1	XP_006564825.1	XP_003395569.1
OG0002856	XP_028520821.1	XP_006616594.1	XP_012345859.1	XP_043793185.1	XP_026296502.1	XP_020718932.1
OG0002857	XP_016906866.1	XP_031369288.1	XP_003696731.1	XP_043792962.1	XP_026296720.1	XP_012164353.1
OG0002858	XP_016906874.1	XP_006621490.1	XP_086761474.1	XP_043799078.1	XP_006570451.1	XP_003399364.1
OG0002859	XP_016906871.1	XP_006616552.1	XP_031774128.1	XP_043792280.1	XP_003250526.1	XP_003395541.1
OG0002860	XP_061931015.1	XP_031369945.1	XP_086760780.1	XP_043792410.1	XP_016767832.1	XP_048262038.1
OG0002861	XP_016906900.1	XP_006616558.1	XP_012345989.2	XP_043793425.1	XP_016767570.2	XP_003395540.3
OG0002862	XP_016906902.1	XP_006616616.1	XP_031774233.2	XP_043792887.1	XP_006564855.1	XP_003395582.1
OG0002863	XP_016906904.1	XP_006616626.1	XP_086760888.1	XP_043792432.1	XP_026296847.1	XP_012164041.3
OG0002864	XP_016906906.2	XP_006623932.1	XP_003696751.2	XP_043793233.1	XP_003250682.1	XP_003395590.2
OG0002865	XP_028520835.1	XP_006623930.1	XP_003696753.1	XP_043793235.1	XP_006565633.1	XP_048261906.1
OG0002866	XP_061930976.1	XP_006621855.1	XP_012346146.3	XP_043793455.1	XP_623146.2	XP_020718862.1
OG0002867	XP_016906915.1	XP_006613733.1	XP_012345793.1	XP_043792437.1	XP_026296513.1	XP_003395715.1
OG0002868	XP_016906936.1	XP_006621873.1	XP_086760843.1	XP_043792785.1	XP_006567959.1	XP_012164327.1
OG0002869	XP_016906937.1	XP_006621874.1	XP_003696738.3	XP_043792658.1	XP_003251129.1	XP_048262005.1
OG0002870	XP_016906945.2	XP_006613671.1	XP_003696689.2	XP_043792722.1	XP_003251111.1	XP_003395852.2
OG0002871	XP_016906946.2	XP_006616551.1	XP_003696457.2	XP_043792961.1	XP_006564801.1	XP_003395538.1
OG0002872	XP_016906947.2	XP_006621842.1	XP_012345937.2	XP_043793281.1	XP_396895.4	XP_012164348.2
OG0002873	XP_028520910.1	XP_006609979.2	XP_086766641.1	XP_043784205.1	XP_026299182.1	XP_012168184.1
OG0002874	XP_061936712.1	XP_031371187.1	XP_086766604.1	XP_043784124.1	XP_001120371.1	XP_003398128.3
OG0002875	XP_061936896.1	XP_006609993.1	XP_031770945.2	XP_043784168.1	XP_001120664.2	XP_020720661.2
OG0002876	XP_016906960.1	XP_006609991.1	XP_031770963.1	XP_043784228.1	XP_393510.1	XP_003398447.1
OG0002877	XP_016907002.1	XP_006610155.1	XP_086761441.1	XP_043789632.1	NP_001229927.1	XP_012167391.1
OG0002878	XP_016906969.1	XP_006609984.1	XP_086766634.1	XP_043784142.1	XP_006572525.1	XP_012168166.1
OG0002879	XP_016906973.2	XP_006609996.1	XP_031770946.1	XP_043784128.1	XP_026299079.1	XP_048265750.1
OG0002880	XP_061940879.1	XP_006621794.1	XP_003694854.4	XP_043785939.1	XP_394029.5	XP_003400454.1
OG0002881	XP_061937639.1	XP_006624931.2	XP_086768675.1	XP_043801596.1	XP_001120854.3	XP_003398860.1
OG0002882	XP_016906986.1	XP_006625173.1	XP_003695353.1	XP_043801589.1	XP_026299659.1	XP_003398859.1
OG0002883	XP_016906987.1	XP_006625189.2	XP_012348314.1	XP_043801541.1	XP_006563377.2	XP_012168906.2
OG0002884	XP_016906988.1	XP_031370603.1	XP_031775439.2	XP_043801597.1	XP_001120946.2	XP_003398862.3
OG0002885	XP_016906991.1	XP_006624924.1	XP_003698101.1	XP_043801545.1	XP_396423.3	XP_003398863.1
OG0002886	XP_016906993.1	XP_006624923.1	XP_031775441.1	XP_043801548.1	XP_001120973.1	XP_012168826.1
OG0002887	XP_016907007.1	XP_006624929.1	XP_086768674.1	XP_043801573.1	XP_396294.3	XP_012168824.2
OG0002888	XP_016907008.2	XP_006625178.1	XP_003698108.1	XP_043801515.1	XP_624691.1	XP_003398853.1
OG0002889	XP_061930648.1	XP_031365489.1	XP_086760582.1	XP_043792981.1	XP_026296751.1	XP_048261854.1
OG0002890	XP_061942182.1	XP_006609327.1	XP_086773949.1	XP_043790707.1	XP_026301082.1	XP_048268721.1
OG0002891	XP_061937451.1	XP_006612404.1	XP_003698133.1	XP_043790141.1	XP_026299535.1	XP_003399153.1
OG0002892	XP_016907020.1	XP_006612415.1	XP_086768690.1	XP_043790153.1	XP_006572272.1	XP_003399156.1
OG0002893	XP_016907021.1	XP_006612413.1	XP_086768691.1	XP_043790054.1	XP_006572271.1	XP_012169427.1
OG0002894	XP_016907022.1	XP_006612408.1	XP_086768686.1	XP_043790052.1	XP_006572269.1	XP_012169423.2
OG0002895	XP_061937462.1	XP_006615795.1	XP_003698164.1	XP_043790154.1	XP_026299577.1	XP_020721256.1
OG0002896	XP_061931117.1	XP_006613758.1	XP_031774172.1	XP_043792695.1	XP_392379.2	XP_003401978.2
OG0002897	XP_061935357.1	XP_031371260.1	XP_031774795.1	XP_043789640.1	XP_006561821.2	XP_012166792.2
OG0002898	XP_016907029.1	XP_006618038.1	XP_003693421.2	XP_043789168.1	XP_396642.2	XP_003397284.1
OG0002899	XP_016907035.1	XP_006618034.1	XP_086763586.1	XP_043789162.1	XP_006557737.1	XP_048264037.1
OG0002900	XP_016907036.1	XP_031367469.1	XP_031773205.1	XP_043789167.1	XP_006557736.1	XP_048264168.1
OG0002901	XP_016907037.2	XP_006618036.1	XP_012343770.2	XP_043789156.1	XP_001122422.1	XP_012166503.1
OG0002902	XP_016907039.1	XP_006618039.1	XP_086763593.1	XP_043789163.1	XP_001122377.3	XP_048264100.1
OG0002903	XP_016907047.1	XP_006609380.1	XP_003695844.1	XP_043790666.1	XP_001121482.1	XP_048268273.1
OG0002904	XP_016907049.1	XP_031370805.1	XP_086773726.1	XP_043790622.1	XP_016772174.1	XP_003401370.1
OG0002905	XP_016907053.1	XP_006609418.1	XP_012344912.2	XP_043790685.1	XP_006561056.2	XP_012172542.3
OG0002906	XP_016907073.2	XP_031370825.1	XP_012344877.2	XP_043790710.1	XP_006561050.1	XP_048268326.1
OG0002907	XP_016907075.1	XP_006609376.1	XP_012345424.1	XP_043790621.1	XP_006561060.1	XP_003401587.1
OG0002908	XP_016907112.1	XP_006610133.1	XP_003690288.1	XP_043789825.1	XP_392534.3	XP_012167378.1
OG0002909	XP_016907082.2	XP_006620854.2	XP_012338998.2	XP_043785498.1	XP_006560495.3	XP_003398326.2
OG0002910	XP_016907087.2	XP_031368803.1	XP_012338997.2	XP_043785365.1	XP_016770129.1	XP_012168440.2
OG0002911	XP_061938322.1	XP_006621656.1	XP_031771103.1	XP_043798395.1	XP_016770535.1	XP_048266146.1
OG0002912	XP_061941013.1	XP_006621266.1	XP_086765276.1	XP_043785474.1	XP_026300787.1	XP_048267613.1
OG0002913	XP_016907094.1	XP_006621270.1	XP_086765285.1	XP_043785589.1	XP_003250703.1	XP_012171957.1
OG0002914	XP_016907095.1	XP_006624194.1	XP_012343650.2	XP_043785342.1	XP_006565670.1	XP_012171941.2
OG0002915	XP_028520947.1	XP_006624189.1	XP_086765320.1	XP_043785401.1	XP_394045.4	XP_012171938.1
OG0002916	XP_016907107.1	XP_006621268.1	XP_086765283.1	XP_043786002.1	XP_396730.1	XP_003400960.1
OG0002917	XP_061929850.1	XP_006610294.1	XP_086759345.1	XP_043788198.1	XP_026296268.1	XP_012163653.1
OG0002918	XP_028520954.1	XP_031371308.1	XP_086759354.1	XP_043788277.1	XP_026296264.1	XP_048260784.1
OG0002919	XP_016907128.2	XP_006610295.1	XP_003689658.1	XP_043788281.1	XP_392698.3	XP_003395197.1
OG0002920	XP_016907149.2	XP_006612820.2	XP_012348331.1	XP_043797817.1	XP_006558409.1	XP_012168403.1
OG0002921	XP_061937037.1	XP_031363878.1	XP_031776274.2	XP_043788212.1	XP_026301011.1	XP_020720930.1
OG0002922	XP_061936576.1	XP_006610639.1	XP_003690508.1	XP_043786597.1	XP_001123247.2	XP_003396230.1
OG0002923	XP_061935632.1	XP_006610547.1	XP_086769378.1	XP_043791099.1	XP_026294970.1	XP_020723534.1
OG0002924	XP_061934093.1	XP_006609557.1	XP_086769880.1	XP_043789926.1	XP_001121554.3	XP_020720327.2
OG0002925	XP_061933831.1	XP_006609502.1	XP_086769400.1	XP_043789544.1	XP_026297936.1	XP_003397461.1
OG0002926	XP_061933526.1	XP_006609550.2	XP_003690608.1	XP_043789518.1	XP_001120697.3	XP_003397548.2
OG0002927	XP_016907220.1	XP_006607848.1	XP_012347982.1	XP_043789642.1	XP_006561788.1	XP_012166917.1
OG0002928	XP_016907184.1	XP_006610624.1	XP_003690743.2	XP_043787131.1	XP_016771091.1	XP_020719053.2
OG0002929	XP_016907190.1	XP_006610725.1	XP_003697565.1	XP_043787596.1	XP_016770178.2	XP_048266036.1
OG0002930	XP_061933734.1	XP_006609484.1	XP_012350170.3	XP_043789159.1	XP_026299286.1	XP_012166931.2
OG0002931	XP_016907198.1	XP_006609485.1	XP_086769430.1	XP_043789972.1	XP_396690.2	XP_003397445.1
OG0002932	XP_016907200.1	XP_006609553.1	XP_012350168.2	XP_043790196.1	XP_006561986.1	XP_020720460.1
OG0002933	XP_016907202.1	XP_006609483.1	XP_012350171.2	XP_043789285.1	XP_395573.3	XP_003397443.4
OG0002934	XP_016907204.1	XP_006610532.1	XP_003690681.4	XP_043788591.1	XP_394881.4	XP_003402782.1
OG0002935	XP_016907205.1	XP_006610709.1	XP_086769628.1	XP_043788117.1	XP_006565364.1	XP_003398969.1
OG0002936	XP_028520979.1	XP_006610636.1	XP_086769672.1	XP_043786429.1	XP_006563273.1	XP_012165028.1
OG0002937	XP_016907209.1	XP_006610603.1	XP_003690735.2	XP_043788579.1	XP_393558.1	XP_003396203.1
OG0002938	XP_016907224.1	XP_006614058.1	XP_003690594.1	XP_043790620.1	XP_395482.4	XP_012166968.1
OG0002939	XP_016907230.2	XP_006610707.1	XP_086769632.1	XP_043793838.1	XP_006565363.2	XP_012168934.1
OG0002940	XP_016907235.2	XP_006610515.1	XP_031776310.2	XP_043790680.1	XP_026300808.1	XP_020719055.2
OG0002941	XP_061934219.1	XP_006610422.1	XP_003690833.1	XP_043789431.1	XP_006562581.1	XP_012163167.1
OG0002942	XP_061936829.1	XP_031363948.1	XP_086769297.1	XP_043793143.1	XP_016766892.1	XP_048266571.1
OG0002943	XP_016907251.1	XP_006621532.1	XP_012341325.1	XP_043799214.1	XP_395618.4	XP_003399380.1
OG0002944	XP_061933603.1	XP_006609473.2	XP_086769450.1	XP_043790415.1	XP_026297064.1	XP_003397545.2
OG0002945	XP_061936416.1	XP_031363950.1	XP_003690748.2	XP_043788381.1	XP_001122793.3	XP_020719041.1
OG0002946	XP_016907278.1	XP_006610496.1	XP_003690841.1	XP_043790706.1	XP_001120086.2	XP_012167687.2
OG0002947	XP_016907279.1	XP_006609536.2	XP_031776201.1	XP_043790368.1	XP_006562019.2	XP_012167343.2
OG0002948	XP_016907280.1	XP_031363964.1	XP_086769860.1	XP_043790529.1	XP_625121.3	XP_020719056.1
OG0002949	XP_016907284.1	XP_031363927.1	XP_012350153.1	XP_043793379.1	XP_026298319.1	XP_012174515.1
OG0002950	XP_061938499.1	XP_031363988.1	XP_086769388.1	XP_043791696.1	XP_026297916.1	XP_048262268.1
OG0002951	XP_028521090.1	XP_006614062.1	XP_086769551.1	XP_043790949.1	XP_026298632.1	XP_012167702.2
OG0002952	XP_028521064.1	XP_006610568.1	XP_003690704.1	XP_043791906.1	XP_026302050.1	XP_003402786.1
OG0002953	XP_016907290.3	XP_006609518.1	XP_086769392.1	XP_043789170.1	XP_026298210.1	XP_048265912.1
OG0002954	XP_016907292.1	XP_031370994.1	XP_003690619.3	XP_043789843.1	XP_006561993.1	XP_048264792.1
OG0002955	XP_016907300.1	XP_006609507.1	XP_003690620.1	XP_043790159.1	XP_397474.4	XP_048264743.1
OG0002956	XP_016907302.1	XP_006625215.2	XP_012350238.1	XP_043790391.1	XP_006562000.1	XP_012167086.1
OG0002957	XP_016907308.1	XP_006621529.1	XP_012341331.3	XP_043798705.1	XP_003251533.1	XP_003399379.1
OG0002958	XP_016907306.2	XP_031370980.1	XP_086769406.1	XP_043789631.1	XP_624464.3	XP_003397458.1
OG0002959	XP_061933787.1	XP_006609492.1	XP_086769397.1	XP_043789100.1	XP_026301417.1	XP_003397457.1
OG0002960	XP_016907311.1	XP_006609499.1	XP_086769408.1	XP_043789576.1	XP_003249985.1	XP_012166943.2
OG0002961	XP_016907315.1	XP_006609491.1	XP_003690613.1	XP_043790056.1	XP_624230.1	XP_003397454.1
OG0002962	XP_016907319.1	XP_006621530.1	XP_012341332.1	XP_043799215.1	XP_026299766.1	XP_012169762.2
OG0002963	XP_016907316.1	XP_006609488.1	XP_012350174.3	XP_043790379.1	XP_026301403.1	XP_003397453.4
OG0002964	XP_061933755.1	XP_006609555.2	XP_012350172.2	XP_043789120.1	XP_003249984.2	XP_003397450.2
OG0002965	XP_061941497.1	XP_031365522.1	XP_031776206.2	XP_043791721.1	XP_026294885.1	XP_048264750.1
OG0002966	XP_061937649.1	XP_031369764.1	XP_086769479.1	XP_043799754.1	XP_026299801.1	XP_048263552.1
OG0002967	XP_028520999.2	XP_031369744.1	XP_012347367.2	XP_043799773.1	XP_016773095.1	XP_020719513.1
OG0002968	XP_016907354.1	XP_006610424.1	XP_086769857.1	XP_043790514.1	XP_026301841.1	XP_012163152.3
OG0002969	XP_016907356.2	XP_006621526.1	XP_003693212.2	XP_043798182.1	XP_006570437.2	XP_048266250.1
OG0002970	XP_016907355.1	XP_006610434.1	XP_086769859.1	XP_043790250.1	XP_006562601.1	XP_003394869.1
OG0002971	XP_061941357.1	XP_006614065.1	XP_086769560.1	XP_043787893.1	XP_016768884.2	XP_020720282.1
OG0002972	XP_016907394.1	XP_006610492.1	XP_086769793.1	XP_043792360.1	XP_026301130.1	XP_048264453.1
OG0002973	XP_061935106.1	XP_031363951.1	XP_012350065.2	XP_043792329.1	XP_001119962.3	XP_012167686.2
OG0002974	XP_016907438.1	XP_006607868.1	XP_003690484.2	XP_043789447.1	XP_026298624.1	XP_003397897.1
OG0002975	XP_061938450.1	XP_006621524.1	XP_003693210.2	XP_043798187.1	XP_006570432.1	XP_003399376.2
OG0002976	XP_016907425.2	XP_006609463.1	XP_012349687.2	XP_043789296.1	XP_006561981.1	XP_048264375.1
OG0002977	XP_016907433.1	XP_006610640.1	XP_086769656.1	XP_043788461.1	XP_001119847.1	XP_003396231.1
OG0002978	XP_061936554.1	XP_006610638.1	XP_012350150.1	XP_043786587.1	XP_001123248.2	XP_003396229.1
OG0002979	XP_016907436.2	XP_006610596.1	XP_086769574.1	XP_043791147.1	XP_006563302.1	XP_012164985.1
OG0002980	XP_016907448.2	XP_031363883.1	XP_086769573.1	XP_043792539.1	XP_026295307.1	XP_012164995.2
OG0002981	XP_016907449.2	XP_006610592.2	XP_031776247.2	XP_043792551.1	XP_006563298.1	XP_012164993.2
OG0002982	XP_061936218.1	XP_006610591.1	XP_012349935.2	XP_043792582.1	XP_006563301.1	XP_003396198.1
OG0002983	XP_016907455.1	XP_006610489.1	XP_003690684.1	XP_043788368.1	XP_006563359.1	XP_003397962.1
OG0002984	XP_028521127.2	XP_031363967.1	XP_086769696.1	XP_043791914.1	XP_026301788.1	XP_020719155.1
OG0002985	XP_061936619.1	XP_006610647.1	XP_086769603.1	XP_043792181.1	XP_026301857.1	XP_048262882.1
OG0002986	XP_016907473.2	XP_006610559.1	XP_003690499.2	XP_043786117.1	XP_394225.4	XP_012174436.1
OG0002987	XP_028521153.2	XP_006610740.2	XP_003690498.1	XP_043787267.1	XP_006563318.2	XP_020723532.1
OG0002988	XP_061935712.1	XP_031363886.1	XP_086769374.1	XP_043786129.1	XP_016768032.1	XP_003402767.2
OG0002989	XP_016907486.1	XP_006610711.1	XP_086769490.1	XP_043786467.1	XP_006565374.2	XP_003396723.2
OG0002990	XP_016907495.1	XP_006610720.1	XP_003697583.3	XP_043786513.1	XP_006565382.1	XP_012165810.1
OG0002991	NP_001315405.1	XP_006610580.1	XP_012350048.2	XP_043786773.1	NP_001012431.1	XP_003396228.1
OG0002992	XP_061935559.1	XP_031363998.1	XP_086769513.1	XP_043787750.1	XP_026295660.1	XP_048262862.1
OG0002993	XP_016907511.1	XP_031363854.1	XP_003690509.2	XP_043785855.1	XP_006565039.1	XP_048266065.1
OG0002994	XP_016907549.1	XP_006610159.1	XP_003690452.2	XP_043789796.1	XP_026298621.1	XP_003397827.2
OG0002995	XP_016907519.1	XP_006614072.1	XP_003690819.1	XP_043787398.1	XP_001121709.2	XP_003397987.1
OG0002996	XP_016907527.1	XP_006610459.1	XP_086769821.1	XP_043792492.1	XP_006562841.1	XP_012174466.2
OG0002997	XP_061935065.1	XP_006610485.1	XP_012349997.1	XP_043787226.1	XP_392932.3	XP_020720275.1
OG0002998	XP_016907544.1	XP_006609540.1	XP_086769872.1	XP_043789800.1	XP_624207.3	XP_003394881.1
OG0002999	XP_016907551.1	XP_031371000.1	XP_003690644.4	XP_043791466.1	XP_006562571.1	XP_003394882.1
OG0003000	XP_016907552.1	XP_006610480.1	XP_003690661.1	XP_043787707.1	XP_006562818.1	XP_012174481.1
OG0003001	XP_028521000.1	XP_006610675.1	XP_086769274.1	XP_043788849.1	XP_001122183.1	XP_003399157.1
OG0003002	XP_016907567.2	XP_006610677.1	XP_012350191.2	XP_043787641.1	XP_006565344.1	XP_003398719.2
OG0003003	XP_028521001.1	XP_006610678.1	XP_012350197.1	XP_043790961.1	XP_006565343.1	XP_003398717.1
OG0003004	XP_016907576.2	XP_006610456.1	XP_003690686.1	XP_043790026.1	XP_394227.2	XP_012174462.1
OG0003005	XP_016907582.1	XP_006610608.1	XP_086769706.1	XP_043791707.1	XP_026296941.1	XP_012164999.2
OG0003006	XP_016907588.1	XP_006621388.1	XP_003693259.3	XP_043798774.1	XP_393764.2	XP_012168661.1
OG0003007	XP_016907586.1	XP_006610564.1	XP_003690673.1	XP_043786681.1	XP_624694.1	XP_012174429.1
OG0003008	XP_016907596.1	XP_006610533.1	XP_012350004.1	XP_043786634.1	XP_394880.3	XP_020723542.1
OG0003009	XP_061936375.1	XP_031363892.1	XP_012350121.1	XP_043788024.1	XP_026297250.1	XP_012165009.1
OG0003010	XP_016907607.1	XP_006610689.1	XP_031776143.1	XP_043791048.1	XP_006565358.1	XP_003399130.1
OG0003011	XP_061935376.1	XP_006610535.1	XP_031776189.2	XP_043788423.1	XP_396791.3	XP_003402778.1
OG0003012	XP_061936187.1	XP_006610611.1	XP_086769694.1	XP_043788287.1	XP_016768773.1	XP_003396208.2
OG0003013	XP_016907633.2	XP_006610617.1	XP_086769695.1	XP_043788559.1	XP_001120482.1	XP_003396209.1
OG0003014	XP_016907673.1	XP_006610154.1	XP_003690281.1	XP_043789697.1	NP_001167611.1	XP_003397818.2
OG0003015	XP_016907639.1	XP_006610658.1	XP_003690773.4	XP_043791373.1	XP_625250.4	XP_048266529.1
OG0003016	XP_016907642.1	XP_006610619.1	XP_003690741.3	XP_043786386.1	XP_001120425.1	XP_003396210.1
OG0003017	XP_061935982.1	XP_006610573.1	XP_086769365.1	XP_043786621.1	XP_006563309.1	XP_003402770.2
OG0003018	XP_016907646.1	XP_031370988.1	XP_003690600.1	XP_043789382.1	XP_006561976.1	XP_003398928.2
OG0003019	XP_016907649.1	XP_006610543.1	XP_003690709.4	XP_043785790.1	XP_001121270.1	XP_012174448.1
OG0003020	XP_016907661.1	XP_006609534.1	XP_012350301.1	XP_043789403.1	XP_006562017.1	XP_012167079.1
OG0003021	XP_061934100.1	XP_031370984.1	XP_031776131.2	XP_043789776.1	XP_026302048.1	XP_012167078.1
OG0003022	XP_016907669.1	XP_006609524.1	XP_003690612.3	XP_043789243.1	XP_001121177.2	XP_003397745.1
OG0003023	XP_016907671.2	XP_031370983.1	XP_012350215.2	XP_043790208.1	XP_006562002.1	XP_003397736.1
OG0003024	XP_016907675.2	XP_006610549.1	XP_031776191.1	XP_043791115.1	XP_006563324.2	XP_012174440.2
OG0003025	XP_016907679.1	XP_031370971.1	XP_086769877.1	XP_043789132.1	XP_016772550.2	XP_048260766.1
OG0003026	XP_061938526.1	XP_006621410.1	XP_003693204.2	XP_043798355.1	XP_026299517.1	XP_012168662.2
OG0003027	XP_016907690.1	XP_006610471.1	XP_086769809.1	XP_043790747.1	XP_006562826.1	XP_003402712.1
OG0003028	XP_016907696.3	XP_006621412.2	XP_031771954.2	XP_043798545.1	XP_026299499.1	XP_048266063.1
OG0003029	XP_016907699.1	XP_006609461.1	XP_012349742.2	XP_043790106.1	XP_392161.2	XP_003397479.1
OG0003030	XP_016907701.1	XP_006609460.1	XP_086769463.1	XP_043790403.1	XP_006561977.1	XP_003397487.1
OG0003031	XP_016907702.1	XP_006610680.1	XP_003690769.2	XP_043787346.1	XP_396506.4	XP_003399139.1
OG0003032	XP_016907703.1	XP_006610542.1	XP_012349956.2	XP_043788435.1	XP_624151.1	XP_003402777.1
OG0003033	XP_016907709.1	XP_006610754.1	XP_003695351.1	XP_043790790.1	XP_625245.2	XP_003396724.1
OG0003034	XP_016907715.1	XP_006609487.1	XP_012343458.2	XP_043789299.1	XP_003249988.1	XP_012166936.3
OG0003035	XP_016907717.1	XP_006610727.1	XP_086769625.1	XP_043793799.1	XP_026296149.1	XP_003398981.1
OG0003036	XP_061936549.1	XP_006610633.1	XP_012350149.2	XP_043788241.1	XP_003250243.1	XP_003396226.1
OG0003037	XP_016907726.2	XP_006610536.1	XP_031776184.2	XP_043791445.1	XP_026297772.1	XP_048262521.1
OG0003038	XP_028521118.2	XP_006610444.1	XP_012350244.2	XP_043789045.1	XP_026298751.1	XP_048262610.1
OG0003039	XP_028521189.2	XP_006614402.1	XP_086771723.1	XP_043798253.1	XP_026299646.1	XP_048266446.1
OG0003040	XP_028521172.2	XP_006614416.1	XP_031771144.2	XP_043798217.1	XP_016770254.1	XP_012169816.2
OG0003041	XP_016907775.1	XP_006610147.1	XP_012348546.1	XP_043789687.1	XP_003249944.1	XP_012167390.1
OG0003042	XP_016907752.1	XP_006614379.2	XP_012339344.1	XP_043798713.1	XP_006566544.2	XP_012169645.1
OG0003043	XP_016907753.1	XP_006614377.1	XP_003691785.1	XP_043799076.1	XP_001121442.1	XP_048266468.1
OG0003044	XP_016907755.1	XP_006614375.1	XP_003691786.3	XP_043798718.1	XP_625093.1	XP_003399310.1
OG0003045	XP_028521223.1	XP_031365531.1	XP_031774743.1	XP_043798526.1	XP_006566436.2	XP_020721215.1
OG0003046	XP_016907946.1	XP_006614101.1	XP_003697210.1	XP_043798208.1	XP_026299417.1	XP_048265867.1
OG0003047	XP_016907778.1	XP_006614358.1	XP_012339456.1	XP_043798344.1	XP_006566518.1	XP_003399332.1
OG0003048	XP_061938028.1	XP_006614314.1	XP_003691780.2	XP_043798944.1	XP_001120000.1	XP_003399339.2
OG0003049	XP_061935834.1	XP_031368459.1	XP_012347473.1	XP_043791865.1	XP_026298837.1	XP_012173393.1
OG0003050	XP_061937951.1	XP_031365525.1	XP_031771195.1	XP_043798741.1	XP_006566452.2	XP_012168727.1
OG0003051	XP_016907798.2	XP_006614081.1	XP_086771850.1	XP_043798751.1	XP_006566456.1	XP_003398728.1
OG0003052	XP_061935071.1	XP_006620161.1	XP_086771087.1	XP_043791792.1	XP_016773035.2	XP_003396468.1
OG0003053	XP_016907808.2	XP_006614158.1	XP_086771908.1	XP_043798923.1	XP_001120691.3	XP_012169030.1
OG0003054	XP_016907820.1	XP_006614090.1	XP_003692037.1	XP_043798356.1	XP_393819.4	XP_020720889.1
OG0003055	XP_016907833.1	XP_006614077.1	XP_086771831.1	XP_043798411.1	XP_006566462.1	XP_048266587.1
OG0003056	XP_016907838.2	XP_006614079.1	XP_003691846.3	XP_043799131.1	XP_393821.3	XP_003398731.2
OG0003057	XP_016907839.1	XP_006614409.1	XP_012339319.2	XP_043798229.1	XP_003250860.1	XP_012169616.2
OG0003058	XP_016907846.2	XP_031365632.1	XP_031771088.1	XP_043798234.1	XP_016770625.2	XP_020721308.2
OG0003059	XP_061938035.1	XP_031365629.1	XP_086771768.1	XP_043799105.1	XP_026299719.1	XP_012169678.2
OG0003060	XP_016907886.1	XP_006614297.1	XP_003691895.1	XP_043799149.1	XP_393823.1	XP_003398733.1
OG0003061	XP_016907893.1	XP_006614296.1	XP_012339557.1	XP_043799157.1	XP_006566320.1	XP_003398735.1
OG0003062	XP_016907894.1	XP_006614095.1	XP_086771866.1	XP_043798779.1	XP_016770208.1	XP_003399225.1
OG0003063	XP_016907907.1	XP_031365538.1	XP_003697226.1	XP_043798795.1	XP_393809.4	XP_012168993.2
OG0003064	XP_016907910.2	XP_006614171.2	XP_031774742.2	XP_043798788.1	XP_006566418.1	XP_003399221.2
OG0003065	XP_016907928.1	XP_006614385.1	XP_086771738.1	XP_043798537.1	XP_006566538.1	XP_020721292.1
OG0003066	XP_016907930.1	XP_006614381.1	XP_012339348.1	XP_043798714.1	XP_006566537.1	XP_003399320.1
OG0003067	XP_016907934.1	XP_006614404.1	XP_003691983.1	XP_043798258.1	XP_006566552.1	XP_003399292.1
OG0003068	XP_016907937.2	XP_006614399.1	XP_012339330.1	XP_043799115.1	XP_006566551.2	XP_012169610.2
OG0003069	XP_016907944.1	XP_006614099.1	XP_086771691.1	XP_043798262.1	XP_001122620.2	XP_003399276.1
OG0003070	XP_016907949.1	XP_006614114.1	XP_003693183.1	XP_043798487.1	XP_391907.1	XP_020721208.2
OG0003071	XP_016907957.1	XP_031365545.1	XP_012346836.2	XP_043798455.1	XP_016770454.2	XP_012168966.1
OG0003072	XP_016907964.1	XP_006608787.1	XP_012342248.1	XP_043800737.1	XP_016768039.1	XP_012164619.1
OG0003073	XP_061938066.1	XP_006614397.1	XP_086771720.1	XP_043799111.1	XP_006566549.1	XP_048266443.1
OG0003074	XP_016907966.1	XP_006614418.1	XP_031771047.1	XP_043798577.1	XP_393830.3	XP_012169711.1
OG0003075	XP_016907968.1	XP_006614306.1	XP_003691969.1	XP_043798579.1	XP_393829.3	XP_003399348.1
OG0003076	XP_016907972.1	XP_031365527.1	XP_012346857.1	XP_043798580.1	XP_026299523.1	XP_012169031.3
OG0003077	XP_061937863.1	XP_006614161.1	XP_003697250.1	XP_043799134.1	XP_016770334.2	XP_020721118.1
OG0003078	XP_016907986.1	XP_006614390.1	XP_003691772.2	XP_043798677.1	NP_001161308.1	XP_003399321.2
OG0003079	XP_061937960.1	XP_006614094.1	XP_003691788.1	XP_043798221.1	XP_624823.1	XP_003398722.1
OG0003080	XP_061938046.1	XP_006614394.1	XP_012339332.1	XP_043798571.1	XP_006566531.1	XP_003399323.1
OG0003081	XP_016908003.1	XP_006614130.1	XP_012346879.2	XP_043799203.1	XP_016770777.2	XP_012169013.1
OG0003082	XP_016908008.1	XP_006614132.1	XP_003697240.1	XP_043798298.1	XP_006566408.1	XP_012169011.2
OG0003083	XP_016908012.1	XP_006614122.1	XP_003697229.1	XP_043798801.1	XP_006566414.1	XP_003398895.1
OG0003084	XP_061937975.1	XP_006614309.1	XP_086771829.1	XP_043798615.1	XP_026299743.1	XP_003399347.1
OG0003085	XP_016908017.1	XP_006608786.1	XP_086763504.1	XP_043800744.1	XP_003250408.1	XP_012164907.1
OG0003086	XP_016908016.2	XP_031365579.1	XP_086771913.1	XP_043798787.1	XP_393815.4	XP_012169492.3
OG0003087	XP_016908020.2	XP_006614396.1	XP_012339327.3	XP_043798618.1	XP_016770410.1	XP_012169656.1
OG0003088	XP_016908022.2	XP_006614082.1	XP_003691961.2	XP_043798220.1	XP_001122721.2	XP_003398724.1
OG0003089	XP_016908025.1	XP_006621467.1	XP_003693200.1	XP_043798690.1	XP_026299902.1	XP_003398790.2
OG0003090	XP_016908033.1	XP_006608881.1	XP_003693926.3	XP_043800960.1	XP_016768101.1	XP_048262877.1
OG0003091	XP_016908051.1	XP_031369007.1	XP_012346715.2	XP_043784727.1	XP_006558401.1	XP_003393658.2
OG0003092	XP_016908054.1	XP_031370332.1	XP_086763480.1	XP_043800713.1	XP_026297224.1	XP_012164640.1
OG0003093	XP_016908058.1	XP_006621237.1	XP_003697136.1	XP_043784722.1	XP_026294697.1	XP_003393659.1
OG0003094	XP_016908079.1	XP_006623793.1	XP_003694274.1	XP_043802852.1	XP_003249096.1	XP_003395172.2
OG0003095	XP_016908081.1	XP_006623777.1	XP_003694268.1	XP_043802872.1	XP_396051.1	XP_003395164.1
OG0003096	XP_016908097.1	XP_006623794.1	XP_003694272.2	XP_043802851.1	XP_396145.2	XP_003395169.1
OG0003097	XP_016908139.3	XP_031364726.1	XP_012345116.2	XP_043789475.1	XP_026298628.1	XP_020720208.2
OG0003098	XP_061935081.1	XP_031367473.1	XP_086771156.1	XP_043791688.1	NP_001229505.1	XP_003401624.1
OG0003099	XP_061933481.1	XP_006611354.1	XP_003694470.2	XP_043797645.1	XP_395721.5	XP_048264151.1
OG0003100	XP_061933467.1	XP_006621345.1	XP_012343052.1	XP_043797602.1	XP_001122483.1	XP_020723316.1
OG0003101	XP_016908123.1	XP_006616235.2	XP_086767750.1	XP_043804091.1	XP_016771115.2	XP_012169904.1
OG0003102	XP_016908125.1	XP_006616242.1	XP_012342143.1	XP_043804109.1	XP_623821.1	XP_003399628.1
OG0003103	XP_016908126.2	XP_006616240.1	XP_012342142.1	XP_043804215.1	XP_001120274.3	XP_003399464.1
OG0003104	XP_016908127.1	XP_006616236.1	XP_003693811.1	XP_043804103.1	XP_623985.3	XP_020721731.1
OG0003105	XP_016908130.1	XP_006621584.1	XP_003692028.2	XP_043798958.1	XP_003251557.1	XP_048265760.1
OG0003106	XP_061943161.1	XP_006612878.1	XP_003695566.1	XP_043794190.1	XP_623299.3	XP_003393428.1
OG0003107	XP_061934144.1	XP_006612939.1	XP_031770877.2	XP_043799577.1	XP_026298145.1	XP_012166257.1
OG0003108	XP_016908141.1	XP_006612942.1	XP_003691568.2	XP_043799557.1	XP_003249525.1	XP_048264007.1
OG0003109	XP_016908143.1	XP_006612940.1	XP_003691523.1	XP_043799562.1	XP_001119929.2	XP_012166262.3
OG0003110	XP_016908145.1	XP_006612951.1	XP_012338940.1	XP_043799590.1	XP_006559710.1	XP_012173983.1
OG0003111	XP_061934129.1	XP_006612959.1	XP_012338866.1	XP_043799581.1	XP_395711.5	XP_003402365.1
OG0003112	XP_061934168.1	XP_031366149.1	XP_012338912.2	XP_043799515.1	XP_026297928.1	XP_048264148.1
OG0003113	XP_061934133.1	XP_006612952.1	XP_012338939.2	XP_043799546.1	XP_006559709.1	XP_003402369.1
OG0003114	XP_016908152.2	XP_006615290.1	XP_012338896.2	XP_043799492.1	XP_003250135.2	XP_020719724.2
OG0003115	XP_016908156.1	XP_006615297.1	XP_003691531.1	XP_043799571.1	XP_003250133.2	XP_003397005.1
OG0003116	XP_016908157.1	XP_006612953.1	XP_012338938.3	XP_043799547.1	XP_006559708.2	XP_012173984.2
OG0003117	XP_016908158.2	XP_006612927.1	XP_012338804.3	XP_043799608.1	XP_006559727.1	XP_003397162.4
OG0003118	XP_016908159.1	XP_006618574.1	XP_003691514.2	XP_043799628.1	XP_001120020.1	XP_012166439.2
OG0003119	XP_016908162.1	XP_006615308.1	XP_003691533.1	XP_043799630.1	XP_003249877.1	XP_020719822.1
OG0003120	XP_016908164.1	XP_006615311.1	XP_012338916.2	XP_043799627.1	XP_003249878.1	XP_003397382.1
OG0003121	XP_016908171.1	XP_006612917.1	XP_012338898.1	XP_043799729.1	XP_006562666.1	XP_048264004.1
OG0003122	XP_016908181.1	XP_006618567.1	XP_086773596.1	XP_043799572.1	XP_026297927.1	XP_012166340.3
OG0003123	XP_016908195.1	XP_006621514.1	XP_086761482.1	XP_043798194.1	XP_001121373.1	XP_003399377.1
OG0003124	XP_016908207.1	XP_006612945.1	XP_003691563.1	XP_043799487.1	XP_006559711.2	XP_020719838.1
OG0003125	XP_016908261.1	XP_006607904.1	XP_003690491.1	XP_043789629.1	XP_006561749.1	XP_012166821.2
OG0003126	XP_016908225.1	XP_006621506.1	XP_086761483.1	XP_043798197.1	XP_016770378.1	XP_003399378.1
OG0003127	XP_016908224.1	XP_006615330.1	XP_003691491.2	XP_043799591.1	XP_003249880.3	XP_003397379.4
OG0003128	XP_016908226.2	XP_031365035.1	XP_012338856.2	XP_043799674.1	XP_026298286.1	XP_048264072.1
OG0003129	XP_016908237.1	XP_006615335.1	XP_003691495.2	XP_043799538.1	XP_006561516.1	XP_003397321.1
OG0003130	XP_061934244.1	XP_031366132.1	XP_012338823.3	XP_043799522.1	XP_016768846.1	XP_048264237.1
OG0003131	XP_016908242.1	XP_006615334.1	XP_012338824.1	XP_043799543.1	XP_003249883.2	XP_003397322.1
OG0003132	XP_016908244.1	XP_006615338.1	XP_003691497.3	XP_043799521.1	XP_003249882.1	XP_003397327.2
OG0003133	XP_016908253.2	XP_006615318.1	XP_012338915.2	XP_043799715.1	XP_003249879.2	XP_020719720.1
OG0003134	XP_016908265.1	XP_006621066.1	XP_003697605.1	XP_043791894.1	XP_003249077.1	XP_003401934.2
OG0003135	XP_016908270.1	XP_006615352.1	XP_003691542.1	XP_043799605.1	XP_026297959.1	XP_012166621.1
OG0003136	XP_016908272.1	XP_006615350.1	XP_012338830.1	XP_043799606.1	XP_006561531.1	XP_003397348.1
OG0003137	XP_016908276.1	XP_006615349.1	XP_003691500.1	XP_043799607.1	XP_394728.2	XP_012166620.1
OG0003138	XP_061934085.1	XP_031367733.1	XP_086773575.1	XP_043799739.1	XP_006559651.1	XP_003397053.1
OG0003139	XP_016908292.1	XP_006618538.1	XP_086773090.1	XP_043799509.1	XP_006559680.1	XP_012166312.2
OG0003140	XP_016908304.2	XP_031367722.1	XP_086773273.1	XP_043799610.1	XP_006559684.2	XP_012166313.2
OG0003141	XP_061934171.1	XP_006615304.1	XP_031770903.1	XP_043799533.1	XP_396279.3	XP_003397009.2
OG0003142	XP_016908307.1	XP_006615305.1	XP_003691487.1	XP_043799534.1	XP_006561486.1	XP_012166282.1
OG0003143	XP_016908313.1	XP_006621073.1	XP_003697642.1	XP_043791903.1	XP_624652.1	XP_003401932.1
OG0003144	XP_016908314.1	XP_006612962.1	XP_031770895.1	XP_043799586.1	XP_006559738.2	XP_012173981.2
OG0003145	XP_016908316.1	XP_006612958.1	XP_012338867.1	XP_043799587.1	XP_623624.3	XP_012173980.1
OG0003146	XP_016908317.2	XP_031367730.1	XP_003691525.1	XP_043799578.1	XP_623941.1	XP_012166333.1
OG0003147	XP_061934173.1	XP_006615306.1	XP_003691532.1	XP_043799528.1	XP_003249875.4	XP_012166731.2
OG0003148	XP_016908325.1	XP_006615341.2	XP_012338822.1	XP_043799535.1	XP_016768853.1	XP_003397318.1
OG0003149	XP_016908327.1	XP_031367717.1	XP_086773115.1	XP_043799506.1	XP_026297964.1	XP_012166306.3
OG0003150	XP_061934112.1	XP_006618537.1	XP_086773262.1	XP_043799507.1	XP_396635.2	XP_003397035.2
OG0003151	XP_061927961.1	XP_031365677.1	XP_086764114.1	XP_043786445.1	XP_026294758.1	XP_020723791.2
OG0003152	XP_016908385.2	XP_006610156.1	XP_012349105.2	XP_043789648.1	NP_001229928.1	XP_012167421.1
OG0003153	XP_016908353.1	XP_006614479.1	XP_012347632.1	XP_043786447.1	XP_006559151.1	XP_003393606.1
OG0003154	XP_016908356.1	XP_006614459.1	XP_012347625.1	XP_043786486.1	XP_006559138.1	XP_012170049.1
OG0003155	XP_061931758.1	XP_006617296.1	XP_003689815.4	XP_043802828.1	XP_016767744.1	XP_003395753.1
OG0003156	XP_016908363.1	XP_006619458.1	XP_003690968.1	XP_043804273.1	XP_624118.1	XP_003402878.1
OG0003157	XP_016908365.1	XP_006619473.1	XP_003690966.1	XP_043802073.1	XP_026295494.1	XP_003402876.1
OG0003158	XP_016908367.1	XP_006619460.1	XP_003690969.1	XP_043804258.1	XP_001120217.1	XP_003394171.1
OG0003159	XP_016908376.1	XP_031368453.1	XP_003697658.1	XP_043791740.1	XP_395903.3	XP_003402082.1
OG0003160	XP_016908383.2	XP_006619466.1	XP_086764425.1	XP_043804309.1	XP_026295477.1	XP_003402871.1
OG0003161	XP_061935860.1	XP_006623251.2	XP_031775038.1	XP_043791816.1	XP_026298520.1	XP_003401779.1
OG0003162	XP_061929184.1	XP_006619474.1	XP_003694735.3	XP_043801944.1	XP_016766924.2	XP_048260457.1
OG0003163	XP_061940354.1	XP_006619815.1	XP_086764851.1	XP_043790948.1	XP_016769908.2	XP_003400805.1
OG0003164	XP_016908401.1	XP_006624696.1	XP_031775223.2	XP_043795816.1	XP_001123348.1	XP_003400871.2
OG0003165	XP_016908414.1	XP_006619824.1	XP_012347826.3	XP_043790945.1	XP_001123355.3	XP_012171826.2
OG0003166	XP_016908417.1	XP_006619823.1	XP_086764850.1	XP_043790947.1	XP_001123357.1	XP_012171825.1
OG0003167	XP_016908418.1	XP_006619820.1	XP_012347819.3	XP_043790943.1	XP_006566285.2	XP_048267809.1
OG0003168	XP_061940323.1	XP_006624699.1	XP_031775219.2	XP_043795903.1	XP_026300924.1	XP_003400797.1
OG0003169	XP_016908425.1	XP_006624695.1	XP_003697822.1	XP_043795890.1	XP_026300923.1	XP_012171819.1
OG0003170	XP_016908426.1	XP_006624707.1	XP_012347806.1	XP_043795997.1	XP_003250813.1	XP_012171814.1
OG0003171	XP_016908428.1	XP_006624703.1	XP_012347822.1	XP_043795974.1	XP_006566038.1	XP_048267794.1
OG0003172	XP_016908455.1	XP_006620008.1	XP_031775643.1	XP_043804388.1	XP_026296995.1	XP_012174803.2
OG0003173	XP_016908498.1	XP_006610091.1	XP_003690302.2	XP_043789684.1	XP_001120735.1	XP_003397578.1
OG0003174	XP_016908459.1	XP_006620016.2	XP_012348775.2	XP_043804382.1	XP_006560104.2	XP_003402919.2
OG0003175	XP_061931845.1	XP_031368384.1	XP_012348774.2	XP_043804380.1	XP_006560103.1	XP_003402951.1
OG0003176	XP_016908463.2	XP_031368387.1	XP_012348772.1	XP_043804381.1	XP_006560111.1	XP_003402952.2
OG0003177	XP_061932873.1	XP_006620015.1	XP_012348773.1	XP_043804386.1	XP_001120792.2	XP_003402918.1
OG0003178	XP_061935746.1	XP_006618055.1	XP_031773707.2	XP_043791678.1	XP_026298469.1	XP_012172888.1
OG0003179	XP_061935748.1	XP_006618053.1	XP_003695762.1	XP_043791762.1	XP_016772903.1	XP_020722809.1
OG0003180	XP_061935751.1	XP_006618047.1	XP_086771140.1	XP_043791858.1	XP_016772901.2	XP_048269296.1
OG0003181	XP_016908483.3	XP_006618046.1	XP_086771139.1	XP_043791793.1	XP_026298541.1	XP_003401628.2
OG0003182	XP_016908485.1	XP_006618044.1	XP_031773715.1	XP_043791795.1	XP_026298542.1	XP_003401629.1
OG0003183	XP_016908493.1	XP_031371032.1	XP_012340532.1	XP_043794798.1	XP_003249670.1	XP_003400084.1
OG0003184	XP_061931415.1	XP_006607789.1	XP_031774348.1	XP_043792807.1	XP_026296493.1	XP_012176465.3
OG0003185	XP_016908495.1	XP_031366528.1	XP_012347800.2	XP_043801119.1	XP_006560291.2	XP_003400812.1
OG0003186	XP_028521370.1	XP_006616205.1	XP_086764811.1	XP_043801128.1	XP_003249657.1	XP_003400814.1
OG0003187	XP_016908499.1	XP_006616204.1	XP_003697821.1	XP_043801130.1	XP_003249646.1	XP_003400813.1
OG0003188	XP_016908503.1	XP_031369878.1	XP_012347551.1	XP_043791724.1	XP_016769415.2	XP_048264564.1
OG0003189	XP_016908502.1	XP_006616213.1	XP_003697791.3	XP_043801120.1	XP_003249647.1	XP_003400817.2
OG0003190	XP_061940298.1	XP_031366531.1	XP_086764815.1	XP_043801122.1	XP_026300911.1	XP_048267892.1
OG0003191	XP_061940322.1	XP_031366539.1	XP_086764823.1	XP_043801126.1	XP_026300914.1	XP_048267942.1
OG0003192	XP_061938674.1	XP_006608941.1	XP_086767741.1	XP_043793181.1	XP_397101.4	XP_048266842.1
OG0003193	XP_061938681.1	XP_031370508.1	XP_086767766.1	XP_043799928.1	XP_006562291.2	XP_012169871.2
OG0003194	XP_061939380.1	XP_006608992.1	XP_012348717.1	XP_043785397.1	XP_006572428.1	XP_012170008.1
OG0003195	XP_016908538.1	XP_006623269.1	XP_086770983.1	XP_043791748.1	XP_026298714.1	XP_003397617.1
OG0003196	XP_016908546.1	XP_006608942.1	XP_086767743.1	XP_043788124.1	XP_006562281.1	XP_020721411.1
OG0003197	XP_016908566.1	XP_006608927.1	XP_012340753.1	XP_043792051.1	XP_003250061.2	XP_003399626.2
OG0003198	XP_016908570.1	XP_006609008.1	XP_012348694.1	XP_043793602.1	XP_026300295.1	XP_012169977.2
OG0003199	XP_016908613.1	XP_006610109.1	XP_086761773.1	XP_043789418.1	XP_016773079.2	XP_048264414.1
OG0003200	XP_016908577.1	XP_006621419.1	XP_086761427.1	XP_043798464.1	NP_001229362.1	XP_003398677.1
OG0003201	XP_016908585.1	XP_006608988.1	XP_012348715.2	XP_043803581.1	XP_006561268.2	XP_012170007.1
OG0003202	XP_016908587.2	XP_031370696.1	XP_086766135.1	XP_043785012.1	XP_016771089.2	XP_012169999.2
OG0003203	XP_016908592.2	XP_006608970.1	XP_086766975.1	XP_043784384.1	XP_396194.3	XP_003399527.1
OG0003204	XP_016908603.1	XP_006608934.1	XP_003698358.1	XP_043784884.1	XP_393837.4	XP_003399913.1
OG0003205	XP_016908605.1	XP_006609009.2	XP_012348738.1	XP_043785266.1	XP_016771019.1	XP_012169982.1
OG0003206	XP_061936769.1	XP_006620650.1	XP_031772748.1	XP_043785029.1	XP_006572417.1	XP_012168019.1
OG0003207	XP_061939375.1	XP_031370576.1	XP_003698419.1	XP_043794008.1	XP_016771094.1	XP_003399815.1
OG0003208	XP_016908615.1	XP_006608980.1	XP_003698409.1	XP_043803627.1	NP_001172008.1	XP_003399539.1
OG0003209	XP_016908618.1	XP_006608977.1	XP_003698407.1	XP_043789154.1	XP_003249830.1	XP_003399533.2
OG0003210	XP_061932182.1	XP_006608895.1	XP_003693925.1	XP_043800966.1	XP_394650.2	XP_003396183.1
OG0003211	XP_061937851.1	XP_031369606.1	XP_086773226.1	XP_043798238.1	XP_026299473.1	XP_048266356.1
OG0003212	XP_016908651.1	XP_006615130.1	XP_012339889.1	XP_043798235.1	XP_003250904.3	XP_003399227.3
OG0003213	XP_061935850.1	XP_006620188.1	XP_012347547.2	XP_043791671.1	XP_006572005.1	XP_012173360.2
OG0003214	XP_016908655.1	XP_006615168.1	XP_003692243.3	XP_043798247.1	XP_016770328.1	XP_048266559.1
OG0003215	XP_061937845.1	XP_031370766.1	XP_012339864.3	XP_043799121.1	XP_006566369.2	XP_012169496.2
OG0003216	XP_016908672.2	XP_006624564.1	XP_086766916.1	XP_043793936.1	XP_623598.1	XP_003401446.3
OG0003217	XP_016908675.1	XP_006612816.2	XP_003689713.2	XP_043793621.1	XP_026297025.1	XP_003403295.1
OG0003218	XP_028521435.1	XP_006609360.1	XP_012345486.1	XP_043790802.1	XP_393106.4	XP_003401347.2
OG0003219	XP_016908693.2	XP_006609368.1	XP_003696028.1	XP_043790452.1	XP_392088.3	XP_020722572.1
OG0003220	XP_016908701.1	XP_006620186.1	XP_003697656.1	XP_043791767.1	XP_006572004.2	XP_003402083.1
OG0003221	XP_061928862.1	XP_031364590.1	XP_086765753.1	XP_043787794.1	XP_026295564.1	XP_048260073.1
OG0003222	XP_061940276.1	XP_006616230.1	XP_003690086.1	XP_043801212.1	XP_393964.2	XP_003400888.1
OG0003223	XP_016908714.1	XP_006619309.1	XP_003690087.1	XP_043801097.1	XP_397572.4	XP_012171798.1
OG0003224	XP_016908725.1	XP_031369167.1	XP_031772079.1	XP_043798465.1	XP_391880.2	XP_012168653.1
OG0003225	XP_016908723.2	XP_031365818.1	XP_031773015.2	XP_043802483.1	XP_026296176.1	XP_003394859.2
OG0003226	XP_016908727.2	XP_031365826.1	XP_003694671.2	XP_043802486.1	XP_003250141.2	XP_003394861.1
OG0003227	XP_061929880.1	XP_006616941.2	XP_086760071.1	XP_043802117.1	XP_396254.6	XP_048261138.1
OG0003228	XP_061929882.1	XP_031366901.1	XP_086760072.1	XP_043802118.1	XP_026296179.1	XP_012163683.1
OG0003229	XP_016908743.1	XP_006614676.1	XP_086760069.1	XP_043802088.1	XP_016767355.2	XP_003395001.2
OG0003230	XP_016908746.2	XP_031365824.1	XP_003694655.2	XP_043802145.1	XP_001120913.2	XP_048261139.1
OG0003231	XP_061929934.1	XP_006614683.2	XP_012343426.2	XP_043802158.1	XP_016767522.2	XP_048261310.1
OG0003232	XP_016908749.2	XP_006614693.1	XP_012343229.2	XP_043802178.1	XP_016767529.2	XP_003394748.1
OG0003233	XP_016908769.2	XP_006614662.1	XP_031773017.2	XP_043802028.1	XP_006562747.2	XP_012163400.2
OG0003234	XP_016908772.1	XP_006614665.1	XP_012343261.3	XP_043802034.1	XP_006562746.2	XP_012163394.1
OG0003235	XP_016908776.1	XP_031365777.1	XP_086760047.1	XP_043802502.1	XP_006562731.1	XP_012163383.1
OG0003236	XP_016908792.1	XP_031366898.1	XP_012343368.1	XP_043802116.1	XP_016767395.1	XP_048260828.1
OG0003237	XP_061929918.1	XP_006616968.1	XP_086760128.1	XP_043801927.1	XP_003250151.1	XP_012163740.2
OG0003238	XP_016908806.1	XP_006614674.1	XP_003694660.1	XP_043801725.1	XP_393374.3	XP_003395006.2
OG0003239	XP_016908816.1	XP_006616958.1	XP_003694607.1	XP_043802447.1	XP_016767070.2	XP_020718565.1
OG0003240	XP_016908821.2	XP_006614671.1	XP_012343443.2	XP_043802095.1	XP_006562743.1	XP_003395241.2
OG0003241	XP_016908822.1	XP_006614672.1	XP_003694711.1	XP_043801734.1	XP_003250159.1	XP_003395007.1
OG0003242	XP_061936808.1	XP_006618583.1	XP_086767625.1	XP_043801495.1	XP_026298984.1	XP_020720854.2
OG0003243	XP_016908838.1	XP_006618592.1	XP_003695686.1	XP_043801509.1	XP_001121067.3	XP_003398374.2
OG0003244	XP_016908842.1	XP_006618589.1	XP_003695698.1	XP_043801513.1	XP_003250005.2	XP_012168093.1
OG0003245	XP_061938098.1	XP_006618525.1	XP_086761762.1	XP_043799099.1	XP_006566574.1	XP_012169598.2
OG0003246	XP_016908848.2	XP_006612161.1	XP_012339138.2	XP_043797472.1	XP_001122445.1	XP_020718368.1
OG0003247	XP_016908851.1	XP_006612801.1	XP_003697176.1	XP_043800774.1	XP_006572195.2	XP_048265372.1
OG0003248	XP_016908871.1	XP_031368450.1	XP_086770657.1, XP_086771573.1	XP_043802934.1		XP_003398579.1
OG0003249	XP_061928039.1	XP_006624090.1	XP_086764551.1	XP_043800876.1	XP_026294819.1	XP_012168560.1
OG0003250	XP_061928032.1	XP_006624089.2	XP_003697144.4	XP_043800850.1	XP_003251839.1	XP_048265748.1
OG0003251	XP_061938386.1	XP_006621766.1	XP_086761767.1	XP_043799079.1	XP_026299491.1	XP_012169509.2
OG0003252	XP_061938292.1	XP_006621746.1	XP_012339498.2	XP_043798725.1	XP_395330.3	XP_003399063.1
OG0003253	XP_061938252.1	XP_031368175.1	XP_031771139.2	XP_043798924.1	XP_006566732.1	XP_048265817.1
OG0003254	XP_028521506.1	XP_006619499.1	XP_012339476.2	XP_043798514.1	XP_026299728.1	XP_012168566.2
OG0003255	XP_016908899.1	XP_006621680.1	XP_012339378.1	XP_043798684.1	XP_001120350.1	XP_012169334.1
OG0003256	XP_016908905.2	XP_006621570.1	XP_003691952.2	XP_043798625.1	XP_006570387.1	XP_003399399.2
OG0003257	XP_061938100.1	XP_031367704.1	XP_086761771.1	XP_043798750.1	XP_006566587.1	XP_003399458.1
OG0003258	XP_016908915.1	XP_031369100.1	XP_003693265.1	XP_043799206.1	XP_026299826.1	XP_003398763.2
OG0003259	XP_016908911.1	XP_006619626.1	XP_012339482.1	XP_043798617.1	XP_001122238.2	XP_048269896.1
OG0003260	XP_016908914.1	XP_006621726.1	XP_012339566.1	XP_043798430.1	XP_003250889.1	XP_012169287.1
OG0003261	XP_061937086.1	XP_031368168.1	XP_086761331.1	XP_043798748.1	XP_026299370.1	XP_012169821.1
OG0003262	XP_016908945.1	XP_006621666.1	XP_031771054.2	XP_043798562.1	XP_003250893.1	XP_012169320.1
OG0003263	XP_016908949.1	XP_006621445.1	XP_086761448.1	XP_043799212.1	XP_003251540.1	XP_048266092.1
OG0003264	XP_061938420.1	XP_031369092.1	XP_086761535.1	XP_043798879.1	XP_003251562.1	XP_003399393.1
OG0003265	XP_061938313.1	XP_006621683.1	XP_003691891.1	XP_043798406.1	XP_003250890.1	XP_003399093.2
OG0003266	XP_016908970.1	XP_006621749.1	XP_086761653.1	XP_043798165.1	XP_006566733.2	XP_012169249.2
OG0003267	XP_061938303.1	XP_031369116.1	XP_012339501.2	XP_043798167.1	XP_006566737.2	XP_048266002.1
OG0003268	XP_016908981.2	XP_006621744.1	XP_012339497.1	XP_043798727.1	XP_395328.3	XP_003399060.2
OG0003269	XP_016908986.1	XP_006621751.1	XP_003691879.1	XP_043798658.1	XP_392764.1	XP_048266004.1
OG0003270	XP_016909035.1	XP_006621440.1	XP_012341378.3	XP_043798307.1	XP_393466.2	XP_003398800.1
OG0003271	XP_028521539.2	XP_031368169.1	XP_086761313.1	XP_043799125.1	XP_026299486.1	XP_048265917.1
OG0003272	XP_061938199.1	XP_006619601.1	XP_086761276.1	XP_043798852.1	XP_624373.2	XP_003398777.1
OG0003273	XP_016909075.1	XP_006619524.1	XP_003691851.1	XP_043798989.1	XP_003250883.1	XP_048265829.1
OG0003274	XP_016909076.1	XP_031368160.1	XP_003691853.1	XP_043798990.1	XP_001122944.1	XP_003399037.2
OG0003275	XP_016909080.1	XP_006621700.1	XP_003691892.1	XP_043799118.1	XP_006566767.2	XP_020721237.1
OG0003276	XP_016909082.1	XP_006619622.1	XP_003691808.1	XP_043798993.1	XP_392676.2	XP_003399430.1
OG0003277	XP_016909084.1	XP_006619628.1	XP_012339485.1	XP_043798644.1	XP_624674.1	XP_003399435.1
OG0003278	XP_016909124.1	XP_006613088.2	XP_086759127.1	XP_043795163.1	XP_624597.2	XP_020720040.1
OG0003279	XP_061932116.1	XP_006608790.1	XP_086763498.1	XP_043800678.1	XP_006564143.1	XP_048262768.1
OG0003280	XP_016909089.1	XP_006621743.1	XP_003691863.2	XP_043798161.1	XP_003250928.2	XP_012169270.2
OG0003281	XP_061938276.1	XP_031369253.1	XP_012339495.1	XP_043798634.1	XP_016770422.1	XP_003399070.1
OG0003282	XP_016909106.2	XP_031368205.1	XP_086761721.1	XP_043798626.1	XP_006566830.1	XP_012169221.3
OG0003283	XP_028521498.2	XP_031369245.1	XP_003692029.2	XP_043798949.1	XP_396871.5	XP_048266386.1
OG0003284	XP_016909117.2	XP_006619639.1	XP_031771172.2	XP_043798248.1	NP_001264230.1	XP_048266199.1
OG0003285	XP_028521533.1	XP_006619516.1	XP_086761726.1	XP_043798619.1	XP_016770576.1	XP_020721121.1
OG0003286	XP_016909123.1	XP_006619511.1	XP_003691845.2	XP_043798597.1	XP_001120576.2	XP_012169207.1
OG0003287	XP_016909125.1	XP_006619515.1	XP_012339536.1	XP_043798623.1	XP_001119824.1	XP_003399032.1
OG0003288	XP_016909131.1	XP_006621597.1	XP_012339275.1	XP_043798674.1	XP_396781.2	XP_003399135.2
OG0003289	XP_016909132.2	XP_006621591.1	XP_012339263.2	XP_043798721.1	XP_006570358.1	XP_012169397.1
OG0003290	XP_016909136.1	XP_006621576.1	XP_003691950.4	XP_043798507.1	XP_001122306.2	XP_003399149.2
OG0003291	XP_061938390.1	XP_031369181.1	XP_086761539.1	XP_043798444.1	XP_003251558.1	XP_003399152.2
OG0003292	XP_016909144.3	XP_006608789.1	XP_086763503.1	XP_043800681.1	XP_006564142.1	XP_020719073.2
OG0003293	XP_016909145.2	XP_006619606.1	XP_003691813.1	XP_043798544.1	XP_001122522.2	XP_048266490.1
OG0003294	XP_061935938.1	XP_006617429.1	XP_086771015.1	XP_043791731.1	XP_006558229.1	XP_012167293.2
OG0003295	XP_016909159.1	XP_006621630.1	XP_003691916.2	XP_043798651.1	XP_016770407.1	XP_020720914.1
OG0003296	XP_016909163.1	XP_006621626.1	XP_012339366.2	XP_043798649.1	XP_003250895.2	XP_003399106.1
OG0003297	XP_016909165.1	XP_031369108.1	XP_031771056.2	XP_043798654.1	XP_026299446.1	XP_012169340.2
OG0003298	XP_016909169.1	XP_006619531.1	XP_086761714.1	XP_043798666.1	XP_623751.2	XP_003399040.1
OG0003299	XP_016909171.1	XP_006619529.1	XP_012339525.1	XP_043798519.1	XP_006566708.1	XP_012169228.2
OG0003300	XP_016909172.1	XP_006619530.1	XP_012339526.3	XP_043798610.1	XP_003250884.1	XP_003399038.1
OG0003301	XP_016909186.2	XP_006615921.1	XP_086761765.1	XP_043798648.1	XP_393736.3	XP_012169609.1
OG0003302	XP_016909188.1	XP_006615922.1	XP_012339312.1	XP_043798776.1	XP_391861.2	XP_012169605.1
OG0003303	XP_061938073.1	XP_031366441.1	XP_012339305.2	XP_043798358.1	XP_026299489.1	XP_048266436.1
OG0003304	XP_016909209.2	XP_006621610.1	XP_031771203.2	XP_043798871.1	XP_026299805.1	XP_020721052.2
OG0003305	XP_016909213.1	XP_006621573.1	XP_003691947.1	XP_043799183.1	XP_396873.2	XP_003399144.1
OG0003306	XP_016909214.2	XP_006619616.1	XP_012339478.3	XP_043798499.1	XP_026299660.1	XP_020720893.2
OG0003307	XP_016909223.1	XP_031369190.1	XP_012341339.2	XP_043799003.1	XP_026299895.1	XP_048266483.1
OG0003308	XP_016909228.3	XP_006621620.1	XP_086761591.1	XP_043799044.1	XP_026299799.1	XP_012169365.1
OG0003309	XP_016909230.2	XP_006619551.1	XP_012339538.3	XP_043798212.1	XP_006566667.2	XP_003398718.4
OG0003310	XP_016909232.1	XP_006619644.2	XP_031771096.2	XP_043798712.1	XP_006566668.2	XP_012168573.2
OG0003311	XP_016909233.1	XP_006619550.1	XP_003691826.1	XP_043798213.1	XP_397355.2	XP_003398773.1
OG0003312	XP_028521525.1	XP_031369249.1	XP_086761585.1	XP_043798490.1	XP_006566806.1	XP_003399114.2
OG0003313	XP_016909243.1	XP_006621621.1	XP_012339515.1	XP_043798516.1	XP_016770369.1	XP_012169359.1
OG0003314	XP_016909250.2	XP_006619483.1	XP_086761671.1	XP_043799187.1	XP_006566719.1	XP_048265820.1
OG0003315	XP_028520627.1	XP_006621468.1	XP_003693202.2	XP_043799011.1	XP_016770248.2	XP_003398792.1
OG0003316	XP_016909265.2	XP_006619637.1	XP_031771173.1	XP_043798249.1	XP_006566600.1	XP_003399404.1
OG0003317	XP_016909270.1	XP_006621602.1	XP_086761562.1	XP_043798872.1	XP_016770360.2	XP_012169379.1
OG0003318	XP_016909276.2	XP_031369871.1	XP_086770997.1	XP_043791778.1	XP_016769520.2	XP_012167288.1
OG0003319	XP_016909273.2	XP_006621604.1	XP_086761574.1	XP_043798875.1	XP_026299811.1	XP_003399132.1
OG0003320	XP_016909290.1	XP_006623265.1	XP_012347458.1	XP_043791806.1	XP_003249297.2	XP_003397740.1
OG0003321	XP_016909292.1	XP_006621697.1	XP_012339543.2	XP_043799161.1	XP_006566774.2	XP_012169309.2
OG0003322	XP_016909295.1	XP_006621582.1	XP_003691939.1	XP_043798954.1	XP_006570365.1	XP_003399138.1
OG0003323	XP_016909306.1	XP_006621585.1	XP_003691943.1	XP_043798957.1	XP_393468.2	XP_012169403.1
OG0003324	XP_016909307.1	XP_031369240.1	XP_012339282.1	XP_043798953.1	XP_006570364.1	XP_048266141.1
OG0003325	XP_016909309.1	XP_031369174.1	XP_031771069.2	XP_043798203.1	XP_625222.4	XP_012169306.1
OG0003326	XP_016909310.1	XP_006621690.1	XP_003691893.1	XP_043798204.1	XP_395025.2	XP_003399094.2
OG0003327	XP_016909317.1	XP_006617415.1	XP_086771034.1	XP_043791883.1	XP_016769587.1	XP_012167336.1
OG0003328	XP_016909316.1	XP_006621589.1	XP_012339286.1	XP_043798351.1	XP_001122477.1	XP_003399134.1
OG0003329	XP_016909323.2	XP_006618509.1	XP_003691790.2	XP_043798659.1	XP_393737.2	XP_003399280.1
OG0003330	XP_016909329.1	XP_031367712.1	XP_086761761.1	XP_043798869.1	XP_026299680.1	XP_003399285.1
OG0003331	XP_061938135.1	XP_031368161.1	XP_012339240.2	XP_043799013.1	XP_026299374.1	XP_003399407.1
OG0003332	XP_016909342.1	XP_006621635.1	XP_012339607.1	XP_043798477.1	XP_003250899.1	XP_003399110.2
OG0003333	XP_016909346.1	XP_031369175.1	XP_003691887.1	XP_043798461.1	XP_016770639.2	XP_012169299.3
OG0003334	XP_016909349.1	XP_006620170.1	XP_012347541.1	XP_043791869.1	XP_623840.1	XP_003402095.1
OG0003335	XP_016909351.1	XP_006621598.1	XP_012339271.1	XP_043798174.1	XP_006570363.1	XP_012169401.2
OG0003336	XP_016909356.1	XP_006621636.1	XP_012339603.1	XP_043798211.1	XP_006566805.1	XP_012169351.2
OG0003337	XP_061938174.1	XP_031368174.1	XP_003691999.2	XP_043798462.1	XP_397379.4	XP_048266074.1
OG0003338	XP_061931649.1	XP_006624794.1	XP_012340681.2	XP_043802747.1	XP_006572085.1	XP_012164446.1
OG0003339	XP_016909364.2	XP_006625134.1	XP_086764288.1	XP_043796019.1	XP_394822.5	XP_003393562.2
OG0003340	XP_061929313.1	XP_006615560.1	XP_003698641.1	XP_043795312.1	XP_016773012.1	XP_003402819.1
OG0003341	XP_061929337.1	XP_006622013.1	XP_012349196.2	XP_043795289.1	XP_395325.3	XP_012174662.2
OG0003342	XP_016909395.1	XP_006608768.1	XP_003693962.1	XP_043800721.1	XP_026297036.1	XP_003395893.1
OG0003343	XP_061941314.1	XP_006615906.1	XP_086774034.1	XP_043790376.1	XP_026301258.1	XP_003401428.1
OG0003344	XP_061937094.1	XP_006620415.2	XP_086764460.1	XP_043793650.1	XP_003249123.2	XP_012165501.3
OG0003345	XP_016909401.2	XP_031368574.1	XP_086764475.1	XP_043793660.1	XP_006557478.1	XP_003396730.2
OG0003346	XP_016909406.1	XP_006621446.1	XP_003693267.2	XP_043799208.1	XP_001119971.2	XP_003398656.2
OG0003347	XP_061930080.1	XP_031368278.1	XP_086759678.1	XP_043802374.1	XP_016767122.2	XP_020718378.2
OG0003348	XP_061929994.1	XP_031368270.1	XP_012343238.1	XP_043802418.1	XP_006566002.1	XP_012163416.1
OG0003349	XP_061929473.1	XP_031365808.1	XP_086760180.1	XP_043802009.1	XP_026295949.1	XP_048261535.1
OG0003350	XP_016909424.1	XP_006619701.1	XP_086759725.1	XP_043802007.1	XP_026295815.1	XP_003394829.2
OG0003351	XP_016909429.1	XP_006621453.1	XP_003693195.1	XP_043799211.1	XP_006570480.1	XP_003398659.1
OG0003352	XP_061929984.1	XP_031365809.1	XP_003694687.3	XP_043802228.1	XP_006565490.3	XP_012163420.3
OG0003353	XP_061930085.1	XP_006619745.1	XP_086759660.1	XP_043802461.1	XP_026295796.1	XP_012174129.1
OG0003354	XP_016909450.1	XP_031368273.1	XP_086759669.1	XP_043802367.1	XP_026295819.1	XP_003402456.3
OG0003355	XP_016909451.1	XP_006619744.1	XP_031772994.2	XP_043802469.1	XP_003250993.1	XP_003402405.1
OG0003356	XP_061930033.1	XP_006619703.1	XP_086759734.1	XP_043802162.1	XP_016767348.1	XP_012176741.2
OG0003357	XP_016909462.2	XP_006619725.1	XP_012343287.2	XP_043802347.1	XP_006567330.1	XP_012163286.1
OG0003358	XP_016909463.2	XP_031368288.1	XP_003694702.2	XP_043801909.1	XP_026296008.1	XP_003394924.1
OG0003359	XP_061930078.1	XP_006619731.1	XP_012343294.1	XP_043802349.1	XP_026296009.1	XP_003402515.1
OG0003360	XP_016909468.1	XP_006619721.1	XP_086759690.1	XP_043802180.1	XP_003251000.2	XP_003394926.1
OG0003361	XP_061930131.1	XP_006624252.1	XP_012343283.1	XP_043802001.1	XP_003250992.1	XP_012163346.2
OG0003362	XP_016909495.1	XP_006621472.1	XP_012341341.1	XP_043799007.1	XP_396547.5	XP_003398793.2
OG0003363	XP_061930014.1	XP_006619690.1	XP_031773005.2	XP_043801748.1	XP_006567357.1	XP_012176738.2
OG0003364	XP_061929997.1	XP_006619678.2	XP_086759743.1	XP_043802395.1	XP_006565999.1	XP_012176719.1
OG0003365	XP_061930101.1	XP_031368233.1	XP_031772997.1	XP_043801959.1	XP_016767211.1	XP_048261005.1
OG0003366	XP_016909519.1	XP_006619717.1	XP_003694623.1	XP_043802183.1	XP_392446.1	XP_003394934.1
OG0003367	XP_016909520.1	XP_006619718.1	XP_003694622.1	XP_043802184.1	XP_392445.3	XP_003394932.2
OG0003368	XP_028521694.2	XP_031368246.1	XP_086759736.1	XP_043801701.1	XP_026296070.1	XP_012176735.3
OG0003369	XP_016909529.1	XP_006619689.1	XP_003694606.1	XP_043801699.1	XP_026296060.1	XP_048261068.1
OG0003370	XP_016909539.1	XP_006619679.1	XP_012343388.1	XP_043801936.1	XP_001120680.3	XP_048261055.1
OG0003371	XP_016909545.1	XP_006608807.1	XP_012342217.3	XP_043800686.1	XP_006564156.1	XP_003396084.1
OG0003372	XP_061930051.1	XP_006619711.1	XP_012343380.3	XP_043801747.1	XP_026296135.1	XP_012171343.1
OG0003373	XP_061930052.1	XP_006619710.1	XP_003694613.2	XP_043801993.1	XP_001120914.2	XP_003400521.2
OG0003374	XP_016909546.1	XP_006619752.1	XP_086759668.1	XP_043802466.1	XP_392327.4	XP_048261006.1
OG0003375	XP_016909548.1	XP_006614753.1	XP_012343244.2	XP_043801698.1	XP_394494.5	XP_020718418.1
OG0003376	XP_016909552.1	XP_031368276.1	XP_003694600.1	XP_043801954.1	XP_003251005.1	XP_003394823.2
OG0003377	XP_061939149.1	XP_006610883.1	XP_012347147.2	XP_043804296.1	XP_003250964.2	XP_003399683.1
OG0003378	XP_016909567.1	XP_006609655.1	XP_003692665.1	XP_043794773.1	XP_001122133.3	XP_012170723.2
OG0003379	XP_028521722.1	XP_031371023.1	XP_003692667.1	XP_043794774.1	XP_006560438.1	XP_048267587.1
OG0003380	XP_016909581.1	XP_006609648.1	XP_003692695.1	XP_043794764.1	NP_001152775.1	XP_003400098.2
OG0003381	XP_016909582.1	XP_031371026.1	XP_012340495.2	XP_043794766.1	XP_006560491.1	XP_012170720.1
OG0003382	XP_016909583.2	XP_006609653.1	XP_003692668.1	XP_043794771.1	XP_391975.4	XP_003400106.1
OG0003383	XP_016909588.1	XP_006609685.1	XP_003692684.1	XP_043794983.1	XP_001122369.1	XP_003400025.1
OG0003384	XP_016909589.1	XP_006607165.1	XP_086770621.1	XP_043794835.1	XP_393944.1	XP_003400065.1
OG0003385	XP_016909610.1	XP_006621516.1	XP_012341314.1	XP_043798312.1	XP_026299564.1	XP_012169749.2
OG0003386	XP_016909611.1	XP_006607140.1	XP_086770579.1	XP_043794990.1	XP_006562807.1	XP_012170777.2
OG0003387	XP_016909612.1	XP_006607139.1	XP_003694509.1	XP_043794711.1	XP_001120535.2	XP_003400053.1
OG0003388	XP_016909622.1	XP_031369234.1	XP_012341315.3	XP_043798315.1	XP_016770755.1	XP_003399368.1
OG0003389	XP_016909637.1	XP_006608779.2	XP_012342253.2	XP_043800740.1	XP_016768033.1	XP_012164910.2
OG0003390	XP_016909639.1	XP_006607148.1	XP_012343198.2	XP_043794715.1	XP_006562812.1	XP_012170771.2
OG0003391	XP_016909640.2	XP_031371066.1	XP_003692658.2	XP_043794953.1	XP_006560383.2	XP_003400035.1
OG0003392	XP_016909651.1	XP_006608782.1	XP_012342256.2	XP_043800742.1	XP_623827.3	XP_048262774.1
OG0003393	XP_016909652.2	XP_031365297.1	XP_031772983.1	XP_043795019.1	XP_016771340.2	XP_020721744.2
OG0003394	XP_016909653.1	XP_006609646.1	XP_012340474.1	XP_043794805.1	XP_026300637.1	XP_012170718.1
OG0003395	XP_016909665.1	XP_006607152.1	XP_012343176.2	XP_043794818.1	XP_001122536.1	XP_003400041.1
OG0003396	XP_016909674.2	XP_031371015.1	XP_086770631.1	XP_043794782.1	XP_003249681.1	XP_003400027.2
OG0003397	XP_016909678.1	XP_006609690.1	XP_012340524.2	XP_043794716.1	XP_006560384.1	XP_012170754.1
OG0003398	XP_061939930.1	XP_006609691.1	XP_003692691.1	XP_043794791.1	XP_391980.1	XP_003400033.1
OG0003399	XP_016909681.1	XP_006609647.1	XP_086770507.1	XP_043794720.1	XP_003249677.2	XP_048267211.1
OG0003400	XP_061932865.1	XP_031370367.1	XP_086767041.1	XP_043799795.1	XP_016768317.2	XP_048264265.1
OG0003401	XP_016909689.1	XP_031369152.1	XP_031771947.2	XP_043798320.1	XP_026299341.1	XP_012168624.1
OG0003402	XP_061928119.1	XP_006621223.1	XP_086764487.1	XP_043784719.1	XP_026294846.1	XP_020722960.2
OG0003403	XP_061942185.1	XP_006620363.1	XP_086773872.1	XP_043790676.1	XP_026301337.1	XP_003401239.2
OG0003404	XP_016909708.2	XP_006620360.1	XP_012345249.2	XP_043790576.1	XP_001122154.3	XP_003401381.2
OG0003405	XP_016909709.1	XP_006617082.1	XP_003696108.1	XP_043788826.1	XP_016772137.1	XP_003401131.2
OG0003406	XP_016909713.1	XP_006617139.1	XP_003696084.1	XP_043788884.1	XP_001121483.3	XP_012172408.1
OG0003407	XP_016909714.2	XP_006617148.1	XP_003696079.1	XP_043788853.1	XP_006563431.1	XP_003401264.1
OG0003408	XP_016909719.1	XP_006617153.1	XP_086774077.1	XP_043788891.1	XP_006563428.1	XP_012172407.2
OG0003409	XP_016909720.1	XP_006620352.1	XP_086773915.1	XP_043790311.1	XP_006561079.1	XP_003401388.1
OG0003410	XP_016909721.1	XP_006617085.1	XP_003696103.1	XP_043789116.1	XP_006563488.2	XP_003401139.1
OG0003411	XP_016909725.1	XP_006617146.1	XP_012345115.1	XP_043788897.1	XP_003250271.1	XP_048268936.1
OG0003412	XP_016909729.1	XP_006620323.1	XP_012344909.1	XP_043790662.1	XP_001119829.1	XP_003401568.1
OG0003413	XP_016909730.1	XP_006620322.1	XP_012344908.1	XP_043790661.1	XP_006561098.2	XP_012172377.1
OG0003414	XP_061941789.1	XP_031366961.1	XP_003696096.1	XP_043788932.1	XP_393162.3	XP_012172446.1
OG0003415	XP_061941758.1	XP_031366958.1	XP_086774040.1	XP_043788920.1	XP_026301373.1	XP_048268892.1
OG0003416	XP_016909736.1	XP_006617112.1	XP_003695872.1	XP_043788937.1	XP_001121740.1	XP_020722430.2
OG0003417	XP_016909744.1	XP_006617115.1	XP_086774046.1	XP_043789105.1	XP_026301363.1	XP_020722429.1
OG0003418	XP_028521129.1	XP_031368452.1	XP_086771123.1	XP_043791708.1	XP_026298732.1	XP_012173365.1
OG0003419	XP_061941694.1	XP_006609397.1	XP_086773709.1	XP_043790849.1	XP_016772038.1	XP_012172548.1
OG0003420	XP_016909779.2	XP_006608765.1	XP_086763478.1	XP_043800673.1	XP_006564133.1	XP_012164927.3
OG0003421	XP_016909788.1	XP_006617133.1	XP_086774070.1	XP_043788834.1	XP_623887.3	XP_012172418.1
OG0003422	XP_016909790.2	XP_006620361.2	XP_086773916.1	XP_043790491.1	XP_006561066.2	XP_012172550.1
OG0003423	XP_016909793.2	XP_006620358.1	XP_012345247.2	XP_043790838.1	XP_006561072.2	XP_020722641.2
OG0003424	XP_016909803.2	XP_006617152.1	XP_003696083.1	XP_043788734.1	XP_006563433.2	XP_012172409.2
OG0003425	XP_016909805.1	XP_006617149.1	XP_012345111.1	XP_043788736.1	XP_026301239.1	XP_012172413.1
OG0003426	XP_061941805.1	XP_031366956.1	XP_086758584.1	XP_043789133.1	XP_026301097.1	XP_012172279.2
OG0003427	XP_016909813.1	XP_006620168.1	XP_086771109.1	XP_043791899.1	XP_006572022.1	XP_003402091.1
OG0003428	XP_016909815.1	XP_031366998.1	XP_086758591.1	XP_043788687.1	XP_625226.1	XP_048268690.1
OG0003429	XP_016909817.2	XP_006617099.1	XP_086758586.1	XP_043788838.1	XP_394094.2	XP_012172282.1
OG0003430	XP_016909819.1	XP_006617097.1	XP_031773989.2	XP_043788839.1	XP_394095.3	XP_012172280.1
OG0003431	XP_016909820.1	XP_006617102.1	XP_003696102.1	XP_043788841.1	XP_392077.1	XP_003401145.1
OG0003432	XP_016909826.1	XP_006621045.1	XP_003695769.1	XP_043791741.1	XP_006572049.1	XP_048269823.1
OG0003433	XP_061941801.1	XP_031366957.1	XP_086758594.1	XP_043788663.1	XP_001121838.2	XP_003401291.1
OG0003434	XP_028521757.1	XP_006617110.1	XP_003695874.1	XP_043788780.1	XP_001121862.1	XP_012172289.1
OG0003435	XP_016909835.2	XP_006617158.1	XP_003696078.1	XP_043788738.1	XP_392078.2	XP_003401260.1
OG0003436	XP_061941727.1	XP_006620325.1	XP_003696045.1	XP_043790445.1	XP_395162.2	XP_003401233.1
OG0003437	XP_016909844.1	XP_006620365.1	XP_012345095.2	XP_043790679.1	XP_393172.2	XP_012172382.1
OG0003438	XP_028521767.1	XP_006620331.1	XP_012345168.1	XP_043790920.1	XP_006561093.1	XP_048268461.1
OG0003439	XP_016909872.1	XP_006617165.1	XP_003696076.1	XP_043789121.1	XP_006563422.1	XP_003401252.1
OG0003440	XP_016909878.1	XP_006624330.1	XP_003697660.1	XP_043791714.1	XP_026298620.1	XP_003397687.1
OG0003441	XP_016909887.1	XP_031367133.1	XP_086771025.1	XP_043791686.1	XP_026298733.1	XP_012167204.1
OG0003442	XP_061934589.1	XP_031371148.1	XP_086762174.1	XP_043797258.1	XP_006564685.2	XP_048269067.1
OG0003443	XP_028521832.2	XP_006610339.1	XP_012342737.2	XP_043796980.1	XP_026298171.1	XP_003401682.1
OG0003444	XP_028521860.2	XP_006610412.1	XP_086762349.1	XP_043796828.1	XP_026297847.1	XP_012172960.2
OG0003445	XP_061932882.1	XP_006608762.1	XP_003693968.1	XP_043800651.1	XP_006564129.2	XP_020719001.1
OG0003446	XP_016909896.1	XP_006623243.1	XP_003694204.2	XP_043796930.1	XP_397120.4	XP_048269202.1
OG0003447	XP_016909899.2	XP_031367702.1	XP_012342633.2	XP_043796991.1	XP_006564751.1	XP_003403214.3
OG0003448	XP_016909900.2	XP_031371336.1	XP_012341559.2	XP_043796990.1	XP_003251162.2	XP_003401665.2
OG0003449	XP_016909904.1	XP_031369859.1	XP_086762288.1	XP_043796855.1	XP_016769146.1	XP_048269290.1
OG0003450	XP_016909906.1	XP_031371356.1	XP_003693347.1	XP_043796502.1	XP_016768959.1	XP_003401817.1
OG0003451	XP_016909910.1	XP_006618476.1	XP_086762264.1	XP_043796944.1	XP_006564735.1	XP_003401755.1
OG0003452	XP_016909912.2	XP_031371339.1	XP_086762307.1	XP_043796537.1	XP_003250947.2	XP_020722860.2
OG0003453	XP_016909914.1	XP_006609852.1	XP_012342518.1	XP_043797000.1	XP_003250487.1	XP_012173098.1
OG0003454	XP_016909923.2	XP_031371144.1	XP_012342649.2	XP_043797282.1	XP_006564679.2	XP_020723008.2
OG0003455	XP_016909925.1	XP_006609884.1	XP_012342650.1	XP_043797286.1	XP_003250490.1	XP_003401854.1
OG0003456	XP_016909938.1	XP_031367689.1	XP_086762275.1	XP_043796776.1	XP_026298067.1	XP_048269299.1
OG0003457	XP_061934686.1	XP_006623247.1	XP_031772694.2	XP_043796779.1	XP_026298070.1	XP_003403218.1
OG0003458	XP_016909950.2	XP_006623245.2	XP_012342630.2	XP_043796923.1	XP_016769294.1	XP_048269200.1
OG0003459	XP_016909952.2	XP_031369862.1	XP_086762285.1	XP_043796686.1	XP_026298152.1	XP_003403172.2
OG0003460	XP_061934732.1	XP_006610410.1	XP_086762332.1	XP_043797189.1	XP_016769115.1	XP_003401664.1
OG0003461	XP_061934744.1	XP_006610350.1	XP_003693389.2	XP_043797190.1	XP_016769119.1	XP_003401684.1
OG0003462	XP_016909967.2	XP_006618491.1	XP_086762270.1	XP_043796960.1	XP_624408.3	XP_003403209.2
OG0003463	XP_016909974.2	XP_006618488.1	XP_003694078.1	XP_043797254.1	XP_001120611.1	XP_048269489.1
OG0003464	XP_016909979.1	XP_006610328.1	XP_086762315.1	XP_043796666.1	XP_623950.2	XP_003403179.1
OG0003465	XP_016909985.1	XP_031371338.1	XP_012342664.2	XP_043796883.1	XP_003251165.1	XP_012172933.1
OG0003466	XP_016909987.1	XP_031371134.1	XP_086762156.1	XP_043797229.1	XP_006564669.2	XP_003401725.1
OG0003467	XP_016909992.1	XP_006609843.1	XP_086762151.1	XP_043796518.1	XP_026298096.1	XP_012173089.2
OG0003468	XP_061933847.1	XP_031370059.1	XP_086770920.1	XP_043792043.1	XP_026298259.1	XP_012166541.1
OG0003469	XP_016909999.1	XP_006609845.1	XP_003694097.1	XP_043796521.1	XP_392763.3	XP_003401723.1
OG0003470	XP_016910000.1	XP_031371133.1	XP_003694098.2	XP_043796525.1	XP_395323.2	XP_003401721.1
OG0003471	XP_061933907.1	XP_006617660.1	XP_003695398.1	XP_043786230.1	XP_016769079.1	XP_012166567.1
OG0003472	XP_016910009.1	XP_006618473.1	XP_003694213.1	XP_043796419.1	XP_393060.4	XP_012173131.2
OG0003473	XP_016910014.2	XP_031367700.1	XP_086762250.1	XP_043796540.1	XP_016769245.2	XP_003401633.1
OG0003474	XP_016910028.2	XP_006623227.1	XP_003694247.1	XP_043796697.1	XP_016769150.2	XP_003403170.1
OG0003475	XP_016910030.1	XP_006623219.1	XP_012342590.1	XP_043796435.1	XP_006566884.1	XP_003403175.2
OG0003476	XP_061934620.1	XP_006618477.1	XP_086762252.1	XP_043796874.1	XP_006564736.1	XP_012173120.2
OG0003477	XP_016910036.1	XP_006618471.1	XP_003694070.1	XP_043796670.1	XP_624085.1	XP_012172907.1
OG0003478	XP_016910039.3	XP_006610376.1	XP_012341468.1	XP_043796821.1	XP_396502.5	XP_012172979.1
OG0003479	XP_016910044.1	XP_006617690.1	XP_012344363.3	XP_043786376.1	XP_026298281.1	XP_012166397.2
OG0003480	XP_061934724.1	XP_006610332.1	XP_086762313.1	XP_043797146.1	XP_016769061.2	XP_020722854.2
OG0003481	XP_016910045.2	XP_031369865.1	XP_003694249.2	XP_043796699.1	XP_016769147.2	XP_048269286.1
OG0003482	XP_016910046.1	XP_006623236.1	XP_003694248.2	XP_043796698.1	XP_006566895.1	XP_012175181.1
OG0003483	XP_061935463.1	XP_031371237.1	XP_086763912.1	XP_043789798.1	XP_026298748.1	XP_048264438.1
OG0003484	XP_016910050.1	XP_006618503.1	XP_086762276.1	XP_043796788.1	XP_624595.2	XP_048269384.1
OG0003485	XP_016910051.2	XP_006618499.2	XP_086762277.1	XP_043796787.1	XP_001122379.3	XP_048269385.1
OG0003486	XP_016910058.1	XP_006610335.1	XP_003694083.1	XP_043796722.1	XP_006568082.2	XP_012172937.1
OG0003487	XP_016910074.1	XP_006610378.1	XP_031772136.1	XP_043796829.1	XP_026298266.1	XP_003401673.1
OG0003488	XP_028521827.1	XP_006610315.1	XP_003694174.3	XP_043797063.1	XP_003250943.1	XP_003401650.2
OG0003489	XP_061934722.1	XP_031363849.1	XP_086762300.1	XP_043797042.1	XP_026298223.1	XP_012172929.2
OG0003490	XP_016910081.1	XP_031371142.1	XP_012342652.2	XP_043797289.1	XP_003250488.2	XP_003401850.1
OG0003491	XP_061931835.1	XP_006613649.1	XP_003696327.2	XP_043792693.1	XP_016767927.1	XP_003395792.1
OG0003492	XP_016910084.3	XP_006613666.1	XP_012346019.3	XP_043793268.1	XP_003249802.2	XP_012163763.3
OG0003493	XP_016910097.1	XP_006617707.1	XP_031773473.1	XP_043786215.1	XP_016769165.1	XP_012175005.1
OG0003494	XP_061931564.1	XP_006614033.1	XP_031774299.2	XP_043793079.1	XP_006562251.2	XP_048261977.1
OG0003495	XP_016910095.1	XP_006614030.1	XP_086760632.1	XP_043792769.1	XP_396204.4	XP_003395692.2
OG0003496	XP_061930576.1		XP_086760663.1, XP_086771466.1	XP_043792107.1, XP_043803204.1		XP_048261888.1
OG0003497	XP_016910103.1	XP_006613636.1	XP_012346013.2	XP_043792927.1	XP_006561138.2	XP_003395482.1
OG0003498	XP_016910110.1	XP_006614015.1	XP_012345742.3	XP_043792158.1	XP_026296550.1	XP_012164209.1
OG0003499	XP_016910114.2	XP_006614020.1	XP_012345750.1	XP_043792166.1	XP_006562223.2	XP_012164207.1
OG0003500	XP_016911118.1	XP_031367285.1	XP_086773658.1	XP_043786213.1	XP_624229.2	XP_003403047.1
OG0003501	XP_028521932.2	XP_006614021.2	XP_086760618.1	XP_043792177.1	XP_006562229.1	XP_012164203.1
OG0003502	XP_016910136.1	XP_006614023.1	XP_003696301.4	XP_043792183.1	XP_001121088.2	XP_003395707.1
OG0003503	XP_016910137.1	XP_006614022.1	XP_003696300.1	XP_043792187.1	XP_003250018.1	XP_003395708.1
OG0003504	XP_016910138.2	XP_006614014.1	XP_086760623.1	XP_043793081.1	XP_026296561.1	XP_012164213.1
OG0003505	XP_016910139.2	XP_031365478.1	XP_086760571.1	XP_043792085.1	XP_026296733.1	XP_012163936.2
OG0003506	XP_016910145.1	XP_006623724.1	XP_003698277.1	XP_043792080.1	XP_026298263.1	XP_012166540.1
OG0003507	XP_016910153.1	XP_006613970.1	XP_003696289.2	XP_043792102.1	XP_394550.2	XP_003395502.1
OG0003508	XP_028521916.1	XP_031365490.1	XP_086760579.1	XP_043792105.1	XP_026296747.1	XP_048261972.1
OG0003509	XP_016910165.1	XP_006607405.1	XP_086773695.1	XP_043786374.1	XP_395507.4	XP_003403188.1
OG0003510	XP_016910174.1	XP_006613643.1	XP_086760256.1	XP_043792146.1	XP_006561135.1	XP_012163770.1
OG0003511	XP_016910178.1	XP_006613637.1	XP_003696326.1	XP_043793259.1	XP_396579.3	XP_012163761.1
OG0003512	XP_016910180.1	XP_031365349.1	XP_012346010.1	XP_043793264.1	XP_006561133.1	XP_012163767.2
OG0003513	XP_016910189.1	XP_006623743.1	XP_012348539.1	XP_043792073.1	XP_016769228.1	XP_003397192.1
OG0003514	XP_016910186.1	XP_006613644.1	XP_012346016.1	XP_043792724.1	XP_006561137.1	XP_012163771.2
OG0003515	XP_016910200.1	XP_006613977.1	XP_012346104.1	XP_043792899.1	XP_394551.1	XP_012163931.1
OG0003516	XP_016910201.2	XP_031365503.1	XP_003696490.2	XP_043793364.1	XP_026296332.1	XP_012163945.1
OG0003517	XP_061930616.1	XP_006613990.1	XP_086760594.1	XP_043792570.1	XP_016767669.1	XP_003395489.1
OG0003518	XP_016910214.1	XP_006617711.1	XP_031773470.1	XP_043786152.1	XP_393594.3	XP_048269039.1
OG0003519	XP_016910216.1	XP_006613964.1	XP_003696280.2	XP_043793462.1	XP_016767774.2	XP_012163834.1
OG0003520	XP_016910220.1	XP_006613995.1	XP_012345764.1	XP_043793392.1	XP_006562214.1	XP_003395514.1
OG0003521	XP_016910223.2	XP_006613648.1	XP_003696328.1	XP_043792909.1	XP_006561126.1	XP_003395301.2
OG0003522	XP_016910231.1	XP_006613650.1	XP_003696330.1	XP_043792922.1	XP_003249799.2	XP_003403010.1
OG0003523	XP_061930591.1	XP_031365502.1	XP_086760699.1	XP_043792975.1	XP_026296516.1	XP_048261768.1
OG0003524	XP_016910239.1	XP_006614027.1	XP_031774258.1	XP_043793354.1	NP_001276370.1	XP_048261728.1
OG0003525	XP_016910240.1	XP_031365507.1	XP_086760596.1	XP_043792789.1	XP_026296339.1	XP_020718730.1
OG0003526	XP_061930569.1	XP_031365344.1	XP_086760661.1	XP_043792341.1	XP_016767881.1	XP_048261884.1
OG0003527	XP_016910249.1	XP_006613628.1	XP_086760241.1	XP_043792879.1	XP_026296580.1	XP_003395533.2
OG0003528	XP_061941664.1	XP_031370821.1	XP_086773752.1	XP_043790418.1	XP_016772368.1	XP_048268506.1
OG0003529	XP_061933862.1	XP_006623712.1	XP_003698280.2	XP_043792049.1	XP_006558716.1	XP_003397210.2
OG0003530	XP_061927130.1	XP_006609940.1	XP_003689570.1	XP_043802627.1	XP_006568277.2	XP_012174999.1
OG0003531	XP_061933845.1	XP_031370073.1	XP_086770933.1	XP_043792056.1	XP_026298254.1	XP_020719817.2
OG0003532	XP_061926989.1	XP_006620818.1	XP_086771489.1	XP_043803352.1	XP_003250512.2	XP_003394054.1
OG0003533	XP_028520160.2	XP_031364717.1	XP_012349240.2	XP_043789660.1	XP_006561940.2	XP_012167428.3
OG0003534	XP_061927944.1	XP_031369431.1	XP_086771410.1	XP_043802973.1	XP_026294730.1	XP_012175793.1
OG0003535	XP_061927962.1	XP_031369417.1	XP_031770836.2	XP_043803347.1	XP_026294942.1	XP_048266996.1
OG0003536	XP_016910307.1	XP_006623737.1	XP_012348540.1	XP_043792079.1	XP_003249362.1	XP_020719909.2
OG0003537	XP_016910328.2	XP_031366118.1	XP_086771308.1	XP_043803043.1	XP_001121043.2	XP_003393900.1
OG0003538	XP_028521889.2	XP_031367298.1	XP_012344353.1	XP_043786083.1	XP_016769263.1	XP_048264199.1
OG0003539	XP_016910341.1	XP_006620843.1	XP_012338754.3	XP_043803160.1	XP_624456.2	XP_012175738.1
OG0003540	XP_061927921.1	XP_006622196.1	XP_003691394.3	XP_043803099.1	XP_003249825.2	XP_003393588.2
OG0003541	XP_016910346.1	XP_006609930.1	XP_086763089.1	XP_043798630.1	XP_394347.5	XP_003394028.1
OG0003542	XP_016910349.1	XP_031366072.1	XP_086771344.1	XP_043803196.1	XP_001122401.3	XP_012175624.2
OG0003543	XP_016910350.1	XP_006620830.1	XP_003691432.1	XP_043803132.1	XP_001120911.2	XP_003394056.2
OG0003544	XP_016910353.1	XP_006620831.1	XP_003691342.1	XP_043803178.1	XP_392237.2	XP_003394057.1
OG0003545	XP_061927919.1	XP_006622186.1	XP_003691405.1	XP_043803199.1	XP_624163.1	XP_012170496.2
OG0003546	XP_016910358.2	XP_031366125.1	XP_012351137.2	XP_043803075.1	XP_397519.1	XP_003393941.2
OG0003547	XP_016910361.1	XP_006615784.1	XP_012338756.3	XP_043803172.1	XP_026294824.1	XP_003393537.1
OG0003548	XP_016910369.2	XP_006620798.1	XP_003691427.1	XP_043803225.1	XP_006565983.2	XP_012175741.1
OG0003549	XP_016910370.2	XP_031371169.1	XP_012350723.3	XP_043801296.1	XP_026294930.1	XP_012175685.3
OG0003550	XP_028522050.1	XP_006622240.1	XP_003691441.1	XP_043803346.1	XP_026294829.1	XP_003394095.1
OG0003551	XP_016910373.1	XP_006615787.1	XP_003691348.1	XP_043803222.1	XP_003250445.3	XP_003393538.1
OG0003552	XP_028522019.1	XP_006620803.2	XP_031770843.1	XP_043803050.1	XP_016766391.2	XP_003394045.1
OG0003553	XP_061927034.1	XP_031366069.1	XP_086771254.1	XP_043803220.1	XP_394354.4	XP_003394032.1
OG0003554	XP_016910380.1	XP_006617636.1	XP_086773612.1	XP_043786205.1	XP_006558979.1	XP_012166547.1
OG0003555	XP_016910382.1	XP_006622238.1	XP_086771418.1	XP_043803288.1	XP_006561220.1	XP_020723984.2
OG0003556	XP_016910383.3	XP_031371163.1	XP_003689562.1	XP_043801165.1	XP_003250776.1	XP_012175675.1
OG0003557	XP_016910401.1	XP_006617637.1	XP_012344346.1	XP_043786206.1	XP_016769270.1	XP_012166548.1
OG0003558	XP_016910392.1	XP_006615759.1	XP_003691357.1	XP_043803182.1	XP_394360.2	XP_003393721.3
OG0003559	XP_016910394.1	XP_006620829.1	XP_003691431.1	XP_043803206.1	XP_003250511.1	XP_003394092.1
OG0003560	XP_016910398.1	XP_006615258.1	XP_003691459.1	XP_043803228.1	XP_001122434.2	XP_003393930.1
OG0003561	XP_016910399.1	XP_031368783.1	XP_012351066.2	XP_043803286.1	XP_016773548.1	XP_012175818.1
OG0003562	XP_028522005.1	XP_006620826.1	XP_003691340.1	XP_043803205.1	NP_001167613.1	XP_003394055.1
OG0003563	XP_016910462.1	XP_006622212.1	XP_012351044.2	XP_043803187.1	XP_392567.4	XP_003393575.2
OG0003564	XP_016910464.2	XP_006622214.1	XP_012338788.3	XP_043803191.1	XP_006561189.1	XP_020723968.2
OG0003565	XP_016910473.2	XP_031366051.1	XP_003691442.1	XP_043803315.1	XP_016766173.1	XP_003393931.1
OG0003566	XP_061927953.1	XP_031366341.1	XP_003691365.1	XP_043802945.1	XP_001121685.1	XP_003393641.2
OG0003567	XP_016910489.1	XP_006615727.1	XP_012351165.1	XP_043803065.1	XP_026302171.1	XP_003394082.2
OG0003568	XP_016910496.1	XP_006615730.1	XP_012351154.1	XP_043803063.1	XP_001120244.1	XP_003394080.1
OG0003569	XP_016910497.1	XP_031371166.1	XP_003689584.3	XP_043799156.1	XP_001120381.1	XP_003393812.2
OG0003570	XP_016910499.2	XP_006622195.1	XP_003691396.1	XP_043803092.1	XP_624799.3	XP_003393586.1
OG0003571	XP_016910500.1	XP_006622197.1	XP_012351120.1	XP_043803090.1	XP_026302290.1	XP_020724054.2
OG0003572	XP_016910512.1	XP_031368788.1	XP_086771212.1	XP_043803124.1	XP_001121217.1	XP_048268824.1
OG0003573	XP_028522092.1	XP_006622911.1	XP_003691290.2	XP_043803085.1	XP_003250740.3	XP_003393951.1
OG0003574	XP_016910531.1	XP_031369720.1	XP_003691406.2	XP_043803005.1	XP_001122673.2	XP_003394011.1
OG0003575	XP_016910542.2	XP_031369422.1	XP_086771407.1	XP_043803121.1	XP_006561199.2	XP_048270442.1
OG0003576	XP_028522077.2	XP_031366347.1	XP_086771445.1	XP_043803035.1	XP_026302214.1	XP_048270158.1
OG0003577	XP_061926955.1	XP_006615773.1	XP_012351145.1	XP_043803217.1	XP_006563807.2	XP_012170700.1
OG0003578	XP_016910577.1	XP_006609907.1	XP_086763119.1	XP_043797688.1	XP_394342.1	XP_003393823.1
OG0003579	XP_016910578.1	XP_031371159.1	XP_012339803.1	XP_043798263.1	XP_003251203.2	XP_048270406.1
OG0003580	XP_028521966.1	XP_006609911.1	XP_086762514.1	XP_043799041.1	XP_006568274.1	XP_020722512.1
OG0003581	XP_016910585.1	XP_006620810.1	XP_003691334.1	XP_043803216.1	XP_006565988.1	XP_003394046.1
OG0003582	XP_016910588.1	XP_006615741.1	XP_003691361.2	XP_043803194.1	XP_397392.5	XP_003393750.2
OG0003583	XP_016910590.1	XP_006615744.1	XP_012351063.2	XP_043803111.1	XP_395591.4	XP_003393749.1
OG0003584	XP_028521972.1	XP_031371170.1	XP_086763095.1	XP_043798676.1	XP_026294826.1	XP_012175678.2
OG0003585	XP_016910603.2	XP_006620800.1	XP_003691329.1	XP_043802964.1	XP_392617.4	XP_003394043.1
OG0003586	XP_016910607.1	XP_006615265.1	XP_086771352.1	XP_043803152.1	XP_006565929.1	XP_012175644.1
OG0003587	XP_016910609.2	XP_031366066.1	XP_086771350.1	XP_043803150.1	XP_006565990.1	XP_012175640.1
OG0003588	XP_016910613.1	XP_006617692.1	XP_003695371.1	XP_043786128.1	XP_026298089.1	XP_003397096.1
OG0003589	XP_016910615.1	XP_006615756.1	XP_003691359.1	XP_043803112.1	XP_006561244.1	XP_003393744.1
OG0003590	XP_016910617.1	XP_006615754.1	XP_086771482.1	XP_043803211.1	XP_394361.2	XP_003393722.1
OG0003591	XP_028522057.1	XP_006615183.1	XP_003691318.3	XP_043803044.1	XP_026294898.1	XP_048267161.1
OG0003592	XP_016910619.1	XP_006622184.1	XP_012351143.3	XP_043802936.1	XP_016766449.2	XP_003393526.1
OG0003593	XP_061927746.1	XP_006609937.1	XP_012338864.1	XP_043796265.1	XP_006565903.1	XP_012175674.1
OG0003594	XP_016910629.1	XP_031369418.1	XP_012351124.1	XP_043803224.1	XP_006561216.2	XP_048266874.1
OG0003595	XP_016910631.1	XP_006622232.1	XP_012351126.1	XP_043802996.1	XP_392244.1	XP_003394071.1
OG0003596	XP_016910641.1	XP_006615249.1	XP_086771339.1	XP_043803161.1	XP_003250782.1	XP_003393927.1
OG0003597	XP_016910648.2	XP_006617688.1	XP_012344336.1	XP_043786115.1	XP_016769216.1	XP_003397089.1
OG0003598	XP_016910652.1	XP_031368776.1	XP_086771495.1	XP_043802942.1	XP_001120710.2	XP_012175733.1
OG0003599	XP_016910657.1	XP_006609927.1	XP_086763092.1	XP_043798643.1	XP_006568293.1	XP_048270384.1
OG0003600	XP_061926954.1	XP_006615779.1	XP_086771449.1	XP_043803173.1	XP_397372.4	XP_003393539.1
OG0003601	XP_016910663.1	XP_006622245.1	XP_003691380.1	XP_043803032.1	XP_001121453.1	XP_012175804.1
OG0003602	XP_028522017.2	XP_031371165.1	XP_012350575.1	XP_043799124.1	XP_026294793.1	XP_048270411.1
OG0003603	XP_016910677.1	XP_006617686.1	XP_003695374.1	XP_043786116.1	XP_026298277.1	XP_012166390.1
OG0003604	XP_016910674.1	XP_006622243.1	XP_003691377.1	XP_043803033.1	XP_003249809.1	XP_003394078.1
OG0003605	XP_016910676.1	XP_006615733.1	XP_003691364.1	XP_043803126.1	XP_395543.4	XP_003393638.2
OG0003606	XP_016910679.2	XP_006620832.1	XP_003691343.1	XP_043803363.1	XP_006564764.1	XP_003394058.2
OG0003607	XP_016910680.1	XP_006615269.1	XP_003691408.3	XP_043802979.1	XP_394352.5	XP_003393947.1
OG0003608	XP_016910681.1	XP_006615270.1	XP_003691346.1	XP_043802983.1	XP_394351.2	XP_012175653.1
OG0003609	XP_061926958.1	XP_006615794.2	XP_086771469.1	XP_043803103.1	XP_006564298.2	XP_020722390.2
OG0003610	XP_016910706.2	XP_006622199.1	XP_086771379.1	XP_043803083.1	XP_006561178.1	XP_012170391.2
OG0003611	XP_016910708.1	XP_006622914.1	XP_086771360.1	XP_043802974.1	XP_006565907.2	XP_012175672.1
OG0003612	XP_016910712.1	XP_006615734.1	XP_086771478.1	XP_043803129.1	XP_623808.1	XP_012170944.1
OG0003613	XP_016910715.1	XP_006617673.1	XP_003695377.1	XP_043786192.1	XP_026298149.1	XP_003397102.1
OG0003614	XP_061927146.1	XP_006609903.1	XP_086763134.1	XP_043796319.1	XP_001120755.1	XP_012175058.1
OG0003615	XP_016910714.1	XP_006622913.1	XP_003691341.1	XP_043803073.1	XP_396637.3	XP_012175671.1
OG0003616	XP_016910716.2	XP_006620785.1	XP_003691324.2	XP_043803088.1	XP_001120754.2	XP_003394037.1
OG0003617	XP_016910718.1	XP_006615780.1	XP_012338759.2	XP_043803154.1	XP_396233.3	XP_012175791.1
OG0003618	XP_028521815.1	XP_006617668.1	XP_086773647.1	XP_043786332.1	XP_006558948.1	XP_048263876.1
OG0003619	XP_016910755.2	XP_006607684.1	XP_012349117.1	XP_043789794.1	XP_003249953.1	XP_020720002.2
OG0003620	XP_028522042.1	XP_031366059.1	XP_012351051.2	XP_043803116.1	XP_395471.3	XP_003393929.1
OG0003621	XP_061927086.1	XP_006615266.1	XP_086771349.1	XP_043803223.1	XP_026295047.1	XP_048267867.1
OG0003622	XP_061927947.1	XP_031369428.1	XP_012338782.2	XP_043802972.1	XP_016766426.1	XP_012175794.1
OG0003623	XP_061939466.1	XP_006622104.1	XP_086768740.1	XP_043797661.1	XP_026300435.1	XP_048267363.1
OG0003624	XP_061939465.1	XP_031369382.1	XP_012344003.1	XP_043797741.1	XP_006571839.1	XP_012170895.1
OG0003625	XP_061940037.1	XP_006624959.1	XP_003695082.1	XP_043797659.1	XP_001120518.2	XP_003394729.1
OG0003626	XP_061940029.1	XP_006622593.1	XP_003695085.3	XP_043797760.1	XP_625137.3	XP_048267533.1
OG0003627	XP_016910767.1	XP_006623278.1	XP_086768894.1	XP_043797724.1	XP_026300413.1	XP_003400023.1
OG0003628	XP_061940016.1	XP_006622871.1	XP_012344004.2	XP_043797780.1	XP_006572257.1	XP_020722350.1
OG0003629	XP_016910772.3	XP_006622108.1	XP_003695118.3	XP_043797743.1	XP_003251801.1	XP_003400155.1
OG0003630	XP_016910777.1	XP_006624960.1	XP_003695125.1	XP_043797694.1	XP_001123101.2	XP_003402560.1
OG0003631	XP_016910788.1	XP_006621183.1	XP_012343973.2	XP_043797747.1	XP_016772904.2	XP_003400290.1
OG0003632	XP_061940031.1	XP_006625147.1	XP_086768770.1	XP_043797761.1	XP_001123287.3	XP_003394735.1
OG0003633	XP_016910822.2	XP_006621185.1	XP_003695074.2	XP_043797715.1	XP_396696.4	XP_048267548.1
OG0003634	XP_016910827.1	XP_006620308.1	XP_086761115.1	XP_043792983.1	XP_006570014.1	XP_003399561.1
OG0003635	XP_061933434.1	XP_006619321.1	XP_012340316.2	XP_043784283.1	XP_006557365.1	XP_020719936.1
OG0003636	XP_028521870.1	XP_006617658.1	XP_012344350.1	XP_043786082.1	XP_016769260.1	XP_012166563.1
OG0003637	XP_016910837.1	XP_006621562.1	XP_086761515.1	XP_043798326.1	XP_026299760.1	XP_012169768.1
OG0003638	XP_061936518.1	XP_006608356.1	XP_031771670.1	XP_043791354.1	XP_006569250.2	XP_048265094.1
OG0003639	XP_061929378.1	XP_006614804.2	XP_012348956.1	XP_043795348.1	XP_026295421.1	XP_003394349.1
OG0003640	XP_061929193.1	XP_006614815.1	XP_003698906.1	XP_043795350.1	XP_396835.3	XP_003394348.1
OG0003641	XP_016910845.2	XP_006611641.1	XP_003698680.1	XP_043795421.1	XP_395755.2	XP_012176154.1
OG0003642	XP_061928269.1	XP_006618758.1	XP_012349334.1	XP_043795448.1	XP_003249300.1	XP_003394282.1
OG0003643	XP_061928254.1	XP_006618756.1	XP_012349333.1	XP_043795435.1	XP_006558444.1	XP_003394275.2
OG0003644	XP_016910848.1	XP_006611642.1	XP_003698677.2	XP_043795422.1	XP_006558481.1	XP_003394318.1
OG0003645	XP_016910851.1	XP_006614779.1	XP_012349337.1	XP_043795328.1	XP_006558067.1	XP_012176239.1
OG0003646	XP_061928253.1	XP_006611683.1	XP_003698668.3	XP_043795330.1	XP_006558457.2	XP_012176127.2
OG0003647	XP_016910853.1	XP_006614805.1	XP_003698588.1	XP_043795326.1	XP_624406.2	XP_003394345.1
OG0003648	XP_016910854.2	XP_006621996.1	XP_012349076.2	XP_043795333.1	XP_001121552.2	XP_003394367.1
OG0003649	XP_016910855.1	XP_006614778.1	XP_086769997.1	XP_043795327.1	XP_396161.2	XP_003394355.1
OG0003650	XP_028522158.1	XP_006614814.1	XP_031775904.1	XP_043795336.1	XP_026295504.1	XP_003394407.3
OG0003651	XP_016910860.1	XP_006618769.1	XP_003698693.1	XP_043795454.1	XP_001120820.2	XP_003394283.1
OG0003652	XP_061933920.1	XP_006617654.1	XP_031773457.1	XP_043786161.1	XP_003249413.2	XP_048264201.1
OG0003653	XP_016910867.1	XP_006614789.1	XP_003698904.1	XP_043795306.1	XP_624530.3	XP_003394352.2
OG0003654	XP_016910869.1	XP_031365845.1	XP_012340539.2	XP_043795347.1	XP_016767012.1	XP_048260300.1
OG0003655	XP_016910871.2	XP_006614787.1	XP_012349272.2	XP_043795305.1	XP_003249200.2	XP_003394406.3
OG0003656	XP_061933952.1	XP_006607413.1	XP_003695359.2	XP_043786240.1	XP_624417.1	XP_003403029.1
OG0003657	XP_016910875.1	XP_006611644.1	XP_012349029.1	XP_043795391.1	XP_001119982.2	XP_003394311.1
OG0003658	XP_016910882.1	XP_006611654.1	XP_003698670.1	XP_043795394.1	XP_394878.2	XP_003394301.1
OG0003659	XP_016910893.1	XP_006611648.1	XP_012349043.1	XP_043795430.1	XP_394877.3	XP_003394308.1
OG0003660	XP_016910912.1	XP_006611615.1	XP_086770087.1	XP_043795401.1	XP_026295613.1	XP_048260203.1
OG0003661	XP_061935445.1	XP_031364746.1	XP_031774678.2	XP_043789761.1	XP_016769648.2	XP_020720139.2
OG0003662	XP_016910952.1	XP_006611607.1	XP_003698655.1	XP_043795432.1	XP_016766739.1	XP_003394327.1
OG0003663	XP_016910955.1	XP_031365844.1	XP_003698910.1	XP_043795266.1	XP_026295283.1	XP_048260298.1
OG0003664	XP_016910963.1	XP_006614810.1	XP_086770049.1	XP_043795267.1	XP_006558030.1	XP_048260301.1
OG0003665	XP_061928174.1	XP_006611627.1	XP_003698659.2	XP_043795384.1	XP_016766821.1	XP_003394320.2
OG0003666	XP_016910981.2	XP_006611684.1	XP_086770037.1	XP_043795502.1	XP_016766792.2	XP_003394333.1
OG0003667	XP_016910994.1	XP_006607416.1	XP_012344323.2	XP_043786169.1	XP_006558922.1	XP_048269185.1
OG0003668	XP_016910992.1	XP_031364401.1	XP_003698653.1	XP_043795390.1	XP_003249307.1	XP_003394332.1
OG0003669	XP_016911013.1	XP_006614808.1	XP_012349341.1	XP_043795260.1	XP_006558043.1	XP_012176212.1
OG0003670	XP_016911014.1	XP_006614807.1	XP_003698616.1	XP_043795304.1	XP_623255.1	XP_003394344.2
OG0003671	XP_061928150.1	XP_031365852.1	XP_086770086.1	XP_043795293.1	XP_026295422.1	XP_048270539.1
OG0003672	XP_016911018.1	XP_006614774.1	XP_003698802.2	XP_043795316.1	XP_001120885.2	XP_012176250.1
OG0003673	XP_061929348.1	XP_006622001.1	XP_003698784.2	XP_043795338.1	XP_006568545.1	XP_012176255.1
OG0003674	XP_016911026.1	XP_006622033.1	XP_031775885.2	XP_043795297.1	XP_003251236.1	XP_048260006.1
OG0003675	XP_061929345.1	XP_006621994.1	XP_031775884.2	XP_043795322.1	XP_006568550.1	XP_020724280.2
OG0003676	XP_016911048.1	XP_006611639.1	XP_086769964.1	XP_043795369.1	XP_003249303.1	XP_020718250.1
OG0003677	XP_016911051.2	XP_006611643.1	XP_012349031.1	XP_043795396.1	XP_006558513.3	XP_003394314.1
OG0003678	XP_016911055.1	XP_006622005.2	XP_031775743.1	XP_043795309.1	XP_006557322.1	XP_020724197.1
OG0003679	XP_061928261.1	XP_006618768.1	XP_003698565.1	XP_043795446.1	XP_623484.1	XP_012176114.1
OG0003680	XP_016911102.1	XP_006607679.1	XP_003690269.1	XP_043789443.1	XP_001121782.1	XP_003397801.1
OG0003681	XP_016911070.1	XP_031366654.1	XP_086764006.1	XP_043791524.1	XP_026300430.1	XP_020721875.2
OG0003682	XP_061939520.1	XP_006607669.1	XP_086768443.1	XP_043797684.1	XP_026300388.1	XP_003400177.2
OG0003683	XP_061937285.1	XP_006620993.1	XP_086771233.1	XP_043784528.1	XP_396292.3	XP_048262964.1
OG0003684	XP_061937347.1	XP_006619895.1	XP_003693747.1	XP_043784511.1	XP_395412.2	XP_012165799.2
OG0003685	XP_016911103.2	XP_006607414.1	XP_031773466.1	XP_043786093.1	XP_006558918.1	XP_003403035.1
OG0003686	XP_016911098.1	XP_031366635.1	XP_031773326.1	XP_043784595.1	XP_003249426.1	XP_003396701.1
OG0003687	XP_016911105.2	XP_006623352.1	XP_086770961.1	XP_043784522.1	XP_001121505.2	XP_003396456.1
OG0003688	XP_016911108.1	XP_006617705.1	XP_012344291.1	XP_043786203.1	XP_393593.4	XP_003403050.1
OG0003689	XP_016911107.1	XP_006619874.1	XP_012342033.1	XP_043784559.1	XP_003249423.2	XP_003396718.1
OG0003690	XP_016911111.1	XP_031370422.1	XP_086770108.1	XP_043784398.1	XP_006559059.1	XP_012165150.1
OG0003691	XP_061937374.1	XP_031370423.1	XP_086770174.1	XP_043784551.1	XP_016770163.2	XP_003396463.1
OG0003692	XP_016911120.2	XP_006624488.1	XP_003693772.1	XP_043784542.1	XP_001120519.2	XP_012165134.1
OG0003693	XP_016911124.1	XP_006619912.1	XP_003695169.1	XP_043784417.1	XP_003249430.1	XP_003396706.1
OG0003694	XP_061937305.1	XP_031368329.1	XP_003695174.3	XP_043784552.1	XP_026299570.1	XP_048263064.1
OG0003695	XP_016911127.1	XP_006619915.1	XP_003695170.1	XP_043784492.1	XP_397008.1	XP_003396709.1
OG0003696	XP_016911132.1	XP_006619862.1	XP_003693777.2	XP_043784629.1	XP_016770414.2	XP_003396470.1
OG0003697	XP_016911134.2	XP_006619864.1	XP_012342052.1	XP_043784633.1	XP_006559055.1	XP_048263311.1
OG0003698	XP_016911135.1	XP_031368333.1	XP_012342055.1	XP_043784632.1	XP_006559054.1	XP_003396238.2
OG0003699	XP_061933953.1	XP_031370936.1	XP_031773472.1	XP_043786223.1	XP_016769254.1	XP_003402558.1
OG0003700	XP_016911149.1	XP_006617663.1	XP_012344313.1	XP_043786257.1	XP_026298316.1	XP_003397223.2
OG0003701	XP_016911150.1	XP_006623348.1	XP_031772413.1	XP_043784428.1	XP_001120607.1	XP_003396461.1
OG0003702	XP_016911162.1	XP_006619893.1	XP_003693711.1	XP_043784454.1	XP_006559031.1	XP_003396716.1
OG0003703	XP_016911169.1	XP_006619891.1	XP_003693713.4	XP_043784453.1	XP_395833.4	XP_003396717.1
OG0003704	XP_016911170.1	XP_006619890.1	XP_003693718.1	XP_043784456.1	XP_001120666.1	XP_048263069.1
OG0003705	XP_016911204.2	XP_031364732.1	XP_012349112.2	XP_043789689.1	XP_006561938.1	XP_012167426.2
OG0003706	XP_016911172.2	XP_006619873.1	XP_086770270.1	XP_043784544.1	XP_026299538.1	XP_012165160.1
OG0003707	XP_016911176.1	XP_006619870.1	XP_012342094.1	XP_043784545.1	XP_006559045.1	XP_020719607.1
OG0003708	XP_016911180.2	XP_006619877.1	XP_086770313.1	XP_043784516.1	XP_006559033.1	XP_012165803.1
OG0003709	XP_016911189.1	XP_006607409.1	XP_003695390.1	XP_043786091.1	XP_016769141.2	XP_048269190.1
OG0003710	XP_061930706.1	XP_006611460.1	XP_031774170.2	XP_043792684.1	XP_397479.5	XP_012163843.2
OG0003711	XP_016911200.1	XP_006609777.1	XP_003698750.2	XP_043788363.1	XP_393137.3	XP_003394534.1
OG0003712	XP_016911208.1	XP_031370944.1	XP_086773704.1	XP_043786122.1	XP_393071.3	XP_048269197.1
OG0003713	XP_016911210.1	XP_006609716.1	XP_003698782.2	XP_043800616.1	XP_001121809.2	XP_003394223.1
OG0003714	XP_016911213.2	XP_031371087.1	XP_031775876.2	XP_043800592.1	XP_016766584.2	XP_048260330.1
OG0003715	XP_016911221.1	XP_006609831.1	XP_012348982.2	XP_043800593.1	XP_006560984.1	XP_003394224.1
OG0003716	XP_016911237.1	XP_006609724.1	XP_012348977.1	XP_043800626.1	XP_006560988.1	XP_003394214.1
OG0003717	XP_061928463.1	XP_031371103.1	XP_012348980.2	XP_043800613.1	XP_026295327.1	XP_012176035.1
OG0003718	XP_028522024.1	XP_006623740.1	XP_086770942.1	XP_043792039.1	XP_001121647.2	XP_003397194.1
OG0003719	XP_016911254.1	XP_006609790.1	XP_003698743.1	XP_043788352.1	XP_006560539.1	XP_012176345.1
OG0003720	XP_028522261.1	XP_031371118.1	XP_012349224.3	XP_043788437.1	XP_026295592.1	XP_020718255.2
OG0003721	XP_016911272.1	XP_006620276.1	XP_012349292.1	XP_043787842.1	XP_001120773.1	XP_003394232.1
OG0003722	XP_016911273.2	XP_031368513.1	XP_012349286.1	XP_043787749.1	XP_026295200.1	XP_012176050.2
OG0003723	XP_016911277.1	XP_006609743.2	XP_012349304.1	XP_043800594.1	XP_006561018.1	XP_003394208.1
OG0003724	XP_016911283.2	XP_006623745.1	XP_086770964.1	XP_043792067.1	XP_625110.4	XP_003397188.1
OG0003725	XP_016911284.2	XP_006609834.1	XP_012349248.1	XP_043788385.1	XP_006560534.1	XP_048260381.1
OG0003726	XP_028522227.1	XP_006609741.1	XP_012348968.2	XP_043800631.1	XP_394435.3	XP_048260361.1
OG0003727	XP_016911317.1	XP_006609736.1	XP_003698774.1	XP_043800610.1	XP_026295228.1	XP_003394217.1
OG0003728	XP_016911323.1	XP_006609774.1	XP_003698753.3	XP_043788374.1	XP_392863.3	XP_003394533.1
OG0003729	XP_061928370.1	XP_006609781.1	XP_031775792.2	XP_043788358.1	XP_016766914.1	XP_003394538.1
OG0003730	XP_016911339.1	XP_006620279.1	XP_012349330.1	XP_043788055.1	XP_026295412.1	XP_003394236.1
OG0003731	XP_016911343.1	XP_006609765.1	XP_003698592.1	XP_043788492.1	XP_003249693.1	XP_003394196.2
OG0003732	XP_016911349.1	XP_006620289.1	XP_003698606.2	XP_043787819.1	XP_006560948.1	XP_048260315.1
OG0003733	XP_016911351.1	XP_006620294.1	XP_086765621.1	XP_043787816.1	XP_026295662.1	XP_012176064.1
OG0003734	XP_061933749.1	XP_006623747.1	XP_086770960.1	XP_043792066.1	XP_026297844.1	XP_020719762.2
OG0003735	XP_016911357.2	XP_006609776.1	XP_003698751.4	XP_043788440.1	XP_396295.4	XP_003394524.2
OG0003736	XP_016911371.2	XP_031370063.1	XP_086770951.1	XP_043792062.1	XP_026297840.1	XP_048264022.1
OG0003737	XP_016911367.1	XP_031368505.1	XP_003698800.3	XP_043787795.1	XP_003249782.1	XP_003394237.2
OG0003738	XP_016911372.1	XP_006620284.1	XP_086765635.1	XP_043787806.1	XP_623765.3	XP_003394390.1
OG0003739	XP_061928503.1	XP_006620286.2	XP_031775716.1	XP_043787821.1	XP_006560957.3	XP_003394238.1
OG0003740	XP_016911375.2	XP_006609754.1	XP_086765567.1	XP_043788487.1	XP_006561021.1	XP_012175993.1
OG0003741	XP_061928394.1	XP_006609768.1	XP_086765747.1	XP_043788394.1	XP_003249694.1	XP_003394514.2
OG0003742	XP_016911381.2	XP_031366250.1	XP_031772313.1	XP_043784792.1	XP_026299633.1	XP_012165200.1
OG0003743	XP_016911382.1	XP_006616359.1	XP_012349061.2	XP_043787803.1	XP_016766753.1	XP_003394243.1
OG0003744	XP_016911383.1	XP_006616361.2	XP_012349064.1	XP_043787805.1	XP_026295657.1	XP_012176067.1
OG0003745	XP_016911389.1	XP_006609751.1	XP_086765554.1	XP_043788485.1	XP_003249767.1	XP_012175996.1
OG0003746	XP_016911395.1	XP_006612233.1	XP_003691764.1	XP_043784929.1	XP_006558739.1	XP_003394937.1
OG0003747	XP_028522342.2	XP_031364661.1	XP_031771293.2	XP_043789040.1	XP_016772364.1	XP_012172009.2
OG0003748	XP_016911401.2	XP_031364681.1	XP_012339801.3	XP_043788895.1	XP_026301295.1	XP_012172008.2
OG0003749	XP_016911443.1	XP_006607680.1	XP_012349198.1	XP_043789442.1	XP_001121754.3	XP_020720210.1
OG0003750	XP_016911405.1	XP_031366227.1	XP_031772238.2	XP_043784824.1	XP_026299913.1	XP_012165599.2
OG0003751	XP_061942011.1	XP_031364675.1	XP_086758610.1	XP_043788703.1	XP_006563694.1	XP_020722740.1
OG0003752	XP_061942079.1	XP_031368763.1	XP_086773779.1	XP_043791983.1	XP_006563732.1	XP_012172023.1
OG0003753	XP_061942103.1	XP_006620730.1	XP_086773786.1	XP_043791935.1	XP_026301244.1	XP_012172453.1
OG0003754	XP_061942151.1	XP_006622569.1	XP_086773836.1	XP_043791933.1	XP_006563773.1	XP_003398347.2
OG0003755	XP_016911419.1	XP_006620738.1	XP_003692106.1	XP_043791945.1	XP_016772243.1	XP_012172031.1
OG0003756	XP_061942112.1	XP_006620765.1	XP_086773854.1	XP_043791995.1	XP_001120215.2	XP_048266132.1
OG0003757	XP_016911440.2	XP_031364662.1	XP_086758645.1	XP_043788824.1	XP_003250295.1	XP_020722433.2
OG0003758	XP_016911442.1	XP_006620780.2	XP_012339802.1	XP_043792000.1	XP_026301334.1	XP_048265961.1
OG0003759	XP_016911446.1	XP_006620761.1	XP_003692163.2	XP_043792007.1	XP_003250310.2	XP_003399445.1
OG0003760	XP_016911449.3	XP_006620766.1	XP_003698081.1	XP_043792013.1	XP_001120329.1	XP_012168709.1
OG0003761	XP_016911450.1	XP_006620079.1	XP_012339635.2	XP_043792015.1	XP_006563720.1	XP_012172064.1
OG0003762	XP_016911474.2	XP_006612312.1	XP_086758616.1	XP_043789004.1	XP_026301331.1	XP_012172004.1
OG0003763	XP_016911478.1	XP_006615478.1	XP_003693634.1	XP_043784840.1	XP_001119963.2	XP_003396433.2
OG0003764	XP_016911480.1	XP_006612329.1	XP_003692155.2	XP_043788893.1	XP_006563707.1	XP_012171996.1
OG0003765	XP_016911481.1	XP_006622563.2	XP_086773833.1	XP_043791952.1	XP_397138.5	XP_048260707.1
OG0003766	XP_016911482.1	XP_006613418.1	XP_012339675.1	XP_043792035.1	XP_006563721.2	XP_012172053.1
OG0003767	XP_016911488.2	XP_006615459.1	XP_012342003.2	XP_043784882.1	XP_006568631.3	XP_003396262.1
OG0003768	XP_061942066.1	XP_031368744.1	XP_012339696.2	XP_043791954.1	XP_026301434.1	XP_020722376.1
OG0003769	XP_016911489.1	XP_031368749.1	XP_003692100.3	XP_043791958.1	NP_001166189.1	XP_003401202.1
OG0003770	XP_016911511.1	XP_031366240.1	XP_086768750.1	XP_043784784.1	XP_016768715.1	XP_003396600.1
OG0003771	XP_016911514.1	XP_031364684.1	XP_003692095.1	XP_043789026.1	XP_393179.1	XP_012172080.1
OG0003772	XP_061942197.1	XP_006624860.2	XP_086773842.1	XP_043792010.1	XP_026301229.1	XP_048268959.1
OG0003773	XP_016911567.1	XP_006607690.1	XP_003690443.2	XP_043789663.1	XP_003249950.2	XP_003397792.3
OG0003774	XP_016911530.2	XP_006620775.1	XP_031775422.2	XP_043791938.1	XP_001120493.3	XP_003399436.2
OG0003775	XP_061942120.1	XP_006624859.1	XP_086773852.1	XP_043791941.1	XP_006563759.1	XP_012169554.1
OG0003776	XP_016911536.1	XP_031364674.1	XP_003699158.1	XP_043788707.1	XP_001122615.2	XP_003400986.1
OG0003777	XP_061942104.1	XP_006620757.1	XP_012339795.1	XP_043792025.1	XP_395667.3	XP_048265954.1
OG0003778	XP_016911545.1	XP_006624383.1	XP_012348273.2	XP_043791921.1	XP_396280.4	XP_003401840.1
OG0003779	XP_016911546.1	XP_031368756.1	XP_012339798.1	XP_043791927.1	XP_006563748.1	XP_003399446.2
OG0003780	XP_016911549.1	XP_006622567.2	XP_086773818.1	XP_043791936.1	XP_026301298.1	XP_003399438.2
OG0003781	XP_061942082.1	XP_006620742.1	XP_003692104.1	XP_043791989.1	XP_623518.1	XP_012172027.1
OG0003782	XP_016911556.2	XP_006615509.1	XP_086768717.1	XP_043784852.1	XP_006568670.1	XP_003396595.2
OG0003783	XP_016911564.1	XP_006624394.1	XP_031774032.1	XP_043799797.1	XP_026296956.1	XP_012167219.1
OG0003784	XP_061937049.1	XP_006613956.2	XP_003689600.1	XP_043787306.1	XP_003250475.1	XP_003398197.1
OG0003785	XP_061935470.1	XP_006617881.2	XP_086763043.1	XP_043789791.1	XP_016769350.2	XP_003397413.1
OG0003786	XP_016911577.1	XP_006614443.1	XP_012347648.1	XP_043786482.1	XP_623670.3	XP_003393594.1
OG0003787	XP_016911578.1	XP_006617817.1	XP_012348480.1	XP_043789595.1	XP_625156.2	XP_048264649.1
OG0003788	XP_016911580.1	XP_006617835.1	XP_012346950.3	XP_043789613.1	XP_625070.3	XP_012167558.2
OG0003789	XP_061927817.1	XP_031365684.1	XP_003697695.4	XP_043786473.1	XP_026302270.1	XP_020723304.2
OG0003790	XP_016911585.2	XP_006617814.1	XP_003690434.2	XP_043789413.1	XP_026298726.1	XP_012166845.1
OG0003791	XP_016911607.1	XP_006617805.1	XP_003690251.2	XP_043789610.1	XP_394781.4	XP_003397416.2
OG0003792	XP_016911609.2	XP_031367367.1	XP_003690254.2	XP_043789611.1	XP_625181.4	XP_003397417.1
OG0003793	XP_016911610.2	XP_006617804.1	XP_012347353.2	XP_043789609.1	XP_003251042.1	XP_012166830.1
OG0003794	XP_016911617.1	XP_006617808.1	XP_003690252.1	XP_043789360.1	XP_026298724.1	XP_003397411.1
OG0003795	XP_016911626.2	XP_006617836.2	XP_012344996.2	XP_043789836.1	XP_006567514.2	XP_020720122.2
OG0003796	XP_016911630.2	XP_031366241.1	XP_086768724.1	XP_043784864.1	XP_006568678.1	XP_012165621.2
OG0003797	XP_016911627.1	XP_006617843.1	XP_003690234.1	XP_043789432.1	XP_392521.3	XP_003397876.2
OG0003798	XP_016911647.1	XP_006617821.1	XP_003690244.1	XP_043789777.1	XP_394778.2	XP_003397397.1
OG0003799	XP_016911654.1	XP_006617861.2	XP_003690228.1	XP_043789928.1	XP_006567507.1	XP_012167556.1
OG0003800	XP_061927782.1	XP_031365687.1	XP_012347647.2	XP_043786448.1	XP_006559170.2	XP_012171200.3
OG0003801	XP_016911664.1	XP_006614440.1	XP_003697675.4	XP_043786485.1	XP_397308.1	XP_020723722.1
OG0003802	XP_016911681.1	XP_006621806.1	XP_086771562.1	XP_043788550.1	XP_026294720.1	XP_012173750.1
OG0003803	XP_016911686.2	XP_006615529.1	XP_003693486.1	XP_043784736.1	XP_001121110.2	XP_003396599.2
OG0003804	XP_061927754.1	XP_006621807.1	XP_003691108.1	XP_043788542.1	XP_625166.2	XP_012173749.1
OG0003805	XP_016911685.1	XP_006621829.1	XP_003691109.1	XP_043788543.1	XP_006559190.1	XP_003393612.1
OG0003806	XP_061927755.1	XP_006621819.1	XP_086771547.1	XP_043788525.1	XP_003249447.1	XP_012171649.1
OG0003807	XP_016911697.1	XP_006621816.1	XP_012350690.1	XP_043788530.1	XP_396212.2	XP_020721982.2
OG0003808	XP_061935585.1	XP_006617830.1	XP_031774396.2	XP_043789548.1	XP_006567511.1	XP_012167561.1
OG0003809	XP_016911720.1	XP_006617832.1	XP_012347035.1	XP_043789625.1	XP_006567509.1	XP_012167559.1
OG0003810	XP_016911722.2	XP_006617866.1	XP_086762481.1	XP_043789321.1	XP_006567501.2	XP_048264297.1
OG0003811	XP_028522374.1	XP_006617847.1	XP_003690239.1	XP_043789593.1	XP_006567516.1	XP_012167569.1
OG0003812	XP_061927815.1	XP_006614447.1	XP_012347611.2	XP_043786472.1	XP_006559166.1	XP_048270266.1
OG0003813	XP_016911728.1	XP_006614433.1	XP_012347646.2	XP_043786479.1	XP_006559175.1	XP_012172346.1
OG0003814	XP_016911740.1	XP_006621813.1	XP_031776473.2	XP_043788519.1	XP_016766496.1	XP_048265960.1
OG0003815	XP_016911748.1	XP_031366697.1	XP_031774364.1	XP_043793008.1	XP_026296420.1	XP_012164488.1
OG0003816	XP_061931566.1	XP_006616544.1	XP_086761100.1	XP_043793110.1	XP_001120760.2	XP_020718623.2
OG0003817	XP_016911754.1	XP_006615543.1	XP_003693492.1	XP_043784765.1	XP_001121331.2	XP_003396314.1
OG0003818	XP_028522414.1	XP_031364305.1	XP_086761009.1	XP_043793086.1	XP_016767947.2	XP_020718792.2
OG0003819	XP_016911757.1	XP_006611393.1	XP_003696249.2	XP_043793055.1	XP_006564230.1	XP_003395450.2
OG0003820	XP_016911766.1	XP_006611403.1	XP_003696240.1	XP_043793048.1	XP_394555.2	XP_003395444.1
OG0003821	XP_016911772.1	XP_006611391.1	XP_003696243.1	XP_043793057.1	XP_001120220.1	XP_048261802.1
OG0003822	XP_016911813.1	XP_006613041.1	XP_012347661.1	XP_043795168.1	XP_006561659.1	XP_003397719.2
OG0003823	XP_016911778.1	XP_006616541.1	XP_031774168.1	XP_043793017.1	XP_003250530.3	XP_003395655.1
OG0003824	XP_016911779.1	XP_006611439.1	XP_003696260.4	XP_043792877.1	XP_392575.3	XP_003395430.1
OG0003825	XP_061930725.1	XP_006611437.1	XP_012346186.1	XP_043792870.1	XP_006562154.1	XP_012163855.1
OG0003826	XP_016911788.1	XP_031366696.1	XP_031774356.1	XP_043792999.1	XP_016767845.1	XP_012164487.3
OG0003827	XP_016911817.1	XP_006611446.1	XP_003696256.2	XP_043793472.1	XP_003250009.1	XP_003395440.1
OG0003828	XP_061930763.1	XP_031364331.1	XP_012345690.1	XP_043792687.1	XP_026296755.1	XP_048261983.1
OG0003829	XP_016911833.1	XP_006615489.1	XP_012341911.1	XP_043784737.1	XP_006568649.1	XP_048263095.1
OG0003830	XP_016911841.1	XP_006616513.1	XP_003696232.1	XP_043792967.1	XP_001120653.1	XP_003395526.1
OG0003831	XP_016911843.1	XP_031364319.1	XP_012346127.1	XP_043793046.1	XP_006564219.1	XP_012163866.2
OG0003832	XP_016911850.1	XP_006616529.1	XP_012345811.2	XP_043792205.1	XP_006564277.1	XP_048261760.1
OG0003833	XP_028522430.1	XP_006616528.1	XP_003696210.1	XP_043793426.1	XP_396990.3	XP_012163819.1
OG0003834	XP_016911857.1	XP_006616526.1	XP_086760982.1	XP_043793432.1	XP_003250433.1	XP_003395787.1
OG0003835	XP_016911859.1	XP_031366730.1	XP_003696461.1	XP_043792617.1	XP_006564289.1	XP_003395830.2
OG0003836	XP_016911860.1	XP_006611434.1	XP_086761073.1	XP_043792791.1	XP_625118.2	XP_003395431.2
OG0003837	XP_016911864.1	XP_006611430.1	XP_003696265.1	XP_043793209.1	XP_006562157.1	XP_003395426.1
OG0003838	XP_016911880.1	XP_006615493.1	XP_003693667.1	XP_043784742.1	XP_624178.2	XP_012165216.1
OG0003839	XP_016911878.1	XP_006616505.1	XP_086761003.1	XP_043792243.1	XP_006564258.1	XP_012163907.1
OG0003840	XP_061930825.1	XP_006616536.1	XP_003696199.1	XP_043792948.1	XP_026296774.1	XP_003395741.1
OG0003841	XP_016911927.1	XP_006607695.1	XP_012346229.1	XP_043789444.1	XP_006561945.1	XP_020720212.1
OG0003842	XP_061930827.1	XP_006616521.1	XP_086760988.1	XP_043792495.1	XP_003250434.2	XP_003395841.1
OG0003843	XP_061930801.1	XP_006616519.1	XP_086760969.1	XP_043792497.1	XP_016767563.2	XP_003395859.3
OG0003844	XP_028522389.2	XP_006611388.1	XP_086761025.1	XP_043792109.1	XP_001120452.2	XP_048261786.1
OG0003845	XP_016911910.3	XP_006611466.1	XP_003696271.1	XP_043793124.1	XP_625051.2	XP_003395358.1
OG0003846	XP_016911914.1	XP_006611457.1	XP_003696477.2	XP_043792932.1	XP_016767801.2	XP_003395398.1
OG0003847	XP_016911919.2	XP_031366721.1	XP_086760986.1	XP_043792616.1	XP_006564274.1	XP_012163809.1
OG0003848	XP_016911920.2	XP_006616523.1	XP_003696221.1	XP_043792528.1	XP_003250432.3	XP_012163822.2
OG0003849	XP_016911922.1	XP_006611462.1	XP_012346204.3	XP_043793471.1	XP_026296872.1	XP_003395363.1
OG0003850	XP_016911932.2	XP_031366248.1	XP_086769121.1	XP_043784828.1	XP_006568703.2	XP_048263722.1
OG0003851	XP_016911933.1	XP_006616549.1	XP_003696796.1	XP_043793009.1	XP_392364.4	XP_003395627.1
OG0003852	XP_016911934.1	XP_006625259.1	XP_012346230.2	XP_043792458.1	XP_026296492.1	XP_003395493.1
OG0003853	XP_016911945.2	XP_006616545.1	XP_012345807.2	XP_043793013.1	XP_006564285.2	XP_020718617.1
OG0003854	XP_016911950.2	XP_006622995.1	XP_031771358.2	XP_043794148.1	XP_003250454.1	XP_003399020.2
OG0003855	XP_061937729.1	XP_006623026.1	XP_003692248.1	XP_043795378.1	XP_006564475.2	XP_020720972.2
OG0003856	XP_016911965.1	XP_031368304.1	XP_012348834.2	XP_043794475.1	XP_391898.1	XP_048266411.1
OG0003857	XP_016911968.2	XP_031368305.1	XP_086766562.1	XP_043795058.1	XP_001120855.2	XP_003398959.2
OG0003858	XP_016911971.1	XP_006623064.1	XP_003692221.1	XP_043794769.1	XP_623724.3	XP_012169149.1
OG0003859	XP_016911972.1	XP_031369768.1	XP_012339948.1	XP_043794169.1	XP_006564492.1	XP_012169193.1
OG0003860	XP_016911976.1	XP_031370685.1	XP_012348825.1	XP_043795046.1	XP_001119879.1	XP_003398867.1
OG0003861	XP_016911978.1	XP_006623053.1	XP_003692225.1	XP_043795457.1	XP_003250465.3	XP_012169154.3
OG0003862	XP_016911993.1	XP_031366244.1	XP_086768928.1	XP_043784833.1	XP_006568709.1	XP_012165569.1
OG0003863	XP_061937741.1	XP_006623016.2	XP_003692256.1	XP_043794576.1	XP_026299849.1	XP_020720975.1
OG0003864	XP_061937723.1	XP_006623019.1	XP_031771372.2	XP_043795331.1	XP_016770532.1	XP_048266149.1
OG0003865	XP_016912047.1	XP_006607678.1	XP_003690268.1	XP_043789753.1	NP_001167610.1	XP_003397772.1
OG0003866	XP_016912009.1	XP_006623011.1	XP_003692258.1	XP_043794244.1	XP_624989.2	XP_003399015.1
OG0003867	XP_016912013.1	XP_006623007.1	XP_003692259.2	XP_043794268.1	XP_026299855.1	XP_003399017.1
OG0003868	XP_016912017.1	XP_006623009.1	XP_003697540.1	XP_043795033.1	XP_393037.2	XP_003399016.1
OG0003869	XP_016912019.2	XP_006619852.1	XP_003698463.2	XP_043794614.1	XP_006564427.1	XP_003398954.2
OG0003870	XP_016912039.1	XP_006615911.1	XP_003698476.1	XP_043795187.1	XP_001120667.3	XP_048265980.1
OG0003871	XP_016912067.2	XP_006619855.1	XP_012348832.2	XP_043794911.1	XP_016770711.2	XP_003398957.2
OG0003872	XP_061927848.1	XP_006618745.2	XP_086759247.1	XP_043801493.1	XP_006560785.2	XP_003393559.1
OG0003873	XP_061937669.1	XP_031368316.1	XP_031775665.2	XP_043795283.1	XP_026299776.1	XP_012169086.2
OG0003874	XP_016912076.1	XP_006616880.1	XP_012348827.1	XP_043794488.1	XP_006564415.1	XP_012169107.2
OG0003875	XP_016912082.1	XP_006623024.1	XP_012339878.2	XP_043794697.1	XP_001121155.2	XP_012169169.1
OG0003876	XP_016912085.2	XP_006615465.1	XP_086768774.1	XP_043784798.1	XP_026296455.1	XP_012165191.2
OG0003877	XP_016912083.1	XP_006623025.1	XP_003692254.1	XP_043795392.1	XP_001120472.1	XP_003399010.1
OG0003878	XP_061937695.1	XP_031366436.1	XP_031775659.2	XP_043795159.1	XP_016770530.1	XP_012169145.2
OG0003879	XP_028522496.1	XP_031366684.1	XP_086761193.1	XP_043792945.1	XP_016767751.1	XP_048261747.1
OG0003880	XP_061931276.1	XP_031366591.1	XP_086761180.1	XP_043792400.1	XP_016767942.1	XP_003395386.1
OG0003881	XP_016912116.2	XP_006608073.1	XP_003696596.1	XP_043792404.1	XP_624760.2	XP_020718681.1
OG0003882	XP_016912126.1	XP_006608116.1	XP_003696610.1	XP_043792711.1	XP_623363.1	XP_020718823.1
OG0003883	XP_016912128.1	XP_006618199.1	XP_003696384.3	XP_043792790.1	XP_001121801.2	XP_003399572.2
OG0003884	XP_016912129.1	XP_031367754.1	XP_012345927.1	XP_043793387.1	XP_016767961.2	XP_048269965.1
OG0003885	XP_016912134.2	XP_006618604.1	XP_012345736.1	XP_043792905.1	XP_006567757.1	XP_012173451.1
OG0003886	XP_016912141.2	XP_006618194.1	XP_086761138.1	XP_043792977.1	XP_016767755.2	XP_003399574.2
OG0003887	XP_016912148.1	XP_006608072.1	XP_012345609.1	XP_043792980.1	XP_003251116.1	XP_020718879.2
OG0003888	XP_028522247.1	XP_006615467.1	XP_086768783.1	XP_043784806.1	XP_006568633.1	XP_012165197.1
OG0003889	XP_016912155.1	XP_031366746.1	XP_003696602.2	XP_043792455.1	XP_006567715.1	XP_012163961.1
OG0003890	XP_061931136.1	XP_031367753.1	XP_012345924.2	XP_043793121.1	XP_026296853.1	XP_003395657.2
OG0003891	XP_061931309.1	XP_006618174.1	XP_003696576.1	XP_043792631.1	XP_026296431.1	XP_012176447.1
OG0003892	XP_016912200.1	XP_006618171.1	XP_003696578.4	XP_043792685.1	XP_623837.2	XP_003394506.1
OG0003893	XP_016912206.2	XP_031367543.1	XP_012346160.2	XP_043792468.1	XP_006567672.1	XP_003394697.1
OG0003894	XP_016912223.1	XP_006618645.1	XP_012346198.2	XP_043792635.1	XP_006567785.2	XP_003395658.2
OG0003895	XP_016912224.1	XP_006618642.1	XP_012346202.2	XP_043792278.1	XP_026296429.1	XP_048261750.1
OG0003896	XP_016912225.1	XP_006618643.2	XP_012346203.1	XP_043792279.1	XP_006567782.2	XP_012164145.2
OG0003897	XP_016912229.1	XP_006618639.1	XP_003696638.2	XP_043792874.1	XP_001123128.1	XP_003395659.2
OG0003898	XP_016912232.1	XP_006618638.1	XP_003696639.1	XP_043792396.1	XP_001123131.1	XP_003395661.1
OG0003899	XP_016912234.1	XP_031366751.1	XP_003696594.2	XP_043792377.1	XP_006567709.1	XP_003395480.2
OG0003900	XP_028522490.1	XP_031366769.1	XP_031774100.2	XP_043792380.1	XP_026296768.1	XP_012163954.1
OG0003901	XP_016912240.1	XP_006618191.1	XP_031774116.1	XP_043792486.1	XP_003251401.2	XP_003394519.1
OG0003902	XP_016912242.1	XP_006618189.1	XP_012346131.2	XP_043792316.1	XP_006569554.2	XP_012176458.1
OG0003903	XP_016912243.1	XP_006618190.1	XP_003696570.2	XP_043792318.1	XP_003251400.1	XP_012176459.2
OG0003904	XP_061931129.1	XP_006618659.2	XP_003696420.2	XP_043792210.1	XP_006567803.2	XP_003401985.1
OG0003905	XP_016912256.1	XP_006618660.1	XP_003696419.1	XP_043792951.1	XP_396096.4	XP_003402053.1
OG0003906	XP_061931183.1	XP_006620298.1	XP_012346123.1	XP_043792797.1	XP_026296340.1	XP_048269292.1
OG0003907	XP_061931206.1	XP_031366716.1	XP_086761225.1	XP_043792445.1	XP_006567733.2	XP_048261871.1
OG0003908	XP_061931327.1	XP_006618201.1	XP_012346036.2	XP_043792106.1	XP_006569563.1	XP_048267059.1
OG0003909	XP_016912267.1	XP_006618203.1	XP_003696561.1	XP_043792214.1	XP_026296419.1	XP_020721596.1
OG0003910	XP_016912270.1	XP_006618202.1	XP_003696562.1	XP_043792219.1	XP_392391.2	XP_003399568.1
OG0003911	XP_016912274.1	XP_006613770.1	XP_086760705.1	XP_043792562.1	XP_006567812.1	XP_012173481.1
OG0003912	XP_016912279.1	XP_031366217.1	XP_012341757.1	XP_043784768.1	XP_026295932.1	XP_048263242.1
OG0003913	XP_016912277.1	XP_031365360.1	XP_012346191.1	XP_043792566.1	XP_026296447.1	XP_012173478.1
OG0003914	XP_016912280.1	XP_006618648.1	XP_086760551.1	XP_043792636.1	XP_003251089.1	XP_048269968.1
OG0003915	XP_016912291.1	XP_006608083.1	XP_003696598.1	XP_043792207.1	XP_003251146.1	XP_012163958.2
OG0003916	XP_016912292.1	XP_006608082.1	XP_031774111.2	XP_043792236.1	XP_001120222.1	XP_003395515.1
OG0003917	XP_016912293.1	XP_006608080.1	XP_003696405.2	XP_043792237.1	XP_394859.1	XP_003395499.1
OG0003918	XP_016912301.1	XP_006608061.1	XP_003696590.1	XP_043792768.1	XP_624827.3	XP_003395677.1
OG0003919	XP_016912304.2	XP_006613756.1	XP_086760708.1	XP_043792697.1	XP_006567818.1	XP_048269970.1
OG0003920	XP_016912306.1	XP_006613782.1	XP_086760711.1	XP_043792699.1	XP_006567819.2	XP_003401976.2
OG0003921	XP_061931143.1	XP_031367758.1	XP_086760540.1	XP_043792348.1	XP_016767905.1	XP_048262154.1
OG0003922	XP_016912311.1	XP_006618635.1	XP_003696416.2	XP_043792828.1	XP_003251088.2	XP_048262156.1
OG0003923	XP_016912314.1	XP_006618187.1	XP_012346290.3	XP_043792314.1	XP_393097.4	XP_003394515.1
OG0003924	XP_061931317.1	XP_031367529.1	XP_012346278.1	XP_043792319.1	XP_003251403.2	XP_003394513.1
OG0003925	XP_061931569.1	XP_031366681.1, XP_031366698.1	XP_012345526.3	XP_043792189.1		XP_020718876.2
OG0003926	XP_016912333.2	XP_031367743.1	XP_031774311.2	XP_043793087.1	XP_016767687.2	XP_048269670.1
OG0003927	XP_016912334.1	XP_031367749.1	XP_003696627.1	XP_043793106.1	XP_016767692.1	XP_003401964.1
OG0003928	XP_016912335.2	XP_031368524.1	XP_086761235.1	XP_043792484.1	XP_026296614.1	XP_003395536.2
OG0003929	XP_016912336.1	XP_006618169.1	XP_086761154.1	XP_043792633.1	XP_395689.6	XP_003394305.2
OG0003930	XP_016912340.2	XP_006618181.1	XP_003696389.2	XP_043792929.1	XP_395117.4	XP_020724171.2
OG0003931	XP_016912341.1	XP_006618178.1	XP_003696574.1	XP_043792810.1	XP_006569550.1	XP_048270543.1
OG0003932	XP_061931314.1	XP_006618182.1	XP_012346292.1	XP_043792928.1	XP_006569552.2	XP_003394510.2
OG0003933	XP_028522508.1	XP_031367763.1	XP_086760526.1	XP_043793105.1	XP_016767691.1	XP_003401971.1
OG0003934	XP_016912349.1	XP_006615544.1	XP_086768929.1	XP_043784778.1	XP_006568686.1	XP_012165058.1
OG0003935	XP_028522518.1	XP_006618208.1	XP_031774210.1	XP_043792217.1	XP_392390.1	XP_012170026.1
OG0003936	XP_016912368.1	XP_006618207.1	XP_012346242.2	XP_043792215.1	XP_006569570.1	XP_003399563.1
OG0003937	XP_028522512.1	XP_006618612.1	XP_012346148.2	XP_043792285.1	XP_003251079.1	XP_020723077.2
OG0003938	XP_016912377.1	XP_031366216.1	XP_012341756.1	XP_043784767.1	XP_001121471.3	XP_020719488.1
OG0003939	XP_061941582.1	XP_006609264.1	XP_012345491.1	XP_043790511.1	XP_624481.3	XP_003401149.1
OG0003940	XP_016912380.1	XP_031370951.1	XP_086773936.1	XP_043790406.1	XP_026301425.1	XP_012172506.2
OG0003941	XP_016912583.2	XP_031368991.1	XP_012347692.1	XP_043795054.1	XP_006560812.2	XP_048264384.1
OG0003942	XP_016912387.1	XP_006609353.1	XP_003696022.1	XP_043790427.1	XP_001120581.3	XP_003401341.2
OG0003943	XP_016912390.1	XP_006609269.1	XP_012345275.3	XP_043790560.1	XP_006560154.1	XP_012172319.1
OG0003944	XP_016912396.1	XP_006609300.1	XP_012344992.3	XP_043790601.1	XP_006560709.1	XP_003401295.1
OG0003945	XP_016912402.1	XP_006609324.1	XP_003695999.1	XP_043790572.1	XP_001122441.2	XP_012172492.1
OG0003946	XP_061941538.1	XP_006609204.1	XP_012345200.1	XP_043790528.1	XP_623809.3	XP_012172794.1
OG0003947	XP_016912406.2	XP_006609304.1	XP_031773910.2	XP_043790895.1	XP_026301355.1	XP_003401371.3
OG0003948	XP_016912412.1	XP_031370887.1	XP_031773853.2	XP_043790691.1	XP_026301440.1	XP_012172846.2
OG0003949	XP_028522575.1	XP_031370865.1	XP_031773820.1	XP_043790605.1	XP_026301206.1	XP_048268414.1
OG0003950	XP_028522596.2	XP_006609348.2	XP_003695833.2	XP_043790664.1	XP_006560759.1	XP_003401577.1
OG0003951	XP_016912425.3	XP_006609282.1	XP_086773984.1	XP_043790810.1	XP_006560698.2	XP_012172330.2
OG0003952	XP_016912432.1	XP_031370108.1	XP_003693628.1	XP_043784850.1	XP_006568626.1	XP_012165182.1
OG0003953	XP_016912428.1	XP_006609278.1	XP_012345350.3	XP_043790813.1	XP_006560700.1	XP_003401300.2
OG0003954	XP_016912445.1	XP_031370935.1	XP_003695987.1	XP_043790375.1	XP_001122074.3	XP_020722489.1
OG0003955	XP_061941598.1	XP_006609408.1	XP_086758822.1	XP_043790472.1	XP_006560704.2	XP_003401353.1
OG0003956	XP_016912453.1	XP_031370437.1	XP_012342001.1	XP_043784826.1	XP_006568624.2	XP_020719641.2
OG0003957	XP_016912454.1	XP_031370836.1	XP_012345152.2	XP_043790345.1	XP_006560748.1	XP_012172497.1
OG0003958	XP_016912456.1	XP_006609321.1	XP_086773945.1	XP_043790437.1	XP_026301079.1	XP_020722694.1
OG0003959	XP_028522571.1	XP_006609344.2	XP_031773791.1	XP_043790414.1	XP_026301142.1	XP_020722702.2
OG0003960	XP_061941551.1	XP_006609242.1	XP_003695969.1	XP_043790539.1	XP_624637.2	XP_020722377.1
OG0003961	XP_016912487.1	XP_006609183.1	XP_003695948.2	XP_043790444.1	XP_393020.2	XP_003401526.1
OG0003962	XP_061941669.1	XP_006609359.1	XP_012345475.2	XP_043790519.1	XP_006561037.2	XP_003401344.1
OG0003963	XP_016912497.1	XP_006609222.1	XP_003695812.2	XP_043790880.1	XP_006560013.1	XP_048268420.1
OG0003964	XP_016912514.2	XP_006615498.1	XP_003693694.1	XP_043784885.1	XP_006568661.1	XP_048263775.1
OG0003965	XP_016912515.2	XP_006609262.1	XP_003695972.1	XP_043790316.1	XP_003249587.1	XP_003401298.1
OG0003966	XP_016912522.2	XP_006609253.1	XP_003695975.1	XP_043790655.1	XP_006560037.1	XP_048268496.1
OG0003967	XP_061941619.1	XP_006609307.1	XP_031773811.2	XP_043790544.1	XP_392953.3	XP_020722442.1
OG0003968	XP_016912536.1	XP_006609336.1	XP_012345374.1	XP_043790409.1	XP_006560753.1	XP_012172504.1
OG0003969	XP_016912543.1	XP_006609213.1	XP_003695959.1	XP_043790594.1	XP_624537.1	XP_003401541.1
OG0003970	XP_016912544.1	XP_006609199.1	XP_012345199.1	XP_043790384.1	XP_624435.2	XP_003401540.1
OG0003971	XP_016912545.1	XP_006609239.1	XP_003695962.1	XP_043790500.1	XP_396958.5	XP_003401550.1
OG0003972	XP_061941273.1	XP_006609345.1	XP_086773925.1	XP_043790611.1	XP_393237.4	XP_003401340.1
OG0003973	XP_061941274.1	XP_006609346.1	XP_086773927.1	XP_043790659.1	XP_006560760.1	XP_020722568.2
OG0003974	XP_061927924.1	XP_006624620.1	XP_003693526.4	XP_043796163.1	XP_006569630.1	XP_003396315.2
OG0003975	XP_028522617.2	XP_031366597.1	XP_086765586.1	XP_043787822.1	XP_026295320.1	XP_048270622.1
OG0003976	XP_016912563.1	XP_031366249.1	XP_031772259.2	XP_043784844.1	XP_026299623.1	XP_048263092.1
OG0003977	XP_061928595.1	XP_031366581.1	XP_086765519.1	XP_043787597.1	XP_006563941.2	XP_012176106.2
OG0003978	XP_016912564.3	XP_006616246.1	XP_012349407.1	XP_043787666.1	XP_006564003.1	XP_003394599.1
OG0003979	XP_016912565.1	XP_006617579.1	XP_012349018.1	XP_043788005.1	XP_016766916.1	XP_020724311.2
OG0003980	XP_028522709.1	XP_031368968.1	XP_012350589.1	XP_043787705.1	XP_026295441.1	XP_048270724.1
OG0003981	XP_016912576.1	XP_006616339.1	XP_086765589.1	XP_043787740.1	XP_006560931.1	XP_012176098.1
OG0003982	XP_016912581.1	XP_006617553.1	XP_086765443.1	XP_043787709.1	XP_623650.3	XP_003394587.2
OG0003983	XP_016912585.1	XP_031367216.1	XP_031775972.1	XP_043787710.1	XP_026295164.1	XP_048260208.1
OG0003984	XP_016912590.1	XP_006617492.1	XP_086765714.1	XP_043788038.1	XP_001121865.1	XP_003394684.1
OG0003985	XP_016912593.1	XP_006608512.1	XP_003691046.1	XP_043787952.1	XP_003251150.1	XP_003394721.1
OG0003986	XP_016912594.2	XP_006616353.1	XP_012349401.1	XP_043787669.1	XP_003249779.1	XP_012176075.2
OG0003987	XP_016912595.1	XP_006617509.1	XP_003691042.1	XP_043788046.1	XP_001121817.2	XP_003394685.1
OG0003988	XP_016912596.2	XP_006608487.1	XP_012350588.1	XP_043787704.1	XP_006566844.1	XP_012176486.1
OG0003989	XP_016912600.1	XP_006616333.1	XP_003698820.1	XP_043787783.1	XP_394966.1	XP_003394265.1
OG0003990	XP_016912601.1	XP_006616286.1	XP_003698849.1	XP_043787631.1	XP_624047.2	XP_003394626.1
OG0003991	XP_061928768.1	XP_006608475.1	XP_012350593.1	XP_043787787.1	XP_006566840.1	XP_003394670.1
OG0003992	XP_016912603.2	XP_006616314.1	XP_003698619.3	XP_043787859.1	XP_026295459.1	XP_003394394.1
OG0003993	XP_016912604.2	XP_006616326.1	XP_086765577.1	XP_043787884.1	XP_393531.4	XP_012176102.1
OG0003994	XP_016912611.1	XP_006616323.1	XP_031775848.2	XP_043787735.1	XP_016766612.2	XP_020724202.2
OG0003995	XP_016912612.1	XP_006616330.1	XP_003698818.1	XP_043787889.1	XP_397177.5	XP_003394264.2
OG0003996	XP_061928691.1	XP_031367202.1	XP_086765723.1	XP_043787863.1	XP_026295378.1	XP_048260141.1
OG0003997	XP_061928739.1	XP_006617577.1	XP_086765784.1	XP_043788031.1	XP_006564053.1	XP_012176528.1
OG0003998	XP_061928865.1	XP_031364569.1	XP_086765811.1	XP_043787957.1	XP_016766672.2	XP_048259978.1
OG0003999	XP_016912635.1	XP_006612093.1	XP_003690892.1	XP_043787767.1	XP_393347.3	XP_012169485.1
OG0004000	XP_016912642.1	XP_006617567.1	XP_003698862.1	XP_043787851.1	XP_396848.4	XP_003394596.2
OG0004001	XP_061928703.1	XP_006617499.1	XP_086765697.1	XP_043788016.1	XP_003250368.1	XP_048260149.1
OG0004002	XP_016912651.2	XP_006617494.1	XP_003698887.1	XP_043788041.1	XP_026295387.1	XP_012176518.2
OG0004003	XP_016912653.1	XP_031367244.1	XP_012349343.1	XP_043788045.1	XP_003250376.2	XP_003394570.3
OG0004004	XP_016912670.2	XP_031368773.1	XP_012350454.2	XP_043787981.1	XP_016766731.1	XP_048270632.1
OG0004005	XP_016912677.2	XP_006616274.1	XP_003698840.3	XP_043787617.1	XP_624889.3	XP_003394620.2
OG0004006	XP_016912689.1	XP_031368150.1	XP_086764450.1	XP_043804220.1	XP_624093.3	XP_003402877.2
OG0004007	XP_016912690.2	XP_006608525.1	XP_012350521.2	XP_043787968.1	XP_392919.3	XP_003394715.1
OG0004008	XP_016912715.1	XP_006608564.1	XP_003690890.1	XP_043787929.1	XP_001121818.1	XP_003399207.1
OG0004009	XP_016912719.1	XP_006616281.1	XP_003698844.2	XP_043787745.1	XP_006563984.1	XP_003394623.1
OG0004010	XP_061928845.1	XP_031368731.1	XP_012350503.1	XP_043787926.1	XP_016766993.2	XP_012174553.1
OG0004011	XP_016912731.2	XP_006616300.1	XP_086765508.1	XP_043787994.1	XP_026295603.1	XP_020724154.2
OG0004012	XP_061928764.1	XP_031367203.1	XP_031776340.2	XP_043788006.1	XP_006564076.2	XP_048260663.1
OG0004013	XP_016912751.1	XP_006617523.2	XP_012349014.1	XP_043788004.1	XP_001121186.3	XP_003394581.2
OG0004014	XP_016912754.2	XP_006608491.1	XP_003691018.1	XP_043787976.1	XP_016766933.1	XP_012176658.1
OG0004015	XP_016912757.1	XP_006616354.1	XP_003698610.1	XP_043787891.1	XP_006560939.1	XP_003394391.1
OG0004016	XP_016912762.1	XP_006617554.1	XP_003698872.1	XP_043787708.1	XP_006564032.3	XP_003394585.1
OG0004017	XP_028522638.1	XP_031366588.1	XP_086765483.1	XP_043787853.1	XP_395400.7	XP_012176564.2
OG0004018	XP_016912771.1	XP_006608501.1	XP_086765991.1	XP_043787867.1	XP_006568009.1	XP_003394726.2
OG0004019	XP_061928826.1	XP_031368698.1	XP_012350489.1	XP_043787909.1	XP_026295510.1	XP_048260498.1
OG0004020	XP_016912787.1	XP_006616346.1	XP_012349390.2	XP_043787701.1	XP_394417.5	XP_048260593.1
OG0004021	XP_028522732.1	XP_031368451.1	XP_086765687.1	XP_043787693.1	XP_006566835.1	XP_020724058.1
OG0004022	XP_028522647.1	XP_031370614.1	XP_031774303.2	XP_043792371.1	XP_026296786.1	XP_020721614.2
OG0004023	XP_016912823.1	XP_006608541.1	XP_003690881.1	XP_043787639.1	XP_623906.1	XP_012174545.2
OG0004024	XP_061928638.1	XP_031366589.1	XP_012349283.1	XP_043787942.1	XP_006563991.2	XP_003394613.1
OG0004025	XP_028522884.2	XP_006624939.1	XP_003696413.2	XP_043792277.1	XP_624815.2	XP_003394501.2
OG0004026	XP_016912843.1	XP_031368811.1	XP_003690977.1	XP_043787677.1	XP_003250934.2	XP_003394692.1
OG0004027	XP_016912847.1	XP_006616298.1	XP_012349384.2	XP_043787730.1	XP_006563971.1	XP_003394635.1
OG0004028	XP_016912851.1	XP_006608497.1	XP_003691037.1	XP_043787970.1	XP_395364.3	XP_003394688.1
OG0004029	XP_016912859.1	XP_006617514.1	XP_003698883.2	XP_043787785.1	XP_003250365.2	XP_003394572.1
OG0004030	XP_016912861.1	XP_006617551.1	XP_086765449.1	XP_043787712.1	XP_001120956.3	XP_012176540.1
OG0004031	XP_061928668.1	XP_006617557.2	XP_003698866.1	XP_043787793.1	XP_016766750.1	XP_012176543.1
OG0004032	XP_016912866.1	XP_006616310.1	XP_003698825.3	XP_043787720.1	XP_016766972.1	XP_020724349.2
OG0004033	XP_016912869.1	XP_006616363.2	XP_003698822.1	XP_043787598.1	XP_006563942.2	XP_003394396.1
OG0004034	XP_016912872.1	XP_006616352.1	XP_003698808.1	XP_043787670.1	XP_394419.2	XP_003394250.1
OG0004035	XP_016912873.2	XP_006616350.1	XP_003698809.2	XP_043787672.1	XP_003249778.1	XP_012176081.1
OG0004036	XP_016912877.1	XP_006608476.1	XP_003690938.1	XP_043787697.1	XP_006566841.1	XP_003394664.1
OG0004037	XP_016912879.1	XP_006608479.1	XP_012350592.2	XP_043787698.1	XP_397097.2	XP_003394668.1
OG0004038	XP_016912885.1	XP_006617578.2	XP_003698638.2	XP_043788002.1	XP_006564042.1	XP_012176534.1
OG0004039	XP_016912889.1	XP_006616293.1	XP_031775713.1	XP_043787585.1	XP_006563977.1	XP_012176592.1
OG0004040	XP_016912897.1	XP_006608490.1	XP_003690959.2	XP_043787790.1	XP_003250933.1	XP_003394672.2
OG0004041	XP_061928769.1	XP_006608482.1	XP_031776361.1	XP_043787601.1	XP_006566847.1	XP_012176485.1
OG0004042	XP_016912909.1	XP_006608485.1	XP_012350600.2	XP_043787608.1	XP_006566848.1	XP_020724121.2
OG0004043	XP_061928618.1	XP_006616297.1	XP_012349387.1	XP_043787699.1	XP_026295194.1	XP_003394634.3
OG0004044	XP_016912918.1	XP_006616252.1	XP_031775861.2	XP_043787856.1	XP_026295181.1	XP_012176562.2
OG0004045	XP_016912919.1	XP_006616251.1	XP_012349412.2	XP_043787786.1	XP_026295182.1	XP_003394605.1
OG0004046	XP_028522686.1	XP_006616249.1	XP_003698857.2	XP_043787747.1	XP_006564000.1	XP_003394604.2
OG0004047	XP_016912926.1	XP_006624937.1	XP_012346288.2	XP_043792274.1	XP_003251531.2	XP_003394500.1
OG0004048	XP_016912922.1	XP_006616287.1	XP_003698832.1	XP_043787662.1	XP_397130.4	XP_003394629.1
OG0004049	XP_016912935.2	XP_006617491.1	XP_012350597.1	XP_043788023.1	XP_006564066.2	XP_003394682.2
OG0004050	XP_016912938.1	XP_006608500.1	XP_003691045.1	XP_043787874.1	XP_392826.1	XP_003394722.1
OG0004051	XP_016912952.1	XP_006624940.1	XP_031774241.2	XP_043792844.1	XP_006570236.1	XP_012176445.1
OG0004052	XP_016912949.2	XP_031364849.1	XP_031771403.2	XP_043784316.1	XP_026297228.1	XP_048262457.1
OG0004053	XP_016912955.1	XP_006612669.1	XP_012339981.1	XP_043784350.1	XP_016768391.1	XP_003402272.1
OG0004054	XP_061932087.1	XP_006612675.1	XP_086763294.1	XP_043784331.1	XP_006561322.1	XP_012175301.2
OG0004055	XP_016912974.1	XP_006612699.2	XP_012340042.1	XP_043784315.1	XP_006561315.1	XP_003396100.1
OG0004056	XP_028522751.1	XP_031370435.1	XP_086773352.1	XP_043793485.1	XP_016769937.1	XP_020720542.2
OG0004057	XP_016912986.2	XP_031368978.1	XP_086760309.1	XP_043792577.1	XP_016767597.1	XP_020718882.2
OG0004058	XP_028522774.2	XP_031370250.1	XP_012342495.2	XP_043784887.1	XP_016768382.1	XP_020719080.2
OG0004059	XP_016912994.1	XP_006612703.1	XP_003692300.2	XP_043784378.1	XP_003249840.1	XP_048262892.1
OG0004060	XP_016912995.1	XP_006612663.1	XP_086763331.1	XP_043784337.1	XP_006561334.2	XP_020723252.1
OG0004061	XP_016913003.1	XP_006612659.1	XP_003692326.1	XP_043784342.1	XP_396382.3	XP_012173894.1
OG0004062	XP_016913006.1	XP_006612658.1	XP_031771423.2	XP_043784351.1	XP_016768078.2	XP_012173896.2
OG0004063	XP_061932089.1	XP_031364839.1	XP_086763299.1	XP_043784330.1	XP_016768254.1	XP_048262556.1
OG0004064	XP_061931501.1	XP_031369399.1	XP_086760307.1	XP_043792575.1	XP_016767587.2	XP_020718880.2
OG0004065	XP_016913023.2	XP_031364842.1	XP_086763329.1	XP_043784321.1	XP_006561326.1	XP_012175313.1
OG0004066	XP_016913032.3	XP_031368983.1	XP_012345644.3	XP_043792580.1	XP_026296401.1	XP_012164097.1
OG0004067	XP_061931580.1	XP_006613631.1	XP_086760242.1	XP_043793477.1	XP_026296504.1	XP_012163774.1
OG0004068	XP_016913046.1	XP_006613504.1	XP_012347058.3	XP_043804242.1	XP_006566977.1	XP_003399965.1
OG0004069	XP_016913051.1	XP_006613460.1	XP_031774872.1	XP_043804249.1	XP_006566993.1	XP_003399946.1
OG0004070	XP_061938732.1	XP_006613452.1	XP_031773390.1	XP_043804136.1	XP_026300237.1	XP_020721432.2
OG0004071	XP_016913074.1	XP_006613487.1	XP_012347154.2	XP_043803925.1	XP_006566987.1	XP_003399954.1
OG0004072	XP_016913090.1	XP_006613440.2	XP_031773371.1	XP_043804008.1	XP_016770872.1	XP_012170590.2
OG0004073	XP_016913091.2	XP_006613495.1	XP_086763525.1	XP_043804233.1	XP_026300054.1	XP_012170626.2
OG0004074	XP_061939120.1	XP_006613505.1	XP_086763524.1	XP_043803860.1	XP_026300069.1	XP_048266939.1
OG0004075	XP_061939117.1	XP_006613458.1	XP_086763558.1	XP_043804281.1	XP_624772.2	XP_048266646.1
OG0004076	XP_016913125.1	XP_006612012.1	XP_086763664.1	XP_043804140.1	XP_006567023.2	XP_003399926.4
OG0004077	XP_016913126.1	XP_031364540.1	XP_012344045.3	XP_043803825.1	XP_026299959.1	XP_020721576.2
OG0004078	XP_016913151.1	XP_006623319.1	XP_086760338.1	XP_043793193.1	XP_006570275.2	XP_012164131.1
OG0004079	XP_016913131.1	XP_006612011.1	XP_003695262.1	XP_043803993.1	XP_393865.2	XP_003399924.1
OG0004080	XP_016913138.2	XP_006612004.1	XP_086763662.1	XP_043804011.1	XP_396025.4	XP_003399933.1
OG0004081	XP_016913139.1	XP_006612008.1	XP_003695224.1	XP_043804013.1	XP_001122504.1	XP_003399929.1
OG0004082	XP_016913147.1	XP_006613454.1	XP_003695273.1	XP_043803781.1	XP_006566998.2	XP_003399936.1
OG0004083	XP_016913148.2	XP_006612006.1	XP_086763663.1	XP_043804012.1	XP_006567022.2	XP_020721611.1
OG0004084	XP_016913149.1	XP_006622134.1	XP_086760275.1	XP_043792815.1	XP_006570309.1	XP_048262019.1
OG0004085	XP_061931545.1	XP_006622130.1	XP_012346025.1	XP_043792334.1	XP_001122704.2	XP_020718905.1
OG0004086	XP_016913164.2	XP_031364081.1	XP_086763910.1	XP_043804035.1	XP_006566924.1	XP_012170235.2
OG0004087	XP_028522831.2	XP_006618363.1, XP_006618364.2	XP_086759181.1	XP_043794692.1	XP_026297478.1	
OG0004088	XP_061933659.1	XP_006620120.1	XP_003695308.1	XP_043794621.1	XP_006560219.1	XP_003403283.1
OG0004089	XP_028522840.2	XP_031368413.1	XP_086759117.1	XP_043794679.1	XP_026297481.1	XP_048264171.1
OG0004090	XP_016913174.1	XP_006618333.1	XP_086759183.1	XP_043794633.1	XP_006560213.1	XP_012175289.3
OG0004091	XP_016913182.2	XP_031368418.1	XP_012344211.3	XP_043794642.1	XP_006560911.2	XP_003397027.2
OG0004092	XP_016913188.1	XP_031367626.1	XP_086759192.1	XP_043794649.1	XP_016768462.1	XP_003397370.2
OG0004093	XP_016913191.1	XP_006618347.1	XP_003695321.2	XP_043794656.1	XP_016768464.1	XP_020719917.2
OG0004094	XP_016913194.1	XP_031367621.1	XP_003695304.1	XP_043794651.1	XP_016768467.1	XP_003397335.2
OG0004095	XP_016913197.1	XP_006618348.1	XP_086759206.1	XP_043794650.1	XP_026297734.1	XP_048264260.1
OG0004096	XP_016913203.1	XP_006623318.1	XP_012346168.1	XP_043793439.1	XP_006570271.1	XP_020718959.1
OG0004097	XP_061933634.1	XP_031367624.1	XP_086759211.1	XP_043794652.1	XP_026297735.1	XP_012166664.2
OG0004098	XP_016913208.1	XP_006620123.1	XP_086759146.1	XP_043794616.1	XP_006560223.1	XP_020723879.1
OG0004099	XP_016913213.1	XP_006620097.1	XP_086759134.1	XP_043794674.1	XP_394700.4	XP_048264108.1
OG0004100	XP_061933620.1	XP_031367604.1	XP_086759214.1	XP_043794601.1	XP_026297373.1	XP_048264262.1
OG0004101	XP_028522816.1	XP_006619779.1	XP_003698940.1	XP_043785093.1	XP_006559900.1	XP_003397238.1
OG0004102	XP_016913253.1	XP_006620091.1	XP_031773448.2	XP_043794638.1	XP_026297409.1	XP_012166297.2
OG0004103	XP_016913259.1	XP_006622118.1	XP_003696277.1	XP_043792449.1	XP_006570320.1	XP_012164305.1
OG0004104	XP_061933684.1	XP_006620081.1	XP_086759241.1	XP_043794608.1	XP_001121132.2	XP_003396818.1
OG0004105	XP_016913265.1	XP_006620117.1	XP_003695335.3	XP_043794680.1	XP_623859.3	XP_012175280.1
OG0004106	XP_016913268.1	XP_006620107.1	XP_003695310.3	XP_043794625.1	XP_006560898.1	XP_003397012.1
OG0004107	XP_016913270.1	XP_006620109.1	XP_003695343.2	XP_043794667.1	XP_003249755.1	XP_003397014.1
OG0004108	XP_016913271.1	XP_031368411.1	XP_003695309.1	XP_043794619.1	XP_001120174.2	XP_012175279.1
OG0004109	XP_061937112.1	XP_006624993.1	XP_086764833.1	XP_043784406.1	XP_006557490.2	XP_003396949.2
OG0004110	XP_061937138.1	XP_031365968.1	XP_003692359.4	XP_043784435.1	XP_026299575.1	XP_048263166.1
OG0004111	XP_061937283.1	XP_006621918.1	XP_012350622.2	XP_043784482.1	XP_393777.2	XP_003396766.1
OG0004112	XP_016913281.1	XP_006615033.1	XP_003692342.1	XP_043784574.1	XP_623930.2	XP_003396409.1
OG0004113	XP_016913282.1	XP_006615034.1	XP_012340096.3	XP_043784564.1	XP_003249119.1	XP_003396406.1
OG0004114	XP_016913284.2	XP_006613591.1	XP_012350677.2	XP_043784480.1	XP_026299548.1	XP_012165482.2
OG0004115	XP_061937183.1	XP_006613599.1	XP_012350671.2	XP_043784600.1	XP_026299692.1	XP_012165493.3
OG0004116	XP_061937188.1	XP_031365315.1	XP_086769883.1	XP_043784657.1	XP_026299453.1	XP_020719417.2
OG0004117	XP_016913294.1	XP_031365322.1	XP_086769828.1	XP_043784605.1	XP_016770455.1	XP_048263392.1
OG0004118	XP_016913299.1	XP_006613598.1	XP_003691086.1	XP_043784609.1	XP_001120134.2	XP_003396474.1
OG0004119	XP_061937130.1	XP_006615012.1	XP_012340080.1	XP_043784625.1	XP_006557511.1	XP_012165948.1
OG0004120	XP_061937202.1	XP_006613590.1	XP_003691090.1	XP_043784532.1	XP_001121539.3	XP_012165478.1
OG0004121	XP_016913313.2	XP_031365330.1	XP_086769518.1	XP_043784576.1	XP_026299354.1	XP_048263135.1
OG0004122	XP_061937255.1	XP_006613573.2	XP_086769577.1	XP_043784634.1	XP_026299363.1	XP_003400660.2
OG0004123	XP_016913320.1	XP_031369293.1	XP_012350625.1	XP_043784433.1	XP_393776.5	XP_020719526.2
OG0004124	XP_016913324.1	XP_006613570.1	XP_012350634.1	XP_043784643.1	XP_006558850.1	XP_012174258.2
OG0004125	XP_016913325.1	XP_006613575.1	XP_012350635.1	XP_043784586.1	XP_006558610.1	XP_012171476.1
OG0004126	XP_016913326.1	XP_006613571.1	XP_012350636.1	XP_043784644.1	XP_391890.3	XP_003400670.1
OG0004127	XP_016913332.2	XP_031365311.1	XP_031776465.1	XP_043784554.1	XP_026299482.1	XP_012171472.1
OG0004128	XP_016913333.2	XP_006615050.1	XP_003692333.1	XP_043784686.1	XP_393856.2	XP_012165454.1
OG0004129	XP_016913350.1	XP_006615042.1	XP_086765096.1	XP_043784539.1	XP_001120701.2	XP_012165448.1
OG0004130	XP_016913365.1	XP_006615040.1	XP_003692336.1	XP_043784526.1	XP_397573.4	XP_003396416.1
OG0004131	XP_016913366.1	XP_006615045.1	XP_003692337.4	XP_043784535.1	XP_006557527.1	XP_003396417.1
OG0004132	XP_016913370.2	XP_006621916.1	XP_086769421.1	XP_043784691.1	XP_016770628.2	XP_012165870.1
OG0004133	XP_016913374.2	XP_006621914.1	XP_012350638.2	XP_043784560.1	XP_003249427.1	XP_003396761.1
OG0004134	XP_016913385.1	XP_031365972.1	XP_003692331.1	XP_043784682.1	XP_006557536.1	XP_003396421.1
OG0004135	XP_016913395.1	XP_031370643.1	XP_086764817.1	XP_043784403.1	XP_006557492.2	XP_012166111.2
OG0004136	XP_061937111.1	XP_006624998.1	XP_012340089.1	XP_043784409.1	XP_001122611.3	XP_012166115.2
OG0004137	XP_016913398.1	XP_031370532.1	XP_003692367.2	XP_043784563.1	XP_016770518.1	XP_003396954.1
OG0004138	XP_061937133.1	XP_006613607.1	XP_003691067.2	XP_043784493.1	XP_026299381.1	XP_003396482.1
OG0004139	XP_016913402.1	XP_006613605.1	XP_003691082.3	XP_043784658.1	XP_001123155.2	XP_003396480.3
OG0004140	XP_016913405.1	XP_006613615.1	XP_003691081.1	XP_043784668.1	XP_006558107.2	XP_012165494.1
OG0004141	XP_016913409.1	XP_006615019.1	XP_003692338.2	XP_043784436.1	XP_026299576.1	XP_012165944.3
OG0004142	XP_016913417.1	XP_006625000.1	XP_086764885.1	XP_043784443.1	XP_026299404.1	XP_003396944.1
OG0004143	XP_016913423.1	XP_006624766.1	XP_012340116.1	XP_043784413.1	XP_006557484.1	XP_003396960.3
OG0004144	XP_016913433.2	XP_006621151.1	XP_003696205.2	XP_043792296.1	XP_625209.1	XP_012164118.1
OG0004145	XP_016913437.1	XP_006613612.2	XP_003691066.1	XP_043784422.1	XP_026299858.1	XP_012165497.1
OG0004146	XP_061937127.1	XP_006624990.1	XP_003692348.2	XP_043784510.1	XP_006557496.1	XP_003396957.1
OG0004147	XP_061940770.1	XP_031367674.1	XP_012343475.2	XP_043785431.1	XP_397501.4	XP_012171545.1
OG0004148	XP_061929439.1	XP_006623812.2	XP_012342856.2	XP_043802853.1	XP_026295830.1	XP_048261443.1
OG0004149	XP_016913451.1	XP_006623815.1	XP_012342810.2	XP_043802880.1	XP_006557977.1	XP_003395184.2
OG0004150	XP_016913468.1	XP_006624786.1	XP_003694283.1	XP_043802888.1	XP_003251943.1	XP_003395187.1
OG0004151	XP_016913473.1	XP_006623800.1	XP_003694313.1	XP_043802873.1	XP_006557395.1	XP_012163635.2
OG0004152	XP_016913490.1	XP_006621713.1	XP_031771149.1	XP_043798438.1	XP_006566752.1	XP_048265989.1
OG0004153	XP_016913501.1	XP_006622138.1	XP_012346212.1	XP_043792610.1	XP_006570306.1	XP_012164320.1
OG0004154	XP_016913502.1	XP_006623797.1	XP_003694275.1	XP_043802893.1	XP_396126.2	XP_003395174.1
OG0004155	XP_016913503.1	XP_006623799.1	XP_003694309.2	XP_043802894.1	XP_006557397.1	XP_012163633.1
OG0004156	XP_028522916.2	XP_006610974.1	XP_086764707.1	XP_043785375.1	XP_026300866.1	XP_003400630.2
OG0004157	XP_016913520.2	XP_006610947.1	XP_086765073.1	XP_043785364.1	XP_026300894.1	XP_003400661.1
OG0004158	XP_016913521.1	XP_006611101.1	XP_086765404.1	XP_043785704.1	XP_016771509.1	XP_003400567.1
OG0004159	XP_016913523.1	XP_006611052.1	XP_003695031.1	XP_043785636.1	XP_001119883.1	XP_003400743.1
OG0004160	XP_016913525.1	XP_006611092.1	XP_003695011.1	XP_043785437.1	XP_625009.2	XP_003400685.1
OG0004161	XP_016913526.1	XP_006611019.1	XP_012343834.1	XP_043785794.1	XP_006562979.1	XP_048267678.1
OG0004162	XP_016913528.1	XP_006611064.1	XP_003695024.4	XP_043786020.1	XP_026300870.1	XP_003400746.1
OG0004163	XP_016913531.2	XP_006611120.2	XP_031772879.2	XP_043785769.1	XP_006563019.1	XP_048267939.1
OG0004164	XP_016913543.1	XP_006624957.1	XP_086760363.1	XP_043792365.1	XP_006570250.1	XP_003399759.2
OG0004165	XP_061940607.1	XP_031364169.1	XP_012343838.2	XP_043785796.1	XP_026300986.1	XP_003400768.2
OG0004166	XP_061940554.1	XP_031364104.1	XP_086765335.1	XP_043785660.1	XP_026300929.1	XP_012171483.1
OG0004167	XP_016913578.1	XP_006610964.1	XP_003694378.1	XP_043785500.1	XP_392005.3	XP_003400546.1
OG0004168	XP_016913581.2	XP_006610963.1	XP_086764701.1	XP_043785974.1	XP_026300937.1	XP_003400552.2
OG0004169	XP_016913585.1	XP_006623309.1	XP_003698295.3	XP_043793213.1	XP_625184.4	XP_003399760.2
OG0004170	XP_016913592.1	XP_031364177.1	XP_086765377.1	XP_043785747.1	XP_026300973.1	XP_003400861.1
OG0004171	XP_028522955.1	XP_006611005.1	XP_086764730.1	XP_043785514.1	XP_026300681.1	XP_048267660.1
OG0004172	XP_016913604.1	XP_006611037.1	XP_003695027.1	XP_043785291.1	XP_623705.3	XP_048267683.1
OG0004173	XP_016913610.2	XP_006611016.1	XP_003694982.1	XP_043786037.1	XP_625113.1	XP_012171639.1
OG0004174	XP_061931465.1	XP_006623308.1	XP_012345885.2	XP_043793220.1	XP_026296476.1	XP_012170307.2
OG0004175	XP_016913631.1	XP_006623315.1	XP_012345886.2	XP_043793222.1	XP_026296829.1	XP_048261754.1
OG0004176	XP_016913633.1	XP_006610971.1	XP_012342974.2	XP_043785682.1	XP_001121941.2	XP_003400526.1
OG0004177	XP_016913634.1	XP_006611069.2	XP_031773224.2	XP_043786015.1	XP_016771878.2	XP_003400674.2
OG0004178	XP_061940636.1	XP_006611067.1	XP_003695018.1	XP_043786019.1	XP_001120779.3	XP_003400672.1
OG0004179	XP_016913637.1	XP_006611071.1	XP_003695023.2	XP_043786021.1	XP_625080.1	XP_003400675.1
OG0004180	XP_016913639.1	XP_006611103.1	XP_012343804.2	XP_043785461.1	XP_006564977.1	XP_012171516.1
OG0004181	XP_016913641.1	XP_006611047.1	XP_012343813.3	XP_043785465.1	XP_393604.4	XP_012171648.2
OG0004182	XP_016913644.1	XP_006611040.1	XP_003695035.1	XP_043785470.1	XP_393603.1	XP_048267686.1
OG0004183	XP_016913645.1	XP_006611044.1	XP_003695037.1	XP_043785471.1	XP_006565003.1	XP_003400782.1
OG0004184	XP_016913647.1	XP_006611041.1	XP_086765372.1	XP_043785343.1	XP_006565008.1	XP_012171647.1
OG0004185	XP_016913651.2	XP_031364109.1	XP_086764705.1	XP_043785513.1	XP_006563020.1	XP_012171591.1
OG0004186	XP_061940596.1	XP_031364170.1	XP_086765353.1	XP_043785781.1	XP_393996.6	XP_012171632.1
OG0004187	XP_016913655.2	XP_006610936.1	XP_031772827.1	XP_043785188.1	XP_016771877.1	XP_003400662.2
OG0004188	XP_016913661.2	XP_006610981.1	XP_086764708.1	XP_043785448.1	XP_006563014.1	XP_012171600.2
OG0004189	XP_016913669.1	XP_006611062.1	XP_003695017.1	XP_043785199.1	XP_006564997.2	XP_012171662.1
OG0004190	XP_016913673.1	XP_031364125.1	XP_086765423.1	XP_043785475.1	XP_026300903.1	XP_048268070.1
OG0004191	XP_016913676.2	XP_006611130.2	XP_003694989.3	XP_043785746.1	XP_393999.3	XP_003400563.2
OG0004192	XP_016913681.1	XP_006611050.1	XP_003695026.1	XP_043785702.1	XP_001120276.2	XP_003400693.2
OG0004193	XP_016913684.1	XP_006610944.2	XP_031772846.1	XP_043785225.1	XP_026300754.1	XP_012171497.1
OG0004194	XP_016913687.1	XP_006611060.1	XP_003694994.2	XP_043785733.1	XP_006565002.1	XP_003400787.1
OG0004195	XP_016913689.2	XP_006610940.1	XP_003694372.2	XP_043785226.1	XP_001121406.2	XP_003400664.1
OG0004196	XP_016913707.1	XP_006617982.1	XP_003698963.2	XP_043791579.1	XP_006558600.1	XP_048267296.1
OG0004197	XP_016913712.2	XP_031367431.1	XP_012344407.2	XP_043791551.1	XP_006558575.2	XP_048267186.1
OG0004198	XP_016913719.2	XP_006617962.1	XP_012344437.2	XP_043791555.1	XP_006558586.2	XP_003400219.1
OG0004199	XP_016913723.1	XP_006609569.1	XP_012350360.1	XP_043794781.1	XP_026300493.1	XP_003400272.1
OG0004200	XP_016913730.1	XP_006609577.1	XP_003690862.1	XP_043794918.1	XP_003249477.1	XP_003400266.2
OG0004201	XP_061939618.1	XP_006618015.1	XP_086770381.1	XP_043791502.1	XP_026300478.1	XP_003400252.1
OG0004202	XP_016913763.1	XP_006623292.1	XP_012346072.2	XP_043793248.1	XP_006570321.2	XP_003399756.2
OG0004203	XP_016913760.1	XP_006617984.1	XP_086770444.1	XP_043791583.1	XP_006558558.3	XP_048267303.1
OG0004204	XP_016913764.1	XP_006617986.1	XP_003698959.1	XP_043791584.1	XP_393900.2	XP_003400241.2
OG0004205	XP_061939598.1	XP_006618033.1	XP_086770428.1	XP_043791590.1	XP_006558601.1	XP_020721908.2
OG0004206	XP_028523018.2	XP_031367445.1	XP_012349473.3	XP_043791573.1	XP_026300648.1	XP_003400335.2
OG0004207	XP_016913776.2	XP_031367444.1	XP_031775997.2	XP_043791558.1	XP_016771265.1	XP_020721853.2
OG0004208	XP_016913778.1	XP_006617987.1	XP_086770451.1	XP_043791588.1	XP_001121276.2	XP_020721918.2
OG0004209	XP_028522517.2	XP_006623284.1	XP_086760360.1	XP_043792297.1	XP_395016.2	XP_012170335.1
OG0004210	XP_028522990.1	XP_031367465.1	XP_012350327.1	XP_043791490.1	XP_016771233.1	XP_003400260.1
OG0004211	XP_016913802.1	XP_006618017.1	XP_003690857.1	XP_043791496.1	XP_393909.2	XP_003400259.2
OG0004212	XP_016913803.1	XP_006609582.1	XP_003690858.2	XP_043794856.1	XP_003249476.1	XP_020721934.1
OG0004213	XP_028523022.2	XP_031367430.1	XP_086763967.1	XP_043791600.1	XP_006558594.3	XP_048267188.1
OG0004214	XP_061939588.1	XP_031367439.1	XP_086763970.1	XP_043791602.1	XP_006558588.1	XP_048267190.1
OG0004215	XP_016913815.2	XP_031366662.1	XP_086764012.1	XP_043791543.1	XP_001119912.1	XP_020721827.1
OG0004216	XP_061939575.1	XP_006616487.1	XP_086764015.1	XP_043791613.1	XP_624589.2	XP_003400211.1
OG0004217	XP_016913826.1	XP_006617999.1	XP_012349496.1	XP_043791544.1	XP_026300391.1	XP_012171025.2
OG0004218	XP_016913827.1	XP_031367428.1	XP_086770386.1	XP_043791546.1	XP_006558537.1	XP_020721758.1
OG0004219	XP_028523004.1	XP_006617991.1	XP_086770443.1	XP_043791574.1	XP_006558562.2	XP_048267288.1
OG0004220	XP_016913854.1	XP_006609573.1	XP_012350359.1	XP_043794837.1	XP_006559386.1	XP_048267543.1
OG0004221	XP_016913858.1	XP_006617956.1	XP_012344505.1	XP_043791638.1	XP_003249321.1	XP_048267192.1
OG0004222	XP_016913862.1	XP_006617966.1	XP_003690155.1	XP_043791560.1	XP_393590.2	XP_003400215.1
OG0004223	XP_016913864.1	XP_031367460.1	XP_012349497.2	XP_043791529.1	XP_006558565.1	XP_012170993.2
OG0004224	XP_061934384.1	XP_031364298.1	XP_003694191.1	XP_043796641.1	XP_016769109.1	XP_003403094.1
OG0004225	XP_061934390.1	XP_006607552.1	XP_003694243.1	XP_043796995.1	XP_001121670.2	XP_003403093.1
OG0004226	XP_061936783.1	XP_031371200.1	XP_003695690.1	XP_043785016.1	XP_016769797.1	XP_012168087.1
OG0004227	XP_016913884.1	XP_006624423.1	XP_003692275.2	XP_043799464.1	XP_392954.1	XP_003402308.1
OG0004228	XP_061938997.1	XP_006612043.1	XP_031773336.2	XP_043803811.1	XP_006565333.1	XP_012170260.2
OG0004229	XP_061938831.1	XP_006615718.2	XP_012348516.2	XP_043804078.1	XP_396066.5	XP_020721556.2
OG0004230	XP_016913897.3	XP_006615706.1	XP_003695252.1	XP_043803991.1	XP_393528.3	XP_012170485.2
OG0004231	XP_061938952.1	XP_006615710.1	XP_003695189.1	XP_043803923.1	XP_026300142.1	XP_048266727.1
OG0004232	XP_016913900.1	XP_006615646.1	XP_003695222.1	XP_043804199.1	XP_006565263.1	XP_003399884.1
OG0004233	XP_016913909.1	XP_006615622.1	XP_003698197.1	XP_043803912.1	XP_395770.1	XP_003399897.1
OG0004234	XP_016913918.1	XP_006615600.1	XP_003698244.1	XP_043804053.1	XP_392569.2	XP_020721559.1
OG0004235	XP_016913920.1	XP_006615708.1	XP_003695194.1	XP_043804090.1	XP_623822.2	XP_003399846.1
OG0004236	XP_016913921.2	XP_006615595.1	XP_003698245.1	XP_043804080.1	XP_001119973.4	XP_003399509.2
OG0004237	XP_016913923.1	XP_006622645.1	XP_003693193.2	XP_043804096.1	XP_001120601.2	XP_003399504.1
OG0004238	XP_016913924.1	XP_006615709.1	XP_003695192.1	XP_043804022.1	XP_006565301.2	XP_048266726.1
OG0004239	XP_016913928.1	XP_006612046.1	XP_031773377.1	XP_043804064.1	XP_001123319.2	XP_048266708.1
OG0004240	XP_016913931.1	XP_031366325.1	XP_012344084.2	XP_043804204.1	XP_006565269.1	XP_003399870.1
OG0004241	XP_061938720.1	XP_006615722.2	XP_012344158.2	XP_043804203.1	XP_006565268.1	XP_003399869.2
OG0004242	XP_016913939.1	XP_031364549.1	XP_086763704.1	XP_043804133.1	XP_016771026.2	XP_012170647.3
OG0004243	XP_016913956.1	XP_006615690.1	XP_012344069.1	XP_043804070.1	XP_026300242.1	XP_003399857.1
OG0004244	XP_016913958.1	XP_006615691.1	XP_086763785.1	XP_043804043.1	XP_016770929.1	XP_048266913.1
OG0004245	XP_016913962.1	XP_006615688.1	XP_086763777.1	XP_043803981.1	XP_006565285.1	XP_003399855.2
OG0004246	XP_016913989.1	XP_006615682.1	XP_012344082.1	XP_043804063.1	XP_393850.2	XP_003399859.1
OG0004247	XP_061938903.1	XP_031366290.1	XP_012344055.1	XP_043804284.1	XP_026300172.1	XP_012170506.1
OG0004248	XP_016913996.2	XP_031366285.1	XP_003695212.1	XP_043804198.1	XP_016770941.1	XP_020721698.1
OG0004249	XP_028523059.1	XP_006615658.2	XP_003695216.2	XP_043804176.1	XP_016770931.1	XP_048266856.1
OG0004250	XP_016914002.1	XP_006615659.1	XP_003695221.1	XP_043804201.1	XP_003250601.1	XP_012170524.1
OG0004251	XP_016914005.1	XP_006615716.1	XP_003695191.2	XP_043804223.1	XP_006565305.2	XP_048266714.1
OG0004252	XP_016914009.2	XP_006612044.1	XP_012344136.2	XP_043803810.1	XP_006565331.1	XP_012170259.1
OG0004253	XP_016914013.2	XP_006615693.1	XP_086763772.1	XP_043803928.1	XP_026300247.1	XP_012170491.1
OG0004254	XP_016914016.1	XP_006615711.1	XP_012344080.1	XP_043804206.1	XP_623725.1	XP_012170489.1
OG0004255	XP_016914017.2	XP_006615696.1	XP_086763773.1	XP_043804084.1	XP_006565292.1	XP_003399853.1
OG0004256	XP_016914030.2	XP_031366280.1	XP_003695220.1	XP_043804196.1	NP_001229455.1	XP_020721715.2
OG0004257	XP_061938834.1	XP_006615605.1	XP_086763899.1	XP_043803783.1	XP_026300004.1	XP_012169959.1
OG0004258	XP_016914043.1	XP_006615609.1	XP_031775527.1	XP_043803788.1	XP_006565224.1	XP_003399517.1
OG0004259	XP_016914047.1	XP_006622142.1	XP_003696341.1	XP_043793316.1	XP_625225.1	XP_003395794.1
OG0004260	XP_016914044.1	XP_006615604.1	XP_003698241.2	XP_043803824.1	XP_394852.2	XP_020721705.1
OG0004261	XP_061938963.1	XP_006612078.1	XP_086763754.1	XP_043804097.1	XP_006565314.3	XP_012170455.1
OG0004262	XP_061939014.1	XP_006612077.1	XP_012344159.1	XP_043803780.1	XP_006565317.1	XP_003399834.1
OG0004263	XP_016914060.1	XP_006615645.1	XP_086763813.1	XP_043804059.1	XP_006565258.1	XP_020721686.1
OG0004264	XP_016914064.1	XP_006615699.1	XP_086763760.1	XP_043803952.1	XP_006565302.1	XP_048266728.1
OG0004265	XP_016914070.1	XP_031366293.1	XP_003698253.1	XP_043803932.1	XP_026300048.1	XP_020721653.2
OG0004266	XP_061938846.1	XP_006615626.2	XP_031775508.2	XP_043803875.1	XP_026300052.1	XP_012170561.1
OG0004267	XP_061938830.1	XP_006622638.1	XP_086763861.1	XP_043803817.1	XP_016771061.1	XP_012169946.1
OG0004268	XP_016914087.1	XP_006612030.1	XP_003695241.3	XP_043804062.1	XP_393868.4	XP_003399711.1
OG0004269	XP_016914088.1	XP_031366305.1	XP_012344169.2	XP_043804216.1	XP_016770995.1	XP_012170509.2
OG0004270	XP_016914099.1	XP_006615612.1	XP_003698209.3	XP_043803840.1	XP_006565233.2	XP_012170555.1
OG0004271	XP_016914100.1	XP_006615628.1	XP_012348459.3	XP_043804264.1	XP_006565236.1	XP_012170554.1
OG0004272	XP_016914106.1	XP_031369396.1	XP_086760291.1	XP_043792303.1	XP_026296675.1	XP_012164079.1
OG0004273	XP_016914104.1	XP_031364546.1	XP_003695179.2	XP_043804278.1	XP_394981.4	XP_003399824.1
OG0004274	XP_016914107.1	XP_006615648.1	XP_003695258.2	XP_043804055.1	XP_006565259.1	XP_012170538.1
OG0004275	XP_016914124.2	XP_031369604.1	XP_086763859.1	XP_043803876.1	XP_003250613.3	XP_003399501.2
OG0004276	XP_016914126.1	XP_006615642.1	XP_012344176.2	XP_043803973.1	XP_001120669.2	XP_003399888.1
OG0004277	XP_016914127.1	XP_006615610.1	XP_003698227.1	XP_043804111.1	XP_006565232.1	XP_012170557.1
OG0004278	XP_016914132.2	XP_031368536.1	XP_086773867.1	XP_043790736.1	XP_016772309.1	XP_020722549.2
OG0004279	XP_061941735.1	XP_031368534.1	XP_012345101.2	XP_043790739.1	XP_006561108.1	XP_020722551.1
OG0004280	XP_016914135.1	XP_031368535.1	XP_012344848.1	XP_043790737.1	XP_006561107.1	XP_020722550.2
OG0004281	XP_061935962.1	XP_031367683.1	XP_086763256.1	XP_043789297.1	XP_026298737.1	XP_003397627.1
OG0004282	XP_028522968.1	XP_006611874.1	XP_012346097.1	XP_043793200.1	XP_006570272.2	XP_012164125.2
OG0004283	XP_016914144.1	XP_006609920.1	XP_086762524.1	XP_043798919.1	XP_026294790.1	XP_003393808.1
OG0004284	XP_061929949.1	XP_006614702.1	XP_012343328.1	XP_043802081.1	XP_006562706.1	XP_012163147.1
OG0004285	XP_061929477.1	XP_006614724.1	XP_003694580.1	XP_043802204.1	XP_625261.1	XP_020718357.1
OG0004286	XP_016914153.3	XP_031365817.1	XP_086760194.1	XP_043802013.1	XP_026295812.1	XP_048261583.1
OG0004287	XP_016914157.1	XP_006614747.1	XP_003694590.2	XP_043802409.1	XP_016767326.1	XP_003395039.2
OG0004288	XP_016914159.2	XP_006614734.1	XP_086760189.1	XP_043802440.1	XP_001121634.3	XP_003394761.2
OG0004289	XP_061929472.1	XP_031365827.1	XP_086760212.1	XP_043802015.1	XP_026295811.1	XP_020718450.1
OG0004290	XP_016914162.2	XP_006614722.1	XP_012343412.2	XP_043802164.1	XP_003250150.2	XP_003395246.1
OG0004291	XP_016914163.1	XP_031365814.1	XP_031773012.1	XP_043802442.1	XP_003250155.1	XP_012163092.2
OG0004292	XP_016914167.1	XP_006614742.1	XP_012343334.2	XP_043802403.1	XP_026296032.1	XP_012163427.1
OG0004293	XP_016914179.1	XP_006624951.1	XP_003696433.4	XP_043792115.1	XP_395096.4	XP_003399771.2
OG0004294	XP_016914178.1	XP_031365805.1	XP_086760176.1	XP_043802429.1	XP_016767298.1	XP_048261214.1
OG0004295	XP_016914183.1	XP_006614750.1	XP_012343211.2	XP_043802434.1	XP_001120250.2	XP_003394758.1
OG0004296	XP_016914197.2	XP_006614727.2	XP_086760201.1	XP_043801717.1	XP_003250145.2	XP_012163404.2
OG0004297	XP_016914198.1	XP_031365787.1	XP_003694673.2	XP_043801720.1	XP_026296143.1	XP_012163405.1
OG0004298	XP_016914202.1	XP_006614699.1	XP_003694576.1	XP_043802082.1	XP_006562703.1	XP_003395028.1
OG0004299	XP_016914204.2	XP_031365790.1	XP_012343404.1	XP_043802083.1	XP_016767246.1	XP_048261577.1
OG0004300	XP_016914215.1	XP_006614741.1	XP_012343373.2	XP_043802457.1	XP_003250590.3	XP_012163076.2
OG0004301	XP_061929957.1	XP_006614733.2	XP_012343395.1	XP_043802147.1	XP_006562676.2	XP_012163402.2
OG0004302	XP_028523131.1	XP_006614730.1	XP_086760195.1	XP_043802149.1	XP_026296144.1	XP_012163401.1
OG0004303	XP_016914221.1	XP_006614695.1	XP_003694727.1	XP_043801994.1	XP_397526.2	XP_003394838.1
OG0004304	XP_016914222.2	XP_031365815.1	XP_086760192.1	XP_043802439.1	XP_016767515.2	XP_048261229.1
OG0004305	XP_016914226.1	XP_006614717.1	XP_003694669.1	XP_043802071.1	XP_001121126.2	XP_003395022.1
OG0004306	XP_016914229.1	XP_006614748.1	XP_031773047.2	XP_043802165.1	XP_006565202.1	XP_003395040.2
OG0004307	XP_016914232.1	XP_006611855.1	XP_012341356.2	XP_043801831.1	XP_006567213.1	XP_012174024.1
OG0004308	XP_016914240.1	XP_031364294.1	XP_012343064.1	XP_043797643.1	XP_016768580.2	XP_020723318.2
OG0004309	XP_061929513.1	XP_031368845.1	XP_086759576.1	XP_043797479.1	XP_016767363.2	XP_048260727.1
OG0004310	XP_061931529.1	XP_006622157.1	XP_012345628.3	XP_043792873.1	XP_026296831.1	XP_003395374.1
OG0004311	XP_061932752.1	XP_006620933.1	XP_012340258.1	XP_043800407.1	XP_026296971.1	XP_012163098.1
OG0004312	XP_061932766.1	XP_006620940.1	XP_086767131.1	XP_043800264.1	XP_026296911.1	XP_012163110.1
OG0004313	XP_061932770.1	XP_031368879.1	XP_012340136.1	XP_043800263.1	XP_026297196.1	XP_020718554.1
OG0004314	XP_061932774.1	XP_006620955.1	XP_003692428.1	XP_043800276.1	XP_624199.2	XP_003394797.1
OG0004315	XP_061931500.1	XP_006621171.1	XP_003696619.2	XP_043792579.1	XP_395892.2	XP_003395629.1
OG0004316	XP_061932777.1	XP_006624432.1	XP_012340209.2	XP_043799852.1	XP_003251662.1	XP_012163134.3
OG0004317	XP_016914269.1	XP_006621172.1	XP_012345650.1	XP_043792924.1	XP_006570296.1	XP_012164103.3
OG0004318	XP_016914268.1	XP_031366880.1	XP_003692459.2	XP_043800072.1	XP_392873.4	XP_003397652.1
OG0004319	XP_016914273.1	XP_006620968.2	XP_003692432.3	XP_043800274.1	XP_026297185.1	XP_003394795.1
OG0004320	XP_086628158.1	XP_031368979.1	XP_003696643.3	XP_043792890.1	XP_026296390.1	XP_048262218.1
OG0004321	XP_061932845.1	XP_006616905.1	XP_003692455.1	XP_043800426.1	XP_001123015.2	XP_003397658.1
OG0004322	XP_016914279.1	XP_006620910.1	XP_012340313.1	XP_043800164.1	XP_003251679.1	XP_012167223.1
OG0004323	XP_016914284.1	XP_006616893.1	XP_003692510.1	XP_043800169.1	XP_001121751.2	XP_048264365.1
OG0004324	XP_016914291.1	XP_031366869.1	XP_086767210.1	XP_043800294.1	XP_006571049.1	XP_048264558.1
OG0004325	XP_016914297.1	XP_006624475.1	XP_003692447.1	XP_043799882.1	XP_624205.2	XP_003397670.1
OG0004326	XP_061932814.1	XP_006616894.1	XP_086767193.1	XP_043800209.1	XP_026297003.1	XP_012167232.2
OG0004327	XP_016914310.1	XP_031369385.1	XP_003696339.3	XP_043793464.1	XP_006570312.1	XP_003395786.2
OG0004328	XP_016914311.2	XP_006620942.2	XP_012340284.2	XP_043800273.1	XP_026296912.1	XP_003394789.1
OG0004329	XP_016914354.2	XP_006610122.1	XP_086762184.1	XP_043789812.1	XP_001120801.1	XP_003397806.1
OG0004330	XP_016914319.1	XP_031370397.1	XP_031771487.2	XP_043800045.1	XP_016768085.1	XP_020718496.2
OG0004331	XP_016914324.1	XP_006620932.2	XP_003692413.4	XP_043800095.1	XP_026297114.1	XP_003397467.2
OG0004332	XP_016914325.1	XP_031368858.1	XP_012340261.2	XP_043800412.1	XP_016768304.1	XP_003394819.1
OG0004333	XP_016914329.1	XP_006616903.1	XP_003692453.1	XP_043800228.1	XP_001123019.2	XP_003397656.1
OG0004334	XP_016914333.1	XP_006616904.1	XP_003692509.4	XP_043800226.1	XP_016768168.2	XP_003397655.4
OG0004335	XP_016914353.3	XP_006620960.1	XP_086767137.1	XP_043799850.1	XP_026297267.1	XP_012163131.1
OG0004336	XP_016914358.2	XP_006624471.1	XP_086767189.1	XP_043800159.1	XP_026296998.1	XP_012167259.1
OG0004337	XP_061932778.1	XP_006620957.1	XP_003692434.1	XP_043800280.1	XP_395826.2	XP_003394800.1
OG0004338	XP_016914366.1	XP_006624448.1	XP_012340235.1	XP_043799842.1	XP_006570948.1	XP_012163142.1
OG0004339	XP_028523032.1	XP_006617945.1	XP_012344512.1	XP_043791538.1	XP_006558579.1	XP_003400228.1
OG0004340	XP_061932847.1	XP_031366867.1	XP_031771510.2	XP_043800017.1	XP_006571056.3	XP_012167231.3
OG0004341	XP_016914389.1	XP_031367972.1	XP_003698499.1	XP_043787032.1	XP_624232.2	XP_012174873.1
OG0004342	XP_016914392.2	XP_031366183.1	XP_012340832.2	XP_043784040.1	XP_016768624.2	XP_012165576.1
OG0004343	XP_016914397.1	XP_006611237.1	XP_003693150.1	XP_043783987.1	XP_026297553.1	XP_003396602.1
OG0004344	XP_086628163.1	XP_006616405.2	XP_086766496.1	XP_043795794.1	XP_006568442.1	XP_048263656.1
OG0004345	XP_016914410.1	XP_006619303.1	XP_031772999.2	XP_043801178.1	XP_006560283.2	XP_012171803.1
OG0004346	XP_028523205.2	XP_031367895.1	XP_003693105.3	XP_043795782.1	XP_026297410.1	XP_048263335.1
OG0004347	XP_061933118.1	XP_031367923.1	XP_003692925.1	XP_043795665.1	XP_006565505.2	XP_048263345.1
OG0004348	XP_016914418.1	XP_006611142.1	XP_003693153.1	XP_043804426.1	XP_623621.1	XP_003396668.2
OG0004349	XP_061933208.1	XP_006616410.1	XP_003697786.1	XP_043795758.1	XP_026297392.1	XP_012165708.1
OG0004350	XP_016914420.1	XP_006611143.1	XP_012341160.2	XP_043804422.1	NP_001314895.1	XP_003396707.1
OG0004351	XP_061933235.1	XP_006624974.1	XP_003692995.1	XP_043795779.1	XP_001122551.2	XP_003396681.1
OG0004352	XP_016914426.1	XP_006618706.1	XP_086766524.1	XP_043795790.1	XP_016768559.1	XP_012165677.1
OG0004353	XP_016914439.1	XP_006611202.1	XP_031771853.1	XP_043795981.1	XP_016768765.1	XP_003396978.1
OG0004354	XP_016914443.2	XP_006618743.1	XP_003692968.1	XP_043795845.1	XP_003250659.1	XP_003396641.1
OG0004355	XP_028523298.2	XP_031367898.1	XP_086766336.1	XP_043795674.1	XP_026297713.1	XP_048265455.1
OG0004356	XP_016914451.1	XP_006618670.1	XP_003693112.2	XP_043795855.1	XP_001123126.4	XP_003396415.2
OG0004357	XP_016914454.1	XP_006618665.1	XP_003692945.1	XP_043795851.1	XP_624166.2	XP_003396429.2
OG0004358	XP_016914455.1	XP_006618715.1	XP_003692967.1	XP_043795846.1	XP_006565559.1	XP_003396633.2
OG0004359	XP_016914457.1	XP_006616407.1	XP_012341063.1	XP_043795795.1	XP_006568426.2	XP_012165704.2
OG0004360	XP_016914458.1	XP_006611152.1	XP_031771901.1	XP_043783997.1	XP_001121924.1	XP_012165517.1
OG0004361	XP_016914460.2	XP_006619016.1	XP_012340850.2	XP_043795876.1	XP_003250581.2	XP_003396908.2
OG0004362	XP_016914464.1	XP_031370627.1	XP_012340931.1	XP_043795859.1	XP_016768758.1	XP_012165749.1
OG0004363	XP_061933280.1	XP_006611186.1	XP_086766351.1	XP_043795860.1	XP_392443.4	XP_048263127.1
OG0004364	XP_016914471.1	XP_006611182.1	XP_086766364.1	XP_043795837.1	XP_395011.2	XP_012166134.1
OG0004365	XP_016914472.1	XP_006611180.1	XP_012341145.1	XP_043795838.1	XP_003251217.1	XP_003396973.1
OG0004366	XP_016914476.1	XP_031367805.1	XP_012340860.3	XP_043795889.1	XP_006565539.2	XP_003396344.1
OG0004367	XP_016914486.1	XP_031367801.1	XP_086766176.1	XP_043795704.1	XP_026297766.1	XP_048263252.1
OG0004368	XP_016914487.1	XP_006618674.1	XP_003692949.3	XP_043795703.1	XP_624094.3	XP_012165081.2
OG0004369	XP_016914490.2	XP_006619011.1	XP_086766153.1	XP_043795935.1	XP_026297671.1	XP_020719231.2
OG0004370	XP_016914536.1	XP_006610119.1	XP_086761975.1	XP_043789814.1	XP_001120774.1	XP_020720060.1
OG0004371	XP_016914508.1	XP_006618689.1	XP_003692956.1	XP_043795832.1	XP_396259.1	XP_003396622.1
OG0004372	XP_016914510.2	XP_031366177.1	XP_086766055.1	XP_043783988.1	XP_006569489.2	XP_003396583.2
OG0004373	XP_016914514.1	XP_006615407.1	XP_086766035.1	XP_043783999.1	XP_026297589.1	XP_048263713.1
OG0004374	XP_016914516.1	XP_006615405.1	XP_086766041.1	XP_043784004.1	XP_624553.4	XP_012165588.2
OG0004375	XP_016914517.1	XP_006615402.1	XP_012340819.2	XP_043784005.1	XP_006569478.2	XP_012165584.2
OG0004376	XP_016914518.1	XP_006615404.1	XP_003693165.2	XP_043784006.1	XP_624532.3	XP_012165586.1
OG0004377	XP_016914520.1	XP_006615390.1	XP_003693071.1	XP_043784007.1	XP_006569470.2	XP_003396571.1
OG0004378	XP_061933226.1	XP_006616369.1	XP_003692986.2	XP_043795808.1	XP_395005.5	XP_003396669.2
OG0004379	XP_016914534.2	XP_031367309.1	XP_031771764.2	XP_043804423.1	XP_026297546.1	XP_012165527.2
OG0004380	XP_016914540.1	XP_006617758.1	XP_012340908.1	XP_043804405.1	XP_026297547.1	XP_003396781.1
OG0004381	XP_016914543.2	XP_006617751.1	XP_003693156.1	XP_043784063.1	XP_001122142.3	XP_048263686.1
OG0004382	XP_016914546.1	XP_006615414.1	XP_012340821.1	XP_043784036.1	XP_006569466.2	XP_020719571.1
OG0004383	XP_061933378.1	XP_031366191.1	XP_086766013.1	XP_043784026.1	XP_006569451.2	XP_012165888.1
OG0004384	XP_016914574.1	XP_006616392.1	XP_012341041.2	XP_043795912.1	XP_006568403.1	XP_003396864.1
OG0004385	XP_016914577.2	XP_006616383.1	XP_003692979.1	XP_043795746.1	XP_006568407.1	XP_003396666.1
OG0004386	XP_016914583.1	XP_006616400.1	XP_003692983.1	XP_043795750.1	XP_003251214.1	XP_003396665.1
OG0004387	XP_061933306.1	XP_006611161.1	XP_003693031.3	XP_043795684.1	XP_026297566.1	XP_048263621.1
OG0004388	XP_016914590.1	XP_006611160.1	XP_003693029.1	XP_043795687.1	XP_003251385.1	XP_003396963.1
OG0004389	XP_016914593.1	XP_006618995.1	XP_012340897.2	XP_043795821.1	XP_006565156.2	XP_003396893.1
OG0004390	XP_016914597.1	XP_006615418.1	XP_003693061.1	XP_043804407.1	XP_392431.2	XP_003396554.1
OG0004391	XP_016914599.1	XP_006615420.1	XP_003693062.1	XP_043804414.1	XP_006569469.1	XP_003396560.2
OG0004392	XP_016914608.1	XP_006611227.1	XP_003693701.3	XP_043795826.1	XP_016768770.2	XP_003396998.1
OG0004393	XP_016914610.2	XP_031367312.1	XP_012340900.2	XP_043784015.1	XP_006569501.2	XP_003396821.3
OG0004394	XP_016914616.1	XP_006611217.1	XP_003693009.3	XP_043795971.1	XP_396807.4	XP_012166146.1
OG0004395	XP_061933267.1	XP_006611210.1	XP_003693139.2	XP_043795975.1	XP_016768696.2	XP_048263511.1
OG0004396	XP_016914622.1	XP_006611218.1	XP_003693013.1	XP_043795977.1	XP_003251225.1	XP_003396988.1
OG0004397	XP_016914625.1	XP_031367776.1	XP_012341054.1	XP_043795991.1	XP_016768590.1	XP_003396643.1
OG0004398	XP_016914632.1	XP_006616396.1	XP_003692980.1	XP_043795897.1	XP_623341.1	XP_003396662.1
OG0004399	XP_016914639.2	XP_031370630.1	XP_086766407.1	XP_043795696.1	XP_006568378.2	XP_012165743.2
OG0004400	XP_016914642.1	XP_006624977.1	XP_086766417.1	XP_043795692.1	XP_624385.4	XP_003396679.1
OG0004401	XP_016914643.1	XP_006624978.1	XP_012340933.1	XP_043795715.1	XP_624432.1	XP_003396673.1
OG0004402	XP_061933332.1	XP_031367315.1	XP_031771892.1	XP_043784019.1	XP_026297625.1	XP_003396866.1
OG0004403	XP_016914658.1	XP_006624973.1	XP_003692997.1	XP_043795853.1	XP_393143.2	XP_012165754.1
OG0004404	XP_016914664.1	XP_006618703.1	XP_012340955.1	XP_043795650.1	XP_003250662.1	XP_003396632.1
OG0004405	XP_016914666.1	XP_031366617.1	XP_003692974.1	XP_043795766.1	XP_006568419.2	XP_003396654.2
OG0004406	XP_061933297.1	XP_006611170.1	XP_012341074.1	XP_043795796.1	XP_006568341.1	XP_020719544.1
OG0004407	XP_028523213.1	XP_006616379.1	XP_003693133.2	XP_043795920.1	XP_026297728.1	XP_012166022.1
OG0004408	XP_016914682.1	XP_006615388.1	XP_012340806.3	XP_043804406.1	XP_392433.4	XP_012165589.1
OG0004409	XP_016914688.2	XP_006618978.1	XP_012340882.2	XP_043795664.1	XP_006565503.2	XP_003396888.2
OG0004410	XP_016914700.1	XP_006611200.1	XP_012341109.1	XP_043795980.1	XP_006568357.1	XP_012166138.1
OG0004411	XP_016914701.2	XP_006618734.1	XP_012341134.1	XP_043795858.1	XP_003250660.1	XP_003396646.1
OG0004412	XP_016914705.1	XP_006611145.2	XP_012340982.3	XP_043783995.1	XP_026297432.1	XP_003396621.2
OG0004413	XP_016914706.2	XP_006611165.1	XP_003693146.1	XP_043795828.1	XP_624430.3	XP_012166125.2
OG0004414	XP_016914712.1	XP_006618976.1	XP_003692939.1	XP_043795967.1	XP_394692.3	XP_020719202.2
OG0004415	XP_061933122.1	XP_006618974.1	XP_086766111.1	XP_043795968.1	XP_395948.5	XP_003396881.1
OG0004416	XP_016914721.1	XP_006618981.1	XP_003692927.3	XP_043795958.1	XP_026297455.1	XP_003396890.1
OG0004417	XP_061933174.1	XP_031367782.1	XP_003692970.1	XP_043795744.1	XP_026297394.1	XP_003396647.2
OG0004418	XP_061933134.1	XP_031367902.1	XP_086766196.1	XP_043795681.1	XP_006565519.1	XP_020719399.1
OG0004419	XP_061933243.1	XP_031370621.1	XP_086766396.1	XP_043795839.1	XP_026297764.1	XP_048263831.1
OG0004420	XP_028523258.1	XP_006619007.1	XP_003692923.1	XP_043795763.1	XP_026297681.1	XP_012166060.1
OG0004421	XP_016914760.1	XP_006618725.1	XP_031771810.2	XP_043795720.1	XP_001122715.3	XP_012165686.1
OG0004422	XP_016914761.3	XP_006618719.1	XP_003692966.2	XP_043795721.1	XP_026297513.1	XP_003396638.2
OG0004423	XP_016914767.1	XP_006611155.1	XP_003693033.1	XP_043784057.1	XP_396270.5	XP_048263675.1
OG0004424	XP_016914772.1	XP_006611146.1	XP_031771899.1	XP_043784070.1	XP_026297491.1	XP_003396657.1
OG0004425	XP_016914774.1	XP_006618726.1	XP_031771904.1	XP_043795995.1	XP_392452.2	XP_020719583.1
OG0004426	XP_028523260.1	XP_006618666.1	XP_086766186.1	XP_043795801.1	XP_006565528.1	XP_012165103.2
OG0004427	XP_016914836.1	XP_006607839.1	XP_003690325.1	XP_043789981.1	XP_006561797.1	XP_020720290.1
OG0004428	XP_061937756.1	XP_006620914.1	XP_086773083.1	XP_043786527.1	XP_006566323.1	XP_003399243.2
OG0004429	XP_061933157.1	XP_006618700.1	XP_086766516.1	XP_043795723.1	XP_006565554.1	XP_020719506.2
OG0004430	XP_016914808.1	XP_006624967.1	XP_012341050.1	XP_043795836.1	XP_396208.4	XP_003396687.1
OG0004431	XP_028523288.1	XP_006611174.1	XP_012341085.1	XP_043795775.1	XP_006568346.2	XP_012166130.2
OG0004432	XP_016914814.2	XP_006615433.1	XP_003693072.3	XP_043804411.1	XP_001121053.2	XP_003396525.1
OG0004433	XP_016914827.2	XP_031364218.1	XP_012341187.2	XP_043784058.1	XP_392686.2	XP_003396734.1
OG0004434	XP_016914830.2	XP_006611206.1	XP_031771856.2	XP_043795978.1	XP_003251223.2	XP_020719316.1
OG0004435	XP_061936205.1	XP_006622607.1	XP_086772325.1	XP_043787189.1	XP_006566106.1	XP_012168235.1
OG0004436	XP_061936176.1	XP_031369583.1	XP_086772348.1	XP_043787162.1	XP_026299013.1	XP_012168226.2
OG0004437	XP_061936123.1	XP_031368008.1	XP_086773243.1	XP_043787156.1	XP_026299155.1	XP_003398287.1
OG0004438	XP_016914844.1	XP_006622610.1	XP_086772330.1	XP_043787235.1	XP_016769757.1	XP_003398136.2
OG0004439	XP_016914846.3	XP_031369601.1	XP_031774837.1	XP_043787154.1	XP_026299116.1	XP_048265168.1
OG0004440	XP_016914848.1	XP_006619125.1	XP_003698512.3	XP_043787060.1	XP_001119908.1	XP_003398275.1
OG0004441	XP_016914849.2	XP_031369031.1	XP_012346998.3	XP_043787180.1	XP_006566093.1	XP_012168218.2
OG0004442	XP_016914851.2	XP_006621297.1	XP_003697335.3	XP_043787233.1	XP_624525.3	XP_003398486.1
OG0004443	XP_016914856.1	XP_006621293.1	XP_003697334.1	XP_043787236.1	XP_624424.1	XP_003398492.1
OG0004444	XP_061937820.1	XP_031366040.1	XP_003692266.2	XP_043798733.1	NP_001265635.1	XP_012169077.1
OG0004445	XP_016914874.1	XP_006621142.2	XP_003698537.1	XP_043787073.1	XP_001120809.2	XP_003398297.1
OG0004446	XP_061936200.1	XP_006622618.1	XP_003697325.1	XP_043787187.1	XP_393688.2	XP_003400656.1
OG0004447	XP_061936215.1	XP_031369603.1	XP_031774821.2	XP_043787181.1	XP_026299020.1	XP_012168229.2
OG0004448	XP_016914898.1	XP_006620713.1	XP_012347042.1	XP_043786790.1	XP_001120972.2	XP_003398303.1
OG0004449	XP_061936113.1	XP_006619206.1	XP_086773252.1	XP_043786942.1	XP_016769973.2	XP_020720487.1
OG0004450	XP_016914908.1	XP_006621309.1	XP_012347037.1	XP_043787223.1	XP_006566068.1	XP_012168011.1
OG0004451	XP_016914911.1	XP_006622611.1	XP_012346991.2	XP_043787161.1	XP_006566104.2	XP_012168233.2
OG0004452	XP_016914914.1	XP_006619114.1	XP_012348879.3	XP_043786840.1	XP_026299261.1	XP_012167974.1
OG0004453	XP_016914926.1	XP_006622630.1	XP_086772349.1	XP_043787197.1	XP_016769761.1	XP_020720635.1
OG0004454	XP_016914935.1	XP_006619108.1	XP_003698519.1	XP_043787107.1	XP_026298966.1	XP_020720750.2
OG0004455	XP_016914941.2	XP_006619111.1	XP_012348888.1	XP_043787111.1	XP_016769913.1	XP_003398284.1
OG0004456	XP_016914943.1	XP_031370750.1	XP_031775679.1	XP_043787120.1	XP_003250831.1	XP_003398285.2
OG0004457	XP_061936216.1	XP_006622603.1	XP_003697347.1	XP_043787228.1	XP_623983.3	XP_003398511.1
OG0004458	XP_016914945.2	XP_006622606.1	XP_003697351.1	XP_043787222.1	XP_016769991.2	XP_003398513.1
OG0004459	XP_016914950.1	XP_006622599.1	XP_031774826.2	XP_043787204.1	XP_006566109.1	XP_020720697.1
OG0004460	XP_016914962.1	XP_006621143.1	XP_003698491.1	XP_043786967.1	XP_393699.3	XP_012167998.3
OG0004461	XP_061936120.1	XP_006619104.1	XP_003698534.1	XP_043786987.1	XP_026299011.1	XP_003398288.1
OG0004462	XP_016914968.1	XP_006621298.1	XP_003697338.1	XP_043787240.1	XP_393059.1	XP_003398481.1
OG0004463	XP_016914971.1	XP_006621290.1	XP_086772376.1	XP_043787216.1	XP_006566096.3	XP_003398493.1
OG0004464	XP_061936062.1	XP_006619195.1	XP_086773324.1	XP_043787025.1	XP_001122994.2	XP_012167803.1
OG0004465	XP_061928080.1	XP_031367567.1	XP_086764592.1	XP_043800840.1	XP_026294891.1	XP_012171890.1
OG0004466	XP_016914980.1	XP_006617170.1	XP_012345459.2	XP_043788659.1	XP_016771991.1	XP_003401244.2
OG0004467	XP_061927972.1	XP_006624384.1	XP_012346801.2	XP_043800820.1	XP_026294852.1	XP_048265931.1
OG0004468	XP_061927978.1	XP_006620248.1	XP_086764613.1	XP_043800796.1	XP_016772927.1	XP_012168534.1
OG0004469	XP_016914994.1	XP_006618241.1	XP_086764594.1	XP_043800852.1	XP_001122332.1	XP_003393634.1
OG0004470	XP_016915000.2	XP_006615132.1	XP_031771378.1	XP_043799032.1	XP_001121910.1	XP_003398931.1
OG0004471	XP_016914999.1	XP_006614654.1	XP_003697206.1	XP_043800874.1	XP_006572091.1	XP_012168561.3
OG0004472	XP_016915007.1	XP_006624412.1	XP_086764508.1	XP_043800811.1	XP_003249228.1	XP_003402235.1
OG0004473	XP_061928004.1	XP_006623621.1	XP_012346768.2	XP_043800779.1	XP_006558164.2	XP_003402231.2
OG0004474	XP_016915012.2	XP_031370667.1	XP_012346779.2	XP_043800823.1	XP_026294980.1	XP_012173752.1
OG0004475	XP_016915014.2	XP_031365776.1	XP_003697104.1	XP_043800860.1	XP_006572092.1	XP_003398647.2
OG0004476	XP_016915016.1	XP_006623817.1	XP_012346718.2	XP_043800882.1	XP_006557684.2	XP_048265656.1
OG0004477	XP_061927971.1	XP_006620241.1	XP_003697116.2	XP_043800819.1	XP_003251819.1	XP_012171841.3
OG0004478	XP_016915025.1	XP_006620237.1	XP_031774646.1	XP_043800830.1	XP_026294924.1	XP_003403224.1
OG0004479	XP_028523340.1	XP_006614658.1	XP_086764628.1	XP_043800784.1	XP_006572095.1	XP_012168515.1
OG0004480	XP_016915040.2	XP_006623682.1	XP_086764500.1	XP_043800825.1	XP_026294814.1	XP_012173766.1
OG0004481	XP_061927984.1	XP_006620255.1	XP_086764616.1	XP_043800921.1	XP_003251860.1	XP_003398652.1
OG0004482	XP_061928138.1	XP_006620235.1	XP_086764603.1	XP_043800863.1	XP_026294787.1	XP_012175209.2
OG0004483	XP_061936108.1	XP_006619126.1	XP_031775691.1	XP_043787393.1	XP_026299247.1	XP_003398274.1
OG0004484	XP_061932736.1	XP_006620963.2	XP_003692404.1	XP_043800019.1	XP_003251651.1	XP_003395943.2
OG0004485	XP_028523410.1	XP_006617235.2	XP_086766826.1	XP_043799969.1	XP_026297149.1	XP_048262644.1
OG0004486	XP_028523404.2	XP_031367066.1	XP_086767226.1	XP_043800183.1	XP_016768006.1	XP_048262640.1
OG0004487	XP_016915087.2	XP_031367031.1	XP_003692476.3	XP_043800054.1	XP_026297335.1	XP_012174824.2
OG0004488	XP_016915091.1	XP_006617184.1	XP_003692395.1	XP_043800142.1	XP_624541.1	XP_012173862.1
OG0004489	XP_016915093.1	XP_006617217.1	XP_012340309.1	XP_043800168.1	XP_006571002.1	XP_012164683.2
OG0004490	XP_016915113.2	XP_031367024.1	XP_012340177.1	XP_043800079.1	XP_006571006.1	XP_048262785.1
OG0004491	XP_016915124.1	XP_031367010.1	XP_003692487.2	XP_043800355.1	XP_016768362.2	XP_020723661.1
OG0004492	XP_016915125.1	XP_006617240.1	XP_086766844.1	XP_043800356.1	XP_016768363.1	XP_020723662.1
OG0004493	XP_016915137.1	XP_031366036.1	XP_086773214.1	XP_043798709.1	XP_026299690.1	XP_048265905.1
OG0004494	XP_016915141.1	XP_006620918.1	XP_012340271.2	XP_043800134.1	XP_006570978.1	XP_020723278.1
OG0004495	XP_061932744.1	XP_006617179.2	XP_012340273.1	XP_043800135.1	XP_001121051.2	XP_012173875.2
OG0004496	XP_016915156.2	XP_006617961.1	XP_012344454.3	XP_043791459.1	XP_006558585.2	XP_003400220.1
OG0004497	XP_028523396.1	XP_006617282.2	XP_086766838.1	XP_043800380.1	XP_396028.5	XP_020723657.2
OG0004498	XP_061932663.1	XP_006617232.1	XP_012340219.1	XP_043799964.1	XP_006571017.1	XP_003402966.2
OG0004499	XP_016915177.2	XP_006617246.1	XP_086767225.1	XP_043799778.1	XP_026297256.1	XP_048262619.1
OG0004500	XP_016915183.1	XP_006617263.1	XP_003692512.1	XP_043799781.1	XP_392823.3	XP_003402944.1
OG0004501	XP_016915191.1	XP_006617215.1	XP_003692488.2	XP_043800031.1	XP_006571000.1	XP_003395919.1
OG0004502	XP_016915198.1	XP_031367035.1	XP_003692520.3	XP_043800423.1	XP_001121188.2	XP_012174717.2
OG0004503	XP_016915200.1	XP_006617257.1	XP_003692516.1	XP_043800363.1	XP_394616.1	XP_020723653.1
OG0004504	XP_061932721.1	XP_006617188.1	XP_012340290.2	XP_043800322.1	XP_006570983.1	XP_003402293.1
OG0004505	XP_016915204.1	XP_006617191.1	XP_003692389.3	XP_043800105.1	XP_395661.4	XP_003402288.1
OG0004506	XP_016915205.1	XP_006617199.1	XP_086767064.1	XP_043800062.1	XP_623499.1	XP_048262385.1
OG0004507	XP_016915222.2	XP_006617264.2	XP_003692445.1	XP_043800338.1	XP_392401.3	XP_003402903.1
OG0004508	XP_016915223.1	XP_031367037.1	XP_003692392.1	XP_043800317.1	XP_393096.3	XP_048262484.1
OG0004509	XP_061932613.1	XP_031367040.1	XP_012340242.1	XP_043800443.1	XP_026296990.1	XP_020723635.1
OG0004510	XP_016915231.1	XP_006617274.1	XP_003692439.1	XP_043799989.1	XP_001121014.2	XP_012174727.1
OG0004511	XP_016915233.2	XP_006617277.1	XP_003692469.2	XP_043800013.1	XP_001121130.1	XP_003402957.1
OG0004512	XP_016915236.1	XP_031367044.1	XP_086767234.1	XP_043800012.1	XP_016768233.1	XP_048262625.1
OG0004513	XP_016915240.1	XP_006612799.1	XP_003697183.3	XP_043800812.1	XP_026294788.1	XP_003398644.3
OG0004514	XP_061942514.1	XP_006623656.1	XP_012344081.1	XP_043789203.1	XP_006563151.1	XP_048267113.1
OG0004515	XP_061942510.1	XP_006623649.1	XP_086763182.1	XP_043789295.1	XP_016772482.2	XP_003399674.1
OG0004516	XP_061942471.1	XP_031370031.1	XP_086763164.1	XP_043789242.1	XP_016772486.2	XP_048266785.1
OG0004517	XP_016915256.1	XP_006610773.1	XP_012343659.1	XP_043789213.1	XP_003250085.1	XP_048269985.1
OG0004518	XP_061942772.1	XP_031364061.1	XP_031773383.2	XP_043789197.1	XP_016772605.1	XP_003399660.3
OG0004519	XP_061942773.1	XP_031364065.1	XP_086763154.1	XP_043789234.1	XP_006563190.1	XP_012170187.1
OG0004520	XP_016915270.1	XP_031364029.1	XP_003690116.2	XP_043789238.1	XP_016772502.2	XP_003399647.1
OG0004521	XP_061942506.1	XP_006623647.1	XP_086763178.1	XP_043789292.1	XP_006563167.1	XP_003399672.2
OG0004522	XP_016915281.1	XP_006623643.1	XP_003690132.1	XP_043789293.1	XP_006563169.1	XP_003399673.1
OG0004523	XP_016915283.2	XP_006610815.2	XP_086763200.1	XP_043789208.1	XP_026301643.1	XP_003399976.2
OG0004524	XP_016915291.1	XP_006612281.1	XP_003689640.1	XP_043788126.1	XP_016767438.1	XP_003394961.1
OG0004525	XP_016915287.1	XP_031364014.1	XP_086763210.1	XP_043789233.1	XP_006563200.1	XP_048266875.1
OG0004526	XP_016915289.1	XP_006610822.1	XP_003690118.1	XP_043789172.1	XP_026301546.1	XP_003399653.1
OG0004527	XP_016915292.2	XP_006610821.1	XP_003698283.3	XP_043789173.1	XP_006563262.2	XP_012170175.2
OG0004528	XP_016915293.2	XP_006610820.1	XP_086763205.1	XP_043789174.1	XP_003250223.1	XP_003399651.2
OG0004529	XP_016915302.1	XP_031364624.1	XP_031776513.1	XP_043788195.1	XP_016767150.1	XP_003394957.2
OG0004530	XP_016915306.2	XP_006610811.1	XP_086763225.1	XP_043789290.1	XP_026301632.1	XP_003399639.1
OG0004531	XP_061941684.1	XP_031368538.1	XP_086773903.1	XP_043790833.1	XP_006561073.2	XP_003401382.2
OG0004532	XP_016915321.3	XP_031364682.1	XP_012349186.2	XP_043789441.1	XP_001121697.3	XP_048264296.1
OG0004533	XP_016915322.2	XP_006607681.1	XP_012349175.2	XP_043789440.1	XP_006561944.2	XP_003397796.3
OG0004534	XP_016915323.1	XP_006620007.1	XP_012348777.3	XP_043804379.1	XP_006560095.2	XP_020723885.2
OG0004535	XP_061929630.1	XP_006612529.1	XP_012341888.3	XP_043796237.1	XP_016769111.2	XP_048263665.1
OG0004536	XP_016915332.1	XP_006612524.1	XP_086768841.1	XP_043796177.1	XP_016773395.2	XP_012165904.1
OG0004537	XP_016915333.1	XP_006612520.1	XP_003693618.2	XP_043796173.1	XP_016773325.1	XP_012165897.1
OG0004538	XP_016915339.1	XP_006612512.1	XP_086769118.1	XP_043796333.1	XP_026301577.1	XP_003396776.1
OG0004539	XP_061929024.1	XP_006614193.1	XP_003691004.2	XP_043803885.1	XP_016766850.2	XP_020724073.1
OG0004540	XP_061941116.1	XP_031368818.1	XP_003694762.1	XP_043785740.1	XP_026300979.1	XP_048267910.1
OG0004541	XP_016915350.2	XP_031368819.1	XP_086765181.1	XP_043785376.1	XP_006565810.2	XP_048267702.1
OG0004542	XP_016915354.1	XP_006620893.1	XP_031773165.1	XP_043785807.1	XP_003250694.2	XP_003400464.1
OG0004543	XP_016915355.1	XP_006620894.1	XP_003694848.2	XP_043785772.1	XP_003250708.2	XP_003400435.1
OG0004544	XP_016915360.1	XP_006612282.1	XP_003689656.1	XP_043788175.1	XP_016767439.1	XP_003394963.1
OG0004545	XP_016915357.2	XP_006620899.1	XP_031773164.2	XP_043785739.1	XP_003250695.1	XP_020722093.2
OG0004546	XP_016915365.1	XP_031368843.1	XP_031773166.1	XP_043785805.1	XP_016771560.1	XP_012171331.2
OG0004547	XP_016915368.1	XP_006624154.1	XP_031773108.1	XP_043785829.1	XP_006565707.1	XP_003400395.1
OG0004548	XP_016915772.1	XP_031365876.1	XP_086773929.1	XP_043789954.1	XP_016769496.1	XP_012167631.2
OG0004549	XP_028523486.2	XP_031370260.1	XP_086765271.1	XP_043785844.1	XP_016771790.2	XP_048268222.1
OG0004550	XP_016915380.1	XP_006624169.1	XP_086765269.1	XP_043785556.1	XP_394968.3	XP_020722006.1
OG0004551	XP_016915383.1	XP_006624168.1	XP_003694875.1	XP_043785561.1	XP_003250716.1	XP_003400404.1
OG0004552	XP_016915386.2	XP_006624172.1	XP_086765273.1	XP_043785559.1	XP_003250715.2	XP_003400403.1
OG0004553	XP_016915397.1	XP_006612274.1	XP_086759525.1	XP_043788194.1	XP_006560615.1	XP_048260747.1
OG0004554	XP_016915394.2	XP_006612722.1	XP_012343509.2	XP_043785567.1	XP_006565802.2	XP_012171146.1
OG0004555	XP_016915395.2	XP_006612724.1	XP_003694744.1	XP_043785206.1	XP_001122885.3	XP_012171145.2
OG0004556	XP_016915398.1	XP_006612728.1	XP_003694750.2	XP_043785503.1	XP_001121176.1	XP_012171143.1
OG0004557	XP_028523509.2	XP_006612725.2	XP_012343534.2	XP_043785737.1	XP_016771705.1	XP_003400364.1
OG0004558	XP_061940944.1	XP_006612747.1	XP_086765205.1	XP_043785569.1	XP_006565801.1	XP_003400368.1
OG0004559	XP_016915411.2	XP_031364885.1	XP_012343517.2	XP_043785380.1	XP_006565787.1	XP_020722025.2
OG0004560	XP_016915416.2	XP_031364887.1	XP_003694841.4	XP_043785384.1	XP_006565786.2	XP_020722029.2
OG0004561	XP_016915422.2	XP_031364879.1	XP_086765220.1	XP_043785315.1	XP_394040.3	XP_020722116.1
OG0004562	XP_028523439.1	XP_006612294.1	XP_086759491.1	XP_043788181.1	XP_006560637.2	XP_048261105.1
OG0004563	XP_016915447.1	XP_006612779.1	XP_012343598.2	XP_043785996.1	XP_392041.4	XP_012171162.2
OG0004564	XP_016915448.1	XP_006612717.1	XP_003694751.1	XP_043785951.1	XP_026301031.1	XP_003402533.1
OG0004565	XP_016915449.1	XP_006612719.1	XP_003694752.1	XP_043785953.1	XP_394035.3	XP_003402534.1
OG0004566	XP_016915450.1	XP_006612716.1	XP_003694754.1	XP_043785955.1	XP_006565809.1	XP_003403008.1
OG0004567	XP_016915451.1	XP_031364873.1	XP_003694753.1	XP_043785957.1	XP_001122862.2	XP_020723425.1
OG0004568	XP_016915462.1	XP_006612715.1	XP_012343657.2	XP_043785956.1	XP_001122848.2	XP_003403007.1
OG0004569	XP_028523489.1	XP_006620890.1	XP_003694758.2	XP_043785678.1	XP_001122835.3	XP_003400456.1
OG0004570	XP_016915467.1	XP_031368844.1	XP_003694757.3	XP_043785679.1	XP_001122842.2	XP_003400448.1
OG0004571	XP_061941007.1	XP_006624142.1	XP_086765267.1	XP_043785237.1	XP_026301018.1	XP_003400423.2
OG0004572	XP_016915472.1	XP_006612768.1	XP_012343536.1	XP_043785803.1	XP_006565783.1	XP_020722230.1
OG0004573	XP_061929656.1	XP_031364637.1	XP_031775199.1	XP_043788184.1	XP_016767194.1	XP_012163506.2
OG0004574	XP_061934970.1	XP_006623454.1	XP_003693396.1	XP_043797037.1	XP_624111.1	XP_003401769.1
OG0004575	XP_016915499.1	XP_006612291.1	XP_003689690.1	XP_043788185.1	XP_006560635.1	XP_003395254.2
OG0004576	XP_061934953.1	XP_006608646.1	XP_003693338.1	XP_043797338.1	XP_623699.3	XP_003401762.2
OG0004577	XP_061934917.1	XP_006608704.1	XP_012341512.1	XP_043796811.1	XP_006568573.1	XP_003401792.1
OG0004578	XP_016915509.1	XP_006608650.1	XP_012341557.3	XP_043796526.1	XP_026298163.1	XP_003402022.1
OG0004579	XP_016915521.1	XP_006608707.1	XP_003693413.2	XP_043796881.1	XP_003251246.1	XP_003401798.1
OG0004580	XP_016915526.1	XP_006608670.1	XP_012341483.3	XP_043796974.1	XP_016769083.2	XP_003401783.1
OG0004581	XP_016915527.1	XP_006621980.1	XP_003695441.1	XP_043796982.1	XP_624561.1	XP_020720092.1
OG0004582	XP_061934980.1	XP_006623883.1	XP_003695428.2	XP_043797245.1	XP_026298299.1	XP_020724247.2
OG0004583	XP_016915533.1	XP_006608669.1	XP_012341449.2	XP_043796977.1	XP_001122532.3	XP_003401784.1
OG0004584	XP_016915537.1	XP_006608713.1	XP_003693326.1	XP_043796931.1	XP_624087.2	XP_003401806.1
OG0004585	XP_016915538.1	XP_006623872.1	XP_003695408.1	XP_043796961.1	XP_624339.2	XP_003394421.1
OG0004586	XP_016915539.1	XP_006614994.1	XP_003695452.2	XP_043796873.1	XP_001121019.2	XP_048264959.1
OG0004587	XP_016915546.1	XP_006615002.2	XP_012344385.1	XP_043796953.1	XP_003251429.1	XP_003397474.1
OG0004588	XP_061935042.1	XP_006614975.1	XP_086761889.1	XP_043797217.1	XP_026298224.1	XP_048264343.1
OG0004589	XP_061934976.1	XP_006624084.1	XP_012344391.1	XP_043797139.1	XP_016769066.2	XP_048269669.1
OG0004590	XP_028523534.1	XP_006608695.1	XP_086762412.1	XP_043796470.1	XP_006569756.1	XP_048269154.1
OG0004591	XP_061934982.1	XP_006623885.1	XP_086761777.1	XP_043797128.1	XP_016769089.1	XP_003394437.2
OG0004592	XP_016915605.2	XP_006616038.1	XP_086759487.1	XP_043788188.1	XP_006560649.2	XP_048260765.1
OG0004593	XP_016915606.1	XP_006621988.1	XP_003695436.4	XP_043796464.1	XP_026298052.1	XP_003401984.1
OG0004594	XP_028523540.1	XP_006608677.1	XP_003693361.4	XP_043796454.1	XP_026297832.1	XP_012173162.3
OG0004595	XP_016915618.1	XP_006614967.1	XP_012344371.2	XP_043796505.1	XP_394711.4	XP_003397485.1
OG0004596	XP_016915620.1	XP_006614970.1	XP_003695419.1	XP_043796510.1	XP_026298239.1	XP_003397488.1
OG0004597	XP_061934977.1	XP_006623861.2	XP_003695421.1	XP_043796592.1	XP_394764.3	XP_048269829.1
OG0004598	XP_016915626.2	XP_006623865.1	XP_003695429.2	XP_043796601.1	XP_001119993.2	XP_048269833.1
OG0004599	XP_016915637.1	XP_006624085.1	XP_086761806.1	XP_043796769.1	XP_623503.1	XP_048269718.1
OG0004600	XP_061934899.1	XP_031369331.1	XP_012341519.1	XP_043797352.1	XP_026297907.1	XP_012173196.3
OG0004601	XP_016915647.1	XP_006621978.1	XP_003695413.1	XP_043796950.1	XP_001120685.1	XP_003397977.2
OG0004602	XP_016915648.2	XP_006621975.1	XP_003695444.2	XP_043797314.1	XP_026298047.1	XP_003397976.2
OG0004603	XP_016915654.1	XP_006621965.1	XP_086761837.1	XP_043796485.1	XP_003251427.1	XP_003397471.1
OG0004604	XP_016915663.2	XP_006621982.1	XP_003695440.2	XP_043796840.1	XP_001120296.2	XP_012167727.1
OG0004605	XP_061934955.1	XP_006608647.1	XP_012341534.2	XP_043797339.1	XP_026297969.1	XP_003394422.1
OG0004606	XP_016915678.1	XP_006608667.1	XP_012341481.3	XP_043796842.1	XP_006569773.2	XP_003401774.2
OG0004607	XP_061934895.1	XP_031369541.1	XP_003693368.1	XP_043796729.1	XP_001120879.2	XP_003401813.2
OG0004608	XP_016915684.1	XP_006608662.1	XP_012341498.2	XP_043796731.1	XP_026298103.1	XP_003402071.1
OG0004609	XP_016915687.1	XP_006608688.1	XP_086762443.1	XP_043796682.1	XP_016769009.2	XP_048269148.1
OG0004610	XP_016915709.1	XP_006620908.1	XP_086759553.1	XP_043797426.1	XP_026295869.1	XP_012163593.2
OG0004611	XP_028523577.1	XP_031370247.1	XP_086759641.1	XP_043797432.1	XP_026295997.1	XP_048261476.1
OG0004612	XP_016915713.1	XP_006624137.1	XP_012342839.2	XP_043797457.1	XP_026295859.1	XP_003395115.1
OG0004613	XP_016915723.1	XP_006620905.1	XP_012342890.2	XP_043797419.1	XP_026295988.1	XP_003395261.4
OG0004614	XP_061929475.1	XP_006620907.2	XP_012342817.2	XP_043797425.1	XP_006558247.3	XP_012163732.2
OG0004615	XP_016915734.1	XP_031366739.1	XP_012342831.2	XP_043797427.1	XP_016767258.1	XP_012163726.3
OG0004616	XP_016915736.1	XP_006616640.1	XP_012342833.1	XP_043797447.1	XP_006558801.1	XP_012163549.2
OG0004617	XP_061929519.1	XP_031370236.1	XP_086759637.1	XP_043797387.1	XP_026296212.1	XP_012163590.2
OG0004618	XP_016915765.2	XP_031370239.1	XP_031772780.2	XP_043797400.1	XP_016767443.2	XP_003395122.1
OG0004619	XP_061927115.1	XP_031371162.1	XP_012349953.2	XP_043801309.1	XP_003250738.3	XP_003393957.3
OG0004620	XP_061937553.1	XP_031370537.1	XP_003698147.2	XP_043790143.1	XP_026299612.1	XP_048261132.1
OG0004621	XP_061937567.1	XP_031369936.1	XP_003698180.3	XP_043790150.1	XP_026299706.1	XP_048265902.1
OG0004622	XP_061937563.1	XP_006623383.1	XP_012348385.3	XP_043790081.1	XP_026299709.1	XP_003398821.1
OG0004623	XP_016915784.1	XP_006616027.1	XP_003689704.1	XP_043788165.1	XP_394517.4	XP_003395058.1
OG0004624	XP_061937554.1	XP_031370538.1	XP_012348412.1	XP_043790135.1	XP_006572060.1	XP_048266189.1
OG0004625	XP_061937559.1	XP_006623391.1	XP_003698184.1	XP_043790116.1	XP_006572378.3	XP_003398829.1
OG0004626	XP_061937606.1	XP_006623114.2	XP_031775483.1	XP_043790193.1	XP_026299449.1	XP_003398886.1
OG0004627	XP_016915790.1	XP_006624777.2	XP_086768648.1	XP_043790215.1	XP_026299872.1	XP_020721286.2
OG0004628	XP_016915798.1	XP_006624776.1	XP_031775466.2	XP_043790212.1	XP_393002.3	XP_048266191.1
OG0004629	XP_016915805.1	XP_006616023.1	XP_012349461.3	XP_043788150.1	XP_026295913.1	XP_012163493.2
OG0004630	XP_061937585.1	XP_006623100.1	XP_012348338.1	XP_043790184.1	XP_006562449.1	XP_012168862.1
OG0004631	XP_016915813.1	XP_031369815.1	XP_003698176.2	XP_043790076.1	XP_623546.1	XP_012168887.1
OG0004632	XP_016915817.2	XP_006623093.1	XP_003698171.1	XP_043790109.1	XP_026299504.1	XP_003398814.1
OG0004633	XP_016915819.1	XP_006624908.1	XP_003698175.1	XP_043790201.1	XP_006562473.1	XP_012168843.2
OG0004634	XP_061937564.1	XP_031369937.1	XP_012348386.2	XP_043790079.1	XP_006572237.1	XP_012168893.1
OG0004635	XP_061937608.1	XP_006623117.1	XP_086768519.1	XP_043790171.1	XP_016770500.2	XP_012168859.1
OG0004636	XP_061937555.1	XP_006624780.1	XP_086768654.1	XP_043790133.1	XP_026299562.1	XP_048266561.1
OG0004637	XP_061930271.1	XP_006611867.1	XP_003689992.3	XP_043801866.1	XP_006567224.1	XP_020718456.2
OG0004638	XP_016915855.1	XP_006611861.1	XP_012341712.1	XP_043801877.1	XP_001122056.2	XP_003395132.1
OG0004639	XP_061939744.1	XP_031371051.1	XP_086770455.1	XP_043794783.1	XP_006560468.1	XP_020721921.2
OG0004640	XP_061939743.1	XP_006609700.2	XP_003692677.2	XP_043794709.1	XP_006560472.1	XP_003400057.2
OG0004641	XP_016915866.1	XP_006609600.1	XP_086770468.1	XP_043794706.1	XP_006560481.1	XP_012170675.1
OG0004642	XP_016915870.1	XP_006625228.1	XP_086770622.1	XP_043794961.1	XP_006560473.1	XP_003400044.2
OG0004643	XP_016915876.1	XP_006612288.1	XP_003689625.2	XP_043788154.1	XP_006560619.1	XP_012163336.1
OG0004644	XP_016915872.1	XP_006609614.1	XP_003692645.1	XP_043794717.1	XP_016771408.2	XP_048267418.1
OG0004645	XP_016915874.1	XP_031371054.1	XP_086770475.1	XP_043794963.1	XP_006560474.1	XP_048267419.1
OG0004646	XP_016915881.1	XP_031371037.1	XP_003692652.1	XP_043794793.1	XP_393452.4	XP_003400093.1
OG0004647	XP_016915882.1	XP_006609598.1	XP_012340498.1	XP_043794969.1	XP_393453.3	XP_048267352.1
OG0004648	XP_016915889.1	XP_006609597.1	XP_003692653.1	XP_043794973.1	XP_001120067.1	XP_048267356.1
OG0004649	XP_016915890.1	XP_006609632.1	XP_012340525.3	XP_043794794.1	XP_393926.4	XP_003400083.3
OG0004650	XP_016915901.1	XP_006609640.1	XP_012340473.1	XP_043794849.1	XP_006560455.1	XP_012170716.1
OG0004651	XP_016915903.1	XP_006609628.1	XP_086770516.1	XP_043794722.1	XP_026300580.1	XP_003400080.2
OG0004652	XP_061939804.1	XP_031371043.1	XP_086770515.1	XP_043794732.1	XP_003249671.1	XP_003400081.1
OG0004653	XP_061939809.1	XP_006609639.1	XP_086770501.1	XP_043794844.1	XP_001121814.2	XP_003400095.1
OG0004654	XP_016915926.1	XP_006609627.1	XP_003692640.2	XP_043794851.1	XP_006560462.1	XP_003400079.1
OG0004655	XP_016915938.1	XP_006609630.2	XP_003692674.2	XP_043794719.1	XP_003249678.1	XP_048267184.1
OG0004656	XP_016915939.2	XP_006609605.1	XP_012340481.2	XP_043794704.1	XP_006560463.2	XP_048267441.1
OG0004657	XP_028523784.1	XP_006622824.1	XP_012350943.2	XP_043797905.1	XP_006557746.1	XP_003399948.1
OG0004658	XP_061942362.1	XP_031365997.1	XP_086772291.1	XP_043797852.1	XP_026301664.1	XP_048270063.1
OG0004659	XP_016915955.1	XP_031364282.1	XP_086772138.1	XP_043786652.1	XP_016772403.2	XP_048267073.1
OG0004660	XP_016915996.1	XP_006607833.1	XP_086770077.1	XP_043789892.1	XP_396237.5	XP_003397437.2
OG0004661	XP_061942468.1	XP_006611911.1	XP_086767464.1	XP_043786538.1	XP_026301693.1	XP_012173631.2
OG0004662	XP_016915960.2	XP_006611902.2	XP_012347968.2	XP_043786598.1	XP_006559411.2	XP_003402200.1
OG0004663	XP_028523778.2	XP_006620643.2	XP_012339104.2	XP_043786539.1	XP_006561474.1	XP_012173729.1
OG0004664	XP_028523789.1	XP_031368677.1	XP_086767583.1	XP_043786570.1	XP_026301565.1	XP_012173700.2
OG0004665	XP_061942642.1	XP_006620562.1	XP_031775261.2	XP_043786696.1	XP_026301617.1	XP_048270012.1
OG0004666	XP_061942649.1	XP_006620599.1	XP_012347912.1	XP_043786747.1	XP_026301622.1	XP_048270090.1
OG0004667	XP_061942279.1	XP_031369678.1	XP_086772256.1	XP_043797997.1	XP_026301650.1	XP_012170148.1
OG0004668	XP_016915981.2	XP_006620634.1	XP_003697862.3	XP_043784916.1	XP_624667.3	XP_012173791.1
OG0004669	XP_016915987.1	XP_006620626.1	XP_003697879.1	XP_043784558.1	XP_026301574.1	XP_048260274.1
OG0004670	XP_028523769.1	XP_006611264.1	XP_012350783.1	XP_043786656.1	XP_006559462.1	XP_048266664.1
OG0004671	XP_061941884.1	XP_031367423.1	XP_086758801.1	XP_043788868.1	XP_016772027.2	XP_020722749.1
OG0004672	XP_061942564.1	XP_006620527.1	XP_003697869.3	XP_043786658.1	XP_026301561.1	XP_048270058.1
OG0004673	XP_016915999.1	XP_006620628.1	XP_003697883.2	XP_043784866.1	XP_624987.1	XP_012173786.1
OG0004674	XP_016916009.3	XP_031367001.1	XP_086758656.1	XP_043788903.1	XP_016772228.1	XP_020722723.1
OG0004675	XP_016916007.1	XP_006611285.1	XP_031776505.1	XP_043786654.1	XP_003249482.1	XP_003399617.1
OG0004676	XP_016916008.1	XP_006620627.1	XP_012347953.2	XP_043784549.1	XP_026301631.1	XP_012173785.3
OG0004677	XP_016916011.2	XP_031370592.1	XP_003691261.2	XP_043786620.1	XP_006557839.1	XP_012169826.1
OG0004678	XP_028523723.2	XP_006615065.1	XP_012350752.2	XP_043797982.1	XP_026301689.1	XP_048270073.1
OG0004679	XP_028523755.1	XP_031364289.1	XP_003691229.2	XP_043786714.1	XP_016772643.1	XP_020723173.1
OG0004680	XP_016916054.1	XP_031370559.1	XP_086763962.1	XP_043797984.1	XP_026301705.1	XP_003402514.1
OG0004681	XP_016916085.1	XP_006622783.1	XP_012350810.1	XP_043797889.1	XP_624910.1	XP_012170152.1
OG0004682	XP_016916099.1	XP_006622808.1	XP_003691282.3	XP_043797872.1	XP_026301649.1	XP_048266932.1
OG0004683	XP_016916102.1	XP_031369681.1	XP_031776525.2	XP_043797880.1	XP_001122192.2	XP_003399636.2
OG0004684	XP_016916103.1	XP_031369682.1	XP_031776531.1	XP_043797881.1	XP_006557769.1	XP_012170143.1
OG0004685	XP_016916131.1	XP_006624406.1	XP_086768468.1	XP_043799219.1	XP_006572431.2	XP_003397185.1
OG0004686	XP_061942287.1	XP_031370664.1	XP_086772229.1	XP_043797890.1	XP_016772581.1	XP_048270001.1
OG0004687	XP_028523673.1	XP_006622763.1	XP_086772235.1	XP_043797841.1	XP_006557797.1	XP_003402213.1
OG0004688	XP_061942276.1	XP_006622820.1	XP_003691280.3	XP_043797875.1	XP_395927.4	XP_003400001.1
OG0004689	XP_016916152.1	XP_006620615.2	XP_086767490.1	XP_043785156.1	XP_006561392.2	XP_048260229.1
OG0004690	XP_016916165.1	XP_031367331.1	XP_086758772.1	XP_043788801.1	XP_016772196.2	XP_020722405.2
OG0004691	XP_016916166.2	XP_031364262.1	XP_012350848.1	XP_043786536.1	XP_393021.4	XP_003399923.1
OG0004692	XP_016916168.1	XP_006620513.1	XP_003697851.1	XP_043786593.1	XP_006561461.1	XP_003402156.1
OG0004693	XP_061942557.1	XP_006611897.2	XP_086767605.1	XP_043786611.1	XP_016772437.2	XP_003402207.2
OG0004694	XP_061942551.1	XP_031368704.1	XP_012347963.2	XP_043786590.1	XP_006561467.1	XP_012173714.1
OG0004695	XP_016916194.2	XP_031368701.1	XP_031775273.2	XP_043786595.1	XP_016772434.2	XP_020723165.2
OG0004696	XP_061942643.1	XP_031368614.1	XP_086767497.1	XP_043785229.1	XP_006561402.1	XP_003402259.1
OG0004697	XP_016916202.1	XP_006625037.1	XP_003691174.1	XP_043797902.1	XP_006557806.1	XP_003402219.1
OG0004698	XP_016916205.1	XP_031370660.1	XP_086772220.1	XP_043797897.1	XP_026301535.1	XP_020723207.2
OG0004699	XP_016916209.1	XP_031364268.1	XP_031776508.1	XP_043786624.1	XP_006559467.1	XP_012169840.1
OG0004700	XP_016916213.1	XP_006620552.1	XP_003697898.1	XP_043786705.1	XP_003249854.1	XP_003402130.1
OG0004701	XP_016916221.1	XP_006608294.1	XP_012339726.1	XP_043788885.1	XP_006563575.2	XP_003401038.1
OG0004702	XP_016916217.1	XP_006620557.1	XP_003697895.1	XP_043786722.1	XP_003249852.1	XP_003402127.1
OG0004703	XP_016916218.1	XP_006620559.1	XP_031775252.1	XP_043786727.1	XP_623549.2	XP_003402125.1
OG0004704	XP_016916224.1	XP_006611261.1	XP_012350782.2	XP_043786660.1	XP_006559459.1	XP_012170037.3
OG0004705	XP_016916226.1	XP_006615064.1	XP_031776519.1	XP_043797906.1	XP_001119858.2	XP_012173620.2
OG0004706	XP_016916230.1	XP_006611323.1	XP_003691222.1	XP_043786589.1	XP_395550.3	XP_003402148.3
OG0004707	XP_016916236.1	XP_006622781.1	XP_003691285.3	XP_043798003.1	XP_006557777.1	XP_012170155.1
OG0004708	XP_016916239.1	XP_006622780.1	XP_031776569.1	XP_043798025.1	XP_396976.2	XP_003399641.1
OG0004709	XP_016916255.2	XP_006622827.1	XP_086763952.1	XP_043797991.1	XP_006557753.2	XP_003399961.2
OG0004710	XP_061942583.1	XP_031368682.1	XP_031775244.2	XP_043786571.1	XP_026301508.1	XP_048270024.1
OG0004711	XP_016916286.2	XP_006615060.1	XP_012350883.2	XP_043798033.1	XP_006557827.2	XP_003402205.2
OG0004712	XP_016916298.1	XP_031364258.1	XP_003691267.3	XP_043786608.1	XP_016772529.2	XP_048267116.1
OG0004713	XP_016916302.2	XP_006611900.1	XP_086767617.1	XP_043786630.1	XP_001120583.1	XP_012174882.1
OG0004714	XP_016916303.1	XP_006611910.1	XP_003697876.2	XP_043786560.1	XP_623646.2	XP_048270087.1
OG0004715	XP_016916306.1	XP_006611903.1	XP_003697857.1	XP_043786566.1	XP_003249503.1	XP_003402202.1
OG0004716	XP_016916309.2	XP_031368714.1	XP_012347956.2	XP_043784970.1	XP_006561386.2	XP_012173808.2
OG0004717	XP_016916310.1	XP_006622821.1	XP_012350934.2	XP_043797828.1	XP_001122097.3	XP_012170127.2
OG0004718	XP_016916314.2	XP_031364244.1	XP_003691208.3	XP_043786741.1	XP_016772612.2	XP_012169853.2
OG0004719	XP_016916317.2	XP_031364246.1	XP_086772162.1	XP_043786742.1	XP_026301527.1	XP_003399612.2
OG0004720	XP_016916320.1	XP_006622829.1	XP_012350926.2	XP_043797990.1	XP_026301700.1	XP_012170123.2
OG0004721	XP_016916322.1	XP_006622784.1	XP_003691286.1	XP_043798027.1	XP_392899.2	XP_003399629.2
OG0004722	XP_061942407.1	XP_006611267.1	XP_012350768.1	XP_043786739.1	XP_026301713.1	XP_012169855.1
OG0004723	XP_016916705.2	XP_031365042.1	XP_086758644.1	XP_043795061.1	XP_026298841.1	XP_012167664.2
OG0004724	XP_061942250.1	XP_006624816.1	XP_003691235.1	XP_043797896.1	XP_397331.2	XP_003399872.1
OG0004725	XP_016916338.1	XP_031364284.1	XP_031776551.1	XP_043786615.1	XP_026301683.1	XP_020721497.2
OG0004726	XP_016916365.1	XP_006622768.1	XP_003691163.1	XP_043797867.1	XP_392937.2	XP_003399712.2
OG0004727	XP_016916368.1	XP_031365980.1	XP_012350895.1	XP_043797979.1	XP_016772625.1	XP_003399731.1
OG0004728	XP_016916375.1	XP_006608240.1	XP_086758784.1	XP_043788898.1	XP_006563594.1	XP_012172191.1
OG0004729	XP_016916376.1	XP_031364514.1	XP_086767614.1	XP_043786601.1	XP_006561470.2	XP_012173636.2
OG0004730	XP_016916378.1	XP_031364251.1	XP_086772125.1	XP_043786535.1	XP_003249479.3	XP_020721534.2
OG0004731	XP_061942271.1	XP_006622757.1	XP_086772240.1	XP_043797909.1	XP_396394.3	XP_003402209.1
OG0004732	XP_016916388.2	XP_006608284.2	XP_086758684.1	XP_043789059.1	XP_026301341.1	XP_020722517.2
OG0004733	XP_028523728.1	XP_031364281.1	XP_086772140.1	XP_043786650.1	XP_006559448.1	XP_020721692.1
OG0004734	XP_061935718.1	XP_006608604.1	XP_086759932.1	XP_043789323.1	XP_006567413.1	XP_003397501.1
OG0004735	XP_016916394.1	XP_031367832.1	XP_031774635.2	XP_043789384.1	XP_026298616.1	XP_020720121.1
OG0004736	XP_061935646.1	XP_031367817.1	XP_086761805.1	XP_043789369.1	XP_016769639.2	XP_020720146.2
OG0004737	XP_061935622.1	XP_006618830.1	XP_031775725.2	XP_043789860.1	XP_006567463.2	XP_048264268.1
OG0004738	XP_016916404.1	XP_006625114.1	XP_086762292.1	XP_043789623.1	XP_026298838.1	XP_003397852.1
OG0004739	XP_016916406.3	XP_006616920.2	XP_003690405.2	XP_043789392.1	XP_394768.4	XP_012167469.1
OG0004740	XP_016916408.1	XP_006616919.1	XP_003690358.1	XP_043789383.1	XP_394767.3	XP_003397931.1
OG0004741	XP_016916410.1	XP_006625117.1	XP_086762302.1	XP_043789692.1	XP_001122362.2	XP_003397853.2
OG0004742	XP_016916415.2	XP_031367827.1	XP_031775843.1	XP_043789863.1	XP_016769681.2	XP_020720289.2
OG0004743	XP_016916418.1	XP_006625108.1	XP_003690220.1	XP_043789620.1	XP_624863.2	XP_003397846.1
OG0004744	XP_028523847.1	XP_006618819.1	XP_012346067.2	XP_043789393.1	XP_003251064.1	XP_012167494.3
OG0004745	XP_016916448.3	XP_006616909.1	XP_012345549.2	XP_043789375.1	XP_006567442.2	XP_003397942.2
OG0004746	XP_016916449.1	XP_006618838.2	XP_012345884.2	XP_043789380.1	XP_006567446.1	XP_003397943.2
OG0004747	XP_016916457.1	XP_006618827.1	XP_012346116.1	XP_043789566.1	XP_625284.1	XP_003397840.1
OG0004748	XP_061935683.1	XP_031369098.1	XP_012345728.3	XP_043789724.1	XP_026298793.1	XP_012167434.1
OG0004749	XP_016916482.1	XP_006618823.1	XP_012345415.1	XP_043789362.1	XP_006567452.1	XP_003397952.1
OG0004750	XP_061935624.1	XP_006625112.1	XP_003690212.1	XP_043789963.1	XP_016769524.1	XP_003397850.1
OG0004751	XP_016916487.1	XP_006625109.1	XP_012345948.1	XP_043789562.1	XP_624877.1	XP_003397847.1
OG0004752	XP_016916488.1	XP_006625110.1	XP_003690217.1	XP_043789965.1	XP_623658.1	XP_003397849.1
OG0004753	XP_028523637.1	XP_031367538.1	XP_031771239.1	XP_043789071.1	XP_016772077.1	XP_020722756.2
OG0004754	XP_061935711.1	XP_006608606.1	XP_086761256.1	XP_043789590.1	XP_026298474.1	XP_003398023.2
OG0004755	XP_061935649.1	XP_006618842.2	XP_031775793.2	XP_043789378.1	XP_003251027.3	XP_012167508.2
OG0004756	XP_061935592.1	XP_031367352.1	XP_012345487.2	XP_043789552.1	XP_006567499.1	XP_003397862.2
OG0004757	XP_016916508.1	XP_006617859.1	XP_003690226.1	XP_043789554.1	XP_394773.2	XP_012167551.1
OG0004758	XP_061935725.1	XP_006608616.1	XP_086759796.1	XP_043789312.1	XP_395752.2	XP_012175823.1
OG0004759	XP_016916525.2	XP_031367551.1	XP_031771243.2	XP_043789076.1	XP_006563628.2	XP_020722758.2
OG0004760	XP_061935721.1	XP_006608615.1	XP_003690398.2	XP_043789628.1	XP_006567398.1	XP_012167039.1
OG0004761	XP_016916524.1	XP_006608580.1	XP_003690298.1	XP_043789739.1	XP_394765.2	XP_003397848.1
OG0004762	XP_016916527.1	XP_006618833.1	XP_086762144.1	XP_043789342.1	XP_006567468.1	XP_012167524.1
OG0004763	XP_061935720.1	XP_006608614.1	XP_012346425.2	XP_043789445.1	XP_392880.5	XP_020720466.2
OG0004764	XP_016916537.2	XP_031367830.1	XP_003690410.3	XP_043789372.1	XP_003251065.2	XP_003397951.2
OG0004765	XP_016916539.1	XP_031367369.1	XP_012345832.2	XP_043789656.1	XP_016769530.1	XP_003397918.3
OG0004766	XP_016916543.2	XP_006618813.1	XP_003690205.2	XP_043789385.1	NP_001035057.1	XP_003397947.1
OG0004767	XP_016916546.1	XP_006608180.1	XP_012339673.2	XP_043789079.1	XP_006563622.1	XP_003401210.2
OG0004768	XP_061936006.1	XP_006610590.1	XP_012350050.1	XP_043786793.1	XP_003250233.1	XP_020723552.1
OG0004769	XP_061929956.1	XP_006614723.1	XP_012343411.2	XP_043802205.1	XP_393269.5	XP_048261536.1
OG0004770	XP_061940460.1	XP_006616714.1	XP_086764943.1	XP_043785406.1	XP_392608.4	XP_003400834.1
OG0004771	XP_061940492.1	XP_031366766.1	XP_086764681.1	XP_043785531.1	XP_016771904.2	XP_003400892.2
OG0004772	XP_016916560.1	XP_006608194.1	XP_003692061.1	XP_043788887.1	XP_001120608.2	XP_012172148.1
OG0004773	XP_061940441.1	XP_031366774.1	XP_086764911.1	XP_043785994.1	XP_026300828.1	XP_048268033.1
OG0004774	XP_061940430.1	XP_031366806.1	XP_012343038.2	XP_043785756.1	XP_026300780.1	XP_012171984.1
OG0004775	XP_016916563.1	XP_006616734.1	XP_003694456.2	XP_043785592.1	XP_624012.3	XP_012171719.1
OG0004776	XP_016916566.2	XP_006616752.1	XP_003694409.1	XP_043785565.1	XP_006563093.1	XP_012171698.1
OG0004777	XP_016916567.1	XP_006616745.1	XP_003694354.1	XP_043785238.1	XP_623589.2	XP_020722319.2
OG0004778	XP_016916573.1	XP_006616699.1	XP_003694443.1	XP_043785676.1	XP_624469.3	XP_003400725.1
OG0004779	XP_016916574.1	XP_006616664.1	XP_031772900.2	XP_043785724.1	XP_625028.1	XP_003400968.1
OG0004780	XP_016916575.1	XP_006616712.1	XP_012343047.2	XP_043785654.1	XP_006563123.1	XP_003400744.3
OG0004781	XP_016916579.1	XP_006616703.1	XP_031772833.1	XP_043785770.1	XP_003250198.1	XP_012171740.2
OG0004782	XP_016916582.2	XP_006616794.1	XP_012342996.1	XP_043785816.1	XP_016770567.2	XP_048268118.1
OG0004783	XP_061940429.1	XP_031366820.1	XP_031772899.1	XP_043785723.1	XP_016771816.1	XP_020722354.2
OG0004784	XP_016916599.1	XP_006616763.1	XP_012342958.1	XP_043785387.1	XP_006563066.1	XP_048267961.1
OG0004785	XP_016916618.1	XP_006608181.1	XP_086758690.1	XP_043789063.1	XP_001122096.2	XP_012172136.2
OG0004786	XP_016916615.1	XP_031366802.1	XP_031772864.1	XP_043785390.1	XP_006563068.1	XP_012171677.1
OG0004787	XP_016916622.1	XP_006616705.1	XP_003694450.1	XP_043785671.1	XP_006563128.1	XP_012171739.1
OG0004788	XP_016916638.1	XP_031366753.1	XP_003694375.1	XP_043786048.1	XP_016773334.2	XP_003400911.1
OG0004789	XP_016916639.1	XP_006616749.1	XP_003694461.1	XP_043785594.1	XP_006563097.2	XP_003400695.1
OG0004790	XP_061940489.1	XP_006616750.1	XP_031772822.1	XP_043785369.1	XP_026300755.1	XP_012171700.1
OG0004791	XP_016916641.2	XP_006616683.1	XP_003694395.1	XP_043785519.1	XP_006565027.1	XP_012171752.1
OG0004792	XP_016916652.1	XP_006616710.1	XP_031772887.1	XP_043785655.1	XP_001122678.3	XP_003400718.3
OG0004793	XP_016916653.1	XP_006616720.1	XP_012343020.1	XP_043785287.1	XP_026300716.1	XP_003400905.1
OG0004794	XP_016916669.1	XP_006616800.2	XP_012342920.2	XP_043785297.1	XP_006563149.2	XP_003400759.1
OG0004795	XP_016916678.2	XP_006616788.1	XP_086764694.1	XP_043785249.1	XP_393474.5	XP_048267589.1
OG0004796	XP_016916691.1	XP_006616678.1	XP_003694426.1	XP_043785549.1	XP_003250560.1	XP_012171760.1
OG0004797	XP_016916692.1	XP_006616778.1	XP_003694368.1	XP_043786027.1	XP_393473.1	XP_003400764.1
OG0004798	XP_016916695.1	XP_006616779.1	XP_003694418.3	XP_043786025.1	XP_026300783.1	XP_003400724.2
OG0004799	XP_061940473.1	XP_031366750.1	XP_086764958.1	XP_043785729.1	XP_026300676.1	XP_048267979.1
OG0004800	XP_016916708.1	XP_031366762.1	XP_012342939.2	XP_043785418.1	XP_001122623.2	XP_012171741.1
OG0004801	XP_016916712.2	XP_006616768.1	XP_003694364.1	XP_043785265.1	XP_006563064.1	XP_003400758.1
OG0004802	XP_061940401.1	XP_031366807.1	XP_086764878.1	XP_043785711.1	XP_001121913.2	XP_003400961.1
OG0004803	XP_016916724.1	XP_006616735.1	XP_086764955.1	XP_043785580.1	XP_006563107.1	XP_003400719.1
OG0004804	XP_061940510.1	XP_031366827.1	XP_012343016.3	XP_043785576.1	XP_001121075.2	XP_003400862.1
OG0004805	XP_061932082.1	XP_006612677.1	XP_003692315.2	XP_043784327.1	XP_026296960.1	XP_048262554.1
OG0004806	XP_061941391.1	XP_031370817.1	XP_086758905.1	XP_043790405.1	XP_026301314.1	XP_003401969.2
OG0004807	XP_061941983.1	XP_006608157.1	XP_086758700.1	XP_043788917.1	XP_016772189.1	XP_003401155.3
OG0004808	XP_016916749.1	XP_006624756.1	XP_003695951.2	XP_043790793.1	XP_006557652.2	XP_012172580.1
OG0004809	XP_028523951.1	XP_006609107.1	XP_012345489.1	XP_043790625.1	XP_026301336.1	XP_012172866.2
OG0004810	XP_061941400.1	XP_006609090.1	XP_031773731.1	XP_043790602.1	XP_026301354.1	XP_048268718.1
OG0004811	XP_016916754.1	XP_006609057.1	XP_012345227.1	XP_043790653.1	XP_026301433.1	XP_012172558.1
OG0004812	XP_016916756.2	XP_031370522.1	XP_086758945.1	XP_043790788.1	XP_006557650.1	XP_012172577.1
OG0004813	XP_016916772.1	XP_006609115.1	XP_012345268.2	XP_043790533.1	XP_006559092.2	XP_012172723.2
OG0004814	XP_016916781.2	XP_031370891.1	XP_012345210.2	XP_043790634.1	XP_016772209.2	XP_012172672.2
OG0004815	XP_016916782.1	XP_006609059.1	XP_003696120.1	XP_043790636.1	XP_006558326.1	XP_003401390.1
OG0004816	XP_061941410.1	XP_006609103.1	XP_086758869.1	XP_043790867.1	XP_006558355.1	XP_003401482.1
OG0004817	XP_016916789.1	XP_006609062.1	XP_012345341.1	XP_043790638.1	XP_006558328.1	XP_012172673.1
OG0004818	XP_016916809.2	XP_006608184.1	XP_012339622.2	XP_043789082.1	XP_624838.1	XP_003401209.2
OG0004819	XP_016916806.1	XP_006609084.1	XP_003695791.2	XP_043790720.1	XP_392993.2	XP_012172693.1
OG0004820	XP_016916807.2	XP_006609085.1	XP_003695804.1	XP_043790731.1	XP_001122354.2	XP_012172692.3
OG0004821	XP_016916808.1	XP_006609076.1	XP_012345058.1	XP_043790433.1	XP_016772338.2	XP_003401468.1
OG0004822	XP_061941398.1	XP_006609081.1	XP_012345062.2	XP_043790372.1	XP_625108.2	XP_003401465.1
OG0004823	XP_016916816.2	XP_031370512.1	XP_086758956.1	XP_043790856.1	XP_006557654.1	XP_048268322.1
OG0004824	XP_016916823.1	XP_006608187.1	XP_003692145.2	XP_043789087.1	XP_624787.1	XP_003401206.1
OG0004825	XP_016916826.1	XP_031370861.1	XP_003695792.2	XP_043790729.1	XP_006558342.1	XP_003401472.2
OG0004826	XP_061941378.1	XP_031370840.1	XP_031773967.2	XP_043790551.1	XP_026301146.1	XP_048268303.1
OG0004827	XP_061941386.1	XP_031370847.1	XP_012345386.1	XP_043790556.1	XP_026301152.1	XP_012172676.1
OG0004828	XP_016916833.1	XP_006609072.1	XP_012345473.1	XP_043790482.1	XP_026301304.1	XP_003401461.1
OG0004829	XP_016916839.1	XP_006624743.1	XP_086758953.1	XP_043790569.1	XP_006557644.1	XP_012172573.2
OG0004830	XP_061941415.1	XP_006609109.1	XP_012345378.1	XP_043790557.1	XP_006558356.1	XP_048268657.1
OG0004831	XP_016916859.1	XP_006608206.1	XP_003692053.2	XP_043788976.1	XP_003250284.1	XP_012172165.1
OG0004832	XP_016916866.2	XP_006624758.1	XP_003696025.1	XP_043790853.1	XP_026301186.1	XP_003401404.1
OG0004833	XP_016916869.1	XP_006609092.1	XP_012345069.1	XP_043790351.1	XP_026301198.1	XP_048268661.1
OG0004834	XP_016916871.1	XP_006609095.1	XP_003695868.1	XP_043790352.1	XP_003249249.1	XP_003401602.1
OG0004835	XP_016916873.1	XP_006609086.1	XP_086758881.1	XP_043790498.1	XP_016772372.2	XP_012172694.2
OG0004836	XP_016916881.1	XP_006624735.1	XP_086758934.1	XP_043790369.1	XP_392728.4	XP_020722765.2
OG0004837	XP_016916894.2	XP_031364471.1	XP_003689918.3	XP_043802167.1	XP_006569362.2	XP_003402422.2
OG0004838	XP_028523998.1	XP_031364490.1	XP_086759831.1	XP_043802056.1	XP_026295825.1	XP_048261230.1
OG0004839	XP_061930462.1	XP_006611756.1	XP_003689932.4	XP_043801899.1	XP_026295930.1	XP_003394773.3
OG0004840	XP_016916908.1	XP_006611693.1	XP_012349275.1	XP_043802108.1	XP_001120652.1	XP_003402437.1
OG0004841	XP_016916912.2	XP_006608202.2	XP_086758713.1	XP_043789141.1	XP_006563609.1	XP_012172163.2
OG0004842	XP_016916911.1	XP_006611814.1	XP_003689954.2	XP_043802305.1	XP_624715.1	XP_003394852.1
OG0004843	XP_016916916.1	XP_006611694.1	XP_003689911.2	XP_043802176.1	XP_625254.1	XP_012174161.1
OG0004844	XP_061941996.1	XP_031366993.1	XP_012339783.1	XP_043788700.1	XP_006563668.1	XP_012172068.1
OG0004845	XP_061930491.1	XP_006611706.1	XP_086759770.1	XP_043802187.1	XP_026296240.1	XP_048261480.1
OG0004846	XP_016916929.1	XP_006611748.1	XP_003690039.2	XP_043802214.1	XP_001120915.2	XP_003402408.2
OG0004847	XP_061930350.1	XP_031364506.1	XP_086759904.1	XP_043802258.1	XP_026296020.1	XP_003395034.2
OG0004848	XP_016916948.2	XP_006608133.1	XP_086758653.1	XP_043789056.1	XP_393113.3	XP_012172065.2
OG0004849	XP_016916947.1	XP_006611826.1	XP_031772099.1	XP_043801999.1	XP_016767396.2	XP_048261172.1
OG0004850	XP_016916955.1	XP_031364507.1	XP_012341420.2	XP_043802250.1	XP_006569408.2	XP_003394909.1
OG0004851	XP_016916963.1	XP_006608134.1	XP_003692080.1	XP_043789049.1	XP_393211.4	XP_012172084.1
OG0004852	XP_061930481.1	XP_031364477.1	XP_086759802.1	XP_043802471.1	XP_026295945.1	XP_003402461.2
OG0004853	XP_028524000.1	XP_006611729.1	XP_003690036.1	XP_043802106.1	XP_016767213.1	XP_003402417.1
OG0004854	XP_016916973.1	XP_006611731.1	XP_086759819.1	XP_043802470.1	XP_016767214.1	XP_003402421.1
OG0004855	XP_016916981.2	XP_006611741.1	XP_012341518.2	XP_043801894.1	XP_006569370.1	XP_048261504.1
OG0004856	XP_016916983.2	XP_006611881.2	XP_012341545.2	XP_043801996.1	XP_006569369.2	XP_012174151.1
OG0004857	XP_016916986.1	XP_006611767.1	XP_003689945.1	XP_043802089.1	XP_001120633.2	XP_003394784.2
OG0004858	XP_016917001.2	XP_006611727.1	XP_086759795.1	XP_043801713.1	XP_006569358.1	XP_003402425.2
OG0004859	XP_016917005.1	XP_006611835.1	XP_086759916.1	XP_043802261.1	NP_001193898.1	XP_012174081.2
OG0004860	XP_016917010.1	XP_006608139.1	XP_003692085.1	XP_043789054.1	XP_006563667.1	XP_003401134.1
OG0004861	XP_016917009.2	XP_006611832.1	XP_003689971.1	XP_043802295.1	XP_001122506.2	XP_003402476.1
OG0004862	XP_016917013.1	XP_006611838.1	XP_012342130.1	XP_043802301.1	XP_006567189.2	XP_020723342.1
OG0004863	XP_016917032.1	XP_006608125.1	XP_003692088.2	XP_043788701.1	XP_001122466.1	XP_020722719.1
OG0004864	XP_016917049.1	XP_006611754.1	XP_003689924.1	XP_043801745.1	XP_006569379.1	XP_012174128.1
OG0004865	XP_016917050.2	XP_006611879.1	XP_012342792.2	XP_043802456.1	XP_006569341.2	XP_020723400.2
OG0004866	XP_016917051.1	XP_006611821.1	XP_012342048.2	XP_043802294.1	XP_026296024.1	XP_003395017.1
OG0004867	XP_016917057.1	XP_006611760.1	XP_003689933.2	XP_043802046.1	XP_396966.2	XP_003394770.1
OG0004868	XP_016917058.1	XP_006611759.1	XP_003689944.1	XP_043801933.1	XP_624574.2	XP_003394769.1
OG0004869	XP_016917061.1	XP_006611762.1	XP_003689935.1	XP_043802132.1	XP_006569396.1	XP_003394772.2
OG0004870	XP_028523991.2	XP_006611775.1	XP_031772298.1	XP_043802133.1	XP_026295804.1	XP_048260993.1
OG0004871	XP_016917073.1	XP_006611803.1	XP_012341456.1	XP_043802269.1	XP_624805.1	XP_012163271.1
OG0004872	XP_061930377.1	XP_006611804.1	XP_086759845.1	XP_043802262.1	XP_394462.2	XP_012163253.2
OG0004873	XP_016917078.1	XP_031364534.1	XP_012341615.1	XP_043791176.1	XP_006571878.1	XP_012168378.1
OG0004874	XP_016917081.1	XP_006611988.1	XP_086770139.1	XP_043791178.1	XP_026295374.1	XP_048265264.1
OG0004875	XP_061942113.1	XP_006620771.1	XP_012348288.2	XP_043791993.1	XP_001120441.2	XP_003398697.2
OG0004876	XP_061935495.1	XP_031365259.1	XP_086759590.1	XP_043801674.1	XP_006559974.1	XP_003397620.1
OG0004877	XP_061933785.1	XP_031369563.1	XP_086771390.1	XP_043801401.1	XP_003249244.1	XP_003397357.1
OG0004878	XP_061933760.1	XP_031366950.1	XP_086770907.1	XP_043786775.1	XP_026298039.1	XP_048263895.1
OG0004879	XP_028524047.2	XP_031366951.1	XP_031771299.2	XP_043786772.1	XP_001122632.3	XP_020719754.2
OG0004880	XP_016917138.2	XP_006617012.1	XP_012339825.3	XP_043786757.1	XP_006557334.2	XP_048264251.1
OG0004881	XP_016917145.1	XP_006617027.1	XP_003692190.1	XP_043785120.1	XP_001120056.1	XP_003397313.1
OG0004882	XP_016917153.1	XP_006608273.1	XP_003692062.2	XP_043788869.1	XP_001119915.1	XP_012172217.2
OG0004883	XP_016917154.1	XP_006617038.1	XP_086770905.1	XP_043784489.1	XP_006557328.1	XP_048264188.1
OG0004884	XP_016917170.1	XP_031367663.1	XP_086765030.1	XP_043785598.1	XP_026300802.1	XP_020722261.1
OG0004885	XP_028524060.1	XP_031367675.1	XP_031773174.2	XP_043785656.1	XP_026301029.1	XP_048268247.1
OG0004886	XP_061940798.1	XP_006618372.1	XP_003694781.1	XP_043785239.1	XP_625190.1	XP_003400536.1
OG0004887	XP_016917177.1	XP_006618429.1	XP_003694801.1	XP_043785673.1	XP_006564913.1	XP_003400622.1
OG0004888	XP_016917181.1	XP_006621787.1	XP_003694774.1	XP_043785553.1	XP_394025.4	XP_003400465.1
OG0004889	XP_061941893.1	XP_006608271.1	XP_012339703.1	XP_043788872.1	XP_016772029.1	XP_003401073.2
OG0004890	XP_016917191.2	XP_006618386.1	XP_012343586.2	XP_043785624.1	XP_003250536.2	XP_020722151.1
OG0004891	XP_016917192.1	XP_006618411.1	XP_086765024.1	XP_043785438.1	XP_006564888.1	XP_048268006.1
OG0004892	XP_061940766.1	XP_031367656.1	XP_086765012.1	XP_043786046.1	XP_026300966.1	XP_048267938.1
OG0004893	XP_016917207.1	XP_006618416.1	XP_003694805.1	XP_043785771.1	XP_001122256.1	XP_003400624.1
OG0004894	XP_016917209.1	XP_006621791.1	XP_003694768.2	XP_043785629.1	XP_016771581.2	XP_012171271.1
OG0004895	XP_061941957.1	XP_031367472.1	XP_012339768.1	XP_043788989.1	XP_026301084.1	XP_048268621.1
OG0004896	XP_016917219.1	XP_006621789.1	XP_003694772.1	XP_043785859.1	XP_016771594.1	XP_003400459.1
OG0004897	XP_028524099.2	XP_006621782.1	XP_012343503.2	XP_043785861.1	XP_394026.2	XP_003400461.1
OG0004898	XP_016917227.1	XP_031367450.1	XP_003692050.1	XP_043788978.1	XP_026301086.1	XP_012172169.1
OG0004899	XP_016917223.2	XP_006615126.1	XP_012343550.2	XP_043785890.1	XP_003250547.2	XP_003400587.2
OG0004900	XP_016917235.1	XP_006615106.1	XP_012343560.1	XP_043785918.1	XP_006564938.1	XP_048267747.1
OG0004901	XP_016917242.2	XP_006608210.2	XP_012339766.1	XP_043788980.1	XP_016772014.1	XP_003401027.2
OG0004902	XP_016917240.1	XP_006615103.1	XP_003694813.1	XP_043785900.1	XP_006564955.1	XP_003400592.1
OG0004903	XP_016917256.1	XP_006608213.1	XP_003692051.2	XP_043788985.1	XP_001121657.1	XP_003401028.1
OG0004904	XP_016917257.1	XP_006615120.1	XP_086765424.1	XP_043785820.1	XP_003250539.1	XP_003400581.1
OG0004905	XP_016917262.1	XP_006615115.1	XP_003694816.1	XP_043785584.1	XP_001121591.2	XP_003400584.1
OG0004906	XP_061941961.1	XP_031367467.1	XP_012339767.1	XP_043788988.1	XP_016772017.1	XP_012172167.1
OG0004907	XP_061940738.1	XP_006618442.2	XP_086764971.1	XP_043785422.1	XP_001120731.3	XP_003400600.1
OG0004908	XP_061940648.1	XP_006615128.1	XP_086765411.1	XP_043785523.1	XP_016771495.1	XP_012171523.1
OG0004909	XP_016917285.2	XP_006618373.2	XP_086765055.1	XP_043785587.1	XP_006565864.2	XP_003400533.2
OG0004910	XP_061940800.1	XP_031367678.1, XP_031367679.1	XP_031773175.2	XP_043785588.1		XP_048268264.1
OG0004911	XP_061940730.1	XP_031367627.1	XP_086764967.1	XP_043785419.1	XP_392019.4	XP_003400598.2
OG0004912	XP_016917292.1	XP_006618368.1	XP_031773118.1	XP_043785396.1	XP_006565854.1	XP_003400470.1
OG0004913	XP_028524072.2	XP_006618418.1	XP_003694787.1	XP_043785279.1	XP_006564911.3	XP_003400607.1
OG0004914	XP_016917297.1	XP_031367631.1	XP_012343616.1	XP_043785280.1	XP_006564903.1	XP_048267903.1
OG0004915	XP_016917308.1	XP_006621784.1	XP_003694775.1	XP_043785432.1	XP_006565842.1	XP_003400463.1
OG0004916	XP_016917318.1	XP_006618382.1	XP_012343644.2	XP_043785240.1	XP_006564878.1	XP_020722074.1
OG0004917	XP_016917328.1	XP_031367673.1	XP_086764991.1	XP_043785429.1	XP_006564868.1	XP_003400602.1
OG0004918	XP_016917329.1	XP_006618432.1	XP_003694792.3	XP_043785166.1	XP_394020.3	XP_048267899.1
OG0004919	XP_016917330.1	XP_006618433.1	XP_012343649.1	XP_043785167.1	XP_006564915.1	XP_003400619.1
OG0004920	XP_061940745.1	XP_006618444.1	XP_003694795.1	XP_043785428.1	XP_394018.2	XP_003400606.1
OG0004921	XP_016917333.1	XP_006618434.1	XP_003694793.2	XP_043785490.1	XP_001122116.2	XP_012171547.1
OG0004922	XP_061940844.1	XP_031369267.1	XP_086765132.1	XP_043785486.1	XP_006565836.1	XP_003400453.1
OG0004923	XP_028524100.2	XP_006618369.1	XP_031773092.2	XP_043785161.1	XP_006565860.3	XP_012171287.1
OG0004924	XP_016917345.1	XP_006618391.1	XP_003694788.1	XP_043785622.1	XP_006564886.1	XP_003400612.1
OG0004925	XP_016917358.2	XP_031368669.1	XP_031775263.2	XP_043786745.1	XP_006561421.2	XP_012173726.1
OG0004926	XP_061933681.1	XP_031368419.1	XP_012344210.1	XP_043794643.1	XP_393404.2	XP_003397026.1
OG0004927	XP_061929078.1	XP_031365601.1	XP_086764328.1	XP_043784257.1	XP_026295521.1	XP_003394158.2
OG0004928	XP_061929106.1	XP_006614898.1	XP_012350478.2	XP_043784061.1	XP_026295176.1	XP_012175963.1
OG0004929	XP_016917375.2	XP_006614861.1	XP_003690960.2	XP_043803332.1	XP_003251447.1	XP_003402867.1
OG0004930	XP_016917392.1	XP_006614886.1	XP_086764317.1	XP_043803098.1	XP_006569907.1	XP_003394178.3
OG0004931	XP_016917399.1	XP_006622174.1	XP_012350390.2	XP_043802337.1	XP_001120957.3	XP_003394167.1
OG0004932	XP_016917400.1	XP_006622170.1	XP_086764334.1	XP_043802468.1	XP_006569282.1	XP_048260017.1
OG0004933	XP_061929089.1	XP_006622163.1	XP_086764340.1	XP_043784186.1	XP_624531.3	XP_003394165.1
OG0004934	XP_016917409.1	XP_006614868.1	XP_003690956.1	XP_043802592.1	XP_392259.4	XP_003402863.1
OG0004935	XP_016917416.1	XP_006614905.1	XP_012350605.2	XP_043803829.1	XP_006569276.1	XP_012175930.1
OG0004936	XP_016917430.1	XP_006614906.1	XP_012350387.2	XP_043802883.1	XP_026295147.1	XP_020724099.1
OG0004937	XP_016917437.1	XP_006614892.1	XP_012350476.1	XP_043803127.1	XP_026295328.1	XP_012175956.1
OG0004938	XP_016917440.1	XP_006614891.1	XP_003690942.1	XP_043804060.1	XP_006569904.1	XP_003394179.1
OG0004939	XP_061929082.1	XP_006622181.1	XP_003691020.2	XP_043803744.1	XP_006569289.1	XP_048260015.1
OG0004940	XP_016917443.1	XP_006622183.1	XP_086764330.1	XP_043803239.1	XP_392265.4	XP_003394159.1
OG0004941	XP_061929117.1	XP_031365877.1	XP_086764459.1	XP_043804420.1	XP_026295628.1	XP_012174572.2
OG0004942	XP_016917451.3	XP_031365600.1	XP_003690931.2	XP_043803854.1	XP_026295523.1	XP_048260009.1
OG0004943	XP_016917467.1	XP_006614900.1	XP_003690940.2	XP_043784150.1	XP_624334.2	XP_003394184.1
OG0004944	XP_016917470.2	XP_006614236.1	XP_003691017.3	XP_043802866.1	XP_001120679.2	XP_003394378.2
OG0004945	XP_016917477.1	XP_006622175.1	XP_003691021.2	XP_043803319.1	XP_392262.4	XP_003394163.2
OG0004946	XP_061929163.1	XP_031365887.1	XP_012350549.2	XP_043799100.1	XP_026295641.1	XP_012174586.2
OG0004947	XP_061934586.1	XP_006609857.1	XP_086762172.1	XP_043796861.1	XP_392499.4	XP_003401849.2
OG0004948	XP_016917485.2	XP_006614555.1	XP_003694538.1	XP_043787485.1	XP_001120619.2	XP_003400139.1
OG0004949	XP_028524164.2	XP_031365424.1	XP_086766697.1	XP_043784143.1	XP_026298956.1	XP_012167889.2
OG0004950	XP_016917497.2	XP_031366490.1	XP_031770966.1	XP_043784217.1	XP_006562930.1	XP_012168204.1
OG0004951	XP_061936920.1	XP_006609980.2	XP_012339062.2	XP_043784203.1	XP_026299180.1	XP_012168448.2
OG0004952	XP_016917499.1	XP_031366502.1	XP_003691657.2	XP_043784154.1	XP_006562891.1	XP_012167898.1
OG0004953	XP_061936981.1	XP_031365427.1	XP_012339079.2	XP_043784148.1	XP_026298955.1	XP_012167892.3
OG0004954	XP_016917502.1	XP_006613899.1	XP_086766724.1	XP_043784171.1	XP_026299046.1	XP_003398210.1
OG0004955	XP_016917516.2	XP_031365436.1	XP_031770976.2	XP_043784181.1	XP_006562848.2	XP_020720645.2
OG0004956	XP_061937001.1	XP_006613903.1	XP_012339102.1	XP_043784182.1	XP_006562862.1	XP_020720680.1
OG0004957	XP_016917527.1	XP_006613896.1	XP_003693469.2	XP_043784164.1	XP_624879.1	XP_012167870.1
OG0004958	XP_016917537.1	XP_006613880.1	XP_012339049.2	XP_043784072.1	XP_006562871.1	XP_012167873.1
OG0004959	XP_016917555.1	XP_006616083.1	XP_003691675.1	XP_043784101.1	XP_006562918.1	XP_012167766.1
OG0004960	XP_061936955.1	XP_006616077.1	XP_003691643.1	XP_043784149.1	XP_395767.4	XP_003398442.1
OG0004961	XP_016917569.1	XP_006616067.1	XP_086766669.1	XP_043784090.1	XP_001121833.2	XP_048265649.1
OG0004962	XP_061936969.1	XP_031366486.1	XP_003691668.3	XP_043784094.1	XP_393720.4	XP_003398367.3
OG0004963	XP_016917574.1	XP_006616070.1	XP_003691670.1	XP_043784097.1	XP_003250167.2	XP_003398384.2
OG0004964	XP_016917575.1	XP_006616072.1	XP_003691671.2	XP_043784201.1	XP_391852.2	XP_003398356.1
OG0004965	XP_016917576.1	XP_006616073.1	XP_003691672.2	XP_043784202.1	XP_006562906.1	XP_003398375.1
OG0004966	XP_016917578.2	XP_006609969.1	XP_086766639.1	XP_043784244.1	XP_026299200.1	XP_003398459.2
OG0004967	XP_016917579.1	XP_006609955.1	XP_003691613.1	XP_043784246.1	XP_026299201.1	XP_020720757.1
OG0004968	XP_028524184.1	XP_006609966.1	XP_003691617.2	XP_043784165.1	XP_006562935.2	XP_048265336.1
OG0004969	XP_061936924.1	XP_006609964.1	XP_003691620.1	XP_043784159.1	XP_026299097.1	XP_048265354.1
OG0004970	XP_061936930.1	XP_006616095.1	XP_031770947.2	XP_043784216.1	XP_395159.2	XP_003398469.2
OG0004971	XP_016917606.1	XP_006616092.1	XP_003691608.1	XP_043784223.1	XP_001121369.1	XP_048265361.1
OG0004972	XP_016917611.1	XP_006608199.1	XP_003692055.1	XP_043788674.1	XP_006563616.1	XP_012172151.2
OG0004973	XP_016917619.1	XP_006616084.1	XP_086766657.1	XP_043784080.1	XP_006562919.1	XP_048265712.1
OG0004974	XP_016917624.1	XP_006616054.1	XP_012339043.1	XP_043784239.1	XP_006562896.1	XP_012167904.1
OG0004975	XP_016917628.1	XP_006616052.1	XP_012339039.1	XP_043784243.1	XP_006562893.1	XP_003398235.2
OG0004976	XP_016917631.2	XP_006609952.2	XP_012339100.3	XP_043784233.1	XP_006562933.1	XP_048265346.1
OG0004977	XP_061933399.1	XP_031364191.1	XP_086766380.1	XP_043795945.1	XP_016768447.1	XP_003396995.1
OG0004978	XP_016917636.1	XP_006611222.1	XP_003693007.1	XP_043795857.1	XP_003251227.1	XP_003396994.1
OG0004979	XP_016917640.1	XP_006608201.1	XP_086758711.1	XP_043788677.1	XP_001121815.3	XP_003401024.3
OG0004980	XP_061937432.1	XP_006624310.2	XP_003693750.2	XP_043801457.1	XP_026299582.1	XP_003396568.2
OG0004981	XP_016917643.1	XP_006615578.2	XP_003693729.2	XP_043801445.1	XP_026299560.1	XP_020719242.2
OG0004982	XP_061937443.1	XP_006615579.1	XP_003693734.1	XP_043801443.1	XP_001120146.1	XP_003396691.1
OG0004983	XP_016917651.2	XP_006608287.2	XP_003692136.3	XP_043788944.1	XP_001121888.2	XP_012172150.2
OG0004984	XP_061940187.1	XP_006624549.1	XP_086770773.1	XP_043790260.1	XP_026301741.1	XP_003393401.3
OG0004985	XP_028520122.1	XP_006613087.1	XP_012347688.3	XP_043795128.1	XP_001121969.2	XP_003397763.1
OG0004986	XP_016917656.1	XP_006624878.1	XP_012342083.2	XP_043801428.1	XP_006572407.1	XP_012166180.1
OG0004987	XP_016917657.1	XP_006624877.1	XP_003693733.1	XP_043801447.1	XP_001122178.2	XP_003396494.1
OG0004988	XP_016917669.1	XP_006624305.2	XP_003693731.2	XP_043801435.1	XP_001122836.3	XP_012166175.2
OG0004989	XP_016917691.1	XP_006608243.1	XP_003692177.1	XP_043788652.1	XP_001121277.2	XP_020722751.2
OG0004990	XP_061943172.1	XP_006619934.1	XP_086767879.1	XP_043794444.1	XP_026297873.1	XP_003393279.1
OG0004991	XP_061931667.1	XP_006623611.1	XP_086772073.1	XP_043802679.1	XP_026296881.1	XP_003395316.1
OG0004992	XP_061931702.1	XP_006623966.1	XP_086772104.1	XP_043802765.1	XP_026296681.1	XP_003395341.1
OG0004993	XP_016917709.1	XP_006608152.1	XP_003692082.1	XP_043789095.1	XP_001122341.1	XP_003401188.2
OG0004994	XP_016917708.1	XP_006617294.2	XP_086772007.1	XP_043802791.1	XP_026296602.1	XP_003395748.1
OG0004995	XP_016917728.2	XP_006608130.1	XP_031771265.2	XP_043788833.1	XP_026301178.1	XP_048268593.1
OG0004996	XP_016917717.2	XP_006623685.1	XP_086772040.1	XP_043802785.1	XP_001122617.2	XP_003395287.1
OG0004997	XP_016917726.1	XP_006623968.2	XP_086772106.1	XP_043802644.1	XP_006572356.1	XP_003403275.1
OG0004998	XP_061931620.1	XP_031370316.1	XP_003689829.2	XP_043802758.1	XP_623864.3	XP_012164426.1
OG0004999	XP_016917736.1	XP_006624285.1	XP_012340487.2	XP_043802751.1	XP_006571948.2	XP_048261590.1
OG0005000	XP_016917742.1	XP_006617295.1	XP_003689852.2	XP_043802666.1	XP_395899.2	XP_048262082.1
OG0005001	XP_016917750.1	XP_006623688.1	XP_003689877.1	XP_043802723.1	XP_003251833.2	XP_003395285.1
OG0005002	XP_016917760.1	XP_031370151.1	XP_086771167.1	XP_043785148.1	XP_006560078.2	XP_012164286.1
OG0005003	XP_016917762.1	XP_006617364.1	XP_003691577.1	XP_043785137.1	XP_006560077.1	XP_003395762.1
OG0005004	XP_061931767.1	XP_006617307.1	XP_012339695.3	XP_043802683.1	XP_026296861.1	XP_048269655.1
OG0005005	XP_016917772.1	XP_006617370.1	XP_003689859.1	XP_043802770.1	XP_001120450.1	XP_012173550.2
OG0005006	XP_016917779.1	XP_006624292.1	XP_086772051.1	XP_043802699.1	XP_006572088.1	XP_003395309.1
OG0005007	XP_061931728.1	XP_031367079.1	XP_012339987.3	XP_043802798.1	XP_026296603.1	XP_048261638.1
OG0005008	XP_028524246.1	XP_031367100.1	XP_086771192.1	XP_043785126.1	XP_026296787.1	XP_012173564.1
OG0005009	XP_016917802.1	XP_006617356.1	XP_003697429.3	XP_043785145.1	XP_003249561.2	XP_003395875.1
OG0005010	XP_016917807.1	XP_006623695.1	XP_012340141.1	XP_043802742.1	XP_026296631.1	XP_048261607.1
OG0005011	XP_061931586.1	XP_006618803.1	XP_003689861.1	XP_043802817.1	XP_026296460.1	XP_048261595.1
OG0005012	XP_016917823.2	XP_006624711.1	XP_012340654.1	XP_043802783.1	XP_623739.2	XP_003395275.1
OG0005013	XP_061931684.1	XP_006608621.2	XP_012339647.1	XP_043802780.1	XP_003251882.2	XP_012164463.1
OG0005014	XP_061931676.1	XP_006608625.1	XP_012340237.2	XP_043802724.1	XP_623918.4	XP_012164466.1
OG0005015	XP_016917831.1	XP_006617289.1	XP_012340527.1	XP_043802665.1	XP_006557287.1	XP_020718944.1
OG0005016	XP_016917838.1	XP_006617346.1	XP_012347173.2	XP_043785117.1	XP_006559843.1	XP_020718958.1
OG0005017	XP_016917840.1	XP_006617345.1	XP_086771184.1	XP_043785140.1	XP_016767946.2	XP_048269721.1
OG0005018	XP_016917849.1	XP_006608845.1	XP_003693940.1	XP_043800692.1	XP_395437.4	XP_020719140.2
OG0005019	XP_016917853.1	XP_031370549.1	XP_031771257.2	XP_043802695.1	XP_026296507.1	XP_012164518.2
OG0005020	XP_061931646.1	XP_006624796.1	XP_012340567.1	XP_043802660.1	XP_006572082.1	XP_012164443.1
OG0005021	XP_016917859.2	XP_031370137.1	XP_012342309.1	XP_043800766.1	XP_026297053.1	XP_012164559.1
OG0005022	XP_016917863.2	XP_006617368.2	XP_031771296.2	XP_043802812.1	XP_026296778.1	XP_048269752.1
OG0005023	XP_016917865.1	XP_006608632.1	XP_086772093.1	XP_043802735.1	XP_026296373.1	XP_003395337.1
OG0005024	XP_028524210.1	XP_031369241.1	XP_086772098.1	XP_043802797.1	XP_006572354.1	XP_048261936.1
OG0005025	XP_061931719.1	XP_006623964.1	XP_003689810.1	XP_043802711.1	XP_397248.4	XP_020718890.1
OG0005026	XP_016917874.1	XP_006624805.1	XP_003689796.1	XP_043802674.1	XP_006572385.1	XP_003395313.1
OG0005027	XP_016917878.1	XP_006624808.1	XP_086772075.1	XP_043802793.1	XP_006572388.1	XP_012164453.1
OG0005028	XP_016917879.1	XP_006624966.1	XP_012339908.2	XP_043802641.1	XP_006572176.2	XP_048261909.1
OG0005029	XP_061931556.1	XP_006612822.2	XP_031774424.1	XP_043801373.1	XP_016767867.1	XP_003395877.1
OG0005030	XP_028524218.1	XP_006617367.1	XP_086772011.1	XP_043802647.1	XP_026296656.1	XP_012164277.1
OG0005031	XP_016917909.2	XP_006617301.1	XP_031771633.2	XP_043802755.1	XP_001120449.2	XP_012173522.2
OG0005032	XP_016917915.2	XP_006617300.2	XP_012340621.2	XP_043802827.1	XP_001120386.3	XP_003395758.1
OG0005033	XP_028524316.1	XP_031366845.1	XP_012340597.2	XP_043787320.1	XP_006566253.2	XP_012167735.2
OG0005034	XP_016917928.1	XP_031369078.1	XP_031771710.2	XP_043791305.1	XP_016769935.1	XP_048265698.1
OG0005035	XP_016917932.1	XP_006616822.1	XP_012340606.1	XP_043787318.1	XP_006566251.1	XP_012167733.1
OG0005036	XP_016917934.2	XP_006608843.1	XP_003693942.3	XP_043800663.1	XP_026297323.1	XP_003395982.2
OG0005037	XP_016917933.1	XP_006621365.1	XP_003692859.2	XP_043791379.1	XP_001122336.3	XP_003398055.2
OG0005038	XP_016917935.2	XP_006612993.1	XP_003692723.1	XP_043791378.1	XP_624367.3	XP_003403345.2
OG0005039	XP_028524270.1	XP_031369071.1	XP_012340655.2	XP_043791381.1	XP_026299237.1	XP_003398252.2
OG0005040	XP_016917950.1	XP_006616834.1	XP_012340705.2	XP_043786960.1	XP_006566224.2	XP_012168462.1
OG0005041	XP_061936504.1	XP_006616804.2	XP_086772618.1	XP_043791297.1	XP_623982.2	XP_012167748.1
OG0005042	XP_061936508.1	XP_031369072.1	XP_031771699.1	XP_043791441.1	XP_016769932.1	XP_020720563.2
OG0005043	XP_016917970.1	XP_006621356.1	XP_003692744.1	XP_043791439.1	XP_016769931.2	XP_048265696.1
OG0005044	XP_061936514.1	XP_006621358.1	XP_003692745.1	XP_043791443.1	XP_393146.1	XP_003398291.1
OG0005045	XP_016917979.1	XP_006613003.1	XP_003692725.1	XP_043791326.1	XP_393667.1	XP_003403342.1
OG0005046	XP_061935242.1	XP_006625257.2	XP_086774063.1	XP_043795037.1	XP_006561723.2	XP_048264486.1
OG0005047	XP_016917986.1	XP_006607977.1	XP_086772598.1	XP_043791350.1	XP_006569237.2	XP_003398069.1
OG0005048	XP_016917992.1	XP_006608838.1	XP_086763434.1	XP_043800672.1	XP_001121426.2	XP_003396117.1
OG0005049	XP_016917995.1	XP_006616874.2	XP_003692864.3	XP_043787275.1	XP_006566264.1	XP_003398205.2
OG0005050	XP_061932137.1	XP_006608832.1	XP_003693935.1	XP_043800698.1	XP_026297294.1	XP_048262666.1
OG0005051	XP_061936516.1	XP_031369082.1	XP_012340652.2	XP_043791263.1	XP_397488.4	XP_003398056.2
OG0005052	XP_016918009.1	XP_006616831.1	XP_003692762.2	XP_043787260.1	XP_006566221.2	XP_048265512.1
OG0005053	XP_061936717.1	XP_006624276.2	XP_086772679.1	XP_043791268.1	XP_026298998.1	XP_012168419.2
OG0005054	XP_016918027.2	XP_006607976.2	XP_012340636.2	XP_043791348.1	XP_006569243.1	XP_003398068.2
OG0005055	XP_016918032.1	XP_006616823.1	XP_086772694.1	XP_043787317.1	XP_006566259.1	XP_003398169.1
OG0005056	XP_016918039.1	XP_006616873.1	XP_086772621.1	XP_043791252.1	XP_026299099.1	XP_003398079.3
OG0005057	XP_061934885.1	XP_031369430.1	XP_086762395.1	XP_043797317.1	XP_026298304.1	XP_012173203.2
OG0005058	XP_061935063.1	XP_006610421.1	XP_086762377.1	XP_043796546.1	XP_026298043.1	XP_048269123.1
OG0005059	XP_061933385.1	XP_006615422.1	XP_031771760.1	XP_043784032.1	XP_394663.3	XP_003396769.2
OG0005060	XP_016918074.1	XP_006608761.1	XP_003694055.2	XP_043800695.1	XP_001120224.2	XP_020719066.1
OG0005061	XP_061938947.1	XP_006615672.1	XP_003695208.2	XP_043804222.1	XP_393651.3	XP_003399865.2
OG0005062	XP_061937043.1	XP_006613914.1	XP_086770118.1	XP_043786823.1	XP_006564519.2	XP_012167854.1
OG0005063	XP_016918114.2	XP_031365437.1	XP_012343530.2	XP_043784189.1	XP_001122185.1	XP_012167858.1
OG0005064	XP_016918118.1	XP_006608846.1	XP_012342291.2	XP_043800648.1	XP_392810.3	XP_003395987.1
OG0005065	XP_016918124.1	XP_006621037.1	XP_086771520.1	XP_043796042.1	XP_006571081.1	XP_003393407.1
OG0005066	XP_016918125.1	XP_006621039.1	XP_003694958.1	XP_043796056.1	XP_393204.1	XP_012168062.1
OG0005067	XP_016918128.1	XP_006613952.1	XP_086770133.1	XP_043784193.1	XP_026299129.1	XP_012168430.3
OG0005068	XP_016918131.2	XP_006621407.2	XP_012341363.1	XP_043798353.1	XP_026299519.1	XP_003398683.1
OG0005069	XP_061938572.1	XP_006621404.1	XP_031772077.1	XP_043798656.1	XP_003251546.2	XP_003398682.2
OG0005070	XP_016918135.1	XP_006612635.2	XP_086769119.1	XP_043796367.1	XP_006570184.1	XP_020719217.1
OG0005071	XP_016918142.1	XP_006612577.1	XP_003693674.1	XP_043796148.1	XP_016773389.2	XP_012165420.2
OG0005072	XP_016918150.1	XP_006612587.1	XP_003693592.2	XP_043796203.1	XP_001120151.1	XP_012165423.1
OG0005073	XP_028524361.1	XP_006612552.1	XP_003693605.2	XP_043796064.1	XP_006570173.2	XP_003396801.2
OG0005074	XP_016918158.1	XP_006612553.1	XP_003693604.1	XP_043796198.1	XP_397552.4	XP_003396803.1
OG0005075	XP_016918171.1	XP_006612564.1	XP_086768957.1	XP_043796076.1	XP_016768475.1	XP_012165433.1
OG0005076	XP_028524363.2	XP_031364819.1	XP_086768962.1	XP_043796232.1	XP_026301635.1	XP_048263566.1
OG0005077	XP_016918178.1	XP_006612557.1	XP_012341994.1	XP_043796231.1	XP_026296616.1	XP_012165943.2
OG0005078	XP_061929448.1	XP_006612558.1	XP_012341869.1	XP_043796160.1	XP_006570153.1	XP_012165426.1
OG0005079	XP_016918188.2	XP_006612581.1	XP_003693596.1	XP_043796205.1	XP_001120526.3	XP_003396398.3
OG0005080	XP_016918189.1	XP_006612545.1	XP_086768867.1	XP_043796371.1	XP_006570179.1	XP_020719355.1
OG0005081	XP_016918191.2	XP_006612544.1	XP_012341673.2	XP_043796369.1	XP_006570181.2	XP_048262959.1
OG0005082	XP_016918193.1	XP_031364782.1	XP_012341682.1	XP_043796314.1	XP_006570182.1	XP_012165922.1
OG0005083	XP_016918196.1	XP_006608819.1	XP_086763418.1	XP_043800703.1	XP_003250418.1	XP_012164561.1
OG0005084	XP_016918200.1	XP_031364812.1	XP_003693594.1	XP_043796294.1	XP_397545.2	XP_048263492.1
OG0005085	XP_061928661.1	XP_006612622.1	XP_003693579.2	XP_043796334.1	XP_006570095.2	XP_003396375.1
OG0005086	XP_016918214.1	XP_006612628.1	XP_003693584.1	XP_043796142.1	XP_006570106.1	XP_012165403.1
OG0005087	XP_028524404.1	XP_006612585.1	XP_012341770.1	XP_043796214.1	XP_006570134.1	XP_048263490.1
OG0005088	XP_016918224.1	XP_006608826.1	XP_086763426.1	XP_043800758.1	XP_026296923.1	XP_003395965.1
OG0005089	XP_016918231.1	XP_006612532.1	XP_003693614.1	XP_043796309.1	XP_393236.2	XP_003396790.1
OG0005090	XP_016918232.1	XP_006612591.1	XP_003693672.1	XP_043796099.1	XP_001122688.2	XP_003396390.1
OG0005091	XP_016918243.1	XP_006612539.1	XP_003693615.1	XP_043796312.1	XP_396686.2	XP_020719210.1
OG0005092	XP_016918256.2	XP_006612596.2	XP_086768985.1	XP_043796224.1	XP_003251494.2	XP_003396385.1
OG0005093	XP_061929126.1	XP_006612593.1	XP_003693671.1	XP_043796226.1	XP_003251506.2	XP_003396386.2
OG0005094	XP_016918271.1	XP_006608817.1	XP_003693946.3	XP_043800762.1	XP_396639.1	XP_012164554.1
OG0005095	XP_028524462.1	XP_006607604.1	XP_012342747.2	XP_043796952.1	XP_003250338.1	XP_003401913.1
OG0005096	XP_061934412.1	XP_031364107.1	XP_086762038.1	XP_043797097.1	XP_026298204.1	XP_048269327.1
OG0005097	XP_016918299.1	XP_006607599.1	XP_003694162.3	XP_043796740.1	XP_624533.1	XP_003401865.1
OG0005098	XP_016918301.1	XP_006607601.1	XP_003694161.1	XP_043796494.1	XP_006563814.1	XP_020722962.1
OG0005099	XP_016918312.1	XP_006607641.1	XP_012342641.1	XP_043796885.1	XP_003250507.1	XP_012173013.1
OG0005100	XP_061934485.1	XP_006607627.1	XP_031772642.2	XP_043797005.1	XP_006564574.1	XP_003401715.1
OG0005101	XP_028520668.2	XP_006621022.1	XP_003690200.3	XP_043795169.1	XP_026298617.1	XP_003398006.2
OG0005102	XP_016918332.1	XP_031370167.1	XP_012342300.3	XP_043800685.1	XP_396640.4	XP_048262906.1
OG0005103	XP_016918334.1	XP_006607610.1	XP_003694156.1	XP_043796797.1	XP_016768990.1	XP_048269366.1
OG0005104	XP_016918335.2	XP_031363962.1	XP_086762058.1	XP_043797343.1	XP_026297821.1	XP_012173022.2
OG0005105	XP_016918348.1	XP_006607653.1	XP_003694138.2	XP_043797351.1	XP_392767.4	XP_003401910.1
OG0005106	XP_016918352.1	XP_006607582.1	XP_003694168.1	XP_043797307.1	XP_393479.3	XP_003403111.1
OG0005107	XP_016918353.1	XP_006607579.1	XP_086762021.1	XP_043796759.1	XP_026298090.1	XP_012174951.1
OG0005108	XP_016918359.2	XP_006608902.1	XP_086763468.1	XP_043800711.1	XP_006564182.3	XP_048262533.1
OG0005109	XP_061934483.1	XP_006607583.1	XP_086762034.1	XP_043797311.1	XP_397054.2	XP_012174948.1
OG0005110	XP_016918363.2	XP_006607571.1	XP_012342567.1	XP_043797166.1	XP_006563841.1	XP_003403099.2
OG0005111	XP_016918372.1	XP_006607569.1	XP_012342582.1	XP_043797175.1	XP_624109.1	XP_003403102.1
OG0005112	XP_016918376.2	XP_006607589.1	XP_003694170.1	XP_043796736.1	XP_393483.2	XP_012174946.1
OG0005113	XP_016918380.2	XP_031364592.1	XP_031774533.2	XP_043789688.1	XP_006561967.2	XP_012167425.2
OG0005114	XP_061934482.1	XP_006607585.1	XP_012342659.1	XP_043797309.1	XP_006563826.1	XP_012174941.1
OG0005115	XP_016918386.1	XP_031371263.1	XP_031772625.1	XP_043796706.1	XP_394908.4	XP_020723767.1
OG0005116	XP_016918388.1	XP_006607559.1	XP_003694188.2	XP_043796951.1	XP_006563842.1	XP_012175091.2
OG0005117	XP_016918394.1	XP_006607631.1	XP_003694147.2	XP_043796668.1	XP_397283.1	XP_003401724.1
OG0005118	XP_016918395.1	XP_006607632.1	XP_031772637.1	XP_043797326.1	XP_001122245.1	XP_003401766.1
OG0005119	XP_016918404.1	XP_006621833.1	XP_086760810.1	XP_043793285.1	XP_624292.1	XP_003395810.3
OG0005120	XP_061934404.1	XP_031363935.1	XP_003694173.1	XP_043796896.1	XP_026298300.1	XP_048269312.1
OG0005121	XP_016918403.1	XP_006607617.1	XP_003694159.1	XP_043796462.1	XP_006564566.2	XP_003401922.1
OG0005122	XP_061937860.1	XP_006615131.1	XP_003692220.1	XP_043798246.1	XP_006566372.1	XP_012169038.1
OG0005123	XP_061927182.1	XP_031369794.1	XP_012341910.3	XP_043796264.1	XP_016767894.2	XP_003396964.1
OG0005124	XP_016918433.2	XP_031370478.1	XP_003693525.2	XP_043796141.1	XP_026299697.1	XP_003402618.1
OG0005125	XP_016918434.2	XP_006624616.1	XP_003693652.1	XP_043796209.1	XP_001121102.2	XP_003396317.1
OG0005126	XP_028524514.2	XP_006624335.1	XP_031772369.2	XP_043796031.1	XP_026302085.1	XP_003396360.1
OG0005127	XP_016918436.1	XP_006623084.1	XP_003693501.1	XP_043796247.1	XP_006569695.1	XP_012165548.1
OG0005128	XP_028524600.1	XP_006621926.1	XP_031772246.2	XP_043801918.1	XP_016767343.2	XP_020723413.2
OG0005129	XP_016918440.1	XP_006624373.1	XP_003693660.1	XP_043796124.1	XP_026297324.1	XP_003396445.2
OG0005130	XP_016918444.1	XP_006624660.1	XP_003693549.1	XP_043796182.1	XP_006569591.1	XP_012165323.1
OG0005131	XP_016918450.1	XP_006624609.1	XP_003693530.3	XP_043796200.1	XP_006569623.1	XP_012165294.2
OG0005132	XP_016918453.1	XP_006624641.1	XP_003693538.1	XP_043796202.1	XP_392604.3	XP_020719440.1
OG0005133	XP_061927422.1	XP_006623083.1	XP_003693506.1	XP_043796248.1	XP_006569696.1	XP_003396291.1
OG0005134	XP_016918457.2	XP_006624608.1	XP_031772215.2	XP_043796229.1	XP_003251413.2	XP_048263366.1
OG0005135	XP_028524509.1	XP_006624594.1	XP_012341801.1	XP_043796235.1	XP_624751.3	XP_003396304.1
OG0005136	XP_016918494.1	XP_006624638.1	XP_003693535.1	XP_043796317.1	XP_016771723.2	XP_012165307.3
OG0005137	XP_016918500.1	XP_031370495.1	XP_003693508.1	XP_043796193.1	XP_394201.3	XP_003396294.1
OG0005138	XP_016918510.1	XP_006624675.1	XP_003693555.1	XP_043796065.1	XP_026301850.1	XP_048263321.1
OG0005139	XP_016918514.1	XP_006624677.1	XP_003693557.1	XP_043796155.1	XP_001122415.1	XP_003396351.1
OG0005140	XP_016918557.1	XP_031368912.1	XP_003690378.1	XP_043795108.1	XP_396217.2	XP_003398028.1
OG0005141	XP_016918517.1	XP_031369792.1	XP_003693498.1	XP_043796070.1	XP_003251410.1	XP_020719697.1
OG0005142	XP_016918524.1	XP_031370354.1	XP_012341884.2	XP_043796029.1	XP_623803.3	XP_012165346.1
OG0005143	XP_016918525.1	XP_006624339.1	XP_003693573.1	XP_043796030.1	XP_026302084.1	XP_012165347.1
OG0005144	XP_016918532.1	XP_006624577.1	XP_003693507.2	XP_043796101.1	XP_392133.2	XP_003396296.1
OG0005145	XP_016918543.1	XP_006623069.1	XP_003693497.4	XP_043796254.1	XP_026297477.1	XP_003396982.2
OG0005146	XP_016918550.1	XP_006624336.1	XP_012341880.1	XP_043796027.1	XP_006570068.1	XP_003396358.1
OG0005147	XP_016918551.1	XP_006624338.1	XP_003693577.1	XP_043796032.1	XP_392626.3	XP_003396359.1
OG0005148	XP_016918571.1	XP_006624647.1	XP_031772286.2	XP_043796184.1	XP_006569604.1	XP_003396333.2
OG0005149	XP_016918578.1	XP_006624623.1	XP_012341928.1	XP_043796331.1	XP_006569635.1	XP_012165287.1
OG0005150	XP_061930247.1	XP_006621927.1	XP_003690066.1	XP_043801924.1	XP_003250987.2	XP_048260835.1
OG0005151	XP_061928048.1	XP_006624645.1	XP_012341715.2	XP_043796068.1	XP_006569601.1	XP_048263809.1
OG0005152	XP_016918592.1	XP_006624566.1	XP_003693504.1	XP_043796081.1	XP_006569683.1	XP_003396287.1
OG0005153	XP_016918594.1	XP_006624612.1	XP_003693529.1	XP_043796154.1	XP_392742.4	XP_003396316.1
OG0005154	XP_016918599.1	XP_006624592.1	XP_003693517.2	XP_043796091.1	XP_003251417.1	XP_003396301.4
OG0005155	XP_016918601.2	XP_006624575.1	XP_003692375.2	XP_043796199.1	XP_006569681.2	XP_020719514.2
OG0005156	XP_016918602.1	XP_006624576.1	XP_003692374.1	XP_043796211.1	XP_625277.1	XP_012165245.1
OG0005157	XP_061928060.1	XP_031370462.1	XP_086769049.1	XP_043796167.1	XP_026297666.1	XP_048263812.1
OG0005158	XP_016918618.2	XP_031367198.1	XP_012341177.3	XP_043801875.1	XP_006567241.2	XP_012163702.2
OG0005159	XP_016918616.2	XP_006624673.2	XP_012341731.1	XP_043796213.1	XP_003251505.4	XP_003396346.2
OG0005160	XP_016918617.1	XP_006624674.1	XP_012341737.1	XP_043796066.1	XP_003251482.3	XP_012165327.2
OG0005161	XP_016918619.1	XP_006624611.1	XP_003693528.1	XP_043796126.1	XP_006569625.1	XP_012165293.1
OG0005162	XP_061928398.1	XP_031370360.1	XP_012341883.2	XP_043796075.1	XP_006570066.1	XP_003396355.2
OG0005163	XP_016918624.1	XP_006614955.1	XP_012344445.1	XP_043794353.1	XP_006571647.1	XP_003393302.1
OG0005164	XP_028524552.2	XP_006620929.1	XP_012340268.3	XP_043800350.1	XP_026297047.1	XP_048262848.1
OG0005165	XP_061929017.1	XP_006613546.1	XP_086764386.1	XP_043784245.1	XP_026295205.1	XP_048270566.1
OG0005166	XP_016918635.3	XP_006614211.1	XP_003691012.2	XP_043803383.1	XP_001121893.2	XP_003394141.1
OG0005167	XP_016918637.1	XP_031365299.1	XP_086764382.1	XP_043803264.1	XP_016766912.1	XP_020723598.2
OG0005168	XP_061929000.1	XP_006612101.1	XP_012350466.2	XP_043802740.1	XP_026295544.1	XP_048260108.1
OG0005169	XP_016918640.1	XP_006613522.1	XP_012350569.1	XP_043803911.1	XP_016766564.1	XP_003402828.2
OG0005170	XP_016918682.2	XP_006620994.1	XP_003690379.1	XP_043795176.1	XP_001122734.2	XP_003398030.1
OG0005171	XP_016918647.1	XP_006612110.2	XP_012350535.1	XP_043804408.1	XP_006568497.1	XP_012173958.1
OG0005172	XP_016918655.2	XP_031364589.1	XP_086764245.1	XP_043803900.1	XP_006568482.3	XP_020723307.2
OG0005173	XP_061928994.1	XP_031365287.1	XP_086764277.1	XP_043803646.1	XP_026295435.1	XP_048260070.1
OG0005174	XP_016918673.1	XP_006613541.1	XP_012350430.1	XP_043803539.1	XP_016766647.1	XP_003402822.1
OG0005175	XP_016918692.2	XP_006612100.1	XP_012350467.1	XP_043802762.1	XP_001120447.3	XP_003402351.1
OG0005176	XP_061928993.1	XP_031364572.1	XP_012350375.2	XP_043804009.1	XP_016766789.1	XP_048260105.1
OG0005177	XP_016918694.2	XP_006612123.1	XP_031776392.2	XP_043800092.1	XP_006568447.1	XP_012174679.1
OG0005178	XP_016918703.1	XP_006613523.1	XP_086764303.1	XP_043784232.1	XP_623747.1	XP_012174685.1
OG0005179	XP_028524556.1	XP_006614183.1	XP_003691006.1	XP_043803029.1	XP_016767673.2	XP_003394129.1
OG0005180	XP_016918706.1	XP_031365595.1	XP_003690917.1	XP_043803002.1	XP_003251344.1	XP_003394131.1
OG0005181	XP_016918720.2	XP_006614217.1	XP_086764404.1	XP_043798629.1	XP_006569309.1	XP_012175905.2
OG0005182	XP_016918723.1	XP_006614216.1	XP_012350408.1	XP_043798752.1	XP_003251352.1	XP_003394146.1
OG0005183	XP_016918731.1	XP_006614202.1	XP_012350416.2	XP_043784219.1	XP_625180.1	XP_012175898.1
OG0005184	XP_061929063.1	XP_006614230.1	XP_086764388.1	XP_043803307.1	XP_003251343.2	XP_012175894.2
OG0005185	XP_061929069.1	XP_006614212.1	XP_003690920.1	XP_043802896.1	XP_006569305.1	XP_012175908.1
OG0005186	XP_016918742.1	XP_006614215.1	XP_012350409.1	XP_043802654.1	XP_006569306.1	XP_012175907.1
OG0005187	XP_016918745.1	XP_031365584.1	XP_003690927.1	XP_043802808.1	XP_003251353.1	XP_003394134.1
OG0005188	XP_061929054.1	XP_006614187.1	XP_012350507.1	XP_043799638.1	XP_016766851.1	XP_020724077.1
OG0005189	XP_061929057.1	XP_006614190.1	XP_031776372.1	XP_043803493.1	XP_393566.3	XP_012175886.1
OG0005190	XP_016918798.1	XP_006620983.1	XP_003690377.2	XP_043795040.1	XP_001122103.1	XP_003398027.1
OG0005191	XP_061935772.1	XP_006624429.2	XP_086770146.1	XP_043791769.1	XP_026298555.1	XP_003401829.1
OG0005192	XP_061935782.1	XP_006625163.1	XP_003695777.1	XP_043791772.1	XP_026298549.1	XP_012173211.1
OG0005193	XP_061935763.1	XP_031370527.1	XP_003695746.1	XP_043791717.1	XP_026298571.1	XP_003401758.3
OG0005194	XP_016918797.2	XP_031366242.1	XP_003693639.4	XP_043784783.1	XP_003251260.2	XP_048263784.1
OG0005195	XP_016918802.1	XP_006621923.1	XP_003690063.2	XP_043802346.1	XP_392319.3	XP_003394979.2
OG0005196	XP_061938840.1	XP_006615616.1	XP_003698236.2	XP_043803901.1	XP_003250597.1	XP_003399902.1
OG0005197	XP_061943074.1	XP_031367637.1	XP_031773520.2	XP_043794423.1	XP_026302004.1	XP_012166237.1
OG0005198	XP_061943033.1	XP_031366521.1	XP_003692330.1	XP_043794357.1	XP_006571694.1	XP_003393263.1
OG0005199	XP_028524733.2	XP_006607176.2	XP_086768101.1	XP_043794106.1	XP_006571571.1	XP_020721038.2
OG0005200	XP_061943157.1	XP_006612879.1	XP_003695565.1	XP_043794508.1	XP_624257.1	XP_048262369.1
OG0005201	XP_061931998.1	XP_006623917.1	XP_003695593.1	XP_043794087.1	XP_392112.3	XP_003392999.1
OG0005202	XP_016918834.1	XP_006624113.1	XP_086767924.1	XP_043794193.1	XP_623980.2	XP_003400495.1
OG0005203	XP_016918835.1	XP_006616154.1	XP_086768060.1	XP_043794214.1	XP_026299010.1	XP_003392864.2
OG0005204	XP_016918841.1	XP_006616161.1	XP_003695503.1	XP_043794516.1	XP_026299699.1	XP_003392862.1
OG0005205	XP_016918842.1	XP_006614928.1	XP_003695540.1	XP_043794211.1	XP_392774.4	XP_012166927.1
OG0005206	XP_016918861.2	XP_006623911.1	XP_012344578.1	XP_043794308.1	XP_003251739.1	XP_012176309.1
OG0005207	XP_016918863.1	XP_006616162.1	XP_003695626.2	XP_043794111.1	XP_016771938.1	XP_020720649.1
OG0005208	XP_061932064.1	XP_006623914.1	XP_086767954.1	XP_043794174.1	XP_395396.2	XP_020721868.1
OG0005209	XP_016918868.2	XP_031370231.1	XP_031773526.2	XP_043794478.1	XP_026300657.1	XP_003393006.1
OG0005210	XP_016918871.2	XP_031365930.1	XP_003695635.2	XP_043794345.1	XP_392181.4	XP_012169275.1
OG0005211	XP_016918894.1	XP_031367190.1	XP_086760013.1	XP_043801797.1	XP_016767158.1	XP_003394984.1
OG0005212	XP_061935251.1	XP_006620995.1	XP_003690199.1	XP_043795092.1	XP_001122741.2	XP_003398029.1
OG0005213	XP_061943132.1	XP_031364976.1	XP_086767925.1	XP_043794368.1	XP_016769645.1	XP_020720511.2
OG0005214	XP_016918896.1	XP_006612876.2	XP_086767935.1	XP_043794363.1	XP_006571499.1	XP_003393146.2
OG0005215	XP_061943162.1	XP_006612900.1	XP_003695571.1	XP_043794377.1	XP_026298269.1	XP_003393166.2
OG0005216	XP_016918901.1	XP_006612877.1	XP_086767941.1	XP_043794172.1	XP_001121151.3	XP_012175620.2
OG0005217	XP_016918902.2	XP_006612874.1	XP_012344519.2	XP_043794366.1	XP_003251744.2	XP_003393158.1
OG0005218	XP_016918914.2	XP_006612889.1	XP_003695648.2	XP_043794072.1	XP_001121473.2	XP_003393338.1
OG0005219	XP_016918935.2	XP_006617479.1	XP_003690059.2	XP_043801787.1	XP_006567259.2	XP_048261029.1
OG0005220	XP_016918925.1	XP_031367742.1	XP_003695660.3	XP_043794218.1	XP_006571751.1	XP_012166294.3
OG0005221	XP_016918947.1	XP_006612861.1	XP_003695561.1	XP_043794485.1	XP_001120089.2	XP_048262031.1
OG0005222	XP_016918960.1	XP_031367889.1	XP_012344604.1	XP_043794599.1	XP_003251771.1	XP_003393241.1
OG0005223	XP_016918980.2	XP_006617456.1	XP_086759975.1	XP_043801848.1	XP_016767229.1	XP_003394892.2
OG0005224	XP_061942106.1	XP_031365258.1	XP_003695528.1	XP_043794039.1	NP_001265265.1	XP_012175928.1
OG0005225	XP_016918984.2	XP_006607205.2	XP_086768076.1	XP_043794158.1	XP_026302035.1	XP_020720037.1
OG0005226	XP_016918994.1	XP_006617459.1	XP_003690018.2	XP_043801855.1	XP_001121520.2	XP_048261157.1
OG0005227	XP_061942721.1	XP_031365917.1	XP_086768116.1	XP_043794380.1	XP_026301441.1	XP_048260928.1
OG0005228	XP_061935130.1	XP_031369436.1	XP_086760186.1	XP_043795095.1	XP_016769485.2	XP_003397585.2
OG0005229	XP_028524667.1	XP_006614930.1	XP_003695542.1	XP_043794327.1	XP_026297548.1	XP_012166941.1
OG0005230	XP_016919017.1	XP_031365932.1	XP_086768169.1	XP_043794128.1	XP_006571635.1	XP_048261199.1
OG0005231	XP_061942669.1	XP_031365915.1	XP_086768159.1	XP_043794467.1	XP_026302102.1	XP_020719377.2
OG0005232	XP_016919020.2	XP_031367687.1	XP_086767815.1	XP_043794075.1	XP_003251782.2	XP_003393344.2
OG0005233	XP_016919036.1	XP_006617460.1	XP_012342607.1	XP_043801796.1	XP_006567243.1	XP_048261371.1
OG0005234	XP_016919035.2	XP_006614942.2	XP_086768152.1	XP_043794494.1	XP_003251757.2	XP_020721064.2
OG0005235	XP_016919040.2	XP_006614947.1	XP_012344463.2	XP_043794501.1	XP_001121032.2	XP_003393295.1
OG0005236	XP_016919044.1	XP_006616186.1	XP_003695497.1	XP_043794302.1	XP_392174.1	XP_003392932.1
OG0005237	XP_061930224.1	XP_031367181.1	XP_086759964.1	XP_043801819.1	XP_026295820.1	XP_012163245.1
OG0005238	XP_061943005.1	XP_006616179.1	XP_031773625.1	XP_043794062.1	XP_026301990.1	XP_048262449.1
OG0005239	XP_016919051.1	XP_006616176.1	XP_003695509.1	XP_043794068.1	XP_006571543.1	XP_012163555.1
OG0005240	XP_016919056.1	XP_006616123.1	XP_003695474.1	XP_043794257.1	XP_395017.2	XP_003393249.1
OG0005241	XP_016919082.2	XP_006617438.1	XP_003690056.2	XP_043801834.1	XP_016767291.1	XP_020718470.2
OG0005242	XP_061943029.1	XP_006616137.1	XP_031773527.2	XP_043794107.1	XP_026302106.1	XP_003393264.1
OG0005243	XP_016919089.1	XP_006614919.1	XP_012344663.1	XP_043794566.1	XP_026297563.1	XP_003393284.1
OG0005244	XP_016919094.2	XP_006617440.1	XP_012342769.2	XP_043801853.1	XP_006567229.1	XP_003395255.2
OG0005245	XP_016919095.1	XP_006614921.1	XP_086768141.1	XP_043794571.1	XP_006571623.1	XP_012166880.1
OG0005246	XP_016919100.1	XP_006607177.1	XP_003695526.4	XP_043794260.1	XP_003251750.1	XP_048260245.1
OG0005247	XP_016919101.1	XP_006607178.1	XP_003695529.1	XP_043794261.1	XP_006571560.1	XP_003392928.1
OG0005248	XP_061943010.1	XP_006616165.1	XP_003695507.1	XP_043794334.1	XP_393012.2	XP_003392944.1
OG0005249	XP_016919126.1	XP_006612909.1	XP_012344650.2	XP_043794042.1	XP_006571384.2	XP_012176538.2
OG0005250	XP_016919131.1	XP_006624095.1	XP_086767949.1	XP_043794138.1	XP_026297106.1	XP_048265335.1
OG0005251	XP_016919137.2	XP_006614962.2	XP_086768107.1	XP_043794563.1	XP_006571598.1	XP_003393505.3
OG0005252	XP_061942912.1	XP_006614910.1	XP_086768115.1	XP_043794560.1	XP_006571600.1	XP_003393484.2
OG0005253	XP_016919145.2	XP_006612913.1	XP_003695560.3	XP_043794587.1	XP_006571675.2	XP_012167414.2
OG0005254	XP_016919146.1	XP_006612852.2	XP_012344689.2	XP_043794590.1	XP_006571673.2	XP_003393316.1
OG0005255	XP_016919157.2	XP_006621934.1	XP_086760021.1	XP_043801915.1	XP_625214.3	XP_012174106.2
OG0005256	XP_016919158.1	XP_006612881.1	XP_003695567.1	XP_043794507.1	XP_624283.3	XP_003402540.1
OG0005257	XP_028524664.1	XP_006624899.1	XP_031773663.1	XP_043794130.1	XP_392175.2	XP_012165024.1
OG0005258	XP_016919176.1	XP_006612863.1	XP_086767978.1	XP_043794487.1	NP_001265263.1	XP_012167464.1
OG0005259	XP_061942241.1	XP_006612862.1	XP_003695562.2	XP_043794489.1	XP_001119967.1	XP_048262604.1
OG0005260	XP_061943102.1	XP_006608318.1	XP_003695657.1	XP_043794170.1	NP_001032395.1	XP_003393336.1
OG0005261	XP_016919190.1	XP_006616114.1	XP_012344679.2	XP_043794146.1	XP_006571697.2	XP_012165285.1
OG0005262	XP_016919199.1	XP_006617481.1	XP_003690022.1	XP_043802161.1	XP_001120012.2	XP_003394981.1
OG0005263	XP_061943087.1	XP_006608327.2	XP_086767851.1	XP_043794142.1	XP_003251772.2	XP_048269057.1
OG0005264	XP_016919207.2	XP_006612902.1	XP_086767943.1	XP_043794541.1	XP_001120991.3	XP_003393020.2
OG0005265	XP_016919209.1	XP_006616109.1	XP_003695465.1	XP_043794203.1	XP_624449.2	XP_048260553.1
OG0005266	XP_061936631.1	XP_006612970.1	XP_012340779.3	XP_043791319.1	XP_026299250.1	XP_003403358.1
OG0005267	XP_016919216.2	XP_006625052.1	XP_012340751.1	XP_043791376.1	XP_006572362.1	XP_012175396.1
OG0005268	XP_061936642.1	XP_006624870.1	XP_086772430.1	XP_043791426.1	XP_026298884.1	XP_003403351.1
OG0005269	XP_061936692.1	XP_006612379.1	XP_012340687.1	XP_043791291.1	XP_006569722.1	XP_003402338.1
OG0005270	XP_028524610.1	XP_006621948.1	XP_003690070.2	XP_043802356.1	XP_026295776.1	NP_001291369.1
OG0005271	XP_016919240.1	XP_006612980.1	XP_012340671.1	XP_043791286.1	XP_006569198.1	XP_012175399.1
OG0005272	XP_016919267.1	XP_006612360.1	XP_086772635.1	XP_043791337.1	XP_026298948.1	XP_003402334.1
OG0005273	XP_016919274.2	XP_006617449.1	XP_086759957.1	XP_043801790.1	XP_006567242.1	XP_012163239.2
OG0005274	XP_016919282.1	XP_006612973.1	XP_086772463.1	XP_043791434.1	XP_006569200.1	XP_012176477.2
OG0005275	XP_016919286.1	XP_031365030.1	XP_012340672.1	XP_043791437.1	XP_016769781.1	XP_020724209.1
OG0005276	XP_016919288.1	XP_006612976.1	XP_086772445.1	XP_043791427.1	XP_016769968.1	XP_012175404.3
OG0005277	XP_016919289.2	XP_006612401.1	XP_031771684.2	XP_043791238.1	XP_006569712.2	XP_048265068.1
OG0005278	XP_061936696.1	XP_006612377.1	XP_012340691.1	XP_043791304.1	XP_026299126.1	XP_012173922.3
OG0005279	XP_016919300.2	XP_031364994.1	XP_086772670.1	XP_043791243.1	XP_006569221.1	XP_003394575.1
OG0005280	XP_016919307.1	XP_006617432.1	XP_012342728.2	XP_043801823.1	XP_006567234.1	XP_003395250.2
OG0005281	XP_016919304.1	XP_006612986.1	XP_086772674.1	XP_043791247.1	XP_001120432.1	XP_003394566.1
OG0005282	XP_016919310.1	XP_031364995.1	XP_003692904.2	XP_043791245.1	XP_003251325.2	XP_003394673.1
OG0005283	XP_016919311.2	XP_006612394.1	XP_012340697.2	XP_043791336.1	XP_026299104.1	XP_048265076.1
OG0005284	XP_016919312.1	XP_006612979.1	XP_003692894.1	XP_043791283.1	XP_624074.1	XP_003403359.1
OG0005285	XP_016919313.1	XP_031365000.1	XP_086772443.1	XP_043791284.1	XP_003251342.1	XP_020723903.2
OG0005286	XP_016919339.2	XP_006617173.1	XP_012344886.2	XP_043789031.1	XP_003250264.2	XP_012172238.3
OG0005287	XP_061942187.1	XP_031366953.1	XP_086758567.1	XP_043788673.1	XP_006563783.2	XP_048268574.1
OG0005288	XP_016919349.1	XP_006608276.1	XP_031771206.2	XP_043788851.1	XP_006563554.1	XP_012172220.2
OG0005289	XP_016919353.2	XP_006614635.2	XP_012344913.3	XP_043788902.1	XP_003250269.4	XP_020722431.1
OG0005290	XP_016919355.1	XP_031365735.1	XP_003695895.1	XP_043789013.1	XP_016772001.1	XP_048268812.1
OG0005291	XP_016919356.1	XP_006614625.1	XP_012344929.2	XP_043789015.1	XP_394080.3	XP_003401100.1
OG0005292	XP_061941867.1	XP_031365737.1	XP_086758536.1	XP_043789016.1	XP_006563550.2	XP_048268818.1
OG0005293	XP_016919366.1	XP_031365739.1	XP_086758538.1	XP_043789020.1	XP_392067.4	XP_048268819.1
OG0005294	XP_016919367.2	XP_031366994.1	XP_012345376.3	XP_043788959.1	XP_003250263.2	XP_003401183.2
OG0005295	XP_016919369.2	XP_006617047.1	XP_012345399.1	XP_043788662.1	XP_003250261.1	XP_012172241.1
OG0005296	XP_016919374.1	XP_006617044.1	XP_012345470.1	XP_043788762.1	XP_006563527.1	XP_012172240.1
OG0005297	XP_016919379.2	XP_006614627.1	XP_086758539.1	XP_043789098.1	XP_001121061.1	XP_003401118.1
OG0005298	XP_016919384.1	XP_006614642.1	XP_003696125.1	XP_043788692.1	XP_396448.1	XP_020722460.1
OG0005299	XP_028524788.1	XP_006614644.1	XP_086758546.1	XP_043788693.1	XP_006563536.2	XP_012172234.2
OG0005300	XP_016919396.1	XP_006617063.1	XP_012345396.2	XP_043788822.1	XP_396922.2	XP_003401093.2
OG0005301	XP_016919397.1	XP_006617059.2	XP_003695886.1	XP_043788750.1	XP_016772088.2	XP_012172254.2
OG0005302	XP_016919401.1	XP_006617060.1	XP_012345439.1	XP_043788754.1	XP_006563510.1	XP_003401099.1
OG0005303	XP_028524791.1	XP_031366978.1	XP_086758560.1	XP_043788698.1	XP_016772084.2	XP_003401129.1
OG0005304	XP_016919419.1	XP_006617055.1	XP_003696113.2	XP_043788763.1	XP_003250259.1	XP_012172252.1
OG0005305	XP_016919423.1	XP_031366986.1	XP_086773858.1	XP_043788764.1	XP_016772345.1	XP_003401107.1
OG0005306	XP_016919428.3	XP_031369949.1	XP_086758812.1	XP_043789039.1	XP_026301414.1	XP_048268427.1
OG0005307	XP_016919430.1	XP_006614647.1	XP_012345394.3	XP_043788782.1	XP_394084.6	XP_003401087.2
OG0005308	XP_016919467.1	XP_031369432.1	XP_086760224.1	XP_043795100.1	XP_026298819.1	XP_012167129.2
OG0005309	XP_016919435.1	XP_006617069.2	XP_003696115.3	XP_043788709.1	XP_392070.3	XP_048268569.1
OG0005310	XP_016919436.1	XP_006617070.1	XP_003696122.1	XP_043788710.1	XP_394088.3	XP_003401126.1
OG0005311	XP_016919441.1	XP_006617441.1	XP_012342778.1	XP_043801872.1	XP_016767296.1	XP_003395244.1
OG0005312	XP_016919438.1	XP_006607540.1	XP_012342581.1	XP_043796917.1	XP_006563856.1	XP_012175082.1
OG0005313	XP_061934365.1	XP_006607545.1	XP_086761985.1	XP_043796911.1	XP_006563852.2	XP_003403084.3
OG0005314	XP_061933636.1	XP_031367609.1	XP_086759185.1	XP_043794678.1	XP_016768474.1	XP_012166705.2
OG0005315	XP_028524800.1	XP_006618341.1	XP_003695330.1	XP_043794671.1	XP_003249634.1	XP_003397336.2
OG0005316	XP_061929368.1	XP_031365842.1	XP_086769931.1	XP_043795294.1	XP_026295318.1	XP_012176230.2
OG0005317	XP_016919448.2	XP_031365546.1	XP_086773542.1	XP_043789463.1	XP_006561752.1	XP_048264682.1
OG0005318	XP_016919453.1	XP_006621939.1	XP_003690029.1	XP_043801726.1	XP_394479.4	XP_003402491.1
OG0005319	XP_016919450.1	XP_031365461.1	XP_031774011.2	XP_043789466.1	XP_026298585.1	XP_012167580.1
OG0005320	XP_016919456.1	XP_006608028.1	XP_012350712.3	XP_043801550.1	XP_006564081.2	XP_020721062.1
OG0005321	XP_016919457.2	XP_031366306.1	XP_003691134.1	XP_043801592.1	XP_016770809.1	XP_003398842.2
OG0005322	XP_016919472.1	XP_006608054.1	XP_012341651.1	XP_043801521.1	XP_006564303.1	XP_020720953.1
OG0005323	XP_016919477.1	XP_006608033.1	XP_012350713.3	XP_043801566.1	XP_003250387.2	XP_012168784.1
OG0005324	XP_016919489.1	XP_006621961.1	XP_012342879.1	XP_043801731.1	XP_006567371.1	XP_012174094.2
OG0005325	XP_016919491.1	XP_006608039.1	XP_012350718.1	XP_043801593.1	XP_001120796.1	XP_012168789.1
OG0005326	XP_016919495.2	XP_006608052.1	XP_012341648.2	XP_043801575.1	XP_026299442.1	XP_003398873.2
OG0005327	XP_016919507.1	XP_006624176.1	XP_086765245.1	XP_043785620.1	XP_006565726.1	XP_003400387.1
OG0005328	XP_061937476.1	XP_006618319.1	XP_003698129.1	XP_043790094.1	XP_006562100.1	XP_012168903.1
OG0005329	XP_061937477.1	XP_006618322.1	XP_012348395.1	XP_043790093.1	XP_026299769.1	XP_048266528.1
OG0005330	XP_061937522.1	XP_031370312.1	XP_031775488.2	XP_043790063.1	XP_006571898.1	XP_012169454.1
OG0005331	XP_061937531.1	XP_006624256.2	XP_012348361.2	XP_043790121.1	XP_625201.3	XP_003399173.2
OG0005332	XP_016919529.1	XP_006624386.1	XP_003698124.1	XP_043790157.1	XP_006571904.1	XP_012169466.1
OG0005333	XP_016919530.1	XP_006624389.1	XP_003698123.2	XP_043790239.1	XP_003251814.1	XP_012169462.1
OG0005334	XP_016919535.1	XP_006624387.1	XP_012348369.1	XP_043790242.1	XP_006571912.1	XP_012169472.1
OG0005335	XP_061937493.1	XP_031370372.1	XP_086768572.1	XP_043790245.1	XP_026299755.1	XP_003399192.2
OG0005336	XP_061937524.1	XP_006624264.1	XP_012348374.1	XP_043790062.1	XP_001120606.1	XP_003399179.1
OG0005337	XP_016919588.1	XP_006622258.1	XP_003697758.3	XP_043795150.1	XP_026298821.1	XP_003397589.1
OG0005338	XP_016919552.2	XP_031370308.1	XP_086768629.1	XP_043790120.1	NP_001265257.1	XP_012169445.2
OG0005339	XP_016919557.2	XP_006621944.1	XP_012342390.2	XP_043802353.1	XP_006567280.1	XP_003402485.1
OG0005340	XP_016919555.1	XP_006618316.1	XP_003698161.2	XP_043790097.1	XP_026299549.1	XP_003399194.1
OG0005341	XP_016919562.1	XP_006624273.1	XP_003698119.1	XP_043790102.1	XP_003251811.1	XP_012169461.2
OG0005342	XP_016919574.1	XP_031370555.1	XP_012350829.2	XP_043797831.1	XP_016772599.1	XP_003399862.1
OG0005343	XP_061928753.1	XP_006617518.1	XP_003698879.1	XP_043787776.1	XP_001121316.2	XP_003394577.1
OG0005344	XP_061928402.1	XP_031371088.1	XP_003698756.1	XP_043788493.1	XP_016766931.2	XP_003394195.2
OG0005345	XP_061928397.1	XP_031371114.1	XP_086765745.1	XP_043788392.1	XP_026295442.1	XP_020724274.1
OG0005346	XP_061930736.1	XP_031366669.1	XP_086768228.1	XP_043794270.1	XP_006571410.1	XP_012176185.2
OG0005347	XP_016919587.2	XP_031366336.1	XP_031771124.2	XP_043794283.1	XP_006571408.1	XP_003392995.2
OG0005348	XP_016919589.2	XP_006615724.1	XP_086768234.1	XP_043794279.1	XP_026302107.1	XP_048262833.1
OG0005349	XP_016919592.2	XP_006622839.1	XP_003689782.4	XP_043794282.1	XP_396187.2	XP_003392992.2
OG0005350	XP_016919593.1	XP_006622840.1	XP_012339368.1	XP_043794285.1	XP_624397.1	XP_003392993.1
OG0005351	XP_016919604.2	XP_006622862.1	XP_003689789.3	XP_043794082.1	XP_394150.4	XP_003392981.3
OG0005352	XP_016919606.2	XP_006622859.1	XP_003689788.3	XP_043794081.1	XP_001121112.2	XP_020718627.1
OG0005353	XP_016919610.1	XP_006622850.1	XP_012339477.1	XP_043794416.1	XP_006571427.1	XP_003392988.2
OG0005354	XP_016919612.1	XP_006622847.1	XP_031771175.1	XP_043794420.1	XP_003251741.1	XP_003392989.1
OG0005355	XP_061926865.1	XP_006622848.1	XP_012339494.1	XP_043794421.1	XP_016769894.1	XP_003392987.1
OG0005356	XP_061933530.1	XP_031364797.1	XP_012349546.1	XP_043797563.1	XP_026297628.1	XP_048263915.1
OG0005357	XP_016919628.2	XP_006607732.1	XP_012349535.1	XP_043797568.1	XP_006559218.1	XP_012166465.1
OG0005358	XP_016919629.1	XP_006607740.1	XP_003698993.3	XP_043797578.1	XP_026297627.1	XP_003397193.1
OG0005359	XP_016919635.1	XP_006607768.2	XP_086764119.1	XP_043797623.1	XP_026297631.1	XP_003397288.2
OG0005360	XP_016919644.1	XP_006611352.1	XP_086764199.1	XP_043797576.1	XP_623965.2	XP_012166353.1
OG0005361	XP_016919649.1	XP_031364792.1	XP_086764111.1	XP_043797636.1	XP_026297584.1	XP_012166475.1
OG0005362	XP_016919653.1	XP_006607726.1	XP_086764112.1	XP_043797641.1	XP_026297588.1	XP_048264045.1
OG0005363	XP_016919666.1	XP_006611350.1	XP_003694465.2	XP_043797496.1	XP_003249221.1	XP_012173989.2
OG0005364	XP_016919674.1	XP_006607701.1	XP_086764097.1	XP_043797531.1	XP_003249455.1	XP_003397270.1
OG0005365	XP_061933504.1	XP_006607705.1	XP_003699007.1	XP_043797489.1	XP_392799.3	XP_012166489.1
OG0005366	XP_061933506.1	XP_006607707.1	XP_031776020.1	XP_043797487.1	XP_016768684.2	XP_012166490.1
OG0005367	XP_028524874.1	XP_006607730.1	XP_003699021.1	XP_043797493.1	XP_392925.3	XP_012166473.1
OG0005368	XP_016919685.2	XP_006611338.1	XP_012343073.3	XP_043797539.1	XP_026297464.1	XP_012166497.2
OG0005369	XP_016919691.1	XP_006611337.1	XP_003694472.2	XP_043797581.1	XP_623797.2	XP_003397283.1
OG0005370	XP_016919692.1	XP_006607776.1	XP_003699014.2	XP_043797526.1	XP_006559242.1	XP_012166471.1
OG0005371	XP_016919693.1	XP_006607739.1	XP_003699024.3	XP_043797580.1	XP_003249454.1	XP_012166472.2
OG0005372	XP_016919702.1	XP_006607713.1	XP_003699013.1	XP_043797527.1	XP_026297487.1	XP_048264040.1
OG0005373	XP_061933485.1	XP_006611348.2	XP_003694468.4	XP_043797498.1	XP_625179.1	XP_012173985.1
OG0005374	XP_016919710.1	XP_031364788.1	XP_086764098.1	XP_043797533.1	XP_016768599.1	XP_012166483.1
OG0005375	XP_028524860.2	XP_006607720.1	XP_003699016.1	XP_043797536.1	XP_392607.3	XP_003397265.1
OG0005376	XP_061929558.1	XP_006624132.1	XP_012342871.1	XP_043797423.1	XP_026295766.1	XP_012163545.1
OG0005377	XP_016919721.1	XP_006620062.1	XP_003696870.1	XP_043797722.1	XP_006568941.1	XP_012173777.1
OG0005378	XP_061933700.1	XP_006624503.1	XP_012344244.3	XP_043801647.1	NP_001265260.1	XP_020719339.2
OG0005379	XP_016919734.1	XP_031370429.1	XP_012344271.1	XP_043801664.1	XP_026297541.1	XP_048263352.1
OG0005380	XP_016919735.1	XP_031370428.1	XP_086759109.1	XP_043801654.1	XP_026297391.1	XP_003396931.1
OG0005381	XP_061933712.1	XP_006624506.1	XP_086759110.1	XP_043801637.1	XP_006572214.2	XP_003396932.2
OG0005382	XP_061933728.1	XP_031370697.1	XP_031773409.1	XP_043801626.1	XP_016772828.1	XP_003396925.1
OG0005383	XP_028524890.1	XP_006614026.1	XP_086760624.1	XP_043793418.1	XP_625272.1	XP_003395696.1
OG0005384	XP_016919753.1	XP_006614003.1	XP_086760625.1	XP_043793420.1	XP_026296546.1	XP_012164190.1
OG0005385	XP_061938324.1	XP_006613230.1	XP_086769562.1	XP_043788611.1	XP_006568164.1	XP_012168714.1
OG0005386	XP_061941746.1	XP_031365128.1	XP_086769640.1	XP_043788610.1	XP_026302060.1	XP_012168780.1
OG0005387	XP_016919768.1	XP_006613163.1	XP_003697581.1	XP_043788574.1	XP_623942.2	XP_003396732.1
OG0005388	XP_016919786.1	XP_006613218.1	XP_003697590.1	XP_043788593.1	XP_006568168.1	XP_003398712.1
OG0005389	XP_016919795.1	XP_006613227.1	XP_086769641.1	XP_043788583.1	XP_026302029.1	XP_012168713.1
OG0005390	XP_016919798.2	XP_006613199.1	XP_003697584.4	XP_043788589.1	XP_006568182.1	XP_020719534.2
OG0005391	XP_061938388.1	XP_006613229.1	XP_086769571.1	XP_043788588.1	XP_393110.1	XP_003398709.1
OG0005392	XP_016919800.1	XP_006613201.1	XP_086769325.1	XP_043788636.1	XP_026294691.1	XP_012165860.1
OG0005393	XP_016919807.1	XP_006613208.1	XP_003697586.4	XP_043788650.1	XP_396802.3	XP_003396698.1
OG0005394	XP_016919810.1	XP_006613213.1	XP_003697587.1	XP_043788598.1	XP_393418.3	XP_012174253.1
OG0005395	XP_016919815.1	XP_006613160.1	XP_003697571.3	XP_043788576.1	XP_026299183.1	XP_003396728.1
OG0005396	XP_016919817.1	XP_031365139.1	XP_003697575.1	XP_043788577.1	XP_001122977.1	XP_048263637.1
OG0005397	XP_016919824.1	XP_031365136.1	XP_086769621.1	XP_043785015.1	XP_006568554.1	XP_003398703.1
OG0005398	XP_016919826.1	XP_006615555.1	XP_031772235.2	XP_043784777.1	XP_001121147.2	XP_012165629.2
OG0005399	XP_061927172.1	XP_031369460.1	XP_086762614.1	XP_043799271.1	XP_016766231.2	XP_012175364.1
OG0005400	XP_016919830.2	XP_006620886.1	XP_003691589.1	XP_043785468.1	XP_001120574.1	XP_012168057.1
OG0005401	XP_016919838.1	XP_006610390.1	XP_086762370.1	XP_043796970.1	XP_006568325.2	XP_012172874.2
OG0005402	XP_061934863.1	XP_006610388.1	XP_003693340.1	XP_043796973.1	XP_006568328.1	XP_020722880.2
OG0005403	XP_016919844.2	XP_031371359.1	XP_031772140.2	XP_043796382.1	XP_006568318.1	XP_020722858.2
OG0005404	XP_016919849.1	XP_006610396.1	XP_003693339.1	XP_043796538.1	XP_003251210.1	XP_012172871.1
OG0005405	XP_016919850.2	XP_006610397.1	XP_003693374.1	XP_043796935.1	XP_001121804.1	XP_003401626.1
OG0005406	XP_061934853.1	XP_006610417.1	XP_086762386.1	XP_043796426.1	XP_016768882.2	XP_003401640.3
OG0005407	XP_016919852.2	XP_031371342.1	XP_086762372.1	XP_043796971.1	XP_006568331.1	XP_003401616.1
OG0005408	XP_061931232.1	XP_006608075.1	XP_012345568.1	XP_043792672.1	XP_006567703.2	XP_012164184.2
OG0005409	XP_061935224.1	XP_006620999.1	XP_012346623.1	XP_043795137.1	XP_006561713.1	XP_003398039.1
OG0005410	XP_016919874.1	XP_006607667.1	XP_012343916.3	XP_043797812.1	XP_006557892.1	XP_020721756.2
OG0005411	XP_016919884.1	XP_006616452.1	XP_003695138.2	XP_043791549.1	XP_624043.2	XP_003400187.1
OG0005412	XP_016919885.1	XP_006617409.1	XP_012343977.2	XP_043797737.1	XP_016771176.2	XP_003400176.2
OG0005413	XP_016919887.1	XP_006616449.1	XP_003695105.1	XP_043791597.1	XP_001122418.1	XP_003400184.1
OG0005414	XP_016919891.1	XP_006616475.1	XP_086764021.1	XP_043791609.1	XP_001122556.2	XP_003400320.1
OG0005415	XP_016919894.2	XP_006616481.1	XP_003695097.3	XP_043791622.1	XP_016771214.2	XP_003400208.2
OG0005416	XP_061939525.1	XP_031364543.1	XP_031773299.2	XP_043797794.1	XP_003249184.2	XP_020721984.2
OG0005417	XP_016919897.1	XP_006607664.1	XP_003695140.1	XP_043797797.1	XP_001122391.1	XP_003400182.1
OG0005418	XP_061939436.1	XP_031366658.1	XP_031773262.1	XP_043791627.1	XP_026300574.1	XP_048267500.1
OG0005419	XP_016919900.2	XP_031366644.1	XP_031773309.2	XP_043791603.1	XP_001122511.2	XP_003400198.1
OG0005420	XP_016919903.1	XP_006616469.1	XP_003695134.2	XP_043791605.1	XP_006557909.1	XP_003400196.1
OG0005421	XP_016919904.1	XP_006616458.1	XP_003695102.1	XP_043791454.1	XP_026300546.1	XP_003400195.1
OG0005422	XP_016919906.1	XP_006616459.1	XP_012343909.1	XP_043791521.1	XP_006557901.1	XP_003400193.2
OG0005423	XP_061939544.1	XP_031366664.1	XP_012343905.2	XP_043791607.1	XP_006557910.2	XP_003400199.1
OG0005424	XP_016919920.1	XP_006617401.1	XP_086768341.1	XP_043797802.1	XP_003249179.2	XP_012170918.1
OG0005425	XP_016919921.1	XP_031367132.1	XP_012343938.1	XP_043797804.1	XP_006557880.1	XP_003400170.1
OG0005426	XP_016919937.2	XP_006616464.2	XP_086763992.1	XP_043791462.1	XP_006557906.2	XP_012170943.1
OG0005427	XP_016919941.1	XP_031366653.1	XP_086764002.1	XP_043791477.1	XP_006557903.3	XP_048267275.1
OG0005428	XP_016919942.2	XP_006616450.1	XP_086763988.1	XP_043791460.1	XP_006557897.2	XP_048267271.1
OG0005429	XP_016919947.2	XP_006617393.1	XP_003695062.1	XP_043797678.1	XP_016771422.1	XP_003400163.1
OG0005430	XP_016919948.2	XP_006617387.1	XP_012343971.2	XP_043797654.1	XP_016771418.2	XP_020721887.1
OG0005431	XP_061939533.1	XP_006607666.1	XP_086768551.1	XP_043797810.1	XP_006557893.1	XP_020721751.1
OG0005432	XP_016919964.2	XP_006617373.1	XP_012343941.3	XP_043797667.1	XP_026300407.1	XP_012170802.1
OG0005433	XP_016919971.1	XP_006618931.1	XP_031773777.2	XP_043793843.1	XP_016770984.1	XP_003401430.1
OG0005434	XP_016919967.1	XP_031367130.1	XP_031773306.2	XP_043797695.1	XP_026300499.1	XP_020721879.2
OG0005435	XP_016919970.1	XP_031366660.1	XP_086764004.1	XP_043791611.1	XP_026300472.1	XP_048267552.1
OG0005436	XP_016919976.2	XP_006617402.1	XP_003695149.4	XP_043797798.1	XP_016771436.2	XP_048267413.1
OG0005437	XP_016919993.2	XP_031369488.1	XP_086763122.1	XP_043800281.1	XP_016773506.2	XP_012175679.1
OG0005438	XP_016920011.1	XP_006622409.1	XP_003697054.1	XP_043801400.1	XP_026294963.1	XP_048270366.1
OG0005439	XP_028524971.2	XP_006622414.1	XP_086762613.1	XP_043801708.1	XP_006569150.1	XP_048270367.1
OG0005440	XP_016920023.2	XP_006622410.1	XP_003697055.1	XP_043801412.1	XP_026294964.1	XP_003393873.2
OG0005441	XP_016920026.1	XP_031369481.1	XP_003697019.1	XP_043801442.1	XP_016773624.1	XP_003393868.2
OG0005442	XP_016920029.3	XP_006622407.1	XP_012346583.2	XP_043801474.1	XP_394326.4	XP_003393869.1
OG0005443	XP_016920030.1	XP_031369511.1	XP_012346580.1	XP_043801485.1	XP_016773628.1	XP_020724001.1
OG0005444	XP_016920035.1	XP_006622405.1	XP_003696813.1	XP_043798870.1	XP_001120497.1	XP_003393875.2
OG0005445	XP_016920037.1	XP_031368721.1	XP_012346534.1	XP_043798895.1	XP_016773511.1	XP_012174354.3
OG0005446	XP_016920042.1	XP_006622285.1	XP_003696891.1	XP_043797029.1	XP_006568876.1	XP_012174342.1
OG0005447	XP_016920047.2	XP_006618946.1	XP_086766590.1	XP_043793833.1	XP_623247.1	XP_003401434.1
OG0005448	XP_016920045.1	XP_006622336.1	XP_003696829.1	XP_043798763.1	XP_395496.2	XP_003393796.1
OG0005449	XP_061927651.1	XP_006620656.1	XP_003696914.1	XP_043802556.1	XP_001120626.2	XP_003402642.1
OG0005450	XP_016920050.1	XP_006620030.1	XP_003696857.1	XP_043800844.1	XP_003251288.1	XP_003393970.2
OG0005451	XP_061927295.1	XP_031369508.1	XP_086762578.1	XP_043802537.1	XP_016766255.1	XP_012175692.1
OG0005452	XP_016920054.1	XP_031369480.1	XP_086762668.1	XP_043800501.1	XP_006568221.2	XP_003393980.1
OG0005453	XP_016920058.1	XP_031367890.1	XP_012345030.1	XP_043793961.1	XP_016771063.1	XP_048268299.1
OG0005454	XP_016920059.1	XP_006620676.1	XP_003696915.1	XP_043802558.1	XP_392613.2	XP_003402641.1
OG0005455	XP_016920061.1	XP_006620658.1	XP_031774575.1	XP_043800634.1	XP_003251270.1	XP_003402652.1
OG0005456	XP_016920063.1	XP_031369491.1	XP_003696989.2	XP_043800138.1	XP_001120954.1	XP_003393891.1
OG0005457	XP_016920065.2	XP_031369931.1	XP_086762882.1	XP_043796493.1	XP_003251314.2	XP_048267550.1
OG0005458	XP_061927435.1	XP_006623365.1	XP_086762869.1	XP_043796515.1	XP_016766193.1	XP_048267983.1
OG0005459	XP_061927502.1	XP_006623370.1	XP_086762872.1	XP_043796541.1	XP_026294732.1	XP_003394022.1
OG0005460	XP_016920076.2	XP_006622297.1	XP_086762883.1	XP_043796562.1	XP_006568988.1	XP_020723573.1
OG0005461	XP_016920081.1	XP_006625126.1	XP_012345458.1	XP_043793845.1	XP_006559323.1	XP_012172659.1
OG0005462	XP_016920086.1	XP_031368733.1	XP_086762700.1	XP_043799905.1	XP_016766165.1	XP_012174356.1
OG0005463	XP_016920089.1	XP_006612429.1	XP_086762759.1	XP_043802540.1	XP_394314.2	XP_003402655.1
OG0005464	XP_016920092.1	XP_006612431.1	XP_003696883.1	XP_043802542.1	XP_394313.1	XP_003402656.2
OG0005465	XP_016920123.1	XP_006622314.1	XP_012346451.2	XP_043801794.1	XP_006568996.1	XP_003394025.2
OG0005466	XP_016920128.1	XP_006622308.1	XP_012346444.1	XP_043801862.1	XP_006569001.1	XP_020722909.1
OG0005467	XP_016920132.1	XP_006622313.1	XP_003697009.2	XP_043801837.1	XP_006572449.2	XP_048268541.1
OG0005468	XP_016920133.1	XP_006622310.1	XP_086762893.1	XP_043801891.1	XP_624591.1	XP_003393766.1
OG0005469	XP_028525012.2	XP_031368722.1	XP_086762690.1	XP_043802590.1	XP_026302175.1	XP_012174362.1
OG0005470	XP_016920137.1	XP_031368727.1	XP_003696900.1	XP_043796375.1	XP_016766170.2	XP_003402623.1
OG0005471	XP_016920139.2	XP_006620689.1	XP_086762697.1	XP_043800165.1	XP_026294960.1	XP_003402628.1
OG0005472	XP_016920141.1	XP_006620696.1	XP_003696904.1	XP_043800424.1	XP_001122316.2	XP_003402629.1
OG0005473	XP_061927646.1	XP_006620690.1	XP_003696905.3	XP_043802591.1	XP_006568862.1	XP_003402630.1
OG0005474	XP_016920151.1	XP_006622315.1	XP_012346452.3	XP_043802588.1	XP_006569033.1	XP_003393777.1
OG0005475	XP_061927570.1	XP_031369712.1	XP_003696884.2	XP_043802300.1	XP_006568887.1	XP_012174323.1
OG0005476	XP_016920159.1	XP_006622882.1	XP_086762721.1	XP_043801155.1	XP_003251276.1	XP_012174331.1
OG0005477	XP_016920178.1	XP_006620674.1	XP_086762936.1	XP_043802437.1	XP_001120980.3	XP_048270438.1
OG0005478	XP_028524982.1	XP_006622468.2	XP_086762665.1	XP_043802560.1	XP_006568229.2	XP_012175319.2
OG0005479	XP_061927231.1	XP_006622423.1	XP_086762672.1	XP_043802565.1	XP_026295029.1	XP_020722840.2
OG0005480	XP_016920193.1	XP_006618280.1	XP_003697044.1	XP_043802098.1	XP_006568827.1	XP_012173195.1
OG0005481	XP_061927673.1	XP_031367579.1	XP_086762915.1	XP_043802065.1	XP_026302264.1	XP_012173143.2
OG0005482	XP_061927449.1	XP_031369527.1	XP_086762910.1	XP_043799629.1	XP_006569023.1	XP_003393771.1
OG0005483	XP_016920208.1	XP_031369515.1	XP_031774489.2	XP_043799643.1	XP_006569020.2	XP_012175683.2
OG0005484	XP_016920217.1	XP_006622356.1	XP_012346622.2	XP_043800689.1	XP_003251299.1	XP_012174866.2
OG0005485	XP_016920225.1	XP_031364750.1	XP_012346494.1	XP_043800857.1	XP_003251281.1	XP_012173584.1
OG0005486	XP_061927316.1	XP_006622364.1	XP_086762565.1	XP_043802289.1	XP_026294901.1	XP_048269664.1
OG0005487	XP_016920252.2	XP_031364727.1	XP_031774440.2	XP_043800875.1	XP_026294768.1	XP_048269973.1
OG0005488	XP_061933977.1	XP_006607329.1	XP_086773463.1	XP_043786301.1	XP_006559521.1	XP_012175110.1
OG0005489	XP_016920269.2	XP_006622352.1	XP_086762545.1	XP_043797448.1	XP_006569062.1	XP_012174811.1
OG0005490	XP_016920273.1	XP_006618273.1	XP_086762922.1	XP_043802079.1	XP_623357.1	XP_003393706.1
OG0005491	XP_061927501.1	XP_031368398.1	XP_012346428.2	XP_043802547.1	XP_006568967.1	XP_012174086.2
OG0005492	XP_016920293.2	XP_006612438.1	XP_003696874.3	XP_043796342.1	XP_006568930.1	XP_003393809.1
OG0005493	XP_016920295.1	XP_006612436.1	XP_003696873.1	XP_043796355.1	XP_006568928.1	XP_003393820.1
OG0005494	XP_016920298.1	XP_006620031.1	XP_012346476.1	XP_043798313.1	XP_006568942.1	XP_003393934.1
OG0005495	XP_028525090.1	XP_006607298.1	XP_003692623.3	XP_043786162.1	XP_006559586.3	XP_012175149.2
OG0005496	XP_016920302.1	XP_031368397.1	XP_086762829.1	XP_043798288.1	XP_016773587.1	XP_012173941.1
OG0005497	XP_016920305.2	XP_006620065.1	XP_012346474.2	XP_043800014.1	XP_003251283.3	XP_012173763.1
OG0005498	XP_016920309.1	XP_006620064.1	XP_012346357.1	XP_043800046.1	XP_006568940.1	XP_012175680.3
OG0005499	XP_028525007.1	XP_031366629.1	XP_086773427.1	XP_043786396.1	XP_006559508.1	XP_012175154.1
OG0005500	XP_016920320.1	XP_006622322.1	XP_031774435.2	XP_043798415.1	XP_006569035.1	XP_020722159.1
OG0005501	XP_016920322.1	XP_006612423.1	XP_031774445.1	XP_043800967.1	XP_006568900.1	XP_012174304.2
OG0005502	XP_016920341.1	XP_006622379.1	XP_012346597.2	XP_043798966.1	XP_001120007.2	XP_003393890.1
OG0005503	XP_028524967.1	XP_031369451.1	XP_003696835.3	XP_043802576.1	XP_026294994.1	XP_003393784.1
OG0005504	XP_016920348.1	XP_006622346.1	XP_003696825.1	XP_043798992.1	XP_026294749.1	XP_012174773.1
OG0005505	XP_016920353.1	XP_031367903.1	XP_086773498.1	XP_043786263.1	XP_026298358.1	XP_003403134.1
OG0005506	XP_016920362.1	XP_031369459.1	XP_012346639.1	XP_043800609.1	XP_001121718.2	XP_003393795.1
OG0005507	XP_016920367.1	XP_006618277.1	XP_086762923.1	XP_043802630.1	XP_006568824.1	XP_012173081.1
OG0005508	XP_016920368.1	XP_031369494.1	XP_012346651.1	XP_043800523.1	XP_003251317.2	XP_003393892.1
OG0005509	XP_016920373.1	XP_006620677.1	XP_003696918.4	XP_043802553.1	XP_026302236.1	XP_003402638.2
OG0005510	XP_061927277.1	XP_031369499.1	XP_086762596.1	XP_043802039.1	XP_016766305.2	XP_003393880.2
OG0005511	XP_016920381.1	XP_031368739.1	XP_003696912.1	XP_043798687.1	XP_392612.3	XP_012174371.1
OG0005512	XP_016920382.1	XP_006620675.1	XP_086762687.1	XP_043802557.1	XP_001120965.1	XP_003402640.1
OG0005513	XP_016920390.1	XP_031369516.1	XP_086762888.1	XP_043800394.1	XP_006568992.1	XP_048268488.1
OG0005514	XP_061927518.1	XP_031369519.1	XP_012346437.2	XP_043800438.1	XP_016766473.2	XP_003394024.2
OG0005515	XP_016920396.1	XP_006618281.1	XP_003696935.1	XP_043798369.1	XP_001121251.1	XP_003393709.1
OG0005516	XP_061927333.1	XP_006622333.2	XP_003696831.4	XP_043802552.1	XP_623690.5	XP_003393792.1
OG0005517	XP_016920412.1	XP_006620027.1	XP_012346445.1	XP_043798584.1	XP_001120073.2	XP_003393975.1
OG0005518	XP_016920421.2	XP_006618289.2	XP_003696931.3	XP_043796730.1	XP_003251267.3	XP_003393712.1
OG0005519	XP_061927684.1	XP_031367570.1	XP_031774567.2	XP_043796742.1	XP_016773639.1	XP_003393741.1
OG0005520	XP_016920422.1	XP_006622281.1	XP_003696892.1	XP_043801681.1	XP_395776.1	XP_012174350.2
OG0005521	XP_061934002.1	XP_006607317.1	XP_012340456.1	XP_043786275.1	XP_006559519.2	XP_012175119.1
OG0005522	XP_016920424.1	XP_031369713.1	XP_086762720.1	XP_043799530.1	XP_006568885.3	XP_048270078.1
OG0005523	XP_016920426.1	XP_006622343.1	XP_086762538.1	XP_043799677.1	XP_392759.3	XP_003393801.1
OG0005524	XP_016920435.1	XP_006622499.2	XP_086762599.1	XP_043802053.1	XP_006569119.1	XP_020724036.2
OG0005525	XP_016920439.1	XP_031366834.1	XP_086773455.1	XP_043786372.1	XP_026298033.1	XP_012175206.1
OG0005526	XP_016920443.2	XP_031368394.1	XP_086762847.1	XP_043797485.1	XP_003251287.2	XP_012174041.2
OG0005527	XP_016920444.1	XP_006608005.1	XP_012341854.2	XP_043790958.1	XP_006568618.2	XP_003396255.1
OG0005528	XP_016920447.2	XP_006608015.2	XP_086768870.1	XP_043790951.1	XP_026302077.1	XP_048263296.1
OG0005529	XP_016920452.2	XP_031366287.1	XP_086768885.1	XP_043790957.1	XP_623676.2	XP_003396251.1
OG0005530	XP_028525086.1	XP_006608008.1	XP_012341858.2	XP_043790969.1	XP_016773294.1	XP_003396250.1
OG0005531	XP_016920455.1	XP_006608006.1	XP_003693513.3	XP_043790962.1	XP_016773295.1	XP_003396253.1
OG0005532	XP_028525070.2	XP_006607998.1	XP_086768890.1	XP_043790975.1	XP_026300439.1	XP_012165173.2
OG0005533	XP_016920462.1	XP_006608014.1	XP_086768895.1	XP_043790981.1	XP_026296648.1	XP_003396256.1
OG0005534	XP_016920471.1	XP_031369313.1	XP_086768942.1	XP_043791639.1	XP_016772487.1	XP_003398771.1
OG0005535	XP_016920483.1	XP_006608003.1	XP_086768884.1	XP_043790954.1	XP_006568615.2	XP_012165169.1
OG0005536	XP_016920485.2	XP_006619976.2	XP_012341996.2	XP_043790965.1	XP_006568621.1	XP_048263097.1
OG0005537	XP_028525085.1	XP_031369312.1	XP_086768941.1	XP_043791647.1	XP_026300445.1	XP_048266534.1
OG0005538	XP_061937440.1	XP_006624308.1	XP_031772391.1	XP_043801451.1	XP_026299578.1	XP_003396489.1
OG0005539	XP_061936256.1	XP_031370646.1	XP_086772551.1	XP_043786920.1	XP_624995.5	XP_020720816.1
OG0005540	XP_061936366.1	XP_006623665.2	XP_012340732.1	XP_043787028.1	XP_623770.2	XP_003403369.1
OG0005541	XP_061936438.1	XP_006616841.1	XP_086772705.1	XP_043787263.1	XP_026299230.1	XP_048265066.1
OG0005542	XP_016920508.1	XP_006607400.1	XP_012340457.1	XP_043786274.1	XP_006559491.1	XP_048269370.1
OG0005543	XP_016920512.2	XP_006620459.1	XP_012340580.1	XP_043786829.1	XP_003250800.2	XP_003398549.1
OG0005544	XP_028525137.2	XP_031368609.1	XP_031771666.2	XP_043786830.1	XP_003250799.1	XP_003398548.2
OG0005545	XP_061936333.1	XP_031368605.1	XP_012340574.2	XP_043787076.1	XP_026299044.1	XP_048265266.1
OG0005546	XP_016920520.1	XP_006607399.1	XP_012340403.2	XP_043786253.1	XP_003249529.1	XP_020723759.1
OG0005547	XP_016920519.2	XP_006620450.1	XP_003692789.3	XP_043787077.1	XP_624654.2	XP_048265278.1
OG0005548	XP_016920523.1	XP_006620444.1	XP_031771664.2	XP_043786940.1	XP_003250801.2	XP_012168307.1
OG0005549	XP_016920524.2	XP_006620445.1	XP_003692796.1	XP_043787031.1	XP_006566165.1	XP_020720608.1
OG0005550	XP_061936327.1	XP_006620447.1	XP_086772503.1	XP_043787095.1	NP_001035316.1	XP_012168318.2
OG0005551	XP_016920539.1	XP_006625020.1	XP_012340780.1	XP_043787036.1	XP_006566117.2	XP_003398526.1
OG0005552	XP_061936367.1	XP_006623666.1	XP_031771654.2	XP_043786778.1	XP_026298920.1	XP_012175414.1
OG0005553	XP_016920545.1	XP_006616871.1	XP_003692875.1	XP_043786947.1	XP_624845.3	XP_003403324.1
OG0005554	XP_016920548.2	XP_031366012.1	XP_003692780.1	XP_043787049.1	XP_001121244.3	XP_048265255.1
OG0005555	XP_061936334.1	XP_031366005.1	XP_086772781.1	XP_043787044.1	XP_016769880.2	XP_020720516.2
OG0005556	XP_061934006.1	XP_006607344.1	XP_086773454.1	XP_043786086.1	XP_026298355.1	XP_003403109.2
OG0005557	XP_016920576.2	XP_006620479.1	XP_012340573.2	XP_043787356.1	XP_006566151.2	XP_012168286.2
OG0005558	XP_061936382.1	XP_006623677.1	XP_086764456.1, XP_086772743.1		XP_026299158.1	XP_012175439.2
OG0005559	XP_016920587.2	XP_006620495.1	XP_086772552.1	XP_043787336.1	XP_006566138.2	XP_020720785.1
OG0005560	XP_016920589.1	XP_031368583.1	XP_012340628.1	XP_043787337.1	XP_006566140.1	XP_003398532.1
OG0005561	XP_016920597.2	XP_006620442.1	XP_012340581.1	XP_043787080.1	XP_016769791.1	XP_048265282.1
OG0005562	XP_016920619.1	XP_006623670.1	XP_003692778.1	XP_043786786.1	XP_394840.2	XP_012175411.1
OG0005563	XP_016920621.1	XP_006620482.1	XP_086772546.1	XP_043787325.1	XP_006566143.2	XP_048264997.1
OG0005564	XP_016920637.1	XP_006607362.1	XP_003692570.2	XP_043786262.1	XP_001123356.2	XP_012175202.3
OG0005565	XP_016920639.2	XP_031368586.1	XP_012340575.2	XP_043786851.1	XP_006566152.2	XP_048265275.1
OG0005566	XP_016920640.1	XP_006607967.1	XP_003692783.1	XP_043786955.1	XP_391836.2	XP_012168350.1
OG0005567	XP_016920641.2	XP_006625015.1	XP_003692827.1	XP_043786854.1	XP_016770063.1	XP_048265009.1
OG0005568	XP_016920650.1	XP_006607359.1	XP_086773435.1	XP_043786406.1	XP_006559568.2	XP_003403201.1
OG0005569	XP_061936386.1	XP_031366843.1	XP_086772731.1	XP_043787039.1	XP_006566196.1	XP_003403337.1
OG0005570	XP_016920654.1	XP_006620477.1	XP_003692807.1	XP_043787014.1	XP_001119823.1	XP_003398541.1
OG0005571	XP_016920660.1	XP_006624013.1	XP_003698058.1	XP_043803398.1	XP_006570683.1	XP_012176639.2
OG0005572	XP_016920665.1	XP_006624014.1	XP_003698057.1	XP_043803403.1	XP_624095.3	XP_003393028.1
OG0005573	XP_016920666.1	XP_006621706.1	XP_003691894.1	XP_043798546.1	XP_395866.2	XP_003399084.1
OG0005574	XP_016920667.2	XP_006621707.1	XP_012339245.1	XP_043798736.1	XP_006566766.1	XP_003399085.1
OG0005575	XP_061932912.1	XP_006623583.1	XP_086766294.1	XP_043800494.1	XP_026297524.1	XP_012166363.2
OG0005576	XP_016920678.1	XP_006614060.1	XP_003690596.1	XP_043790775.1	XP_016773447.1	XP_003397979.1
OG0005577	XP_016920679.1	XP_006614061.1	XP_012349994.1	XP_043787739.1	XP_003249667.1	XP_003397978.1
OG0005578	XP_061940270.1	XP_006619296.1	XP_012343141.1	XP_043801162.1	XP_016771818.1	XP_012171809.1
OG0005579	XP_016920686.2	XP_031368064.1	XP_003695052.2	XP_043801159.1	XP_393962.3	XP_003400882.1
OG0005580	XP_061940191.1	XP_031368055.1	XP_086771649.1	XP_043801156.1	XP_006560257.1	XP_048268010.1
OG0005581	XP_016920690.1	XP_006619284.1	XP_003690099.1	XP_043801105.1	XP_016771853.1	XP_003400757.1
OG0005582	XP_016920692.1	XP_006619278.1	XP_003690081.1	XP_043801115.1	XP_003249665.2	XP_012171794.1
OG0005583	XP_016920695.1	XP_006619257.1	XP_003690109.4	XP_043801154.1	XP_006560271.1	XP_003400760.2
OG0005584	XP_028525158.2	XP_031368049.1	XP_086764753.1	XP_043801117.1	XP_006560308.3	XP_020722355.1
OG0005585	XP_061940207.1	XP_006619242.1	XP_086771666.1	XP_043801221.1	XP_003249661.2	XP_020722259.2
OG0005586	XP_016920704.2	XP_006619238.1	XP_003695046.1	XP_043801158.1	XP_391994.1	XP_003400851.1
OG0005587	XP_016920709.1	XP_006619231.1	XP_003695045.1	XP_043801172.1	XP_003249660.1	XP_003400850.1
OG0005588	XP_016920718.1	XP_006607354.1	XP_031771592.2	XP_043786071.1	XP_026298338.1	XP_048269244.1
OG0005589	XP_061940210.1	XP_031368067.1	XP_031773246.2	XP_043801167.1	XP_006560249.3	XP_048268015.1
OG0005590	XP_016920719.2	XP_006619234.1	XP_003695042.2	XP_043801145.1	XP_026300920.1	XP_003400846.1
OG0005591	XP_061940227.1	XP_031368070.1	XP_086764757.1	XP_043801228.1	XP_026300954.1	XP_048267757.1
OG0005592	XP_016920729.1	XP_006619274.1	XP_003690098.3	XP_043801111.1	XP_001120537.3	XP_003400733.2
OG0005593	XP_061940200.1	XP_031368071.1	XP_003695040.1	XP_043801136.1	XP_391991.1	XP_003400845.1
OG0005594	XP_016920740.1	XP_006619247.1	XP_012343459.1	XP_043801146.1	XP_006560265.1	XP_048267773.1
OG0005595	XP_016920748.1	XP_006607353.1	XP_003692565.2	XP_043786179.1	XP_395166.2	XP_012174967.1
OG0005596	XP_028525161.1	XP_031368047.1	XP_086764742.1	XP_043801095.1	XP_006560272.2	XP_012171783.1
OG0005597	XP_061940225.1	XP_006619259.1	XP_003690080.4	XP_043801096.1	XP_001120040.2	XP_003400740.1
OG0005598	XP_028525184.2	XP_006618977.1	XP_012341131.2	XP_043795878.1	XP_026297508.1	XP_003396884.3
OG0005599	XP_016920776.1	XP_006621253.1	XP_003697461.3	XP_043790032.1	XP_396379.4	XP_003400930.2
OG0005600	XP_016920779.1	XP_006621257.1	XP_012347283.2	XP_043790041.1	XP_006560063.1	XP_003400928.1
OG0005601	XP_016920785.1	XP_006621264.2	XP_086770715.1	XP_043790035.1	XP_003249603.2	XP_012171926.2
OG0005602	XP_016920795.1	XP_006621246.1	XP_012347289.1	XP_043790042.1	XP_623517.3	XP_003400933.1
OG0005603	XP_028525193.1	XP_006621244.1	XP_086770711.1	XP_043790040.1	XP_006560052.1	XP_003400935.2
OG0005604	XP_061941268.1	XP_006621256.1	XP_003697463.3	XP_043790036.1	XP_625237.3	XP_003400931.2
OG0005605	XP_061941269.1	XP_006621247.1	XP_012347280.2	XP_043790030.1	XP_026300792.1	XP_020722045.2
OG0005606	XP_028525191.2	XP_031369012.1	XP_086770704.1	XP_043790031.1	XP_026300788.1	XP_048267990.1
OG0005607	XP_061940945.1	XP_006620898.1	XP_012343669.2	XP_043785804.1	XP_003250709.1	XP_003400438.1
OG0005608	XP_016920805.3	XP_031368817.1	XP_031773169.2	XP_043785817.1	XP_016771541.2	XP_048267621.1
OG0005609	XP_028525195.2	XP_006612354.2	XP_003694575.4	XP_043802096.1	XP_026295991.1	XP_012163658.1
OG0005610	XP_028525202.2	XP_031366204.1	XP_086768243.1	XP_043799375.1	XP_026302273.1	XP_048262261.1
OG0005611	XP_028525217.2	XP_031366199.1	XP_031773189.2	XP_043799395.1	XP_016770824.1	XP_003393175.1
OG0005612	XP_016920831.1	XP_006625100.1	XP_003694922.1	XP_043799307.1	XP_394152.2	XP_003392979.1
OG0005613	XP_016920846.2	XP_006625099.1	XP_012343703.1	XP_043799349.1	XP_001120969.2	XP_012175977.2
OG0005614	XP_016920848.2	XP_006625103.2	XP_086768266.1	XP_043799409.1	XP_006571445.1	XP_012176353.3
OG0005615	XP_061940966.1	XP_031364888.1	XP_086765212.1	XP_043785864.1	XP_006565765.2	XP_012171153.1
OG0005616	XP_016920895.2	XP_006613428.1	XP_003693833.3	XP_043800063.1	XP_624025.3	XP_003402984.2
OG0005617	XP_061932567.1	XP_031369767.1	XP_012342153.2	XP_043799884.1	XP_026297191.1	XP_020723676.2
OG0005618	XP_016920910.2	XP_031369766.1	XP_003693923.3	XP_043799987.1	XP_026297083.1	XP_003402940.2
OG0005619	XP_061937968.1	XP_006613162.1	XP_003697578.1	XP_043788608.1	XP_001122973.2	XP_003396731.1
OG0005620	XP_061943444.1	XP_031369839.1	XP_086768315.1	XP_043799362.1	XP_026300457.1	XP_020719495.1
OG0005621	XP_016920929.1	XP_031369026.1	XP_031774226.1	XP_043792757.1	XP_026296442.1	XP_003394665.2
OG0005622	XP_061931387.1	XP_006622047.1	XP_003696534.1	XP_043792489.1	XP_006569984.1	XP_012173512.1
OG0005623	XP_061931380.1	XP_006622051.2	XP_086760431.1	XP_043792130.1	XP_026296701.1	XP_048269945.1
OG0005624	XP_061931372.1	XP_006622060.1	XP_012346219.1	XP_043792971.1	NP_001233180.1	XP_003402122.1
OG0005625	XP_016920935.2	XP_006607779.1	XP_031774353.1	XP_043792823.1	XP_392667.2	XP_003394496.1
OG0005626	XP_016920939.2	XP_006607328.1	XP_012340393.1	XP_043786313.1	XP_006559528.1	XP_048269344.1
OG0005627	XP_016920940.1	XP_031369370.1	XP_003696552.1	XP_043792656.1	XP_001122059.2	XP_012170020.1
OG0005628	XP_028525294.1	XP_006622098.1	XP_086761113.1	XP_043792657.1	XP_006570013.1	XP_012170021.2
OG0005629	XP_016920944.1	XP_006622054.1	XP_003696536.3	XP_043793349.1	XP_397125.5	XP_048269966.1
OG0005630	XP_016920947.1	XP_006621285.1	XP_003696366.1	XP_043793384.1	XP_006569970.1	XP_012176425.3
OG0005631	XP_016920948.1	XP_031369375.1	XP_003696543.1	XP_043792960.1	XP_006570022.2	XP_003402117.1
OG0005632	XP_061931365.1	XP_006622069.1	XP_003696544.3	XP_043792123.1	XP_006569996.2	XP_003402113.1
OG0005633	XP_016920956.1	XP_006621286.1	XP_003696522.1	XP_043792952.1	XP_001121522.1	XP_003394484.1
OG0005634	XP_016920957.1	XP_031365180.1	XP_086761094.1	XP_043792325.1	XP_006569960.2	XP_012176439.1
OG0005635	XP_016920959.2	XP_031369377.1	XP_031774282.2	XP_043793393.1	XP_006569992.2	XP_012173672.3
OG0005636	XP_016920970.1	XP_006607787.1	XP_003696517.1	XP_043793385.1	XP_625146.1	XP_048260590.1
OG0005637	XP_061931426.1	XP_006621284.1	XP_031774354.1	XP_043793386.1	XP_003251471.2	XP_003394482.2
OG0005638	XP_016920979.2	XP_006622085.1	XP_086761105.1	XP_043792504.1	XP_006570003.1	XP_020721644.2
OG0005639	XP_016920985.2	XP_006622090.1	XP_012345871.1	XP_043792512.1	XP_026296346.1	XP_003399553.1
OG0005640	XP_016920999.1	XP_031371045.1	XP_012340372.2	XP_043786279.1	XP_006559510.2	XP_012175122.2
OG0005641	XP_016920988.2	XP_031369025.1	XP_086761091.1	XP_043793131.1	XP_026296671.1	XP_048260589.1
OG0005642	NP_001315417.1	XP_006621283.1	XP_086760387.1	XP_043792620.1	XP_006569978.1	XP_048260656.1
OG0005643	XP_061931357.1	XP_006622079.1	XP_012345959.1	XP_043792707.1	XP_026296479.1	XP_020721684.1
OG0005644	XP_016921017.1	XP_006607793.1	XP_012345684.1	XP_043792808.1	XP_003251461.2	XP_048260122.1
OG0005645	XP_061931403.1	XP_031365091.1	XP_086760377.1	XP_043792822.1	XP_026296531.1	XP_012176435.2
OG0005646	XP_016921027.1	XP_006621280.1	XP_003696507.1	XP_043792886.1	XP_395945.2	XP_003394663.2
OG0005647	XP_016921028.2	XP_006622078.2	XP_012345966.2	XP_043792760.1	XP_006569999.3	XP_003399547.4
OG0005648	XP_016921035.2	XP_006622084.1	XP_086761109.1	XP_043792462.1	XP_016767920.2	XP_003399550.1
OG0005649	XP_016921036.1	XP_006622066.1	XP_012345960.1	XP_043792121.1	XP_623715.2	XP_003402110.1
OG0005650	XP_016921055.1	XP_006607395.1	XP_031771537.2	XP_043786334.1	XP_006559494.1	XP_012175168.1
OG0005651	XP_016921043.2	XP_006621854.1	XP_086760828.1	XP_043792701.1	XP_006567940.1	XP_020723422.1
OG0005652	XP_061928267.1	XP_006607813.1	XP_012349264.1	XP_043788362.1	XP_624305.2	XP_003394452.1
OG0005653	XP_061929767.1	XP_031370007.1	XP_003689630.1	XP_043788174.1	XP_006560675.1	XP_012169525.1
OG0005654	XP_061929734.1	XP_006615966.1	XP_086759414.1	XP_043788112.1	XP_016767145.2	XP_048260869.1
OG0005655	XP_061929738.1	XP_006615964.1	XP_003689614.1	XP_043788104.1	XP_006560659.1	XP_003394756.1
OG0005656	XP_061929799.1	XP_006610251.1	XP_086759380.1	XP_043788210.1	XP_026296123.1	XP_048267639.1
OG0005657	XP_061929816.1	XP_006610261.1	XP_086759369.1	XP_043788059.1	XP_026296223.1	XP_048267827.1
OG0005658	XP_061929830.1	XP_006610265.1	XP_003689649.1	XP_043788067.1	XP_026296227.1	XP_003400485.1
OG0005659	XP_016921102.2	XP_006610247.1	XP_031775822.2	XP_043788091.1	XP_001121774.2	XP_003400427.2
OG0005660	XP_016921104.1	XP_031366452.1	XP_003689610.2	XP_043788135.1	XP_026296197.1	XP_003394749.1
OG0005661	XP_016921105.1	XP_006615948.1	XP_012344502.1	XP_043788071.1	XP_006560670.1	XP_012163064.1
OG0005662	XP_016921109.1	XP_006615942.1	XP_003689620.2	XP_043788069.1	XP_026295978.1	XP_003394746.1
OG0005663	XP_016921111.1	XP_006615945.1	XP_012350786.2	XP_043788170.1	XP_396044.4	XP_003395008.2
OG0005664	XP_016921112.1	XP_006615946.1	XP_086759426.1	XP_043788127.1	XP_624991.1	XP_003399424.1
OG0005665	XP_061929732.1	XP_031366454.1	XP_012350393.2	XP_043788225.1	XP_026296196.1	XP_012163068.1
OG0005666	XP_061929788.1	XP_006610237.1	XP_012350245.1	XP_043788158.1	XP_026295894.1	XP_048265762.1
OG0005667	XP_016921121.1	XP_006610235.1	XP_012350366.1	XP_043788163.1	XP_026295854.1	XP_003400428.1
OG0005668	XP_016921127.1	XP_006623599.1	XP_003689673.2	XP_043788166.1	XP_623999.1	XP_003399346.1
OG0005669	XP_016921134.1	XP_006610232.1	XP_031776309.1	XP_043788079.1	XP_006562061.1	XP_012171324.1
OG0005670	XP_061929812.1	XP_006610225.1	XP_003689642.2	XP_043788097.1	XP_624008.2	XP_048267643.1
OG0005671	XP_016921147.1	XP_006615970.1	XP_012344759.2	XP_043788105.1	XP_026296190.1	XP_012163437.2
OG0005672	XP_061929769.1	XP_006623602.2	XP_012350293.1	XP_043788084.1	XP_026296289.1	XP_048265927.1
OG0005673	XP_061938825.1	XP_006614497.1	XP_003698220.1	XP_043803777.1	XP_001121507.2	XP_012169942.1
OG0005674	XP_061934351.1	XP_031364072.1	XP_086761772.1	XP_043796898.1	XP_026298130.1	XP_048268994.1
OG0005675	XP_016921166.1	XP_006620141.1	XP_003698925.1	XP_043801484.1	XP_006559866.1	XP_003397179.1
OG0005676	XP_016921192.1	XP_006607363.1	XP_031771594.1	XP_043786394.1	XP_001123354.1	XP_048269249.1
OG0005677	XP_016921199.1	XP_006607293.1	XP_031771545.1	XP_043786388.1	XP_006559589.1	XP_003403140.3
OG0005678	XP_016921201.1	XP_006607342.1	XP_003692549.1	XP_043786195.1	XP_001122102.2	XP_003403110.1
OG0005679	XP_016921212.1	XP_006607346.1	XP_003692553.1	XP_043786112.1	XP_396699.1	XP_003403106.1
OG0005680	XP_016921214.1	XP_006607351.1	XP_003692556.1	XP_043786084.1	XP_026298349.1	XP_003403104.1
OG0005681	XP_016921222.2	XP_006607343.1	XP_003692550.2	XP_043786216.1	XP_003249531.1	XP_003403108.2
OG0005682	XP_061931469.1	XP_031369730.1	XP_086772975.1	XP_043803707.1	XP_026296525.1	XP_012163753.3
OG0005683	XP_061930587.1	XP_006622522.2	XP_086772897.1	XP_043803470.1	XP_006570647.1	XP_012163203.1
OG0005684	XP_086628185.1	XP_006624030.2	XP_012348236.1	XP_043803394.1	XP_001122067.3	XP_003393033.2
OG0005685	XP_016921245.1	XP_031369742.1	XP_031775389.1	XP_043803538.1	XP_016766860.1	XP_003393071.1
OG0005686	XP_028525383.1	XP_006618079.1	XP_012348020.2	XP_043803522.1	XP_006570860.1	XP_012164237.1
OG0005687	XP_061929467.1	XP_006612181.1	XP_086759606.1	XP_043784948.1	XP_026295807.1	XP_003395128.1
OG0005688	XP_016921262.1	XP_006612165.1	XP_086759610.1	XP_043784936.1	XP_006558791.2	XP_003395123.1
OG0005689	XP_061929597.1	XP_006612185.1	XP_003691736.1	XP_043784926.1	XP_395004.3	XP_012163544.1
OG0005690	XP_016921278.1	XP_006618063.1	XP_003698038.2	XP_043803571.1	XP_003251638.1	XP_003392903.1
OG0005691	XP_016921282.1	XP_006622548.1	XP_012348001.1	XP_043803601.1	XP_001121977.2	XP_012163129.2
OG0005692	XP_016921287.1	XP_006618062.1	XP_003697970.1	XP_043803606.1	XP_001120208.2	XP_003392904.1
OG0005693	XP_028525417.1	XP_031364646.1	XP_086759581.1	XP_043785007.1	XP_026296203.1	XP_020718489.2
OG0005694	XP_016921291.2	XP_006612184.1	XP_003693461.2	XP_043784934.1	XP_026295876.1	XP_003395130.1
OG0005695	XP_016921299.1	XP_006622518.2	XP_086772926.1	XP_043803427.1	XP_001120658.2	XP_003393042.1
OG0005696	XP_028525368.1	XP_006622519.1	XP_012348083.1	XP_043803497.1	XP_623181.2	XP_003393045.1
OG0005697	XP_016921301.1	XP_006622944.1	XP_086772950.1	XP_043803656.1	XP_006570776.2	XP_048263925.1
OG0005698	XP_016921321.1	XP_006621129.1	XP_086772828.1	XP_043803652.1	XP_006570920.1	XP_003393417.1
OG0005699	XP_061935380.1	XP_006610072.1	XP_012348736.2	XP_043789460.1	XP_016769403.1	XP_012167069.1
OG0005700	XP_016921350.2	XP_006618092.1	XP_012348005.1	XP_043803680.1	XP_016767058.2	XP_012164139.2
OG0005701	XP_016921373.2	XP_006610054.1	XP_086765638.1	XP_043789951.1	XP_026298504.1	XP_003397691.1
OG0005702	XP_061931434.1	XP_006622928.1	XP_086772968.1	XP_043803465.1	XP_392599.1	XP_003393053.1
OG0005703	XP_016921357.1	XP_006622918.1	XP_086773076.1	XP_043803745.1	XP_006570761.2	XP_012163354.2
OG0005704	XP_061931800.1	XP_031369731.1	XP_086773005.1	XP_043803499.1	XP_006570794.1	XP_048263112.1
OG0005705	XP_061935397.1	XP_006610053.2	XP_086766735.1	XP_043789429.1	XP_001122247.5	XP_003397702.1
OG0005706	XP_061929578.1	XP_006612209.1	XP_086759334.1	XP_043784962.1	XP_006558764.1	XP_012163522.2
OG0005707	XP_028525415.1	XP_031368966.1	XP_012348146.1	XP_043803602.1	XP_026300682.1	XP_048267912.1
OG0005708	XP_061932605.1	XP_006621087.1	XP_086772793.1	XP_043803431.1	XP_006570876.1	XP_012172547.1
OG0005709	XP_028520372.1	XP_006610088.1	XP_012347628.2	XP_043789406.1	XP_006561836.1	XP_048264278.1
OG0005710	XP_061932488.1	XP_006618144.1	XP_003697969.2	XP_043803414.1	XP_001120268.3	XP_048267523.1
OG0005711	XP_016921417.1	XP_006612247.1	XP_012339181.1	XP_043784989.1	XP_006558732.1	XP_012163313.2
OG0005712	XP_016921418.3	XP_006612230.1	XP_003691754.3	XP_043784913.1	XP_001122740.5	XP_003394968.1
OG0005713	XP_028525347.2	XP_006618107.1	XP_012348007.2	XP_043803699.1	XP_006570844.1	XP_020719851.2
OG0005714	XP_016921420.1	XP_006618105.1	XP_003697944.1	XP_043803700.1	XP_003251612.1	XP_048263314.1
OG0005715	XP_016921441.1	XP_006610073.1	XP_003690309.1	XP_043789752.1	XP_003249931.1	XP_020720113.2
OG0005716	XP_061932074.1	XP_031367493.1	XP_086773004.1	XP_043803558.1	XP_026301907.1	XP_048263091.1
OG0005717	XP_016921445.1	XP_006618109.1	XP_003697941.4	XP_043803454.1	XP_397092.3	XP_003393087.1
OG0005718	XP_016921461.1	XP_031368962.1	XP_003697972.1	XP_043803441.1	XP_397113.1	XP_012173010.1
OG0005719	XP_016921465.2	XP_006621094.1	XP_003697974.2	XP_043803446.1	XP_001120659.3	XP_012173090.2
OG0005720	XP_016921471.1	XP_006618131.1	XP_086773019.1	XP_043803529.1	XP_006570815.1	XP_012163856.1
OG0005721	XP_016921482.1	XP_006612221.1	XP_003691748.1	XP_043784904.1	XP_026295826.1	XP_003395094.1
OG0005722	XP_016921483.1	XP_031367507.1	XP_012348008.2	XP_043803549.1	XP_016767147.2	XP_012164042.1
OG0005723	XP_016921492.1	XP_031364606.1	XP_012339143.1	XP_043784977.1	XP_006558743.1	XP_020718345.1
OG0005724	XP_028525364.1	XP_031368948.1	XP_086772794.1	XP_043803410.1	XP_006570884.1	XP_012173555.1
OG0005725	XP_016921504.3	XP_006621095.1	XP_012348059.1	XP_043803411.1	XP_003251623.1	XP_003392951.2
OG0005726	XP_016921512.1	XP_006622927.1	XP_086772956.1	XP_043803464.1	XP_016771358.1	XP_048263998.1
OG0005727	XP_016921515.1	XP_031364604.1	XP_012339218.1	XP_043784959.1	XP_006558736.1	XP_012163305.1
OG0005728	XP_016921522.1	XP_031369729.1	XP_003697929.1	XP_043803580.1	XP_001120930.3	XP_003393067.3
OG0005729	XP_016921530.1	XP_006612166.1	XP_012339171.1	XP_043784943.1	XP_016767415.1	XP_048261290.1
OG0005730	XP_016921537.1	XP_006621106.2	XP_012348053.1	XP_043803573.1	XP_006570894.1	XP_012174876.1
OG0005731	XP_016921538.1	XP_031367491.1	XP_031775310.2	XP_043803694.1	XP_016773403.2	XP_003392902.2
OG0005732	XP_016921542.1	XP_006612234.1	XP_031771019.2	XP_043784919.1	XP_016767386.1	XP_012163295.1
OG0005733	XP_016921544.2	XP_006618097.1	XP_003697952.2	XP_043803519.1	XP_395658.5	XP_012164072.3
OG0005734	XP_016921546.1	XP_031367483.1	XP_003697954.1	XP_043803422.1	XP_395659.1	XP_003393098.1
OG0005735	XP_016921548.1	XP_006622515.1	XP_012348234.1	XP_043803517.1	XP_006570674.1	XP_012163105.1
OG0005736	XP_061931014.1	XP_006622550.1	XP_012348247.1	XP_043803543.1	XP_624472.3	XP_003393035.1
OG0005737	XP_061935363.1	XP_031371228.1	XP_086764714.1	XP_043789665.1	XP_006561846.2	XP_048264280.1
OG0005738	XP_016921558.1	XP_006612203.1	XP_003691741.1	XP_043784990.1	XP_026295917.1	XP_003395100.1
OG0005739	XP_016921563.1	XP_006622947.1	XP_086772969.1	XP_043803723.1	XP_026298659.1	XP_012163541.2
OG0005740	XP_061930875.1	XP_006624000.1	XP_086772921.1	XP_043803423.1	XP_003251596.2	XP_003393022.1
OG0005741	XP_016921573.1	XP_006612220.1	XP_003691746.3	XP_043784906.1	XP_003249365.1	XP_003395095.1
OG0005742	XP_016921581.1	XP_006612208.1	XP_003691722.3	XP_043784914.1	XP_006558763.1	XP_003395096.2
OG0005743	XP_016921589.1	XP_006607887.2	XP_031774603.2	XP_043789582.1	XP_026298507.1	XP_003397887.3
OG0005744	XP_016921586.1	XP_006618129.1	XP_031775418.2	XP_043803761.1	XP_026299413.1	XP_048263257.1
OG0005745	XP_016921592.1	XP_006612206.1	XP_086759578.1	XP_043784915.1	XP_395613.3	XP_003395101.1
OG0005746	XP_016921594.2	XP_006618095.1	XP_012348004.2	XP_043803528.1	XP_006570850.3	XP_012164088.3
OG0005747	XP_016921603.1	XP_006607884.1	XP_012348713.1	XP_043789584.1	XP_016769630.2	XP_003397889.1
OG0005748	XP_016921600.2	XP_031366366.1	XP_012345456.1	XP_043793926.1	XP_006558393.2	XP_012172040.1
OG0005749	XP_016921602.1	XP_006618938.1	XP_003696160.1	XP_043793958.1	XP_003249400.1	XP_003401438.1
OG0005750	XP_016921612.2	XP_006615812.1	XP_086766375.1	XP_043793973.1	XP_026300086.1	XP_003401004.2
OG0005751	XP_016921625.1	XP_006607882.1	XP_012348913.1	XP_043789884.1	XP_394922.3	XP_012167590.1
OG0005752	XP_016921628.2	XP_006615808.1	XP_012345457.1	XP_043793959.1	XP_016770842.2	XP_048268784.1
OG0005753	XP_061940666.1	XP_031364179.1	XP_003694988.2	XP_043785497.1	XP_016771508.1	XP_003400574.1
OG0005754	XP_028525451.1	XP_006610866.1	XP_086763894.1	XP_043803989.1	XP_006566916.1	XP_048266668.1
OG0005755	XP_016921647.1	XP_006607880.1	XP_003690338.1	XP_043789664.1	XP_001121104.2	XP_003397893.1
OG0005756	XP_061939145.1	XP_006610888.1	XP_086763642.1	XP_043803819.1	XP_016770996.2	XP_020721361.2
OG0005757	XP_016921668.2	XP_006610862.1	XP_003697368.1	XP_043803823.1	XP_001121859.1	XP_003399685.3
OG0005758	XP_028525456.2	XP_006610877.1	XP_086763578.1	XP_043804069.1	XP_016771008.1	XP_003399687.1
OG0005759	XP_061941318.1	XP_031367253.1	XP_031773869.1	XP_043790624.1	XP_026301316.1	XP_012172597.2
OG0005760	XP_061941278.1	XP_031366415.1	XP_086774024.1	XP_043790772.1	XP_026301259.1	XP_048268542.1
OG0005761	XP_016921697.1	XP_006617587.1	XP_003695853.1	XP_043790526.1	XP_001120689.2	XP_020722769.2
OG0005762	XP_016921713.2	XP_006613049.2	XP_003697764.3	XP_043795215.1	XP_026298523.1	XP_012167122.2
OG0005763	XP_016921724.2	XP_006624045.1	XP_003695732.1	XP_043798067.1	XP_001122971.2	XP_003398574.1
OG0005764	XP_016921725.1	XP_006624062.1	XP_012344764.1	XP_043798097.1	XP_026299073.1	XP_003398359.1
OG0005765	XP_016921729.2	XP_031370218.1	XP_003695725.2	XP_043798107.1	XP_026299124.1	XP_003398508.1
OG0005766	XP_016921736.1	XP_006617736.2	XP_086771582.1	XP_043798104.1	XP_026299119.1	XP_020724094.1
OG0005767	XP_016921752.2	XP_006617726.1	XP_003695729.2	XP_043798079.1	XP_625059.4	XP_012175831.1
OG0005768	XP_016921759.1	XP_006617744.1	XP_012344781.1	XP_043798110.1	XP_026298975.1	XP_003398352.1
OG0005769	XP_016921781.1	XP_006617743.1	XP_003695735.1	XP_043798088.1	XP_623810.1	XP_003394412.2
OG0005770	XP_016921785.2	XP_006624048.1	XP_031773698.2	XP_043798106.1	XP_026299082.1	XP_003398479.2
OG0005771	XP_061943383.1	XP_031369965.1	XP_086768416.1	XP_043799255.1	XP_026301946.1	XP_020724330.2
OG0005772	XP_016921792.2	XP_006614927.1	XP_003695535.1	XP_043794565.1	XP_003251754.1	XP_003393287.1
OG0005773	XP_061935102.1	XP_006622272.1	XP_012347759.2	XP_043795146.1	XP_006560831.1	XP_012167158.2
OG0005774	XP_016921794.1	XP_006608094.2	XP_003696605.1	XP_043792990.1	XP_006567729.2	XP_048261881.1
OG0005775	XP_061933417.1	XP_031368074.1	XP_003690182.3	XP_043784291.1	XP_016768569.2	XP_012166433.3
OG0005776	XP_061932518.1	XP_031366406.1	XP_003693980.3	XP_043799858.1	XP_006570560.1	XP_003395991.1
OG0005777	XP_016921801.1	XP_006615877.1	XP_012342205.2	XP_043800110.1	XP_003251572.1	XP_003402980.2
OG0005778	XP_061933437.1	XP_031368081.1	XP_031773808.2	XP_043784300.1	XP_006557696.2	XP_020719796.2
OG0005779	XP_061932531.1	XP_006615880.1	XP_086767438.1	XP_043800314.1	XP_026297357.1	XP_003395999.1
OG0005780	XP_016921821.1	XP_006615872.1	XP_086767445.1	XP_043800304.1	XP_392405.3	XP_003402977.1
OG0005781	XP_016921824.2	XP_006619338.1	XP_003690190.3	XP_043784285.1	XP_006557379.2	XP_020719930.2
OG0005782	XP_016921834.1	XP_006619345.1	XP_031773816.1	XP_043784278.1	XP_016768578.1	XP_048263985.1
OG0005783	XP_061933400.1	XP_006619323.1	XP_086764147.1	XP_043784264.1	XP_016768566.1	XP_048263973.1
OG0005784	XP_016921847.1	XP_006615875.1	XP_012342204.1	XP_043800091.1	XP_003251580.2	XP_020723693.1
OG0005785	XP_016921850.1	XP_006619329.1	XP_086764174.1	XP_043784288.1	XP_003249146.1	XP_003397023.1
OG0005786	XP_016921852.1	XP_006615871.1	XP_086767444.1	XP_043800016.1	XP_394619.1	XP_012174747.1
OG0005787	XP_061938722.1	XP_006614528.1	XP_012348517.2	XP_043804144.1	XP_003250047.3	XP_012170042.2
OG0005788	XP_016921862.1	XP_006614519.1	XP_012348518.1	XP_043804119.1	XP_003250048.2	XP_003399489.1
OG0005789	XP_016921863.1	XP_006614523.1	XP_012348501.2	XP_043804025.1	XP_003250057.1	XP_003399484.1
OG0005790	XP_016921866.2	XP_031365050.1	XP_003697739.2	XP_043795127.1	XP_016769448.2	XP_003397574.2
OG0005791	XP_016921864.2	XP_006616446.1	XP_031775512.2	XP_043804269.1	XP_026300281.1	XP_048266918.1
OG0005792	XP_061938662.1	XP_006616430.1	XP_003698203.1	XP_043803994.1	XP_003250043.1	XP_003399475.1
OG0005793	XP_016921876.2	XP_031366640.1	XP_012348495.3	XP_043803851.1	XP_006562319.3	XP_003399585.2
OG0005794	XP_016921877.2	XP_006616439.1	XP_012348496.2	XP_043803853.1	XP_026299926.1	XP_003399481.2
OG0005795	XP_016921888.1	XP_006616435.1	XP_031775513.1	XP_043804210.1	XP_006562316.1	XP_003399476.1
OG0005796	XP_061937398.1	XP_006623350.1	XP_003693766.1	XP_043784707.1	XP_003249420.1	XP_003396457.1
OG0005797	XP_016921902.2	XP_031365081.1	XP_012347703.2	XP_043795256.1	XP_016769452.2	XP_020720180.2
OG0005798	XP_016921898.1	XP_006616409.1	XP_086766482.1	XP_043795753.1	XP_006568423.1	XP_048263652.1
OG0005799	XP_061934570.1	XP_006613421.1	XP_012342774.2	XP_043797356.1	XP_016769155.2	XP_048269531.1
OG0005800	XP_061934538.1	XP_006619417.1	XP_086762113.1	XP_043796925.1	XP_006564621.2	XP_003401692.1
OG0005801	XP_016921907.1	XP_031368122.1	XP_031772678.1	XP_043796789.1	XP_026298146.1	XP_003401923.2
OG0005802	XP_016921909.2	XP_006619365.1	XP_012342539.2	XP_043796832.1	XP_006564660.1	XP_003401718.1
OG0005803	XP_016921920.1	XP_006619438.1	XP_003694132.2	XP_043797082.1	XP_394742.1	XP_003401921.1
OG0005804	XP_028520086.1	XP_006613044.1	XP_012347706.1	XP_043795073.1	XP_026298524.1	XP_048264860.1
OG0005805	XP_016921923.1	XP_006619370.1	XP_003694109.1	XP_043797191.1	XP_026298081.1	XP_020722904.1
OG0005806	XP_016921934.1	XP_006619372.1	XP_003694114.1	XP_043797202.1	XP_006564652.1	XP_003401711.1
OG0005807	XP_016921946.1	XP_006619393.1	XP_003694117.1	XP_043796831.1	XP_395545.1	XP_003401706.2
OG0005808	XP_016921957.1	XP_031368131.1	XP_086762105.1	XP_043797177.1	XP_026298110.1	XP_012173046.2
OG0005809	XP_016921966.1	XP_006619430.1	XP_003694126.1	XP_043797184.1	XP_624808.1	XP_012173049.1
OG0005810	XP_016921972.1	XP_031368143.1	XP_012342675.1	XP_043797187.1	XP_006564616.1	XP_012173051.2
OG0005811	XP_061934537.1	XP_006619421.1	XP_086762116.1	XP_043796790.1	XP_392882.2	XP_020722918.1
OG0005812	XP_016921979.1	XP_006619408.1	XP_003694108.1	XP_043796845.1	XP_397094.2	XP_003401697.1
OG0005813	XP_016921982.1	XP_006619407.1	XP_003694113.1	XP_043796848.1	XP_001122365.1	XP_003401698.1
OG0005814	XP_016921983.1	XP_006619410.1	XP_012342555.1	XP_043796849.1	XP_006564626.1	XP_003401696.1
OG0005815	XP_016921986.1	XP_006619413.1	XP_003694124.2	XP_043796583.1	XP_624437.4	XP_003401691.1
OG0005816	XP_016921992.2	XP_031368109.1	XP_031772655.2	XP_043796992.1	XP_394746.4	XP_003401713.1
OG0005817	XP_016922002.1	XP_006619404.1	XP_086762119.1	XP_043796428.1	XP_006564631.1	XP_003401699.2
OG0005818	XP_061939432.1	XP_006617601.1	XP_086769237.1	XP_043795515.1	XP_026296231.1	XP_012165960.1
OG0005819	XP_061935401.1	XP_006610090.1	XP_031774110.1	XP_043789681.1	XP_016769593.2	XP_003397711.2
OG0005820	XP_016922041.2	XP_006610763.1	XP_012342022.2	XP_043793889.1	XP_001122824.1	XP_003400972.1
OG0005821	XP_016922049.1	XP_006623397.1	XP_031774392.1	XP_043793327.1	XP_001121920.1	XP_003395821.1
OG0005822	XP_061940074.1	XP_031365718.1	XP_086770238.1	XP_043787480.1	XP_016771457.1	XP_048267397.1
OG0005823	XP_016922066.2	XP_006614553.1	XP_012343180.2	XP_043787462.1	XP_391986.4	XP_012170821.3
OG0005824	XP_016922067.1	XP_006614579.1	XP_003694490.1	XP_043787506.1	XP_006564118.1	XP_003400141.1
OG0005825	XP_061940082.1	XP_031365721.1	XP_086770248.1	XP_043787481.1	XP_006565118.2	XP_003400145.1
OG0005826	XP_016922068.1	XP_006614280.1	XP_086770271.1	XP_043787554.1	XP_001120325.2	XP_012170853.2
OG0005827	XP_016922071.1	XP_006614554.1	XP_003694480.1	XP_043787473.1	XP_001120670.2	XP_003400295.2
OG0005828	XP_061939494.1	XP_006614237.1	XP_031772943.1	XP_043787483.1	XP_001121996.2	XP_003400201.1
OG0005829	XP_016922074.1	XP_006614552.1	XP_012343181.1	XP_043787493.1	XP_006565109.1	XP_003400317.1
OG0005830	XP_061940175.1	XP_006614290.1	XP_086770311.1	XP_043787553.1	XP_006565068.1	XP_003400310.2
OG0005831	XP_016922077.1	XP_006614598.1	XP_086770209.1	XP_043787512.1	XP_003250394.3	XP_012170664.1
OG0005832	XP_061940117.1	XP_031365616.1	XP_086770267.1	XP_043787527.1	XP_016771325.1	XP_012170846.2
OG0005833	XP_028525657.2	XP_031365720.1	XP_012343091.1	XP_043787429.1	XP_026300581.1	XP_003400150.1
OG0005834	XP_016922108.1	XP_031368223.1	XP_031772972.1	XP_043787444.1	XP_395996.1	XP_012170826.1
OG0005835	XP_016922115.1	XP_006619663.1	XP_012343118.2	XP_043787447.1	XP_001120039.2	XP_003400350.2
OG0005836	XP_016922130.1	XP_006614281.1	XP_003694555.1	XP_043787533.1	XP_006565066.1	XP_003400362.1
OG0005837	XP_061940125.1	XP_006614264.1	XP_086770293.1	XP_043787436.1	XP_016771367.2	XP_003400135.2
OG0005838	XP_061935405.1	XP_031371218.1	XP_086764407.1	XP_043789799.1	XP_016769461.1	XP_020720222.2
OG0005839	XP_016922152.1	XP_006614239.1	XP_086770325.1	XP_043787418.1	XP_006568137.2	XP_048267227.1
OG0005840	XP_061940081.1	XP_006614569.1	XP_086770237.1	XP_043787479.1	NP_001011598.1	XP_003400146.1
OG0005841	XP_028525604.2	XP_006614570.2	XP_012343138.2	XP_043787486.1	XP_006565125.3	XP_048267393.1
OG0005842	XP_016922167.1	XP_006614578.1	XP_003694492.2	XP_043787504.1	XP_003250399.1	XP_012170799.1
OG0005843	XP_016922188.2	XP_006614592.2	XP_003694494.2	XP_043787511.1	XP_006564116.2	XP_048267268.1
OG0005844	XP_016922189.2	XP_006614258.1	XP_031772937.2	XP_043787463.1	XP_006568109.1	XP_003400265.1
OG0005845	XP_061940149.1	XP_006614246.1	XP_012343143.1	XP_043787424.1	XP_016771345.2	XP_048267254.1
OG0005846	XP_016922192.1	XP_006614245.1	XP_003694520.1	XP_043787489.1	XP_392711.4	XP_020721833.1
OG0005847	XP_016922193.1	XP_006614595.1	XP_031772931.1	XP_043787567.1	XP_006564114.1	XP_003396547.3
OG0005848	XP_016922195.2	XP_006614594.1	XP_003694495.1	XP_043787570.1	XP_392591.2	XP_012166026.1
OG0005849	XP_016922203.3	XP_006614253.1	XP_012343124.2	XP_043787514.1	XP_393234.2	XP_003400256.2
OG0005850	XP_061929214.1	XP_006611936.1	XP_003693429.1	XP_043791130.1	XP_026295323.1	XP_012175860.1
OG0005851	XP_061929227.1	XP_006611940.1	XP_012341594.1	XP_043791237.1	XP_624114.1	XP_003394102.1
OG0005852	XP_016922223.1	XP_006611975.1	XP_003693442.1	XP_043791174.1	XP_001122585.3	XP_003398568.1
OG0005853	XP_061929228.1	XP_006611948.1	XP_003693437.1	XP_043791160.1	XP_026295413.1	XP_003394101.1
OG0005854	XP_016922227.1	XP_006611924.2	XP_012341630.1	XP_043791179.1	XP_623376.5	XP_012175878.1
OG0005855	XP_016922230.1	XP_006611983.1	XP_003693446.1	XP_043791184.1	XP_001120184.2	XP_003398571.2
OG0005856	XP_016922236.1	XP_006611944.1	XP_086770179.1	XP_043791159.1	XP_001123124.3	XP_012174892.2
OG0005857	XP_016922237.1	XP_006611939.1	XP_003693434.1	XP_043791195.1	XP_003251824.1	XP_020724227.2
OG0005858	XP_016922239.1	XP_006611935.1	XP_031772196.1	XP_043791185.1	XP_026295324.1	XP_003394109.1
OG0005859	XP_061929236.1	XP_031364532.1	XP_012341601.1	XP_043791196.1	XP_026295467.1	XP_012175837.1
OG0005860	XP_016922241.1	XP_006611956.1	XP_012341609.1	XP_043791206.1	XP_026295476.1	XP_003394417.1
OG0005861	XP_016922243.1	XP_006611926.1	XP_012341622.1	XP_043791166.1	XP_006571932.2	XP_012175868.2
OG0005862	XP_016922248.1	XP_006611928.1	XP_086770193.1	XP_043791169.1	XP_006571931.2	XP_012175869.3
OG0005863	XP_016922254.1	XP_006611950.1	XP_012341631.2	XP_043791161.1	XP_006571844.1	XP_012175846.2
OG0005864	XP_016922261.1	XP_006611972.1	XP_003693443.1	XP_043791141.1	XP_624145.3	XP_020724321.2
OG0005865	XP_016922270.2	XP_006607928.1	XP_086773869.1	XP_043789603.1	XP_016769495.1	XP_012167638.1
OG0005866	XP_061929259.1	XP_031364516.1	XP_031772199.2	XP_043791132.1	XP_026295316.1	XP_048265256.1
OG0005867	XP_061937895.1	XP_006610753.2	XP_012347339.3	XP_043787861.1	XP_016770201.1	XP_012165823.1
OG0005868	XP_061929532.1	XP_031366734.1	XP_086759613.1	XP_043797470.1	XP_016767252.1	XP_012163559.2
OG0005869	XP_061940389.1	XP_006613030.2	XP_086764861.1	XP_043785171.1	XP_624234.2	XP_003393382.1
OG0005870	XP_016922299.1	XP_006613028.1	XP_012347798.3	XP_043785759.1	XP_026300963.1	XP_003393397.2
OG0005871	XP_016922321.1	XP_006616652.1	XP_086764866.1	XP_043785391.1	XP_016771800.1	XP_003393391.1
OG0005872	XP_061935290.1	XP_006607924.1	XP_086773943.1	XP_043789435.1	XP_026298824.1	XP_003397958.1
OG0005873	XP_016922327.1	XP_006616651.1	XP_012347839.2	XP_043785574.1	XP_395130.4	XP_003393392.1
OG0005874	XP_028525716.2	XP_006614496.1	XP_086773572.1	XP_043799734.1	XP_003249519.2	XP_003397051.1
OG0005875	XP_061934030.1	XP_006607292.1	XP_086773499.1	XP_043786222.1	XP_016769301.1	XP_003403143.2
OG0005876	XP_016922347.1	XP_006607238.1	XP_012340347.2	XP_043786165.1	XP_006559637.1	XP_020722912.1
OG0005877	XP_028525710.1	XP_006607241.1	XP_086773559.1	XP_043786166.1	XP_016768876.1	XP_012173302.2
OG0005878	XP_016922353.1	XP_031370029.1	XP_012340358.1	XP_043786370.1	XP_006559627.1	XP_012173295.2
OG0005879	XP_028525706.1	XP_031370830.1	XP_012340361.2	XP_043786108.1	XP_026298006.1	XP_003401862.2
OG0005880	XP_016922365.1	XP_031370798.1	XP_003692584.1	XP_043786148.1	XP_006559626.1	XP_020723017.1
OG0005881	XP_016922370.2	XP_006607274.1	XP_012340337.2	XP_043786074.1	XP_016768858.2	XP_020723001.2
OG0005882	XP_016922374.1	XP_006613095.1	XP_012347713.1	XP_043795055.1	XP_026298827.1	XP_020720308.1
OG0005883	XP_016922381.1	XP_006607262.1	XP_012340413.1	XP_043786158.1	XP_006559606.1	XP_020722865.2
OG0005884	XP_016922386.2	XP_006613093.1	XP_086759182.1	XP_043795056.1	XP_006561677.1	XP_012167107.1
OG0005885	XP_016922394.1	XP_006607270.1	XP_003692617.1	XP_043786113.1	XP_006559598.1	XP_003401842.1
OG0005886	XP_016922406.1	XP_006607426.1	XP_012340327.3	XP_043786244.1	XP_026298211.1	XP_012173313.2
OG0005887	XP_016922399.2	XP_031368887.1	XP_012340438.1	XP_043786136.1	XP_006559641.1	XP_003401876.1
OG0005888	XP_061930053.1	XP_006619772.2	XP_086760165.1	XP_043801702.1	XP_006567342.1	XP_048267814.1
OG0005889	XP_016922417.1	XP_006609005.1	XP_003698387.2	XP_043786294.1	XP_396894.4	XP_020721741.1
OG0005890	XP_016922419.1	XP_006608997.1	XP_003698421.2	XP_043787577.1	XP_623750.2	XP_003399813.1
OG0005891	XP_016922420.2	XP_006608996.1	XP_003698422.1	XP_043786992.1	XP_395092.2	XP_003399812.1
OG0005892	XP_016922428.1	XP_006625081.1	XP_012348684.2	XP_043796589.1	XP_006560863.1	XP_012170418.1
OG0005893	XP_061939367.1	XP_031370689.1	XP_086765921.1	XP_043788642.1	XP_001120901.3	XP_012170414.2
OG0005894	XP_016922441.1	XP_031364456.1	XP_003694142.1	XP_043796936.1	XP_006564579.2	XP_012173015.1
OG0005895	XP_016922443.1	XP_006616511.2	XP_031774174.2	XP_043792436.1	XP_001121319.3	XP_003395485.1
OG0005896	XP_061927657.1	XP_006620666.1	XP_086762941.1	XP_043800646.1	XP_006568841.1	XP_048270453.1
OG0005897	XP_016922458.1	XP_006614510.1	XP_003698259.2	XP_043804075.1	XP_003250050.1	XP_048266816.1
OG0005898	XP_016922462.1	XP_006614504.1	XP_003698255.1	XP_043804081.1	XP_624552.1	XP_003399496.1
OG0005899	XP_016922463.1	XP_006614498.1	XP_003698252.1	XP_043804113.1	XP_026300103.1	XP_003399499.2
OG0005900	XP_061938798.1	XP_006615929.2	XP_086763616.1	XP_043803960.1	XP_026300215.1	XP_048266809.1
OG0005901	XP_016922475.1	XP_031368989.1	XP_031775145.2	XP_043795083.1	XP_006560829.2	XP_003397600.1
OG0005902	XP_061938797.1	XP_006614512.1	XP_086763631.1	XP_043803799.1	XP_006562329.1	XP_012169937.1
OG0005903	XP_016922479.1	XP_006614515.1	XP_003698260.1	XP_043803796.1	XP_396090.2	XP_003399590.2
OG0005904	XP_016922486.1	XP_006614500.1	XP_086763629.1	XP_043803949.1	XP_395787.4	XP_003399495.1
OG0005905	XP_061943457.1	XP_031369836.1	XP_031774636.2	XP_043799361.1	XP_026302090.1	XP_012165477.2
OG0005906	XP_016922501.1	XP_006623169.1	XP_012346697.1	XP_043799348.1	XP_026295577.1	XP_048261753.1
OG0005907	XP_016922502.1	XP_006623159.1	XP_003697069.1	XP_043799354.1	XP_395906.3	XP_003393273.1
OG0005908	XP_016922511.1	XP_006609947.1	XP_003697750.1	XP_043795085.1	XP_026298817.1	XP_003397601.2
OG0005909	XP_061943458.1	XP_006623213.1	XP_003697072.1	XP_043799355.1	XP_624057.3	XP_012165457.1
OG0005910	XP_016922513.1	XP_006623160.1	XP_003697074.1	XP_043799373.1	XP_624000.1	XP_003393272.2
OG0005911	XP_016922516.2	XP_006623203.1	XP_031774634.2	XP_043799370.1	XP_006571359.2	XP_012170933.1
OG0005912	XP_061943461.1	XP_031369835.1	XP_086768293.1	XP_043799369.1	XP_026302100.1	XP_048261294.1
OG0005913	XP_061943464.1	XP_006623153.1	XP_031774620.1	XP_043799320.1	XP_026297176.1	XP_020720806.2
OG0005914	XP_028525754.2	XP_006623191.1	XP_086768339.1	XP_043799384.1	XP_026295543.1	XP_020719784.1
OG0005915	XP_016922547.1	XP_006623202.1	XP_086768346.1	XP_043799350.1	XP_003251714.2	XP_003392897.3
OG0005916	XP_016922548.1	XP_031369844.1	XP_086768302.1	XP_043799337.1	XP_006571469.1	XP_048264261.1
OG0005917	XP_016922551.1	XP_006623150.1	XP_031774630.2	XP_043799340.1	NP_001242967.1	XP_012165575.1
OG0005918	XP_016922553.2	XP_006623199.1	XP_086768342.1	XP_043799310.1	XP_006571360.1	XP_003392892.1
OG0005919	XP_016922560.1	XP_006619938.1	XP_086767869.1	XP_043794223.1	NP_001229363.1	XP_012168533.1
OG0005920	XP_016922562.2	XP_006619924.1	XP_003695595.2	XP_043794267.1	XP_001122830.2	XP_020718742.2
OG0005921	XP_016922567.2	XP_006623333.1	XP_003695547.3	XP_043794352.1	XP_001120941.3	XP_003393362.1
OG0005922	XP_016922569.1	XP_006619947.1	XP_003695524.1	XP_043794358.1	XP_006571776.1	XP_012166732.1
OG0005923	XP_016922589.2	XP_031371240.1	XP_003690279.2	XP_043789756.1	XP_026298424.1	XP_003397784.3
OG0005924	XP_016922590.2	XP_006619927.1	XP_003695499.1	XP_043794451.1	XP_624562.2	XP_003393276.2
OG0005925	XP_016922591.1	XP_031369902.1	XP_086767890.1	XP_043794337.1	XP_026302096.1	XP_048260801.1
OG0005926	XP_061943191.1	XP_031368345.1	XP_012344620.2	XP_043794133.1	XP_026295021.1	XP_003393438.1
OG0005927	XP_061943189.1	XP_031368353.1	XP_086767881.1	XP_043794300.1	XP_006572650.1	XP_012166742.2
OG0005928	XP_061943196.1	XP_006619925.1	XP_003695508.2	XP_043794135.1	XP_392630.2	XP_012168461.1
OG0005929	XP_061943123.1	XP_006623328.1	XP_086768224.1	XP_043794316.1	XP_026302091.1	XP_048265839.1
OG0005930	XP_016922623.1	XP_006622659.1	XP_086767684.1	XP_043801258.1	XP_001120153.2	XP_012165845.1
OG0005931	XP_028519804.2	XP_006622660.1	XP_003697258.1	XP_043801260.1	XP_006571254.1	XP_003393203.1
OG0005932	XP_016922625.2	XP_006622678.1	XP_003697284.1	XP_043801316.1	XP_006571256.1	XP_012165890.2
OG0005933	XP_061943287.1	XP_006622667.1	XP_086767732.1	XP_043801277.1	XP_016771364.2	XP_048262495.1
OG0005934	XP_016922646.1	XP_031371225.1	XP_086761398.1	XP_043789657.1	XP_006561919.1	XP_048264980.1
OG0005935	XP_016922636.1	XP_006622675.1	XP_086767687.1	XP_043801322.1	XP_003251699.2	XP_012165930.1
OG0005936	XP_016922639.1	XP_006622673.1	XP_003697255.3	XP_043801325.1	XP_394167.4	XP_012165957.1
OG0005937	XP_061943290.1	XP_031369608.1	XP_012346921.1	XP_043801278.1	XP_006571228.1	XP_048262507.1
OG0005938	XP_061943312.1	XP_006622681.1	XP_003697259.1	XP_043801326.1	XP_006571255.1	XP_012165905.1
OG0005939	XP_016922648.1	XP_006622682.1	XP_031774814.2	XP_043801328.1	XP_624549.4	XP_048262488.1
OG0005940	XP_016922675.1	XP_031369607.1	XP_012346909.1	XP_043801268.1	XP_006571226.1	XP_012166055.1
OG0005941	XP_016922677.1	XP_006622663.1	XP_003697264.1	XP_043801269.1	XP_006571227.1	XP_003393210.2
OG0005942	XP_016922679.1	XP_006622650.1	XP_012346965.2	XP_043801233.1	XP_006571263.1	XP_048262622.1
OG0005943	XP_016922684.2	XP_006622656.1	XP_031774812.1	XP_043801274.1	XP_006571260.2	XP_003393201.2
OG0005944	XP_061935237.1	XP_006620996.1	XP_031775225.1	XP_043795170.1	XP_625151.1	XP_003398032.1
OG0005945	XP_061933916.1	XP_031367294.1	XP_086773626.1	XP_043786382.1	XP_026298030.1	XP_003397214.1
OG0005946	XP_016922706.1	XP_031369061.1	XP_003695779.3	XP_043791453.1	XP_026297220.1	XP_012174798.2
OG0005947	XP_016922707.1	XP_031368815.1	XP_003691595.1	XP_043785351.1	XP_396715.5	XP_020720745.1
OG0005948	XP_016922708.2	XP_006620862.1	XP_012338978.2	XP_043785546.1	XP_016769813.2	XP_003398327.1
OG0005949	XP_016922714.1	XP_006620997.1	XP_012346741.2	XP_043795180.1	XP_001122724.2	XP_020720254.1
OG0005950	XP_016922749.1	XP_006621005.1	XP_003690380.1	XP_043795173.1	XP_393105.4	XP_012167652.1
OG0005951	XP_061940181.1	XP_006611518.1	XP_003697482.2	XP_043793761.1	XP_006558836.3	XP_003400525.1
OG0005952	XP_016922760.1	XP_006621006.1	XP_003690383.1	XP_043795175.1	XP_006561719.1	XP_003398008.1
OG0005953	XP_016922764.1	XP_006611509.1	XP_031774926.2	XP_043793662.1	XP_026300784.1	XP_012171376.2
OG0005954	XP_016922768.1	XP_006611478.1	XP_003697457.1	XP_043793819.1	XP_393312.1	XP_020722367.1
OG0005955	XP_016922785.2	XP_006611596.1	XP_012347183.2	XP_043793688.1	XP_016771932.2	XP_003400510.1
OG0005956	XP_016922789.2	XP_006611573.1	XP_086770798.1	XP_043793774.1	XP_006557598.1	XP_003400838.2
OG0005957	XP_016922790.1	XP_031364395.1	XP_031774972.1	XP_043793820.1	XP_006559342.1	XP_012171456.1
OG0005958	XP_016922809.1	XP_031364397.1	XP_003697507.2	XP_043793795.1	XP_393658.4	XP_003400831.2
OG0005959	XP_016922832.1	XP_006611564.1	XP_012347243.1	XP_043793696.1	XP_006557622.1	XP_048267927.1
OG0005960	XP_016922836.1	XP_031365733.1	XP_012341316.3	XP_043798116.1	XP_393727.2	XP_003398242.2
OG0005961	XP_016922837.1	XP_006611568.1	XP_086770799.1	XP_043793767.1	XP_006557626.1	XP_012171886.2
OG0005962	XP_016922858.1	XP_031364394.1	XP_086770788.1	XP_043793682.1	XP_016771788.1	XP_048267592.1
OG0005963	XP_016922865.1	XP_031364346.1	XP_003697456.1	XP_043793817.1	XP_001120327.2	XP_003400544.1
OG0005964	XP_016922870.1	XP_006614616.1	XP_003689590.1	XP_043798118.1	XP_006557857.1	XP_003398243.1
OG0005965	XP_016922876.1	XP_031364365.1	XP_003697528.1	XP_043793674.1	XP_026300803.1	XP_003393396.1
OG0005966	XP_016922897.2	XP_006611595.1	XP_003697487.1	XP_043793777.1	XP_003249388.1	XP_003400504.1
OG0005967	XP_016922900.3	XP_006611507.1	XP_086770754.1	XP_043793827.1	XP_001122987.4	XP_003400501.4
OG0005968	XP_016922901.1	XP_006611587.1	XP_086770722.1	XP_043793666.1	XP_006557635.1	XP_003393369.1
OG0005969	XP_016922907.1	XP_006611512.1	XP_012347330.1	XP_043793730.1	XP_026300909.1	XP_048268173.1
OG0005970	XP_016922912.1	XP_006611474.1	XP_012347273.1	XP_043793734.1	XP_026300873.1	XP_003400539.1
OG0005971	XP_016922915.1	XP_006611488.1	XP_086770844.1	XP_043793756.1	XP_003249471.2	XP_003400547.2
OG0005972	XP_016922924.1	XP_031364381.1	XP_003697483.2	XP_043793704.1	XP_001121376.4	XP_003400490.1
OG0005973	XP_016922937.2	XP_006618231.1	XP_003697124.2	XP_043800931.1	XP_006557711.2	XP_003393642.1
OG0005974	XP_086628150.1	XP_031367546.1	XP_012346752.3	XP_043800932.1	XP_006557710.2	XP_020723102.1
OG0005975	XP_016922938.1	XP_006618230.1	XP_003697125.1	XP_043800929.1	NP_001136165.1	XP_003393643.2
OG0005976	XP_061928106.1	XP_006618222.2	XP_086764581.1	XP_043797384.1	XP_006557718.1	XP_020723993.2
OG0005977	XP_016922950.1	XP_006618239.1	XP_003697164.3	XP_043800862.1	XP_003251898.2	XP_048265900.1
OG0005978	XP_028523024.2	XP_031367442.1	XP_086763968.1	XP_043791598.1	XP_003249323.1	XP_003400213.1
OG0005979	XP_061939276.1	XP_006624565.2	XP_003694347.2	XP_043793879.1	XP_003249463.1	XP_003401445.1
OG0005980	XP_061928816.1	XP_031368662.1	XP_086765949.1	XP_043788049.1	XP_016766808.1	XP_020723607.1
OG0005981	XP_028519850.2	XP_031364400.1	XP_086770775.1	XP_043793793.1	XP_026300872.1	XP_048268251.1
OG0005982	XP_028519911.2	XP_031370834.1	XP_031773963.2	XP_043790400.1	XP_026301323.1	XP_048268480.1
OG0005983	XP_028520214.2	XP_031364591.1	XP_086766794.1	XP_043795624.1	XP_026298989.1	XP_048265489.1
OG0005984	XP_028520265.1	XP_006619163.1	XP_012348876.1	XP_043786808.1	XP_006565594.3	XP_012167924.1
OG0005985	XP_028520537.1	XP_031369087.1	XP_012341201.2	XP_043798390.1	XP_026299764.1	XP_003399384.2
OG0005986	XP_061932356.1	XP_006620387.1	XP_003693859.1	XP_043800391.1	XP_624692.2	XP_012166749.1
OG0005987	XP_028520809.1	XP_031365472.1	XP_003696485.3	XP_043792898.1	XP_016767959.2	XP_012163933.2
OG0005988	XP_028520868.1	XP_006613721.1	XP_003696663.2	XP_043792258.1	XP_026296477.1	XP_048261682.1
OG0005989	XP_028520879.1	XP_006621837.1	XP_031774276.1	XP_043793286.1	XP_006567926.1	XP_003395815.1
OG0005990	XP_061936305.1	XP_031363960.1	XP_086769678.1	XP_043788173.1	XP_026301144.1	XP_048262473.1
OG0005991	XP_028521438.1	XP_031370872.1	XP_031773964.1	XP_043790803.1	XP_026301170.1	XP_048268485.1
OG0005992	XP_028521585.1	XP_006621643.1	XP_086761597.1	XP_043798498.1	XP_026299458.1	XP_003399115.2
OG0005993	XP_061930133.1	XP_006623710.1	XP_086760156.1	XP_043801741.1	XP_016767406.1	XP_003395239.2
OG0005994	XP_028521627.1	XP_006619733.1	XP_003694705.2	XP_043802382.1	XP_026296013.1	XP_003394918.1
OG0005995	XP_028521642.2	XP_031368275.1	XP_031773029.2	XP_043801978.1	XP_026295987.1	XP_012176723.2
OG0005996	XP_028521765.1	XP_031368552.1	XP_031773913.2	XP_043790689.1	XP_026301326.1	XP_020722627.1
OG0005997	XP_061933943.1	XP_031370871.1	XP_086773676.1	XP_043786375.1	XP_026298032.1	XP_012175000.1
OG0005998	XP_061940544.1	XP_031366771.1	XP_086764696.1	XP_043785539.1	XP_003250192.3	XP_048268063.1
OG0005999	XP_061933902.1	XP_006617649.1	XP_012344305.2	XP_043786378.1	XP_006558978.2	XP_012166551.1
OG0006000	XP_028522030.1	XP_006615245.1	XP_031770777.1	XP_043803287.1	XP_026294744.1	XP_048265532.1
OG0006001	XP_061929364.1	XP_031365837.1	XP_086769988.1	XP_043795504.1	XP_026295420.1	XP_012176234.2
OG0006002	XP_028522315.2	XP_031364680.1	XP_031771271.1	XP_043788702.1	XP_003250331.2	XP_003400977.2
OG0006003	XP_028522405.1	XP_031366685.1	XP_086760936.1	XP_043793016.1	XP_026296532.1	XP_048261975.1
OG0006004	XP_028522509.2	XP_006618626.1	XP_086760527.1	XP_043793109.1	XP_003251083.3	XP_020723053.1
OG0006005	XP_028522535.1	XP_006608084.1	XP_012345584.1	XP_043792880.1	XP_026296511.1	XP_020718871.2
OG0006006	XP_028522563.1	XP_031370911.1	XP_086758985.1	XP_043790383.1	XP_624412.2	XP_003401538.1
OG0006007	XP_028522666.1	XP_031366576.1	XP_031775714.2	XP_043787589.1	XP_026295293.1	XP_012176596.1
OG0006008	XP_028522833.1	XP_006623310.1	XP_086760347.1	XP_043793216.1	XP_026296475.1	XP_012170309.1
OG0006009	XP_061937269.1	XP_031365336.1	XP_012350623.3	XP_043784562.1	XP_026299476.1	XP_020722234.1
OG0006010	XP_061937221.1	XP_006613588.1	XP_086769749.1	XP_043784557.1	XP_006558083.1	XP_048263434.1
OG0006011	XP_028522861.1	XP_006615030.1	XP_012340095.3	XP_043784470.1	XP_026299682.1	XP_020719397.1
OG0006012	XP_061940543.1	XP_006610941.1	XP_086765071.1	XP_043785224.1	XP_026300749.1	XP_020722302.1
OG0006013	XP_028523160.1	XP_006624472.1	XP_086767192.1	XP_043799830.1	XP_026297001.1	XP_048264274.1
OG0006014	XP_061940920.1	XP_031368820.1	XP_086765158.1	XP_043785321.1	XP_026300981.1	XP_012171244.1
OG0006015	XP_028523560.1	XP_031365966.1	XP_086761891.1	XP_043796946.1	XP_026297954.1	XP_048264977.1
OG0006016	XP_028523731.1	XP_031364273.1	XP_031776512.2	XP_043786704.1	XP_016772575.2	XP_012169838.2
OG0006017	XP_028523835.1	XP_031367182.1	XP_012339716.2	XP_043788883.1	XP_026301315.1	XP_020722510.1
OG0006018	XP_028523896.1	XP_006616711.1	XP_012342929.3	XP_043785603.1	XP_026300892.1	XP_003400727.2
OG0006019	XP_061932419.1	XP_006623525.2	XP_003693996.2	XP_043800140.1	XP_006562545.3	XP_012164781.1
OG0006020	XP_028524149.1	XP_006614907.1	XP_003691023.1	XP_043802876.1	XP_016766557.1	XP_048260557.1
OG0006021	XP_028524272.2	XP_031369077.1	XP_012340658.1	XP_043791440.1	XP_026299239.1	XP_048265700.1
OG0006022	XP_061937809.1	XP_006615164.2	XP_031771387.2	XP_043798730.1	XP_006566328.3	XP_012169078.1
OG0006023	XP_061934887.1	XP_006608728.1	XP_086762397.1	XP_043797318.1	XP_003251243.2	XP_003401815.2
OG0006024	XP_028524375.1	XP_031364784.1	XP_012341680.2	XP_043796206.1	XP_026296883.1	XP_003396387.1
OG0006025	XP_028524508.1	XP_006624380.1	XP_003693661.1	XP_043796234.1	XP_026302041.1	XP_020719326.2
OG0006026	XP_061928380.1	XP_006624680.1	XP_031772249.2	XP_043796123.1	XP_026300198.1	XP_048263330.1
OG0006027	XP_028524673.1	XP_031366517.1	XP_086768037.1	XP_043794367.1	XP_016772013.2	XP_012167939.1
OG0006028	XP_028524735.1	XP_006608330.2	XP_003695615.3	XP_043794090.1	XP_026298102.1	XP_012164923.1
OG0006029	XP_061936595.1	XP_031364997.1	XP_086772448.1	XP_043791382.1	XP_026298929.1	XP_048260282.1
OG0006030	XP_028524820.1	XP_031370304.1	XP_012348441.1	XP_043790162.1	XP_026299664.1	XP_020721314.1
OG0006031	XP_061941761.1	XP_031366225.1	XP_086768886.1	XP_043790953.1	XP_026302062.1	XP_020719439.2
OG0006032	XP_028525107.2	XP_006623676.2	XP_012340592.1	XP_043787072.1	XP_026299068.1	XP_048265593.1
OG0006033	XP_061931375.1	XP_031369380.1	XP_031774221.2	XP_043793350.1	XP_006569990.1	XP_003402123.1
OG0006034	XP_061935121.1, XP_061935461.1		XP_086760312.1	XP_043795071.1	XP_026298739.1	XP_048264327.1
OG0006035	XP_061927654.1	XP_031368734.1	XP_012346561.2	XP_043800814.1	XP_016773513.1	XP_020723481.1
OG0006036	XP_028525478.2	XP_031364702.1	XP_012345099.3	XP_043789793.1	XP_016769345.2	XP_020720473.2
OG0006037	XP_016904389.1	XP_006613262.1	XP_086769763.1	XP_043786054.1	XP_006558638.1	XP_048263333.1
OG0006038	XP_061939290.1	XP_006624325.1	XP_031772796.2	XP_043793864.1	XP_006559333.1	XP_012172668.2
OG0006039	XP_016918580.1	XP_006624597.1	XP_031772363.1	XP_043796043.1	XP_016772662.1	XP_012165271.1
OG0006040	XP_061932662.1	XP_006617244.2	XP_086766832.1	XP_043800288.1	XP_006570730.1	XP_012174739.2
OG0006041	XP_061937430.1	XP_031370451.1	XP_003693761.3	XP_043801448.1	XP_026299571.1	XP_003396497.2
OG0006042	XP_061935219.1	XP_031365051.1	XP_086758618.1	XP_043795093.1	XP_026298489.1	XP_020720069.2
OG0006043	XP_016921268.1	XP_006618080.2	XP_086773065.1	XP_043803565.1	XP_001120845.2	XP_048263361.1
OG0006044	XP_061931821.1	XP_031367075.1	XP_086771172.1	XP_043785131.1	XP_026296474.1	XP_012164281.2
OG0006045	XP_016908082.1	XP_006623778.1	XP_086759313.1	XP_043802898.1	XP_006557406.1	XP_003395165.2
OG0006046	XP_061935996.1	XP_031370217.1	XP_031773696.1	XP_043798090.1	XP_016772857.2	XP_020720842.2
OG0006047	XP_016915252.1	XP_006623642.1	XP_003690128.2	XP_043789188.1	XP_016772483.1	XP_020721711.1
OG0006048	XP_061936515.1	XP_006621354.1	XP_003692746.1	XP_043791447.1	XP_006566277.1	XP_012167753.1
OG0006049	XP_061931538.1	XP_006621178.1	XP_003696636.1	XP_043792583.1	XP_026296402.1	XP_012164098.2
OG0006050	XP_028522873.2	XP_006613597.1	XP_012350669.1	XP_043784610.1	XP_006558096.1	XP_003396475.1
OG0006051	XP_061935361.1	XP_006607820.1	XP_086768910.1	XP_043789539.1	XP_006561808.1	XP_003397560.1
OG0006052	XP_061928046.1	XP_006624091.2	XP_086764549.1	XP_043800872.1	XP_026294886.1	XP_003398626.1
OG0006053	XP_061928142.1	XP_006620236.1	XP_003697117.2	XP_043800833.1	XP_624294.3	XP_003403227.1
OG0006054	XP_061928153.1	XP_006609817.1	XP_003698732.1	XP_043788402.1	XP_624930.1	XP_020724179.2
OG0006055	XP_061928156.1	XP_031367226.1	XP_086765441.1	XP_043787862.1	XP_026295429.1	XP_020724223.1
OG0006056	XP_061928328.1	XP_006608400.1	XP_003698714.1	XP_043788420.1	XP_001121988.2	XP_003394467.1
OG0006057	XP_061929234.1	XP_006611951.1	XP_003693440.1	XP_043791153.1	XP_393161.3	XP_003394100.1
OG0006058	XP_061929826.1	XP_006610259.2	XP_003689679.2	XP_043788169.1	XP_016767481.2	XP_003400486.1
OG0006059	XP_061929860.1	XP_006610278.1	XP_012350210.1	XP_043788282.1	XP_026296261.1	XP_003395200.1
OG0006060	XP_061930024.1	XP_006619770.2	XP_012343349.2	XP_043802137.1	XP_026296208.1	XP_048261070.1
OG0006061	XP_061930526.1	XP_031364476.1	XP_003689916.2	XP_043802480.1	XP_026296237.1	XP_003402423.1
OG0006062	XP_061930589.1	XP_031365506.1	XP_086760629.1	XP_043792982.1	XP_026296652.1	XP_048261722.1
OG0006063	XP_061931083.1	XP_031365353.1	XP_012345950.2	XP_043792263.1	XP_001120111.2	XP_048261683.1
OG0006064	XP_061931108.1	XP_031365358.1	XP_086761095.1	XP_043793127.1	XP_026296668.1	XP_020723108.2
OG0006065	XP_061931161.1	XP_006618608.1	XP_086760512.1	XP_043793107.1	XP_026296361.1	XP_003401963.1
OG0006066	XP_061931205.1	XP_031366481.1	XP_086761207.1	XP_043792992.1	XP_026296670.1	XP_048261971.1
OG0006067	XP_061931838.1	XP_006614052.1	XP_012345562.2	XP_043793080.1	XP_006562263.2	XP_012164509.1
OG0006068	XP_061932750.1	XP_006620931.1	XP_003692415.1	XP_043800352.1	XP_006570969.1	XP_003395896.1
OG0006069	XP_061932890.1	XP_006613864.1	XP_086767233.1	XP_043801019.1	XP_026297186.1	XP_003396128.2
OG0006070	XP_061932909.1	XP_006623625.1	XP_003692935.2	XP_043800546.1	XP_003251890.1	XP_003398650.1
OG0006071	XP_061933396.1	XP_031371180.1		XP_043790699.1		XP_048261111.1, XP_048264177.1, XP_048267037.1
OG0006072	XP_061933741.1	XP_006624720.1	XP_086759092.1	XP_043801605.1	XP_026297482.1	XP_048263576.1
OG0006073	XP_061934334.1	XP_006607472.1	XP_003693310.1	XP_043797208.1	XP_006563908.1	XP_012166387.2
OG0006074	XP_061934881.1	XP_006621969.1	XP_086761835.1	XP_043796766.1	XP_006569851.1	XP_003397472.1
OG0006075	XP_061934942.1	XP_031369374.1	XP_012341465.1	XP_043796996.1	XP_006569770.1	XP_012173160.1
OG0006076	XP_061934954.1	XP_006610464.1	XP_003690701.1	XP_043791664.1	XP_001120404.1	XP_012174471.1
OG0006077	XP_061935004.1	XP_031369329.1	XP_086761830.1	XP_043796993.1	XP_026298046.1	XP_048264804.1
OG0006078	XP_061935142.1	XP_031365058.1	XP_086761110.1	XP_043795072.1	XP_026298740.1	XP_012167345.2
OG0006079	XP_061935621.1	XP_006625113.1	XP_086762309.1	XP_043789650.1	XP_624893.1	XP_003397851.1
OG0006080	XP_061935657.1	XP_031367831.1	XP_031775818.2	XP_043789782.1	XP_026298531.1	XP_048264445.1
OG0006081	XP_061935771.1	XP_031370601.1	XP_031773723.2	XP_043791771.1	XP_026298728.1	XP_020722849.2
OG0006082	XP_061936030.1	XP_031365439.1	XP_086769909.1	XP_043787151.1	XP_006564545.3	XP_003398188.2
OG0006083	XP_061936265.1	XP_031368585.1	XP_086772559.1	XP_043787342.1	XP_016769720.1	XP_020720793.1
OG0006084	XP_061936695.1	XP_006612373.1	XP_003692903.1	XP_043791409.1	XP_016769957.1	XP_012173912.1
OG0006085	XP_061936860.1	XP_006612496.1	XP_003693808.1	XP_043791034.1	XP_624147.2	XP_003398396.1
OG0006086	XP_061937014.1	XP_006613877.1	XP_003691637.2	XP_043784077.1	XP_026298963.1	XP_003398225.1
OG0006087	XP_061937082.1	XP_006623393.1	XP_003698185.1	XP_043790067.1	XP_006572100.1	XP_003398831.1
OG0006088	XP_061937500.1	XP_031370375.1	XP_086768569.1	XP_043790158.1	XP_026299689.1	XP_003399197.2
OG0006089	XP_061937579.1	XP_006625226.2	XP_086768499.1	XP_043790073.1	XP_006572233.1	XP_048265973.1
OG0006090	XP_061937815.1	XP_031366044.1	XP_012339914.3	XP_043798734.1	XP_026299817.1	XP_003398945.1
OG0006091	XP_061938726.1	XP_031367883.1	XP_086767836.1	XP_043793932.1	XP_016770987.1	XP_012172652.2
OG0006092	XP_061939029.1	XP_006620222.1	XP_003690793.2	XP_043795605.1	XP_003249112.3	XP_003396615.1
OG0006093	XP_061939269.1	XP_031370456.1	XP_086767803.1	XP_043793925.1	XP_016771065.2	XP_020722581.1
OG0006094	XP_061939303.1	XP_006610894.1	XP_086765493.1	XP_043789395.1	XP_026300231.1	XP_012170350.1
OG0006095	XP_061939389.1	XP_031370759.1	XP_086766202.1	XP_043804135.1	XP_026300232.1	XP_048267042.1
OG0006096	XP_061940326.1	XP_031370503.1	XP_031775221.1	XP_043795924.1	XP_026300926.1	XP_048267941.1
OG0006097	XP_061940942.1	XP_031364886.1	XP_086765206.1	XP_043785382.1	XP_016771864.1	XP_012171238.2
OG0006098	XP_061941131.1	XP_031370507.1	XP_086764830.1	XP_043795877.1	XP_003250796.2	XP_048267804.1
OG0006099	XP_061942131.1	XP_006624382.1	XP_003698077.1	XP_043791924.1	XP_624616.1	XP_003401823.1
OG0006100	XP_061942403.1	XP_031364280.1	XP_012350785.1	XP_043786665.1	XP_026301690.1	XP_048266665.1
OG0006101	XP_061942526.1	XP_006620533.1	XP_012347868.3	XP_043786541.1	XP_026301695.1	XP_012173694.2
OG0006102	XP_061942678.1	XP_031368699.1	XP_012347954.1	XP_043784585.1	XP_006561389.1	XP_003402263.1
OG0006103	XP_061942702.1	XP_031368700.1	XP_086767465.1	XP_043785056.1	XP_026301696.1	XP_012173782.2
OG0006104	XP_061942984.1	XP_006623826.1	XP_086768788.1	XP_043784849.1	XP_026302124.1	XP_003396267.1
OG0006105	XP_061943027.1	XP_006616164.1	XP_003695515.3	XP_043794326.1	XP_001123143.2	XP_012165025.1
OG0006106	XP_061943106.1	XP_031367698.1	XP_012344627.3	XP_043794079.1	XP_006571760.3	XP_012166413.2
OG0006107	XP_061933216.1	XP_006616375.1	XP_086766454.1	XP_043795918.1	XP_006568397.1	XP_003396868.1
OG0006108	XP_061933221.1	XP_006624979.1	XP_003692991.1	XP_043795688.1	XP_006568381.2	XP_012165740.1
OG0006109	XP_016918875.1	XP_006616113.1	XP_003695469.1	XP_043794311.1	XP_006571696.1	XP_003393252.1
OG0006110	XP_016918636.1	XP_006613528.1	XP_086764385.1	XP_043803276.1	XP_001121255.1	XP_003402825.1
OG0006111	XP_016906924.1	XP_006621503.1	XP_003693205.1	XP_043798898.1	XP_003251537.1	XP_003399367.1
OG0006112	XP_061930364.1	XP_006611818.1	XP_012342035.2	XP_043802292.1	XP_006567174.2	XP_003394996.1
OG0006113	XP_061936936.1	XP_031366484.1	XP_012339055.2	XP_043784194.1	XP_026299207.1	XP_048265651.1
OG0006114	XP_016905868.1	XP_006607939.1	XP_086774023.1	XP_043789559.1	XP_395300.3	XP_003398019.2
OG0006115	XP_061938946.1	XP_031366303.1	XP_003695209.1	XP_043804221.1	XP_397471.3	XP_003399864.1
OG0006116	XP_061929751.1	XP_006615940.1	XP_086759407.1	XP_043788232.1	XP_623287.2	XP_003399282.1
OG0006117	XP_016910360.1	XP_006615726.1	XP_003691375.1	XP_043803062.1	XP_001121596.2	XP_003394079.1
OG0006118	XP_061937584.1	XP_006623091.1	XP_086768513.1	XP_043790059.1	XP_026299502.1	XP_003398815.1
OG0006119	XP_016914120.1	XP_006615707.1	XP_003695196.1	XP_043804105.1	XP_001121654.1	XP_003399845.1
OG0006120	XP_016916576.1	XP_006616746.1	XP_012343045.1	XP_043785750.1	XP_001119944.1	XP_003400780.3
OG0006121	XP_016916815.1	XP_006609075.1	XP_003696182.1	XP_043790435.1	XP_003249259.2	XP_003401469.1
OG0006122	XP_061937431.1	XP_006624876.1	XP_003693732.2	XP_043801418.1	XP_026299731.1	XP_003396491.1
OG0006123	XP_061940170.1	XP_006621189.1	XP_012343918.2	XP_043797739.1	XP_006571829.1	XP_012170179.1
OG0006124	XP_061937109.1	XP_006624991.1	XP_003692349.3	XP_043784394.1	XP_026299738.1	XP_012166102.1
OG0006125	XP_028521568.2	XP_006618510.1	XP_012339290.1	XP_043798388.1	XP_006566575.1	XP_012169588.2
OG0006126	XP_028521507.1	XP_031369093.1	XP_012339284.2	XP_043798409.1	XP_016770284.1	XP_003399396.1
OG0006127	XP_061940949.1	XP_031370261.1	XP_086765222.1	XP_043785604.1	XP_026300830.1	XP_048268181.1
OG0006128	XP_061935108.1	XP_006622266.1	XP_012347724.1	XP_043795041.1	XP_026298480.1	XP_048264847.1
OG0006129	XP_016921005.1	XP_006622063.1	XP_086760435.1	XP_043792147.1	XP_001120336.2	XP_020723222.2
OG0006130	XP_016918838.1	XP_006616172.1	XP_003695502.1	XP_043794490.1	XP_016771939.1	XP_048264180.1
OG0006131	XP_061935796.1	XP_031368932.1	XP_086771067.1	XP_043791693.1	XP_026298398.1	XP_048269556.1
OG0006132	XP_016908798.1	XP_006614687.1	XP_012343407.2	XP_043801989.1	XP_006562729.1	XP_012163379.1
OG0006133	XP_016921560.1	XP_006621105.1	XP_003697976.1	XP_043803572.1	XP_624231.2	XP_003392957.2
OG0006134	XP_016907660.1	XP_006610430.1	XP_003690646.2	XP_043789089.1	XP_395743.3	XP_003394873.3
OG0006135	XP_061940503.1	XP_031366757.1	XP_031772859.2	XP_043785294.1	XP_016771837.1	XP_003400899.1
OG0006136	XP_061936740.1	XP_006624529.1	XP_003698093.1	XP_043793486.1	XP_006560047.1	XP_012168058.1
OG0006137	XP_016918115.2	XP_006625154.1	XP_012343760.2	XP_043796208.1	XP_006571078.1	XP_012168001.1
OG0006138	XP_061930978.1	XP_006621850.1	XP_003696722.1	XP_043792836.1	XP_006567941.1	XP_048261993.1
OG0006139	XP_061927240.1	XP_031369503.1	XP_086762607.1	XP_043798802.1	XP_026294969.1	XP_020723605.1
OG0006140	XP_061942765.1	XP_006610827.1	XP_012343719.2	XP_043789226.1	XP_026301637.1	XP_048266878.1
OG0006141	XP_016914096.1	XP_006622643.1	XP_003698249.1	XP_043803805.1	XP_003250614.1	XP_003399503.1
OG0006142	XP_016916603.1	XP_031366786.1	XP_086764653.1	XP_043785878.1	XP_026300997.1	XP_048267944.1
OG0006143	XP_061931173.1	XP_006625168.1	XP_086760484.1	XP_043792424.1	XP_006567747.1	XP_012173445.1
OG0006144	XP_061941199.1	XP_031364385.1	XP_086770817.1	XP_043793713.1	XP_026300699.1	XP_048267876.1
OG0006145	XP_016912852.1	XP_006608494.1	XP_012350456.1	XP_043787985.1	XP_006566858.1	XP_048270641.1
OG0006146	XP_016914289.1	XP_006616887.1	XP_003692466.1	XP_043800291.1	XP_026297271.1	XP_003397645.1
OG0006147	XP_061939378.1	XP_006608990.1	XP_003698416.1	XP_043796975.1	XP_623596.2	XP_003399818.1
OG0006148	XP_061936131.1	XP_006621303.1	XP_086772396.1	XP_043787347.1	XP_026299163.1	XP_003398306.2
OG0006149	XP_016911391.1	XP_006609784.1	XP_003698747.2	XP_043788371.1	XP_001120677.3	XP_003394539.1
OG0006150	XP_016920437.1	XP_031368736.1	XP_003696911.1	XP_043802615.1	XP_624395.3	XP_003402636.1
OG0006151	XP_061943231.1	XP_006607211.1	XP_003697288.4	XP_043791068.1	XP_394179.4	XP_048265191.1
OG0006152	XP_016906394.1	XP_006623573.1	XP_003694006.1	XP_043799844.1	XP_016768218.1	XP_012164752.2
OG0006153	XP_016920510.2	XP_006620461.1	XP_003692801.2	XP_043786948.1	XP_393684.4	XP_003398546.1
OG0006154	XP_061943339.1	XP_006622689.1	XP_086767710.1	XP_043801333.1	XP_016773444.2	XP_012166113.2
OG0006155	XP_016919291.1	XP_006612378.1	XP_003692766.2	XP_043791303.1	XP_026299125.1	XP_020723292.1
OG0006156	XP_016904380.1	XP_006613260.1	XP_031776154.1	XP_043787836.1	XP_026301836.1	XP_048263331.1
OG0006157	XP_016916728.1	XP_006616785.1	XP_086764688.1	XP_043785578.1	XP_006563054.2	XP_048267959.1
OG0006158	XP_028521441.1	XP_006617418.1	XP_003697663.1	XP_043791812.1	XP_016769683.2	XP_020719999.1
OG0006159	XP_016910923.1	XP_006618778.1	XP_031775908.1	XP_043795452.1	XP_001120196.2	XP_003394285.1
OG0006160	XP_016913479.1	XP_006622143.1	XP_012345643.1	XP_043793446.1	XP_393223.1	XP_003395791.1
OG0006161	XP_028525355.2	XP_006612222.2	XP_012339210.2	XP_043784899.1	XP_026295827.1	XP_012163518.2
OG0006162	XP_016912820.1	XP_006608539.1	XP_012350517.1	XP_043787637.1	XP_006568031.1	XP_012174544.2
OG0006163	XP_028520397.1	XP_031366170.1	XP_003691504.2	XP_043799673.1	XP_016769029.1	XP_003397365.1
OG0006164	XP_061927243.1	XP_006622403.1	XP_003696810.1	XP_043798827.1	XP_394320.2	XP_012175559.1
OG0006165	XP_061927959.1	XP_006624607.1	XP_086769087.1	XP_043796080.1	XP_026297155.1	XP_012165297.2
OG0006166	XP_016915367.2	XP_006624153.1	XP_003694880.3	XP_043785832.1	NP_001229387.1	XP_003400394.1
OG0006167	XP_061936392.1	XP_006616845.1	XP_086772709.1	XP_043786981.1	XP_006566199.1	XP_012175359.1
OG0006168	XP_016905826.1	XP_006608889.1	XP_086767037.1	XP_043801007.1	XP_392422.2	XP_003396187.1
OG0006169	XP_016903887.2	XP_006607920.2	XP_003690194.3	XP_043789599.1	XP_016769595.2	XP_048264352.1
OG0006170	XP_016910678.1	XP_006615732.1	XP_003691370.1	XP_043803130.1	XP_001120413.1	XP_003393639.1
OG0006171	XP_016907000.2	XP_006625179.1	XP_003698107.1	XP_043801579.1	XP_395879.4	XP_012168815.2
OG0006172	XP_016910435.1	XP_006607903.1	XP_086773696.1	XP_043789654.1	XP_624779.1	XP_003397402.1
OG0006173	XP_016906267.1	XP_006622734.1	XP_031775309.1	XP_043803598.1	XP_006572353.1	XP_012168745.1
OG0006174	XP_016915660.1	XP_006608653.1	XP_086762472.1	XP_043796806.1	XP_026297995.1	XP_003402056.1
OG0006175	XP_016912818.1	XP_006608536.1	XP_086765951.1	XP_043787635.1	XP_006568028.1	XP_012174546.1
OG0006176	XP_016916590.1	XP_031366825.1	XP_003694382.1	XP_043785707.1	XP_006562384.1	XP_012171971.1
OG0006177	XP_016915832.1	XP_006616022.1	XP_012345808.2	XP_043788057.1	XP_394516.2	XP_012163484.3
OG0006178	XP_016917466.1	XP_006622180.1	XP_086764342.1	XP_043800667.1	XP_392263.1	XP_003394162.1
OG0006179	XP_016907756.1	XP_006614392.1	XP_012339342.2	XP_043798719.1	XP_006566536.1	XP_020721109.2
OG0006180	XP_016904470.1	XP_006613375.1	XP_012350038.1	XP_043790665.1	XP_006559927.1	XP_003399306.1
OG0006181	XP_061933705.1	XP_006624510.1	XP_003695286.2	XP_043801655.1	XP_026297385.1	XP_003396930.1
OG0006182	XP_016913569.1	XP_006610967.1	XP_003694379.1	XP_043785975.1	XP_026300939.1	XP_012171417.1
OG0006183	XP_016915668.1	XP_006608721.1	XP_003693330.1	XP_043796624.1	XP_001120925.1	XP_003401808.1
OG0006184	XP_061933113.1	XP_006618982.1	XP_012340899.1	XP_043795849.1	XP_396939.2	XP_003396894.1
OG0006185	XP_061941643.1	XP_006609326.1	XP_086773951.1	XP_043790496.1	XP_001122387.2	XP_003401322.1
OG0006186	XP_016907565.3	XP_031363879.1	XP_086769278.1	XP_043787664.1	XP_006565346.1	XP_003398720.2
OG0006187	XP_016916913.1	XP_006611758.1	XP_003689931.1	XP_043801902.1	XP_396963.2	XP_048261236.1
OG0006188	XP_016906735.1	XP_006621900.1	XP_012345970.2	XP_043792959.1	XP_624826.3	XP_012164064.1
OG0006189	XP_016916170.1	XP_006620509.1	XP_003697848.1	XP_043786625.1	XP_396630.2	XP_003402152.1
OG0006190	XP_061937569.1	XP_006623388.1	XP_086768483.1	XP_043790129.1	XP_623274.2	XP_020721225.1
OG0006191	XP_016918160.2	XP_031364783.1	XP_012341787.1	XP_043796033.1	XP_006570163.2	XP_048263150.1
OG0006192	XP_061932015.1	XP_006619979.1	XP_086770868.1	XP_043804376.1	XP_396456.4	XP_003395925.1
OG0006193	XP_016916950.1	XP_031364502.1	XP_012342197.1	XP_043802311.1	XP_026296025.1	XP_048261190.1
OG0006194	XP_016907413.1	XP_006610508.1	XP_003690647.2	XP_043788797.1	XP_026295288.1	XP_012167695.2
OG0006195	XP_061933126.1	XP_006618968.1	XP_086766316.1	XP_043795908.1	XP_001121189.3	XP_012166027.1
OG0006196	XP_016921896.1	XP_031368563.1	XP_031772470.1	XP_043799895.1	XP_016768351.1	XP_003397538.1
OG0006197	XP_016914117.1	XP_031366333.1	XP_086763850.1	XP_043803918.1	XP_003250595.1	XP_003399898.1
OG0006198	XP_016917376.1	XP_006614873.1	XP_012350474.1	XP_043803430.1	XP_006569918.1	XP_012174571.3
OG0006199	XP_016919170.1	XP_006616116.2	XP_012344677.2	XP_043794171.1	XP_016773387.1	XP_020720392.1
OG0006200	XP_061935025.1	XP_006614986.1	XP_086761898.1	XP_043796947.1	XP_016769197.2	XP_003397491.1
OG0006201	XP_061942147.1	XP_006622564.1	XP_086773821.1	XP_043791965.1	XP_006563774.1	XP_003401839.2
OG0006202	XP_016921188.2	XP_006621011.1	XP_003690386.1	XP_043795157.1	XP_396632.3	XP_012167657.1
OG0006203	XP_016906244.1	XP_006612417.1	XP_012346412.2	XP_043798089.1	XP_396615.2	XP_003402666.1
OG0006204	XP_061931008.1	XP_031369944.1	XP_086760800.1	XP_043793457.1	XP_026296376.1	XP_048262035.1
OG0006205	XP_016917326.2	XP_031367670.1	XP_031773158.1	XP_043785667.1	XP_006564876.1	XP_003400629.1
OG0006206	XP_016919007.1	XP_031365933.1	XP_086768157.1	XP_043794121.1	XP_006571628.1	XP_012166979.1
OG0006207	XP_016908321.2	XP_006615300.1	XP_003691485.2	XP_043799569.1	XP_001120720.2	XP_003397388.1
OG0006208	XP_061938235.1	XP_006619518.1	XP_003691847.1	XP_043798308.1	XP_006566698.1	XP_003399027.1
OG0006209	XP_016907891.1	XP_006614302.1	XP_003691900.1	XP_043799154.1	XP_624527.2	XP_003399360.1
OG0006210	XP_016917087.1	XP_006620773.1	XP_003698073.1	XP_043791997.1	XP_624993.1	XP_012168698.1
OG0006211	XP_016909128.1	XP_006608792.1	XP_086763502.1	XP_043800680.1	XP_625023.1	XP_012164908.1
OG0006212	XP_061932976.1	XP_031366378.1	XP_012341110.1	XP_043800585.1	XP_016768732.1	XP_048265581.1
OG0006213	XP_016906021.1	XP_006608416.1	XP_086765855.1	XP_043788400.1	XP_006559772.2	XP_003394530.2
OG0006214	XP_028521537.1	XP_031368162.1	XP_086761312.1	XP_043799122.1	XP_016770706.1	XP_048266344.1
OG0006215	XP_061940263.1	XP_006619282.1	XP_086764765.1	XP_043801100.1	XP_016771852.2	XP_048267784.1
OG0006216	XP_016918441.1	XP_006624596.1	XP_003693519.1	XP_043796346.1	XP_016773404.1	XP_003396306.1
OG0006217	XP_061927317.1	XP_031369490.1	XP_086762548.1	XP_043797907.1	XP_016773505.1	XP_003393805.2
OG0006218	XP_016914652.1	XP_006615386.1	XP_003693053.2	XP_043804425.1	XP_006569495.1	XP_003396588.1
OG0006219	XP_016915528.1	XP_006608725.1	XP_003693333.1	XP_043796922.1	XP_623530.1	XP_048268954.1
OG0006220	XP_061938102.1	XP_006613192.1	XP_012347406.1	XP_043788639.1	XP_026295232.1	XP_012165849.2
OG0006221	XP_061938750.1	XP_031368480.1	XP_003690789.4	XP_043795589.1	XP_392111.2	XP_012165634.1
OG0006222	XP_016922269.1	XP_006611974.1	XP_012341625.3	XP_043791137.1	XP_026295314.1	XP_048265259.1
OG0006223	XP_016915429.2	XP_006620901.1	XP_086765174.1	XP_043785366.1	XP_394033.1	XP_003400446.1
OG0006224	XP_016914429.2	XP_031364217.1	XP_031771858.2	XP_043795798.1	XP_006568348.2	XP_020719548.2
OG0006225	XP_061929637.1	XP_006612283.1	XP_003689710.1	XP_043788221.1	XP_395109.3	XP_012163332.1
OG0006226	XP_061939327.1	XP_006610923.1	XP_003698362.4	XP_043803492.1	XP_625020.3	XP_003399790.1
OG0006227	XP_028525439.2	XP_031366361.1	XP_012345450.1	XP_043793882.1	XP_016771087.1	XP_003400995.1
OG0006228	XP_016920945.1	XP_006621278.1	XP_086760410.1	XP_043792712.1	XP_393469.2	XP_003394662.1
OG0006229	XP_016910810.1	XP_006621187.1	XP_012343949.2	XP_043797733.1	XP_006571828.2	XP_048266879.1
OG0006230	XP_061933349.1	XP_031366178.1	XP_086766054.1	XP_043784043.1	XP_016768660.2	XP_048263753.1
OG0006231	XP_061930137.1	XP_006624243.1	XP_003694643.3	XP_043802394.1	XP_394487.2	XP_003394978.1
OG0006232	XP_016906599.1	XP_006619791.1	XP_003698934.1	XP_043785113.1	XP_392478.2	XP_003397228.1
OG0006233	XP_016919723.1	XP_031366987.1	XP_003696109.1	XP_043789142.1	XP_392838.4	XP_003401083.1
OG0006234	XP_016910526.2	XP_006617695.1	XP_003695370.1	XP_043786315.1	XP_006558941.1	XP_003397097.1
OG0006235	XP_016912726.2	XP_006608556.1	XP_012350486.1	XP_043787894.1	XP_026295505.1	XP_012174556.1
OG0006236	XP_061933003.1	XP_006619036.1	XP_031771813.2	XP_043800449.1	XP_392650.4	XP_003403250.2
OG0006237	XP_016919335.2	XP_031367287.1	XP_086758813.1	XP_043789130.1	XP_016772000.2	XP_003401079.2
OG0006238	XP_016904858.1	XP_006619144.1	XP_086773264.1	XP_043786897.1	XP_396365.1	XP_003398263.1
OG0006239	XP_016913504.1	XP_006623798.1	XP_003694310.1	XP_043802897.1	XP_624961.2	XP_003395176.1
OG0006240	XP_061931902.1	XP_006618853.1	XP_012338968.2	XP_043793526.1	XP_397235.3	XP_048262714.1
OG0006241	XP_016917313.1	XP_006608258.1	XP_086758800.1	XP_043788966.1	XP_016772024.1	XP_003401067.1
OG0006242	XP_016907115.1	XP_006624199.1	XP_086765321.1	XP_043785443.1	NP_001035925.1	XP_003400952.1
OG0006243	XP_016903943.1	XP_006622019.1	XP_003698676.1	XP_043795288.1	XP_393391.1	XP_003402816.1
OG0006244	XP_061928639.1	XP_006616245.1	XP_003698859.1	XP_043787770.1	XP_624474.1	XP_003394601.2
OG0006245	XP_016922633.1	XP_006622662.1	XP_003697253.3	XP_043801320.1	XP_016767532.1	XP_012165914.2
OG0006246	XP_016914951.1	XP_031369580.1	XP_003697350.2	XP_043787220.1	XP_016769989.1	XP_012168246.2
OG0006247	XP_061935234.1	XP_006621013.1	XP_012346687.1	XP_043795160.1	XP_006561705.1	XP_003398046.1
OG0006248	XP_016922529.1	XP_006623168.1	XP_012346664.1	XP_043799422.1	XP_026302081.1	XP_003392883.1
OG0006249	XP_016914373.1	XP_006616890.1	XP_086767206.1	XP_043799942.1	XP_006571053.2	XP_003397648.3
OG0006250	XP_016910931.1	XP_006617701.1	XP_012344298.1	XP_043786080.1	XP_006558939.1	XP_003403052.1
OG0006251	XP_016916647.1	XP_031366900.1	XP_086758672.1	XP_043788905.1	XP_006563636.2	XP_003401196.2
OG0006252	XP_016906387.1	XP_006614826.1	XP_012342473.1	XP_043799811.1	XP_003250107.2	XP_003396171.1
OG0006253	XP_061937437.1	XP_006615580.1	XP_086771925.1	XP_043801419.1	XP_006558681.1	XP_020719471.1
OG0006254	XP_028519925.1	XP_006613934.1	XP_003698306.3	XP_043787143.1	XP_006564561.2	XP_012167832.1
OG0006255	XP_016921973.2	XP_031368106.1	XP_086762117.1	XP_043796596.1	XP_016768935.1	XP_048269211.1
OG0006256	XP_016915975.1	XP_006619091.1	XP_012347979.1	XP_043784905.1	XP_624392.3	XP_012173781.1
OG0006257	XP_016920570.2	XP_031368610.1	XP_086772544.1	XP_043787375.1	XP_006566136.2	XP_048264993.1
OG0006258	XP_016906012.1	XP_006608425.1	XP_003698576.1	XP_043788404.1	XP_016766917.2	XP_003394449.1
OG0006259	XP_016903844.1	XP_006609024.1	XP_003696960.1	XP_043797349.1	XP_392190.2	XP_003393677.1
OG0006260	XP_016907826.1	XP_006614370.1	XP_003692041.2	XP_043799033.1	XP_026299526.1	XP_048266478.1
OG0006261	XP_061927732.1	XP_031370793.1	XP_031774594.1	XP_043797132.1	XP_006568780.2	XP_012172510.2
OG0006262	XP_061941555.1	XP_006609255.1	XP_086773998.1	XP_043790474.1	XP_006560038.1	XP_012172305.2
OG0006263	XP_016918317.1	XP_006607634.1	XP_086762073.1	XP_043796610.1	XP_006564577.2	XP_012173008.1
OG0006264	XP_016907691.1	XP_006609470.1	XP_012349708.1	XP_043789565.1	XP_006561980.2	XP_003397508.2
OG0006265	XP_016919876.1	XP_006617380.1	XP_086768242.1	XP_043797699.1	XP_006557869.1	XP_012170909.1
OG0006266	XP_061939225.1	XP_006615814.1	XP_086766401.1	XP_043793971.1	XP_006558909.1	XP_012172045.1
OG0006267	XP_016904191.1	XP_006610192.1	XP_012345369.1	XP_043793875.1	XP_006558384.1	XP_012172352.1
OG0006268	XP_061938241.1	XP_031368206.1	XP_086761718.1	XP_043798568.1	XP_016770734.1	XP_003399033.1
OG0006269	XP_061941731.1	XP_006620319.1	XP_012345091.2	XP_043790386.1	XP_001120100.2	XP_048268584.1
OG0006270	XP_016907335.1	XP_006610523.1	XP_086769783.1	XP_043786896.1	XP_006563337.2	XP_048264479.1
OG0006271	XP_016909814.1	XP_006617104.1	XP_003696100.3	XP_043788686.1	XP_625227.2	XP_003401141.1
OG0006272	XP_016906117.1	XP_006611863.1	XP_003689985.1	XP_043801818.1	XP_394464.1	XP_003395088.2
OG0006273	XP_061942418.1	XP_006612829.2	XP_003695552.2	XP_043794181.1	XP_006571652.2	XP_003393299.1
OG0006274	XP_028525520.1	XP_006615882.1	XP_031772567.1	XP_043800308.1	XP_006570563.1	XP_012164736.1
OG0006275	XP_061932723.1	XP_006621104.1	XP_086772805.1	XP_043803564.1	XP_006570893.1	XP_048267718.1
OG0006276	XP_016911384.1	XP_006620278.1	XP_003698793.1	XP_043787834.1	XP_394425.2	XP_003394230.3
OG0006277	XP_061929555.1	XP_006612173.1	XP_012339164.2	XP_043784939.1	XP_026295872.1	XP_012163573.1
OG0006278	XP_016920374.1	XP_006620678.1	XP_086762678.1	XP_043802554.1	XP_006568849.1	XP_012174372.1
OG0006279	XP_061930888.1	XP_006616595.1	XP_086760658.1	XP_043793173.1	XP_026296665.1	XP_003395568.1
OG0006280	XP_016906927.1	XP_006621848.1	XP_003696712.1	XP_043792832.1	XP_396160.4	XP_003395807.1
OG0006281	XP_016911360.1	XP_031371100.1	XP_003698779.2	XP_043800602.1	XP_394429.4	XP_020724338.2
OG0006282	XP_016911148.2	XP_006623349.1	XP_003693767.1	XP_043784429.1	NP_001011644.1	XP_003396425.2
OG0006283	XP_016912027.1	XP_006625058.1	XP_086766538.1	XP_043795621.1	XP_006564397.1	XP_048266010.1
OG0006284	XP_016916915.1	XP_006611782.1	XP_003689952.1	XP_043802323.1	XP_395145.1	XP_003394914.3
OG0006285	XP_016912519.1	XP_006609234.1	XP_086758970.1	XP_043790887.1	XP_396960.2	XP_012172830.1
OG0006286	XP_061936773.1	XP_031369867.1	XP_086771323.1	XP_043785052.1	XP_006572418.1	XP_003398360.1
OG0006287	XP_016919750.2	XP_006620649.2	XP_003697846.3	XP_043785043.1	XP_001122030.2	XP_003402251.3
OG0006288	XP_016920936.1	XP_006622070.1	XP_086760444.1	XP_043792843.1	XP_006569994.1	XP_003402112.1
OG0006289	XP_016910881.2	XP_006611656.1	XP_003698667.2	XP_043795363.1	XP_003249302.2	XP_003394300.1
OG0006290	XP_061936854.1	XP_006612128.1	XP_012344743.1	XP_043795619.1	XP_006562124.1	XP_003398381.1
OG0006291	XP_016915410.1	XP_006612286.1	XP_012350016.3	XP_043788222.1	XP_623206.1	XP_012163334.2
OG0006292	XP_016917722.2	XP_006623689.1	XP_086772034.1	XP_043802754.1	XP_006571956.1	XP_048261604.1
OG0006293	XP_016906992.1	XP_006624925.1	XP_086768668.1	XP_043801547.1	XP_006563365.1	XP_012168828.1
OG0006294	XP_016909216.1	XP_006619621.1	XP_086761322.1	XP_043798504.1	XP_006566613.2	XP_012168702.1
OG0006295	XP_016915644.1	XP_006616033.1	XP_012344684.2	XP_043788275.1	XP_392346.4	XP_003395049.2
OG0006296	XP_061943241.1	XP_031368320.1	XP_086768440.1	XP_043804344.1	XP_026301920.1	XP_048263746.1
OG0006297	XP_016919013.1	XP_031365931.1	XP_086768164.1	XP_043794125.1	XP_026295502.1	XP_012166948.1
OG0006298	XP_061933560.1	XP_031367504.1	XP_012348241.2	XP_043803527.1	NP_001108550.1	XP_012171909.1
OG0006299	XP_016913562.1	XP_006610990.1	XP_003694392.3	XP_043785970.1	XP_006563008.1	XP_048267875.1
OG0006300	XP_016915072.1	XP_006623045.1	XP_012339922.1	XP_043794431.1	XP_003250452.1	XP_003399004.1
OG0006301	XP_016911064.1	XP_006607419.1	XP_086773680.1	XP_043786167.1	XP_001122742.2	XP_012174998.1
OG0006302	XP_016922168.2	XP_006619660.1	XP_086770250.1	XP_043787491.1	XP_623644.3	XP_012170829.1
OG0006303	XP_061937938.1	XP_006614173.1	XP_086771873.1	XP_043798965.1	XP_393806.2	XP_003398896.1
OG0006304	XP_061929603.1	XP_006612238.1	XP_003691762.3	XP_043784898.1	XP_624164.1	XP_003394912.1
OG0006305	XP_016922520.1	XP_006623181.1	XP_003697078.1	XP_043799406.1	XP_003251718.1	XP_012168502.1
OG0006306	XP_016912702.1	XP_006617556.1	XP_003698863.1	XP_043787592.1	XP_392813.2	XP_003394594.1
OG0006307	XP_016921539.1	XP_031364634.1	XP_012339156.2	XP_043784923.1	XP_003249380.1	XP_020718510.1
OG0006308	XP_016918643.1	XP_006612113.1	XP_012350601.1	XP_043802932.1	NP_001106142.2	XP_003402833.1
OG0006309	XP_016918449.2	XP_006623086.1	XP_003693647.1	XP_043796262.1	XP_001121619.2	NP_001267865.1
OG0006310	XP_016916627.1	XP_006616725.1	XP_086764950.1	XP_043785454.1	XP_006563114.2	XP_012171713.2
OG0006311	XP_061941348.1	XP_006617593.2	XP_086758958.1	XP_043790823.1	XP_026301066.1	XP_012172581.1
OG0006312	XP_016918468.1	XP_006624584.1	XP_003693514.2	XP_043796128.1	XP_393231.4	XP_012165262.1
OG0006313	XP_016906150.2	XP_006610842.2	XP_012347076.3	XP_043803869.1	XP_016770896.2	XP_012170300.2
OG0006314	XP_016919469.1	XP_031366443.1	XP_012341646.1	XP_043801600.1	XP_016770394.1	XP_048266431.1
OG0006315	XP_061928406.1	XP_031371116.1	XP_003698762.3	XP_043788377.1	XP_006560502.2	XP_003394201.1
OG0006316	XP_028525166.2	XP_031368052.1	XP_086771642.1	XP_043801132.1	XP_026300917.1	XP_020721991.2
OG0006317	XP_016911890.2	XP_031364306.1	XP_086761021.1	XP_043793453.1	XP_006564250.2	XP_012163891.1
OG0006318	XP_061929212.1	XP_031364531.1	XP_086770184.1	XP_043791175.1	XP_026295498.1	XP_048260048.1
OG0006319	XP_016912631.2	XP_031368443.1	XP_086765752.1	XP_043788048.1	XP_006568051.2	XP_048260268.1
OG0006320	XP_061932386.1	XP_006614840.1	XP_012342393.1	XP_043800058.1	XP_006562481.1	XP_048262723.1
OG0006321	XP_016910638.1	XP_006615253.1	XP_086771338.1	XP_043803213.1	XP_026294856.1	XP_012175613.1
OG0006322	XP_016922369.1	XP_006607259.1	XP_003692611.2	XP_043786109.1	XP_392721.1	XP_003401868.1
OG0006323	XP_016920652.1	XP_006616867.1	XP_003692773.1	XP_043786959.1	XP_395789.1	XP_003403335.2
OG0006324	XP_016913060.1	XP_006622152.1	XP_003696680.1	XP_043792600.1	XP_396465.2	XP_012164090.1
OG0006325	XP_016906651.1	XP_006620165.1	XP_003697619.1	XP_043796024.1	XP_001123307.2	XP_012173373.1
OG0006326	XP_016910946.1	XP_006617700.1	XP_003695373.1	XP_043786229.1	XP_392983.1	XP_012175016.1
OG0006327	XP_028522335.1	XP_006620741.1	XP_086773797.1	XP_043791992.1	XP_623480.1	XP_003400991.1
OG0006328	XP_061928041.1	XP_006623627.1	XP_031774681.1	XP_043800843.1	XP_393287.2	XP_003402243.1
OG0006329	XP_016906010.1	XP_006608403.1	XP_003698713.2	XP_043788399.1	XP_394885.1	XP_003394466.2
OG0006330	XP_016921181.1	XP_006607314.1	XP_031771595.1	XP_043786289.1	XP_396785.4	XP_012175129.1
OG0006331	XP_016916057.1	XP_031370561.1	XP_003691195.1	XP_043797840.1	XP_016772586.1	XP_012170120.1
OG0006332	XP_016907836.1	XP_006614078.1	XP_012339596.3	XP_043799129.1	XP_391916.3	XP_003398732.1
OG0006333	XP_016922256.1	XP_031364523.1	XP_003693436.3	XP_043791144.1	NP_001165875.1	XP_012175845.1
OG0006334	XP_028522255.1	XP_031368510.1	XP_003698797.1	XP_043787744.1	XP_016766950.1	XP_012176054.1
OG0006335	XP_016909686.1	XP_006624399.1	XP_012345508.2	XP_043800137.1	XP_624052.1	XP_003397638.2
OG0006336	XP_016912143.1	XP_006618630.1	XP_012346179.2	XP_043792954.1	XP_003251085.1	XP_003402322.1
OG0006337	XP_016914131.1	XP_006616355.1	XP_003698806.1	XP_043787634.1	XP_623441.1	XP_003394248.1
OG0006338	XP_016915127.1	XP_006617230.1	XP_086766847.1	XP_043800161.1	XP_006571016.1	XP_048262657.1
OG0006339	XP_061942297.1	XP_006625042.1	XP_003691254.1	XP_043797956.1	XP_001119960.1	XP_012173669.1
OG0006340	XP_061941228.1	XP_006611531.1	XP_003697526.3	XP_043793778.1	XP_006558285.1	XP_012171290.1
OG0006341	XP_061943023.1	XP_006616146.1	XP_031773649.1	XP_043794323.1	XP_006571525.1	XP_003392876.2
OG0006342	XP_061943026.1	XP_006616142.1	XP_003695484.2	XP_043794341.1	XP_026298579.1	XP_003392875.1
OG0006343	XP_016916093.1	XP_006624886.1	XP_012350823.1	XP_043786605.1	XP_001120728.1	XP_003399486.1
OG0006344	XP_016906701.1	XP_006621051.1	XP_003695774.2	XP_043791809.1	XP_393089.1	XP_003401947.1
OG0006345	XP_061928145.1	XP_031368475.1	XP_003697115.3	XP_043800871.1	XP_006572261.1	XP_003398607.1
OG0006346	XP_016918477.1	XP_006617470.1	XP_003690019.1	XP_043801884.1	XP_006567256.1	XP_012163250.1
OG0006347	XP_016920694.1	XP_006619283.1	XP_003690100.2	XP_043801106.1	XP_624801.1	XP_003400765.1
OG0006348	XP_016917188.1	XP_006618447.1	XP_003694779.2	XP_043785635.1	XP_392023.1	XP_003400472.1
OG0006349	XP_016914791.3	XP_006618710.1	XP_003692958.3	XP_043795787.1	XP_026297486.1	XP_012165673.1
OG0006350	XP_061937890.1	XP_006614113.1	XP_031774754.2	XP_043798976.1	XP_026299626.1	XP_048265857.1
OG0006351	XP_016909048.1	XP_006621623.1	XP_031771117.2	XP_043798962.1	XP_026299349.1	XP_012169356.1
OG0006352	XP_016912386.1	XP_006609354.1	XP_012345208.1	XP_043790428.1	XP_625159.2	XP_003401342.1
OG0006353	XP_016911689.1	XP_006617853.1	XP_086762745.1	XP_043789574.1	XP_016769585.1	XP_012167578.1
OG0006354	XP_061939463.1	XP_006622111.1	XP_012343920.1	XP_043797776.1	XP_395039.6	XP_020721927.2
OG0006355	XP_016918155.1	XP_006612594.1	XP_012341677.1	XP_043796204.1	XP_006570132.1	XP_012165412.2
OG0006356	XP_016905303.1	XP_006609563.1	XP_031776333.2	XP_043794949.1	NP_001161192.1	XP_003400279.1
OG0006357	XP_016903901.1	XP_006607919.1	XP_086773707.1	XP_043789306.1	XP_026298456.1	XP_020720470.2
OG0006358	XP_016921894.2	XP_006614516.1	XP_086763604.1	XP_043804120.1	XP_006562326.2	XP_048266670.1
OG0006359	XP_016920463.1	XP_006622508.1	XP_012341841.1	XP_043790972.1	XP_016770111.1	XP_048263302.1
OG0006360	XP_016904704.2	XP_006612495.1	XP_003693802.1	XP_043791040.1	XP_392582.1	XP_020720591.1
OG0006361	XP_016905863.1	XP_006613796.1	XP_003693881.1	XP_043801052.1	XP_394637.2	XP_003396013.2
OG0006362	XP_016914852.1	XP_006619112.1	XP_003698533.3	XP_043786956.1	XP_397463.2	XP_003398279.1
OG0006363	XP_016905339.1	XP_006607213.1	XP_086768448.1	XP_043791084.1	XP_006571158.1	XP_003393471.1
OG0006364	XP_061930919.1	XP_006621912.1	XP_003696749.1	XP_043792668.1	XP_006567972.1	XP_003395612.1
OG0006365	XP_016922767.1	XP_006611511.1	XP_003697441.1	XP_043793664.1	XP_624819.1	XP_003400500.1
OG0006366	XP_061930920.1	XP_006621896.1	XP_012345972.1	XP_043792420.1	XP_003251133.1	XP_020718690.1
OG0006367	XP_061929361.1	XP_006621999.2	XP_086770006.1	XP_043795299.1	XP_006568548.2	XP_012176252.2
OG0006368	XP_016904761.1	XP_006607891.1	XP_003690340.1	XP_043790002.1	XP_001120836.2	XP_048264666.1
OG0006369	XP_061943234.1	XP_031365846.1	XP_012346976.1	XP_043791064.1	XP_016772832.1	XP_003393472.1
OG0006370	XP_016916299.1	XP_006611259.1	XP_031776547.2	XP_043786606.1	XP_006559458.1	XP_003399614.1
OG0006371	XP_016912429.1	XP_006609276.1	XP_086773994.1	XP_043790814.1	XP_016772183.1	XP_020722684.1
OG0006372	XP_016905674.1	XP_031368434.1	XP_003698943.4	XP_043801489.1	XP_016768646.1	XP_003397173.2
OG0006373	XP_061930429.1	XP_031364492.1	XP_086759835.1	XP_043801897.1	XP_026296015.1	XP_012176710.2
OG0006374	XP_061936045.1	XP_006619192.1	XP_003698497.1	XP_043786812.1	XP_003250470.1	XP_003398162.1
OG0006375	XP_016913606.1	XP_006611017.1	XP_086765371.1	XP_043786029.1	XP_006562974.2	XP_048268266.1
OG0006376	XP_061942566.1	XP_031365913.1	XP_012344453.1	XP_043794195.1	XP_006571644.1	XP_012167109.1
OG0006377	XP_016922062.2	XP_006614274.1	XP_086770288.1	XP_043787467.1	XP_006568102.1	XP_048267313.1
OG0006378	XP_016921110.1	XP_006615944.1	XP_086759424.1	XP_043788157.1	XP_001123179.2	XP_012163201.1
OG0006379	XP_061937090.1	XP_006620409.1	XP_012340097.2	XP_043793653.1	XP_391887.4	XP_003396566.1
OG0006380	XP_061943421.1	XP_006616978.1	XP_086768363.1	XP_043799231.1	XP_016771545.1	XP_012164377.1
OG0006381	XP_016914121.1	XP_006615651.1	XP_086763812.1	XP_043803915.1	XP_624559.3	XP_012170545.1
OG0006382	XP_061943333.1	XP_031369613.1	XP_086767731.1	XP_043801293.1	XP_026301925.1	XP_048261716.1
OG0006383	XP_061927456.1	XP_006622316.1	XP_003696841.1	XP_043802589.1	XP_623061.2	XP_003393776.1
OG0006384	XP_016920433.1	XP_006622317.1	XP_003696842.1	XP_043799771.1	XP_623132.1	XP_003393778.1
OG0006385	XP_061930084.1	XP_031368250.1	XP_012343369.1	XP_043802375.1	XP_026296012.1	XP_012163280.1
OG0006386	XP_061937506.1	XP_006624403.2	XP_012348419.1	XP_043790156.1	XP_026299452.1	XP_003399199.1
OG0006387	XP_016916235.1	XP_006611324.1	XP_003691227.1	XP_043786556.1	NP_001156935.1	XP_003402181.1
OG0006388	XP_016904755.1	XP_006623503.1	XP_086768373.1	XP_043799244.1	XP_006571313.1	XP_003393138.1
OG0006389	XP_016913214.1	XP_006611876.1	XP_086760345.1	XP_043793204.1	XP_006570274.1	XP_012164133.1
OG0006390	XP_016908680.1	XP_006609370.1	XP_003696029.1	XP_043790538.1	XP_392087.3	XP_003401362.1
OG0006391	XP_016914611.1	XP_006617768.1	XP_003693047.1	XP_043783996.1	XP_394669.2	XP_003396851.1
OG0006392	XP_016913217.1	XP_006620101.1	XP_086759138.1	XP_043794645.1	XP_001120765.2	XP_012166289.2
OG0006393	XP_061937321.1	XP_006619875.1	XP_003693776.1	XP_043784513.1	XP_623710.1	XP_012165805.1
OG0006394	XP_061941000.1	XP_006624144.1	XP_086765257.1	XP_043785227.1	XP_006565700.1	XP_048268211.1
OG0006395	XP_061935965.1	XP_006610149.1	XP_012348589.1	XP_043789614.1	XP_016769668.1	XP_012167389.1
OG0006396	XP_061930090.1	XP_031368289.1	XP_003694704.3	XP_043802376.1	XP_006567318.2	XP_003394922.2
OG0006397	XP_028521867.1	XP_006618483.1	XP_086762251.1	XP_043797250.1	XP_026298305.1	XP_012173117.2
OG0006398	XP_028522495.1	XP_006608059.1	XP_003696589.1	XP_043792942.1	XP_006567699.1	XP_012164176.1
OG0006399	XP_016910727.1	XP_006622246.1	XP_012338774.1	XP_043803157.1	XP_001121566.1	XP_003394076.1
OG0006400	XP_016914525.1	XP_006615400.1	XP_086766053.1	XP_043784013.1	XP_394667.3	XP_003396572.1
OG0006401	XP_016907622.1	XP_006610439.1	XP_003690675.4	XP_043790043.1	XP_392156.2	XP_003402787.1
OG0006402	XP_061928005.1	XP_031370378.1	XP_012346754.1	XP_043800898.1	XP_026302179.1	XP_003402236.1
OG0006403	XP_061938107.1	XP_031367705.1	XP_086761333.1	XP_043798933.1	XP_016770307.1	XP_012169790.2
OG0006404	XP_016915924.1	XP_006609633.1	XP_003692700.1	XP_043794795.1	XP_393524.3	XP_012170707.1
OG0006405	XP_061942978.1	XP_006607203.1	XP_003695523.1	XP_043794160.1	XP_026302036.1	XP_048262170.1
OG0006406	XP_061933205.1	XP_031366623.1	XP_003693130.2	XP_043795893.1	XP_006568416.2	XP_048263033.1
OG0006407	XP_016908863.1	XP_006620153.1	XP_086770648.1	XP_043802930.1	XP_016770040.1	XP_048265247.1
OG0006408	XP_061936830.1	XP_006612133.1	XP_086766805.1	XP_043795634.1	XP_006562110.1	XP_012168105.1
OG0006409	XP_016916366.1	XP_006608263.1	XP_003692126.1	XP_043789090.1	XP_003250277.1	XP_003401063.1
OG0006410	XP_016913566.2	XP_006610962.1	XP_086764698.1	XP_043785973.1	XP_006563026.1	XP_003400540.1
OG0006411	XP_016905779.1	XP_031371329.1	XP_086764232.1	XP_043797540.1	NP_001242963.1	XP_003397289.3
OG0006412	XP_016905636.1	XP_006624427.1	XP_012340060.1	XP_043799441.1	XP_006572325.1	XP_012173883.1
OG0006413	XP_016916032.1	XP_006620523.1	XP_012347943.2	XP_043786679.1	XP_397291.2	XP_003402147.1
OG0006414	XP_016906333.2	XP_006620390.1	XP_086767290.1	XP_043800055.1	XP_026297068.1	XP_020720216.2
OG0006415	XP_061934947.1	XP_006608652.1	XP_003693357.1	XP_043796798.1	XP_624393.1	XP_003402047.1
OG0006416	XP_061928322.1	XP_006608412.1	XP_086765845.1	XP_043788462.1	NP_001011573.1	XP_048260195.1
OG0006417	XP_061933301.1	XP_031364183.1	XP_012341158.2	XP_043783990.1	XP_006569533.1	XP_048263792.1
OG0006418	XP_028525461.1	XP_006617594.1	XP_012344853.3	XP_043790430.1	XP_026301456.1	XP_003401419.3
OG0006419	XP_016913685.1	XP_006611117.1	XP_003694987.4	XP_043785579.1	XP_624861.2	XP_003400576.1
OG0006420	XP_016907197.1	XP_006610637.1	XP_031776230.2	XP_043788605.1	XP_395937.6	XP_003396227.2
OG0006421	XP_061936455.1	XP_006610630.1	XP_003690506.2	XP_043792036.1	XP_624434.2	XP_003396223.1
OG0006422	XP_016906164.1	XP_006610841.1	XP_086763584.1	XP_043803972.1	XP_003250963.1	XP_048266887.1
OG0006423	XP_016909711.2	XP_031366963.1	XP_012345118.2	XP_043788850.1	XP_006563442.2	XP_048268930.1
OG0006424	XP_016903839.2	XP_006609027.1	XP_003696957.1	XP_043797633.1	XP_394275.2	XP_012172669.1
OG0006425	XP_016919429.1	XP_006623458.1	XP_003692057.1	XP_043789131.1	XP_392065.2	XP_003401081.1
OG0006426	XP_028524233.1	XP_006618805.1	XP_003689860.2	XP_043802719.1	XP_026296621.1	XP_020718595.1
OG0006427	XP_016919963.1	XP_006616482.1	XP_012343950.2	XP_043791621.1	XP_006557930.1	XP_012170952.1
OG0006428	XP_016919057.1	XP_006616125.1	XP_086767964.1	XP_043794594.1	XP_003251769.2	XP_003393259.1
OG0006429	XP_016918728.1	XP_006614203.1	XP_012350398.1	XP_043802988.1	XP_006569315.2	XP_003394132.2
OG0006430	XP_061936162.1	XP_006620708.1	XP_003697312.1	XP_043786788.1	XP_001120943.2	XP_048265210.1
OG0006431	XP_016912863.1	XP_031367225.1	XP_003698873.1	XP_043787875.1	NP_001012980.1	XP_003394584.2
OG0006432	XP_061942261.1	XP_006622790.1	XP_031776523.1	XP_043797996.1	XP_016772413.1	XP_003400015.2
OG0006433	XP_016914569.1	XP_031367802.1	XP_012340948.1	XP_043795986.1	XP_016768556.2	XP_012165681.1
OG0006434	XP_061937139.1	XP_006615017.1	XP_012340113.1	XP_043784523.1	XP_016770688.2	XP_003396813.1
OG0006435	XP_016914988.1	XP_006624385.1	XP_003697120.1	XP_043800849.1	XP_624811.3	XP_003393632.1
OG0006436	XP_016907411.1	XP_006610510.1	XP_012350099.1	XP_043786884.1	XP_006563346.1	XP_003397972.1
OG0006437	XP_061942202.1	XP_006612865.1	XP_012344698.1	XP_043794141.1	XP_016773384.2	XP_012167470.1
OG0006438	XP_061940366.1	XP_006613011.1	XP_086764854.1	XP_043785762.1	XP_016771539.2	XP_012171311.1
OG0006439	XP_016905302.2	XP_031371010.1	XP_012350348.2	XP_043794946.1	XP_006559396.2	XP_012171119.2
OG0006440	XP_016912319.1	XP_006618212.1	XP_086761173.1	XP_043792399.1	XP_001120140.3	XP_003395667.1
OG0006441	XP_016919532.1	XP_006624390.1	XP_003698120.1	XP_043790240.1	XP_006571914.1	XP_003399190.1
OG0006442	XP_016922769.2	XP_031364382.1	XP_012347316.2	XP_043793743.1	XP_006559359.1	XP_012171391.2
OG0006443	XP_016906363.1	XP_031368560.1	XP_031772467.1	XP_043800074.1	XP_006570024.1	XP_020719996.2
OG0006444	XP_061931170.1	XP_006618602.1	XP_003696621.1	XP_043792820.1	XP_395986.4	XP_048269696.1
OG0006445	XP_016906660.2	XP_006613706.1	XP_012346041.2	XP_043792652.1	XP_016767625.1	XP_048261643.1
OG0006446	XP_016909327.2	XP_006618521.1	XP_003691989.1	XP_043798488.1	XP_003250865.1	XP_012169591.1
OG0006447	XP_016916456.1	XP_006618828.1	XP_012346054.2	XP_043789564.1	NP_001127843.1	XP_012167518.1
OG0006448	XP_028521443.1	XP_006619310.1	XP_003690090.3	XP_043801215.1	XP_016771802.2	XP_048267774.1
OG0006449	XP_061931783.1	XP_031367105.1	XP_031771301.1	XP_043802714.1	NP_001139212.1	XP_048269644.1
OG0006450	XP_016910770.1	XP_006623731.1	XP_086770916.1	XP_043792054.1	XP_026298248.1	XP_020719910.2
OG0006451	XP_016915980.1	XP_006615063.1	XP_003691258.2	XP_043797908.1	XP_001119916.1	XP_003402109.1
OG0006452	XP_016904252.1	XP_006613333.1	XP_012349940.3	XP_043794009.1	XP_003249581.1	XP_003394851.2
OG0006453	XP_016908206.1	XP_006612950.1	XP_012338904.3	XP_043799483.1	XP_006559713.1	XP_012166255.1
OG0006454	XP_016920907.2	XP_006617613.1	XP_003692522.1	XP_043800041.1	XP_396436.3	XP_012174765.2
OG0006455	XP_028524857.1	XP_006607733.1	XP_031776008.1	XP_043797573.1	XP_001122957.2	XP_003397203.1
OG0006456	XP_061940761.1	XP_006618409.1	XP_012343588.2	XP_043786043.1	XP_625264.2	XP_003400617.1
OG0006457	XP_016918906.1	XP_031367193.1	XP_003690060.1	XP_043801808.1	XP_016767161.1	XP_003394985.2
OG0006458	XP_016909037.2	XP_031368167.1	XP_012339483.3	XP_043799017.1	XP_393743.4	XP_003399409.1
OG0006459	XP_016920117.1	XP_031369482.1	XP_086762670.1	XP_043799491.1	XP_006568214.2	XP_012175462.1
OG0006460	XP_061941621.1	XP_006609314.1	XP_003695992.1	XP_043790330.1	XP_026301153.1	XP_003401310.3
OG0006461	XP_016917998.1	XP_006607970.1	XP_003692741.2	XP_043791360.1	XP_006569245.1	XP_012168405.1
OG0006462	XP_061935713.1	XP_006608597.1	XP_086759884.1	XP_043789633.1	XP_016769470.1	XP_012167030.1
OG0006463	XP_016912924.1	XP_006608530.1	XP_012350529.1	XP_043787660.1	XP_003251153.1	XP_003394717.1
OG0006464	XP_016904312.2	XP_006613274.1	XP_086769755.1	XP_043794065.1	XP_623602.3	XP_012165990.1
OG0006465	XP_016909359.1	XP_006620171.1	XP_003697652.1	XP_043791870.1	XP_006572024.1	XP_020723080.1
OG0006466	XP_061942254.1	XP_006622805.1	XP_086763937.1	XP_043797869.1	XP_016772410.1	XP_012170139.2
OG0006467	XP_061935726.1	XP_006608612.1	XP_086759818.1	XP_043789571.1	XP_006567399.1	XP_012167042.1
OG0006468	XP_016913602.1	XP_006611002.1	XP_003694399.1	XP_043785572.1	XP_393995.1	XP_003400749.1
OG0006469	XP_016912130.1	XP_006615462.1	XP_012341782.2	XP_043784802.1	XP_006568635.1	XP_012165189.1
OG0006470	XP_016921326.1	XP_006621102.1	XP_003697975.2	XP_043803765.1	XP_397116.4	XP_003392954.2
OG0006471	XP_016909291.1	XP_031369173.1	XP_012339595.2	XP_043799158.1	XP_006566772.2	XP_003399090.1
OG0006472	XP_061928158.1	XP_006624652.1	XP_031772351.1	XP_043796298.1	XP_016772926.2	XP_003396337.1
OG0006473	XP_061934578.1	XP_031371143.1	XP_012342764.2	XP_043797231.1	XP_026298161.1	XP_003401726.2
OG0006474	XP_016921356.1	XP_006622926.1	XP_003697913.1	XP_043803743.1	XP_394949.4	XP_003393048.1
OG0006475	XP_016909182.1	XP_006621617.1	XP_003691901.2	XP_043799043.1	XP_395387.5	XP_012169369.2
OG0006476	XP_016911008.2	XP_006611681.1	XP_012349160.2	XP_043795352.1	XP_395921.4	XP_048260669.1
OG0006477	XP_016912006.1	XP_006619844.1	XP_012348803.1	XP_043794846.1	XP_006564431.1	XP_003398971.1
OG0006478	XP_016910096.1	XP_006613961.1	XP_086760464.1	XP_043792601.1	XP_396810.3	XP_003395291.1
OG0006479	XP_016904601.1	XP_006609900.1	XP_086763113.1	XP_043799701.1	XP_006568268.2	XP_012175066.1
OG0006480	XP_016910990.1	XP_006611605.1	XP_012349213.1	XP_043795388.1	XP_006558505.1	XP_003394331.1
OG0006481	XP_016921056.2	XP_006610238.1	XP_003689643.1	XP_043788098.1	XP_001121690.3	XP_012171232.1
OG0006482	XP_016918478.1	XP_006624582.1	XP_086769115.1	XP_043796082.1	XP_006569661.1	XP_003396300.1
OG0006483	XP_016904259.1	XP_006613261.1	XP_003690803.1	XP_043788186.1	XP_026301837.1	XP_003396839.1
OG0006484	XP_016908861.1	XP_006621371.1	XP_086761369.1	XP_043799051.1	XP_026299378.1	XP_003398688.2
OG0006485	XP_028525392.1	XP_031364627.1	XP_003691751.4	XP_043785013.1	XP_003249382.1	XP_048261114.1
OG0006486	XP_028520041.1	XP_031364975.1	XP_086768208.1	XP_043794023.1	XP_006571657.1	XP_012167311.1
OG0006487	XP_016912589.1	XP_006608535.1	XP_003690878.1	XP_043787734.1	XP_026295309.1	XP_003394703.1
OG0006488	XP_016916676.2	XP_031366785.1	XP_086764669.1	XP_043785987.1	XP_026300996.1	XP_003400714.1
OG0006489	XP_016922328.1	XP_006616650.1	XP_086764876.1	XP_043785633.1	XP_001121796.2	XP_003393393.1
OG0006490	XP_028521178.1	XP_031365570.1	XP_012346859.1	XP_043798539.1	XP_006566384.1	XP_003398921.2
OG0006491	XP_061941589.1	XP_006609273.1	XP_012345276.2	XP_043790907.1	NP_001011565.1	XP_012172321.1
OG0006492	XP_016905152.1	XP_031371204.1	XP_086767632.1	XP_043785044.1	XP_016769798.2	XP_048265736.1
OG0006493	XP_016917966.1	XP_006616806.1	XP_086772616.1	XP_043791270.1	XP_016770062.1	XP_003398239.1
OG0006494	XP_016917959.1	XP_006616808.1	XP_086772622.1	XP_043791287.1	XP_016770061.1	XP_003398230.2
OG0006495	XP_061935381.1	XP_006610075.1	XP_003690304.2	XP_043789672.1	XP_006561855.2	XP_012167065.1
OG0006496	XP_016920251.1	XP_006612432.1	XP_003696876.1	XP_043802626.1	NP_001011590.1	XP_048266523.1
OG0006497	XP_016916439.1	XP_006616939.1	XP_003690412.1	XP_043789748.1	NP_001011588.1	XP_003397921.1
OG0006498	XP_061931693.1	XP_031369235.1	XP_086772097.1	XP_043802663.1	XP_026296430.1	XP_048261932.1
OG0006499	XP_016909772.1	XP_006617095.1	XP_003696106.1	XP_043788957.1	NP_001035315.1	XP_048268702.1
OG0006500	XP_061930620.1	XP_006613972.2	XP_086760448.1	XP_043792891.1	XP_006562194.1	XP_012163928.2
OG0006501	XP_016908573.1	XP_006608947.1	XP_012348708.1	XP_043784548.1	XP_026299965.1	XP_012169972.1
OG0006502	XP_061941693.1	XP_006609424.1	XP_086773708.1	XP_043790401.1	XP_001122075.3	XP_003401590.1
OG0006503	XP_016917142.1	XP_006617021.1	XP_012339832.2	XP_043786770.1	XP_395374.2	XP_048263878.1
OG0006504	XP_016906702.2	XP_031365377.1	XP_031774389.1	XP_043792885.1	XP_016767627.1	XP_003395739.3
OG0006505	XP_016908027.2	XP_006614140.1	XP_003697243.1	XP_043798631.1	XP_001122321.2	XP_048266302.1
OG0006506	XP_016910020.1	XP_031369863.1	XP_003694241.1	XP_043796688.1	XP_016769149.1	XP_048269278.1
OG0006507	XP_061927111.1	XP_031371176.1	XP_003689581.1	XP_043799028.1	XP_623764.2	XP_003394031.1
OG0006508	XP_016916354.1	XP_006608241.1	XP_086758730.1	XP_043788781.1	XP_392056.5	XP_048268637.1
OG0006509	XP_061941371.1	XP_006624723.1	XP_031773883.2	XP_043790564.1	XP_026301427.1	XP_048268376.1
OG0006510	XP_016922166.1	XP_006621209.1	XP_012347719.2	XP_043795227.1	XP_003249738.1	XP_003397607.1
OG0006511	XP_016913628.1	XP_006611084.1	XP_003695008.1	XP_043785446.1	XP_006564990.1	XP_003400682.2
OG0006512	NP_001315406.1	XP_006610550.1	XP_086769383.1	XP_043791432.1	XP_006563267.1	XP_003402775.1
OG0006513	XP_061939329.1	XP_006610924.1	XP_012348674.2	XP_043801134.1	XP_026300136.1	XP_003399794.1
OG0006514	XP_016903882.2	XP_006613564.1	XP_086763055.1	XP_043802595.1	XP_016773609.1	XP_003393760.2
OG0006515	XP_061928332.1	XP_006609830.1	XP_086765850.1	XP_043788446.1	XP_006559746.1	XP_048260136.1
OG0006516	XP_016906590.1	XP_006619795.1	XP_086759044.1	XP_043785073.1	XP_006559878.1	XP_012166577.2
OG0006517	XP_061936476.1	XP_006610618.1	XP_003690742.1	XP_043786398.1	XP_006563285.1	XP_003396214.1
OG0006518	XP_061936358.1	XP_031370533.1	XP_012340729.1	XP_043786892.1	XP_026299078.1	XP_012175418.2
OG0006519	XP_016921150.1	XP_031371183.1	XP_012340435.1	XP_043786085.1	XP_006559495.3	XP_012175166.2
OG0006520	XP_016921579.1	XP_006607888.1	XP_003690339.1	XP_043789459.1	XP_394812.3	XP_003397888.1
OG0006521	XP_016912727.2	XP_006608552.1	XP_012350497.1	XP_043787918.1	XP_006568034.1	XP_048260510.1
OG0006522	XP_016920405.1	XP_006612418.1	XP_086762743.1	XP_043798069.1	XP_026294878.1	XP_003402665.1
OG0006523	XP_016907060.1	XP_006609375.1	XP_086773719.1	XP_043790378.1	XP_006561059.1	XP_048268300.1
OG0006524	XP_016907059.1	XP_006609390.1	XP_003695848.1	XP_043790381.1	XP_392084.1	XP_003401374.2
OG0006525	XP_016907061.2	XP_006609391.2	XP_012345421.2	XP_043790614.1	XP_001121861.1	XP_020722454.1
OG0006526	XP_016907078.1	XP_031370827.1	XP_086773718.1	XP_043790610.1	XP_006561064.1	XP_020722462.2
OG0006527	XP_016907077.2	XP_006609392.1	XP_012345418.2	XP_043790499.1	XP_001121915.3	XP_003401375.1
OG0006528	XP_016907058.2	XP_006609393.1	XP_003695851.2	XP_043790667.1	XP_001121942.2	XP_003401376.1
OG0006529	XP_016907054.1	XP_006609395.1	XP_012345423.1	XP_043790656.1	XP_001121961.1	XP_003401378.1
OG0006530	XP_016907071.2	XP_006609379.1	XP_003695843.1	XP_043790663.1	XP_001121449.1	XP_048268882.1
OG0006531	XP_016907052.1	XP_006609394.1	XP_012345484.2	XP_043790658.1	XP_001121985.1	XP_003401379.1
OG0006532	XP_016907066.1	XP_006609384.2	XP_086773728.1	XP_043790672.1	XP_006561051.1	XP_020722559.1
OG0006533	XP_016907055.1	XP_006609378.1	XP_012347052.2	XP_043790687.1	XP_001121541.1	XP_003401369.1
OG0006534	XP_016918315.1	XP_006607635.1	XP_086762070.1	XP_043796858.1	XP_016769151.1	XP_003401835.1
OG0006535	XP_061929273.1	XP_006611989.1	XP_003693447.2	XP_043791142.1	XP_006571875.2	XP_012168376.3
OG0006536	XP_016907201.1	XP_006609538.1	XP_012350053.1	XP_043790070.1	XP_395605.3	XP_003394884.1
OG0006537	XP_061927416.1	XP_031369932.1	XP_086762860.1	XP_043796402.1	XP_006568973.1	XP_012174153.1
OG0006538	XP_016913883.1	XP_006621860.1	XP_003696723.1	XP_043792762.1	XP_397201.2	XP_003395802.1
OG0006539	XP_061936550.1	XP_006607971.1	XP_003692740.2	XP_043791366.1	XP_006569244.2	XP_048265647.1
OG0006540	XP_016914828.1	XP_006615165.1	XP_003692263.4	XP_043798706.1	XP_006566326.2	XP_048266548.1
OG0006541	XP_016921389.2	XP_006621113.1	XP_003697979.4	XP_043803587.1	XP_026301996.1	XP_020720209.1
OG0006542	XP_016913478.1	XP_006624784.1	XP_003694284.3	XP_043802845.1	XP_395696.2	XP_003395188.1
OG0006543	XP_016922171.1	XP_031365716.1	XP_086770245.1	XP_043787474.1	XP_001120377.2	XP_003400144.2
OG0006544	XP_016918182.1	XP_006612559.1	XP_003693595.1	XP_043796324.1	XP_006570154.1	XP_003396400.1
OG0006545	XP_016922124.2	XP_006614261.1	XP_003694504.2	XP_043787565.1	XP_006568106.1	XP_003400137.1
OG0006546	XP_016914432.1	XP_006611228.1	XP_003693004.1	XP_043795736.1	XP_395416.4	XP_003396689.1
OG0006547	XP_016921746.1	XP_006624037.1	XP_003695728.1	XP_043798144.1	XP_001122985.1	XP_003398524.1
OG0006548	XP_016919239.1	XP_006612398.1	XP_003692822.3	XP_043791374.1	XP_623981.1	XP_003403349.1
OG0006549	XP_016913434.2	XP_006615023.1	XP_003692334.2	XP_043784471.1	XP_001120182.3	XP_003396405.1
OG0006550	XP_061938999.1	XP_006612053.2	XP_003695275.3	XP_043803897.1	XP_006565326.1	XP_003399725.1
OG0006551	XP_016907758.1	XP_031365533.1	XP_086771875.1	XP_043798971.1	NP_001265634.1	XP_003398897.1
OG0006552	XP_061934990.1	XP_006624068.1	XP_003695434.1	XP_043796595.1	NP_001157187.1	XP_012173324.1
OG0006553	XP_016922867.1	XP_006611540.1	XP_086770812.1	XP_043793829.1	XP_397318.4	XP_003400824.1
OG0006554	XP_061931330.1	XP_031368530.1	XP_086761116.1	XP_043792984.1	XP_016767671.2	XP_048267053.1
OG0006555	XP_061931624.1	XP_006624299.1	XP_012339876.2	XP_043802834.1	NP_001242966.1	XP_012164434.2
OG0006556	XP_016905138.1	XP_006610031.1	XP_003695691.2	XP_043785063.1	XP_393166.2	XP_003398366.1
OG0006557	XP_016910018.1	XP_006618480.1	XP_003694069.2	XP_043796802.1	XP_397085.2	XP_012173121.1
OG0006558	XP_016921103.1	XP_031366455.1	XP_031774395.1	XP_043788167.1	XP_016767144.1	XP_012163070.1
OG0006559	XP_016909185.1	XP_006621618.1	XP_003692025.1	XP_043799049.1	XP_026299800.1	XP_012169368.1
OG0006560	XP_016921481.1	XP_031364614.1	XP_003691757.1	XP_043784900.1	XP_003249383.1	XP_003395092.1
OG0006561	XP_061940425.1	XP_031366826.1	XP_086764893.1	XP_043785757.1	XP_026301035.1	XP_012171973.2
OG0006562	XP_016920034.1	XP_006622406.1	XP_003696811.1	XP_043798847.1	XP_001120540.2	XP_003393878.1
OG0006563	XP_016918586.1	XP_006624371.1	XP_012341986.2	XP_043796085.1	XP_393350.4	XP_003396352.2
OG0006564	XP_061939124.1	XP_031365280.1	XP_086763542.1	XP_043804240.1	XP_006566978.1	XP_048266651.1
OG0006565	XP_016913642.2	XP_006611043.1	XP_012343814.2	XP_043785467.1	XP_001120160.2	XP_012171650.2
OG0006566	XP_061934043.1	XP_006607243.1	XP_012340353.1	XP_043786365.1	XP_026298010.1	XP_003401873.1
OG0006567	XP_016903908.2	XP_006609034.1	XP_003696956.1	XP_043800003.1	XP_393615.3	XP_003393679.1
OG0006568	XP_016908535.1	XP_006608989.1	XP_003698413.1	XP_043787118.1	XP_001120842.5	XP_003399540.1
OG0006569	XP_061932038.1	XP_006623482.1	XP_012340048.2	XP_043799436.1	XP_006572304.1	XP_003395910.1
OG0006570	XP_016918123.1	XP_006607828.1	XP_003690478.2	XP_043789569.1	XP_624036.2	XP_003397552.1
OG0006571	XP_061930346.1	XP_031364438.1	XP_003689970.2	XP_043802306.1	NP_001193899.1	XP_003402472.1
OG0006572	XP_016913663.1	XP_006611054.1	XP_012343822.3	XP_043785196.1	XP_006564999.1	XP_012171665.1
OG0006573	XP_061933678.1	XP_006617929.1	XP_012349593.1	XP_043791087.1	XP_006571132.1	XP_020720091.1
OG0006574	XP_061942539.1	XP_006620535.1	XP_003697905.1	XP_043786549.1	XP_006561443.1	XP_012173697.1
OG0006575	XP_016904046.1	XP_006607474.1	XP_012341396.1	XP_043796547.1	XP_026297892.1	XP_048269001.1
OG0006576	XP_016907488.1	XP_006610731.1	XP_012347392.1	XP_043786453.1	XP_006565370.2	XP_012165818.2
OG0006577	XP_061938449.1	XP_006621519.1	XP_086761502.1	XP_043798189.1	XP_006570433.2	XP_012169750.2
OG0006578	XP_028520829.1	XP_006616562.1	XP_003696786.2	XP_043792914.1	XP_006564809.1	XP_012163994.3
OG0006579	XP_061936978.1	XP_006613888.1	XP_086766716.1	XP_043784110.1	XP_006562867.1	XP_048265031.1
OG0006580	XP_016904440.1	XP_006613326.1	XP_086769721.1	XP_043793014.1	XP_006559902.2	XP_003394842.1
OG0006581	XP_016920407.1	XP_006622290.1	XP_003696885.2	XP_043797583.1	XP_395638.3	XP_003402674.1
OG0006582	XP_016922311.1	XP_006616656.1	XP_012347841.3	XP_043785818.1	NP_001011627.1	XP_048267598.1
OG0006583	XP_016922433.1	XP_006609003.1	XP_031775612.2	XP_043786049.1	XP_006560865.2	XP_012170425.1
OG0006584	XP_061933921.1	XP_006617665.1	XP_003695375.1	XP_043786243.1	XP_624820.3	XP_003397098.2
OG0006585	XP_016905469.1	XP_006625249.1	XP_003689748.2	XP_043793592.1	XP_006559118.2	XP_003402904.2
OG0006586	XP_016910109.1	XP_006614009.1	XP_012345770.1	XP_043792185.1	XP_624484.1	XP_048261717.1
OG0006587	XP_061930604.1	XP_006613998.1	XP_086760622.1	XP_043793340.1	XP_394543.3	XP_048261872.1
OG0006588	XP_016922354.1	XP_006607237.1	XP_086773565.1	XP_043786265.1	XP_624221.1	XP_020722916.1
OG0006589	XP_061929219.1	XP_006611937.1	XP_003693431.1	XP_043791131.1	XP_624351.3	XP_003394105.1
OG0006590	XP_028521742.2	XP_006617121.1	XP_086774059.1	XP_043788757.1	XP_625228.3	XP_003401278.1
OG0006591	XP_016917985.1	XP_006612995.1	XP_086772786.1	XP_043791331.1	XP_003251334.1	XP_048265683.1
OG0006592	XP_016920871.2	XP_006613430.1	XP_003693849.1	XP_043800024.1	XP_003251581.1	XP_012174754.1
OG0006593	XP_016918170.2	XP_006612556.1	XP_003693603.1	XP_043796041.1	XP_624477.3	XP_020719447.2
OG0006594	XP_016909158.1	XP_006621632.1	XP_012339364.3	XP_043798173.1	XP_395464.3	XP_012169336.1
OG0006595	XP_061931087.1	XP_031370191.1	XP_031775351.2	XP_043803675.1	XP_026301892.1	XP_012176628.1
OG0006596	XP_016919060.1	XP_006608334.1	XP_031773519.2	XP_043794522.1	XP_006571710.1	XP_048260422.1
OG0006597	XP_016906122.2	XP_006611853.1	XP_003689980.1	XP_043801826.1	XP_006567209.1	XP_020723363.1
OG0006598	XP_016912294.1	XP_031366553.1	XP_086761232.1	XP_043792305.1	XP_016767685.1	XP_048261868.1
OG0006599	XP_028520746.1	XP_006623533.1	XP_003693827.2	XP_043799836.1	NP_001104182.1	XP_020719151.2
OG0006600	XP_061940768.1	XP_006618424.2	XP_003694803.2	XP_043785286.1	XP_016771842.1	XP_020722064.1
OG0006601	XP_016904862.1	XP_006619146.1	XP_086773348.1	XP_043786819.1	XP_026299091.1	XP_003398260.2
OG0006602	XP_028523999.1	XP_006611766.1	XP_086759841.1	XP_043801997.1	XP_026295824.1	XP_012176709.2
OG0006603	XP_061942512.1	XP_006623652.1	XP_012344233.1	XP_043789196.1	XP_006563164.1	XP_012170199.1
OG0006604	XP_016920286.1	XP_006622337.1	XP_086762536.1	XP_043799216.1	XP_026302183.1	XP_048268394.1
OG0006605	XP_016915692.1	XP_006608710.1	XP_003693324.1	XP_043796754.1	XP_624144.2	XP_003401803.2
OG0006606	XP_016912856.1	XP_006608558.1	XP_012350562.1	XP_043787688.1	XP_006568047.1	XP_003399206.1
OG0006607	XP_061927035.1	XP_031366079.1	XP_086771259.1	XP_043803289.1	XP_016773545.1	XP_048267124.1
OG0006608	XP_061938779.1	XP_006610890.1	XP_012347060.3	XP_043804121.1	XP_006566923.2	XP_048266947.1
OG0006609	XP_016920866.1	XP_006607341.2	XP_012340387.2	XP_043786311.1	XP_016768833.2	XP_003403114.2
OG0006610	XP_016919264.1	XP_006624866.1	XP_012340698.1	XP_043791425.1	XP_026298883.1	XP_012175380.1
OG0006611	XP_016913831.1	XP_006617997.1	XP_003698965.1	XP_043791592.1	XP_006558542.1	XP_012171019.1
OG0006612	XP_061937821.1	XP_031369728.1	XP_012347348.1	XP_043799766.1	XP_026299487.1	XP_003396727.2
OG0006613	XP_016911791.2	XP_006615483.1	XP_003693676.1	XP_043784841.1	XP_006568644.1	XP_003396274.1
OG0006614	XP_016917595.1	XP_006613871.1	XP_003691655.1	XP_043784141.1	XP_026299103.1	XP_003398219.1
OG0006615	XP_016920635.1	XP_006625018.1	XP_003692826.2	XP_043786858.1	XP_006566118.2	XP_003398520.1
OG0006616	XP_061928199.1	XP_006611677.1	XP_003698665.2	XP_043795360.1	XP_026295635.1	XP_012176128.2
OG0006617	XP_016920788.2	XP_006621260.1	XP_012347303.1	XP_043790046.1	XP_624319.1	XP_012171924.1
OG0006618	XP_016912592.2	XP_006616290.1	XP_003698835.1	XP_043787762.1	XP_006563978.2	XP_048260643.1
OG0006619	XP_016908584.1	XP_006608944.1	XP_003698390.1	XP_043790670.1	XP_026299970.1	XP_003399525.1
OG0006620	XP_061938706.1	XP_006620225.1	XP_012349829.2	XP_043795532.1	XP_016766321.2	XP_020719521.2
OG0006621	XP_016914702.1	XP_006615135.1	XP_086773155.1	XP_043799064.1	XP_397107.5	XP_003398932.2
OG0006622	XP_016919701.1	XP_006607758.1	XP_012349560.1	XP_043797562.1	XP_001120054.2	XP_003397119.2
OG0006623	XP_028521996.1	XP_031369429.1	XP_086771415.1	XP_043802995.1	XP_623134.1	XP_012175802.2
OG0006624	XP_016921283.1	XP_031364601.1	XP_003691740.1	XP_043784931.1	XP_006558776.1	XP_003395104.1
OG0006625	XP_016921217.1	XP_006607368.1	XP_012340453.1	XP_043786245.1	XP_026298354.1	XP_048269527.1
OG0006626	XP_016917749.2	XP_006624282.1	XP_012340120.2	XP_043802794.1	XP_026296627.1	XP_012164427.1
OG0006627	XP_016905276.1	XP_006609435.1	XP_012340856.1	XP_043795007.1	XP_006560142.1	XP_003400298.1
OG0006628	XP_016910332.1	XP_006607412.1	XP_012344311.1	XP_043786120.1	XP_001121573.2	XP_003403032.1
OG0006629	XP_016905731.1	XP_006624825.1	XP_003691212.2	XP_043797913.1	XP_006557347.1	XP_003399642.1
OG0006630	XP_016903927.1	XP_006622027.1	XP_031775739.1	XP_043795290.1	XP_016766618.2	XP_020723576.1
OG0006631	XP_016918522.1	XP_006624340.1	XP_086769030.1	XP_043796378.1	XP_395686.2	XP_003396363.1
OG0006632	XP_016915167.1	XP_006617959.1	XP_003690158.1	XP_043791457.1	XP_006558583.1	XP_003400217.1
OG0006633	XP_061932253.1	XP_006618094.1	XP_003697950.1	XP_043803683.1	XP_026300882.1	XP_003393106.1
OG0006634	XP_016906833.1	XP_006613752.1	XP_086760687.1	XP_043792738.1	XP_006567826.2	XP_003395711.2
OG0006635	XP_016913739.2	XP_006623325.2	XP_031774242.2	XP_043793241.1	XP_026296488.1	XP_003399743.1
OG0006636	XP_016921976.1	XP_006619416.1	XP_003694120.1	XP_043796600.1	XP_003250481.1	XP_003401693.1
OG0006637	XP_061926880.1	XP_006615737.1	XP_086771480.1	XP_043803007.1	XP_006561235.1	XP_003393756.1
OG0006638	XP_016911109.1	XP_006619880.1	XP_003693717.1	XP_043784521.1	XP_006559044.1	XP_003396719.1
OG0006639	XP_016914143.1	XP_006618465.1	XP_003698484.1	XP_043789300.1	XP_395405.1	XP_003397628.1
OG0006640	XP_016916254.1	XP_006608250.1	XP_003692165.1	XP_043788879.1	XP_625185.1	XP_003401060.2
OG0006641	XP_028525125.1	XP_006620464.1	XP_086772506.1	XP_043786863.1	XP_026299033.1	XP_012168288.1
OG0006642	XP_016909173.1	XP_031369258.1	XP_012339597.1	XP_043798292.1	XP_026299808.1	XP_012169390.1
OG0006643	XP_016921402.1	XP_006612244.1	XP_003691712.1	XP_043784911.1	XP_394527.2	XP_003394942.1
OG0006644	XP_016915088.1	XP_006617192.1	XP_003692388.3	XP_043800440.1	XP_006570985.1	XP_012173861.1
OG0006645	XP_016903963.1	XP_006607811.1	XP_003698695.1	XP_043788508.1	XP_006559822.1	XP_003394556.1
OG0006646	XP_016907191.1	XP_006609475.1	XP_012350203.2	XP_043789311.1	XP_395266.4	XP_003397550.1
OG0006647	XP_016922099.1	XP_031365717.1	XP_086770236.1	XP_043787558.1	XP_006565129.1	XP_003400148.1
OG0006648	XP_016913121.1	XP_006613490.1	XP_012347137.1	XP_043804100.1	XP_006566986.1	XP_003399956.1
OG0006649	XP_028521124.2	XP_006610643.1	XP_003690758.1	XP_043793400.1	XP_623552.1	XP_003396233.1
OG0006650	XP_016905732.2	XP_006624827.2	XP_003691238.3	XP_043797941.1	XP_395047.5	XP_012170065.2
OG0006651	XP_016918531.1	XP_006624668.1	XP_003693554.2	XP_043796111.1	XP_624173.1	XP_003396347.1
OG0006652	NP_001315415.1	XP_006609083.2	XP_003696158.4	XP_043790349.1	XP_625114.2	XP_003401463.2
OG0006653	XP_016912531.1	XP_006609200.1	XP_086758984.1	XP_043790382.1	XP_395366.2	XP_003401536.1
OG0006654	XP_016922536.1	XP_006623156.1	XP_012346685.1	XP_043799389.1	XP_026297163.1	XP_003393230.2
OG0006655	XP_061943000.1	XP_006616148.1	XP_003695489.2	XP_043794029.1	XP_392753.2	XP_012166767.3
OG0006656	XP_016913716.1	XP_006609580.1	XP_012350353.1	XP_043794786.1	XP_006559390.1	XP_012171049.1
OG0006657	XP_061940765.1	XP_006618425.1	XP_012343620.1	XP_043785268.1	XP_624330.3	XP_020722061.1
OG0006658	XP_016919293.1	XP_006617452.1	XP_003690012.1	XP_043801849.1	XP_006567240.1	XP_012163228.2
OG0006659	XP_016915535.1	XP_006623871.1	XP_086761791.1	XP_043796838.1	XP_026298051.1	XP_048269903.1
OG0006660	XP_028522636.2	XP_006608545.1	XP_086765780.1	XP_043787898.1	XP_026295255.1	XP_020723613.2
OG0006661	XP_016917053.1	XP_006611824.1	XP_003689961.1	XP_043802304.1	XP_396350.2	XP_003395024.2
OG0006662	XP_016909407.1	XP_006620413.1	XP_003692354.1	XP_043793658.1	XP_393769.3	XP_003396915.1
OG0006663	XP_061943267.1	XP_006619973.1	XP_086767662.1	XP_043801308.1	XP_016773222.2	XP_012165613.1
OG0006664	XP_016917949.1	XP_006608839.1	XP_086763429.1	XP_043800666.1	XP_026297040.1	XP_003395981.1
OG0006665	XP_061937331.1	XP_006610702.1	XP_086769617.1	XP_043793240.1	XP_026297743.1	XP_048266029.1
OG0006666	XP_016908324.1	XP_006621386.1	XP_003693223.2	XP_043798959.1	XP_623897.1	XP_003398686.1
OG0006667	XP_016917146.1	XP_006617026.1	XP_012339829.1	XP_043785089.1	XP_006557330.1	XP_020719876.2
OG0006668	XP_016917481.1	XP_006608219.1	XP_012339770.1	XP_043788831.1	XP_016772008.1	XP_012172174.1
OG0006669	XP_061939820.1	XP_006609654.1	XP_031771641.2	XP_043794746.1	XP_006560440.2	XP_048267505.1
OG0006670	XP_016919883.1	XP_006616456.1	XP_031773314.2	XP_043791547.1	XP_393890.1	XP_003398615.2
OG0006671	XP_061934345.1	XP_006607536.1	XP_086761980.1	XP_043796727.1	XP_006563863.1	XP_003403078.1
OG0006672	XP_061929001.1	XP_006612116.1	XP_012350534.2	XP_043784003.1	XP_016766566.1	XP_020723312.1
OG0006673	XP_016907525.2	XP_006610527.1	XP_003690700.1	XP_043792889.1	XP_026300888.1	XP_003402784.1
OG0006674	XP_028523048.1	XP_006615621.2	XP_003698207.3	XP_043804079.1	XP_001122763.2	XP_003399896.1
OG0006675	XP_016917599.1	XP_006609960.1	XP_003691618.1	XP_043784204.1	XP_393365.3	XP_020720861.1
OG0006676	XP_016909335.1	XP_006621613.1	XP_003691935.1	XP_043798223.1	XP_026299807.1	XP_012169372.1
OG0006677	XP_016917609.1	XP_006616047.1	XP_086766677.1	XP_043784236.1	XP_393711.3	XP_003398237.1
OG0006678	XP_016903834.1	XP_006607842.1	XP_003690327.1	XP_043790015.1	XP_396167.1	XP_003397429.1
OG0006679	XP_016903785.1	XP_006613916.1	XP_003698313.1	XP_043787308.1	XP_392905.2	XP_003398181.1
OG0006680	XP_061937273.1	XP_006621917.1	XP_086769391.1	XP_043784687.1	XP_026299822.1	XP_012165873.1
OG0006681	XP_016918314.1	XP_006607636.1	XP_012342680.1	XP_043796857.1	XP_006564578.2	XP_012173007.1
OG0006682	XP_016910670.1	XP_006622217.1	XP_003691388.1	XP_043803010.1	XP_006561196.1	XP_012170064.2
OG0006683	XP_016916677.1	XP_006616754.1	XP_003694355.1	XP_043785988.1	XP_001120579.2	XP_003400751.1
OG0006684	XP_016915043.1	XP_006622591.1	XP_003697196.1	XP_043800775.1	XP_395844.3	XP_003402232.2
OG0006685	XP_061938198.1	XP_006619604.1	XP_012339389.1	XP_043798848.1	XP_006566652.1	XP_012168580.1
OG0006686	XP_016909962.1	XP_031367692.1	XP_031772632.2	XP_043797251.1	XP_016769113.2	XP_012173115.2
OG0006687	XP_016911249.1	XP_006609711.1	XP_003698786.1	XP_043800612.1	XP_006560985.1	XP_003394222.1
OG0006688	XP_061937548.1	XP_006624778.1	XP_086768640.1	XP_043790213.1	XP_006572329.1	XP_003399165.1
OG0006689	XP_016904137.1	XP_006607523.1	XP_086761973.1	XP_043796452.1	XP_624872.2	XP_003403063.1
OG0006690	XP_061928035.1	XP_006623631.2	XP_012346734.3	XP_043800848.1	XP_026302188.1	XP_048270285.1
OG0006691	XP_016916134.1	XP_006624404.1	XP_086768469.1	XP_043799222.1	XP_016773045.1	XP_003397186.1
OG0006692	XP_016904841.2	XP_006619149.1	XP_003698549.1	XP_043786919.1	XP_006565607.1	XP_012167941.1
OG0006693	XP_061927645.1	XP_006620681.1	XP_086762682.1	XP_043802617.1	XP_624420.3	XP_012174367.1
OG0006694	XP_016921744.2	XP_006624034.1	XP_003695726.1	XP_043798099.1	XP_016772854.2	XP_003398517.2
OG0006695	XP_016906440.2	XP_006614850.1	XP_086767312.1	XP_043800232.1	XP_623795.2	XP_012164806.1
OG0006696	XP_061931318.1	XP_006618188.1	XP_031774171.1	XP_043792320.1	XP_001121637.3	XP_003394516.2
OG0006697	XP_016910159.1	XP_006613658.1	XP_003696333.1	XP_043792692.1	XP_016767882.2	XP_003395679.1
OG0006698	XP_016916581.1	XP_006616787.1	XP_003694369.4	XP_043785254.1	XP_001119914.2	XP_003400669.1
OG0006699	XP_016913304.1	XP_031365333.1	XP_086769813.1	XP_043784541.1	XP_016770746.1	XP_003396473.2
OG0006700	XP_016920839.2	XP_006615449.1	XP_086768275.1	XP_043799318.1	XP_623847.3	XP_012175885.2
OG0006701	XP_016905937.1	XP_006613790.1	XP_012342488.2	XP_043801010.1	XP_006565404.1	XP_003396012.1
OG0006702	XP_016922853.1	XP_006611575.1	XP_003697505.1	XP_043793823.1	XP_397129.4	XP_003400839.1
OG0006703	XP_016906729.1	XP_006623396.1	XP_003696719.4	XP_043793325.1	XP_624984.1	XP_012164354.1
OG0006704	XP_016914601.1	XP_006615419.1	XP_003693065.1	XP_043804417.1	XP_394665.1	XP_048263737.1
OG0006705	XP_016907277.1	XP_006610423.1	XP_003690698.1	XP_043790464.1	XP_623807.3	XP_003394876.1
OG0006706	XP_016903784.1	XP_006613918.1	XP_003698300.1	XP_043787304.1	XP_003250476.1	XP_003398179.2
OG0006707	XP_061932321.1	XP_006613141.1	XP_086767054.1	XP_043799921.1	XP_006568301.1	XP_003396031.1
OG0006708	XP_016904406.1	XP_006613343.2	XP_031776281.2	XP_043790735.1	XP_001123127.4	XP_012174194.2
OG0006709	XP_016917751.1	XP_006623962.1	XP_012340223.1	XP_043802712.1	XP_006572414.1	XP_003395864.1
OG0006710	XP_061935048.1	XP_006610478.1	XP_003690652.1	XP_043792469.1	XP_001120202.2	XP_003402717.1
OG0006711	XP_016909981.1	XP_006610333.1	XP_012342663.1	XP_043796940.1	XP_006568074.2	XP_012172931.1
OG0006712	XP_016912276.1	XP_006613765.1	XP_012346190.1	XP_043792565.1	XP_006567817.1	XP_012173484.1
OG0006713	XP_061936651.1	XP_006612382.1	XP_003692785.1	XP_043791249.1	XP_006569721.1	XP_012173926.1
OG0006714	XP_016920771.1	XP_006618972.1	XP_031771824.2	XP_043795781.1	XP_026297500.1	XP_003396883.1
OG0006715	XP_016907341.1	XP_006610514.1	XP_003690696.1	XP_043786976.1	XP_395652.1	XP_003397974.1
OG0006716	XP_016918463.1	XP_006617469.1	XP_003690011.1	XP_043801860.1	XP_395052.1	XP_003394907.2
OG0006717	XP_016913412.1	XP_006615022.1	XP_003692340.2	XP_043784438.1	NP_001229473.1	XP_003396809.1
OG0006718	XP_016910166.2	XP_031365491.1	XP_031774304.2	XP_043793059.1	XP_006562242.2	XP_048262063.1
OG0006719	XP_016919475.1	XP_006608036.2	XP_003691125.1	XP_043801565.1	XP_003250386.3	XP_003398826.2
OG0006720	XP_061929759.1	XP_006615931.1	XP_012350775.1	XP_043788149.1	XP_026295986.1	XP_003399319.1
OG0006721	XP_016909585.1	XP_006609649.1	XP_031771642.2	XP_043794767.1	XP_391973.3	XP_003400099.1
OG0006722	XP_016913626.1	XP_006611110.1	XP_003695003.1	XP_043785395.1	XP_394004.2	XP_003400571.1
OG0006723	XP_016912511.1	XP_006609290.1	XP_012344993.1	XP_043790507.1	XP_006560719.1	XP_012172479.1
OG0006724	XP_016913179.1	XP_006618331.1	XP_003695331.1	XP_043794634.1	XP_393294.2	XP_003403286.1
OG0006725	XP_016917856.1	XP_006624803.1	XP_031771260.1	XP_043802733.1	XP_026296510.1	XP_048261958.1
OG0006726	XP_016912913.1	XP_006621166.1	XP_003696350.3	XP_043792648.1	XP_006570292.1	XP_012164113.1
OG0006727	XP_016917895.1	XP_031370161.1	XP_012340475.1	XP_043802657.1	XP_016767900.1	XP_012164402.1
OG0006728	XP_061943007.1	XP_006616169.1	XP_003695504.1	XP_043794492.1	XP_016771943.1	XP_003392942.1
OG0006729	XP_016916409.1	XP_006618818.1	XP_003690206.2	XP_043789389.1	XP_392518.1	XP_003397948.1
OG0006730	XP_061927547.1	XP_031364752.1	XP_086762733.1	XP_043798000.1	XP_026294864.1	XP_012174319.2
OG0006731	XP_016913137.1	XP_006613475.1	XP_086763536.1	XP_043804068.1	XP_026299984.1	XP_012170606.1
OG0006732	XP_016907983.2	XP_006614138.1	XP_003697239.1	XP_043798670.1	XP_391905.2	XP_012169016.1
OG0006733	XP_016909469.1	XP_006619720.1	XP_003694700.2	XP_043802181.1	XP_394680.3	XP_003394930.1
OG0006734	XP_016914544.1	XP_006617752.1	XP_086766081.1	XP_043784065.1	XP_395163.2	XP_003396794.1
OG0006735	XP_016913638.1	XP_006611068.1	XP_003695019.1	XP_043786022.1	XP_394993.2	XP_003400673.2
OG0006736	XP_016913476.1	XP_006624783.1	XP_012342880.3	XP_043802842.1	XP_026295896.1	XP_003395189.1
OG0006737	XP_016911201.1	XP_006609753.1	XP_003698766.1	XP_043788391.1	XP_392284.2	XP_012175995.1
OG0006738	XP_016903748.1	XP_006619216.1	XP_012344532.2	XP_043794045.1	NP_001207415.1	XP_012166492.1
OG0006739	XP_016906928.1	XP_006621849.1	XP_003696721.1	XP_043792834.1	XP_003251125.1	XP_003395808.1
OG0006740	XP_016912154.1	XP_006608090.1	XP_012345567.2	XP_043793483.1	XP_026296843.1	XP_003395470.1
OG0006741	XP_061937811.1	XP_006615162.1	XP_031771388.2	XP_043798548.1	NP_001265608.1	XP_012169081.2
OG0006742	XP_016906495.1	XP_006624719.1	XP_003695295.1	XP_043801616.1	XP_026297768.1	XP_048263567.1
OG0006743	XP_016917273.1	XP_006621798.1	XP_086765129.1	XP_043785404.1	XP_001122722.2	XP_020722315.2
OG0006744	XP_016909227.1	XP_006621619.1	XP_003691902.1	XP_043798505.1	XP_623891.2	XP_003399121.2
OG0006745	XP_016911911.1	XP_006615504.1	XP_086768744.1	XP_043784871.1	XP_016768675.1	XP_012165602.1
OG0006746	XP_016914747.1	XP_006624985.1	XP_086766424.1	XP_043795713.1	XP_006568387.1	XP_003396674.1
OG0006747	XP_061938777.1	XP_006620245.1	XP_086769188.1	XP_043795590.1	XP_016773151.1	XP_020719505.1
OG0006748	XP_016909541.1	XP_006619685.1	XP_003694601.1	XP_043801946.1	XP_624806.3	XP_012176729.1
OG0006749	XP_016913972.1	XP_006612038.1	XP_003695270.1	XP_043804153.1	XP_395319.2	XP_003399714.1
OG0006750	XP_061929339.1	XP_031369332.1	XP_086770014.1	XP_043795436.1	XP_026295256.1	XP_048260550.1
OG0006751	XP_061928276.1	XP_006608369.1	XP_003695457.2	XP_043788468.1	XP_016766826.1	XP_003394192.1
OG0006752	XP_061935762.1	XP_031370110.1	XP_003695740.3	XP_043791685.1	XP_026298627.1	XP_003403239.1
OG0006753	XP_016907584.1	XP_006610565.1	XP_012350208.2	XP_043793860.1	XP_006563314.1	XP_003402727.1
OG0006754	XP_061930785.1	XP_006611373.1	XP_086761016.1	XP_043793405.1	XP_006564243.2	XP_012163894.1
OG0006755	XP_061935535.1	XP_031367372.1	XP_086763129.1	XP_043789450.1	NP_001011602.1	XP_012166840.2
OG0006756	XP_028522909.1	XP_031369342.1	XP_086770022.1	XP_043795274.1	XP_026295122.1	XP_048260433.1
OG0006757	XP_016907483.2	XP_006610553.1	XP_003690645.2	XP_043787257.1	XP_006563321.2	XP_003402763.2
OG0006758	XP_061942521.1	XP_031368615.1	XP_012347874.2	XP_043786651.1	XP_026301495.1	XP_003402146.1
OG0006759	XP_016918589.1	XP_031370472.1	XP_012341925.1	XP_043796136.1	XP_006569637.2	XP_012165282.1
OG0006760	XP_016913235.1	XP_006618352.1	XP_003695346.1	XP_043794609.1	XP_394701.3	XP_003397371.1
OG0006761	XP_028524450.2	XP_006607648.1	XP_086762066.1	XP_043797364.1	XP_026297931.1	XP_003401911.1
OG0006762	XP_028521447.1	XP_031365802.1	XP_012343431.1	XP_043802037.1	XP_026295906.1	XP_012176701.1
OG0006763	XP_061933426.1	XP_006619318.1	XP_086764162.1	XP_043784295.1	XP_006557366.1	XP_012166231.2
OG0006764	XP_061932097.1	XP_031364836.1	XP_003692314.2	XP_043784367.1	XP_016768353.1	XP_012175297.1
OG0006765	XP_016909196.1	XP_006619533.1	XP_003691858.1	XP_043798153.1	XP_394978.3	XP_012169231.1
OG0006766	XP_061942508.1	XP_006623653.1	XP_012344215.2	XP_043789194.1	XP_006563163.3	XP_003399680.2
OG0006767	XP_016920282.2	XP_031368402.1	XP_003696855.3	XP_043802548.1	XP_016766389.1	XP_003394009.1
OG0006768	XP_028524485.2	XP_006623072.1	XP_003693496.2	XP_043796250.1	XP_006569700.2	XP_003396953.1
OG0006769	XP_016913724.1	XP_006617968.1	XP_003690153.1	XP_043791561.1	XP_003249325.1	XP_012170971.3
OG0006770	XP_061936996.1	XP_006613892.1	XP_086766702.1	XP_043784130.1	XP_016769807.1	XP_048265040.1
OG0006771	XP_016913291.2	XP_006622116.1	XP_012346027.1	XP_043792452.1	NP_001035359.1	XP_048262024.1
OG0006772	XP_016917178.1	XP_006618430.1	XP_003694789.1	XP_043785563.1	XP_394021.2	XP_003400611.1
OG0006773	XP_016919918.1	XP_006617398.1	XP_003695148.1	XP_043797801.1	XP_393883.3	XP_003400167.1
OG0006774	XP_061931553.1	XP_006618167.1	XP_003696580.2	XP_043792618.1	XP_397095.3	XP_003394281.1
OG0006775	XP_016905397.1	XP_006618884.1	XP_012338854.1	XP_043793547.1	XP_006557566.1	XP_012164924.1
OG0006776	XP_016904568.2	XP_031366920.1	XP_012343736.2	XP_043799301.1	XP_026301951.1	XP_048260016.1
OG0006777	XP_016914947.2	XP_006622609.1	XP_003697362.2	XP_043787192.1	XP_026299008.1	XP_003398507.1
OG0006778	XP_016915086.1	XP_006617265.1	XP_003692456.2	XP_043800076.1	XP_006570752.1	XP_012174784.1
OG0006779	XP_016918603.1	XP_006624657.1	XP_003693548.1	XP_043796120.1	XP_006569593.1	XP_003396339.1
OG0006780	XP_016922515.1	XP_006623162.1	XP_003697075.1	XP_043799367.1	XP_001120479.1	XP_012165485.1
OG0006781	XP_016915608.2	XP_006608664.1	XP_003693394.2	XP_043796714.1	XP_026297815.1	XP_012173353.2
OG0006782	XP_061942963.1	XP_006624897.1	XP_003695530.1	XP_043794129.1	NP_001265264.1	XP_048260225.1
OG0006783	XP_061934906.1	XP_006608716.1	XP_086762401.1	XP_043797331.1	XP_393403.3	XP_003401805.1
OG0006784	XP_061939122.1	XP_006613461.1	XP_012347087.1	XP_043803959.1	XP_026299979.1	XP_048266650.1
OG0006785	XP_016911899.1	XP_006616518.1	XP_003696227.1	XP_043793452.1	XP_006564273.1	XP_003395520.1
OG0006786	XP_016921187.1	XP_006607372.1	XP_003692576.1	XP_043786397.1	XP_006559506.1	XP_003403153.1
OG0006787	XP_061942500.1	XP_006623639.1	XP_003690127.1	XP_043789284.1	XP_397056.2	XP_003399667.1
OG0006788	XP_061930974.1	XP_006621859.1	XP_012346147.1	XP_043792793.1	XP_624576.1	XP_003395804.1
OG0006789	XP_016919180.1	XP_006612849.1	XP_003692709.1	XP_043794038.1	XP_392651.2	XP_003393310.1
OG0006790	XP_016913407.2	XP_006624999.1	XP_003692346.1	XP_043784479.1	XP_393353.2	XP_003396943.1
OG0006791	XP_061938090.1	XP_006613164.1	XP_003697580.1	XP_043788573.1	XP_006568200.1	XP_048263638.1
OG0006792	XP_016905252.1	XP_006615361.1	XP_003691507.1	XP_043799700.1	XP_394733.2	XP_003397331.1
OG0006793	XP_016909930.2	XP_006610321.1	XP_031772672.1	XP_043796942.1	XP_623213.1	XP_003403177.2
OG0006794	XP_016906224.1	XP_031368301.1	XP_003697292.1	XP_043804357.1	XP_026301929.1	XP_012175751.2
OG0006795	XP_061941462.1	XP_006609167.1	XP_012345119.2	XP_043790577.1	XP_026301213.1	XP_012172769.1
OG0006796	XP_061941424.1	XP_031370874.1	XP_012345272.2	XP_043790892.1	XP_006559095.2	XP_003401488.2
OG0006797	XP_016919231.1	XP_006612383.1	XP_003692779.1	XP_043791274.1	XP_003251420.1	XP_012173928.1
OG0006798	XP_061932762.1	XP_006620948.1	XP_003692419.3	XP_043800260.1	XP_395106.4	XP_012163113.1
OG0006799	XP_016915782.1	XP_006623094.1	XP_003698169.1	XP_043790142.1	XP_397266.3	XP_003398812.1
OG0006800	XP_061932358.1	XP_006620397.1	XP_012342462.1	XP_043800427.1	XP_026296924.1	XP_012167208.1
OG0006801	XP_016921660.1	XP_006610131.1	XP_012346893.1	XP_043789865.1	XP_006561897.1	XP_048264870.1
OG0006802	XP_016919769.1	XP_006622256.1	XP_003697757.1	XP_043795032.1	XP_001120025.2	XP_003397590.1
OG0006803	XP_016911036.1	XP_006618762.1	XP_086769940.1	XP_043795447.1	XP_006558451.1	XP_048260679.1
OG0006804	XP_061936362.1	XP_006623671.1	XP_031771655.2	XP_043786782.1	XP_026298922.1	XP_048265475.1
OG0006805	XP_016915922.1	XP_006609637.1	XP_086770511.1	XP_043794799.1	XP_026300381.1	XP_003400087.1
OG0006806	XP_016915508.1	XP_006608648.1	XP_003693351.1	XP_043796792.1	XP_396181.4	XP_012173332.1
OG0006807	XP_016914361.1	XP_006620958.1	XP_003692430.1	XP_043800275.1	XP_392962.1	XP_003394799.1
OG0006808	XP_016918425.1	XP_006614224.1	XP_086764326.1	XP_043803200.1	XP_001120448.3	XP_012175917.1
OG0006809	XP_016919813.1	XP_006613197.1	XP_086769344.1	XP_043788578.1	XP_006568186.1	XP_003396745.1
OG0006810	XP_016912558.1	XP_006616340.1	XP_003698614.1	XP_043787883.1	XP_026295466.1	XP_012176084.1
OG0006811	XP_016917876.1	XP_031370015.1	XP_012340297.3	XP_043802710.1	XP_026296876.1	XP_003395319.2
OG0006812	XP_016917372.2	XP_006614880.1	XP_003691030.2	XP_043803215.1	XP_003251445.2	XP_048260535.1
OG0006813	XP_016910135.1	XP_006623742.1	XP_012348524.1	XP_043792071.1	XP_006558692.1	XP_048264036.1
OG0006814	XP_016911057.1	XP_006611638.1	XP_012349023.1	XP_043795372.1	XP_396892.2	XP_020718251.2
OG0006815	XP_016905191.1	XP_006613004.1	XP_012340752.1	XP_043791251.1	XP_001119898.1	XP_003398070.1
OG0006816	XP_061936868.1	XP_031364767.1	XP_086766782.1	XP_043791020.1	XP_006562420.1	XP_003398405.1
OG0006817	XP_016909177.1	XP_031369260.1	XP_086761576.1	XP_043798601.1	XP_006570354.1	XP_012169386.1
OG0006818	XP_016908739.1	XP_006621433.1	XP_086761442.1	XP_043798473.1	XP_006570503.1	XP_012168652.2
OG0006819	XP_016921915.1	XP_006619439.1	XP_003694134.1	XP_043797320.1	XP_001120684.2	XP_012173042.2
OG0006820	XP_061935754.1	XP_031370334.1	XP_086771160.1	XP_043791896.1	XP_026298537.1	XP_020722847.1
OG0006821	XP_016914538.1	XP_006617757.1	XP_003693041.4	XP_043804404.1	XP_395378.4	XP_012165528.3
OG0006822	XP_016909852.1	XP_006617130.1	XP_086774060.1	XP_043789124.1	XP_006563445.1	XP_048268919.1
OG0006823	XP_016912001.1	XP_006619843.1	XP_003698453.1	XP_043795110.1	XP_396789.2	XP_003398965.1
OG0006824	XP_061933549.1	XP_006607754.1	XP_086764216.1	XP_043797522.1	XP_006558879.1	XP_003397118.1
OG0006825	XP_016905220.1	XP_006609138.1	XP_012344962.1	XP_043790768.1	XP_003249459.1	XP_012172752.1
OG0006826	XP_016915513.1	XP_006608719.1	XP_003693329.1	XP_043796591.1	XP_393035.1	XP_003401807.1
OG0006827	XP_016917115.1	XP_006620669.1	XP_003696923.1	XP_043797551.1	XP_006568839.1	XP_012173414.1
OG0006828	XP_016915047.1	XP_006620249.1	XP_031774679.2	XP_043800791.1	XP_006572080.2	XP_012168523.2
OG0006829	XP_061929948.1	XP_006614696.1	XP_003694730.1	XP_043802068.1	XP_001120788.1	XP_003394824.1
OG0006830	XP_016906806.1	XP_006623437.1	XP_031774377.1	XP_043792293.1	XP_392371.3	XP_003395847.1
OG0006831	XP_016904617.1	XP_006622475.1	XP_003696838.1	XP_043800071.1	XP_394331.2	XP_003393845.1
OG0006832	XP_016915186.1	XP_006617259.1	XP_086766917.1	XP_043800358.1	XP_026297344.1	XP_048262618.1
OG0006833	XP_061942921.1	XP_006607188.1	XP_086768078.1	XP_043794239.1	XP_006571573.2	XP_012166738.1
OG0006834	XP_016907219.1	XP_031363907.1	XP_086769853.1	XP_043790136.1	XP_623781.3	XP_003394868.1
OG0006835	XP_061927616.1	XP_031369447.1	XP_086762706.1	XP_043801591.1	XP_026294997.1	XP_048269132.1
OG0006836	XP_016909355.2	XP_006621633.1	XP_012339362.1	XP_043798170.1	XP_006566803.2	XP_012169344.1
OG0006837	XP_016910176.1	XP_006623714.1	XP_003698279.1	XP_043792046.1	XP_392585.4	XP_003397209.1
OG0006838	XP_016904576.1	XP_006616984.1	XP_003694928.1	XP_043799272.1	NP_001192152.1	XP_012164476.1
OG0006839	XP_016916058.1	XP_006624811.1	XP_086763964.1	XP_043798051.1	XP_006572212.1	XP_003399915.1
OG0006840	XP_016909783.1	XP_006617138.1	XP_086774061.1	XP_043788846.1	XP_006563441.2	XP_003401267.1
OG0006841	XP_061934991.1	XP_006624067.1	XP_003695431.2	XP_043796673.1	XP_026298147.1	XP_048269709.1
OG0006842	XP_016918480.1	XP_006624590.1	XP_003693509.1	XP_043796059.1	XP_392132.1	XP_012165266.1
OG0006843	XP_061933093.1	XP_031367917.1	XP_086766141.1	XP_043795861.1	XP_006565158.1	XP_020719229.2
OG0006844	XP_016911110.2	XP_006624490.1	XP_012342070.3	XP_043784416.1	XP_026299698.1	XP_048263281.1
OG0006845	XP_061940842.1	XP_006621797.1	XP_003694767.3	XP_043785405.1	XP_006565648.2	XP_003400441.3
OG0006846	XP_016910348.3	XP_006622229.1	XP_003691382.1	XP_043803171.1	XP_001121250.4	XP_003394070.1
OG0006847	XP_061928146.1	XP_006624642.1	XP_086769076.1	XP_043796157.1	XP_006569607.1	XP_048262970.1
OG0006848	XP_061931292.1	XP_006618162.1	XP_012346195.3	XP_043792700.1	XP_006567666.1	XP_003394270.2
OG0006849	XP_061938668.1	XP_006608935.1	XP_086767734.1	XP_043792852.1	XP_026299960.1	XP_020721409.2
OG0006850	XP_016904193.2	XP_031371270.1	XP_086767432.1	XP_043794003.1	XP_026300104.1	XP_020722683.2
OG0006851	XP_016909535.1	XP_006621047.1	XP_012344840.2	XP_043791723.1	NP_001265259.1	XP_003401948.1
OG0006852	XP_016917923.1	XP_006616815.1	XP_086772691.1	XP_043787315.1	XP_001122025.2	XP_003398314.1
OG0006853	XP_061929282.1	XP_006615566.1	XP_012349392.2	XP_043791658.1	XP_396123.6	XP_003394122.2
OG0006854	XP_016919912.2	XP_006616478.2	XP_012343924.3	XP_043791498.1	XP_026300426.1	XP_012170949.2
OG0006855	XP_016904382.2	XP_006607990.1	XP_012350018.2	XP_043795534.1	XP_006557417.1	XP_003396857.1
OG0006856	XP_061938223.1	XP_006619500.1	XP_012339474.2	XP_043798510.1	XP_006566679.1	XP_003398662.1
OG0006857	XP_016917173.1	XP_006618427.1	XP_003694797.4	XP_043785483.1	XP_624376.1	XP_012171561.2
OG0006858	XP_061929186.1	XP_006619475.1	XP_003690961.3	XP_043784365.1	XP_623937.2	XP_003402870.1
OG0006859	XP_016904651.2	XP_006612464.1	XP_003693794.3	XP_043791038.1	XP_003250076.3	XP_020720654.1
OG0006860	XP_028520126.1	XP_031366939.1	XP_086769203.1	XP_043795584.1	NP_001229483.1	XP_020719502.1
OG0006861	XP_016921926.1	XP_006619373.1	XP_012342526.1	XP_043797193.1	XP_006564642.1	XP_048269221.1
OG0006862	XP_016919550.1	XP_031370300.1	XP_086768633.1	XP_043790125.1	NP_001265256.1	XP_012169448.1
OG0006863	XP_016914703.1	XP_006611163.1	XP_003693026.2	XP_043795928.1	XP_026297445.1	XP_012166123.1
OG0006864	XP_028521200.2	XP_031365564.1	XP_086771901.1	XP_043798906.1	XP_026299408.1	XP_003398916.1
OG0006865	XP_016916446.2	XP_006608590.1	XP_003690273.2	XP_043789831.1	XP_006567388.1	XP_012167627.1
OG0006866	XP_061943012.1	XP_006616131.1	XP_086768021.1	XP_043794265.1	XP_026298580.1	XP_003392873.1
OG0006867	XP_061931550.1	XP_031369733.1	XP_086772976.1	XP_043803712.1	XP_016766875.1	XP_012163662.1
OG0006868	XP_061941655.1	XP_006609349.1	XP_012345204.1	XP_043790859.1	XP_006560763.1	XP_048268514.1
OG0006869	XP_061933963.1	XP_031370864.1	XP_086773447.1	XP_043786342.1	XP_006559546.1	XP_048269233.1
OG0006870	XP_061927950.1	XP_006622254.1	XP_012351138.2	XP_043802953.1	XP_026295020.1	XP_012175801.2
OG0006871	XP_061933713.1	XP_006624514.1	XP_012344234.1	XP_043801658.1	XP_006572216.1	XP_048263349.1
OG0006872	XP_028521548.2	XP_031369242.1	XP_086761360.1	XP_043799191.1	XP_006570521.1	XP_048266038.1
OG0006873	XP_016912894.2	XP_006616261.1	XP_012349277.1	XP_043787713.1	XP_006563992.1	XP_012176572.1
OG0006874	XP_061937114.1	XP_006625005.1	XP_012340076.1	XP_043784439.1	XP_624226.2	XP_003396941.1
OG0006875	XP_028521363.1	XP_006618048.1	XP_031773704.2	XP_043791757.1	XP_026298465.1	XP_012172894.2
OG0006876	XP_016922615.1	XP_006619959.1	XP_086767661.1	XP_043801335.1	XP_026298382.1	XP_003393196.1
OG0006877	XP_061927922.1	XP_006622200.1	XP_086771392.1	XP_043803067.1	XP_016766181.1	XP_003393584.1
OG0006878	XP_061938702.1	XP_006616238.1	XP_086767765.1	XP_043804211.1	XP_026300191.1	XP_048267020.1
OG0006879	XP_061943077.1	XP_006608355.1	XP_031773534.2	XP_043794342.1	XP_006571742.2	XP_048268823.1
OG0006880	XP_061931063.1	XP_031370193.1	XP_086772913.1	XP_043803677.1	XP_026301893.1	XP_020722323.1
OG0006881	XP_016910534.1	XP_031369721.1	XP_012351077.1	XP_043802999.1	XP_006565909.1	XP_020724005.1
OG0006882	XP_016913427.2	XP_006615015.1	XP_003692344.2	XP_043784619.1	XP_026299558.1	XP_012165947.1
OG0006883	XP_016908149.1	XP_006618543.1	XP_003691554.2	XP_043799563.1	XP_026298128.1	XP_003397040.1
OG0006884	XP_061937015.1	XP_031365438.1	XP_086770130.1	XP_043787303.1	XP_016769827.2	XP_048265310.1
OG0006885	XP_061934509.1	XP_031364016.1	XP_086762072.1	XP_043797159.1	XP_006564587.1	XP_012173018.1
OG0006886	XP_061942142.1	XP_031369549.1	XP_003698067.1	XP_043791970.1	XP_624690.4	XP_003399444.3
OG0006887	XP_016903915.2	XP_006618268.1	XP_003696939.1	XP_043797471.1	XP_006568821.1	XP_003393700.1
OG0006888	XP_016915927.1	XP_006609624.1	XP_012340521.2	XP_043794737.1	NP_001071281.1	XP_012170704.1
OG0006889	XP_061941648.1	XP_031370822.1	XP_086773938.1	XP_043790407.1	XP_006560751.3	XP_048268539.1
OG0006890	XP_061931756.1	XP_031367078.1	XP_012340230.2	XP_043802826.1	XP_016767742.2	XP_020718804.1
OG0006891	XP_016912831.1	XP_006616260.1	XP_012349280.1	XP_043787717.1	XP_392779.3	XP_003394611.3
OG0006892	XP_016903914.1	XP_006609042.1	XP_012346423.1	XP_043798231.1	XP_026294630.1	XP_003393686.1
OG0006893	XP_016907652.1	XP_006610546.1	XP_003690682.1	XP_043785826.1	NP_001128414.1	XP_012174446.2
OG0006894	XP_016908005.1	XP_031365551.1	XP_003697237.1	XP_043798296.1	XP_006566407.2	XP_003398904.1
OG0006895	XP_016917978.1	XP_006608836.1	XP_003693934.3	XP_043800761.1	XP_026297298.1	XP_003396116.1
OG0006896	XP_016905222.2	XP_006609149.1	XP_086758831.1	XP_043790513.1	XP_006559263.1	XP_003401504.2
OG0006897	XP_016910668.1	XP_031371167.1	XP_086762523.1	XP_043799204.1	XP_016766228.1	XP_003393810.1
OG0006898	XP_016909781.1	XP_006620318.1	XP_031773745.2	XP_043790512.1	XP_006561099.1	XP_003401237.1
OG0006899	XP_061942414.1	XP_006611282.1	XP_086772141.1	XP_043786542.1	XP_006559452.1	XP_048267069.1
OG0006900	XP_016912797.1	XP_006612086.1	XP_003690893.1	XP_043787612.1	XP_016766675.1	XP_003399201.1
OG0006901	XP_016917135.1	XP_031366949.1	XP_003692195.1	XP_043786755.1	XP_026297809.1	XP_003397303.1
OG0006902	XP_016913881.2	XP_006621861.1	XP_012346144.1	XP_043792710.1	XP_026296639.1	XP_003395799.1
OG0006903	XP_016907953.1	XP_006608785.1	XP_003693956.3	XP_043800732.1	XP_001121092.2	XP_003396066.2
OG0006904	XP_028522820.1	XP_006619784.1	XP_003698937.1	XP_043785102.1	XP_003249576.2	XP_003397236.1
OG0006905	XP_016914341.1	XP_006624434.1	XP_003692423.1	XP_043799953.1	XP_001120416.2	XP_012163133.1
OG0006906	XP_016919572.1	XP_006624822.1	XP_012350835.1	XP_043797932.1	XP_006557346.1	XP_003399854.1
OG0006907	XP_016913530.1	XP_006610939.1	XP_003694373.1	XP_043785193.1	XP_393973.2	XP_012171496.1
OG0006908	XP_016914963.1	XP_006621145.1	XP_003698555.1	XP_043787003.1	XP_624836.1	XP_012167997.1
OG0006909	XP_016914847.1	XP_006621317.1	XP_012347032.1	XP_043787351.1	XP_006566065.1	XP_003398305.2
OG0006910	XP_061936484.1	XP_006610626.1	XP_086769677.1	XP_043786104.1	XP_006563278.1	XP_012165012.1
OG0006911	XP_016922954.1	XP_006618233.1	XP_086764590.1	XP_043800934.1	XP_006557708.2	XP_003393637.1
OG0006912	XP_016921780.1	XP_006617738.1	XP_003695708.1	XP_043798072.1	XP_006572254.1	XP_003403428.1
OG0006913	XP_016916668.1	XP_006616774.1	XP_003694362.1	XP_043785441.1	XP_624896.1	XP_012171674.1
OG0006914	XP_061926860.1	XP_006615448.1	XP_003694917.1	XP_043799324.1	XP_623813.1	XP_003393181.1
OG0006915	XP_016907217.1	XP_006609490.2	XP_086769428.1	XP_043790441.1	XP_006561989.1	XP_003397448.1
OG0006916	XP_016919009.1	XP_006617458.1	XP_003690013.1	XP_043801876.1	XP_396588.2	XP_003394894.1
OG0006917	XP_016919794.1	XP_006613216.1	XP_086769314.1	XP_043788592.1	XP_396914.2	XP_003398713.1
OG0006918	XP_016921261.1	XP_006622958.1	XP_031775336.2	XP_043803440.1	XP_393322.1	XP_003393070.1
OG0006919	XP_016905201.1	XP_006609132.1	XP_086758846.1	XP_043790308.1	XP_006559251.1	XP_003401496.1
OG0006920	XP_016919114.1	XP_006616168.1	XP_003695519.1	XP_043794493.1	XP_001120360.1	XP_003392945.1
OG0006921	XP_016915506.1	XP_006608673.1	XP_012341482.1	XP_043796735.1	XP_393135.2	XP_003401787.1
OG0006922	XP_061938676.1	XP_006608940.1	XP_003698366.1	XP_043793475.1	XP_001119826.1	XP_003399909.1
OG0006923	XP_016916005.1	XP_006615098.1	XP_003691179.1	XP_043797862.1	XP_003249153.1	XP_003396083.1
OG0006924	XP_016917678.1	XP_006608179.1	XP_012339781.1	XP_043789096.1	XP_006563657.1	XP_003401193.1
OG0006925	XP_016912932.1	XP_006608528.1	XP_003691054.1	XP_043787706.1	XP_003251155.1	XP_003394705.1
OG0006926	XP_016916356.1	XP_006611254.1	XP_003691204.1	XP_043786636.1	XP_006559465.1	XP_012169846.1
OG0006927	XP_016917160.1	XP_006620089.1	XP_003695278.1	XP_043794639.1	XP_001120920.1	NP_001267845.1
OG0006928	XP_016920720.2	XP_006619269.2	XP_003690092.1	XP_043801176.1	XP_624821.1	XP_003400694.1
OG0006929	XP_016908543.1	XP_031369868.1	XP_012342789.1	XP_043785023.1	XP_394854.2	XP_012168074.1
OG0006930	XP_016904587.2	XP_006610340.1	XP_003694062.1	XP_043796416.1	XP_003251167.1	XP_012172941.1
OG0006931	XP_016911958.1	XP_006619828.1	XP_003698444.1	XP_043795224.1	NP_001011587.1	XP_003398978.1
OG0006932	XP_016921116.1	XP_006607392.1	XP_086773412.1	XP_043786339.1	NP_001167614.1	XP_003403166.1
OG0006933	XP_016905544.1	XP_006620985.1	XP_012348820.1	XP_043795060.1	XP_006561728.1	XP_048264500.1
OG0006934	XP_016914098.1	XP_006612016.1	XP_086763682.1	XP_043803955.1	XP_006567037.1	XP_003399707.1
OG0006935	XP_061930106.1	XP_006619757.1	XP_086759677.1	XP_043802002.1	XP_394987.4	XP_048261516.1
OG0006936	XP_016903952.1	XP_006607815.1	XP_003698694.1	XP_043788432.1	XP_001121282.3	XP_003394463.1
OG0006937	XP_061937982.1	XP_006613246.2	XP_012347369.1	XP_043788582.1	XP_026298716.1	XP_003396733.1
OG0006938	XP_016919434.1	XP_006617078.1	XP_012345047.1	XP_043789117.1	XP_026301184.1	XP_003401125.1
OG0006939	XP_061929229.1	XP_006611949.1	XP_012341621.1	XP_043791129.1	XP_624620.2	XP_012175848.1
OG0006940	XP_016915707.1	XP_031370244.1	XP_086759624.1	XP_043797399.1	XP_016767446.1	XP_003395129.1
OG0006941	XP_016915220.1	XP_006617201.1	XP_003692383.1	XP_043799893.1	XP_393034.1	XP_003402299.1
OG0006942	XP_016918538.1	XP_006624605.1	XP_003693532.2	XP_043796084.1	XP_623506.1	XP_012165298.2
OG0006943	XP_061936841.1	XP_006612127.1	XP_003695681.1	XP_043795643.1	XP_623106.1	XP_003398378.1
OG0006944	XP_016920509.1	XP_006620476.1	XP_086772529.1	XP_043787106.1	XP_393683.4	XP_003398547.1
OG0006945	XP_016920529.1	XP_006616865.1	XP_003692770.1	XP_043786985.1	NP_001172073.1	XP_003403334.1
OG0006946	XP_016904261.1	XP_006613336.1	XP_003690570.1	XP_043792944.1	XP_001120364.1	XP_003402444.1
OG0006947	XP_016910251.1	XP_006614025.2	XP_012345768.2	XP_043793341.1	XP_006562215.1	XP_012164219.1
OG0006948	XP_016905405.1	XP_031367862.1	XP_012339202.1	XP_043793637.1	XP_006557554.1	XP_012164947.1
OG0006949	XP_016917783.1	XP_006624289.1	XP_003689876.1	XP_043802833.1	XP_624256.1	XP_003395306.1
OG0006950	XP_061933569.1	XP_006620142.1	XP_086759075.1	XP_043801486.1	XP_624038.2	XP_048264142.1
OG0006951	XP_016911915.1	XP_031364342.1	XP_012346236.1	XP_043792409.1	XP_001122174.1	XP_003395379.1
OG0006952	XP_016907228.1	XP_006609458.1	XP_012349771.1	XP_043790477.1	XP_006561975.1	XP_012168932.1
OG0006953	XP_016922889.1	XP_006611546.1	XP_003697517.1	XP_043793687.1	XP_625104.2	XP_048267609.1
OG0006954	XP_016908268.1	XP_006618555.1	XP_003691551.1	XP_043799503.1	XP_001120524.1	XP_003397048.1
OG0006955	XP_016911341.1	XP_006620281.1	XP_012348957.2	XP_043787956.1	XP_006560961.1	XP_012176057.2
OG0006956	XP_061929992.1	XP_006619668.1	XP_003694598.1	XP_043802421.1	XP_392330.1	XP_048261574.1
OG0006957	XP_016906642.2	XP_006623943.1	XP_086760877.1	XP_043793120.1	XP_006565645.2	XP_012164051.1
OG0006958	XP_061939096.1	XP_006612002.1	XP_003695237.1	XP_043804015.1	XP_001122510.2	XP_003399930.1
OG0006959	XP_061929797.1	XP_006610234.1	XP_003689637.1	XP_043788081.1	XP_016767411.1	XP_003400429.1
OG0006960	XP_016911783.1	XP_006616532.1	XP_003696202.1		XP_006564279.1	XP_012163807.1, XP_012163951.1
OG0006961	XP_061931172.1	XP_006618600.1	XP_012346307.2	XP_043792627.1	XP_006567755.2	XP_003401954.1
OG0006962	XP_016914036.1	XP_006615653.1	XP_003695223.1	XP_043804202.1	XP_006565264.1	XP_003399883.1
OG0006963	XP_016914930.1	XP_031369599.1	XP_003697333.1	XP_043787232.1	XP_623050.1	XP_003398498.1
OG0006964	XP_016913042.1	XP_006622149.1	XP_012345646.1	XP_043793278.1	XP_006570299.1	XP_012164091.1
OG0006965	XP_061942676.1	XP_006620625.1	XP_003697881.1	XP_043784630.1	XP_624943.3	XP_012173811.1
OG0006966	XP_016905958.1	XP_006607906.1	XP_003690352.1	XP_043789333.1	NP_001011604.2	XP_003397407.1
OG0006967	XP_016922842.1	XP_031364352.1	XP_012347263.2	XP_043793665.1	XP_016771850.1	XP_012171885.1
OG0006968	XP_016911309.1	XP_006609762.1	XP_003698760.1	XP_043788411.1	XP_624001.1	XP_003394200.1
OG0006969	XP_016908705.1	XP_006616217.1	XP_003690105.1	XP_043801150.1	XP_396561.1	XP_003400810.1
OG0006970	XP_061929358.1	XP_006621998.1	XP_012349083.1	XP_043795334.1	XP_624976.2	XP_048260005.1
OG0006971	XP_016911758.1	XP_006611395.1	XP_086761028.1	XP_043793115.1	XP_006564233.1	XP_012163881.1
OG0006972	XP_016919481.1	XP_006608032.1	XP_003691126.1	XP_043801572.1	XP_026299779.1	XP_012168785.3
OG0006973	XP_016909869.1	XP_006620324.1	XP_003696066.1	XP_043790524.1	XP_623160.1	XP_003401234.1
OG0006974	XP_016916976.1	XP_006608132.1	XP_003692079.1	XP_043789057.1	XP_393112.2	XP_020722717.1
OG0006975	XP_016918730.1	XP_006614201.1	XP_012350407.1	XP_043784208.1	XP_006569316.1	XP_003394136.1
OG0006976	XP_016908963.1	XP_006621652.1	XP_003691898.1	XP_043798405.1	XP_006566787.1	XP_003399097.2
OG0006977	XP_061939460.1	XP_006621192.1	XP_003695069.4	XP_043797697.1	XP_396744.4	XP_003400151.1
OG0006978	XP_061931680.1	XP_006608624.1	XP_003689802.1	XP_043802736.1	XP_006572172.1	XP_012164464.1
OG0006979	XP_016904011.1	XP_006623759.1	XP_012348613.3	XP_043790297.1	XP_393370.4	XP_012171935.1
OG0006980	XP_016919919.1	XP_006617400.1	XP_003695146.1	XP_043797800.1	XP_006557879.1	XP_012170915.1
OG0006981	XP_016903820.1	XP_006618260.1	XP_003696943.1	XP_043798502.1	XP_006568814.1	XP_012172943.1
OG0006982	XP_016913840.1	XP_006609575.1	XP_003690861.4	XP_043794917.1	XP_391960.2	XP_003400268.2
OG0006983	XP_016913902.1	XP_006615627.1	XP_003698247.1	XP_043804031.1	XP_392692.2	XP_020721522.1
OG0006984	XP_016916370.1	XP_006622761.1	XP_012350916.2	XP_043797838.1	XP_016772611.1	XP_012173640.1
OG0006985	XP_028520309.2	XP_031364096.1	XP_012340918.3	XP_043800492.1	XP_001120551.1	XP_003403263.1
OG0006986	XP_016911271.1	XP_006620277.1	XP_031775946.2	XP_043787838.1	XP_003249761.1	XP_003394231.2
OG0006987	XP_016917733.1	XP_006608626.1	XP_012340252.3	XP_043802790.1	XP_026296549.1	XP_003395332.3
OG0006988	XP_016915853.1	XP_006616035.1	XP_031776360.1	XP_043788134.1	NP_001229398.1	XP_003395066.1
OG0006989	XP_016910808.1	XP_006624963.1	XP_086768805.1	XP_043797759.1	XP_006571886.1	XP_012176667.1
OG0006990	XP_061941874.1	XP_006624102.1	XP_012344640.1	XP_043794476.1	XP_006571393.1	XP_012176457.1
OG0006991	XP_016922762.1	XP_006611581.1	XP_003697522.1	XP_043793711.1	XP_392722.1	XP_003393371.1
OG0006992	XP_016912041.1	XP_006615914.1	XP_012348837.1	XP_043795200.1	XP_006564450.1	XP_003398987.1
OG0006993	XP_061936998.1	XP_006613875.1	XP_086766706.1	XP_043784140.1	XP_006562876.1	XP_020720693.2
OG0006994	XP_016911240.1	XP_006609723.1	XP_003698781.1	XP_043800601.1	XP_396758.1	XP_003394216.1
OG0006995	XP_016918811.2	XP_006616145.2	XP_086768034.1	XP_043794150.1	XP_026298566.1	XP_003392871.1
OG0006996	XP_061931311.1	XP_006618177.1	XP_003696390.2	XP_043792848.1	XP_624243.3	XP_012174268.1
OG0006997	XP_016906742.1	XP_006616550.1	XP_003696793.2	XP_043792964.1	XP_006564800.1	XP_003395595.1
OG0006998	XP_061942268.1	XP_031369670.1	XP_086772249.1	XP_043797863.1	XP_026301648.1	XP_012170136.2
OG0006999	XP_016908269.2	XP_006618560.1	XP_003691517.4	XP_043799505.1	XP_016769238.1	XP_003397129.2
OG0007000	XP_016921082.1	XP_006615956.1	XP_031774482.1	XP_043788132.1	XP_006560666.1	XP_012163073.1
OG0007001	XP_016904157.3	XP_031371300.1	XP_086767150.1	XP_043793868.1	XP_006558396.1	XP_012172349.1
OG0007002	XP_016920540.2	XP_031370145.1	XP_031771696.1	XP_043787067.1	XP_393685.3	XP_003398138.2
OG0007003	XP_016910173.2	XP_006614039.1	XP_031774159.2	XP_043792963.1	XP_006562250.1	XP_048261976.1
OG0007004	XP_016916970.1	XP_006611730.1	XP_003689920.1	XP_043802107.1	XP_001121220.1	XP_012174148.2
OG0007005	XP_061930280.1	XP_031369640.1	XP_012348219.2	XP_043803409.1	NP_001265258.1	XP_048264871.1
OG0007006	XP_016908085.1	XP_006623780.1	XP_012342828.3	XP_043802899.1	XP_006557405.1	XP_003395162.2
OG0007007	XP_016914129.1	XP_006616357.1	XP_003698805.2	XP_043787774.1	XP_393151.1	XP_003394246.1
OG0007008	XP_016916358.1	XP_006615096.1	XP_012350923.1	XP_043797858.1	XP_624933.3	XP_012173663.1
OG0007009	XP_061936317.1	XP_031363991.1	XP_031776031.2	XP_043791380.1	XP_026302051.1	XP_003396211.4
OG0007010	XP_028524947.2	XP_006622351.1	XP_003696824.1	XP_043798489.1	XP_001121513.2	XP_012174801.2
OG0007011	XP_061935329.1	XP_006607873.1	XP_012348282.1	XP_043789992.1	XP_006561768.2	XP_012167591.1
OG0007012	XP_016914723.1	XP_031366016.1	XP_031771318.1	XP_043799141.1	XP_006566358.1	XP_048266421.1
OG0007013	XP_061927298.1	XP_031369528.1	XP_086762568.1	XP_043802531.1	XP_006569098.1	XP_048270099.1
OG0007014	XP_016911865.1	XP_006611429.1	XP_003696264.2	XP_043793205.1	XP_006562156.1	XP_003395416.4
OG0007015	XP_016910659.1	XP_006615777.1	XP_003691350.1	XP_043803077.1	XP_006564290.2	XP_003393540.2
OG0007016	XP_028522698.1	XP_006617501.1	XP_086765710.1	XP_043788036.1	XP_026295381.1	XP_003394565.1
OG0007017	XP_016912007.1	XP_006623012.1	XP_086773100.1	XP_043794960.1	XP_026299850.1	XP_012169187.1
OG0007018	XP_061927238.1	XP_006622401.1	XP_003697059.3	XP_043797775.1	XP_623133.4	XP_003393876.3
OG0007019	XP_016913653.1	XP_006611049.1	XP_003695032.1	XP_043785368.1	XP_393352.2	XP_003400761.1
OG0007020	XP_016909975.1	XP_006610329.1	XP_031772722.2	XP_043797141.1	XP_006568070.1	XP_003403180.1
OG0007021	XP_061929026.1	XP_006613529.1	XP_086764374.1	XP_043802607.1	XP_006568516.1	XP_012174670.1
OG0007022	XP_016918098.1	XP_006613912.1	XP_003689597.2	XP_043786826.1	XP_623120.1	XP_003398200.1
OG0007023	XP_061937526.1	XP_031370315.1	XP_086768626.1	XP_043790148.1	XP_006571897.1	XP_012169452.1
OG0007024	XP_016906136.1	XP_006610835.1	XP_012347155.2	XP_043804026.1	XP_006566943.1	XP_012170304.1
OG0007025	XP_016918399.1	XP_006607630.1	XP_003694233.3	XP_043797327.1	XP_392681.2	XP_012173006.2
OG0007026	XP_016918526.1	XP_006624669.1	XP_003693551.1	XP_043796104.1	XP_016771171.1	XP_003396342.3
OG0007027	XP_016913985.1	XP_006615684.1	XP_086763869.1	XP_043804036.1	XP_006565281.1	XP_020721583.1
OG0007028	XP_016912320.1	XP_031367537.1	XP_003696564.1	XP_043792223.1	XP_394596.2	XP_003399571.1
OG0007029	XP_061941490.1	XP_006609162.1	XP_012345137.2	XP_043790592.1	XP_006559268.1	XP_003401518.1
OG0007030	XP_016919715.2	XP_006607737.1	XP_086764117.1	XP_043797543.1	XP_397270.3	XP_003397233.1
OG0007031	XP_016920838.1	XP_006615450.1	XP_003694919.2	XP_043799314.1	XP_623870.2	XP_003393180.2
OG0007032	XP_016904166.1	XP_006610183.1	XP_003696184.2	XP_043793985.1	NP_001106756.1	XP_003401591.1
OG0007033	XP_061932683.1	XP_031367015.1	XP_086766850.1	XP_043800077.1	XP_026297120.1	XP_048262782.1
OG0007034	XP_016912074.1	XP_006619848.1	XP_086766563.1	XP_043795262.1	XP_396284.2	XP_003399244.3
OG0007035	XP_061936128.1	XP_006621146.1	XP_086773236.1	XP_043786797.1	XP_393700.2	XP_012167994.1
OG0007036	XP_016909671.2	XP_006607150.1	XP_003694551.1	XP_043794713.1	XP_001120037.2	XP_048267318.1
OG0007037	XP_061937519.1	XP_031370311.1	XP_012348416.2	XP_043790091.1	XP_006571900.1	XP_012169460.2
OG0007038	XP_016922935.1	XP_006618221.1	XP_003697128.1	XP_043797378.1	XP_016766441.1	XP_012172035.1
OG0007039	XP_016915164.2	XP_006617195.2	XP_086767069.1	XP_043800229.1	XP_016768172.2	XP_003402277.1
OG0007040	XP_016919352.1	XP_006608275.2	XP_012339704.2	XP_043788892.1	XP_625205.1	XP_003401078.1
OG0007041	XP_016904940.1	XP_006619029.1	XP_031771868.1	XP_043800486.1	XP_006562631.2	XP_003403260.2
OG0007042	XP_061927063.1	XP_006615216.1	XP_012351050.2	XP_043802952.1	NP_001229912.1	XP_012175610.2
OG0007043	XP_061935283.1	XP_031365791.1	XP_012347690.1	XP_043789433.1	XP_001120297.2	XP_003398033.1
OG0007044	XP_016914630.1	XP_006616394.1	XP_012341126.2	XP_043795894.1	XP_006568414.1	XP_003396661.2
OG0007045	XP_016913431.1	XP_031365973.1	XP_031771436.2	XP_043784512.1	XP_016770793.1	XP_048263807.1
OG0007046	XP_016915673.1	XP_006608671.1	XP_003693400.1	XP_043796609.1	XP_624277.2	XP_003401777.1
OG0007047	XP_016906173.1	XP_006624242.1	XP_003694641.1	XP_043802393.1	XP_016767277.1	XP_003394976.1
OG0007048	XP_016904996.1	XP_006619059.1	XP_086766261.1	XP_043800578.1	XP_006564331.1	XP_012175232.1
OG0007049	XP_016919275.1	XP_031370673.1	XP_003692892.1	XP_043791272.1	XP_026299251.1	XP_003403355.1
OG0007050	XP_016917682.1	XP_006624881.1	XP_003693759.1	XP_043801452.1	XP_001123012.2	XP_003402590.2
OG0007051	XP_016920780.1	XP_006621241.1	XP_003697460.2	XP_043790037.1	XP_001120815.2	XP_003400918.2
OG0007052	XP_016908804.1	XP_031365803.1	XP_086760144.1	XP_043801707.1	XP_006562719.1	XP_012176698.2
OG0007053	XP_028522525.2	XP_031367539.1	XP_012346261.1	XP_043792795.1	XP_006569545.1	XP_003402581.2
OG0007054	XP_061927099.1	XP_006622899.1	XP_003691296.2	XP_043803353.1	XP_006565917.1	XP_012175668.1
OG0007055	XP_016911465.1	XP_006612322.1	XP_012339689.1	XP_043788999.1	XP_006563700.1	XP_012171998.1
OG0007056	XP_016909256.2	XP_006619607.1	XP_086761301.1	XP_043798479.1	XP_006566617.1	XP_003399354.2
OG0007057	XP_016911259.1	XP_006609759.1	XP_012349218.3	XP_043788436.1	XP_026295591.1	XP_012175985.2
OG0007058	XP_061932256.1	XP_006613804.1	XP_012342270.2	XP_043801000.1	XP_006565410.2	XP_048262276.1
OG0007059	XP_016914992.1	XP_006622590.1	XP_003697195.2	XP_043800776.1	XP_395972.4	XP_003402233.1
OG0007060	XP_016916079.1	XP_006622787.2	XP_012350804.2	XP_043797931.1	XP_396972.6	XP_020721718.2
OG0007061	XP_016906768.1	XP_006616621.1	XP_003696768.1	XP_043793187.1	XP_003250517.1	XP_003395574.2
OG0007062	XP_016905611.1	XP_006619197.1	XP_003698509.1	XP_043786993.1	XP_001120034.1	XP_003398170.1
OG0007063	XP_016915520.1	XP_006621979.1	XP_003695442.3	XP_043796934.1	XP_396646.1	XP_003397994.2
OG0007064	XP_061926915.1	XP_031366360.1	XP_086771486.1	XP_043803108.1	XP_006561239.1	XP_003393748.1
OG0007065	XP_016915920.1	XP_006609609.1	XP_012340488.1	XP_043794784.1	XP_006560471.1	XP_012170681.1
OG0007066	XP_016913616.1	XP_006610977.1	XP_003694386.1	XP_043785278.1	XP_393984.2	XP_012171593.1
OG0007067	XP_016912537.2	XP_006609335.1	XP_003696014.1	XP_043790411.1	XP_392893.3	XP_012172501.1
OG0007068	XP_028522035.1	XP_006615179.1	XP_086771277.1	XP_043803133.1	XP_006565974.1	XP_048265944.1
OG0007069	XP_016919027.1	XP_006614908.1	XP_012344472.1	XP_043794575.1	XP_006571593.2	XP_048260124.1
OG0007070	XP_016910906.1	XP_006611674.1	XP_003698679.1	XP_043795427.1	XP_623853.1	XP_003394291.1
OG0007071	XP_016915690.1	XP_006608711.1	XP_086762409.1	XP_043796738.1	XP_001121788.2	XP_003401804.1
OG0007072	XP_016909902.1	XP_006618475.1	XP_003694074.3	XP_043796422.1	XP_001122061.3	XP_003401754.2
OG0007073	XP_016906910.1	XP_006621501.1	XP_086761478.1	XP_043798896.1	XP_623244.1	XP_003399366.1
OG0007074	XP_016919667.1	XP_006611351.1	XP_086764196.1	XP_043797649.1	XP_003249222.1	XP_003397062.1
OG0007075	XP_016914684.1	XP_031366176.1	XP_031771914.1	XP_043804418.1	XP_006569483.1	XP_003396579.1
OG0007076	XP_016908090.1	XP_006623783.1	XP_003694335.1	XP_043802865.1	XP_623800.3	XP_048261452.1
OG0007077	XP_061926891.1	XP_031364753.1	XP_086762760.1	XP_043800186.1	XP_006568907.2	XP_048269854.1
OG0007078	XP_061941433.1	XP_006609136.1	XP_003695925.1	XP_043790484.1	XP_016772102.1	XP_003401491.1
OG0007079	XP_061942509.1	XP_006623651.1	XP_003690133.1	XP_043789202.1	XP_001120412.2	XP_003399678.1
OG0007080	XP_016913733.1	XP_006609574.1	XP_012350321.2	XP_043794838.1	XP_016771434.2	XP_003400271.1
OG0007081	XP_016911941.2	XP_031366717.1	XP_086760970.1	XP_043792647.1	XP_026296451.1	XP_012163927.1
OG0007082	XP_016911906.1	XP_006611385.1	XP_003696225.1	XP_043793449.1	XP_006564241.1	XP_003395453.1
OG0007083	XP_028525303.1	XP_031366449.1	XP_086759411.1	XP_043788128.1	XP_003249710.1	XP_003394752.1
OG0007084	XP_016910969.1	XP_031365853.1	XP_086769971.1	XP_043795480.1	XP_006558051.1	XP_020724356.2
OG0007085	XP_016922514.1	XP_006623195.1	XP_003697089.1	XP_043799342.1	XP_006571365.1	XP_012169955.1
OG0007086	XP_016910858.1	XP_006614802.1	XP_003698570.1	XP_043795488.1	XP_396838.2	XP_003394350.1
OG0007087	XP_016916516.1	XP_006616914.1	XP_003690328.1	XP_043789373.1	XP_392515.2	XP_012167472.1
OG0007088	XP_061942115.1	XP_031370362.1	XP_012348268.1	XP_043791949.1	XP_026301248.1	XP_003401838.1
OG0007089	XP_016908604.2	XP_031370700.1	XP_003698408.1	XP_043792771.1	XP_026300270.1	XP_003399532.1
OG0007090	XP_016919192.1	XP_006616190.2	XP_003695481.4	XP_043794167.1	XP_396967.4	XP_003392882.1
OG0007091	XP_016912801.1	XP_006616307.1	XP_086765518.1	XP_043787724.1	XP_006563951.2	XP_012176113.1
OG0007092	XP_016909339.2	XP_006621575.1	XP_003691949.1	XP_043798486.1	XP_001122322.2	XP_003399148.1
OG0007093	XP_028522906.1	XP_006623801.1	XP_003694277.1	XP_043802871.1	XP_395502.2	XP_003395178.1
OG0007094	XP_016910006.1	XP_006609849.1	XP_012342759.1	XP_043796383.1	XP_006564672.2	XP_003401733.1
OG0007095	XP_061928110.1	XP_006618226.1	XP_086764572.1	XP_043797373.1	XP_395961.4	XP_003393645.1
OG0007096	XP_061933961.1	XP_006607387.1	XP_003692583.1	XP_043786399.1	XP_003249515.1	XP_003403158.1
OG0007097	XP_061927816.1	XP_006624601.1	XP_012341934.1	XP_043796230.1	XP_623754.1	XP_003396311.1
OG0007098	XP_016919297.1	XP_006612384.1	XP_003692798.1	XP_043791345.1	XP_623816.1	XP_012173932.1
OG0007099	XP_016904621.1	XP_006622477.1	XP_003696881.1	XP_043800568.1	XP_394330.4	XP_048265858.1
OG0007100	XP_028524274.1	XP_006612997.1	XP_003692730.2	XP_043791275.1	XP_003251332.1	XP_003398073.1
OG0007101	XP_016918865.1	XP_006616153.1	XP_003695514.1	XP_043794339.1	XP_623429.3	XP_003392863.1
OG0007102	XP_016921024.1	XP_006607780.1	XP_086760381.1	XP_043792824.1	XP_625119.1	XP_003394497.1
OG0007103	XP_016913010.1	XP_031369858.1	XP_086763471.1	XP_043784890.1	XP_392426.3	XP_012164933.1
OG0007104	XP_016916428.2	XP_031367590.1	XP_086758689.1	XP_043789061.1	XP_394067.4	XP_048268595.1
OG0007105	XP_028520601.1	XP_006613785.1	XP_012342233.1	XP_043800974.1	XP_006565397.1	XP_003396019.3
OG0007106	XP_016911916.1	XP_006616546.1	XP_086760930.1	XP_043793011.1	XP_006564792.1	XP_012163790.1
OG0007107	XP_016914081.1	XP_006622141.1	XP_003696530.2	XP_043793314.1	XP_396462.2	XP_048262003.1
OG0007108	XP_016904197.1	XP_006610179.2	XP_086767476.1	XP_043793928.1	XP_006558381.1	XP_012172347.1
OG0007109	XP_061943384.1	XP_006623496.1	XP_012339853.2	XP_043799237.1	NP_001229506.1	XP_048261237.1
OG0007110	XP_016915212.2	XP_006612273.1	XP_086759512.1	XP_043788190.1	XP_006560612.2	XP_003394955.1
OG0007111	XP_016915010.1	XP_006623622.1	XP_003697198.2	XP_043800895.1	XP_001120556.1	XP_003402230.1
OG0007112	XP_016904436.1	XP_006613374.1	XP_003690574.2	XP_043793790.1	XP_395451.4	XP_003399301.1
OG0007113	XP_016915617.1	XP_006608686.1	XP_012341488.1	XP_043796680.1	XP_003251435.2	XP_012173163.1
OG0007114	XP_016911238.1	XP_006617683.1	XP_012344335.1	XP_043786217.1	XP_395493.4	XP_003397092.1
OG0007115	XP_016917580.2	XP_031371184.1	XP_003691619.1	XP_043784247.1	XP_016770011.2	XP_003398458.1
OG0007116	XP_016908820.1	XP_006614673.1	XP_003694718.2	XP_043801733.1	XP_393373.3	XP_003395003.1
OG0007117	XP_016916355.1	XP_006611253.1	XP_003691203.1	XP_043786635.1	XP_624713.1	XP_003399603.1
OG0007118	XP_016912761.1	XP_006617555.1	XP_003698871.1	XP_043787752.1	XP_623732.1	XP_003394583.1
OG0007119	XP_061930998.1	XP_006623413.1	XP_003696704.3	XP_043792940.1	XP_001122081.1	XP_048261829.1
OG0007120	XP_016909235.1	XP_031369112.1	XP_003691890.1	XP_043798202.1	XP_026299400.1	XP_012169300.1
OG0007121	XP_061928671.1	XP_006617566.1	XP_031775934.1	XP_043787593.1	XP_026295519.1	XP_012176544.1
OG0007122	XP_016922091.1	XP_031371254.1	XP_003690305.1	XP_043789682.1	XP_026298623.1	XP_003397613.1
OG0007123	XP_016907064.2	XP_006609386.1	XP_012345482.1	XP_043790423.1	XP_392085.2	XP_003401366.1
OG0007124	XP_016913608.1	XP_006623316.1	XP_003696325.1	XP_043793218.1	XP_393291.2	XP_003395656.1
OG0007125	XP_061926970.1	XP_006620833.1	XP_012338752.1	XP_043803119.1	XP_392238.1	XP_003394060.1
OG0007126	XP_061937542.1	XP_006625243.2	XP_003698151.2	XP_043790206.1	XP_623278.2	XP_003399164.1
OG0007127	XP_016905108.1	XP_006622979.1	XP_003698357.1	XP_043787245.1	XP_623599.1	XP_012170402.1
OG0007128	XP_061935987.1	XP_031367308.1	XP_086771598.1	XP_043798119.1	XP_026299301.1	XP_048265118.1
OG0007129	XP_061943278.1	XP_006619975.2	XP_086767665.1	XP_043801342.1	XP_026298405.1	XP_048262670.1
OG0007130	XP_016914491.1	XP_006615150.1	XP_031771374.1	XP_043798604.1	XP_006566349.2	XP_003398938.1
OG0007131	XP_061937617.1	XP_006624901.1	XP_012348381.2	XP_043790198.1	XP_006562468.1	XP_048266195.1
OG0007132	XP_016918061.2	XP_031366186.1	XP_086766004.1	XP_043784022.1	XP_026297424.1	XP_020719691.2
OG0007133	XP_016922390.1	XP_006607227.1	XP_086773569.1	XP_043786268.1	XP_006559646.1	XP_003401882.1
OG0007134	XP_016921232.2	XP_006621084.1	XP_003697968.2	XP_043803428.1	XP_001120484.2	XP_003392947.2
OG0007135	XP_016910849.2	XP_006614781.1	XP_003698855.1	XP_043795329.1	XP_003249202.3	XP_003394356.1
OG0007136	XP_016909607.1	XP_006607142.1	XP_086770572.1	XP_043794986.1	XP_006562808.1	XP_020721760.2
OG0007137	XP_061930438.1	XP_031364442.1	XP_086759839.1	XP_043802245.1	XP_026295802.1	XP_012163369.1
OG0007138	XP_061936086.1	XP_006619182.1	XP_086773315.1	XP_043787126.1	XP_006564504.1	XP_048265564.1
OG0007139	XP_016919626.1	XP_006607766.1	XP_086764139.1	XP_043797500.1	XP_623654.3	XP_003397266.2
OG0007140	XP_016911388.1	XP_006609782.1	XP_003698748.1	XP_043788375.1	XP_396298.2	XP_003394537.1
OG0007141	XP_016907018.1	XP_006612416.1	XP_086768692.1	XP_043790134.1	XP_397168.3	XP_003399155.1
OG0007142	XP_016921289.1	XP_006622517.1	XP_003697912.1	XP_043803605.1	XP_001120698.3	XP_003393047.1
OG0007143	XP_016910669.1	XP_006622207.1	XP_003691397.1	XP_043803190.1	XP_394823.3	XP_012170271.2
OG0007144	XP_016906070.2	XP_006612239.1	XP_003691763.2	XP_043784894.1	XP_003249381.1	XP_003394920.1
OG0007145	XP_016916383.1	XP_006622813.1	XP_003691278.1	XP_043797882.1	XP_006557764.1	XP_012170130.1
OG0007146	XP_016920157.1	XP_006622881.1	XP_012346568.1	XP_043798219.1	XP_392758.2	XP_012174330.1
OG0007147	XP_016916835.1	XP_006609073.1	XP_012345474.2	XP_043790483.1	XP_001122465.1	XP_003401462.1
OG0007148	XP_016917450.1	XP_006608257.1	XP_003692149.1	XP_043789092.1	XP_006563568.1	XP_012172206.1
OG0007149	XP_016920025.1	XP_006622408.1	XP_012346577.1	XP_043801429.1	XP_006569146.1	XP_012175544.1
OG0007150	XP_061941896.1	XP_006608230.1	XP_086758721.1	XP_043788787.1	XP_016772289.2	XP_048268635.1
OG0007151	XP_061927725.1	XP_006609047.1	XP_012346418.2	XP_043797877.1	XP_393616.4	XP_012172766.1
OG0007152	XP_016915140.1	XP_006625251.1	XP_012340269.2	XP_043800133.1	XP_003251652.1	XP_003402295.1
OG0007153	XP_061928327.1	XP_031368061.1	XP_012349300.1	XP_043788455.1	XP_392656.3	XP_003394460.1
OG0007154	XP_061929198.1	XP_031364518.1	XP_086770188.1	XP_043791154.1	XP_026295503.1	XP_048270580.1
OG0007155	XP_016912389.1	XP_006609322.1	XP_031773976.1	XP_043790561.1	XP_016772142.1	XP_003400400.1
OG0007156	XP_016914326.1	XP_006620936.1	XP_012340262.1	XP_043800413.1	NP_001155181.1	XP_003394776.1
OG0007157	XP_016912212.1	XP_006618160.1	XP_086761162.1	XP_043792470.1	XP_624938.1	XP_003402355.1
OG0007158	XP_016921170.1	XP_006607383.1	XP_012340433.1	XP_043786101.1	XP_006559497.1	XP_003403155.1
OG0007159	XP_016917571.1	XP_006616071.1	XP_012339061.1	XP_043784096.1	XP_003250168.1	XP_003398400.1
OG0007160	XP_016906398.1	XP_006623569.1	XP_003694014.1	XP_043799923.1	XP_006562525.1	XP_012164751.2
OG0007161	XP_016917763.1	XP_006613363.1	XP_086767427.1	XP_043800121.1	XP_003250092.1	XP_048262451.1
OG0007162	XP_061933436.1	XP_031370990.1	XP_086769438.1	XP_043788923.1	XP_026297027.1	XP_012166765.2
OG0007163	XP_016918625.1	XP_006614953.1	XP_031773571.1	XP_043794137.1	XP_006571646.1	XP_012167134.1
OG0007164	XP_016904162.1	XP_006621024.1	XP_003696175.1	XP_043793877.1	XP_393446.1	XP_003401399.1
OG0007165	XP_016911849.1	XP_006616530.1	XP_086760985.1	XP_043792204.1	XP_006564278.1	XP_012163820.1
OG0007166	XP_016912089.1	XP_006625071.1	XP_012348822.1	XP_043794600.1	XP_396318.4	XP_012168829.1
OG0007167	XP_061929351.1	XP_006621992.1	XP_012349073.3	XP_043795261.1	XP_016773418.1	XP_003394366.2
OG0007168	XP_016916190.1	XP_006608248.1	XP_003692172.2	XP_043788749.1	XP_394075.2	XP_003401039.2
OG0007169	XP_016922959.1	XP_006618220.1	XP_003697129.2	XP_043797376.1	NP_001229486.1	XP_003393648.1
OG0007170	XP_061931207.1	XP_006608097.1	XP_003696604.1	XP_043793037.1	XP_006567717.1	XP_012163964.1
OG0007171	XP_016907677.1	XP_006610561.1	XP_003690694.1	XP_043790609.1	XP_624421.1	XP_003402760.1
OG0007172	XP_016920487.1	XP_006619977.1	XP_003693553.1	XP_043790968.1	XP_001121556.1	XP_048263115.1
OG0007173	XP_016910355.1	XP_006615738.1	XP_003691366.2	XP_043803203.1	XP_393072.2	XP_003393752.1
OG0007174	XP_016904725.1	XP_006614495.1	XP_012347332.2	XP_043802923.1	XP_006559285.1	XP_003398586.2
OG0007175	XP_028525215.1	XP_006615440.2	XP_086768272.1	XP_043799403.1	XP_026301894.1	XP_003393176.4
OG0007176	XP_061931781.1	XP_006617314.1	XP_012339719.1	XP_043802689.1	XP_026296856.1	XP_003402004.1
OG0007177	XP_016913373.1	XP_006621919.1	XP_003691097.1	XP_043784531.1	XP_393778.2	XP_003396765.1
OG0007178	XP_016914956.1	XP_031369033.1	XP_086772371.1	XP_043787206.1	XP_003250785.1	XP_048265435.1
OG0007179	XP_016913237.1	XP_006618350.1	XP_086759204.1	XP_043794613.1	XP_006560197.1	XP_012166659.1
OG0007180	XP_061928330.1	XP_006608411.1	XP_003698720.1	XP_043788414.1	XP_392658.2	XP_003394458.1
OG0007181	XP_061942898.1	XP_006614924.1	XP_031773555.2	XP_043794568.1	XP_026297581.1	XP_048263462.1
OG0007182	XP_028523774.2	XP_006620635.2	XP_031775266.2	XP_043784801.1	XP_026301629.1	XP_012173801.2
OG0007183	XP_061930859.1	XP_006622546.1	XP_086772922.1	XP_043803461.1	XP_624419.3	XP_003393038.1
OG0007184	XP_016917119.1	XP_006617028.1	XP_086770904.1	XP_043785108.1	NP_001171498.1	XP_003397315.1
OG0007185	XP_016914607.1	XP_006615158.1	XP_003692268.1	XP_043798301.1	NP_001171519.1	XP_012169070.1
OG0007186	XP_028522306.2	XP_031364687.1	XP_086758496.1	XP_043788829.1	XP_001122665.2	XP_012172062.1
OG0007187	XP_061938898.1	XP_031366270.1	XP_031773391.1	XP_043804028.1	XP_026300169.1	XP_003399868.2
OG0007188	XP_016916761.1	XP_006608188.1	XP_003692066.1	XP_043788918.1	XP_026301349.1	XP_003401205.1
OG0007189	XP_061932302.1	XP_031365403.1	XP_003693882.2	XP_043801014.1	XP_392414.6	XP_048262893.1
OG0007190	XP_061939648.1	XP_006609589.1	XP_086770374.1	XP_043794852.1	XP_026300481.1	XP_020721932.1
OG0007191	XP_061941312.1	XP_031366435.1	XP_031773888.2	XP_043790660.1	XP_026301351.1	XP_003401427.2
OG0007192	XP_016918149.1	XP_006612546.1	XP_003693610.1	XP_043796315.1	XP_006570178.1	XP_012165923.1
OG0007193	XP_061936490.1	XP_006610629.1	XP_003690751.1	XP_043788732.1	XP_001122788.1	XP_003396224.1
OG0007194	XP_016914932.1	XP_006621149.1	XP_003698501.1	XP_043787041.1	XP_393701.1	XP_003398294.1
OG0007195	XP_016922205.1	XP_006619650.1	XP_003694565.1	XP_043787415.1	XP_001120306.1	XP_012170822.1
OG0007196	XP_016904779.2	XP_006619173.1	XP_003698558.1	XP_043787062.1	XP_001121503.2	XP_003398248.1
OG0007197	XP_016912584.1	XP_006616288.1	XP_003698833.1	XP_043787768.1	XP_003250379.1	XP_003394631.1
OG0007198	XP_016905022.1	XP_006613113.1	XP_003697707.1	XP_043795240.1	XP_393194.2	XP_003397961.1
OG0007199	XP_016908333.1	XP_006621383.1	XP_086761380.1	XP_043798961.1	XP_006570533.1	XP_012168682.2
OG0007200	XP_016911425.2	XP_006612333.1	XP_031771279.2	XP_043788812.1	XP_006563709.1	XP_048268436.1
OG0007201	XP_061936016.1	XP_006613938.1	XP_086769901.1	XP_043786934.1	XP_026298952.1	XP_048265716.1
OG0007202	XP_028520803.1	XP_006619802.1	XP_003698931.1	XP_043785103.1	XP_006559877.1	XP_003397226.1
OG0007203	XP_016911734.1	XP_006621826.1	XP_012350704.1	XP_043788532.1	XP_026294727.1	XP_048268228.1
OG0007204	XP_016908987.1	XP_006618507.2	XP_003691793.2	XP_043799060.1	XP_003250866.2	XP_003399460.2
OG0007205	XP_061941969.1	XP_031367511.1	XP_012339645.2	XP_043789084.1	XP_003250286.1	XP_003401207.1
OG0007206	XP_016904676.1	XP_006612126.1	XP_012344718.1	XP_043795628.1	XP_624768.1	XP_003398377.1
OG0007207	XP_016916785.1	XP_031370895.1	XP_031773839.1	XP_043790650.1	XP_026301246.1	XP_012172556.1
OG0007208	XP_016917157.1	XP_006617020.1	XP_086770906.1	XP_043786774.1	XP_003249083.2	XP_003397304.1
OG0007209	XP_016914077.2	XP_006615624.1	XP_003698217.2	XP_043804033.1	XP_016770924.1	XP_003399905.1
OG0007210	XP_016906901.1	XP_006621881.2	XP_031774332.2	XP_043792813.1	XP_016767869.2	XP_012164075.2
OG0007211	XP_016905284.1	XP_006609432.1	XP_003689892.1	XP_043794980.1	XP_393914.1	XP_020721776.2
OG0007212	XP_016922811.1	XP_006611551.1	XP_031774942.2	XP_043793800.1	XP_003249139.1	XP_003400830.1
OG0007213	XP_061932254.1	XP_006613819.1	XP_086766994.1	XP_043800949.1	XP_395632.3	XP_012164890.1
OG0007214	XP_016906719.1	XP_006621906.1	XP_003696748.1	XP_043793333.1	XP_392849.4	XP_003395602.2
OG0007215	XP_016904500.1	XP_006621888.1	XP_003696739.1	XP_043792630.1	XP_624701.1	XP_012164077.1
OG0007216	XP_016919676.1	XP_006618927.2	XP_012345417.3	XP_043793931.1	XP_026300255.1	XP_020722588.1
OG0007217	XP_016917642.1	XP_006615582.1	XP_003693710.1	XP_043801441.1	XP_026299593.1	XP_020719243.1
OG0007218	XP_016911507.2	XP_006622562.1	XP_086773815.1	XP_043791917.1	XP_624497.2	XP_003399441.1
OG0007219	XP_016913688.2	XP_006611000.1	XP_012342986.3	XP_043785545.1	XP_625154.1	XP_012171630.1
OG0007220	XP_061941409.1	XP_031370799.1	XP_086758868.1	XP_043790866.1	XP_026301096.1	XP_048268658.1
OG0007221	XP_016908360.1	XP_006614461.1	XP_012347633.2	XP_043786492.1	XP_001120520.1	XP_003393564.1
OG0007222	XP_016916442.1	XP_006608588.1	XP_086759938.1	XP_043789827.1	XP_395013.3	XP_003398024.4
OG0007223	XP_016922194.2	XP_006614593.1	XP_003694496.3	XP_043787569.1	XP_393949.2	XP_012174907.1
OG0007224	XP_061936152.1	XP_006620714.1	XP_012346995.1	XP_043787348.1	XP_026299170.1	XP_003398304.4
OG0007225	XP_016911312.1	XP_006609731.1	XP_031775709.2	XP_043800595.1	XP_001121745.3	XP_012176004.2
OG0007226	XP_016918833.1	XP_006624114.1	XP_012344584.1	XP_043794192.1	XP_623954.1	XP_003393009.1
OG0007227	XP_016917554.1	XP_006616082.1	XP_003691677.1	XP_043784099.1	XP_395766.4	XP_003398461.1
OG0007228	XP_016916909.1	XP_006611763.1	XP_031772673.1	XP_043802057.1	XP_006569397.1	XP_003394768.1
OG0007229	XP_016909000.1	XP_006619583.1	XP_086761283.1	XP_043798366.1	XP_016770492.1	XP_003398784.1
OG0007230	XP_061938282.1	XP_006619481.1	XP_003691869.2	XP_043799037.1	XP_026299546.1	XP_003399055.2
OG0007231	XP_016920710.1	XP_006619230.1	XP_003695044.1	XP_043801174.1	XP_003249659.1	XP_003400849.1
OG0007232	XP_061928562.1	XP_006624349.1	XP_003693572.1	XP_043796361.1	XP_006570087.2	XP_012165354.2
OG0007233	XP_061931679.1	XP_006608627.1	XP_086772084.1	XP_043802664.1	XP_001120264.1	XP_003395326.1
OG0007234	XP_016908210.1	XP_006612948.1	XP_003691566.1	XP_043799484.1	XP_397061.1	XP_003397153.1
OG0007235	XP_061934703.1	XP_006610323.2	XP_031772667.2	XP_043797085.1	XP_026298212.1	XP_048269204.1
OG0007236	XP_016915836.1	XP_006620160.1	XP_003698187.1	XP_043790068.1	XP_623539.1	XP_003398833.1
OG0007237	XP_016906208.1	XP_006608456.1	XP_086768461.1	XP_043804329.1	XP_016773414.1	XP_003393487.1
OG0007238	XP_016917530.1	XP_031367605.1	XP_086758731.1	XP_043788728.1	XP_397181.1	XP_003401031.1
OG0007239	XP_016920767.1	XP_006619253.1	XP_086765350.1	XP_043801163.1	NP_001071285.1	XP_003400916.1
OG0007240	XP_016913855.1	XP_006623305.1	XP_003696263.1	XP_043792359.1	XP_395207.4	XP_003399748.1
OG0007241	XP_016915515.2	XP_006608692.1	XP_086762439.1	XP_043796663.1	XP_006569889.2	XP_003401899.2
OG0007242	XP_016918784.1	XP_006621924.1	XP_012342287.3	XP_043801914.1	XP_006567267.1	XP_012174112.1
OG0007243	XP_016904133.1	XP_006607491.1	XP_003693292.1	XP_043796661.1	XP_395784.2	XP_020723755.2
OG0007244	XP_016910513.1	XP_006620824.1	XP_003691336.1	XP_043802985.1	XP_395792.4	XP_003394048.1
OG0007245	XP_061936927.1	XP_006616088.1	XP_086766648.1	XP_043784210.1	XP_006562923.1	XP_003398473.1
OG0007246	XP_016913699.1	XP_006621157.1	XP_003696792.1	XP_043793032.1	XP_003251510.1	XP_003395639.1
OG0007247	XP_016920618.1	XP_006623672.1	XP_012340730.1	XP_043786784.1	XP_026298925.1	XP_003403370.4
OG0007248	XP_016918067.2	XP_031370411.1	XP_003693930.2	XP_043800746.1	XP_026297343.1	XP_003395885.1
OG0007249	XP_061936383.1	XP_006616869.1	XP_003692768.3	XP_043786838.1	XP_016770097.2	XP_003403338.1
OG0007250	XP_016920006.1	XP_006618949.1	XP_003696154.1	XP_043793878.1	XP_393834.2	XP_003401432.1
OG0007251	XP_016910160.1	XP_006613659.1	XP_003696334.2	XP_043792471.1	XP_623571.3	XP_003395478.1
OG0007252	XP_028524352.1	XP_006613908.1	XP_012343297.1	XP_043784192.1	XP_016769858.1	XP_012167857.1
OG0007253	XP_016916324.1	XP_006620530.1	XP_086767586.1	XP_043786744.1	XP_006561370.1	XP_020723192.1
OG0007254	XP_016919263.2	XP_031370584.1	XP_086772420.1	XP_043791420.1	XP_026298881.1	XP_003403327.1
OG0007255	XP_061933324.1	XP_006617762.1	XP_086766078.1	XP_043783992.1	XP_394670.3	XP_003396841.1
OG0007256	XP_016918086.2	XP_006613909.1	XP_086770116.1	XP_043784105.1	XP_016769853.2	XP_003398201.2
OG0007257	XP_016914435.1	XP_006611197.1	XP_086766371.1	XP_043795799.1	XP_623227.1	XP_003396975.1
OG0007258	XP_061928469.1	XP_006620265.1	XP_086765646.1	XP_043787823.1	XP_016766885.2	XP_048260328.1
OG0007259	XP_016914277.2	XP_006624467.1	XP_003692454.1	XP_043800100.1	XP_397220.3	XP_012167262.2
OG0007260	XP_016911063.1	XP_006622003.1	XP_003698807.1	XP_043795308.1	XP_624613.1	XP_003394174.1
OG0007261	XP_016910863.2	XP_006614813.1	XP_086770048.1	XP_043795343.1	XP_003249198.1	XP_012176186.1
OG0007262	XP_016919665.1	XP_006611359.2	XP_012343051.2	XP_043797495.1	XP_624007.4	XP_003402370.3
OG0007263	XP_016903776.1	XP_006613931.2	XP_086769898.1	XP_043787144.1	XP_026299023.1	XP_020720628.1
OG0007264	XP_016911666.1	XP_006614441.1	XP_086763915.1	XP_043786451.1	XP_026302294.1	XP_012171216.1
OG0007265	XP_016908422.1	XP_006624690.1	XP_086764835.1	XP_043795863.1	XP_624640.1	XP_003400801.1
OG0007266	XP_061937093.1	XP_006620408.1	XP_012340098.1	XP_043793657.1	XP_026299733.1	XP_012165506.2
OG0007267	XP_016913679.1	XP_006611094.1	XP_012343810.1	XP_043785378.1	XP_001120242.1	XP_012171511.1
OG0007268	XP_016908946.1	XP_006621566.1	XP_012339268.1	XP_043799136.1	XP_026299444.1	XP_012169780.1
OG0007269	XP_061938658.1	XP_006616433.1	XP_086763638.1	XP_043804169.1	XP_006562315.2	XP_048266921.1
OG0007270	XP_061936031.1	XP_006619202.1	XP_086773349.1	XP_043787269.1	XP_006564551.1	XP_012167813.1
OG0007271	XP_016905880.1	XP_006607845.1	XP_031775646.1	XP_043789470.1	XP_006561789.1	XP_012166915.1
OG0007272	XP_028520994.2	XP_031363862.1	XP_086769260.1	XP_043788646.1	XP_016771899.1	XP_012168956.1
OG0007273	XP_061931675.1	XP_006624965.2	XP_086772076.1	XP_043802760.1	XP_026296587.1	XP_048261922.1
OG0007274	XP_016921556.1	XP_006622972.1	XP_086772993.1	XP_043803412.1	XP_395173.2	XP_003393075.1
OG0007275	XP_061930385.1	XP_006611784.1	XP_086759850.1	XP_043802273.1	XP_006569416.1	XP_048261018.1
OG0007276	XP_016920651.1	XP_006616866.1	XP_003692774.1	XP_043786957.1	XP_001120649.1	XP_020723901.2
OG0007277	XP_016907615.1	XP_006610454.1	XP_003690664.1	XP_043793284.1	NP_001139207.1	XP_003402702.1
OG0007278	XP_016906898.2	XP_006616559.1	XP_003696787.1	XP_043793424.1	XP_006564807.1	XP_012163989.1
OG0007279	XP_016916345.2	XP_006615068.1	XP_086772195.1	XP_043797848.1	XP_006557739.2	XP_012170287.1
OG0007280	XP_016907528.1	XP_031363930.1	XP_086769663.1	XP_043787979.1	XP_393448.2	XP_003396235.1
OG0007281	XP_016906281.1	XP_006623985.1	XP_012348190.1	XP_043803619.1	XP_026300300.1	XP_048265008.1
OG0007282	XP_016910491.1	XP_031366337.1	XP_012351166.2	XP_043802946.1	XP_006561226.1	XP_003394083.1
OG0007283	XP_016906347.1	XP_031365875.1	XP_031772542.1	XP_043800108.1	XP_026297140.1	XP_012164802.1
OG0007284	XP_016919347.1	XP_006617454.1	XP_003690010.1	XP_043801859.1	XP_026295982.1	XP_003395273.1
OG0007285	XP_061929807.1	XP_031364795.1	XP_086768839.1	XP_043796241.1	XP_016769070.2	XP_003396778.1
OG0007286	XP_016909095.1	XP_006621742.1	XP_012339499.2	XP_043798640.1	XP_006566739.1	XP_012169271.1
OG0007287	XP_016907575.1	XP_006610579.1	XP_003690728.1	XP_043788544.1	XP_624500.2	XP_012164979.1
OG0007288	XP_016914416.1	XP_006611153.1	XP_003693037.1	XP_043783983.1	XP_006569525.1	XP_003396680.1
OG0007289	XP_016907328.1	XP_006621534.1	XP_003693219.1	XP_043799173.1	XP_624480.4	XP_012169766.1
OG0007290	XP_016915842.1	XP_006623116.1	XP_003698136.3	XP_043790200.1	XP_001123212.2	XP_003398885.1
OG0007291	XP_016919432.1	XP_006614648.1	XP_086758543.1	XP_043788783.1	XP_006563534.2	XP_003401084.1
OG0007292	XP_061931723.1	XP_006623916.1	XP_086767951.1	XP_043794086.1	XP_003251728.1	XP_003392998.1
OG0007293	XP_016914614.2	XP_006611215.1	XP_003693008.1	XP_043795970.1	XP_396806.3	XP_012166149.1
OG0007294	XP_061932404.1	XP_031365874.1	XP_003693834.1	XP_043799887.1	XP_624741.2	XP_012164789.1
OG0007295	XP_016912484.1	XP_006609241.1	XP_012345013.1	XP_043790543.1	XP_006560031.3	XP_003401554.1
OG0007296	XP_061931163.1	XP_006618613.1	XP_086760510.1	XP_043792332.1	XP_006567761.1	XP_003401833.1
OG0007297	XP_016906381.1	XP_006608767.1	XP_086763479.1	XP_043800691.1	XP_003250415.1	XP_012164648.1
OG0007298	XP_061934946.1	XP_006608660.1	XP_003693392.1	XP_043797354.1	XP_016769122.2	XP_048269917.1
OG0007299	XP_016904085.1	XP_006607514.1	XP_003693304.1	XP_043797652.1	XP_392590.4	XP_012175063.1
OG0007300	XP_016911526.1	XP_006620754.1	XP_086773763.1	XP_043792029.1	XP_006563745.1	XP_012169580.1
OG0007301	XP_016922228.1	XP_031364536.1	XP_086770194.1	XP_043791190.1	XP_026295501.1	XP_003394113.1
OG0007302	XP_061929748.1	XP_006615939.1	XP_003689608.1	XP_043788228.1	XP_026295847.1	XP_020721216.2
OG0007303	XP_028523305.2	XP_006619122.2	XP_012348894.2	XP_043786941.1	XP_026299260.1	XP_012167972.2
OG0007304	XP_061932749.1	XP_031368891.1	XP_012340266.1	XP_043800351.1	XP_006570971.2	XP_003395898.2
OG0007305	XP_061939298.1	XP_006610901.1	XP_086765400.1	XP_043803369.1	XP_006572161.1	XP_012170352.1
OG0007306	XP_061931134.1	XP_006618651.1	XP_086760558.1	XP_043792230.1	XP_624279.3	XP_012173493.1
OG0007307	XP_016908092.2	XP_031370086.1	XP_012342865.2	XP_043802849.1	XP_006557400.2	XP_003395262.1
OG0007308	XP_061934757.1	XP_031371340.1	XP_086762350.1	XP_043796822.1	XP_006568121.2	XP_003401674.1
OG0007309	XP_016920530.1	XP_031368597.1	XP_003692806.1	XP_043787017.1	XP_016769851.1	XP_003398542.1
OG0007310	XP_016917649.1	XP_006615577.1	XP_003693720.2	XP_043801437.1	XP_392951.3	XP_003396690.4
OG0007311	XP_016906942.1	XP_006623929.1	XP_003696752.1	XP_043793234.1	XP_394564.1	XP_020718920.1
OG0007312	XP_016911847.1	XP_006616531.1	XP_003696203.1	XP_043792199.1	XP_001120874.3	XP_003395797.2
OG0007313	XP_016904037.1	XP_031364404.1	XP_086761914.1	XP_043797296.1	XP_006563923.1	XP_012166244.1
OG0007314	XP_028520816.1	XP_006616586.1	XP_086760650.1	XP_043793139.1	XP_397468.4	XP_003395566.1
OG0007315	XP_016917215.1	XP_006621802.1	XP_086765080.1	XP_043785850.1	XP_001122664.2	XP_048267851.1
OG0007316	XP_016915759.1	XP_006624134.2	XP_012342832.1	XP_043797401.1	XP_623993.3	XP_003395113.1
OG0007317	XP_061933270.1	XP_031364195.1	XP_003693014.1	XP_043795954.1	XP_026297442.1	XP_012166139.1
OG0007318	XP_061932597.1	XP_006617622.1	XP_003692412.1	XP_043800123.1	XP_026296914.1	XP_003402897.2
OG0007319	XP_028522457.2	XP_006616882.1	XP_086766556.1	XP_043795014.1	XP_006564413.1	XP_012169109.1
OG0007320	XP_016919482.1	XP_006608034.1	XP_012350719.1	XP_043801569.1	XP_006564093.1	XP_020721071.1
OG0007321	XP_016912898.2	XP_031368928.1	XP_086765686.1	XP_043787676.1	XP_393397.5	XP_003394646.1
OG0007322	XP_061928024.1	XP_031364918.1	XP_086764541.1	XP_043800785.1	XP_026302192.1	XP_048265741.1
OG0007323	XP_016908902.1	XP_006619508.1	XP_086761247.1	XP_043798842.1	XP_006566682.1	XP_012168563.1
OG0007324	XP_061928351.1	XP_006609816.1	XP_086765867.1	XP_043788453.1	XP_006559745.1	XP_003394562.1
OG0007325	XP_016912542.1	XP_006609212.1	XP_003695957.1	XP_043790600.1	XP_395210.2	XP_003401539.1
OG0007326	XP_061936437.1	XP_006610631.1	XP_012350251.1	XP_043786260.1	XP_006563276.1	XP_012165021.1
OG0007327	XP_016907572.1	XP_006610575.1	XP_086769351.1	XP_043788528.1	XP_026295881.1	XP_048262236.1
OG0007328	XP_016909459.1	XP_006619704.1	XP_012343348.2	XP_043801931.1	XP_026296207.1	XP_003394834.1
OG0007329	XP_028520218.2	XP_006612492.1	XP_003693805.1	XP_043791063.1	XP_624253.2	XP_048265541.1
OG0007330	XP_061931373.1	XP_006622062.1	XP_012346218.1	XP_043792148.1	XP_006569991.2	XP_003402121.1
OG0007331	XP_016905652.1	XP_006624416.1	XP_003692282.1	XP_043799430.1	XP_026297204.1	XP_003402302.2
OG0007332	XP_061931162.1	XP_006618615.1	XP_003696620.2	XP_043792331.1	XP_624578.2	XP_048265478.1
OG0007333	XP_028523147.1	XP_006620943.1	XP_012340283.2	XP_043800258.1	XP_026296909.1	XP_020718567.1
OG0007334	XP_016916564.1	XP_006616708.1	XP_031772831.2	XP_043785600.1	XP_006563130.1	XP_003400723.1
OG0007335	XP_016905634.1	XP_006624421.1	XP_003692280.1	XP_043799431.1	XP_006572321.1	XP_012173881.1
OG0007336	XP_016920599.1	XP_006620443.1	XP_086772497.1	XP_043787084.1	XP_006566171.1	XP_003398560.2
OG0007337	XP_028522516.1	XP_006618610.1	XP_012346149.1	XP_043792290.1	XP_006567758.1	XP_003401959.1
OG0007338	XP_016915303.1	XP_006623636.1	XP_086763158.1	XP_043789175.1	XP_001121079.2	XP_048266803.1
OG0007339	XP_016918536.1	XP_031370494.1	XP_086768793.1	XP_043796381.1	XP_006569667.1	XP_003396297.1
OG0007340	XP_016917069.1	XP_006611806.1	XP_003689942.1	XP_043802286.1	XP_016767184.1	XP_012174171.2
OG0007341	XP_016905557.1	XP_006609039.1	XP_086762988.1	XP_043802186.1	XP_006568802.1	XP_003393685.1
OG0007342	XP_061928475.1	XP_006620283.1	XP_086765628.1	XP_043787954.1	XP_394426.4	XP_003394234.1
OG0007343	XP_016912763.2	XP_006616259.1	XP_012349267.1	XP_043787852.1	XP_026295144.1	XP_012176573.1
OG0007344	XP_061935840.1	XP_031368460.1	XP_086771107.1	XP_043791898.1	XP_623088.2	XP_003402092.1
OG0007345	XP_016910819.2	XP_031367286.1	XP_012344287.1	XP_043786184.1	XP_016768797.1	XP_020719751.1
OG0007346	XP_016921727.2	XP_006617745.1	XP_003695715.1	XP_043798109.1	XP_395122.1	XP_003398354.1
OG0007347	XP_016916237.1	XP_031369658.1	XP_012350743.3	XP_043798023.1	XP_026301724.1	XP_012170159.2
OG0007348	XP_016921842.1	XP_006607938.1	XP_003690370.1	XP_043789933.1	XP_395299.2	XP_003398018.1
OG0007349	XP_061927709.1	XP_031367571.1	XP_086762973.1	XP_043802396.1	XP_392189.5	XP_003393695.1
OG0007350	XP_016913853.1	XP_006609570.1	XP_003690874.1	XP_043794914.1	XP_393912.3	XP_003400270.1
OG0007351	XP_016920403.1	XP_006622399.1	XP_086762602.1	XP_043798327.1	XP_001120674.3	XP_012175562.1
OG0007352	XP_016921318.1	XP_006621128.1	XP_031775397.1	XP_043803649.1	NP_001314878.1	XP_003393420.1
OG0007353	XP_016921316.1	XP_031368939.1	XP_031775396.1	XP_043803647.1	NP_001314877.1	XP_048265224.1
OG0007354	XP_016916232.1	XP_006611326.2	XP_003691274.4	XP_043786554.1	XP_392103.2	XP_003402172.1
OG0007355	XP_016905961.1	XP_006608389.1	XP_031775726.2	XP_043788417.1	XP_006559783.1	XP_012176403.2
OG0007356	XP_016904507.1	XP_006624316.1	XP_012346813.2	XP_043800870.1	NP_001035771.1	XP_048269778.1
OG0007357	XP_016920009.2	XP_006620706.1	XP_003697037.1	XP_043797058.1	XP_026302173.1	XP_048267351.1
OG0007358	XP_016908598.2	XP_006608972.1	XP_086766207.1	XP_043788554.1	XP_006561260.1	XP_012169992.1
OG0007359	XP_016906527.1	XP_031365252.1	XP_012347766.1	XP_043803012.1	XP_026294981.1	XP_012170573.1
OG0007360	XP_016917734.1	XP_006624286.1	XP_003689869.1	XP_043802756.1	XP_003251828.1	XP_003395292.1
OG0007361	XP_016910661.1	XP_006615778.1	XP_003691351.1	XP_043803078.1	XP_623063.1	XP_003393541.1
OG0007362	XP_016918445.2	XP_006624602.1	XP_012342004.2	XP_043796174.1	XP_006569641.1	XP_048263630.1
OG0007363	XP_016914854.1	XP_006621292.1	XP_003697324.1	XP_043787217.1	XP_395253.2	XP_003398491.1
OG0007364	XP_061933111.1	XP_006619009.1	XP_003692922.1	XP_043795831.1	XP_026297680.1	XP_012166061.3
OG0007365	XP_028520317.1	XP_006619076.1	XP_086766248.1	XP_043800522.1	XP_026297523.1	XP_048265668.1
OG0007366	XP_016908541.1	XP_006620654.1	XP_003694260.2	XP_043785055.1	XP_623868.1	XP_003398361.1
OG0007367	XP_016914775.1	XP_006615137.1	XP_012339896.1	XP_043799143.1	XP_006566359.1	XP_012169040.3
OG0007368	XP_016921709.2	XP_006620694.1	XP_003696910.2	XP_043797921.1	XP_623390.4	XP_048267394.1
OG0007369	XP_016906581.1	XP_006619790.1	XP_003698948.1	XP_043785114.1	XP_394705.3	XP_003397229.1
OG0007370	XP_016917567.1	XP_006616068.1	XP_086766663.1	XP_043784088.1	XP_006562904.1	XP_048265648.1
OG0007371	XP_061937575.1	XP_006623128.2	XP_003698174.1	XP_043790057.1	XP_026299501.1	XP_003398816.1
OG0007372	XP_016920441.1	XP_031368719.1	XP_003696916.1	XP_043797497.1	XP_016766266.2	XP_003402643.3
OG0007373	XP_016915516.1	XP_006608694.1	XP_012341528.1	XP_043796664.1	XP_006569762.1	XP_012173171.1
OG0007374	XP_028521276.1	XP_006612937.1	XP_086773373.1	XP_043799495.1	XP_026298059.1	XP_012166263.1
OG0007375	XP_016909693.1	XP_031369011.1	XP_003697131.1	XP_043784726.1	XP_001122533.3	XP_003393653.3
OG0007376	XP_016904575.1	XP_006616988.1	XP_003694934.1	XP_043799281.1	XP_003251707.1	XP_003393128.1
OG0007377	XP_016917066.1	XP_031364444.1	XP_012341983.1	XP_043802048.1	XP_006569400.1	XP_003394992.1
OG0007378	XP_016905416.1	XP_006618898.1	XP_003689743.1	XP_043793643.1	XP_001122230.1	XP_003395980.1
OG0007379	XP_016917547.1	XP_006609961.1	XP_012339020.1	XP_043784206.1	XP_001121113.1	XP_003398457.1
OG0007380	XP_061938663.1	XP_006616431.1	XP_012348482.1	XP_043804171.1	XP_003250045.1	XP_048266923.1
OG0007381	XP_016906482.1	XP_006618580.1	XP_003698430.1	XP_043785061.1	XP_396552.3	XP_048265436.1
OG0007382	XP_016922178.1	XP_006614252.1	XP_012343169.1	XP_043787517.1	XP_001121248.1	XP_012170819.1
OG0007383	XP_016913273.1	XP_006620094.1	XP_012344213.2	XP_043794635.1	NP_001011576.1	XP_048264107.1
OG0007384	XP_016908796.2	XP_006614685.1	XP_086760045.1	XP_043801987.1	XP_006562783.1	XP_020718561.2
OG0007385	XP_061929129.1	XP_006619465.1	XP_086764433.1	XP_043804083.1	XP_006570211.1	XP_003402874.1
OG0007386	XP_061926858.1	XP_031367391.1	XP_012349565.1	XP_043791103.1	XP_026302119.1	XP_012169150.1
OG0007387	XP_061932425.1	XP_006623550.1	XP_003693991.3	XP_043799991.1	XP_003250102.3	XP_012164773.1
OG0007388	XP_016907988.1	XP_006614093.1	XP_003691774.1	XP_043798222.1	XP_624837.1	XP_003398721.1
OG0007389	XP_016904287.1	XP_006607829.1	XP_012348170.2	XP_043789978.1	XP_006561802.1	XP_048264367.1
OG0007390	XP_016904707.1	XP_006612477.1	XP_003693792.1	XP_043791028.1	XP_624625.1	XP_012168148.1
OG0007391	XP_016903865.1	XP_031365865.1	XP_086773789.1	XP_043789533.1	XP_392828.3	XP_003397496.1
OG0007392	XP_016921213.1	XP_006607345.1	XP_086773452.1	XP_043786251.1	NP_001135933.1	XP_003403105.1
OG0007393	XP_016907288.1	XP_006621535.1	XP_012341328.1	XP_043799171.1	XP_006570412.2	XP_003399381.1
OG0007394	XP_016915454.2	XP_006612751.1	XP_012343511.1	XP_043785182.1	XP_006565792.1	XP_012171149.1
OG0007395	XP_061936640.1	XP_006612399.1	XP_086772426.1	XP_043791320.1	NP_001314892.1	XP_048265086.1
OG0007396	XP_028522570.1	XP_031370851.1	XP_003696017.2	XP_043790412.1	XP_026301139.1	XP_003401338.1
OG0007397	XP_016906925.1	XP_006613718.2	XP_012345945.2	XP_043792252.1	XP_392373.6	XP_003395723.3
OG0007398	XP_016909533.1	XP_006619758.1	XP_003694631.1	XP_043802052.1	XP_026295801.1	XP_003402506.1
OG0007399	XP_016910612.1	XP_006620782.1	XP_003694898.1	XP_043803125.1	XP_006565977.1	XP_003394034.1
OG0007400	XP_016921707.1	XP_006614824.1	XP_003693835.1	XP_043800034.1	XP_001121853.2	XP_003396165.1
OG0007401	XP_016919253.1	XP_031364718.1	XP_086772625.1	XP_043791401.1	XP_006569740.2	XP_012173905.1
OG0007402	XP_016907855.1	XP_006614129.1	XP_086771877.1	XP_043798672.1	XP_396203.4	XP_003398903.1
OG0007403	XP_016908397.1	XP_006619462.1	XP_086764415.1	XP_043801173.1	XP_026295484.1	XP_048260447.1
OG0007404	XP_016915366.2	XP_031370251.1	XP_031773106.2	XP_043785831.1	XP_394050.5	XP_012171189.1
OG0007405	XP_016914217.2	XP_006623297.1	XP_003696372.1	XP_043792530.1	XP_625165.1	XP_012170324.1
OG0007406	XP_061938242.1	XP_006619528.1	XP_003691854.1	XP_043798985.1	XP_006566705.2	XP_012169223.1
OG0007407	XP_016904331.1	XP_006613305.1	XP_003690546.1	XP_043787441.1	NP_001201833.1	XP_012169545.1
OG0007408	XP_016916081.1	XP_006622788.1	XP_003691157.1	XP_043798044.1	NP_001090623.1	XP_012170151.1
OG0007409	XP_061931951.1	XP_031367866.1	XP_086772489.1	XP_043793565.1	NP_001035348.1	XP_048262907.1
OG0007410	XP_016921936.1	XP_006619386.1	XP_086762126.1	XP_043796656.1	XP_026298076.1	XP_020722908.2
OG0007411	XP_061931912.1	XP_006618858.1	XP_086772177.1	XP_043793630.1	XP_026297278.1	XP_048262834.1
OG0007412	XP_028522688.1	XP_006616348.1	XP_012349350.1	XP_043787622.1	XP_006560933.1	XP_003394254.2
OG0007413	XP_016908789.1	XP_006623254.1	XP_012347467.1	XP_043791876.1	NP_001164444.1	XP_003397695.1
OG0007414	XP_016903955.1	XP_006608363.1	XP_003698700.1	XP_043788465.1	XP_392288.1	XP_003394190.1
OG0007415	XP_061932332.1	XP_006620369.1	XP_003693868.2	XP_043799894.1	XP_623366.2	XP_048262861.1
OG0007416	XP_028522522.1	XP_006618637.1	XP_012346295.1	XP_043792947.1	XP_026296630.1	XP_048262160.1
OG0007417	XP_016919375.1	XP_006614634.1	XP_003696133.1	XP_043789097.1	XP_026301356.1	XP_012172226.1
OG0007418	XP_016910738.1	XP_006622220.1	XP_003691447.2	XP_043803053.1	XP_001120910.2	XP_012170122.1
OG0007419	XP_016921336.1	XP_006624015.1	XP_086772918.1	XP_043803392.1	XP_006570639.1	XP_012176721.1
OG0007420	XP_028521098.1	XP_006610448.1	XP_003690685.1	XP_043790282.1	XP_394229.2	XP_003402790.1
OG0007421	XP_016914379.2	XP_006620953.2	XP_003692431.2	XP_043800278.1	XP_396371.5	XP_048261271.1
OG0007422	XP_016904594.2	XP_006622483.1	XP_003696852.3	XP_043801271.1	XP_392223.2	XP_003393834.2
OG0007423	XP_016919084.1	XP_006616140.1	XP_031773530.1	XP_043794310.1	XP_001119891.2	XP_012165415.1
OG0007424	XP_016921206.1	XP_006607303.1	XP_012340414.2	XP_043786190.1	XP_006559584.2	XP_020723828.1
OG0007425	XP_016914105.1	XP_006612071.1	XP_003695182.1	XP_043804279.1	XP_394982.4	XP_012170450.1
OG0007426	XP_016917464.1	XP_006622176.1	XP_003690934.3	XP_043800547.1	XP_006569286.1	XP_012175923.3
OG0007427	XP_016910091.1	XP_006613630.1	XP_012346169.1	XP_043792463.1	XP_006562255.1	XP_012163777.3
OG0007428	XP_016911649.1	XP_006617822.1	XP_012347266.2	XP_043789778.1	XP_006567524.1	XP_012166806.1
OG0007429	XP_061933887.1	XP_031367277.1	XP_086773641.1	XP_043786325.1	XP_016769201.1	XP_012166409.1
OG0007430	XP_016906368.1	XP_006620378.1	XP_003693865.3	XP_043800011.1	XP_026296989.1	XP_003397430.2
OG0007431	XP_016921636.1	XP_006607883.1	XP_003690337.1	XP_043789643.1	XP_624818.1	XP_003397892.1
OG0007432	XP_016921146.1	XP_006610228.1	XP_003689641.1	XP_043788172.1	XP_001121698.2	XP_003400434.1
OG0007433	XP_061935194.1	XP_006610497.1	XP_086769789.1	XP_043787160.1	NP_001171496.1	XP_003397967.1
OG0007434	XP_016911128.1	XP_006607411.1	XP_003695361.1	XP_043786121.1	XP_624369.1	XP_048269195.1
OG0007435	XP_061933319.1	XP_031367313.1	XP_031771778.2	XP_043783991.1	XP_001119992.2	XP_048263676.1
OG0007436	XP_016918729.1	XP_006614200.1	XP_003690919.2	XP_043784195.1	XP_003251354.2	XP_003394138.3
OG0007437	XP_016907140.1	XP_006610276.1	XP_003689682.2	XP_043788214.1	XP_003249995.1	XP_003395192.1
OG0007438	XP_061942541.1	XP_006620529.1	XP_003697868.2	XP_043786613.1	XP_001121123.3	XP_012173702.3
OG0007439	XP_061941972.1	XP_006608191.1	XP_012339649.3	XP_043789070.1	NP_001011572.1	XP_012172140.1
OG0007440	XP_016919444.1	XP_006618334.1	XP_003695327.2	XP_043794662.1	XP_396618.2	XP_003397376.1
OG0007441	XP_061941394.1	XP_006609089.2	XP_003695823.2	XP_043790722.1	XP_001122328.3	XP_020722615.1
OG0007442	XP_061932811.1	XP_031370409.1	XP_086767186.1	XP_043799827.1	XP_397221.5	XP_003397666.1
OG0007443	XP_061933132.1	XP_006618958.1	XP_003692944.1	XP_043795679.1	XP_624287.2	XP_003398605.1
OG0007444	XP_016912316.1	XP_006618183.1	XP_003696573.2	XP_043792763.1	XP_001121569.3	XP_003394511.1
OG0007445	XP_016920125.1	XP_006622311.1	XP_086762891.1	XP_043801807.1	XP_006568998.1	XP_048268520.1
OG0007446	XP_061934951.1	XP_006608656.1	XP_086762475.1	XP_043796808.1	XP_393018.4	XP_048269941.1
OG0007447	XP_016920420.1	XP_006622396.1	XP_031774534.1	XP_043797510.1	XP_006569136.1	XP_003393881.1
OG0007448	XP_061939224.1	XP_006615822.1	XP_086766334.1	XP_043793920.1	XP_016771113.1	XP_003401001.1
OG0007449	XP_061938828.1	XP_006615927.1	XP_003698251.1	XP_043803778.1	NP_001011592.1	XP_003399497.1
OG0007450	XP_016912681.1	XP_006616266.1	XP_003698846.2	XP_043787962.1	XP_397432.2	XP_048270674.1
OG0007451	XP_061930894.1	XP_031370156.1	XP_003696756.1	XP_043793239.1	XP_006565635.1	XP_020718928.1
OG0007452	XP_016913254.1	XP_006620092.1	XP_003695349.1	XP_043794641.1	XP_006560910.1	XP_003397024.1
OG0007453	XP_016917539.1	XP_006613878.1	XP_012339053.2	XP_043784076.1	XP_006562875.3	XP_003398223.3
OG0007454	XP_016913599.1	XP_006611003.1	XP_086765118.1	XP_043785748.1	XP_026300694.1	XP_020722311.2
OG0007455	XP_061931815.1	XP_006617347.1	XP_012347164.1	XP_043785125.1	XP_397369.4	XP_048262052.1
OG0007456	XP_016914050.1	XP_031364555.1	XP_012344061.1	XP_043803841.1	XP_006565309.1	XP_012170454.1
OG0007457	XP_016912806.1	XP_006616335.1	XP_031775750.1	XP_043787643.1	XP_026295179.1	XP_012176091.1
OG0007458	XP_016908795.1	XP_006614689.1	XP_086760046.1	XP_043802016.1	XP_006562728.3	XP_048261145.1
OG0007459	XP_016914592.1	XP_006618999.1	XP_003692926.4	XP_043795985.1	XP_624638.4	XP_003396889.3
OG0007460	XP_061942042.1	XP_006612336.1	XP_086758500.1	XP_043789021.1	XP_006563712.2	XP_048268435.1
OG0007461	XP_028525209.1	XP_006607348.1	XP_012340429.1	XP_043786178.1	NP_001011637.1	XP_003403107.1
OG0007462	XP_016916597.1	XP_006616662.1	XP_003694438.1	XP_043785721.1	XP_623128.1	XP_003400965.1
OG0007463	XP_028524066.1	XP_031367644.1	XP_086765006.1	XP_043785341.1	XP_026300801.1	XP_048268004.1
OG0007464	XP_016912124.1	XP_006620300.1	XP_003696411.2	XP_043792818.1	XP_016767891.1	XP_003401826.1
OG0007465	XP_016916092.1	XP_031370593.1	XP_031776497.1	XP_043786604.1	XP_395530.1	XP_003399493.1
OG0007466	XP_016918801.1	XP_006615618.1	XP_003698237.1	XP_043803903.1	XP_397281.4	XP_012170572.1
OG0007467	XP_016913413.1	XP_006615035.1	XP_012340092.1	XP_043784391.1	XP_623055.1	XP_003396412.1
OG0007468	XP_061926962.1	XP_006620834.1	XP_012351094.1	XP_043803095.1	XP_026294849.1	XP_003394062.1
OG0007469	XP_016921388.1	XP_006621112.1	XP_003697980.1	XP_043803590.1	XP_393186.1	XP_003392963.1
OG0007470	XP_061932251.1	XP_006613845.1	XP_003693907.1	XP_043801036.1	XP_623365.1	XP_003396044.1
OG0007471	XP_061934912.1	XP_006608696.1	XP_086762419.1	XP_043796475.1	XP_006568565.1	XP_012173181.1
OG0007472	XP_061936706.1	XP_031367300.1	XP_086771592.1	XP_043798111.1	XP_003251902.3	XP_003398353.1
OG0007473	XP_016904354.1	XP_006613401.1	XP_012350144.1	XP_043786012.1	XP_001122063.2	XP_003399309.1
OG0007474	XP_016921335.1	XP_006621103.1	XP_003697978.1	XP_043803771.1	XP_393509.2	XP_003392955.1
OG0007475	XP_016915396.1	XP_006612723.1	XP_003694743.2	XP_043785208.1	XP_625050.3	XP_012171144.2
OG0007476	XP_016910397.1	XP_006615261.1	XP_086771345.1	XP_043803229.1	XP_001122467.1	XP_012175635.1
OG0007477	XP_016911356.1	XP_006609748.1	XP_003698769.2	XP_043800647.1	XP_394434.2	XP_003394210.1
OG0007478	XP_016903793.1	XP_031365430.1	XP_086769894.1	XP_043787004.1	XP_006564548.1	XP_003398193.1
OG0007479	XP_016921077.1	XP_006615962.1	XP_086759421.1	XP_043788121.1	XP_006560660.1	XP_003394757.1
OG0007480	XP_016906215.1	XP_006608474.1	XP_003697299.1	XP_043804351.1	XP_006571180.1	XP_012169453.1
OG0007481	XP_028521488.1	XP_006621465.1	XP_012341370.2	XP_043799026.1	XP_006570470.2	XP_003398795.1
OG0007482	XP_061938251.1	XP_006619488.1	XP_003691860.1	XP_043798160.1	XP_397261.2	XP_003399049.1
OG0007483	XP_061934987.1	XP_006624070.1	XP_086761810.1	XP_043796707.1	XP_006569847.1	XP_048269712.1
OG0007484	XP_016904346.1	XP_031366938.1	XP_086769196.1	XP_043795598.1	XP_016773166.1	XP_003396259.1
OG0007485	XP_016915764.1	XP_006616025.1	XP_012349896.1	XP_043788093.1	XP_003249705.1	XP_012163491.1
OG0007486	XP_016917685.1	XP_006624882.1	XP_012342085.1	XP_043801455.1	XP_625157.2	XP_003402589.1
OG0007487	XP_016910649.1	XP_006620821.1	XP_012351026.1	XP_043803328.1	XP_006564781.1	XP_012175769.1
OG0007488	XP_016922528.1	XP_006623178.1	XP_003697082.1	XP_043799360.1	XP_392749.1	XP_003392886.1
OG0007489	XP_016917468.1	XP_006614901.1	XP_003690943.1	XP_043784163.1	NP_001229448.1	XP_048260189.1
OG0007490	XP_016905437.1	XP_006618893.1	XP_003689740.1	XP_043793596.1	XP_006557579.1	XP_003395884.1
OG0007491	XP_061943225.1	XP_006615500.1	XP_031772236.1	XP_043784875.1	XP_006568660.1	XP_003396587.1
OG0007492	XP_016909073.1	XP_006619525.1	XP_003691852.2	XP_043798987.1	XP_006566703.1	XP_012169227.1
OG0007493	XP_016912463.1	XP_006609268.1	XP_003695977.3	XP_043790469.1	XP_001121593.3	XP_020722524.1
OG0007494	XP_016906403.1	XP_006623575.1	XP_003693998.1	XP_043799924.1	XP_006562529.1	XP_003396159.1
OG0007495	XP_016910593.1	XP_006615753.1	XP_003691360.2	XP_043803212.1	XP_026302250.1	XP_003393745.2
OG0007496	XP_028522695.2	XP_031368877.1	XP_012350446.1	XP_043787945.1	XP_006568014.1	XP_012176642.1
OG0007497	XP_016916036.1	XP_031364085.1	XP_086772113.1	XP_043786716.1	XP_026301486.1	XP_020723221.1
OG0007498	XP_016906491.1	XP_006624391.1	XP_031773441.1	XP_043801620.1	XP_392902.1	XP_012166085.1
OG0007499	XP_016907641.1	XP_006610659.1	XP_012350194.1	XP_043788082.1	XP_397252.2	XP_003398753.1
OG0007500	XP_061928193.1	XP_006611659.1	XP_012349035.1	XP_043795419.1	XP_393563.1	XP_003394298.1
OG0007501	XP_016922737.1	XP_006620882.1	XP_003691588.1	XP_043785775.1	XP_393411.1	XP_003398336.1
OG0007502	XP_016916220.1	XP_006620556.1	XP_003697897.1	XP_043786730.1	XP_623505.2	XP_012173680.1
OG0007503	XP_061929116.1	XP_031365879.1	XP_012350481.1	XP_043803151.1	XP_396320.3	XP_012174570.1
OG0007504	XP_016909471.1	XP_006624244.1	XP_031773027.2	XP_043802386.1	XP_016767276.2	XP_048261150.1
OG0007505	XP_016919484.1	XP_006608044.1	XP_003691131.1	XP_043801583.1	XP_003250392.2	XP_012168791.1
OG0007506	XP_016911656.1	XP_006617864.1	XP_012346030.1	XP_043789931.1	XP_001122104.1	XP_003397870.2
OG0007507	XP_016905365.1	XP_006618899.1	XP_012339231.1	XP_043793593.1	XP_006557582.1	XP_012164537.1
OG0007508	XP_061936442.1	XP_006610632.1	XP_012350252.1	XP_043786272.1	XP_624386.1	XP_020719043.1
OG0007509	XP_061936288.1	XP_006620439.1	XP_012340588.2	XP_043787074.1	XP_016769783.2	XP_048265270.1
OG0007510	XP_061935651.1	XP_006618816.1	XP_086761912.1	XP_043789780.1	XP_394772.3	XP_048264891.1
OG0007511	XP_061943419.1	XP_031369846.1	XP_086768214.1	XP_043799325.1	XP_026301222.1	XP_048270535.1
OG0007512	XP_016914948.1	XP_006619106.1	XP_086773249.1	XP_043787030.1	XP_392877.1	XP_003398286.1
OG0007513	XP_016909253.1	XP_006625221.1	XP_086760386.1	XP_043795140.1	NP_001301008.1	XP_012167156.1
OG0007514	XP_016914731.2	XP_006616399.1	XP_086766445.1	XP_043795751.1	XP_016768618.1	XP_003396664.3
OG0007515	XP_016909149.1	XP_006621739.1	XP_003691864.1	XP_043798645.1	XP_006566741.2	XP_003399071.1
OG0007516	XP_016911687.1	XP_006614425.1	XP_003697689.1	XP_043786452.1	XP_003249451.1	XP_003393607.1
OG0007517	XP_016904678.1	XP_006612476.1	XP_012342131.1	XP_043791009.1	XP_003250077.1	XP_048265479.1
OG0007518	XP_016915510.1	XP_006608651.1	XP_012341558.1	XP_043796527.1	XP_016768816.2	XP_048269704.1
OG0007519	XP_016904367.1	XP_031366935.1	XP_012350183.2	XP_043795586.1	XP_623975.1	XP_003396411.1
OG0007520	XP_016917902.1	XP_006608628.1	XP_003689804.1	XP_043802727.1	XP_026296512.1	XP_048261926.1
OG0007521	XP_016906836.1	XP_006613755.1	XP_003696652.1	XP_043792741.1	XP_392378.2	XP_003395712.1
OG0007522	XP_028524228.1	XP_006617317.1	XP_012339728.1	XP_043802690.1	XP_026296858.1	XP_048269658.1
OG0007523	XP_016905002.1	XP_006610930.2	XP_086766099.1	XP_043800505.1	NP_001128140.1	XP_003403265.1
OG0007524	XP_016914960.1	XP_006622597.1	XP_086772324.1	XP_043787176.1	XP_026298944.1	XP_012168247.2
OG0007525	XP_016919115.1	XP_006616166.1	XP_003695501.1	XP_043794303.1	XP_625039.1	XP_012164550.1
OG0007526	XP_016919764.1	XP_006613175.1	XP_003697573.1	XP_043788590.1	XP_395043.3	XP_003396739.1
OG0007527	XP_061931288.1	XP_031367530.1	XP_003696582.1	XP_043792464.1	XP_026296407.1	XP_003402692.1
OG0007528	XP_016908283.1	XP_006618553.1	XP_003691548.1	XP_043799486.1	XP_026297994.1	XP_003397046.1
OG0007529	XP_028521471.1	XP_006616957.1	XP_003694616.1	XP_043802451.1	XP_394503.6	XP_003395212.1
OG0007530	XP_016914644.1	XP_006617764.1	XP_086766063.1	XP_043783978.1	XP_026297623.1	XP_003396811.1
OG0007531	XP_016912356.1	XP_006608077.1	XP_086761198.1	XP_043792529.1	XP_624702.2	XP_003395686.1
OG0007532	XP_016915800.1	XP_006624903.1	XP_012348398.2	XP_043790179.1	XP_026299395.1	XP_012168851.1
OG0007533	XP_061936813.1	XP_006612498.1	XP_086766797.1	XP_043790988.1	XP_396315.6	XP_048265444.1
OG0007534	XP_016911660.1	XP_006614438.1	XP_003697674.2	XP_043786481.1	XP_003249446.3	XP_012171050.1
OG0007535	XP_061937047.1	XP_031365446.1	XP_003689596.1	XP_043784098.1	XP_016769861.1	XP_003398199.2
OG0007536	XP_016908332.1	XP_031367732.1	XP_003691550.2	XP_043799532.1	XP_016769284.1	XP_003397044.1
OG0007537	XP_061934291.1	XP_006610450.1	XP_012350248.2	XP_043789270.1	XP_006562607.1	XP_020723517.2
OG0007538	XP_016917739.1	XP_006623946.1	XP_003689849.2	XP_043802682.1	XP_624317.2	XP_003395863.1
OG0007539	XP_016920082.1	XP_006623369.1	XP_003696851.1	XP_043796602.1	NP_001229456.1	XP_003394019.1
OG0007540	XP_016910354.1	XP_006615735.1	XP_003691103.4	XP_043803006.1	XP_623905.1	XP_003393751.1
OG0007541	XP_016914596.1	XP_006618998.1	XP_003692932.1	XP_043795783.1	XP_393426.1	XP_003396892.1
OG0007542	XP_016911016.1	XP_031365836.1	XP_003698761.1	XP_043795314.1	XP_026295223.1	XP_012176241.1
OG0007543	XP_016905078.1	XP_006623139.1	XP_012347792.1	XP_043803140.1	XP_394372.2	XP_012169824.1
OG0007544	NP_001315413.1	XP_006616039.1	XP_003689693.2	XP_043788219.1	NP_001011578.1	XP_012163499.2
OG0007545	XP_016916905.1	XP_006611819.1	XP_003689962.1	XP_043802322.1	XP_624346.1	XP_003394858.1
OG0007546	XP_061935119.1	XP_006622265.1	XP_003697752.1	XP_043795036.1	XP_624852.1	XP_020720455.1
OG0007547	XP_016906393.1	XP_006614834.1	XP_012342385.1	XP_043799958.1	NP_001011570.1	XP_003396177.1
OG0007548	XP_061931621.1	XP_006624283.1	XP_003689872.1	XP_043802677.1	XP_625098.1	XP_003395302.1
OG0007549	XP_016916403.1	XP_006616921.1	XP_003690350.2	XP_043789391.1	XP_394769.2	XP_003397933.1
OG0007550	XP_061930713.1	XP_031364336.1	XP_003696475.2	XP_043793210.1	XP_006562158.1	XP_020718831.1
OG0007551	XP_061941650.1	XP_006609333.1	XP_003696007.1	XP_043790865.1	XP_624112.1	XP_003401329.1
OG0007552	XP_061932747.1	XP_006620926.1	XP_003692408.1	XP_043800303.1	XP_393438.2	XP_012164652.1
OG0007553	XP_016914343.1	XP_006624435.1	XP_012340211.1	XP_043799807.1	XP_003251676.1	XP_003394807.1
OG0007554	XP_028523003.2	XP_006609579.1	XP_003690873.4	XP_043794744.1	NP_001318046.1	NP_001318040.1
OG0007555	XP_061941511.1	XP_031370896.1	XP_031773779.1	XP_043790882.1	XP_026301462.1	XP_048268668.1
OG0007556	XP_061932698.1	XP_006622837.1	XP_003689781.1	XP_043794286.1	XP_001121501.2	XP_003392994.1
OG0007557	XP_016916706.1	XP_006608153.1	XP_086758696.1	XP_043788912.1	XP_026301344.1	XP_048268605.1
OG0007558	XP_016913682.2	XP_006610945.1	XP_003694370.1	XP_043785452.1	XP_026300747.1	XP_003400665.1
OG0007559	XP_061933882.1	XP_006617642.1	XP_031773453.2	XP_043786131.1	XP_026298321.1	XP_012166557.2
OG0007560	XP_061941653.1	XP_006609355.1	XP_086773920.1	XP_043790442.1	XP_006560766.2	XP_020722781.2
OG0007561	XP_061934491.1	XP_006607637.1	XP_012342678.2	XP_043796465.1	XP_026297818.1	XP_012173012.1
OG0007562	XP_028525758.1	XP_006623197.1	XP_086768338.1	XP_043799416.1	XP_026295530.1	XP_048270455.1
OG0007563	XP_016918965.1	XP_031367185.1	XP_031771906.1	XP_043801804.1	XP_016767160.1	XP_012163251.1
OG0007564	XP_016914236.1	XP_006623295.1	XP_031774243.1	XP_043792748.1	XP_006570258.1	XP_003399765.3
OG0007565	XP_061926940.1	XP_006615772.1	XP_003691355.1	XP_043803202.1	XP_394359.2	XP_003393545.2
OG0007566	XP_061941834.1	XP_006617045.1	XP_003696118.1	XP_043788761.1	XP_006563526.1	XP_012172239.1
OG0007567	XP_016906607.1	XP_006613978.1	XP_003696281.4	XP_043792958.1	XP_395839.1	XP_003395516.1
OG0007568	XP_016918242.1	XP_006612538.1	XP_012341872.2	XP_043796311.1	XP_396685.2	XP_003396791.1
OG0007569	XP_028520665.2	XP_006611869.1	XP_012341654.2	XP_043801817.1	XP_026295771.1	XP_003395217.4
OG0007570	XP_016917373.1	XP_006614879.1	XP_003690948.1	XP_043803227.1	XP_006569916.1	XP_003402853.1
OG0007571	XP_016921933.1	XP_006619367.1	XP_003694115.1	XP_043797198.1	XP_006564653.1	XP_003401708.1
OG0007572	XP_016910359.1	XP_006615731.1	XP_003691367.1	XP_043802951.1	XP_395542.2	XP_003393640.2
OG0007573	XP_016907234.1	XP_006609472.1	XP_003690607.1	XP_043790353.1	XP_001120612.1	XP_003397544.1
OG0007574	XP_016911399.1	XP_006618825.1	XP_003690210.1	XP_043789472.1	XP_392710.3	XP_003397837.1
OG0007575	XP_016911807.1	XP_006615482.1	XP_003693625.1	XP_043784823.1	XP_006568643.1	XP_003396273.1
OG0007576	XP_061942097.1	XP_006620728.1	XP_003692109.1	XP_043791934.1	XP_003250308.1	XP_012172461.1
OG0007577	XP_016908975.1	XP_006619477.1	XP_003691865.1	XP_043798458.1	XP_001121588.2	XP_048265992.1
OG0007578	XP_016919368.2	XP_006617046.1	XP_012345398.1	XP_043788660.1	XP_625224.4	XP_003401089.1
OG0007579	XP_016915847.1	XP_006624771.1	XP_086768655.1	XP_043790111.1	XP_395807.2	XP_003398835.1
OG0007580	XP_016915219.1	XP_006617200.1	XP_003692381.1	XP_043799890.1	XP_623283.1	XP_020723271.1
OG0007581	XP_016913218.1	XP_006620096.1	XP_003695345.1	XP_043794677.1	XP_392468.3	XP_012166293.1
OG0007582	XP_016904374.2	XP_031365169.1	XP_003690526.2	XP_043786373.1	XP_026295005.1	XP_012165975.1
OG0007583	XP_028521869.1	XP_006618485.1	XP_086762262.1	XP_043796637.1	XP_001122159.1	XP_012173116.1
OG0007584	XP_016922259.1	XP_031364525.1	XP_031772197.2	XP_043791138.1	XP_026295545.1	XP_012175836.2
OG0007585	XP_016922116.1	XP_031368226.1	XP_086770258.1	XP_043787448.1	XP_006565092.1	XP_020721971.1
OG0007586	XP_016922783.1	XP_006611499.2	XP_003697446.3	XP_043793773.1	XP_016771930.2	XP_003400506.2
OG0007587	XP_061932668.1	XP_031367032.1	XP_086766837.1	XP_043800364.1	XP_026296944.1	XP_048262650.1
OG0007588	XP_016906542.1	XP_006624334.2	XP_086771036.1	XP_043791744.1	NP_001229369.1	XP_003397685.1
OG0007589	XP_028521758.1	XP_031366969.1	XP_003696068.1	XP_043788772.1	XP_006562660.1	XP_020722552.1
OG0007590	XP_016916521.1	XP_006625106.1	XP_012345935.1	XP_043789580.1	XP_006567474.1	XP_012167532.1
OG0007591	XP_016913421.1	XP_006621150.1	XP_003696198.1	XP_043792295.1	XP_393586.1	XP_003395640.1
OG0007592	XP_016913263.1	XP_006620106.1	XP_012344199.1	XP_043794631.1	XP_006560897.1	XP_012166735.1
OG0007593	XP_016908204.1	XP_006612944.1	XP_003691567.2	XP_043799551.1	XP_397060.3	XP_003397149.1
OG0007594	XP_061930061.1	XP_031368262.1	XP_012343382.1	XP_043802487.1	XP_006567337.1	XP_012171348.1
OG0007595	XP_016907882.1	XP_006614298.1	XP_003691883.1	XP_043799146.1	XP_006566465.1	XP_012169720.2
OG0007596	XP_061942315.1	XP_006615075.1	XP_086772205.1	XP_043797957.1	XP_016772551.2	XP_048266680.1
OG0007597	XP_061942133.1	XP_006622556.1	XP_086773809.1	XP_043791969.1	XP_016772312.2	XP_012169558.1
OG0007598	XP_016904516.1	XP_006613104.1	XP_012347709.1	XP_043795053.1	XP_026298826.1	XP_012167095.1
OG0007599	XP_016911774.1	XP_006611390.1	XP_003696224.1	XP_043792559.1	XP_623878.1	XP_003395449.2
OG0007600	XP_061941541.1	XP_031370945.1	XP_086758504.1	XP_043790896.1	XP_016772106.2	XP_048268397.1
OG0007601	XP_016904764.1	XP_006623512.1	XP_003692213.1	XP_043799296.1	XP_396944.4	XP_012164755.1
OG0007602	XP_016916328.1	XP_006619095.1	XP_003697884.3	XP_043784843.1	XP_395282.2	XP_003402248.1
OG0007603	XP_016905137.1	XP_006610030.1	XP_012344745.2	XP_043785062.1	XP_003249834.2	XP_003398368.2
OG0007604	XP_061942056.1	XP_006612910.1	XP_003695574.2	XP_043794350.1	XP_395702.3	XP_003393017.1
OG0007605	XP_016910072.1	XP_031371358.1	XP_012342736.2	XP_043796646.1	XP_016769285.2	XP_012172938.3
OG0007606	XP_016910650.1	XP_006620786.1	XP_003691322.1	XP_043802939.1	XP_396155.4	XP_003394036.1
OG0007607	XP_028525480.2	XP_006617725.1	XP_012344775.1	XP_043798081.1	XP_026299123.1	XP_012175833.1
OG0007608	XP_016920366.1	XP_006607315.1	XP_003692633.1	XP_043786228.1	XP_001120832.2	XP_003403121.1
OG0007609	XP_016911096.2	XP_006616413.1	XP_086770756.1	XP_043784591.1	XP_006558991.2	XP_020719667.2
OG0007610	XP_016915294.2	XP_006623659.1	XP_031773319.2	XP_043789185.1	NP_001011635.1	XP_003399682.2
OG0007611	XP_016911186.1	XP_006619917.1	XP_003695165.1	XP_043784663.1	XP_006558992.2	XP_012165782.1
OG0007612	XP_016919266.1	XP_006612984.1	XP_003692850.2	XP_043791399.1	NP_001091693.1	XP_003394625.1
OG0007613	XP_016921182.1	XP_006607374.1	XP_086773413.1	XP_043786200.1	XP_001120393.2	XP_003403148.1
OG0007614	XP_061937566.1	XP_006623379.1	XP_003698177.2	XP_043790069.1	XP_392703.4	XP_003398822.1
OG0007615	XP_016904288.1	XP_006607981.1	XP_003690687.1	XP_043795555.1	XP_001122476.1	XP_012166008.1
OG0007616	XP_016917839.1	XP_006617344.1	XP_003697422.1	XP_043785139.1	XP_006559849.1	XP_012173570.1
OG0007617	XP_016905021.1	XP_006623464.1	XP_003692957.1	XP_043800559.1	XP_006564210.1	XP_012168547.1
OG0007618	XP_061936919.1	XP_006609975.1	XP_086766635.1	XP_043784120.1	XP_006562948.1	XP_003398455.1
OG0007619	XP_016920385.1	XP_006607311.1	XP_003692631.1	XP_043786249.1	XP_006559575.1	XP_003403130.1
OG0007620	XP_016910080.1	XP_006617664.1	XP_003695382.1	XP_043786202.1	XP_624642.1	XP_003397109.1
OG0007621	XP_028520873.1	XP_006613686.1	XP_086760775.1	XP_043793305.1	XP_006567883.1	XP_012164263.1
OG0007622	XP_016903802.1	XP_006613940.1	XP_003698309.2	XP_043787009.1	XP_395221.4	XP_003398194.1
OG0007623	XP_016904666.2	XP_006612493.1	XP_003693800.1	XP_043790993.1	XP_624228.1	XP_003398397.1
OG0007624	XP_061941127.1	XP_006611505.1	XP_031774936.1	XP_043793732.1	XP_026300853.1	XP_012171378.2
OG0007625	XP_016920554.2	XP_006625021.1	XP_003692820.1	XP_043787290.1	XP_001122389.1	XP_003398527.2
OG0007626	XP_028521228.1	XP_006614366.1	XP_012339425.1	XP_043798209.1	XP_006566523.1	XP_012169665.1
OG0007627	XP_016905612.1	XP_006619201.1	XP_003698502.3	XP_043786904.1	XP_001119907.2	XP_003398163.2
OG0007628	XP_016908614.1	XP_006608995.1	XP_003698418.1	XP_043786633.1	XP_392671.2	XP_003399816.1
OG0007629	XP_061941014.1	XP_006624182.1	XP_086765235.1	XP_043785617.1	XP_394046.1	XP_003400388.1
OG0007630	XP_016905622.1	XP_006623480.1	XP_012339959.1	XP_043799448.1	XP_395905.2	XP_012164668.1
OG0007631	XP_016921430.2	XP_006621083.1	XP_003697966.1	XP_043803429.1	XP_006570873.1	XP_012172870.1
OG0007632	XP_061934172.1	XP_006615307.1	XP_086773582.1	XP_043799746.1	XP_394718.3	XP_003397384.1
OG0007633	XP_061943046.1	XP_006616103.1	XP_086767992.1	XP_043794503.1	XP_006571706.1	XP_048260397.1
OG0007634	XP_061935291.1	XP_006607911.1	XP_031774140.1	XP_043789350.1	XP_016769616.2	XP_012166798.1
OG0007635	XP_016912980.1	XP_031364861.1	XP_003692322.1	XP_043784325.1	XP_006561341.1	XP_003402313.2
OG0007636	XP_061927454.1	XP_006620033.1	XP_086762790.1	XP_043800697.1	XP_394292.3	XP_003393925.1
OG0007637	XP_016911553.1	XP_006620752.1	XP_012339746.2	XP_043791951.1	XP_026301296.1	XP_003401292.1
OG0007638	XP_061934046.1	XP_006609541.1	XP_012350058.1	XP_043789334.1	XP_001123187.2	XP_048260735.1
OG0007639	XP_016906703.1	XP_006623940.1	XP_003696757.1	XP_043792649.1	XP_003250684.1	XP_003395588.1
OG0007640	XP_016906588.1	XP_006619789.1	XP_012349440.2	XP_043785071.1	XP_006559886.1	XP_003397230.1
OG0007641	XP_061927002.1	XP_031368787.1	XP_031770805.1	XP_043802987.1	XP_006564785.1	XP_012175766.1
OG0007642	XP_016921068.1	XP_006615957.1	XP_003689611.2	XP_043788083.1	XP_001121600.2	XP_012163072.1
OG0007643	XP_028523861.1	XP_006616729.1	XP_086764953.1	XP_043785458.1	XP_006563110.2	XP_003400696.1
OG0007644	XP_016912533.1	XP_006615499.1	XP_086768947.1	XP_043784877.1	XP_006568657.1	XP_003402586.1
OG0007645	XP_016915217.1	XP_006617267.1	XP_003692433.1	XP_043800445.1	XP_623769.1	XP_048262634.1
OG0007646	XP_016919394.2	XP_006617068.1	XP_012345472.2	XP_043788672.1	XP_006563505.1	XP_003401085.1
OG0007647	XP_061942203.1	XP_031364062.1	XP_031773325.2	XP_043789195.1	XP_006563221.1	XP_048266935.1
OG0007648	XP_016919305.1	XP_006612390.1	XP_012340722.1	XP_043791240.1	XP_006569713.1	XP_012173935.1
OG0007649	XP_016911764.1	XP_006615479.1	XP_012341779.1	XP_043784789.1	XP_006568640.1	XP_012165204.1
OG0007650	XP_016910344.1	XP_006623739.2	XP_086770947.1	XP_043792076.1	XP_026297973.1	XP_012166533.1
OG0007651	XP_016911451.1	XP_006615497.1	XP_012341664.3	XP_043784797.1	XP_016773319.1	XP_012165223.1
OG0007652	XP_016914934.1	XP_006621295.1	XP_003697336.1	XP_043787239.1	XP_395252.2	XP_012168221.1
OG0007653	XP_016917003.1	XP_006611839.1	XP_086759922.1	XP_043802307.1	XP_006567190.1	XP_003402479.1
OG0007654	XP_016919127.1	XP_006612908.1	XP_086767923.1	XP_043794542.1	XP_006571383.1	XP_012176532.1
OG0007655	XP_016906343.1	XP_006614833.1	XP_003693841.2	XP_043800404.1	XP_623445.3	XP_012164796.1
OG0007656	XP_028520124.2	XP_006613287.1	XP_012350073.2	XP_043793659.1	XP_393422.3	XP_003396852.1
OG0007657	XP_016909842.1	XP_031367003.1	XP_086774051.1	XP_043789136.1	XP_006563447.1	XP_048268921.1
OG0007658	XP_061940383.1	XP_006613018.1	XP_086764855.1	XP_043785215.1	XP_006562359.1	XP_020721498.1
OG0007659	XP_016906825.1	XP_006621892.1	XP_012345978.2	XP_043792660.1	XP_006567971.1	XP_003395610.1
OG0007660	XP_061934397.1	XP_006607565.1	XP_086762008.1	XP_043796888.1	XP_006563834.1	XP_012174960.1
OG0007661	XP_028525154.1	XP_031368041.1	XP_012343454.1	XP_043801113.1	XP_026300796.1	XP_012171775.1
OG0007662	XP_061933834.1	XP_006623726.1	XP_003698274.1	XP_043792072.1	XP_625147.3	XP_003402687.1
OG0007663	XP_016909308.1	XP_006621645.1	XP_003691911.1	XP_043798416.1	XP_006566799.1	XP_003399103.1
OG0007664	XP_061930856.1	XP_006616630.1	XP_003696761.1	XP_043792431.1	XP_392366.2	XP_003395584.1
OG0007665	XP_016904561.1	XP_006616976.1	XP_003694927.1	XP_043799227.1	XP_624179.3	XP_012164416.1
OG0007666	XP_016917473.2	XP_006614220.1	XP_086764324.1	XP_043801053.1	XP_003251347.2	XP_003394151.2
OG0007667	XP_061938232.1	XP_031368203.1	XP_012339532.3	XP_043798360.1	XP_026299429.1	XP_012169218.1
OG0007668	XP_016921149.1	XP_006615941.1	XP_003689615.3	XP_043788146.1	XP_395873.4	XP_012169521.1
OG0007669	XP_016908622.1	XP_006621059.1	XP_086771077.1	XP_043791804.1	XP_003249075.1	XP_003401940.2
OG0007670	XP_016915185.1	XP_006617262.1	XP_003692518.1	XP_043799785.1	XP_003251601.2	XP_012174712.1
OG0007671	XP_016905580.1	XP_031364653.1	XP_086759532.1	XP_043801357.1	NP_001167616.1	XP_020718419.1
OG0007672	XP_016915844.1	XP_006616021.1	XP_012348139.1	XP_043788058.1	XP_006560654.1	XP_003395060.1
OG0007673	XP_016908190.2	XP_031366148.1	XP_003691494.3	XP_043799644.1	XP_026298285.1	XP_003397320.2
OG0007674	XP_016921773.1	XP_006624040.2	XP_086771620.1	XP_043798060.1	XP_026299276.1	XP_020720805.1
OG0007675	XP_061934514.1	XP_031368123.1	XP_086762079.1	XP_043797148.1	XP_016769032.1	XP_048269446.1
OG0007676	XP_016919771.1	XP_006613238.1	XP_012347376.1	XP_043788615.1	XP_006568157.1	XP_003398706.1
OG0007677	XP_016917486.1	XP_006622971.1	XP_003697934.1	XP_043803544.1	XP_624643.2	XP_003393076.1
OG0007678	XP_061939526.1	XP_006625236.1	XP_086768491.1	XP_043797806.1	XP_006557863.1	XP_003400178.1
OG0007679	XP_016915489.1	XP_006621983.1	XP_003695438.2	XP_043797360.1	XP_026298027.1	XP_003402001.1
OG0007680	XP_016904870.1	XP_006612592.1	XP_003693589.1	XP_043796166.1	XP_624816.1	XP_003396389.1
OG0007681	XP_016915436.2	XP_006612780.1	XP_086765211.1	XP_043785995.1	XP_006565760.1	XP_048268176.1
OG0007682	XP_016906388.1	XP_006617422.1	XP_003697600.1	XP_043791821.1	XP_016769416.1	XP_003397703.2
OG0007683	XP_016908706.1	XP_006616228.1	XP_003690088.1	XP_043801110.1	XP_391996.4	XP_003400807.1
OG0007684	XP_016913841.2	XP_006609576.1	XP_086770347.1	XP_043794910.1	XP_016771279.2	XP_048267546.1
OG0007685	XP_061931740.1	XP_006617292.1	XP_086771988.1	XP_043802802.1	XP_006557289.1	XP_048261656.1
OG0007686	XP_016906119.1	XP_006611851.1	XP_003689974.1	XP_043801827.1	XP_624998.3	XP_003402400.1
OG0007687	XP_016918130.2	XP_006621025.1	XP_003696174.1	XP_043793957.1	XP_006558378.1	XP_012172468.2
OG0007688	XP_016913833.2	XP_031367454.1	XP_086770424.1	XP_043791562.1	XP_026300539.1	XP_012171016.2
OG0007689	XP_016918322.1	XP_006607605.1	XP_003694148.4	XP_043797008.1	XP_396906.3	XP_020722966.1
OG0007690	XP_016913141.1	XP_006612003.1	XP_003695229.1	XP_043804016.1	XP_001122523.1	XP_003399931.1
OG0007691	XP_016911085.1	XP_006623353.1	XP_003693768.2	XP_043784477.1	XP_393351.4	XP_012165120.1
OG0007692	XP_028520068.1	XP_031366106.1	XP_012350263.2	XP_043795540.1	XP_026297746.1	XP_048263596.1
OG0007693	XP_061934175.1	XP_006615321.1	XP_012338806.2	XP_043799631.1	XP_006561512.1	XP_048264126.1
OG0007694	XP_016909921.2	XP_006609862.1	XP_031772743.2	XP_043797281.1	XP_006564680.2	XP_012173239.2
OG0007695	XP_016913973.1	XP_006612040.1	XP_003695271.1	XP_043804098.1	XP_624019.1	XP_003399716.1
OG0007696	XP_061934026.1	XP_006607301.1	XP_003692624.1	XP_043786164.1	XP_392556.3	XP_048269530.1
OG0007697	XP_016909553.1	XP_006610885.1	XP_003697380.1	XP_043804293.1	XP_391935.5	XP_012170202.2
OG0007698	XP_028525306.2	XP_006615958.1	XP_012350386.3	XP_043788076.1	XP_026296195.1	XP_003394750.2
OG0007699	XP_061941473.1	XP_006609175.1	XP_003695947.1	XP_043790589.1	XP_016772117.1	XP_012172782.1
OG0007700	XP_016920218.2	XP_031364756.1	XP_031774605.2	XP_043802570.1	XP_026295088.1	XP_012173604.2
OG0007701	XP_016906972.1	XP_006609976.1	XP_012339088.2	XP_043784086.1	XP_624175.3	XP_012168183.1
OG0007702	XP_016916244.2	XP_006611300.1	XP_012350753.2	XP_043786585.1	XP_026301681.1	XP_012169864.2
OG0007703	XP_016919359.2	XP_006617453.1	XP_003690021.2	XP_043801883.1	XP_006567237.1	XP_003395274.1
OG0007704	XP_061930517.1	XP_031364472.1	XP_086759793.1	XP_043801711.1	XP_006569353.1	XP_003402426.2
OG0007705	XP_016912204.1	XP_006618161.2	XP_012346157.2	XP_043792467.1	XP_006567671.1	XP_012173969.1
OG0007706	XP_061927694.1	XP_031367577.1	XP_086763049.1	XP_043796791.1	XP_026294641.1	XP_048270485.1
OG0007707	XP_016918350.1	XP_006607578.1	XP_086762014.1	XP_043797342.1	XP_003250340.3	XP_048269309.1
OG0007708	XP_061930828.1	XP_031366687.1	XP_086760991.1	XP_043792934.1	XP_026296438.1	XP_048261959.1
OG0007709	XP_016916988.2	XP_006611776.1	XP_003691472.2	XP_043802287.1	XP_016767283.1	XP_012163368.1
OG0007710	XP_016921211.1	XP_006607302.1	XP_003692629.1	XP_043786191.1	XP_006559585.1	XP_012175140.1
OG0007711	XP_016913175.1	XP_006618342.1	XP_003695328.1	XP_043794663.1	XP_624054.3	XP_012166668.1
OG0007712	XP_061934166.1	XP_006615296.1	XP_012338929.1	XP_043799718.1	XP_026297968.1	XP_012166278.1
OG0007713	XP_016912983.1	XP_006612653.1	XP_012339992.1	XP_043784352.1	XP_006561344.1	XP_003402314.1
OG0007714	XP_016915517.1	XP_006608668.1	XP_003693402.3	XP_043796679.1	XP_026298160.1	XP_012173154.1
OG0007715	XP_061926874.1	XP_031370229.1	XP_086767948.1	XP_043794154.1	XP_006571404.1	XP_048261460.1
OG0007716	XP_016909325.2	XP_006621735.1	XP_086761646.1	XP_043798425.1	XP_396705.4	XP_003399074.1
OG0007717	XP_016905476.1	XP_006621328.1	XP_003689714.1	XP_043793569.1	XP_026297098.1	XP_003402732.1
OG0007718	XP_016910947.1	XP_006611612.1	XP_003698650.3	XP_043795358.1	XP_392295.3	XP_003394325.1
OG0007719	XP_016908670.1	XP_006624558.1	XP_012342909.1	XP_043793883.1	XP_006559330.1	XP_003401448.1
OG0007720	XP_016907902.1	XP_006613043.1	XP_012347747.1	XP_043795147.1	XP_006561658.1	XP_012167124.1
OG0007721	XP_061931859.1	XP_006616877.1	XP_086771998.1	XP_043793614.1	XP_026297288.1	XP_003403296.3
OG0007722	XP_016917518.1	XP_006608244.1	XP_003692186.2	XP_043788658.1	XP_006563595.1	XP_003401036.2
OG0007723	XP_061943452.1	XP_006615554.1	XP_012341753.2	XP_043784761.1	XP_026295919.1	XP_012165054.1
OG0007724	XP_061932265.1	XP_006613805.1	XP_003693894.1	XP_043800982.1	XP_026297019.1	XP_003396134.1
OG0007725	XP_061928741.1	XP_031367243.1	XP_086765709.1	XP_043788035.1	XP_001121746.2	XP_003394564.2
OG0007726	XP_061933881.1	XP_006617651.1	XP_012344289.2	XP_043786383.1	XP_026298167.1	XP_012166555.2
OG0007727	XP_016916091.2	XP_031370595.1	XP_086772276.1	XP_043786694.1	XP_006557849.1	XP_003399622.1
OG0007728	XP_061934763.1	XP_006610375.1	XP_003693346.3	XP_043796981.1	XP_026298265.1	XP_003401816.1
OG0007729	XP_016916371.1	XP_006622811.1	XP_086763942.1	XP_043797868.1	XP_006557761.1	XP_003399989.1
OG0007730	XP_016913529.2	XP_006624958.2	XP_086760362.1	XP_043792953.1	XP_006570251.1	XP_003399757.2
OG0007731	XP_016912532.2	XP_031370918.1	XP_086758814.1	XP_043790894.1	XP_026301305.1	XP_003401363.2
OG0007732	XP_016921156.1	XP_006615969.1	XP_012348326.1	XP_043788152.1	XP_006560665.1	XP_020718486.1
OG0007733	XP_061939552.1	XP_031370327.1	XP_086764028.1	XP_043791629.1	XP_006558516.1	XP_003400326.2
OG0007734	XP_016904536.1	XP_006612789.1	XP_012346797.1	XP_043800856.1	XP_003251836.1	XP_012168484.1
OG0007735	XP_028524156.1	XP_031366489.1	XP_012339070.1	XP_043784215.1	XP_026298908.1	XP_012168199.1
OG0007736	XP_061938736.1	XP_031371271.1	XP_086767047.1	XP_043793890.1	XP_006557659.1	XP_048268761.1
OG0007737	XP_016919962.1	XP_031366655.1	XP_003695130.2	XP_043791479.1	XP_391949.4	XP_003400188.1
OG0007738	XP_028522480.1	XP_031368317.1	XP_031775660.2	XP_043795428.1	XP_016770574.1	XP_003398951.1
OG0007739	XP_061939018.1	XP_031364545.1	XP_086763702.1	XP_043804106.1	XP_026300236.1	XP_012170254.2
OG0007740	XP_016914125.1	XP_006615641.1	XP_086763818.1	XP_043803975.1	XP_001120703.1	XP_048266872.1
OG0007741	XP_061929325.1	XP_006622028.1	XP_012349197.1	XP_043795281.1	XP_006557300.1	XP_048260437.1
OG0007742	XP_016905031.1	XP_031367944.1	XP_031771864.2	XP_043800529.1	XP_006564338.1	XP_012168473.1
OG0007743	XP_016919212.2	XP_006621950.1	XP_003690026.1	XP_043802351.1	XP_003250988.1	XP_003402489.1
OG0007744	XP_028524106.1	XP_006618388.1	XP_012343590.1	XP_043785625.1	XP_006564883.1	XP_003400623.1
OG0007745	XP_016919914.1	XP_006616480.1	XP_012343927.2	XP_043791499.1	XP_393336.2	XP_012170950.1
OG0007746	XP_016916874.2	XP_006609123.1	XP_012344933.2	XP_043790839.1	XP_006559103.2	XP_012172732.2
OG0007747	XP_016918874.1	XP_006624110.1	XP_012344642.1	XP_043794479.1	XP_006571388.1	XP_003393008.2
OG0007748	XP_061939827.1	XP_006609704.1	XP_086770532.1	XP_043794751.1	XP_006560423.2	XP_048267567.1
OG0007749	XP_016908404.1	XP_006624686.1	XP_012347821.1	XP_043795844.1	XP_006566028.2	XP_012171822.1
OG0007750	XP_016920943.1	XP_006621279.1	XP_003696508.1	XP_043792809.1	XP_397030.3	XP_003394645.1
OG0007751	XP_016919088.1	XP_006616108.1	XP_003695468.1	XP_043794100.1	XP_392172.1	XP_012165063.1
OG0007752	XP_016913000.2	XP_006612702.1	XP_012340030.2	XP_043784369.1	XP_006561302.1	XP_020718971.2
OG0007753	XP_061937117.1	XP_031370638.1	XP_086764868.1	XP_043784677.1	XP_006557488.1	XP_048263614.1
OG0007754	XP_061931671.1	XP_006624804.1	XP_003689835.4	XP_043802731.1	XP_026296469.1	XP_003395320.1
OG0007755	XP_016911380.2	XP_006609775.1	XP_003698590.2	XP_043788505.1	XP_016766735.2	XP_012176331.2
OG0007756	XP_016907728.1	XP_031363870.1	XP_031776289.2	XP_043786075.1	NP_001239359.1	XP_003399212.2
OG0007757	XP_016905758.1	XP_006610311.1	XP_086764227.1	XP_043797618.1	XP_006558866.1	XP_020719946.1
OG0007758	XP_016907932.1	XP_006614400.1	XP_031771078.1	XP_043799109.1	XP_026299644.1	XP_048266440.1
OG0007759	XP_016904670.1	XP_006612120.1	XP_003695678.1	XP_043795625.1	XP_393642.5	XP_012168095.2
OG0007760	XP_016905635.1	XP_006624420.1	XP_003692281.3	XP_043799446.1	XP_395353.1	XP_003402305.3
OG0007761	XP_016915203.1	XP_006617189.1	XP_003692390.1	XP_043800325.1	XP_624899.1	XP_003402287.1
OG0007762	XP_016922523.1	XP_006623180.1	XP_003697080.3	XP_043799407.1	XP_016767286.1	XP_003392884.1
OG0007763	XP_016916167.1	XP_006620510.1	XP_003697909.1	XP_043786610.1	XP_624077.3	XP_012173712.1
OG0007764	XP_061934336.1	XP_006607509.1	XP_003693293.1	XP_043797023.1	XP_392857.2	XP_012175060.1
OG0007765	XP_028525389.1	XP_006622949.1	XP_012348212.1	XP_043803436.1	XP_006570778.1	XP_012163556.1
OG0007766	XP_016916241.1	XP_006615062.2	XP_086772288.1	XP_043797955.1	XP_396830.4	XP_003402214.2
OG0007767	XP_028524411.1	XP_006607588.1	XP_003694166.1	XP_043797305.1	XP_393480.5	XP_003403100.1
OG0007768	XP_061929122.1	XP_006614869.1	XP_012350536.1	XP_043802563.1	XP_026295588.1	XP_048260513.1
OG0007769	XP_016919194.1	XP_006624111.1	XP_003695576.1	XP_043794470.1	XP_392830.2	XP_048261467.1
OG0007770	XP_016907773.1	XP_006614311.1	XP_031771180.2	XP_043798941.1	XP_026299313.1	XP_012169677.2
OG0007771	XP_016917264.1	XP_006621772.1	XP_086765069.1	XP_043786068.1	XP_016771683.2	XP_048267821.1
OG0007772	XP_061930037.1	XP_006619773.1	XP_012343379.3	XP_043802398.1	XP_026295731.1	XP_012171337.1
OG0007773	XP_016922375.1	XP_006607280.1	XP_003692613.1	XP_043786219.1	NP_001011626.2	XP_003401858.1
OG0007774	XP_061940085.1	XP_006614541.1	XP_012343166.2	XP_043787519.1	XP_006565104.1	XP_012170838.1
OG0007775	XP_016905385.2	XP_006618877.1	XP_003689737.1	XP_043793606.1	XP_006557561.1	XP_048262477.1
OG0007776	XP_028521649.2	XP_031370291.1	XP_086759655.1	XP_043802435.1	XP_026295980.1	XP_012174115.1
OG0007777	XP_016911867.1	XP_031365462.1	XP_086760692.1	XP_043792372.1	XP_026296456.1	XP_020718634.2
OG0007778	XP_016905412.2	XP_031367855.1	XP_031771028.2	XP_043793639.1	XP_016768215.2	XP_003395895.1
OG0007779	XP_016915755.1	XP_006624119.1	XP_086759583.1	XP_043797395.1	XP_624136.4	XP_048261530.1
OG0007780	XP_016909248.1	XP_006621622.1	XP_003691913.1	XP_043798517.1	XP_016770365.1	XP_003399117.1
OG0007781	XP_061927791.1	XP_006614449.1	XP_086763981.1	XP_043786460.1	XP_003249448.2	XP_048270269.1
OG0007782	XP_061927998.1	XP_006623823.1	XP_031774671.1	XP_043800894.1	XP_026294636.1	XP_003402227.1
OG0007783	XP_061937453.1	XP_006620302.1	XP_012348427.1	XP_043790084.1	XP_026299344.1	XP_003399158.1
OG0007784	XP_028522739.1	XP_006616267.1	XP_086765484.1	XP_043787614.1	XP_624898.3	XP_003394619.1
OG0007785	XP_016920332.1	XP_006622373.1	XP_012346588.2	XP_043796657.1	XP_006569113.1	XP_003393888.1
OG0007786	XP_016921440.2	XP_006622552.1	XP_003697915.2	XP_043803458.1	XP_001120512.5	XP_012163331.1
OG0007787	XP_016915719.2	XP_006624124.1	XP_031772782.1	XP_043797410.1	XP_026296041.1	XP_003395131.1
OG0007788	XP_016922572.1	XP_006623335.1	XP_086767889.1	XP_043794430.1	XP_003251788.1	XP_003393359.2
OG0007789	XP_061930447.1	XP_031364489.1	XP_086759881.1	XP_043802320.1	XP_006569404.2	XP_020718336.1
OG0007790	XP_016918568.1	XP_006621956.1	XP_003690032.1	XP_043802156.1	XP_006567287.1	XP_003402488.1
OG0007791	XP_016904859.1	XP_006613109.1	XP_086758867.1	XP_043795246.1	XP_026298485.1	XP_048264739.1
OG0007792	XP_061942760.1	XP_031364060.1	XP_003690120.1	XP_043789223.1	XP_392107.4	XP_003399655.2
OG0007793	XP_061929235.1	XP_031364538.1	XP_086770147.1	XP_043791208.1	XP_026295547.1	XP_048260387.1
OG0007794	XP_061940273.1	XP_006619306.1	XP_003690097.1	XP_043801182.1	XP_006560286.1	XP_003400735.1
OG0007795	XP_016920600.1	XP_006620436.1	XP_012340578.1	XP_043786831.1	XP_006566169.1	XP_012168337.2
OG0007796	XP_016915471.2	XP_006620896.1	XP_003694851.2	XP_043785504.1	XP_394034.5	XP_020722179.2
OG0007797	XP_028521632.2	XP_031370049.1	XP_086760145.1	XP_043801738.1	XP_026295809.1	XP_012163341.2
OG0007798	XP_016906814.1	XP_006613679.2	XP_012346077.2	XP_043793368.1	XP_006567890.1	XP_012164385.2
OG0007799	XP_061934549.1	XP_006619396.1	XP_003694112.1	XP_043796444.1	XP_006564637.1	XP_012173067.1
OG0007800	XP_016905096.2	XP_006607819.1	XP_012348880.3	XP_043789977.1	XP_003249923.1	XP_003397557.1
OG0007801	XP_016910154.1	XP_006613971.1	XP_012345865.1	XP_043792104.1	XP_006562207.1	XP_003395507.1
OG0007802	XP_061931692.1	XP_006608634.1	XP_086772092.1	XP_043802722.1	XP_393085.2	XP_012164469.1
OG0007803	XP_061941836.1	XP_031366995.1	XP_003696123.1	XP_043788694.1	XP_625223.2	XP_003401110.1
OG0007804	XP_016917412.1	XP_006614883.1	XP_086764345.1	XP_043800777.1	XP_026295156.1	XP_020724081.2
OG0007805	XP_016917612.1	XP_006616057.1	XP_003691658.1	XP_043784078.1	XP_393709.3	XP_003398232.1
OG0007806	XP_061933962.1	XP_006607386.1	XP_003692566.1	XP_043786221.1	NP_001012633.1	XP_003403156.1
OG0007807	XP_016906239.1	XP_006625145.1	XP_003694947.1	XP_043796013.1	XP_003249688.1	XP_003393560.1
OG0007808	XP_016913842.1	XP_006623303.1	XP_012345880.1	XP_043792357.1	XP_001121869.2	XP_048266889.1
OG0007809	XP_061936922.1	XP_006609978.1	XP_003691622.1	XP_043784116.1	XP_624146.2	XP_012175372.1
OG0007810	XP_016914442.1	XP_006611159.2	XP_012341189.1	XP_043804419.1	XP_006569529.1	XP_012165509.1
OG0007811	XP_016904660.2	XP_006614611.1	XP_003689587.1	XP_043798114.1	XP_393726.2	XP_003398245.1
OG0007812	XP_016907681.1	XP_031363906.1	XP_086769505.1	XP_043788442.1	XP_001122450.1	XP_003398993.1
OG0007813	XP_016904254.1	XP_006620227.1	XP_003690566.1	XP_043795533.1	XP_006557451.1	XP_003396608.1
OG0007814	XP_016917476.1	XP_006614863.1	XP_003690958.1	XP_043802776.1	XP_394382.2	XP_003402866.1
OG0007815	XP_016911879.1	XP_031366688.1	XP_031774165.2	XP_043792353.1	XP_006564281.1	XP_012163799.2
OG0007816	XP_061935141.1	XP_006613033.1	XP_012347722.3	XP_043795051.1	XP_624777.3	XP_003397582.1
OG0007817	XP_061932851.1	XP_031366878.1	XP_086767208.1	XP_043799901.1	XP_026297348.1	XP_048264551.1
OG0007818	XP_016907484.1	XP_006610723.1	XP_086769503.1	XP_043788010.1	XP_001122463.2	XP_003396471.1
OG0007819	XP_061938497.1	XP_031369244.1	XP_086761424.1	XP_043798667.1	XP_006570497.1	XP_048266075.1
OG0007820	XP_061932918.1	XP_006621141.1	XP_086772825.1	XP_043803703.1	XP_006570923.2	XP_003393415.2
OG0007821	XP_061938711.1	XP_006610869.1	XP_012347069.1	XP_043804302.1	XP_006566912.2	XP_012170207.1
OG0007822	XP_061937194.1	XP_031365332.1	XP_003691071.3	XP_043784597.1	XP_001121441.3	XP_048263412.1
OG0007823	XP_061927766.1	XP_031365669.1	XP_031775097.1	XP_043786474.1	XP_006559176.2	XP_048270315.1
OG0007824	XP_061934146.1	XP_031365015.1	XP_003691477.1	XP_043799620.1	XP_395098.4	XP_020719824.1
OG0007825	XP_061930140.1	XP_031370101.1	XP_086760171.1	XP_043802443.1	XP_006567290.1	XP_012174084.1
OG0007826	XP_061936040.1	XP_031367984.1	XP_012348904.2	XP_043787241.1	XP_016770057.2	XP_020720641.1
OG0007827	XP_016920972.1	XP_006622036.1	XP_003696370.1	XP_043793433.1	XP_026296717.1	XP_003394661.1
OG0007828	XP_016906929.1	XP_031369940.1	XP_086760786.1	XP_043792413.1	XP_016767784.1	XP_003395407.1
OG0007829	XP_016920352.1	XP_006620026.1	XP_012346443.1	XP_043802549.1	XP_006568962.1	XP_012174079.1
OG0007830	XP_016918759.1	XP_006614198.1	XP_003691010.1	XP_043798294.1	XP_026295632.1	XP_048270572.1
OG0007831	XP_061940867.1	XP_031369273.1	XP_086765156.1	XP_043785927.1	XP_016771742.1	XP_048268088.1
OG0007832	XP_016903919.1	XP_006609017.1	XP_003696965.1	XP_043797237.1	XP_001122210.1	XP_003393671.1
OG0007833	XP_061929607.1	XP_031364645.1	XP_003691711.1	XP_043784912.1	XP_006558733.1	XP_003394941.1
OG0007834	XP_016922843.1	XP_031364367.1	XP_003697530.1	XP_043793689.1	XP_006558840.1	XP_003400497.1
OG0007835	XP_016920350.1	XP_006622350.1	XP_086762542.1	XP_043800512.1	XP_001121567.1	XP_003393802.1
OG0007836	XP_016910520.2	XP_006622191.1	XP_003691395.1	XP_043803114.1	XP_624725.1	XP_003393589.1
OG0007837	XP_016914083.1	XP_006612022.1	XP_012344162.1	XP_043804061.1	XP_006567039.1	XP_020721488.1
OG0007838	XP_016922812.1	XP_006611557.1	XP_012347249.1	XP_043793802.1	XP_006557614.1	XP_048267930.1
OG0007839	XP_061930545.1	XP_031370187.1	XP_086772893.1	XP_043803671.1	XP_395654.5	XP_048264377.1
OG0007840	XP_061940027.1	XP_006624962.1	XP_086768800.1	XP_043797757.1	XP_026300415.1	XP_020718317.1
OG0007841	XP_061939666.1	XP_006609568.1	XP_086770595.1	XP_043795011.1	XP_026300561.1	XP_048267385.1
OG0007842	XP_016910052.1	XP_006609877.1	XP_012342779.2	XP_043797292.1	XP_001121847.4	XP_048269419.1
OG0007843	XP_016908551.2	XP_006608911.1	XP_086767769.1	XP_043790122.1	XP_026300196.1	XP_048266820.1
OG0007844	XP_016921557.1	XP_006607889.1	XP_003690487.2	XP_043789570.1	XP_026298532.1	XP_003397886.1
OG0007845	XP_061942269.1	XP_006625046.1	XP_086772222.1	XP_043798028.1	XP_006557799.1	XP_003402215.1
OG0007846	XP_016908662.1	XP_006624560.1	XP_012342902.1	XP_043793938.1	XP_003249464.1	XP_003401447.1
OG0007847	XP_061934765.1	XP_006610399.1	XP_086762381.1	XP_043796983.1	XP_394762.4	XP_003401677.2
OG0007848	XP_016912964.1	XP_006621182.1	XP_012345645.1	XP_043792588.1	XP_006570297.1	XP_020718888.2
OG0007849	XP_016916992.1	XP_006611820.1	XP_086759901.1	XP_043802290.1	XP_026296222.1	XP_003394857.1
OG0007850	XP_016917939.1	XP_006621363.1	XP_003692743.1	XP_043791358.1	XP_393673.3	XP_003398057.1
OG0007851	XP_016907314.1	XP_006609496.1	XP_086769410.1	XP_043789910.1	XP_006561990.1	XP_003397456.2
OG0007852	XP_016912657.2	XP_006616341.1	XP_086765592.1	XP_043787877.1	XP_016766741.1	XP_012176086.1
OG0007853	XP_061943265.1	XP_006622649.1	XP_003697251.2	XP_043801351.1	XP_003251700.2	XP_003393199.2
OG0007854	XP_061931662.1	XP_006618112.1	XP_086772995.1	XP_043803757.1	XP_026301899.1	XP_003393084.1
OG0007855	XP_061941184.1	XP_031364393.1	XP_012347264.1	XP_043793822.1	XP_026300762.1	XP_012171888.1
OG0007856	XP_016909851.1	XP_006621072.1	XP_003697612.3	XP_043791901.1	XP_026298829.1	XP_003401928.1
OG0007857	XP_016922072.2	XP_006614599.1	XP_012343203.2	XP_043787466.1	XP_001120814.2	XP_048267205.1
OG0007858	XP_016912556.1	XP_006624625.1	XP_012341924.3	XP_043796330.1	XP_624006.3	XP_003396313.1
OG0007859	XP_016908704.1	XP_006616216.1	XP_012343292.1	XP_043801231.1	XP_006560290.1	XP_012171843.1
OG0007860	XP_016922184.1	XP_006614551.1	XP_086770339.1	XP_043787576.1	XP_016771427.1	XP_020721814.1
OG0007861	XP_016921162.1	XP_006607378.1	XP_003697667.1	XP_043786096.1	XP_006559501.1	XP_003403151.1
OG0007862	XP_016907313.1	XP_006609494.1	XP_086769424.1	XP_043789830.1	XP_624297.2	XP_003397455.1
OG0007863	XP_016911058.1	XP_031367810.1	XP_086770072.1	XP_043795443.1	XP_016766928.1	XP_048260670.1
OG0007864	XP_016912507.1	XP_031370806.1	XP_003695949.1	XP_043790344.1	XP_026301117.1	XP_012172790.1
OG0007865	XP_016915268.2	XP_006610808.1	XP_003690138.2	XP_043789169.1	XP_396852.2	XP_003399971.1
OG0007866	XP_016912458.1	XP_031370921.1	XP_012345333.1	XP_043790912.1	XP_016772179.2	XP_012172326.2
OG0007867	XP_016909636.1	XP_006607145.1	XP_086770577.1	XP_043795003.1	XP_392577.4	XP_048267323.1
OG0007868	XP_061931826.1	XP_006623926.1	XP_003691575.1	XP_043785154.1	NP_001104725.1	XP_048262026.1
OG0007869	XP_061939591.1	XP_031367458.1	XP_086763982.1	XP_043791531.1	XP_006558573.2	XP_012170989.1
OG0007870	XP_016906619.1	XP_006624368.1	XP_003693565.1	XP_043796125.1	XP_393349.3	XP_048263551.1
OG0007871	XP_016918030.2	XP_006616809.1	XP_012340761.1	XP_043786809.1	XP_006566268.1	XP_020720622.1
OG0007872	XP_016915503.1	XP_006625190.2	XP_003695448.1	XP_043796743.1	XP_016769188.1	XP_003397473.1
OG0007873	XP_028521193.2	XP_006614144.1	XP_086771895.1	XP_043798948.1	XP_006566385.1	XP_048266293.1
OG0007874	XP_016906984.1	XP_006625181.1	XP_003698106.1	XP_043801561.1	XP_006563370.1	XP_012168818.1
OG0007875	XP_016918198.1	XP_031364807.1	XP_012341767.3	XP_043796292.1	XP_016772147.2	XP_012165421.2
OG0007876	XP_016907432.1	XP_006610642.1	XP_003690757.1	XP_043788876.1	XP_001119900.1	XP_048262462.1
OG0007877	XP_016914166.1	XP_006611875.1	XP_003696250.1	XP_043793203.1	XP_006570273.1	XP_012164130.1
OG0007878	XP_061936105.1	XP_006619128.1	XP_086773336.1	XP_043787387.1	XP_006565618.1	XP_012167959.1
OG0007879	XP_016922258.1	XP_006611954.1	XP_012341633.1	XP_043791143.1	XP_625027.1	XP_003394099.1
OG0007880	XP_061935389.1	XP_006610078.1	XP_012347571.1	XP_043789906.1	XP_006561839.1	XP_012167060.2
OG0007881	XP_016908959.1	XP_006621654.1	XP_012339365.1	XP_043798400.1	XP_016770294.1	XP_012169313.1
OG0007882	XP_061931698.1	XP_006608630.1	XP_012340267.1	XP_043802715.1	XP_026296371.1	XP_003395333.1
OG0007883	XP_016905621.1	XP_006622271.1	XP_012347729.1	XP_043795126.1	XP_006561629.1	XP_012167152.1
OG0007884	XP_061929996.1	XP_006619677.1	XP_086759756.1	XP_043801981.1	XP_001120011.1	XP_003395029.1
OG0007885	XP_016911901.1	XP_006611440.1	XP_012346237.2	XP_043792384.1	XP_625143.2	XP_048261799.1
OG0007886	XP_016918499.1	XP_031367199.1	XP_003690058.1	XP_043801863.1	XP_006567249.1	XP_012163246.1
OG0007887	XP_016920020.1	XP_006618947.1	XP_003696156.1	XP_043793832.1	XP_393835.1	XP_012172645.1
OG0007888	XP_016905200.1	XP_006609133.1	XP_003695929.1	XP_043790302.1	XP_001119855.2	XP_048268863.1
OG0007889	XP_016904320.1	XP_006613327.2	XP_003690567.2	XP_043788283.1	XP_026301310.1	XP_012176761.1
OG0007890	XP_016921207.1	XP_006607304.1	XP_003692628.1	XP_043786185.1	XP_006559579.1	XP_048269521.1
OG0007891	XP_016922628.1	XP_006622671.1	XP_012346911.2	XP_043801319.1	XP_006571251.1	XP_003393208.1
OG0007892	XP_016908262.1	XP_006618554.1	XP_003691549.1	XP_043799570.1	XP_026297917.1	XP_012166327.1
OG0007893	XP_016905117.1	XP_006610897.1	XP_012348743.1	XP_043784303.1	XP_026300079.1	XP_048267002.1
OG0007894	XP_016918216.1	XP_006612586.1	XP_003693590.1	XP_043796025.1	XP_397439.4	XP_003396392.1
OG0007895	XP_061941195.1	XP_006611541.1	XP_086770811.1	XP_043793828.1	XP_393588.2	XP_003400822.1
OG0007896	XP_016921925.1	XP_006619366.1	XP_012342523.1	XP_043797192.1	XP_006564656.1	XP_003401707.2
OG0007897	XP_016911548.1	XP_006620774.1	XP_012348265.2	XP_043791939.1	XP_006563758.1	XP_003399433.1
OG0007898	XP_016919108.1	XP_006608306.1	XP_003695661.1	XP_043794258.1	XP_623637.3	XP_003393296.1
OG0007899	XP_016908962.1	XP_006621649.1	XP_003691897.1	XP_043798404.1	XP_396596.1	XP_020721075.1
OG0007900	XP_016921661.1	XP_006610878.1	XP_086763576.1	XP_043803865.1	XP_391934.3	XP_003399692.1
OG0007901	XP_016919694.1	XP_006607738.1	XP_003699022.1	XP_043797544.1	NP_001229449.1	XP_003397253.1
OG0007902	XP_016918159.1	XP_006612554.1	XP_012341797.1	XP_043796135.1	XP_392780.2	XP_012165932.1
OG0007903	XP_061931651.1	XP_006624802.1	XP_003689800.1	XP_043802697.1	XP_397589.3	XP_012164442.1
OG0007904	XP_016919202.1	XP_006614961.1	XP_003695554.1	XP_043794340.1	XP_003251758.1	XP_003393301.1
OG0007905	XP_016915837.1	XP_006623099.1	XP_003698167.1	XP_043790112.1	XP_624438.1	XP_003398805.1
OG0007906	XP_016905369.1	XP_006618917.1	XP_086771865.1	XP_043793509.1	XP_006559119.1	XP_003402905.1
OG0007907	XP_016921076.1	XP_006615954.1	XP_003689609.1	XP_043788130.1	XP_026296194.1	XP_003394753.1
OG0007908	XP_016921749.1	XP_031370221.1	XP_012344772.1	XP_043798071.1	XP_006572136.1	XP_012167773.1
OG0007909	XP_016906154.1	XP_006610843.1	XP_012347080.1	XP_043803866.1	XP_392894.1	XP_012170299.1
OG0007910	XP_061935656.1	XP_006616917.1	XP_012345800.1	XP_043789379.1	XP_006567437.1	XP_012167468.1
OG0007911	XP_061942390.1	XP_006611257.1	XP_086772175.1	XP_043786631.1	XP_006559464.1	XP_003399594.2
OG0007912	XP_016904560.1	XP_006616979.1	XP_086768369.1	XP_043799256.1	XP_392115.1	XP_003393124.1
OG0007913	XP_061933276.1	XP_006611176.1	XP_003693023.1	XP_043795776.1	XP_026297421.1	XP_048263123.1
OG0007914	XP_016909264.1	XP_006619614.1	XP_003691809.2	XP_043798201.1	XP_397380.1	XP_003398691.1
OG0007915	XP_016908927.1	XP_006621667.1	XP_086761609.1	XP_043798549.1	NP_001238948.1	XP_020720920.1
OG0007916	XP_016905304.1	XP_006609429.1	XP_031771779.2	XP_043794864.1	XP_001119975.2	XP_012171070.1
OG0007917	XP_061931991.1	XP_006624851.1	XP_086771912.1	XP_043793613.1	XP_006559116.2	XP_003402908.1
OG0007918	XP_061938308.1	XP_031369140.1	XP_086761617.1	XP_043798391.1	XP_016770292.2	XP_048265982.1
OG0007919	XP_016914286.1	XP_006616888.1	XP_086767209.1	XP_043799981.1	XP_001121896.2	XP_048264557.1
OG0007920	XP_061929866.1	XP_031364691.1	XP_086760133.1	XP_043802473.1	XP_016767365.2	XP_003395201.2
OG0007921	XP_016909704.1	XP_006620350.1	XP_003696044.1	XP_043790388.1	XP_396009.2	XP_003401219.1
OG0007922	XP_061943194.1	XP_006619940.1	XP_012344623.2	XP_043794166.1	NP_001229364.1	XP_003393443.1
OG0007923	XP_061935327.1	XP_006607871.2	XP_012348003.3	XP_043789607.1	XP_026298657.1	XP_012167599.1
OG0007924	XP_016914205.1	XP_006614703.1	XP_012343406.1	XP_043802084.1	XP_006562702.1	XP_012163407.1
OG0007925	XP_016913878.1	XP_006608998.1	XP_086766034.1	XP_043802767.1	XP_392624.5	XP_003399814.1
OG0007926	XP_016905241.1	XP_006622278.2	XP_086760405.1	XP_043795076.1	XP_026298567.1	XP_048264844.1
OG0007927	XP_016909277.2	XP_006621733.1	XP_012339578.3	XP_043798428.1	XP_016770620.1	XP_012169278.1
OG0007928	XP_016915845.1	XP_031369813.1	XP_031775471.2	XP_043790090.1	XP_026299447.1	XP_012168873.1
OG0007929	XP_016917647.1	XP_006624874.1	XP_086771919.1	XP_043801439.1	XP_395055.3	XP_012166176.1
OG0007930	XP_016916518.1	XP_006616913.1	XP_003690366.1	XP_043789396.1	XP_006567441.1	XP_003397941.1
OG0007931	XP_028522945.1	XP_031364147.1	XP_012343011.2	XP_043785219.1	XP_006563004.2	XP_012171612.2
OG0007932	XP_016906226.1	XP_006608454.1	XP_086768431.1	XP_043804360.1	XP_006571185.1	XP_003393170.1
OG0007933	XP_016909706.1	XP_006617144.1	XP_012345108.1	XP_043788823.1	XP_006563429.1	XP_020722470.1
OG0007934	XP_016916050.2	XP_006624819.1	XP_003691202.1	XP_043797986.1	XP_026301703.1	XP_003399904.1
OG0007935	XP_016905569.3	XP_031364875.1	XP_031773142.2	XP_043785876.1	XP_016771772.2	XP_003400379.2
OG0007936	XP_016919134.1	XP_006624096.1	XP_031773576.1	XP_043794140.1	XP_026297113.1	XP_003393011.1
OG0007937	XP_061941038.1	XP_031369016.1	XP_086765290.1	XP_043785683.1	XP_026300771.1	XP_048268119.1
OG0007938	XP_016909099.2	XP_031369257.1	XP_012339500.3	XP_043798641.1	XP_016770426.1	XP_012169272.1
OG0007939	XP_016922114.1	XP_006619654.1	XP_086770255.1	XP_043787433.1	XP_006565093.1	XP_020721964.1
OG0007940	XP_016922786.1	XP_006611547.1	XP_086770854.1	XP_043793754.1	NP_001239357.1	XP_048267681.1
OG0007941	XP_016906678.1	XP_006613699.1	XP_012346105.1	XP_043793294.1	XP_026296571.1	XP_003395734.1
OG0007942	XP_016910941.1	XP_006614818.1	XP_086770053.1	XP_043795493.1	XP_006558032.1	XP_012176188.1
OG0007943	XP_016917778.1	XP_006624290.1	XP_086772043.1	XP_043802725.1	XP_006571946.2	XP_003395304.1
OG0007944	XP_061941263.1	XP_006625262.1	XP_003697468.1	XP_043790020.1	XP_006560073.1	XP_012171929.1
OG0007945	XP_061934328.1	XP_031363851.1	XP_012349908.1	XP_043789467.1	XP_016769558.1	XP_048262606.1
OG0007946	XP_061929291.1	XP_006615572.1	XP_031775744.1	XP_043791648.1	XP_016772893.2	XP_048270576.1
OG0007947	XP_016914145.1	XP_006612987.1	XP_003692905.3	XP_043791332.1	XP_393666.5	XP_003403346.2
OG0007948	XP_016911811.1	XP_006611441.1	XP_031774265.2	XP_043793223.1	XP_006562145.1	XP_003395437.2
OG0007949	XP_016906038.1	XP_006608420.1	XP_003698726.1	XP_043788322.1	XP_006559764.1	XP_020724289.2
OG0007950	XP_016912717.1	XP_006616279.1	XP_003698843.1	XP_043787746.1	XP_393141.2	XP_012176590.1
OG0007951	XP_016909828.1	XP_006617107.1	XP_012345161.1	XP_043788776.1	XP_006563482.1	XP_012172283.1
OG0007952	XP_061935821.1	XP_031368930.1	XP_031775042.1	XP_043791893.1	XP_006557277.2	XP_003401936.1
OG0007953	XP_061935595.1	XP_031367385.1	XP_012345563.1	XP_043789913.1	XP_006567489.1	XP_012167540.2
OG0007954	XP_016917304.1	XP_031367633.1	XP_086765019.1	XP_043785285.1	XP_026300965.1	XP_048267937.1
OG0007955	XP_061929959.1	XP_031365804.1	XP_086760193.1	XP_043802441.1	XP_625012.1	XP_003394764.1
OG0007956	XP_016913805.2	XP_006623288.1	XP_012346069.2	XP_043793243.1	XP_006570255.2	XP_003399750.2
OG0007957	XP_016907348.2	XP_006610663.1	XP_086769288.1	XP_043793500.1	XP_392150.4	XP_003398748.1
OG0007958	XP_016914837.2	XP_006615159.1	XP_012339909.1	XP_043798287.1	XP_006566329.1	XP_012169071.1
OG0007959	XP_016906889.1	XP_006621846.1	XP_012345938.2	XP_043792518.1	XP_006567938.1	XP_012164342.1
OG0007960	XP_016913236.2	XP_006622125.1	XP_086760270.1	XP_043792132.1	XP_026296432.1	XP_012164296.1
OG0007961	XP_016912210.1	XP_006618153.1	XP_003696584.1	XP_043792750.1	XP_016767919.1	XP_003394698.1
OG0007962	XP_016918570.1	XP_006624650.1	XP_012341716.1	XP_043796087.1	XP_624088.2	XP_003396332.1
OG0007963	XP_061939669.1	XP_031371007.1	XP_012350362.1	XP_043794945.1	XP_026300568.1	XP_003400276.2
OG0007964	XP_061937361.1	XP_006624478.1	XP_012342046.1	XP_043784425.1	XP_006559056.1	XP_012165144.1
OG0007965	XP_016909087.2	XP_031368208.1	XP_003691840.1	XP_043799070.1	XP_623898.4	XP_012169202.1
OG0007966	XP_061931489.1	XP_031368975.1	XP_086760308.1	XP_043793067.1	XP_016767602.2	XP_020718881.2
OG0007967	XP_061932942.1	XP_006623459.1	XP_003692941.2	XP_043800503.1	XP_016768670.1	XP_012171467.1
OG0007968	XP_016917241.1	XP_031367638.1	XP_031773083.1	XP_043786003.1	XP_001122444.2	XP_012171428.1
OG0007969	XP_016913652.1	XP_006611051.1	XP_003695029.1	XP_043785593.1	XP_396750.5	XP_003400731.1
OG0007970	XP_016908179.1	XP_031367725.1	XP_012338924.1	XP_043799497.1	XP_006559668.1	XP_012166342.2
OG0007971	XP_016914500.2	XP_031367768.1	XP_086766508.1	XP_043795962.1	XP_026297660.1	XP_048263077.1
OG0007972	XP_061935435.1	XP_006610158.1	XP_012348933.2	XP_043789658.1	XP_003249946.2	XP_003397828.2
OG0007973	XP_016907908.1	XP_006614120.1	XP_003697228.2	XP_043798803.1	XP_006566420.1	XP_003398894.2
OG0007974	XP_016909205.1	XP_006619539.1	XP_086761708.1	XP_043798157.1	XP_026299863.1	XP_012169229.1
OG0007975	XP_016904299.1	XP_006620261.1	XP_086769186.1	XP_043795567.1	XP_006557455.1	XP_012165635.1
OG0007976	XP_016919925.1	XP_006617403.1	XP_012343951.2	XP_043797787.1	XP_001122254.2	XP_048267409.1
OG0007977	XP_061937350.1	XP_006619867.1	XP_086770244.1	XP_043784418.1	XP_006559048.2	XP_012165161.1
OG0007978	XP_016908601.1	XP_006608933.1	XP_012348719.2	XP_043784746.1	XP_391922.2	XP_012170574.1
OG0007979	XP_016915848.1	XP_006623384.1	XP_003698182.1	XP_043790131.1	XP_026299651.1	XP_003398827.1
OG0007980	XP_028523386.2	XP_006617278.2	XP_003692492.3	XP_043800315.1	XP_016768331.1	XP_003402291.2
OG0007981	XP_016917070.1	XP_006611777.1	XP_003689947.1	XP_043802296.1	XP_625077.3	XP_012163361.1
OG0007982	XP_016904091.1	XP_031364168.1	XP_086761901.1	XP_043796573.1	XP_006563927.2	XP_048263995.1
OG0007983	XP_016921097.1	XP_031366547.1	XP_003692589.1	XP_043786338.1	XP_392719.1	XP_003403162.1
OG0007984	XP_028521179.1	XP_006614159.1	XP_031774751.1	XP_043798540.1	XP_625169.2	XP_003398923.1
OG0007985	XP_016916162.1	XP_006611320.1	XP_012350836.1	XP_043786557.1	XP_006559436.1	XP_003399738.2
OG0007986	XP_016912239.1	XP_006618193.1	XP_003696565.2	XP_043793403.1	XP_395563.4	XP_012176462.1
OG0007987	XP_061941047.1	XP_006621269.1	XP_086765278.1	XP_043785997.1	XP_026300767.1	XP_003400958.1
OG0007988	XP_061943051.1	XP_006616187.1	XP_086767858.1	XP_043794237.1	XP_394252.2	XP_003393243.2
OG0007989	XP_016921034.1	XP_031369373.1	XP_003696551.1	XP_043792761.1	XP_624703.1	XP_012170011.1
OG0007990	XP_016906402.1	XP_006623570.1	XP_003693987.2	XP_043799926.1	XP_003250091.1	XP_003396003.1
OG0007991	XP_061927071.1	XP_031366121.1	XP_086771335.1	XP_043803167.1	XP_016766179.1	XP_020724043.2
OG0007992	XP_016910596.2	XP_006609934.1	XP_086763100.1	XP_043800371.1	XP_006565899.1	XP_003393959.1
OG0007993	XP_016913771.1	XP_006617974.1	XP_012349469.2	XP_043791567.1	XP_006558549.2	XP_012170998.1
OG0007994	XP_061929783.1	XP_006623588.1	XP_003689632.2	XP_043788089.1	XP_026296300.1	XP_012169538.1
OG0007995	XP_016915834.1	XP_006623386.1	XP_086768481.1	XP_043790216.1	XP_006572241.1	XP_048265969.1
OG0007996	XP_061927452.1	XP_031369513.1	XP_012346465.2	XP_043797700.1	XP_392205.1	XP_020722896.2
OG0007997	XP_016905126.2	XP_006610918.1	XP_012348675.1	XP_043803176.1	XP_006568316.1	XP_012170365.1
OG0007998	XP_061935021.1	XP_031365951.1	XP_003695417.2	XP_043796647.1	XP_396862.5	XP_003397482.3
OG0007999	XP_061935859.1	XP_006620193.1	XP_012347549.2	XP_043791801.1	XP_623829.4	XP_012173359.1
OG0008000	XP_016910219.1	XP_006613997.1	XP_031774195.1	XP_043792773.1	XP_006562211.1	XP_003395472.1
OG0008001	XP_016911882.2	XP_006611469.1	XP_086761077.1	XP_043793308.1	XP_006562175.1	XP_012163841.2
OG0008002	XP_016916150.1	XP_006608254.1	XP_003692170.1	XP_043788786.1	XP_006563572.1	XP_003401057.1
OG0008003	XP_016911346.1	XP_006620287.1	XP_012349058.1	XP_043787800.1	XP_026295651.1	XP_003394240.2
OG0008004	XP_016907080.1	XP_006620849.1	XP_086773355.1	XP_043785339.1	XP_006560499.1	XP_048265018.1
OG0008005	XP_028522847.1	XP_006620083.1	XP_003695316.1	XP_043794648.1	XP_026297531.1	XP_003396822.2
OG0008006	XP_028523300.2	XP_031367783.1	XP_086766528.1	XP_043795800.1	XP_026297458.1	XP_048262944.1
OG0008007	XP_061942135.1	XP_006622570.1	XP_086773826.1	XP_043792016.1	XP_026301358.1	XP_012173225.1
OG0008008	XP_016911908.1	XP_006611467.1	XP_086761082.1	XP_043792650.1	XP_394554.1	XP_048261810.1
OG0008009	XP_016914312.1	XP_006620944.1	XP_012340281.3	XP_043800262.1	XP_003251674.2	XP_003394788.1
OG0008010	XP_016909348.1	XP_006619493.1	XP_003691832.1	XP_043798359.1	XP_624125.1	XP_020720890.1
OG0008011	XP_016918008.1	XP_006616830.1	XP_086772703.1	XP_043787259.1	XP_393677.3	XP_048265510.1
OG0008012	XP_016908924.2	XP_006621646.2	XP_012339381.1	XP_043798778.1	XP_006566798.2	XP_012169343.2
OG0008013	XP_061941737.1	XP_006617159.1	XP_086758493.1	XP_043789106.1	XP_026301286.1	XP_003401572.1
OG0008014	XP_016908897.1	XP_006619523.1	XP_003691849.1	XP_043798675.1	XP_625148.1	XP_003399251.3
OG0008015	XP_061934821.1	XP_006610353.1	XP_012341502.1	XP_043796964.1	XP_026297980.1	XP_048269266.1
OG0008016	XP_016916047.1	XP_006608220.1	XP_012339707.1	XP_043788742.1	XP_006563577.1	XP_003401040.1
OG0008017	XP_016911852.1	XP_006615495.1	XP_012341914.1	XP_043784743.1	XP_395627.4	XP_012165217.1
OG0008018	XP_061929308.1	XP_031366262.1	XP_012349358.2	XP_043791656.1	XP_026295193.1	XP_020724261.1
OG0008019	XP_061939291.1	XP_006624323.1	XP_012342913.1	XP_043793930.1	XP_026300189.1	XP_012172667.1
OG0008020	XP_061926879.1	XP_031366220.1	XP_031772220.1	XP_043784793.1	XP_006568699.1	XP_048263240.1
OG0008021	XP_061938879.1	XP_031368486.1	XP_086769152.1	XP_043795599.1	XP_026302010.1	XP_012165648.2
OG0008022	XP_016915714.1	XP_031370245.1	XP_086759632.1	XP_043797403.1	XP_026296037.1	XP_020718571.2
OG0008023	XP_016912309.2	XP_006615506.1	XP_086768748.1	XP_043784781.1	XP_006568663.1	XP_048263748.1
OG0008024	XP_016915786.1	XP_006623111.1	XP_012348353.1	XP_043790205.1	XP_006562448.1	XP_012168872.1
OG0008025	XP_016913416.1	XP_006615038.1	XP_003692343.2	XP_043784575.1	XP_001120665.2	XP_003396413.1
OG0008026	XP_016912580.1	XP_006608481.1	XP_086765682.1	XP_043787766.1	XP_624215.4	XP_003394694.1
OG0008027	XP_016911620.1	XP_006614427.1	XP_003697684.1	XP_043786493.1	XP_396723.3	XP_003393609.2
OG0008028	XP_016920826.1	XP_006615442.1	XP_012343712.2	XP_043799393.1	XP_395724.2	XP_003393174.1
OG0008029	XP_061931165.1	XP_006618595.1	XP_012346240.2	XP_043792336.1	XP_001121783.2	XP_003401951.1
OG0008030	XP_061929766.1	XP_006623589.1	XP_086759396.1	XP_043788140.1	XP_026296280.1	XP_012169534.1
OG0008031	XP_061936206.1	XP_031369034.1	XP_012347027.1	XP_043787194.1	XP_006566091.1	XP_012168017.2
OG0008032	XP_016905767.1	XP_006607744.1	XP_086764207.1	XP_043797511.1	XP_006558871.1	XP_048264058.1
OG0008033	XP_016918117.1	XP_006625150.1	XP_003694961.1	XP_043796069.1	XP_393202.4	XP_003393427.1
OG0008034	XP_016922126.1	XP_006614597.1	XP_003694498.2	XP_043787564.1	XP_393948.3	XP_003400021.1
OG0008035	XP_016911835.1	XP_006616514.1	XP_012345992.2	XP_043792796.1	XP_006564269.1	XP_012163924.3
OG0008036	XP_061941993.1	XP_031367056.1	XP_031771267.2	XP_043789042.1	XP_016772164.2	XP_012172087.2
OG0008037	XP_016913187.1	XP_006618345.1	XP_086759190.1	XP_043794653.1	XP_001122101.2	XP_012166670.2
OG0008038	XP_016912989.2	XP_031364845.1	XP_012340031.2	XP_043784375.1	XP_006561304.2	XP_003396092.2
OG0008039	XP_061938304.1	XP_006621703.1	XP_086761629.1	XP_043799117.1	XP_006566769.1	XP_020721236.1
OG0008040	XP_016918387.1	XP_006607558.1	XP_003694187.2	XP_043796862.1	XP_395835.2	XP_003403095.1
OG0008041	XP_016914055.1	XP_031370767.1	XP_003695181.1	XP_043803839.1	XP_016770903.1	XP_012170460.1
OG0008042	XP_016915387.1	XP_006624173.1	XP_012343543.1	XP_043785833.1	XP_006565723.1	XP_012171186.1
OG0008043	XP_016911688.1	XP_006614426.1	XP_003697669.1	XP_043786496.1	XP_006559184.1	XP_003393608.1
OG0008044	XP_016919699.1	XP_006618929.1	XP_003696151.2	XP_043793916.1	XP_006559305.1	XP_012172633.1
OG0008045	XP_016913283.1	XP_006624764.1	XP_086764689.1	XP_043784487.1	XP_006557486.2	XP_003396950.1
OG0008046	XP_016922121.2	XP_006614559.1	XP_003694481.2	XP_043787460.1	XP_001120437.3	XP_003400140.1
OG0008047	XP_061942664.1	XP_006620548.1	XP_086767545.1	XP_043786708.1	XP_026301533.1	XP_003402131.1
OG0008048	XP_061927863.1	XP_006623143.1	XP_012347777.1	XP_043803242.1	XP_006561152.1	XP_003393518.1
OG0008049	XP_016913095.2	XP_006621179.1	XP_012345654.1	XP_043792581.1	NP_001157189.1	XP_003395628.2
OG0008050	XP_016921517.1	XP_006622955.1	XP_003697922.2	XP_043803724.1	XP_003251640.1	XP_020718480.1
OG0008051	XP_016913118.1	XP_006613465.1	XP_086763551.1	XP_043804247.1	XP_003250951.2	XP_048266629.1
OG0008052	XP_061937583.1	XP_006623092.1	XP_003698172.1	XP_043790107.1	XP_026299503.1	XP_012168880.1
OG0008053	XP_061927747.1	XP_006621226.1	XP_031774652.2	XP_043784714.1	XP_395197.2	XP_003393654.1
OG0008054	XP_016918167.2	XP_006608823.1	XP_003693937.3	XP_043800701.1	XP_003250417.1	XP_003395963.1
OG0008055	XP_016913926.1	XP_006612072.1	XP_086763752.1	XP_043804093.1	XP_625084.1	XP_003399831.1
OG0008056	XP_061939313.1	XP_031364089.1	XP_086765512.1	XP_043792393.1	XP_026299940.1	XP_048266983.1
OG0008057	XP_061936284.1	XP_006620480.1	XP_031771652.2	XP_043787353.1	XP_016770065.2	XP_012168283.2
OG0008058	XP_016920933.2	XP_006620306.1	XP_003696557.1	XP_043792670.1	XP_026296819.1	XP_003399558.2
OG0008059	XP_061934246.1	XP_006615340.1	XP_086764059.1	XP_043799645.1	XP_016768852.2	XP_012166693.2
OG0008060	XP_016909766.2	XP_031366988.1	XP_003696104.2	XP_043788945.1	XP_006563491.1	XP_012172275.2
OG0008061	XP_016918849.1	XP_031369307.1	XP_086760044.1	XP_043802085.1	NP_001314896.1	XP_003402481.1
OG0008062	XP_016920268.2	XP_031369715.1	XP_086762744.1	XP_043802632.1	XP_026294880.1	XP_003402646.2
OG0008063	XP_016909643.2	XP_006609676.1	XP_003692685.2	XP_043794880.1	XP_391978.2	XP_003400024.2
OG0008064	XP_016910055.2	XP_031371141.1	XP_003694220.2	XP_043796631.1	XP_016769212.2	XP_003401894.2
OG0008065	XP_061929442.1	XP_006623796.1	XP_003694273.1	XP_043802874.1	XP_006557398.1	XP_012163620.1
OG0008066	XP_016921741.1	XP_006614608.1	XP_086771612.1	XP_043798065.1	XP_026299274.1	XP_012167920.2
OG0008067	XP_061929951.1	XP_031365829.1	XP_086760211.1	XP_043802060.1	XP_026296113.1	XP_048261339.1
OG0008068	XP_016906105.1	XP_006611849.1	XP_003689978.1	XP_043801878.1	XP_016767114.1	XP_003402457.1
OG0008069	XP_016919485.1	XP_006608040.1	XP_003691132.2	XP_043801585.1	XP_006564097.2	XP_012168793.2
OG0008070	XP_016907963.1	XP_006614307.1	XP_086771823.1	XP_043798575.1	XP_393828.2	XP_003399349.1
OG0008071	XP_016911844.1	XP_006611404.1	XP_012346128.2	XP_043793049.1	XP_026296837.1	XP_012163868.1
OG0008072	XP_061931070.1	XP_006613727.1	XP_003696655.1	XP_043793270.1	XP_006567845.1	XP_012164220.2
OG0008073	XP_028520577.1	XP_031365094.1	XP_003694020.1	XP_043799862.1	XP_026297157.1	XP_048262689.1
OG0008074	XP_016918024.1	XP_006616824.1	XP_086772696.1	XP_043787384.1	XP_006566239.1	XP_003398593.1
OG0008075	XP_061936522.1	XP_031369068.1	XP_003692855.1	XP_043791367.1	XP_016769943.1	XP_048265702.1
OG0008076	XP_016918413.1	XP_006607621.1	XP_003694152.3	XP_043797015.1	XP_624881.1	XP_003401775.3
OG0008077	XP_061929814.1	XP_006610244.1	XP_003689644.2	XP_043788137.1	XP_016767372.1	XP_020722122.1
OG0008078	XP_061939022.1	XP_006612033.1	XP_086763692.1	XP_043804147.1	XP_016770975.2	XP_012170253.3
OG0008079	XP_028521115.1	XP_031365521.1	XP_031776265.1	XP_043787465.1	XP_026297517.1	XP_003397984.1
OG0008080	XP_061933679.1	XP_031369906.1	XP_086767893.1	XP_043794191.1	XP_006571791.1	XP_012166618.1
OG0008081	XP_061939151.1	XP_006608953.1	XP_012348699.1	XP_043787703.1	XP_006562276.1	XP_012169981.1
OG0008082	XP_061928344.1	XP_006608410.1	XP_003698718.1	XP_043788367.1	XP_003249557.1	XP_003394456.1
OG0008083	XP_016904554.2	XP_031366915.1	XP_086768415.1	XP_043799306.1	XP_006571348.2	XP_012164368.3
OG0008084	XP_016904198.1	XP_006610178.1	XP_012345143.1	XP_043793853.1	XP_395256.3	XP_003401425.1
OG0008085	XP_061928262.1	XP_006607817.1	XP_003698689.1	XP_043788288.1	XP_624333.2	XP_020724141.1
OG0008086	XP_016906036.1	XP_031368025.1	XP_086765908.1	XP_043788306.1	XP_006559789.1	XP_012176407.2
OG0008087	XP_016914337.2	XP_006624454.1	XP_086767169.1	XP_043800177.1	XP_016768314.2	XP_020720442.1
OG0008088	XP_016906345.1	XP_006623524.1	XP_003693830.1	XP_043800042.1	XP_395938.2	XP_003396156.1
OG0008089	XP_016904801.1	XP_006619186.1	XP_003698505.1	XP_043787133.1	XP_001122976.1	XP_003398125.1
OG0008090	XP_061942001.1	XP_006608279.1	XP_086758640.1	XP_043788860.1	XP_006563676.1	XP_012172010.1
OG0008091	XP_061934375.1	XP_006607550.1	XP_086761995.1	XP_043797209.1	XP_026297865.1	XP_012175088.3
OG0008092	XP_016904016.2	XP_006623755.1	XP_086770692.1	XP_043790262.1	XP_026301748.1	XP_003394732.1
OG0008093	XP_016905899.1	XP_031365410.1	XP_003693902.1	XP_043800968.1	XP_026296977.1	XP_012164880.2
OG0008094	XP_016920747.1	XP_031368026.1	XP_031773023.2	XP_043801085.1	XP_026300727.1	XP_048267780.1
OG0008095	XP_016916267.1	XP_031364249.1	XP_086772134.1	XP_043786545.1	XP_006559439.1	XP_003399916.1
OG0008096	XP_016921722.1	XP_006617741.1	XP_012344785.2	XP_043798103.1	XP_623753.4	XP_020720539.2
OG0008097	XP_016912566.2	XP_006617522.1	XP_003698877.1	XP_043787687.1	XP_006564044.2	XP_003394578.1
OG0008098	XP_016904517.1	XP_006623629.1	XP_031774672.1	XP_043800841.1	XP_026294822.1	XP_048270286.1
OG0008099	XP_016918750.2	XP_006613526.1	XP_003690910.1	XP_043803341.1	XP_006568521.2	XP_003402823.1
OG0008100	XP_016915840.1	XP_006623394.1	XP_012348423.1	XP_043790064.1	XP_006572101.1	XP_003398830.1
OG0008101	XP_016910364.1	XP_006607407.1	XP_003695366.1	XP_043786087.1	XP_001121462.1	XP_012174991.1
OG0008102	XP_061935829.1	XP_031368458.1	XP_012347477.3	XP_043791874.1	XP_026298731.1	XP_003402045.1
OG0008103	XP_016921256.2	XP_006612237.1	XP_003691761.1	XP_043784921.1	XP_395929.2	XP_003395152.1
OG0008104	XP_061932745.1	XP_006620927.1	XP_086767102.1	XP_043800300.1	XP_006570973.2	XP_048262849.1
OG0008105	XP_016911153.1	XP_006619905.1	XP_086770482.1	XP_043784448.1	XP_392864.4	XP_012165787.2
OG0008106	XP_061940412.1	XP_006616666.1	XP_086764891.1	XP_043785705.1	XP_006562381.1	XP_048268109.1
OG0008107	XP_016907806.1	XP_006614155.1	XP_003697246.2	XP_043798918.1	XP_393800.5	XP_003398920.1
OG0008108	XP_016915165.1	XP_006617197.1	XP_003692491.3	XP_043800015.1	XP_006570991.1	XP_048262384.1
OG0008109	XP_016920401.1	XP_006622885.1	XP_012346550.1	XP_043802636.1	XP_006568882.1	XP_003402676.1
OG0008110	XP_016907083.2	XP_006620850.1	XP_012339002.1	XP_043785518.1	XP_006560498.1	XP_003398324.2
OG0008111	XP_016914011.1	XP_006612049.2	XP_012344145.1	XP_043803814.1	XP_397155.4	XP_003399991.2
OG0008112	XP_016910343.1	XP_006620783.1	XP_003691321.1	XP_043803193.1	XP_624261.3	XP_003394035.1
OG0008113	XP_016922257.1	XP_006607931.1	XP_003690360.1	XP_043789604.1	XP_001120178.3	XP_003397983.1
OG0008114	XP_061942993.1	XP_006616175.1	XP_086768062.1	XP_043794305.1	XP_006571541.1	XP_003392938.1
OG0008115	XP_016910830.1	XP_006619322.1	XP_012340319.2	XP_043784263.1	XP_397160.3	XP_003397298.2
OG0008116	XP_016912979.1	XP_006624533.1	XP_003698089.1	XP_043793484.1	XP_003249595.1	XP_003398344.2
OG0008117	XP_016916744.1	XP_006609106.1	XP_003695920.1	XP_043790520.1	XP_001120353.2	XP_003402520.1
OG0008118	XP_061931608.1	XP_031370042.1	XP_012340135.2	XP_043802738.1	XP_006571964.2	XP_003395280.1
OG0008119	XP_016907914.1	XP_031365541.1	XP_086771681.1	XP_043798796.1	XP_016770324.1	XP_003398891.2
OG0008120	XP_016904462.2	XP_006613302.1	XP_003690544.1	XP_043787548.1	XP_395584.4	XP_003399412.2
OG0008121	XP_016922956.1	XP_006618224.1	XP_003697127.3	XP_043797377.1	XP_392968.2	XP_012171991.2
OG0008122	XP_061942675.1	XP_031368664.1	XP_012347951.1	XP_043785068.1	XP_006561478.1	XP_048260270.1
OG0008123	XP_016922611.1	XP_006616542.1	XP_012346256.2	XP_043793015.1	XP_001121602.2	XP_003395645.1
OG0008124	XP_016909296.1	XP_031368210.1	XP_012339531.2	XP_043798588.1	XP_006566688.1	XP_012169203.1
OG0008125	XP_061943045.1	XP_006616112.1	XP_012344562.1	XP_043794313.1	XP_026300987.1	XP_048263649.1
OG0008126	XP_016905151.1	XP_006607881.1	XP_003690331.1	XP_043789420.1	XP_394921.3	XP_003397890.1
OG0008127	XP_061928635.1	XP_006616257.1	XP_003698854.1	XP_043787854.1	XP_393495.3	XP_012176574.2
OG0008128	XP_061941055.1	XP_006624207.1	XP_086765294.1	XP_043785687.1	XP_026300735.1	XP_048268128.1
OG0008129	XP_061932420.1	XP_006623530.1	XP_086767357.1	XP_043800068.1	XP_001120391.3	XP_048262730.1
OG0008130	XP_016920167.2	XP_031369450.1	XP_086763125.1	XP_043802110.1	XP_026302259.1	XP_003393789.2
OG0008131	XP_016909041.1	XP_006621436.1	XP_086761412.1	XP_043798384.1	XP_016770687.1	XP_012168627.1
OG0008132	XP_016904893.1	XP_006610099.1	XP_086762503.1	XP_043789956.1	XP_006561870.1	XP_012167356.2
OG0008133	XP_016919646.1	XP_006607724.1	XP_012349514.2	XP_043797631.1	XP_623749.3	XP_003397262.1
OG0008134	XP_016921098.1	XP_006610266.1	XP_003689651.1	XP_043788123.1	XP_006562044.3	XP_003400481.1
OG0008135	XP_016914734.1	XP_031364193.1	XP_012341091.1	XP_043795726.1	XP_026297411.1	XP_012165758.1
OG0008136	XP_016910799.1	XP_006617680.1	XP_003695381.1	XP_043786180.1	XP_006558961.3	XP_003397105.1
OG0008137	XP_061927355.1	XP_006622299.1	XP_086762904.1	XP_043798707.1	XP_016773557.2	XP_012174376.1
OG0008138	XP_016910705.1	XP_006615257.1	XP_003691457.1	XP_043803093.1	XP_003250780.1	XP_003393928.1
OG0008139	XP_016916451.1	XP_006618808.1	XP_086761755.1	XP_043789400.1	NP_001158282.1	XP_020720175.1
OG0008140	XP_016917047.2	XP_031366866.1	XP_031771228.1	XP_043788843.1	XP_006563652.1	XP_020722646.2
OG0008141	XP_061943431.1	XP_006623193.1	XP_012346699.3	XP_043799358.1	XP_395864.3	XP_003392894.1
OG0008142	XP_016922969.1	XP_006618216.1	XP_012346792.1	XP_043797374.1	XP_006557720.1	XP_012172056.1
OG0008143	XP_016910856.1	XP_006617653.1	XP_003695384.2	XP_043786160.1	XP_623536.3	XP_012166565.2
OG0008144	XP_061937325.1	XP_006619887.1	XP_086770348.1	XP_043784693.1	XP_026299865.1	XP_048263046.1
OG0008145	XP_061943037.1	XP_006616124.1	XP_012344558.3	XP_043794254.1	XP_006571695.2	XP_020720475.2
OG0008146	XP_016910667.1	XP_006609917.1	XP_012350941.1	XP_043799179.1	XP_006568282.1	XP_012174909.1
OG0008147	XP_016917193.1	XP_031367642.1	XP_012343572.1	XP_043786038.1	XP_016771652.1	XP_048268003.1
OG0008148	XP_016905920.1	XP_006618795.1	XP_086766933.1	XP_043801006.1	XP_392419.3	XP_003396118.1
OG0008149	XP_061938996.1	XP_006612068.1	XP_086763747.1	XP_043804267.1	XP_006565321.1	XP_012170448.1
OG0008150	XP_016915586.1	XP_006608645.1	XP_086762483.1	XP_043797034.1	XP_395760.4	XP_003401764.1
OG0008151	XP_016909929.2	XP_006623266.1	XP_003697634.1	XP_043791786.1	XP_006558421.1	XP_020720213.2
OG0008152	XP_016922694.1	XP_006622690.1	XP_012344621.1	XP_043801267.1	XP_006571218.1	XP_003393216.1
OG0008153	XP_016907981.1	XP_006614139.1	XP_003697241.4	XP_043798717.1	XP_006566401.1	XP_003398913.1
OG0008154	XP_061930806.1	XP_006616504.1	XP_086760994.1	XP_043792239.1	XP_026296305.1	XP_003395481.4
OG0008155	XP_016906684.2	XP_006613711.1	XP_031774385.1	XP_043792525.1	XP_006567864.2	XP_003395732.1
OG0008156	XP_028520425.1	XP_006619996.1	XP_012348590.3	XP_043804398.1	XP_026297170.1	XP_048262431.1
OG0008157	XP_016911842.1	XP_006611408.1	XP_086761029.1	XP_043793045.1	XP_006564220.1	XP_012163867.2
OG0008158	XP_016911461.2	XP_006612327.1	XP_031771281.2	XP_043794694.1	XP_001120018.1	XP_048268447.1
OG0008159	XP_016912140.1	XP_006608117.1	XP_003696611.3	XP_043792946.1	XP_003251076.1	XP_020718824.2
OG0008160	XP_016919809.1	XP_006613211.1	XP_012347385.2	XP_043788601.1	XP_393417.3	XP_003402565.1
OG0008161	XP_016910365.1	XP_006622205.1	XP_003691401.1	XP_043803179.1	XP_397367.1	XP_003393581.1
OG0008162	XP_016920533.1	XP_006607966.1	XP_031771674.1	XP_043786978.1	XP_624479.1	XP_003398572.1
OG0008163	XP_016914257.1	XP_006620956.1	XP_003692427.1	XP_043800279.1	XP_395827.2	XP_003394798.1
OG0008164	XP_016914067.1	XP_006622137.1	XP_012346296.1	XP_043793317.1	XP_396004.2	XP_012164325.2
OG0008165	XP_016907672.1	XP_006609517.1	XP_086769426.1	XP_043790429.1	XP_625005.1	XP_020720326.1
OG0008166	XP_061927688.1	XP_031367580.1	XP_003696936.1	XP_043800452.1	XP_624971.1	XP_003393711.1
OG0008167	XP_016907065.3	XP_006609373.1	XP_003697668.2	XP_043790425.1	XP_006561048.2	XP_003401367.1
OG0008168	XP_016916083.1	XP_006622789.1	XP_003691159.1	XP_043798045.1	XP_393443.1	XP_003399637.1
OG0008169	XP_016912486.1	XP_006609182.1	XP_012345138.3	XP_043790593.1	XP_001121076.4	XP_003401525.1
OG0008170	XP_016916172.1	XP_006620512.1	XP_031775279.1	XP_043786594.1	XP_016772439.2	XP_003402161.1
OG0008171	XP_016904030.1	XP_006607455.1	XP_012341435.2	XP_043797299.1	XP_001120599.1	XP_003397144.1
OG0008172	XP_016920224.1	XP_006612435.1	XP_003696875.1	XP_043802575.1	XP_392212.2	XP_003393775.2
OG0008173	XP_016907142.2	XP_006610274.1	XP_012350228.1	XP_043788217.1	XP_006562040.1	XP_020718372.1
OG0008174	XP_016904321.1	XP_006613355.1	XP_003690568.1	XP_043788517.1	XP_395930.3	XP_003394847.1
OG0008175	XP_016907612.1	XP_006609533.1	XP_003690636.1	XP_043790017.1	XP_006562012.1	XP_003397493.1
OG0008176	XP_016903940.1	XP_006622009.1	XP_003698894.1	XP_043795442.1	XP_001119919.1	XP_003402879.1
OG0008177	XP_016922032.1	XP_031370345.1	XP_003694350.1	XP_043793935.1	XP_396842.4	XP_003401452.1
OG0008178	XP_016912528.1	XP_006609254.1	XP_012345306.2	XP_043790481.1	XP_001121481.1	XP_003401396.1
OG0008179	XP_016920535.1	XP_006616868.1	XP_031771691.1	XP_043786944.1	XP_001121653.2	XP_012175365.1
OG0008180	XP_061926916.1	XP_006615534.1	XP_003693493.2	XP_043784771.1	XP_006568702.1	XP_020719489.2
OG0008181	XP_028521857.1	XP_006617676.1	XP_086773639.1	XP_043786182.1	XP_026298031.1	XP_012166419.1
OG0008182	XP_016906176.1	XP_006621931.1	XP_003690024.1	XP_043801923.1	XP_001120958.2	XP_003402496.2
OG0008183	XP_016913334.1	XP_006622154.2	XP_031774047.2	XP_043792451.1	XP_001122727.1	XP_012164304.1
OG0008184	XP_016908540.1	XP_006620652.1	XP_003694259.1	XP_043785034.1	XP_001120690.1	XP_003398323.1
OG0008185	XP_016909861.1	XP_006620335.1	XP_086773888.1	XP_043790921.1	XP_026301227.1	XP_048268466.1
OG0008186	XP_016907231.2	XP_006609471.1	XP_003690824.3	XP_043790182.1	XP_623721.3	XP_003397540.1
OG0008187	XP_016910828.1	XP_031368090.1	XP_003692536.1	XP_043784279.1	XP_625034.1	XP_012166673.1
OG0008188	XP_016921784.1	XP_006617742.1	XP_031773683.1	XP_043798108.1	XP_397424.2	XP_003394413.1
OG0008189	XP_016919982.1	XP_006611301.1	XP_003691214.1	XP_043786638.1	XP_397213.2	XP_003399914.1
OG0008190	XP_061934095.1	XP_006618569.1	XP_012338928.1	XP_043799647.1	XP_006559666.1	XP_003397059.1
OG0008191	XP_016908964.2	XP_006621655.1	XP_012339376.1	XP_043798399.1	XP_001121911.1	XP_003399099.1
OG0008192	XP_016906367.1	XP_006620376.1	XP_003693864.1	XP_043799806.1	XP_001120390.3	XP_012166761.1
OG0008193	XP_016913266.1	XP_006620118.1	XP_003695337.1	XP_043794647.1	XP_006560218.1	XP_003403284.3
OG0008194	XP_016910366.1	XP_006622204.1	XP_086771397.1	XP_043803180.1	XP_006561185.1	XP_003393583.1
OG0008195	XP_016910784.1	XP_006621194.1	XP_003695071.1	XP_043797777.1	XP_016772679.1	XP_003400153.1
OG0008196	XP_016911786.1	XP_006611459.1	XP_003696478.1	XP_043792968.1	XP_001122212.1	XP_003395404.1
OG0008197	XP_016916297.1	XP_006615057.1	XP_003691188.1	XP_043797929.1	XP_016772473.2	XP_048270076.1
OG0008198	XP_016911925.1	XP_006616540.1	XP_003696201.1	XP_043793019.1	XP_001121664.2	XP_003395688.2
OG0008199	XP_016914216.2	XP_006614764.2	XP_003694679.1	XP_043802459.1	XP_392654.2	XP_003394762.1
OG0008200	XP_016920955.2	XP_006622056.1	XP_003696537.1	XP_043792398.1	XP_001120636.1	XP_003401993.1
OG0008201	XP_016908500.1	XP_006616211.1	XP_003697832.1	XP_043801151.1	XP_001121159.1	XP_003400815.1
OG0008202	XP_016920817.1	XP_006615438.1	XP_031773184.1	XP_043799374.1	XP_623556.1	XP_003393177.2
OG0008203	XP_016912520.1	XP_006609233.1	XP_012345023.2	XP_043790607.1	XP_003249593.1	XP_003401549.1
OG0008204	XP_016909924.1	XP_006609887.1	XP_003694217.3	XP_043797284.1	XP_001121781.3	XP_003401853.1
OG0008205	XP_061939772.1	XP_006613352.1	XP_012349903.2	XP_043787584.1	XP_026302044.1	XP_003396836.1
OG0008206	XP_016904918.1	XP_006623463.1	XP_003692950.1	XP_043800533.1	XP_624534.3	XP_003398609.1
OG0008207	XP_016922431.1	XP_006613134.1	XP_031775175.2	XP_043795120.1	XP_006561681.1	XP_003397757.1
OG0008208	XP_016919418.1	XP_006617056.1	XP_003695887.2	XP_043788894.1	XP_001122452.2	XP_003401119.1
OG0008209	XP_016920531.1	XP_006607965.1	XP_003692786.1	XP_043786977.1	XP_001121371.2	XP_003398570.1
OG0008210	XP_016904619.1	XP_006622472.1	XP_012346365.2	XP_043800117.1	XP_006568235.1	XP_003393846.1
OG0008211	XP_016920869.2	XP_006617602.1	XP_003692528.2	XP_043800052.1	XP_396435.3	XP_048262349.1
OG0008212	XP_016922846.1	XP_006611515.1	XP_012347318.1	XP_043793728.1	XP_003249386.1	XP_003400493.1
OG0008213	XP_016911532.1	XP_006615476.1	XP_003693633.1	XP_043784845.1	XP_624325.2	XP_003396271.1
OG0008214	XP_016906718.1	XP_031365378.1	XP_012346224.2	XP_043792719.1	XP_006567897.1	XP_003395850.2
OG0008215	XP_016920837.1	XP_006615456.1	XP_003694903.1	XP_043799415.1	XP_623979.1	XP_012175935.1
OG0008216	XP_016907819.1	XP_006614092.2	XP_012339508.1	XP_043798704.1	XP_393820.4	XP_003399189.1
OG0008217	XP_016914900.1	XP_006620711.1	XP_003697314.1	XP_043786791.1	XP_006566060.1	XP_003398300.1
OG0008218	XP_016913563.1	XP_031364151.1	XP_012343013.1	XP_043785971.1	XP_006563010.1	XP_003400904.1
OG0008219	XP_016911207.1	XP_006609796.1	XP_003698742.1	XP_043788409.1	XP_026295463.1	XP_012176347.1
OG0008220	XP_061933708.1	XP_006624507.1	XP_086759231.1	XP_043801611.1	XP_026297388.1	XP_048263443.1
OG0008221	XP_016905114.1	XP_006610904.1	XP_031775592.2	XP_043789652.1	XP_395531.2	XP_003399783.3
OG0008222	XP_061931622.1	XP_031370323.1	XP_012340109.2	XP_043802642.1	XP_396132.4	XP_012164431.1
OG0008223	XP_016905257.1	XP_006615359.1	XP_086764087.1	XP_043799544.1	XP_394734.5	XP_020719874.2
OG0008224	XP_061932333.1	XP_031368567.1	XP_086767262.1	XP_043800339.1	XP_392407.6	XP_012164855.2
OG0008225	XP_061929940.1	XP_031365816.1	XP_003694728.2	XP_043802062.1	XP_006562717.2	XP_048261076.1
OG0008226	XP_061942109.1	XP_006620767.1	XP_012348283.2	XP_043791919.1	XP_006563756.3	XP_020721106.1
OG0008227	XP_061930418.1	XP_031364482.1	XP_086759828.1	XP_043802234.1	XP_016767278.2	XP_020718332.1
OG0008228	XP_016905123.1	XP_006610921.2	XP_003698364.1	XP_043786171.1	XP_006568315.2	XP_003399793.1
OG0008229	XP_016903840.2	XP_006609023.2	XP_031774502.2	XP_043797647.1	XP_001122118.2	XP_003393735.2
OG0008230	XP_016914545.1	XP_006617755.1	XP_003693044.1	XP_043784066.1	XP_623269.1	XP_003396800.1
OG0008231	XP_061932867.1	XP_031370368.1	XP_086767045.1	XP_043799889.1	XP_001122083.2	XP_048264266.1
OG0008232	XP_016921590.2	XP_006624026.1	XP_086772911.1	XP_043803388.1	XP_026300632.1	XP_012163071.2
OG0008233	XP_016913629.2	XP_031364123.1	XP_003695009.1	XP_043785447.1	XP_026300766.1	XP_003400683.1
OG0008234	XP_016904653.1	XP_006612458.1	XP_003693793.1	XP_043790996.1	XP_006562413.1	XP_003398409.1
OG0008235	XP_016907562.1	XP_006610567.1	XP_003690677.1	XP_043785839.1	XP_026301917.1	XP_003402776.1
OG0008236	XP_028520869.2	XP_031369833.1	XP_031772498.2	XP_043800661.1	XP_026297331.1	XP_048262771.1
OG0008237	XP_016908018.2	XP_006614168.2	XP_003691957.4	XP_043799106.1	XP_026299488.1	XP_003399236.2
OG0008238	XP_016906250.1	XP_006622728.1	XP_012348114.1	XP_043803545.1	XP_026297751.1	XP_003393452.1
OG0008239	XP_016915421.1	XP_006612776.1	XP_086765219.1	XP_043785313.1	XP_006565743.1	XP_003400381.1
OG0008240	XP_061938965.1	XP_006612050.1	XP_012344138.1	XP_043803808.1	XP_625120.4	XP_003399724.2
OG0008241	XP_061931549.1	XP_006622129.1	XP_003696531.1	XP_043792709.1	XP_393007.1	XP_003395774.1
OG0008242	XP_016920960.1	XP_031370848.1	XP_003692614.3	XP_043786323.1	XP_026298221.1	XP_003403142.1
OG0008243	XP_061926861.1	XP_031369696.1	XP_003689784.1	XP_043794417.1	XP_624282.1	XP_003392985.2
OG0008244	XP_061927914.1	XP_006622192.1	XP_012351089.2	XP_043803198.1	XP_006561175.2	XP_003393551.1
OG0008245	XP_016903959.2	XP_006610113.1	XP_086760492.1	XP_043789317.1	XP_006561876.1	XP_012167358.2
OG0008246	XP_061942697.1	XP_006610764.1	XP_086763244.1	XP_043784651.1	XP_026301628.1	XP_020724090.1
OG0008247	XP_016904129.1	XP_006607524.1	XP_086761976.1	XP_043796512.1	XP_006563865.1	XP_003403075.1
OG0008248	XP_016915588.1	XP_006624078.2	XP_012344389.2	XP_043797130.1	XP_006569839.1	XP_012173576.1
OG0008249	XP_016909809.1	XP_006617141.1	XP_003696081.1	XP_043788874.1	XP_006563437.1	XP_020722466.1
OG0008250	XP_016909312.1	XP_006621587.1	XP_012339270.1	XP_043798348.1	XP_026299573.1	XP_012169396.1
OG0008251	XP_061928316.1	XP_006608386.2	XP_086765927.1	XP_043788504.1	XP_026295409.1	XP_003394476.1
OG0008252	XP_061937293.1	XP_031368905.1	XP_086771220.1	XP_043784700.1	XP_006559002.1	XP_012165866.1
OG0008253	XP_016916526.1	XP_031369085.1	XP_012345781.2	XP_043789722.1	XP_003251071.2	XP_003397839.2
OG0008254	XP_016905873.1	XP_006622582.1	XP_012342400.3	XP_043801065.1	XP_396525.2	XP_003395968.1
OG0008255	XP_016909127.1	XP_006621580.1	XP_086761550.1	XP_043798300.1	XP_026299752.1	XP_003399142.1
OG0008256	XP_061934623.1	XP_031367699.1	XP_086762210.1	XP_043797064.1	XP_016769093.2	XP_048269124.1
OG0008257	XP_016909843.2	XP_006617126.1	XP_086774056.1	XP_043789137.1	XP_625230.3	XP_012172424.1
OG0008258	XP_016909221.1	XP_006619480.1	XP_003691874.2	XP_043799036.1	XP_624349.1	XP_003399057.2
OG0008259	XP_061928051.1	XP_006623630.1	XP_012346729.1	XP_043800817.1	XP_026302189.1	XP_003393627.1
OG0008260	XP_016920962.1	XP_006622071.1	XP_003696541.2	XP_043793396.1	XP_625075.1	XP_003402116.2
OG0008261	XP_028520644.1	XP_006609812.1	XP_003698738.1	XP_043788429.1	XP_006560558.2	XP_003394551.1
OG0008262	XP_028521353.1	XP_006624701.1	XP_086764825.1	XP_043795947.1	XP_006566036.1	XP_012171816.1
OG0008263	XP_016917633.2	XP_006616097.1	XP_003691646.1	XP_043784117.1	XP_392683.1	XP_003398466.1
OG0008264	XP_016919862.1	XP_006621614.1	XP_003691932.3	XP_043798745.1	XP_026299802.1	XP_003399123.1
OG0008265	XP_061941954.1	XP_006608208.1	XP_031771289.2	XP_043788973.1	XP_016772010.2	XP_012172170.1
OG0008266	XP_016915760.1	XP_006624135.1	XP_003694289.1	XP_043797422.1	XP_395533.2	XP_003395114.1
OG0008267	XP_061931295.1	XP_006618164.1	XP_031774117.2	XP_043792756.1	XP_006567667.1	XP_012175821.1
OG0008268	XP_061929761.1	XP_031370008.1	XP_003689674.2	XP_043788145.1	XP_026295974.1	XP_012169526.1
OG0008269	XP_028523277.2	XP_031366460.1	XP_031773373.2	XP_043788155.1	XP_016767519.2	XP_003395070.1
OG0008270	XP_016911583.1	XP_031369276.1	XP_012350687.1	XP_043788536.1	XP_395476.1	XP_003393621.1
OG0008271	XP_016922525.1	XP_006623176.1	XP_012346660.1	XP_043799426.1	XP_026295584.1	XP_003392885.1
OG0008272	XP_061928140.1	XP_006620246.1	XP_003697114.1	XP_043800858.1	XP_016772928.1	XP_020720484.1
OG0008273	XP_016905577.1	XP_006613099.1	XP_086759013.1	XP_043795131.1	XP_001121900.1	XP_012167114.2
OG0008274	XP_061936393.1	XP_006616852.1	XP_086772711.1	XP_043787360.1	XP_026298889.1	XP_012175342.1
OG0008275	XP_061931306.1	XP_006618172.1	XP_003696575.1	XP_043793342.1	XP_392874.5	XP_003394504.1
OG0008276	XP_016904579.1	XP_006616992.1	XP_003694930.2	XP_043799258.1	XP_006571338.2	XP_012164515.1
OG0008277	XP_016912400.1	XP_006615458.2	XP_003693593.3	XP_043784881.1	XP_006568628.1	XP_003396263.2
OG0008278	XP_061936374.1	XP_031370033.1	XP_086772749.1	XP_043786787.1	XP_026298919.1	XP_012175408.2
OG0008279	XP_061935813.1	XP_031368927.1	XP_003697641.2	XP_043791808.1	XP_026298491.1	XP_003401943.1
OG0008280	XP_016918926.1	XP_006608309.1	XP_003695658.1	XP_043794314.1	XP_001121333.2	XP_048262081.1
OG0008281	XP_016911789.2	XP_006611410.1	XP_003696254.1	XP_043792855.1	XP_016767661.2	XP_048261788.1
OG0008282	XP_028520798.1	XP_006620428.1	XP_031775421.1	XP_043786499.1	XP_397001.3	XP_048263543.1
OG0008283	XP_061928547.1	XP_006616349.1	XP_003698810.2	XP_043787590.1	XP_001120757.4	XP_003394252.2
OG0008284	XP_016911855.1	XP_006616525.1	XP_003696229.1	XP_043793430.1	XP_026296453.1	XP_020718618.1
OG0008285	XP_016911043.1	XP_006611623.1	XP_003698658.1	XP_043795375.1	XP_395034.3	XP_048270597.1
OG0008286	XP_061928687.1	XP_031367206.1	XP_086765694.1	XP_043788014.1	XP_006564069.2	XP_012176498.2
OG0008287	XP_016919722.1	XP_006618939.1	XP_086766478.1	XP_043793834.1	XP_006559294.1	XP_012172650.1
OG0008288	XP_016907841.1	XP_006614411.1	XP_086771713.1	XP_043798232.1	XP_026299440.1	XP_012169619.3
OG0008289	XP_061937742.1	XP_006623015.2	XP_031771385.2	XP_043794948.1	XP_026299471.1	XP_012169183.1
OG0008290	XP_061941604.1	XP_006609294.1	XP_003695990.1	XP_043790741.1	XP_016772065.1	XP_003401304.1
OG0008291	XP_016913650.2	XP_006621162.1	XP_031774261.2	XP_043793028.1	XP_026296542.1	XP_012164114.2
OG0008292	XP_061931993.1	XP_006624854.2	XP_031770904.1	XP_043793551.1	XP_006559113.3	XP_012174789.2
OG0008293	XP_016908331.1	XP_006615342.2	XP_031770868.2	XP_043799575.1	XP_026298144.1	XP_003397317.1
OG0008294	XP_016914902.1	XP_031366022.1	XP_031771337.1	XP_043798603.1	XP_026299653.1	XP_012169046.2
OG0008295	XP_016913507.1	XP_006621473.1	XP_003693266.1	XP_043799008.1	XP_026299896.1	XP_048266487.1
OG0008296	XP_061942981.1	XP_006616149.2	XP_031773646.2	XP_043794026.1	XP_006571527.1	XP_012166496.1
OG0008297	XP_061930479.1	XP_006611728.1	XP_086759799.1	XP_043802411.1	XP_026295940.1	XP_012174149.3
OG0008298	XP_016913611.2	XP_006610975.2	XP_003694384.3	XP_043785273.1	XP_393985.4	XP_003400631.2
OG0008299	XP_061937940.1	XP_006614123.1	XP_086771879.1	XP_043798968.1	XP_006566410.1	XP_003398901.2
OG0008300	XP_016922859.2	XP_006611530.1	XP_012347218.1	XP_043793821.1	NP_001073028.1	XP_003393394.1
OG0008301	XP_016905817.1	XP_006613818.1	XP_003693892.1	XP_043801021.1	XP_006565412.1	XP_012164894.1
OG0008302	XP_061940638.1	XP_031364153.1	XP_086765405.1	XP_043785370.1	XP_026300895.1	XP_012171508.1
OG0008303	XP_016905093.1	XP_006610922.1	XP_086765544.1	XP_043794306.1	XP_026299954.1	XP_012170372.1
OG0008304	XP_016907653.1	XP_031370993.1	XP_012350269.2	XP_043789589.1	XP_026298931.1	XP_012166926.1
OG0008305	XP_061941536.1	XP_006609224.1	XP_003695966.1	XP_043790617.1	XP_026301253.1	XP_048268424.1
OG0008306	XP_016918465.2	XP_031370481.1	XP_086768801.1	XP_043796188.1	XP_006569676.1	XP_003396284.2
OG0008307	XP_061930207.1	XP_006617448.1	XP_086759960.1	XP_043801793.1	XP_026295867.1	XP_012163242.2
OG0008308	XP_016905549.1	XP_031370124.1	XP_086771630.1	XP_043801410.1	XP_026297805.1	XP_003397363.1
OG0008309	XP_061930911.1	XP_006623996.2	XP_003698037.3	XP_043803631.1	XP_016771986.2	XP_012176617.2
OG0008310	XP_016903986.2	XP_006623770.1	XP_031775573.2	XP_043790266.1	XP_026301749.1	XP_048260673.1
OG0008311	XP_016913122.2	XP_031365256.1	XP_031774861.2	XP_043803807.1	XP_026300239.1	XP_048266619.1
OG0008312	XP_016904262.1	XP_006613258.1	XP_003690823.1	XP_043787573.1	XP_006558637.1	XP_003396835.1
OG0008313	XP_061934978.1	XP_006623869.1	XP_003695427.2	XP_043797256.1	XP_026298168.1	XP_048269832.1
OG0008314	XP_016918424.1	XP_031366264.1	XP_012349397.1	XP_043791660.1	XP_026295375.1	XP_003394118.1
OG0008315	XP_016919910.1	XP_006618932.1	XP_003696153.2	XP_043793839.1	XP_001120035.3	XP_003401429.1
OG0008316	XP_016913671.2	XP_006611100.1	XP_003695005.2	XP_043785949.1	XP_394000.4	XP_003400564.2
OG0008317	XP_016908247.1	XP_006621070.1	XP_086771085.1	XP_043791719.1	XP_006557279.1	XP_003401933.1
OG0008318	XP_016911964.1	XP_006619859.1	XP_003698464.1	XP_043794457.1	XP_001120899.3	XP_003398955.1
OG0008319	XP_016908828.1	XP_006618582.1	XP_003695687.1	XP_043801514.1	XP_396235.5	XP_003398373.1
OG0008320	XP_061928405.1	XP_031371120.1	XP_086765727.1	XP_043788433.1	XP_016766719.1	XP_003394203.1
OG0008321	XP_061929222.1	XP_006611998.2	XP_012341587.2	XP_043791233.1	XP_003251823.2	XP_048260039.1
OG0008322	XP_016916108.1	XP_006608252.1	XP_003692171.1	XP_043788830.1	XP_397399.2	XP_003401058.1
OG0008323	XP_016905832.1	XP_031365053.1	XP_086760018.1	XP_043795234.1	XP_026298631.1	XP_020720080.2
OG0008324	XP_016915277.1	XP_031364620.1	XP_086759523.1	XP_043788197.1	XP_006560607.2	XP_020718582.1
OG0008325	XP_016915401.1	XP_006612748.1	XP_086765187.1	XP_043785203.1	XP_026300905.1	XP_020722024.2
OG0008326	XP_028523519.2	XP_006623456.2	XP_012341447.2	XP_043796570.1	XP_026298045.1	XP_003401768.2
OG0008327	XP_061928113.1	XP_006618219.1	XP_003697175.1	XP_043797383.1	XP_003249151.1	XP_003393647.1
OG0008328	XP_016913660.1	XP_006611039.1	XP_031773223.2	XP_043786023.1	XP_395389.2	XP_003400728.1
OG0008329	XP_016919458.2	XP_031366453.1	XP_086768700.1	XP_043801516.1	XP_016770549.2	XP_020721072.1
OG0008330	XP_016914399.2	XP_006611183.1	XP_031771783.1	XP_043795840.1	XP_006568356.1	XP_003396969.1
OG0008331	XP_016919232.1	XP_006612374.1	XP_003692751.2	XP_043791280.1	XP_026299115.1	XP_012173920.1
OG0008332	XP_016922857.1	XP_006614617.1	XP_086771633.1	XP_043798117.1	XP_391855.2	XP_012167917.1
OG0008333	XP_016916718.1	XP_006616686.1	XP_086764916.1	XP_043785499.1	XP_393385.3	XP_012171746.1
OG0008334	XP_061933228.1	XP_006616366.1	XP_012340925.1	XP_043795708.1	XP_392795.3	XP_012165733.2
OG0008335	XP_016907383.2	XP_031365520.1	XP_086769555.1	XP_043792089.1	XP_026299778.1	XP_003397980.1
OG0008336	XP_061931665.1	XP_031370554.1	XP_003689797.3	XP_043802730.1	XP_026296485.1	XP_048261954.1
OG0008337	XP_061930258.1	XP_031364465.1	XP_086759948.1	XP_043801806.1	XP_006567216.2	XP_012163216.2
OG0008338	XP_016918897.1	XP_006612866.1	XP_003695570.1	XP_043794375.1	XP_001120347.3	XP_003393165.1
OG0008339	XP_016907711.2	XP_006610457.1	XP_012350154.2	XP_043793357.1	XP_016773380.1	XP_003402705.1
OG0008340	XP_016922216.1	XP_006614549.1	XP_003694534.1	XP_043787523.1	XP_001120949.1	XP_003400357.1
OG0008341	XP_016914356.1	XP_006624446.1	XP_003692436.1	XP_043799819.1	XP_001121323.1	XP_003397683.1
OG0008342	XP_016916872.1	XP_006624734.1	XP_003696072.1	XP_043790366.1	XP_395264.3	XP_003401395.3
OG0008343	XP_061941540.1	XP_006609218.1	XP_012345002.2	XP_043790872.1	XP_026301194.1	XP_020722385.1
OG0008344	XP_061935547.1	XP_006617809.1	XP_012347364.1	XP_043789596.1	XP_006567531.1	XP_048264648.1
OG0008345	XP_028525528.2	XP_006622636.1	XP_031775522.1	XP_043803838.1	XP_016771020.1	XP_003399469.2
OG0008346	XP_016910004.1	XP_006609850.1	XP_003694087.1	XP_043796604.1	XP_006564673.2	XP_012173097.1
OG0008347	XP_016913861.1	XP_031367440.1	XP_003690156.1	XP_043791548.1	XP_397320.1	XP_003400216.1
OG0008348	XP_016921577.1	XP_006612200.1	XP_031771010.1	XP_043784909.1	XP_016767503.1	XP_003395103.1
OG0008349	XP_061933661.1	XP_006620110.1	XP_086759129.1	XP_043794673.1	XP_006560903.1	XP_012166287.2
OG0008350	XP_016912742.1	XP_006608510.1	XP_003691043.3	XP_043787947.1	XP_001121007.2	XP_003394720.1
OG0008351	XP_061938253.1	XP_031368212.1	XP_012339580.2	XP_043798928.1	XP_006566725.1	XP_012169240.2
OG0008352	XP_016911241.2	XP_006609710.1	XP_086765790.1	XP_043800641.1	XP_026295125.1	XP_012176036.2
OG0008353	XP_061943395.1	XP_006623491.1	XP_086768398.1	XP_043799234.1	XP_006571299.1	XP_020719477.1
OG0008354	XP_016903904.1	XP_006609028.1	XP_012346391.1	XP_043798437.1	XP_393488.4	XP_012172632.2
OG0008355	XP_016922902.1	XP_006611508.1	XP_003697442.1	XP_043793824.1	XP_397293.3	XP_003400499.1
OG0008356	XP_016905414.1	XP_006618896.1	XP_012351106.3	XP_043793640.1	XP_624721.2	XP_003395903.1
OG0008357	XP_016922271.1	XP_006611957.1	XP_012341607.2	XP_043791150.1	XP_395962.2	XP_003394098.1
OG0008358	XP_061938080.1	XP_031367714.1	XP_012339291.1	XP_043798862.1	XP_026299671.1	XP_048266164.1
OG0008359	XP_016904286.1	XP_006607986.1	XP_086769254.1	XP_043795554.1	NP_001191680.1	XP_003396861.1
OG0008360	XP_061942291.1	XP_006622798.1	XP_086772262.1	XP_043798001.1	XP_624846.2	XP_003399635.2
OG0008361	XP_016908682.1	XP_006609365.1	XP_003695842.1	XP_043790573.1	XP_003249792.1	XP_003401360.1
OG0008362	XP_016904684.1	XP_006612497.1	XP_012342127.1	XP_043791058.1	XP_006562406.1	XP_003398391.1
OG0008363	XP_061941902.1	XP_031367281.1	XP_086758768.1	XP_043788789.1	XP_006563397.1	XP_048268645.1
OG0008364	XP_016906446.1	XP_006623555.1	XP_012342314.2	XP_043799885.1	XP_001122160.2	XP_003396024.2
OG0008365	XP_016922527.1	XP_006623175.1	XP_003697081.1	XP_043799368.1	XP_016767270.2	XP_003392888.1
OG0008366	XP_016914063.1	XP_031366312.1	XP_086763759.1	XP_043803951.1	XP_016770906.1	XP_012170484.2
OG0008367	XP_016915089.1	XP_006620924.1	XP_003692403.1	XP_043800089.1	XP_001120877.2	XP_003395901.1
OG0008368	XP_016908402.1	XP_006624688.1	XP_003697827.1	XP_043795830.1	XP_396426.5	XP_003400798.1
OG0008369	XP_016911464.1	XP_006615474.1	XP_003693688.1	XP_043784842.1	XP_393249.2	XP_012165201.1
OG0008370	XP_061934108.1	XP_006618546.2	XP_031770887.2	XP_043799519.1	XP_006559675.1	XP_003397039.1
OG0008371	XP_061936294.1	XP_006620426.1	XP_003698006.1	XP_043786517.1	XP_016769248.1	XP_003393414.2
OG0008372	XP_016906246.1	XP_006622753.1	XP_086772858.1	XP_043803547.1	XP_016772949.2	XP_003393455.1
OG0008373	XP_016906780.1	XP_006616581.1	XP_003696774.1	XP_043793163.1	XP_003250531.1	XP_003395567.1
OG0008374	XP_061929346.1	XP_006612561.1	XP_003693599.1	XP_043796058.1	XP_396451.2	XP_012165429.1
OG0008375	XP_028525281.1	XP_006622038.1	XP_012345657.1	XP_043792606.1	XP_026296793.1	XP_048269904.1
OG0008376	XP_061934508.1	XP_006607645.1	XP_003694139.1	XP_043796939.1	XP_026297831.1	XP_003401903.1
OG0008377	XP_016904799.1	XP_006619188.1	XP_003698503.2	XP_043787129.1	XP_623886.1	XP_012165039.2
OG0008378	XP_016918373.2	XP_006607586.1	XP_003694164.2	XP_043797304.1	XP_393481.2	XP_003403090.3
OG0008379	XP_016911994.1	XP_006623018.1	XP_003692255.2	XP_043794559.1	XP_006564481.1	XP_048266147.1
OG0008380	XP_061940157.1	XP_006607122.1	XP_086773077.1	XP_043787406.1	XP_016771331.1	XP_012170662.1
OG0008381	XP_016908263.1	XP_006618556.1	XP_086772979.1	XP_043799498.1	XP_006559672.1	XP_012166332.2
OG0008382	XP_061938842.1	XP_006615615.1	XP_003698238.1	XP_043803904.1	XP_624086.1	XP_003399907.1
OG0008383	XP_016908591.2	XP_006608987.2	XP_003698411.1	XP_043787455.1	XP_016771060.1	XP_003399535.2
OG0008384	XP_016913065.1	XP_006613478.1	XP_086763529.1	XP_043804125.1	XP_026299915.1	XP_048266624.1
OG0008385	XP_016920577.1	XP_006620497.1	XP_012340625.1	XP_043787135.1	XP_006566012.1	XP_003398531.1
OG0008386	XP_016908323.1	XP_006618550.1	XP_003691552.1	XP_043799527.1	XP_026298084.1	XP_012166324.1
OG0008387	XP_028524926.1	XP_031367126.1	XP_086768372.1	XP_043802915.1	XP_006557887.1	XP_003400316.2
OG0008388	XP_016906865.1	XP_006621838.1	XP_031774372.2	XP_043793280.1	XP_006567927.1	XP_003395809.2
OG0008389	XP_016904780.1	XP_006619158.1	XP_003698554.2	XP_043786995.1	XP_026299196.1	XP_012167930.2
OG0008390	XP_061932428.1	XP_006623545.1	XP_012342404.2	XP_043799993.1	XP_003250103.1	XP_003396071.2
OG0008391	XP_061937857.1	XP_006622647.1	XP_003692222.2	XP_043798245.1	XP_393796.4	XP_003398929.1
OG0008392	XP_016917284.2	XP_006618381.1	XP_086765052.1	XP_043785668.1	XP_026300860.1	XP_003400528.1
OG0008393	XP_028520105.1	XP_006613279.1	XP_003690538.1	XP_043793671.1	XP_395133.3	XP_048263221.1
OG0008394	XP_061929780.1	XP_006623603.2	XP_031776259.1	XP_043788139.1	XP_026296288.1	XP_012169537.2
OG0008395	XP_016918751.1	XP_006614219.1	XP_003690922.1	XP_043802728.1	XP_006569310.1	XP_012175902.1
OG0008396	XP_016906944.2	XP_006613669.1	XP_003696684.2	XP_043792717.1	XP_001122405.2	XP_048262074.1
OG0008397	XP_061933091.1	XP_006619004.1	XP_003692921.2	XP_043795706.1	XP_006565138.1	XP_003396906.2
OG0008398	XP_061938838.1	XP_006615619.1	XP_003698234.1	XP_043803899.1	XP_624002.4	XP_012169964.2
OG0008399	XP_028522234.2	XP_006609769.1	XP_003698752.1	XP_043788290.1	XP_392862.3	XP_003394523.1
OG0008400	XP_028521288.1	XP_031365002.1	XP_086773366.1	XP_043799695.1	XP_016769234.2	XP_012173978.2
OG0008401	XP_016904824.1	XP_006619155.2	XP_086773269.1	XP_043786971.1	XP_006565599.1	XP_003398254.1
OG0008402	XP_061930932.1	XP_006621862.1	XP_003696708.1	XP_043792774.1	XP_001121636.2	XP_048261995.1
OG0008403	XP_061935975.1	XP_006617729.1	XP_086771575.1	XP_043798126.1	XP_006572335.2	XP_012175826.1
OG0008404	XP_016913489.2	XP_006621722.1	XP_086761636.1	XP_043798426.1	XP_016770683.1	XP_003399079.1
OG0008405	XP_028520525.1	XP_031369950.1	XP_003692286.1	XP_043799449.1	XP_016772954.2	XP_012164663.2
OG0008406	XP_016909995.1	XP_006609842.1	XP_003694096.1	XP_043796520.1	XP_393051.1	XP_003401722.1
OG0008407	XP_016921263.1	XP_006622948.1	XP_003697921.1	XP_043803577.1	XP_001121879.1	XP_003393064.1
OG0008408	XP_016914314.1	XP_006624440.1	XP_003692435.1	XP_043799949.1	XP_006570946.1	XP_048261257.1
OG0008409	XP_061942413.1	XP_006611281.1	XP_012350949.2	XP_043786653.1	XP_395421.4	XP_003399616.1
OG0008410	XP_061928679.1	XP_006617519.1	XP_012349009.1	XP_043788003.1	XP_016766963.1	XP_012176533.1
OG0008411	XP_016904300.1	XP_006620230.1	XP_003690584.1	XP_043795570.1	XP_026299648.1	XP_003396606.1
OG0008412	XP_061929268.1	XP_006611984.1	XP_031772208.2	XP_043791146.1	XP_026295645.1	XP_012168368.2
OG0008413	XP_061942423.1	XP_006611292.1	XP_012350756.3	XP_043786614.1	XP_397241.4	XP_020721599.2
OG0008414	XP_061939442.1	XP_006608908.2	XP_086768817.1	XP_043797755.1	XP_026300572.1	XP_048262216.1
OG0008415	XP_016916233.1	XP_006611327.1	XP_012350847.1	XP_043786555.1	XP_392102.4	XP_003402171.2
OG0008416	XP_016904776.1	XP_031370981.1	XP_012350212.2	XP_043789144.1	XP_006562004.1	XP_012167081.1
OG0008417	XP_016917898.1	XP_006617331.1	XP_012340418.1	XP_043802835.1	XP_006557966.1	XP_012173551.1
OG0008418	XP_016907410.1	XP_006610512.1	XP_003690844.1	XP_043786965.1	XP_395653.2	XP_003397973.1
OG0008419	XP_016911839.1	XP_006616512.1	XP_086760989.1	XP_043792304.1	XP_006564268.2	XP_012163922.1
OG0008420	XP_016917803.1	XP_031367073.1	XP_003697425.2	XP_043785149.1	XP_026296472.1	XP_020718806.2
OG0008421	XP_028523322.1	XP_031368967.1	XP_086773242.1	XP_043787378.1	XP_006566054.1	XP_012167990.1
OG0008422	XP_016913557.1	XP_006624954.1	XP_003696464.1	XP_043792366.1	XP_624988.3	XP_012170337.1
OG0008423	XP_016918879.1	XP_006624109.1	XP_012344643.1	XP_043794481.1	XP_006571389.1	XP_012176406.2
OG0008424	XP_016921582.1	XP_006612218.1	XP_012339196.1	XP_043784976.1	XP_006558773.1	XP_012163531.1
OG0008425	XP_016913758.2	XP_006617989.1	XP_086770429.1	XP_043791566.1	XP_391954.4	XP_012171012.1
OG0008426	XP_061930349.1	XP_006611885.1	XP_086759899.1	XP_043802240.1	XP_393156.5	XP_048261213.1
OG0008427	XP_061930899.1	XP_031370158.1	XP_086760863.1	XP_043792850.1	XP_006565631.1	XP_020718726.1
OG0008428	XP_061931653.1	XP_006623613.1	XP_086772065.1	XP_043802821.1	XP_006572395.2	XP_048261913.1
OG0008429	XP_016921716.1	XP_006607376.1	XP_003692567.4	XP_043786201.1	XP_392773.3	XP_003403150.2
OG0008430	XP_016920176.1	XP_031367588.1	XP_031774564.1	XP_043802423.1	XP_006568836.1	XP_003393717.1
OG0008431	XP_016922453.1	XP_031371179.1	XP_003697723.3	XP_043795080.1	XP_001120177.2	XP_048264380.1
OG0008432	XP_061939294.1	XP_006625167.1	XP_003694345.1	XP_043793867.1	XP_026300111.1	XP_003401453.1
OG0008433	XP_016913307.1	XP_006613582.1	XP_012350627.1	XP_043784431.1	XP_006558078.1	NP_001267847.1
OG0008434	XP_016915430.1	XP_006620895.1	XP_086765177.1	XP_043785367.1	XP_026300723.1	XP_048267911.1
OG0008435	XP_061928095.1	XP_006618235.1	XP_012346783.1	XP_043800927.1	XP_026294816.1	XP_003393728.2
OG0008436	XP_061937935.1	XP_006614136.1	XP_012346874.1	XP_043799057.1	XP_393805.3	XP_003398911.1
OG0008437	XP_016921371.1	XP_006621121.1	XP_012348100.1	XP_043803669.1	XP_006570900.3	XP_003393403.1
OG0008438	XP_016919261.1	XP_031369433.1	XP_086760215.1	XP_043795091.1	XP_026298578.1	XP_012167136.2
OG0008439	XP_061937535.1	XP_006624258.1	XP_003698193.1	XP_043790220.1	XP_624060.4	XP_003399171.1
OG0008440	XP_016912663.2	XP_031364577.1	XP_086764461.1	XP_043784304.1	XP_006568458.2	XP_003394368.3
OG0008441	XP_028524170.1	XP_031365428.1	XP_012339011.3	XP_043784139.1	XP_026298960.1	XP_003398224.2
OG0008442	XP_028521711.2	XP_031371084.1	XP_086770567.1	XP_043794734.1	XP_393936.4	XP_003400115.1
OG0008443	XP_028520121.1	XP_006613312.1	XP_003690545.1	XP_043787629.1	XP_624446.3	XP_012169810.1
OG0008444	XP_016905409.2	XP_031367853.1	XP_086772444.1	XP_043793557.1	XP_006557567.2	XP_012164549.2
OG0008445	XP_016911224.1	XP_031371097.1	XP_086765527.1	XP_043800618.1	XP_006560996.1	XP_048260338.1
OG0008446	XP_016921203.1	XP_006607340.1	XP_003692546.1	XP_043786089.1	XP_396720.2	XP_003403112.1
OG0008447	XP_016916764.1	XP_006609049.1	XP_012345215.1	XP_043790642.1	XP_006558313.1	XP_003401394.1
OG0008448	XP_061936976.1	XP_006613869.1	XP_012339092.2	XP_043784155.1	XP_006562884.1	XP_012167894.1
OG0008449	XP_016904593.1	XP_006622470.1	XP_003696858.1	XP_043799733.1	XP_392222.3	XP_012175274.2
OG0008450	XP_016913603.1	XP_006611036.1	XP_012343842.2	XP_043786028.1	XP_001122512.3	XP_048268265.1
OG0008451	XP_016905204.1	XP_006609131.1	XP_031773956.1	XP_043790306.1	XP_006559250.1	XP_003401499.1
OG0008452	XP_016916367.1	XP_006615086.1	XP_086772208.1	XP_043797975.1	XP_006557811.1	XP_003399730.1
OG0008453	XP_061929762.1	XP_006623596.1	XP_012350268.2	XP_043788233.1	XP_006560678.1	XP_048265922.1
OG0008454	XP_061927534.1	XP_031368409.1	XP_086763138.1	XP_043796765.1	XP_016766274.1	XP_012173687.1
OG0008455	XP_016905789.2	XP_031365110.1	XP_086766905.1	XP_043800144.1	XP_026297303.1	XP_048262388.1
OG0008456	XP_016920271.1	XP_031369495.1	XP_086762549.1	XP_043799750.1	XP_006569064.1	XP_012174837.2
OG0008457	XP_061940098.1	XP_006619662.1	XP_031772966.2	XP_043787396.1	XP_026300611.1	XP_048267469.1
OG0008458	XP_061941181.1	XP_031364388.1	XP_086770728.1	XP_043793755.1	XP_016771785.2	XP_048268054.1
OG0008459	XP_061928300.1	XP_031368002.1	XP_031775759.1	XP_043788382.1	XP_016766701.1	XP_012175966.1
OG0008460	XP_016914271.2	XP_006624463.1	XP_003692443.1	XP_043799878.1	XP_026297138.1	XP_003397674.1
OG0008461	XP_016911345.1	XP_031367289.1	XP_003695357.1	XP_043786214.1	XP_006558927.1	XP_012175004.1
OG0008462	XP_016913133.2	XP_006613472.1	XP_003697416.1	XP_043803800.1	XP_026299981.1	XP_012170605.2
OG0008463	XP_016911997.1	XP_006619846.1	XP_012348795.1	XP_043794803.1	XP_001120093.2	XP_012169128.2
OG0008464	XP_061932998.1	XP_006619085.1	XP_086766097.1	XP_043800539.1	XP_623996.3	XP_003403259.1
OG0008465	XP_016909757.1	XP_006620338.1	XP_003696054.1	XP_043790694.1	XP_006561087.1	XP_012172353.1
OG0008466	XP_016913910.1	XP_006623299.1	XP_012345875.1	XP_043792554.1	XP_006570259.2	XP_003399753.1
OG0008467	XP_016911344.1	XP_006609763.1	XP_003698759.3	XP_043788498.1	XP_393029.2	XP_003394197.1
OG0008468	XP_016909964.1	XP_006618494.1	XP_003694061.1	XP_043796959.1	XP_006564745.1	XP_003403208.2
OG0008469	XP_061935741.1	XP_006618061.1	XP_086771163.1	XP_043791798.1	XP_395566.3	XP_012175914.1
OG0008470	XP_061942288.1	XP_006612836.1	XP_086768194.1	XP_043794017.1	XP_026301514.1	XP_020721163.2
OG0008471	XP_061929740.1	XP_006615943.1	XP_003689628.1	XP_043788073.1	XP_016767143.1	XP_003394747.1
OG0008472	XP_061929831.1	XP_006610301.1	XP_086759351.1	XP_043788070.1	XP_026295810.1	XP_003395190.3
OG0008473	XP_016906340.1	XP_006620385.1	XP_012342481.1	XP_043800389.1	XP_624710.1	XP_048264546.1
OG0008474	XP_016906888.1	XP_006623411.1	XP_031774394.1	XP_043792546.1	XP_001120695.1	XP_012164356.1
OG0008475	XP_016909773.2	XP_006620347.1	XP_086773895.1	XP_043790692.1	XP_026301325.1	XP_012172356.1
OG0008476	XP_016918573.1	XP_031370496.1	XP_031772299.1	XP_043796055.1	XP_026301842.1	XP_003396341.1
OG0008477	XP_016919922.1	XP_006617411.2	XP_012343928.2	XP_043797665.1	XP_016771378.2	XP_048267501.1
OG0008478	XP_061936764.1	XP_031368581.1	XP_086771357.1	XP_043785059.1	XP_026299278.1	XP_048265424.1
OG0008479	XP_016913971.1	XP_031364556.1	XP_012344053.1	XP_043804094.1	XP_006567053.2	XP_003399715.2
OG0008480	XP_028523979.1	XP_006608214.1	XP_003692182.1	XP_043788729.1	XP_006563601.1	XP_003401034.1
OG0008481	XP_016909724.1	XP_006617106.1	XP_012345165.1	XP_043789029.1	XP_393307.3	XP_003401146.1
OG0008482	XP_016904606.1	XP_006609892.1	XP_003696812.1	XP_043797833.1	XP_006568264.1	XP_048270430.1
OG0008483	XP_016919895.1	XP_031364542.1	XP_012343914.2	XP_043797793.1	XP_026300484.1	XP_003400181.1
OG0008484	XP_061943459.1	XP_006623161.1	XP_003697071.2	XP_043799359.1	XP_026300835.1	XP_048261372.1
OG0008485	XP_016916467.1	XP_006617855.1	XP_012346007.2	XP_043789922.1	XP_003251033.1	XP_012167536.1
OG0008486	XP_016912826.1	XP_006616362.1	XP_031775949.2	XP_043787940.1	XP_395360.3	XP_003394612.1
OG0008487	XP_016907270.1	XP_031371002.1	XP_012350169.1	XP_043790236.1	XP_006561985.2	XP_003397446.2
OG0008488	XP_061932324.1	XP_031365112.1	XP_086767055.1	XP_043800035.1	XP_026296931.1	XP_048264835.1
OG0008489	XP_016906956.1	XP_006610000.1	XP_003691629.1	XP_043784162.1	XP_001119998.2	XP_048265371.1
OG0008490	XP_016906867.1	XP_006616554.1	XP_031774127.2	XP_043792084.1	XP_016767851.2	XP_020718673.2
OG0008491	XP_016906315.1	XP_006623088.1	XP_012344705.1	XP_043795617.1	XP_006560780.1	XP_048265621.1
OG0008492	XP_061941159.1	XP_006620263.1	XP_086770729.1	XP_043793781.1	XP_026300878.1	XP_048267622.1
OG0008493	XP_016911558.1	XP_006622554.1	XP_031775425.2	XP_043792008.1	XP_001120817.2	XP_003399440.2
OG0008494	XP_016921657.1	XP_006610879.1	XP_003697377.1	XP_043803861.1	XP_393863.3	XP_003399691.1
OG0008495	XP_061934364.1	XP_031363909.1	XP_086769836.1	XP_043789644.1	XP_016769308.1	XP_048261296.1
OG0008496	XP_016907361.2	XP_006614070.1	XP_086769554.1	XP_043787881.1	XP_001121762.2	XP_003397981.1
OG0008497	XP_016912315.1	XP_006618186.1	XP_003696572.1	XP_043792315.1	XP_624357.1	XP_003394512.1
OG0008498	XP_061928021.1	XP_006612793.1	XP_003697185.1	XP_043800798.1	XP_026302276.1	XP_012168493.1
OG0008499	XP_016904376.2	XP_006613268.1	XP_086769759.1	XP_043793442.1	XP_001120426.2	XP_012165977.1
OG0008500	XP_016921376.2	XP_006612187.1	XP_086759591.1	XP_043784952.1	XP_026295782.1	XP_048261081.1
OG0008501	XP_016918197.1	XP_006612638.1	XP_086768951.1	XP_043796307.1	XP_001121064.2	XP_012165929.1
OG0008502	XP_061937372.1	XP_006624487.1	XP_003693714.1	XP_043784402.1	XP_001120471.1	XP_003396466.1
OG0008503	XP_016912836.1	XP_006608514.1	XP_086765965.1	XP_043787646.1	XP_006568016.1	XP_012176635.1
OG0008504	XP_016910351.1	XP_006615739.1	XP_003691368.1	XP_043803181.1	XP_396134.2	XP_003393753.1
OG0008505	XP_061940518.1	XP_031364173.1	XP_086765127.1	XP_043785901.1	XP_016771755.1	XP_048268039.1
OG0008506	XP_016910699.1	XP_006622230.1	XP_012351133.2	XP_043803231.1	XP_016773517.2	XP_003394069.1
OG0008507	XP_016906348.1	XP_006614821.1	XP_003693838.4	XP_043800102.1	XP_624764.3	XP_003396162.1
OG0008508	XP_061926809.1	XP_006622851.1	XP_031771143.2	XP_043794407.1	XP_016769843.2	XP_003392984.2
OG0008509	XP_061942309.1	XP_006615092.1	XP_086772214.1	XP_043797843.1	XP_006557814.2	XP_048266702.1
OG0008510	XP_061936001.1	XP_006614614.1	XP_086771614.1	XP_043798052.1	XP_006557325.2	XP_020720476.1
OG0008511	XP_016915228.1	XP_031367043.1	XP_012340197.1	XP_043799891.1	XP_006570996.1	XP_003402307.1
OG0008512	XP_028524339.1	XP_031365391.1	XP_086769106.1	XP_043789976.1	XP_006561804.3	XP_012166789.2
OG0008513	XP_061937405.1	XP_006620916.1	XP_086770789.1	XP_043784499.1	XP_016770383.1	XP_048263253.1
OG0008514	XP_016918414.2	XP_006607623.1	XP_003694153.1	XP_043797014.1	XP_624895.1	XP_003401793.1
OG0008515	XP_016913362.1	XP_006621173.1	XP_003696746.1	XP_043793069.1	XP_026296306.1	XP_048262208.1
OG0008516	XP_061928652.1	XP_006617570.1	XP_086765468.1	XP_043787846.1	XP_016766768.1	XP_012176551.1
OG0008517	XP_016906687.1	XP_006613697.1	XP_003696673.1	XP_043793300.1	XP_625183.2	XP_003395735.1
OG0008518	XP_061941950.1	XP_031367250.1	XP_086758712.1	XP_043789138.1	XP_006563612.1	XP_048268615.1
OG0008519	XP_061928956.1	XP_006612096.1	XP_086764252.1	XP_043803922.1	XP_026295533.1	XP_048260089.1
OG0008520	XP_016912510.2	XP_006609305.1	XP_031773904.1	XP_043790506.1	XP_026301095.1	XP_003401305.1
OG0008521	XP_016916568.1	XP_006616761.1	XP_031772862.1	XP_043785263.1	XP_395324.2	XP_003400738.1
OG0008522	XP_016912494.2	XP_031370801.1	XP_003695825.2	XP_043790571.1	XP_006560739.1	XP_012172493.2
OG0008523	XP_016917007.1	XP_031364437.1	XP_003689972.2	XP_043802293.1	XP_026295778.1	XP_003402471.2
OG0008524	XP_016915676.1	XP_006621990.2	XP_086761818.1	XP_043796819.1	XP_006569897.2	XP_003397997.1
OG0008525	XP_061934957.1	XP_006608735.1	XP_012341546.2	XP_043797341.1	XP_006569788.2	XP_012173328.1
OG0008526	XP_016917383.3	XP_031365881.1	XP_086764310.1	XP_043804023.1	XP_026295437.1	XP_048260168.1
OG0008527	XP_028522536.2	XP_031367545.1	XP_012346263.2	XP_043792900.1	XP_026296583.1	XP_020718651.2
OG0008528	XP_016911634.1	XP_006617823.1	XP_086762768.1	XP_043789763.1	XP_026298590.1	XP_003397396.1
OG0008529	XP_061932072.1	XP_006612645.1	XP_012339997.1	XP_043784355.1	XP_006561346.1	XP_048262460.1
OG0008530	XP_061926826.1	XP_006622843.1	XP_086768236.1	XP_043794088.1	XP_026298294.1	XP_048262838.1
OG0008531	XP_016912149.3	XP_031366475.1	XP_086761203.1	XP_043792988.1	XP_016767675.2	XP_020718596.2
OG0008532	XP_016918554.1	XP_031369795.1	XP_012341828.1	XP_043796244.1	XP_006569684.1	XP_012165228.1
OG0008533	XP_016919893.1	XP_006616447.1	XP_086763987.1	XP_043791595.1	XP_026300527.1	XP_020721985.1
OG0008534	XP_061934944.1	XP_031369664.1	XP_003693393.2	XP_043796622.1	XP_006569779.1	XP_003402078.1
OG0008535	XP_016904800.1	XP_006619187.1	XP_003698506.1	XP_043787132.1	XP_623914.1	XP_003398117.1
OG0008536	XP_016907241.1	XP_006610657.1	XP_086769291.1	XP_043792619.1	XP_016766315.1	XP_003398690.1
OG0008537	XP_016906931.1	XP_006621844.1	XP_003696709.1	XP_043792519.1	XP_006567935.1	XP_012164344.1
OG0008538	XP_016919669.1	XP_006607760.1	XP_012349542.1	XP_043797545.1	XP_006559207.1	XP_003397240.2
OG0008539	XP_016906354.1	XP_006620375.1	XP_003693861.1	XP_043799801.1	XP_026297299.1	XP_012166756.1
OG0008540	XP_016912832.1	XP_031368448.1	XP_012350498.1	XP_043787919.1	XP_006568037.1	XP_012174561.1
OG0008541	XP_061940363.1	XP_006616643.1	XP_012347859.2	XP_043785272.1	XP_026300990.1	XP_020718615.2
OG0008542	XP_061937557.1	XP_006623395.2	XP_003698186.1	XP_043790080.1	XP_624536.2	XP_003398832.1
OG0008543	XP_061940339.1	XP_006613320.1	XP_003690556.1	XP_043792955.1	XP_006558679.2	XP_003394835.1
OG0008544	XP_028521295.1	XP_006615329.1	XP_086773586.1	XP_043799639.1	XP_006561500.1	XP_003397380.1
OG0008545	XP_016912575.2	XP_006616334.1	XP_012349408.1	XP_043787748.1	XP_624529.2	XP_003394260.1
OG0008546	XP_016909785.1	XP_006617135.1	XP_003696088.1	XP_043788664.1	XP_623915.2	XP_003401273.1
OG0008547	XP_016909656.1	XP_006607160.1	XP_003694516.1	XP_043794958.1	XP_624733.1	XP_003400038.1
OG0008548	XP_061935869.1	XP_031367135.1	XP_086771021.1	XP_043791824.1	XP_026298667.1	XP_048264701.1
OG0008549	XP_016905332.2	XP_006620001.1	XP_003698434.1	XP_043804368.1	XP_003249612.2	XP_003395950.2
OG0008550	XP_016904036.1	XP_006607512.1	XP_003693300.1	XP_043796758.1	XP_392589.2	XP_048269044.1
OG0008551	XP_016905637.3	XP_006624425.1	XP_003692277.1	XP_043799442.1	XP_016772965.1	XP_012173885.1
OG0008552	XP_061926841.1	XP_006625105.2	XP_086768261.1	XP_043799343.1	XP_006571438.1	XP_003392980.1
OG0008553	XP_016918102.2	XP_031368925.1	XP_012343754.2	XP_043796100.1	XP_006571083.1	XP_012168018.2
OG0008554	XP_016906971.1	XP_006609973.1	XP_012339026.1	XP_043784119.1	XP_006562949.1	XP_012168180.1
OG0008555	XP_016922324.1	XP_006616647.1	XP_003697836.1	XP_043785541.1	XP_392923.5	XP_012167845.1
OG0008556	XP_016912905.1	XP_006616295.1	XP_003698830.3	XP_043787621.1	XP_395373.3	XP_003394628.1
OG0008557	XP_061937402.1	XP_031369910.1	XP_086770874.1	XP_043784708.1	XP_006559075.1	XP_012165117.1
OG0008558	XP_016908043.1	XP_006615839.1	XP_003692985.1	XP_043800537.1	XP_001120253.1	XP_003398614.1
OG0008559	XP_016912401.1	XP_006609232.1	XP_012345015.1	XP_043790623.1	NP_001161808.1	XP_003401545.1
OG0008560	XP_061935213.1	XP_006610500.1	XP_003690683.1	XP_043787183.1	XP_001120148.2	XP_020719964.1
OG0008561	XP_061933922.1	XP_006617684.1	XP_012344334.2	XP_043786411.1	XP_026298280.1	XP_012166392.1
OG0008562	XP_016912046.2	XP_031366861.1	XP_086766560.1	XP_043794210.1	XP_006564419.1	XP_012169104.1
OG0008563	XP_061942357.1	XP_031365998.1	XP_031776556.1	XP_043797916.1	XP_006557822.1	XP_003399736.2
OG0008564	XP_016911893.2	XP_006611363.1	XP_012345713.1	XP_043792363.1	XP_006564252.1	XP_020718820.1
OG0008565	XP_016918194.2	XP_031370358.1	XP_003693569.1	XP_043796266.1	XP_006570089.1	XP_003396373.1
OG0008566	XP_061934774.1	XP_006610472.1	XP_003690654.1	XP_043791542.1	XP_006562827.2	XP_048262895.1
OG0008567	XP_016922605.2	XP_006619941.1	XP_003695513.1	XP_043794335.1	XP_006571771.1	XP_003393278.1
OG0008568	XP_061931155.1	XP_006618609.1	XP_086760498.1	XP_043792444.1	XP_006567763.1	XP_012173455.1
OG0008569	XP_016912460.1	XP_006609266.1	XP_012345273.2	XP_043790467.1	XP_006560152.2	XP_012172317.1
OG0008570	XP_016913859.1	XP_006609566.1	XP_031776328.2	XP_043794733.1	XP_001122204.2	XP_012171059.1
OG0008571	XP_016917745.1	XP_006623963.2	XP_031771587.2	XP_043802645.1	XP_026296689.1	XP_003395867.2
OG0008572	XP_016912152.1	XP_006608088.1	XP_003696601.1	XP_043792531.1	XP_393080.4	XP_003395484.1
OG0008573	XP_061938215.1	XP_006619497.1	XP_086761241.1	XP_043798508.1	XP_026299720.1	XP_048266509.1
OG0008574	XP_016917071.1	XP_006611778.1	XP_003689949.1	XP_043802299.1	XP_625083.1	XP_003394989.1
OG0008575	XP_016912811.1	XP_006608507.1	XP_003691041.1	XP_043787599.1	XP_396540.4	XP_048270706.1
OG0008576	XP_016913890.2	XP_006624947.1	XP_031774037.2	XP_043792614.1	XP_006570241.1	XP_048266989.1
OG0008577	XP_016906747.1	XP_006616597.1	XP_086760638.1	XP_043793134.1	XP_001122827.2	XP_048262167.1
OG0008578	XP_016922026.1	XP_006624324.1	XP_086766834.1	XP_043793923.1	XP_624348.3	XP_012172671.1
OG0008579	XP_016912055.1	XP_006623065.1	XP_086773120.1	XP_043794710.1	XP_006564454.1	XP_012169146.1
OG0008580	XP_016908368.1	XP_031368148.1	XP_086764411.1	XP_043784345.1	XP_006569939.1	XP_003402869.1
OG0008581	XP_061936716.1	XP_031366833.1	XP_003692756.1	XP_043787000.1	XP_006566246.2	XP_003398592.1
OG0008582	XP_016919233.2	XP_006612983.1	XP_003692847.2	XP_043791255.1	XP_016770082.2	XP_003394591.2
OG0008583	XP_028521401.1	XP_006608971.1	XP_031775609.2	XP_043785659.1	XP_026300183.1	XP_003399530.1
OG0008584	XP_061938191.1	XP_031368185.1	XP_012339397.1	XP_043799097.1	XP_391869.3	XP_003398783.1
OG0008585	XP_016904961.1	XP_006619020.1	XP_086766090.1	XP_043800467.1	XP_392465.3	XP_003403257.1
OG0008586	XP_016911084.1	XP_006619866.1	XP_003693716.1	XP_043784498.1	XP_623372.1	XP_003396242.1
OG0008587	XP_061927692.1	XP_006618288.1	XP_086763128.1	XP_043800583.1	XP_016773638.2	XP_048269051.1
OG0008588	XP_016911765.2	XP_006611402.1	XP_003696471.3	XP_043793047.1	XP_016767782.1	XP_012163872.1
OG0008589	XP_061934238.1	XP_031366133.1	XP_086764079.1	XP_043799531.1	XP_026298107.1	XP_048264125.1
OG0008590	XP_061934996.1	XP_031369330.1	XP_086761820.1	XP_043796613.1	XP_026297848.1	XP_012167726.1
OG0008591	XP_061932936.1	XP_031370003.1	XP_012341119.2	XP_043800462.1	XP_026297467.1	XP_012166354.2
OG0008592	XP_016920192.1	XP_006618279.1	XP_003696934.1	XP_043798608.1	XP_003251266.1	XP_003393740.2
OG0008593	XP_016908709.1	XP_006616227.1	XP_003690094.1	XP_043801218.1	XP_016771803.1	XP_003400808.1
OG0008594	XP_016908246.2	XP_031366129.1	XP_086773600.1	XP_043799702.1	XP_006561491.3	XP_012166720.3
OG0008595	XP_016907969.1	XP_006614106.1	XP_012346837.1	XP_043798982.1	XP_006566426.1	XP_020721206.1
OG0008596	XP_016916059.1	XP_006611308.1	XP_086772118.1	XP_043786639.1	XP_006559444.2	XP_048266839.1
OG0008597	XP_061935805.1	XP_006621053.1	XP_003695773.1	XP_043791787.1	XP_006557271.1	XP_003401946.1
OG0008598	XP_016916124.2	XP_006622755.1	XP_086772246.1	XP_043797892.1	XP_006557792.2	XP_020721696.2
OG0008599	XP_061942693.1	XP_031368692.1	XP_003697872.1	XP_043784756.1	XP_016772636.1	XP_003402258.1
OG0008600	XP_016918272.2	XP_006607595.1	XP_003694178.1	XP_043796929.1	XP_016769299.2	XP_003403038.1
OG0008601	XP_028524195.1	XP_006615586.1	XP_012342089.1	XP_043801415.1	XP_026299494.1	XP_048263178.1
OG0008602	XP_016910221.1	XP_006613994.1	XP_003696492.3	XP_043793082.1	XP_006562213.1	XP_012164497.2
OG0008603	XP_061931871.1	XP_006621338.1	XP_086771812.1	XP_043793493.1	XP_006571817.1	XP_003402733.1
OG0008604	XP_016905911.1	XP_006613148.1	XP_086767230.1	XP_043800028.1	XP_006568307.1	XP_003396025.1
OG0008605	XP_016917600.1	XP_006608239.1	XP_003692185.1	XP_043788811.1	XP_006563593.1	XP_003401053.1
OG0008606	XP_016920845.1	XP_031370698.1	XP_086768252.1	XP_043799322.1	XP_006571440.2	XP_048263019.1
OG0008607	XP_061931350.1	XP_006622092.2	XP_031774120.2	XP_043793415.1	XP_006570008.2	XP_048267051.1
OG0008608	XP_016913331.1	XP_006615013.1	XP_086765053.1	XP_043784622.1	XP_006557510.1	XP_012165951.1
OG0008609	XP_016916633.1	XP_006616700.1	XP_012342941.1	XP_043785647.1	XP_001123195.2	XP_003400908.2
OG0008610	XP_061942394.1	XP_031364242.1	XP_086772173.1	XP_043786632.1	XP_016772477.2	XP_012169847.3
OG0008611	XP_016913146.1	XP_006613456.1	XP_003697399.1	XP_043803837.1	XP_393870.2	XP_003399941.1
OG0008612	XP_061936196.1	XP_031369582.1	XP_003697321.2	XP_043787168.1	XP_016769758.1	XP_003398503.1
OG0008613	XP_061941509.1	XP_006609216.1	XP_086758977.1	XP_043790615.1	NP_001229447.1	XP_003401534.1
OG0008614	XP_028519957.2	XP_031370797.1	XP_086763085.1	XP_043797310.1	XP_006568785.2	XP_003393676.1
OG0008615	XP_016913756.1	XP_006618014.1	XP_003690856.1	XP_043791512.1	XP_003249472.1	XP_003400255.1
OG0008616	XP_061929538.1	XP_031364650.1	XP_003691720.2	XP_043797398.1	XP_026295950.1	XP_048260730.1
OG0008617	XP_061932283.1	XP_006613799.1	XP_012342267.1	XP_043800986.1	XP_026296935.1	XP_003396056.1
OG0008618	XP_061942716.1	XP_006610778.1	XP_012343835.2	XP_043789260.1	XP_006563226.1	XP_012170079.1
OG0008619	XP_016907861.1	XP_031365668.1	XP_086771767.1	XP_043798943.1	XP_006566479.2	XP_048266515.1
OG0008620	XP_016922427.1	XP_006625086.1	XP_086765876.1	XP_043788434.1	XP_006560861.1	XP_003399802.1
OG0008621	XP_061928191.1	XP_031364406.1	XP_012349232.1	XP_043795354.1	XP_016766596.1	XP_012176135.1
OG0008622	XP_016911151.1	XP_006623354.1	XP_003693764.2	XP_043784414.1	XP_623820.2	XP_003396454.1
OG0008623	XP_028520607.2	XP_031369564.1	XP_086766935.1	XP_043801059.1	XP_016768190.2	XP_048262414.1
OG0008624	XP_016903942.2	XP_006610115.2	XP_012347873.2	XP_043789315.1	XP_006561878.2	XP_012167363.2
OG0008625	XP_016920311.3	XP_006622490.2	XP_012346607.2	XP_043800224.1	XP_006569034.2	XP_003393781.2
OG0008626	XP_016916670.1	XP_006616755.1	XP_012342950.1	XP_043785978.1	XP_026300995.1	XP_003400709.1
OG0008627	XP_016912329.1	XP_006615548.1	XP_012341766.1	XP_043784774.1	XP_006568688.1	XP_048263247.1
OG0008628	XP_016907208.1	XP_031365511.1	XP_086769550.1	XP_043788347.1	XP_006560334.1	XP_012166970.1
OG0008629	XP_016921886.1	XP_006614522.1	XP_031775536.2	XP_043803855.1	XP_001120974.1	XP_003399483.1
OG0008630	XP_061936855.1	XP_031364764.1	XP_086766793.1	XP_043790989.1	XP_006562405.1	XP_012168122.1
OG0008631	XP_061939213.1	XP_031366369.1	XP_031773952.2	XP_043793863.1	XP_026300286.1	XP_048268741.1
OG0008632	XP_016907768.1	XP_031365627.1	XP_086771742.1	XP_043798339.1	XP_006566520.1	XP_020721110.1
OG0008633	XP_061936370.1	XP_031370040.1	XP_012340735.3	XP_043787033.1	XP_026299064.1	XP_003403363.1
OG0008634	XP_061943468.1	XP_031369831.1	XP_086768291.1	XP_043799344.1	XP_016771049.1	XP_003393172.1
OG0008635	XP_061932079.1	XP_006612657.1	XP_003692329.1	XP_043784347.1	XP_001121418.2	XP_003402320.2
OG0008636	XP_061932473.1	XP_006623540.1	XP_003693822.1	XP_043800103.1	XP_396624.2	XP_003396121.2
OG0008637	XP_016905752.1	XP_006610304.1	XP_086764230.1	XP_043797501.1	XP_006558857.1	XP_020719938.2
OG0008638	XP_061934728.1	XP_006610338.2	XP_012342734.2	XP_043797333.1	XP_006568085.2	XP_003401683.2
OG0008639	XP_016915511.1	XP_006614991.1	XP_003695453.2	XP_043796651.1	XP_396039.6	XP_012167000.1
OG0008640	XP_061928450.1	XP_006609744.1	XP_003698770.2	XP_043800615.1	XP_016766900.1	XP_003394209.3
OG0008641	XP_016911324.1	XP_031370067.1	XP_012348535.1	XP_043792070.1	XP_016769230.1	XP_003397187.1
OG0008642	XP_061942467.1	XP_006614965.1	XP_086768148.1	XP_043794080.1	XP_006571642.2	XP_003393333.4
OG0008643	XP_016921344.2	XP_006624005.1	XP_031775354.1	XP_043803679.1	XP_003251594.2	XP_048264495.1
OG0008644	XP_061929980.1	XP_006614752.1	XP_086760178.1	XP_043801952.1	XP_006565495.2	XP_003395036.2
OG0008645	XP_061933667.1	XP_031368421.1	XP_012344194.1	XP_043794624.1	XP_006560904.1	XP_048264086.1
OG0008646	XP_016915234.1	XP_006620964.1	XP_012340300.1	XP_043800056.1	XP_016768386.1	XP_012164653.1
OG0008647	XP_016907086.1	XP_006620852.1	XP_003691596.1	XP_043785402.1	XP_006560497.1	XP_003398325.1
OG0008648	XP_016914164.1	XP_006614721.1	XP_003694579.1	XP_043802141.1	XP_001121187.2	XP_003395019.1
OG0008649	XP_028525658.1	XP_006621199.1	XP_012347737.2	XP_043795181.1	XP_006560796.1	XP_003397605.1
OG0008650	XP_061939673.1	XP_031370966.1	XP_086770401.1	XP_043794812.1	XP_016771292.2	XP_048267333.1
OG0008651	XP_016913458.1	XP_006623811.1	XP_086759542.1	XP_043802839.1	XP_006557981.1	XP_012163641.1
OG0008652	XP_016909483.3	XP_031370298.1	XP_003694646.4	XP_043801732.1	XP_006567306.1	XP_012163344.2
OG0008653	XP_016913105.1	XP_006612013.1	XP_086763674.1	XP_043804164.1	XP_006567026.2	XP_003399699.2
OG0008654	XP_028521890.1	XP_006613993.1	XP_003696295.2	XP_043793083.1	XP_394547.4	XP_003395483.1
OG0008655	XP_016911009.1	XP_006611635.1	XP_012349034.1	XP_043795412.1	XP_006558486.2	XP_048270607.1
OG0008656	XP_061937733.1	XP_006623032.1	XP_086773107.1	XP_043795295.1	XP_006564386.1	XP_048266157.1
OG0008657	XP_016922720.1	XP_006620877.1	XP_086764035.1	XP_043785664.1	XP_393502.3	XP_003398331.1
OG0008658	XP_016921812.1	XP_006619346.1	XP_012344680.1	XP_043784281.1	XP_006557693.1	XP_012166219.1
OG0008659	XP_016919045.2	XP_006616185.1	XP_012344587.1	XP_043794059.1	XP_006571553.1	XP_003392935.1
OG0008660	XP_061932578.1	XP_031367259.1	XP_086766882.1	XP_043800328.1	XP_026296913.1	XP_048262343.1
OG0008661	XP_061926815.1	XP_031366205.1	XP_086768921.1	XP_043784747.1	XP_006568691.1	XP_012165064.2
OG0008662	XP_061941115.1	XP_006611073.1	XP_003695022.1	XP_043785653.1	XP_397233.2	XP_003400678.1
OG0008663	XP_016915818.1	XP_006616024.1	XP_012349716.1	XP_043788156.1	XP_392635.4	XP_003395065.2
OG0008664	XP_016909877.1	XP_006614454.1	XP_012347592.3	XP_043786455.1	XP_006559161.1	XP_003393599.2
OG0008665	XP_061932244.1	XP_006613866.2	XP_086766979.1	XP_043800995.1	XP_006565434.1	XP_003396040.1
OG0008666	XP_016920376.1	XP_006622345.1	XP_012346642.1	XP_043802620.1	XP_006569061.1	XP_012174797.1
OG0008667	XP_016911905.1	XP_006611384.1	XP_031774148.2	XP_043793448.1	XP_397131.4	XP_012163884.1
OG0008668	XP_016922872.1	XP_006611582.1	XP_003697445.1	XP_043793776.1	XP_395245.2	XP_003393372.1
OG0008669	XP_016914894.1	XP_031369042.1	XP_003697318.1	XP_043787185.1	XP_016769739.2	XP_003398310.1
OG0008670	XP_061938228.1	XP_031365116.1	XP_012347427.1	XP_043788564.1	XP_016772712.1	XP_012165772.1
OG0008671	XP_016922151.2	XP_006614591.1	XP_003694489.1	XP_043787471.1	XP_393627.4	XP_003400120.1
OG0008672	XP_061932938.1	XP_006624522.1	XP_012341178.1	XP_043800506.1	XP_006572054.1	XP_003397134.1
OG0008673	XP_061939060.1	XP_031367592.1	XP_086763661.1	XP_043803997.1	XP_016770863.2	XP_048267007.1
OG0008674	XP_016910889.1	XP_006607401.1	XP_086773697.1	XP_043786103.1	XP_006558913.1	XP_048269191.1
OG0008675	XP_061932944.1	XP_006623466.1	XP_012341040.1	XP_043800558.1	XP_026297493.1	XP_048265672.1
OG0008676	XP_016906751.1	XP_006616612.1	XP_003696452.1	XP_043793144.1	XP_623973.1	XP_012164036.1
OG0008677	XP_016917121.1	XP_006617029.1	XP_003692188.1	XP_043784615.1	XP_392912.1	XP_003397350.1
OG0008678	XP_016919411.1	XP_031365759.1	XP_086758522.1	XP_043788715.1	XP_006563542.1	XP_012172228.1
OG0008679	XP_061942985.1	XP_006616158.2	XP_086768044.1	XP_043794465.1	XP_026298618.1	XP_048264200.1
OG0008680	XP_028523273.2	XP_031367792.1	XP_086766492.1	XP_043795784.1	XP_026297748.1	XP_012165696.1
OG0008681	XP_016907522.1	XP_031363977.1	XP_086769771.1	XP_043792833.1	XP_006563335.1	XP_012174454.1
OG0008682	XP_016910956.1	XP_006611601.1	XP_086770044.1	XP_043795300.1	XP_016766793.2	XP_012176182.1
OG0008683	XP_016910895.1	XP_006611657.1	XP_003698683.1	XP_043795433.1	XP_001120009.1	XP_003394299.1
OG0008684	XP_016916208.1	XP_006611247.1	XP_003691200.1	XP_043786702.1	XP_026301566.1	XP_003399576.1
OG0008685	XP_061941900.1	XP_006608249.1	XP_086758728.1	XP_043788881.1	XP_026301242.1	XP_020722508.2
OG0008686	XP_061934152.1	XP_006612915.1	XP_086773384.1	XP_043799651.1	XP_026298015.1	XP_003397166.1
OG0008687	XP_061937773.1	XP_031366038.1	XP_086773187.1	XP_043798264.1	XP_006566331.1	XP_048266362.1
OG0008688	XP_016907301.1	XP_006609506.1	XP_003690623.2	XP_043790326.1	XP_396881.3	XP_003402552.1
OG0008689	XP_016914584.1	XP_031364238.1	XP_086766340.1	XP_043795921.1	XP_026297556.1	XP_012166121.1
OG0008690	XP_061939134.1	XP_031364075.1	XP_003697407.1	XP_043803832.1	XP_016770900.1	XP_012170302.3
OG0008691	XP_061931088.1	XP_006613742.1	XP_031774223.2	XP_043792727.1	XP_026296589.1	XP_048261684.1
OG0008692	XP_061939226.1	XP_006615823.1	XP_086766419.1	XP_043793969.1	XP_026299987.1	XP_048268738.1
OG0008693	XP_016916164.1	XP_006611319.1	XP_086772116.1	XP_043786588.1	XP_624161.1	XP_020721584.2
OG0008694	XP_016916685.2	XP_006616692.1	XP_012342998.1	XP_043785637.1	XP_026301020.1	XP_012171747.1
OG0008695	XP_016921595.2	XP_031368958.1	XP_003698001.2	XP_043803382.1	XP_001121332.3	XP_003393421.1
OG0008696	XP_016909883.2	XP_031371151.1	XP_031772733.2	XP_043796453.1	XP_026298307.1	XP_012173107.2
OG0008697	XP_016920209.3	XP_031370978.1	XP_086773410.1	XP_043786258.1	XP_026298327.1	XP_003403163.2
OG0008698	XP_028521183.1	XP_031365532.1	XP_012346833.2	XP_043798790.1	XP_006566421.2	XP_012168998.1
OG0008699	XP_016906014.1	XP_006608424.1	XP_031775842.2	XP_043788405.1	NP_001035357.1	XP_012176387.1
OG0008700	XP_016920386.1	XP_006620671.1	XP_012346509.1	XP_043802585.1	XP_026294639.1	XP_003393719.1
OG0008701	XP_016907814.1	XP_006614084.1	XP_003691972.2	XP_043798911.1	XP_006566445.2	XP_012168959.1
OG0008702	XP_016914274.1	XP_006616891.1	XP_012340131.2	XP_043800087.1	XP_006571055.1	XP_020719977.1
OG0008703	XP_016920398.1	XP_006622334.1	XP_003696832.2	XP_043802551.1	XP_006569049.1	XP_048268310.1
OG0008704	XP_061939425.1	XP_006610882.1	XP_086763565.1	XP_043804310.1	XP_001122002.2	XP_003399684.1
OG0008705	XP_016920812.2	XP_006612355.1	XP_086760132.1	XP_043802155.1	XP_016767520.1	XP_048261525.1
OG0008706	XP_016920354.1	XP_006622289.1	XP_003696893.1	XP_043798250.1	XP_624564.1	XP_012174341.1
OG0008707	XP_016915856.1	XP_006611868.1	XP_003689990.1	XP_043801880.1	XP_394467.1	XP_003395141.1
OG0008708	XP_061935791.1	XP_031368938.1	XP_012344830.2	XP_043791777.1	XP_026298629.1	XP_003401822.1
OG0008709	XP_016920810.1	XP_006613930.1	XP_003698307.1	XP_043787146.1	XP_395082.4	XP_003398186.2
OG0008710	XP_028520165.1	XP_031365165.1	XP_086769756.1	XP_043794078.1	XP_006558644.1	XP_003396848.3
OG0008711	XP_061936167.1		XP_003697354.3, XP_086773335.1	XP_043787064.1	XP_026299156.1	XP_003398299.3
OG0008712	XP_016907143.2	XP_006610281.1	XP_003689657.1	XP_043788100.1	XP_003249994.1	XP_003395194.1
OG0008713	XP_016913548.2	XP_031364145.1	XP_031772847.2	XP_043785958.1	XP_016771568.2	XP_012171614.2
OG0008714	XP_016916169.1	XP_006620511.1	XP_012347989.1	XP_043786619.1	XP_624102.1	XP_003402160.1
OG0008715	XP_061941446.1	XP_006609150.1	XP_012344954.1	XP_043790523.1	XP_395370.1	XP_012172762.1
OG0008716	XP_016921535.1	XP_006612241.1	XP_086759280.1	XP_043784907.1	XP_395593.4	XP_003394903.2
OG0008717	XP_016904468.1	XP_006613414.1	XP_031776291.2	XP_043788333.1	XP_016773304.2	XP_003399304.2
OG0008718	XP_061943054.1	XP_031367892.1	XP_086767828.1	XP_043794598.1	XP_026298062.1	XP_012165008.2
OG0008719	XP_061927631.1	XP_006622283.1	XP_012346564.1	XP_043801695.1	XP_006568873.1	XP_003402684.1
OG0008720	XP_061941010.1	XP_031370259.1	XP_003694351.2	XP_043785841.1	XP_026300713.1	XP_012171199.1
OG0008721	XP_016913290.1	XP_006613602.1	XP_086769968.1	XP_043784661.1	XP_006558102.1	XP_020719418.1
OG0008722	XP_016919037.1	XP_006614944.1	XP_003695539.2	XP_043794500.1	XP_026301784.1	XP_003393332.2
OG0008723	XP_016917590.1	XP_031366498.1	XP_031770931.2	XP_043784251.1	XP_006562889.1	XP_048265028.1
OG0008724	XP_016921754.1	XP_006617735.1	XP_003695734.1	XP_043798087.1	XP_026299122.1	XP_003394370.1
OG0008725	XP_016922922.1	XP_006611501.1	XP_086770783.1	XP_043793780.1	XP_001120644.2	XP_048268137.1
OG0008726	XP_061941881.1	XP_006608269.1	XP_003692166.2	XP_043788863.1	XP_625196.1	XP_003401072.1
OG0008727	XP_061933686.1	XP_006623889.1	XP_086759232.1	XP_043801640.1	XP_026297752.1	XP_048263452.1
OG0008728	XP_061935803.1	XP_006621054.1	XP_003695776.2	XP_043791779.1	XP_001122675.2	XP_003401944.1
OG0008729	XP_061927994.1	XP_031370107.1	XP_031774670.1	XP_043800891.1	XP_026294632.1	XP_048265673.1
OG0008730	XP_016922686.1	XP_006622691.1	XP_012344613.3	XP_043801245.1	XP_006571217.1	XP_048261719.1
OG0008731	XP_061942562.1	XP_031368694.1	XP_012347932.1	XP_043786627.1	XP_006561447.1	XP_003402143.1
OG0008732	XP_016910736.1	XP_006620822.1	XP_012351021.1	XP_043803325.1	XP_006564782.1	XP_003394050.1
OG0008733	XP_016913382.1	XP_006613623.1	XP_003691084.1	XP_043784442.1	XP_396504.1	XP_003402993.1
OG0008734	XP_016914785.1	XP_031367784.1	XP_003692964.1	XP_043795697.1	XP_026297471.1	XP_003396640.1
OG0008735	XP_016920371.1	XP_006618302.1	XP_086762916.1	XP_043798350.1	XP_006568830.2	XP_012173237.2
OG0008736	XP_016920310.1	XP_031368408.1	XP_003696866.4	XP_043799929.1	XP_026302224.1	XP_003393863.1
OG0008737	XP_016918148.1	XP_031364822.1	XP_086768972.1	XP_043796161.1	XP_026301644.1	XP_003396399.1
OG0008738	XP_016917062.1	XP_006611780.1	XP_003689936.1	XP_043802243.1	XP_026295887.1	XP_003394915.1
OG0008739	XP_061941883.1	XP_006624103.1	XP_012344641.1	XP_043794477.1	XP_016771708.1	XP_012176450.2
OG0008740	XP_061937543.1	XP_031370615.1	XP_086768638.1	XP_043790209.1	XP_026299876.1	XP_048266190.1
OG0008741	XP_061927457.1	XP_031368403.1	XP_086762791.1	XP_043801503.1	XP_006568732.2	XP_012173783.1
OG0008742	XP_016920454.1	XP_031366203.1	XP_012341857.1	XP_043790952.1	XP_006568607.1	XP_020719609.2
OG0008743	XP_061933338.1	XP_006615379.1	XP_003693050.1	XP_043804427.1	XP_003251399.1	XP_012165593.1
OG0008744	XP_016921547.1	XP_006622953.1	XP_012348209.2	XP_043803379.1	XP_026297808.1	XP_003393062.1
OG0008745	XP_016906787.1	XP_006623419.1	XP_003696703.1	XP_043792675.1	XP_395225.2	XP_012164364.1
OG0008746	XP_061927349.1	XP_006622326.1	XP_086762525.1	XP_043797382.1	XP_006569041.1	XP_048268708.1
OG0008747	XP_016914973.1	XP_006622613.1	XP_031774834.2	XP_043787219.1	XP_391843.1	XP_048265160.1
OG0008748	XP_016914961.2	XP_031369056.1	XP_003697329.1	XP_043787213.1	XP_026298946.1	XP_003398315.1
OG0008749	XP_028521104.2	XP_006610571.1	XP_031776204.2	XP_043793917.1	XP_026295652.1	XP_003402703.2
OG0008750	XP_016916269.1	XP_006622830.1	XP_012350927.1	XP_043797993.1	XP_393344.3	XP_003399975.1
OG0008751	XP_016908433.2	XP_006619825.1	XP_031775206.2	XP_043790923.1	XP_006566017.1	XP_003400806.1
OG0008752	XP_016917404.1	XP_006608142.1	XP_003692084.1	XP_043789128.1	XP_016772167.1	XP_012172093.1
OG0008753	XP_061941192.1	XP_006611552.1	XP_012347259.1	XP_043793803.1	XP_006557610.1	XP_048267920.1
OG0008754	XP_016908099.2	XP_006623789.1	XP_086759312.1	XP_043802914.1	XP_006557404.1	XP_012163618.2
OG0008755	XP_028523609.2	XP_031364932.1	XP_086768545.1	XP_043790164.1	XP_016770501.2	XP_048266335.1
OG0008756						XP_048265406.1, XP_048265914.1, XP_048269657.1, XP_048270108.1, XP_048270148.1, XP_048270222.1
OG0008757		XP_006615227.1	XP_086771288.1	XP_043803262.1	NP_001229906.1	XP_003393921.2
OG0008758	XP_016910438.1	XP_031366084.1	XP_012350984.3		NP_001229905.1	XP_048266379.1
OG0008759	XP_028520984.1	XP_006610734.1	XP_012349296.1		XP_006565046.2	XP_012168744.2
OG0008760	XP_016910454.2	XP_006615192.1	XP_012350993.2	XP_043803221.1		XP_048266340.1
OG0008761	XP_016914027.1	XP_031366276.1	XP_012344100.1	XP_043804189.1		XP_048266861.1
OG0008762	XP_061935554.1	XP_006617793.1, XP_031367379.1	XP_003698097.1			XP_048264661.1
OG0008763	XP_061935466.1	XP_006617798.1, XP_031367381.1			XP_016769367.1, XP_026298613.1	
OG0008764	XP_016914829.2	XP_006618686.1	XP_012340855.2	XP_043795883.1	XP_006565547.1	
OG0008765	XP_016917031.1	XP_031364446.1	XP_012342961.3		XP_006569442.1	XP_003402442.2
OG0008766	XP_061932549.1	XP_031365245.1		XP_043799931.1	XP_026296938.1	XP_048262356.1
OG0008767	XP_016913614.1		XP_003694383.1	XP_043785493.1	XP_393986.1	XP_003400632.1
OG0008768	XP_028521431.2		XP_012345437.2	XP_043790794.1	XP_396227.5	XP_003401346.2
OG0008769	XP_028522904.2	XP_031370099.1		XP_043802909.1	XP_026295902.1	XP_048260783.1
OG0008770	XP_016905487.1	XP_031369921.1	XP_086771973.1	XP_043793513.1		XP_003402915.1
OG0008771		XP_006608236.1	XP_086758782.1	XP_043788808.1	XP_016772200.1	XP_003401048.2
OG0008772	XP_061943144.1	XP_006612890.1	XP_086767985.1		XP_006571492.1	XP_012167526.1
OG0008773	XP_016908083.1	XP_031370087.1	XP_031772776.2	XP_043802902.1		XP_003395163.1
OG0008774	XP_016920954.2		XP_012345682.1	XP_043793321.1	XP_026296530.1	XP_003394488.1
OG0008775	XP_016912910.2	XP_031367211.1	XP_031776417.2		NP_001119716.1	XP_003394677.2
OG0008776	XP_061936701.1	XP_006615889.1	XP_086768473.1		XP_006569751.2	XP_048270615.1
OG0008777	XP_061931428.1		XP_086772966.1		XP_006570777.1	XP_003393060.1, XP_012163409.1
OG0008778	XP_016918368.1	XP_031364074.1	XP_086762007.1	XP_043797173.1		XP_048268988.1
OG0008779		XP_006610277.1	XP_003689655.1	XP_043788216.1	XP_624520.1	XP_003395191.1
OG0008780	XP_016916098.1	XP_006611246.1		XP_043786720.1	XP_397228.2	XP_003399522.1
OG0008781	XP_061942971.1	XP_031365589.1	XP_003695522.2	XP_043794156.1	XP_006571554.2	
OG0008782	XP_061933315.1	XP_031364221.1	XP_012340990.2	XP_043783989.1		XP_003396501.1
OG0008783	XP_016917954.1	XP_006616813.1	XP_086772687.1		XP_006566260.1	XP_003398076.3
OG0008784	XP_016904774.2	XP_006607892.1		XP_043790004.1	XP_394814.1	XP_012169788.2
OG0008785		XP_031368326.1	XP_086770533.1	XP_043784647.1	XP_026299551.1	XP_020719455.2
OG0008786	XP_061941229.1	XP_031364362.1	XP_086770743.1	XP_043793745.1		XP_048268104.1
OG0008787	XP_061942023.1	XP_006612316.2	XP_086758605.1		XP_026301328.1	XP_020722562.1
OG0008788		XP_006625160.1, XP_031366895.1, XP_031366897.1			XP_006562781.1	XP_048260827.1
OG0008789	XP_016918016.1		XP_086772603.1	XP_043791372.1	XP_026298997.1	XP_048265624.1
OG0008790	XP_016914165.2	XP_031365800.1	XP_012343332.2	XP_043802402.1		XP_012163425.2
OG0008791	XP_061942782.1		XP_003697858.1	XP_043786664.1	XP_001120045.3	XP_003402196.1
OG0008792	XP_016905554.2	XP_006623029.1	XP_003692249.2		XP_026299848.1	XP_003399008.4
OG0008793	XP_016915632.1	XP_006623447.1		XP_043797038.1	XP_006569793.2	XP_003394430.1
OG0008794	XP_061932869.1	XP_031370370.1	XP_003696194.1		XP_001122195.1	XP_003397636.2
OG0008795	XP_016911984.2	XP_031369788.1	XP_086773148.1		XP_016770442.2	XP_012169153.2
OG0008796	XP_016913795.2		XP_086770360.1	XP_043791481.1	XP_026300480.1	XP_020721939.1
OG0008797	XP_016913856.1	XP_006617955.1	XP_003690160.1	XP_043791635.1		XP_012170978.1
OG0008798	XP_016922435.1	XP_006609011.2	XP_086765854.1	XP_043796283.1		XP_048266754.1
OG0008799	XP_061942655.1	XP_006620601.1	XP_086767537.1	XP_043786751.1		XP_012173723.2
OG0008800	XP_061934876.1		XP_086762111.1		XP_016768974.1	XP_003402033.2, XP_012173048.1
OG0008801	XP_016908442.1	XP_006619664.1	XP_003694332.1	XP_043802881.1		XP_012163604.1
OG0008802	XP_016905699.2	XP_031365194.1	XP_086767422.1		XP_003250093.1	XP_012164743.1
OG0008803	XP_016909871.1		XP_086758492.1	XP_043789119.1	XP_001121077.2	XP_012172397.1
OG0008804		XP_006608666.1	XP_003693399.1	XP_043797041.1	NP_001092187.1	XP_003401782.1
OG0008805	XP_016911505.1	XP_031368768.1	XP_086773793.1	XP_043791990.1		XP_012172050.2
OG0008806	XP_016907822.1	XP_031365636.1	XP_086771751.1		XP_001121184.1	XP_012169657.1
OG0008807	XP_016916538.2	XP_006617869.1	XP_003690223.1		XP_394964.5	XP_003397856.1
OG0008808	XP_061932092.1			XP_043784371.1		XP_048262332.1, XP_048262526.1, XP_048262527.1
OG0008809	XP_061931850.1		XP_086763403.1, XP_086763406.1		XP_026297100.1	XP_048262333.1
OG0008810		XP_031368951.1	XP_012348058.1	XP_043803574.1	NP_001011594.1	XP_012175128.2
OG0008811	XP_016915076.1	XP_031367055.1	XP_031771526.1		XP_006570932.1	XP_020723280.2
OG0008812	XP_016915144.1	XP_031367057.1	XP_012340274.1		NP_001035352.2	XP_020723281.1
OG0008813	XP_061935016.1		XP_086761884.1	XP_043796410.1	XP_026297953.1	XP_003397478.3
OG0008814	XP_016915542.1		XP_086761848.1	XP_043797238.1	XP_026297948.1	XP_003397475.3
OG0008815	XP_016917743.2		XP_086771956.1	XP_043802737.1	XP_026296683.1	XP_020723054.2
OG0008816	XP_061941822.1		XP_086758563.1	XP_043788904.1	XP_006563495.1	XP_048268870.1
OG0008817	XP_016922701.1	XP_006621010.1	XP_003690384.1		XP_001122696.1	XP_003398035.2
OG0008818	XP_061942505.1	XP_031370028.1	XP_086763193.1		XP_016772606.2	XP_048266945.1
OG0008819	XP_016915297.1	XP_006623654.1	XP_086763184.1		XP_001121565.2	XP_003399681.2
OG0008820	XP_016905812.1	XP_006613152.1		XP_043800157.1	XP_623266.3	XP_003396020.1
OG0008821		XP_006616615.1	XP_086760891.1	XP_043792514.1	XP_026296697.1	XP_048262181.1
OG0008822		XP_006616614.1	XP_003696763.2	XP_043792517.1	XP_006564861.1	XP_003395583.1
OG0008823	XP_016908602.1	XP_031369172.1	XP_086761446.1		XP_016770158.1	XP_012168647.2
OG0008824	XP_016907707.2	XP_006621424.1	XP_086761433.1		XP_006570336.1	XP_003398667.1
OG0008825	XP_016908771.2	XP_031365801.1	XP_086760068.1		XP_006562787.2	XP_048261537.1
OG0008826	XP_061929875.1	XP_006614668.2	XP_086760064.1		XP_026295973.1	XP_020718576.2
OG0008827	XP_016909024.1	XP_031368207.1	XP_031771170.2	XP_043799052.1		XP_048266402.1
OG0008828	XP_061933869.1	XP_031370070.1	XP_086770931.1	XP_043792052.1		XP_003397208.2
OG0008829	XP_016910472.1	XP_006622209.1	XP_003691391.1		XP_006561192.1	XP_012170222.1
OG0008830	XP_061927937.1	XP_006622206.1	XP_003691400.1		XP_006561186.2	XP_012170290.1
OG0008831	XP_016912766.2	XP_031366582.1	XP_012349266.2		XP_026295291.1	XP_012176567.2
OG0008832	XP_061931527.1	XP_006625224.1	XP_086760301.1	XP_043792598.1		XP_020718829.2
OG0008833	XP_061931511.1	XP_031369398.1	XP_086760306.1	XP_043792589.1		XP_012164087.2
OG0008834	XP_016912961.3	XP_031364844.1	XP_086763289.1	XP_043784372.1		XP_048262525.1
OG0008835	XP_061940588.1		XP_031773227.1	XP_043785773.1	XP_026300982.1	XP_020722264.2
OG0008836	XP_061939010.1		XP_012344175.3	XP_043804076.1	XP_016770902.1	XP_012170453.1
OG0008837	XP_016913922.1		XP_012344127.1	XP_043804095.1	XP_006565318.1	XP_012170451.1
OG0008838		XP_031366185.1	XP_086766017.1	XP_043784042.1	XP_026297490.1	XP_012166196.3
OG0008839		XP_006624905.1	XP_012348383.3	XP_043790204.1	XP_006562470.1	XP_003398806.2
OG0008840		XP_006608163.1	XP_003692070.2	XP_043788919.1	XP_001122227.1	XP_048268610.1
OG0008841	XP_016917156.1	XP_006617025.1	XP_086770903.1		XP_003249082.2	XP_020719902.1
OG0008842	XP_061930238.1		XP_086760027.1	XP_043802142.1	XP_016767340.2	XP_012174104.1
OG0008843	XP_061930231.1		XP_086760031.1	XP_043802159.1	XP_016767338.2	XP_012174103.2
OG0008844	XP_061942986.1		XP_086768046.1	XP_043794288.1	XP_026295303.1	XP_012164367.1
OG0008845	XP_016920557.1	XP_006607385.1		XP_043786241.1	XP_001120227.2	XP_003403197.2
OG0008846	XP_016920339.1	XP_031370870.1		XP_043786211.1	XP_006559496.1	XP_003403146.2
OG0008847		XP_006609000.1	XP_012348746.2	XP_043786864.1	NP_001129678.1	NP_001267833.1
OG0008848		XP_006623171.1	XP_086768330.1	XP_043799421.1	XP_026295559.1	XP_012169311.1
OG0008849	XP_016922731.1	XP_031368813.1	XP_012338974.1		XP_006560177.1	XP_003398334.1
OG0008850		XP_031364201.1	XP_086766082.1	XP_043804413.1	XP_006569520.2	XP_012166187.3
OG0008851		XP_031365731.1	XP_031773693.1	XP_043798068.1	XP_026299277.1	XP_012167921.1
OG0008852		XP_006624038.1	XP_003695727.1	XP_043798143.1	XP_006572131.2	XP_012167776.1
OG0008853	XP_016911631.1	XP_031367365.1	XP_003690237.1		NP_001091694.1	XP_003397879.3
OG0008854		XP_031368432.1	XP_086768439.1	XP_043804316.1	XP_006571195.2	XP_048264291.1
OG0008855	XP_061941833.1	XP_006608450.1	XP_012346973.2		XP_623678.2	XP_003393168.2
OG0008856		XP_031369243.1	XP_086761421.1	XP_043798543.1, XP_043798804.1		XP_048265899.1
OG0008857	XP_016906948.2, XP_016906959.1		XP_086761415.1		XP_026299493.1	XP_048266083.1
OG0008858	XP_016910683.1	XP_006620809.1	XP_086771219.1	XP_043802955.1		XP_012175752.1
OG0008859	XP_016911787.1	XP_031364340.1	XP_086761059.1	XP_043792872.1		XP_048261973.1
OG0008860	XP_061931607.1		XP_003689865.2	XP_043802746.1	XP_006571967.1	XP_020718965.2
OG0008861	XP_016914267.1		XP_086767182.1	XP_043799881.1	XP_026297099.1	XP_012167264.1
OG0008862		XP_006622804.1	XP_086772266.1	XP_043797998.1	XP_016772418.2	XP_012170145.1
OG0008863	XP_028521735.2		XP_086773868.1	XP_043790673.1	XP_006561103.2	XP_048268587.1
OG0008864		XP_031368537.1	XP_086773859.1	XP_043790717.1	XP_026301410.1	XP_012172386.2
OG0008865	XP_016918792.1		XP_003695741.4	XP_043791697.1	XP_623706.1	XP_048269492.1
OG0008866	XP_061937616.1	XP_031363901.1		XP_043786491.1	XP_026301808.1	XP_048263074.1
OG0008867	XP_061941428.1		XP_086758862.1	XP_043790562.1	XP_016772103.2	XP_048268717.1
OG0008868	XP_016913580.3	XP_006610955.1		XP_043785752.1	XP_016771718.2	XP_020722050.2
OG0008869		XP_031370346.1	XP_086766938.1	XP_043793888.1	XP_026300230.1	XP_012172863.3
OG0008870	XP_061939978.1	XP_006609588.1	XP_086770345.1	XP_043794859.1		XP_048267498.1
OG0008871	XP_016919332.1	XP_006619301.1	XP_031772995.2		XP_006560282.1	XP_012171801.1
OG0008872	XP_016914386.1		XP_086764484.1	XP_043784720.1	XP_026302245.1	XP_012172177.1
OG0008873	XP_061929793.1	XP_006610236.2	XP_012350351.3		XP_016767442.2	XP_048261073.1
OG0008874	XP_016918574.1	XP_006624617.1	XP_086769090.1	XP_043796074.1	XP_624062.4	
OG0008875	XP_016915318.1	XP_031368263.1	XP_003694621.2	XP_043802494.1	XP_003251001.1	
OG0008876	XP_016905192.1	XP_006613005.1	XP_003692734.1		XP_006569236.1	XP_048265688.1
OG0008877	XP_061943032.1		XP_003695482.1	XP_043794361.1	XP_623779.1	XP_003392881.1
OG0008878	XP_016904026.1	XP_006607490.1	XP_012341418.1	XP_043797027.1	NP_001071288.1	
OG0008879	XP_016913397.1	XP_006621163.1	XP_031774090.1	XP_043793075.1	XP_026296394.1	
OG0008880	XP_061933017.1	XP_006619034.1	XP_031771909.1		XP_026297372.1	XP_048265658.1
OG0008881	XP_061929599.1	XP_006612228.2	XP_086759307.1	XP_043785009.1	XP_393267.5	
OG0008882	XP_061927742.1	XP_031370796.1	XP_012346399.2		XP_016773594.2	XP_003393670.1
OG0008883	XP_061941170.1	XP_006623281.1	XP_086770735.1		XP_026300710.1	XP_048267635.1
OG0008884	XP_016909702.1	XP_006620351.1		XP_043790387.1	XP_624506.1	XP_003401218.1
OG0008885	XP_016916212.1	XP_006620607.1	XP_003697887.2	XP_043784705.1	NP_001011638.1	
OG0008886	XP_061938302.1	XP_006613196.1	XP_003697556.3	XP_043788609.1	XP_001122896.1	
OG0008887	XP_061942124.1	XP_031370579.1		XP_043792012.1	XP_026301232.1	XP_003402809.1
OG0008888	XP_016907227.1	XP_006610490.1	XP_003690710.1	XP_043790763.1	NP_001011636.1	
OG0008889	XP_016916010.1	XP_006620532.1	XP_031775267.1		XP_006561440.1	XP_003402137.1
OG0008890	XP_016922847.1	XP_006611516.1	XP_012347239.1		XP_003249385.1	XP_003400491.1
OG0008891	XP_061941699.1		XP_031773912.2	XP_043790604.1	XP_016772376.2	XP_048268473.1
OG0008892	XP_016915895.1	XP_006609702.1	XP_086770495.1	XP_043794775.1	XP_026300438.1	
OG0008893	XP_016914136.1	XP_006616931.1		XP_043789712.1	XP_026298789.1	XP_012167441.1
OG0008894	XP_061936024.1		XP_086769918.1	XP_043787305.1	XP_006564537.1	XP_012167823.2
OG0008895	XP_016903804.1	XP_006613937.1	XP_003698311.1	XP_043787058.1	XP_003250478.1	
OG0008896	XP_016904034.1	XP_006607660.1	XP_031772133.1	XP_043796756.1	XP_394923.5	
OG0008897	XP_016904097.1		XP_012341445.1	XP_043796581.1	XP_006563925.1	XP_020719842.1
OG0008898	XP_061934333.1	XP_031364445.1	XP_031772103.2	XP_043796805.1	XP_026297926.1	
OG0008899	XP_016904242.1		XP_086769177.1	XP_043795606.1	XP_016766166.1	XP_003396616.1
OG0008900	XP_016904260.1	XP_031365204.1		XP_043791495.1	XP_016773313.1	XP_048266448.1
OG0008901	XP_016904308.2	XP_006613345.1	XP_086769708.1		XP_006559915.2	XP_012174199.2
OG0008902	XP_061940884.1	XP_006613403.2	XP_086769150.1	XP_043788758.1		XP_048266452.1
OG0008903	XP_016904459.1	XP_031370769.1	XP_031775529.2		XP_016769573.1	XP_020720436.1
OG0008904	XP_086628176.1		XP_003698293.1	XP_043791046.1	XP_026299026.1	XP_048265404.1
OG0008905	XP_061927170.1		XP_086762966.1	XP_043800307.1	XP_026302212.1	XP_020722224.1
OG0008906	XP_016904659.1	XP_006612463.1	XP_086766764.1	XP_043791002.1		XP_012168138.1
OG0008907	XP_016904661.1	XP_006612480.1	XP_086766784.1	XP_043791021.1		XP_020720741.1
OG0008908	XP_016904727.1		XP_086763455.1	XP_043789438.1	XP_026298581.1	XP_003397515.2
OG0008909	XP_016904920.1		XP_086766100.1	XP_043800550.1	NP_001128141.1	XP_012175267.1
OG0008910	XP_061933398.1	XP_031366390.1	XP_086766302.1	XP_043800513.1		XP_048265412.1
OG0008911	XP_061942706.1	XP_006610775.1	XP_003689554.3	XP_043784728.1	XP_006562433.1	
OG0008912	XP_016905090.1	XP_006610900.1	XP_012348744.1	XP_043785528.1		XP_003399788.1
OG0008913	XP_061940677.1	XP_006611109.1	XP_031773213.1	XP_043785808.1	XP_003250542.1	
OG0008914	XP_028520368.1	XP_031371212.1	XP_012343869.1	XP_043785025.1		XP_048265227.1
OG0008915	XP_061936777.1	XP_006610017.1	XP_086771265.1	XP_043785035.1		XP_048265218.1
OG0008916	XP_061936801.1	XP_006610034.1	XP_086767652.1	XP_043785065.1		XP_003398369.1
OG0008917	XP_016905168.1	XP_006610010.1	XP_086771273.1	XP_043785019.1		XP_003398362.1
OG0008918	XP_061932016.1	XP_006619997.1	XP_086770875.1	XP_043804394.1	XP_393219.2	
OG0008919	XP_016905346.2	XP_031366251.1	XP_003697267.4	XP_043791069.1	XP_026302087.1	
OG0008920	XP_061932001.1		XP_086771942.1	XP_043793638.1	XP_026297167.1	XP_020723697.1
OG0008921	XP_016905583.2		XP_003691715.1	XP_043801358.1	NP_001167615.1	XP_003394948.1
OG0008922	XP_016905629.2	XP_006625191.1	XP_003692293.2	XP_043799479.1		XP_012164677.2
OG0008923	XP_061933574.1		XP_003698947.4	XP_043785110.1	XP_001121525.2	XP_003397224.2
OG0008924	XP_016905712.1	XP_031370569.1	XP_031776559.2	XP_043797933.1	XP_026301517.1	
OG0008925	XP_028520551.1	XP_006624843.1	XP_003691249.1	XP_043797951.1	XP_006557359.1	
OG0008926	XP_061935076.1	XP_031371236.1	XP_012347169.3	XP_043789760.1	XP_026298640.1	
OG0008927	XP_061932019.1	XP_031370540.1	XP_086770856.1		XP_026297178.1	XP_012164694.2
OG0008928	XP_016906221.1	XP_006608471.1	XP_012346932.1	XP_043804355.1		XP_020719723.1
OG0008929	XP_016906249.1		XP_003698018.1	XP_043803774.1	XP_001121362.1	XP_003393461.2
OG0008930	XP_016906459.2	XP_031368555.1	XP_031772527.2	XP_043800061.1	XP_006570030.3	
OG0008931	XP_016906626.1	XP_006614537.1	XP_003697301.1	XP_043804319.1	XP_006571172.2	
OG0008932	XP_016906630.2	XP_031365700.1	XP_031774776.2	XP_043804326.1	XP_001121241.3	
OG0008933	XP_061931568.1	XP_031365376.1	XP_012345537.2		XP_016767624.2	XP_003395394.2
OG0008934	XP_016906655.2	XP_031365355.1	XP_086760734.1	XP_043793126.1	XP_006567852.3	
OG0008935	XP_061930898.1	XP_031366711.1	XP_012345912.2	XP_043793113.1	XP_006564844.1	
OG0008936	XP_016906827.3		XP_086760871.1	XP_043792625.1	XP_006567976.2	XP_012164061.1
OG0008937	XP_016906875.1	XP_006623427.1		XP_043792414.1	XP_016767788.2	XP_020718590.2
OG0008938	XP_061936900.1	XP_031371188.1	XP_086766600.1	XP_043784231.1	XP_006562962.1	
OG0008939	XP_016906990.1	XP_006624926.1	XP_003698109.2	XP_043801544.1	XP_006563366.1	
OG0008940	XP_061941698.1		XP_031773875.2	XP_043790497.1	XP_006561049.3	XP_012172540.2
OG0008941	XP_016907063.3	XP_006609374.1	XP_012345426.1	XP_043790380.1	XP_006561058.1	
OG0008942	XP_016907085.1	XP_006620853.1	XP_012339004.1	XP_043785533.1	XP_006560496.2	
OG0008943	XP_016907088.1	XP_006620851.1	XP_012339003.1	XP_043785377.1	XP_026299130.1	
OG0008944	XP_061929836.1	XP_006610272.1	XP_012350184.3		XP_006562042.1	XP_012163642.1
OG0008945	XP_016907182.2	XP_006614063.1	XP_012349996.1	XP_043792047.1	XP_016770074.1	
OG0008946	XP_016907343.1	XP_006610513.1	XP_012350104.1		XP_006563344.1	XP_020720424.1
OG0008947	XP_028521102.1	XP_006610503.1		XP_043791312.1	XP_016768267.1	XP_048264458.1
OG0008948	XP_016907734.2	XP_006610699.1	XP_003690519.1	XP_043787561.1	XP_397512.1	
OG0008949	XP_061938052.1	XP_006614391.2	XP_086771705.1	XP_043799103.1	XP_006566534.1	
OG0008950	XP_016907791.1	XP_006614080.2		XP_043798739.1	XP_391912.1	XP_020721155.2
OG0008951	XP_016907821.1	XP_006614089.1	XP_003691784.1		XP_006566449.1	XP_003399203.1
OG0008952	XP_016907832.1	XP_031365641.1	XP_086771761.1	XP_043799104.1	XP_016770411.2	
OG0008953	XP_016907851.1		XP_086771887.1	XP_043798973.1	NP_001265636.1	XP_048265877.1
OG0008954	XP_016907989.1	XP_006614104.1	XP_003697207.2		XP_001122612.2	XP_048265866.1
OG0008955	XP_061934203.1	XP_031366131.1	XP_086773584.1	XP_043799732.1	XP_026298215.1	
OG0008956	XP_061934252.1	XP_031366150.1	XP_003691543.3		XP_001121574.3	XP_003397346.2
OG0008957	XP_016908548.2	XP_031370751.1	XP_031775596.2	XP_043804014.1	XP_016771095.2	
OG0008958	XP_016908582.1	XP_006608950.1	XP_012348703.1		XP_003250059.1	XP_020721657.2
OG0008959	XP_016908671.1	XP_031370455.1	XP_012342910.2	XP_043793884.1	XP_006559331.1	
OG0008960	XP_016908694.1	XP_006609364.1	XP_003696027.1	XP_043790454.1	XP_625067.1	
OG0008961	XP_016908740.1	XP_031366912.1	XP_086760088.1	XP_043802131.1	XP_026296189.1	
OG0008962	XP_016908807.2	XP_031364688.1		XP_043802495.1	XP_006562396.1	XP_020718525.2
OG0008963	XP_016908824.1	XP_031364706.1	XP_012343207.2		XP_016767367.1	XP_020718286.1
OG0008964	XP_016908840.1		XP_003695685.4	XP_043801511.1	XP_006562091.2	XP_003398115.3
OG0008965	XP_061939133.1	XP_031365282.1	XP_086763600.1	XP_043803943.1	XP_003250976.2	
OG0008966	XP_061938226.1	XP_031368211.1	XP_086761239.1	XP_043799056.1	XP_026299382.1	
OG0008967	XP_016909319.1	XP_006619543.1	XP_086761255.1	XP_043798716.1	XP_001122291.2	
OG0008968	XP_016909369.2	XP_006625139.1	XP_003694952.1	XP_043796011.1	XP_001120137.1	
OG0008969	XP_016909454.1	XP_006622276.1		XP_043795105.1	XP_003249893.4	XP_003397596.1
OG0008970	XP_061939936.1	XP_006609694.1	XP_086770530.1	XP_043794959.1	XP_006560378.1	
OG0008971	XP_061942178.1	XP_006617084.1	XP_086758577.1		XP_026301411.1	XP_003401186.1
OG0008972	XP_016909791.1	XP_006610150.1	XP_086761506.1	XP_043789659.1	XP_026298572.1	
OG0008973	XP_016909808.2		XP_031773863.2	XP_043790738.1	XP_016772311.2	XP_012172391.1
OG0008974	XP_061935351.1	XP_006625232.1, XP_031365416.1	XP_086769712.1			XP_048264419.1
OG0008975	XP_016909968.2	XP_006610141.1	XP_012348504.1	XP_043789975.1	XP_026298565.1	
OG0008976	XP_028521952.2	XP_031370077.1	XP_012348542.1	XP_043792078.1	XP_006558694.1	
OG0008977	XP_016909990.1	XP_006609840.1	XP_012342765.1		XP_006564670.1	XP_003401729.1
OG0008978	XP_028521902.2	XP_006614041.1	XP_031774340.1		XP_026296662.1	XP_012164485.2
OG0008979	XP_061930654.1	XP_006613969.2	XP_031774063.2		XP_026296754.1	XP_020718799.2
OG0008980	XP_061927121.1		XP_031770880.2	XP_043799112.1	XP_003251195.1	XP_003393811.1
OG0008981	XP_016910281.2	XP_006615268.1	XP_086771346.1	XP_043803074.1	XP_392231.4	
OG0008982	XP_016910444.1	XP_006617652.1	XP_031773455.1	XP_043786277.1	XP_026298166.1	
OG0008983	XP_061927006.1		XP_012351025.2	XP_043803123.1	XP_006564790.2	XP_012175760.1
OG0008984	XP_016910521.2	XP_031369420.1	XP_012351092.2	XP_043803226.1		XP_003393519.1
OG0008985	XP_061926972.1	XP_031368797.1	XP_086771496.1	XP_043803374.1		XP_048269675.1
OG0008986	XP_016910771.1	XP_006621191.1	XP_003695072.1	XP_043797740.1		XP_003393574.2
OG0008987	XP_061940035.1	XP_006625148.2	XP_012343891.3	XP_043797725.1	XP_026300419.1	
OG0008988	XP_016910993.1	XP_006611603.1	XP_012349216.1		XP_006558504.1	XP_020724347.1
OG0008989	XP_016911115.1	XP_031370416.1	XP_086770144.1	XP_043784488.1		XP_012165140.1
OG0008990	XP_016911190.1	XP_006623358.1	XP_003693762.1	XP_043784508.1	XP_016770392.1	
OG0008991	XP_061928449.1	XP_031371119.1	XP_086765547.1	XP_043788484.1	XP_006561020.1	
OG0008992	XP_016911205.1	XP_006609758.2	XP_012349228.1	XP_043788378.1		XP_048259976.1
OG0008993	XP_061928486.1	XP_031368511.1	XP_086765654.1	XP_043787930.1	XP_006560979.1	
OG0008994	XP_061928372.1	XP_006609778.1	XP_003698589.3		XP_026295424.1	XP_048270685.1
OG0008995	XP_016911476.2	XP_031364665.1	XP_012339677.1	XP_043789152.1	XP_003250301.2	
OG0008996	XP_016911589.1	XP_031367371.1	XP_003690433.1	XP_043789754.1	XP_001121575.2	
OG0008997	XP_016911624.1		XP_003697678.1	XP_043786419.1	XP_396724.2	XP_003393610.1
OG0008998	XP_016911625.1		XP_086771544.1	XP_043788524.1	XP_016766208.1	XP_020722169.1
OG0008999	XP_016911775.2	XP_006616508.1	XP_086760999.1	XP_043792826.1	XP_006564260.1	
OG0009000	XP_061941792.1	XP_006615485.1	XP_012341786.1	XP_043784846.1	XP_006568646.1	
OG0009001	XP_061930822.1	XP_031366723.1	XP_003696467.1	XP_043793010.1	XP_026296384.1	
OG0009002	XP_061943052.1	XP_006615486.1	XP_086768762.1		XP_624206.2	XP_012165211.1
OG0009003	XP_061937698.1	XP_031366438.1	XP_031775664.1		XP_006564453.2	XP_020721093.1
OG0009004	XP_028522482.1	XP_031368906.1		XP_043784676.1	XP_006559000.1	XP_012166194.1
OG0009005	XP_016912173.2		XP_086759783.1	XP_043789792.1	XP_016769384.2	XP_003397803.3
OG0009006	XP_016912138.1	XP_031366760.1	XP_003696597.3	XP_043792965.1	XP_006567707.1	
OG0009007	XP_016912397.1	XP_006609227.1		XP_043790618.1	XP_001120192.2	XP_003401546.1
OG0009008	XP_016912399.2	XP_006609272.1	XP_012345278.2		XP_006560155.1	XP_003401230.2
OG0009009	XP_016912411.1	XP_006609347.1	XP_086773930.1		XP_003249719.1	XP_003401578.1
OG0009010	XP_016912477.2		XP_086773935.1	XP_043790416.1	XP_026301143.1	XP_048268534.1
OG0009011	XP_061928585.1	XP_006616315.1	XP_012349052.1	XP_043787754.1		XP_012176104.3
OG0009012	XP_016912992.2	XP_006612704.1		XP_043784376.1	XP_003249842.1	XP_012164940.2
OG0009013	XP_061932076.1		XP_086763333.1	XP_043784349.1	XP_026297179.1	XP_048262455.1
OG0009014	XP_016913057.1		XP_012347126.2	XP_043804243.1	XP_006566979.1	XP_003399960.2
OG0009015	XP_061938733.1	XP_031365255.1	XP_086763650.1		XP_026300238.1	XP_048266940.1
OG0009016	XP_061931541.1		XP_086760269.1	XP_043793188.1	XP_026296676.1	XP_012164300.2
OG0009017	XP_016913323.1	XP_006621921.1	XP_012350626.2	XP_043784434.1		XP_012165882.2
OG0009018	XP_028522898.1	XP_006615027.1	XP_086765214.1		XP_016770756.1	XP_003396410.1
OG0009019	XP_016913340.2	XP_006613616.1	XP_003691063.1	XP_043784410.1	XP_026299687.1	
OG0009020	XP_028522915.1	XP_006611074.1	XP_012343846.2	XP_043785652.1	XP_001120952.2	
OG0009021	XP_016913725.1	XP_006617995.1	XP_003698957.1		XP_003249313.1	XP_012171015.1
OG0009022	XP_016913787.1	XP_006617969.1	XP_012344559.2	XP_043791537.1		XP_003400232.1
OG0009023	XP_061939437.1	XP_006617949.1	XP_086764025.1		XP_026300576.1	XP_003400328.2
OG0009024	XP_016913843.1	XP_031367462.1	XP_003690852.1	XP_043791557.1		XP_003400257.1
OG0009025	XP_016914114.1	XP_031366316.1	XP_003695197.1	XP_043803968.1	XP_016770905.1	
OG0009026	XP_061929955.1	XP_006614714.1	XP_012343355.2		XP_026296122.1	XP_048261346.1
OG0009027	XP_061932754.1		XP_086767111.1	XP_043800414.1	XP_006570965.1	XP_003394778.1
OG0009028	XP_016914276.1	XP_006616889.1	XP_012340277.1	XP_043800141.1	XP_006571051.2	
OG0009029	XP_016914292.2	XP_031366879.1	XP_086767211.1	XP_043800295.1		XP_012167228.1
OG0009030	XP_016914466.1	XP_006615431.1	XP_086766031.1	XP_043804412.1	XP_003251395.2	
OG0009031	XP_061933392.1	XP_031366193.1		XP_043784035.1	XP_026297431.1	XP_020719529.1
OG0009032	XP_016914745.1	XP_006624984.1	XP_003692988.1	XP_043795709.1	XP_026297742.1	
OG0009033	XP_016914794.2	XP_006618709.2	XP_031771847.1		XP_026297509.1	XP_003396630.1
OG0009034	XP_028523316.1	XP_031369581.1	XP_086772334.1		XP_003250826.2	XP_048265159.1
OG0009035	XP_016914989.1	XP_006615157.1	XP_012339893.2	XP_043798284.1	XP_006566348.2	
OG0009036	XP_016914993.1	XP_006618242.1	XP_086764596.1	XP_043800851.1	XP_624026.3	
OG0009037	XP_016914998.1	XP_031368799.1	XP_086764532.1	XP_043800816.1		XP_003398637.1
OG0009038	XP_016915083.2		XP_012340301.2	XP_043800289.1	XP_001120173.1	XP_003402967.2
OG0009039	XP_016915244.1	XP_031370030.1	XP_086763191.1	XP_043789200.1		XP_020721572.2
OG0009040	XP_028523302.2	XP_006612272.1	XP_086759528.1		XP_026296141.1	XP_012163320.1
OG0009041	XP_016915255.2		XP_086763217.1	XP_043789212.1	XP_006563255.2	XP_003399808.1
OG0009042	XP_016915259.1	XP_031364059.1	XP_086763140.1	XP_043789217.1	NP_001035360.1	
OG0009043	XP_016915324.1	XP_006612514.1	XP_031772264.1	XP_043796210.1	XP_003251589.1	
OG0009044	XP_016915371.1		XP_031773947.1	XP_043789984.1	XP_026298535.1	XP_012166924.2
OG0009045	XP_028523456.1	XP_006612515.1	XP_012341952.2	XP_043796168.1	XP_006570204.1	
OG0009046	XP_016915359.2	XP_031368816.1		XP_043785738.1	XP_016771559.2	XP_048267913.1
OG0009047	XP_016915418.1	XP_006612769.2	XP_003694838.1		XP_006565784.1	XP_003400376.1
OG0009048	XP_016915433.1	XP_006612287.1	XP_003689670.1		XP_006560618.1	XP_012163333.1
OG0009049	XP_016915478.1	XP_006608665.1	XP_086762464.1	XP_043797123.1	XP_026298060.1	
OG0009050	XP_016915512.1	XP_006608690.1	XP_003693362.1		XP_623774.2	XP_048269152.1
OG0009051	XP_016915530.1	XP_006616040.1	XP_012349914.2		XP_026295844.1	XP_003395077.1
OG0009052	XP_016915789.1		XP_086768497.1	XP_043790155.1	XP_016770773.1	XP_020721224.2
OG0009053	XP_028523625.1	XP_006623972.2	XP_031775414.2	XP_043803640.1	XP_026300352.1	
OG0009054	XP_016916012.1	XP_006615089.1		XP_043797980.1	XP_003249154.1	XP_012170273.1
OG0009055	XP_016916231.1	XP_031366854.1	XP_086758790.1	XP_043788899.1		XP_012172196.1
OG0009056	XP_061935653.1		XP_086761698.1	XP_043789376.1	XP_394770.5	XP_012167474.1
OG0009057	XP_016916505.1	XP_006616916.1	XP_086761652.1		XP_001120892.1	XP_003397938.1
OG0009058	XP_016916593.1	XP_006608192.1	XP_003692060.1	XP_043789083.1	XP_016772082.1	
OG0009059	XP_028523892.1	XP_006616739.2	XP_031772888.2	XP_043785703.1	XP_006563105.1	
OG0009060	XP_061941377.1	XP_031370920.1	XP_086773863.1	XP_043790700.1		XP_048268719.1
OG0009061	XP_016916742.1	XP_006609071.1	XP_031773867.1		XP_026301311.1	XP_012172679.1
OG0009062	XP_061941404.1	XP_006609093.1	XP_031773737.1	XP_043790633.1	XP_001120409.1	
OG0009063	XP_016916828.3	XP_031370862.1	XP_031773732.2	XP_043790732.1	XP_026301076.1	
OG0009064	XP_061930366.1	XP_031364460.1	XP_086759908.1	XP_043802302.1	XP_001122571.3	
OG0009065	XP_016917011.1	XP_006611836.1	XP_086759920.1	XP_043802298.1		XP_003402478.1
OG0009066	XP_061930369.1	XP_006611810.1	XP_012342695.1		XP_006569436.1	XP_012174179.1
OG0009067	XP_016917089.1	XP_006608167.1	XP_086758669.1	XP_043788711.1	XP_003250290.2	
OG0009068	XP_028524083.1	XP_006618450.1	XP_086765041.1	XP_043785346.1		XP_048268238.1
OG0009069	XP_061940682.1		XP_003694873.2	XP_043785509.1	XP_006564958.2	XP_003400582.1
OG0009070	XP_016917395.1		XP_012350483.1	XP_043804072.1	XP_003251443.1	XP_048260188.1
OG0009071	XP_016917535.1	XP_006613893.1	XP_012339054.1	XP_043784261.1	XP_003250185.1	
OG0009072	XP_028524185.2		XP_012339067.1	XP_043784248.1	XP_006562941.1	XP_003398462.2
OG0009073	XP_016917664.1	XP_031367176.1	XP_012339624.3	XP_043788818.1		XP_003401192.2
OG0009074	XP_016917806.1	XP_031367077.1	XP_003697432.1	XP_043785151.1	XP_026296686.1	
OG0009075	XP_016917893.2	XP_006623947.2	XP_003689850.2	XP_043802655.1	XP_006557284.1	
OG0009076	XP_016917938.2	XP_031366841.1	XP_086772613.1	XP_043791398.1	XP_003250821.1	
OG0009077	XP_016918029.1	XP_006607974.2	XP_012340633.3	XP_043791353.1	XP_393670.5	
OG0009078	XP_016918059.2	XP_006610420.1	XP_086762393.1	XP_043796989.1	XP_003251245.2	
OG0009079	XP_061935475.1	XP_006621034.1	XP_086771527.1		XP_016773450.1	XP_048270346.1
OG0009080	XP_028524386.2		XP_086768866.1	XP_043796370.1	XP_016770281.1	XP_048263698.1
OG0009081	XP_061929722.1	XP_006612542.1	XP_012342010.2		XP_006570185.1	XP_003396532.2
OG0009082	XP_061932146.1	XP_031370313.1	XP_003693941.1	XP_043800706.1		XP_012164565.1
OG0009083	XP_016918245.1	XP_006612540.1	XP_003693612.1		XP_003251489.1	XP_003396793.2
OG0009084	XP_061932170.1	XP_006608860.1	XP_086763439.1	XP_043800707.1		XP_012164604.1
OG0009085	XP_061934488.1	XP_031363850.1	XP_012346654.2	XP_043797013.1	XP_006564568.1	
OG0009086	XP_016918431.1		XP_086760029.1	XP_043801925.1	XP_016767097.1	XP_012174203.2
OG0009087	XP_016918459.1	XP_031369807.1	XP_031772295.1		XP_016767877.1	XP_012165547.1
OG0009088	XP_061935770.1	XP_006624913.2	XP_086764490.1	XP_043791670.1	XP_026298494.1	
OG0009089	XP_061938482.1	XP_006624099.1	XP_003695586.1	XP_043794355.1	XP_001119966.1	
OG0009090	XP_061942999.1	XP_031366505.1	XP_086768069.1		XP_026295301.1	XP_048262433.1
OG0009091	XP_016918882.1	XP_006623912.1	XP_003695594.1	XP_043794176.1	XP_001121733.1	
OG0009092	XP_061935349.1		XP_031774601.2	XP_043789462.1	XP_026298857.1	XP_003397555.2
OG0009093	XP_016919026.1	XP_006608299.1	XP_012344630.2		XP_003251791.2	XP_020722566.1
OG0009094	XP_016919124.1	XP_006614909.1	XP_086768106.1	XP_043794557.1		XP_003393482.1
OG0009095	XP_016919128.1	XP_006616174.1	XP_003695493.2	XP_043794112.1		XP_003392936.1
OG0009096	XP_016919183.1	XP_006624117.1	XP_012344669.1	XP_043794180.1	XP_397510.4	
OG0009097	XP_016919393.2	XP_006617066.1	XP_086758559.1	XP_043788819.1	XP_006563508.3	
OG0009098	XP_016919403.1	XP_006617065.2	XP_031773847.2		XP_016772089.2	XP_012172259.2
OG0009099	XP_016919433.1	XP_031365768.1	XP_086758545.1	XP_043788785.1	XP_006563533.1	
OG0009100	XP_016919465.1	XP_006608045.1	XP_086768703.1		XP_016770562.1	XP_003398839.1
OG0009101	XP_061937530.1	XP_006624261.1	XP_086768628.1	XP_043790138.1		XP_003399175.1
OG0009102	XP_061937515.1	XP_031370314.1	XP_086768620.1	XP_043790060.1		XP_048265773.1
OG0009103	XP_016919558.1	XP_006618315.1	XP_086768566.1	XP_043790139.1		XP_003399272.2
OG0009104	XP_028524865.1	XP_006611349.1	XP_012343063.1	XP_043797542.1	XP_016768435.2	
OG0009105	XP_016919708.1		XP_012343070.2	XP_043797582.1	XP_003249224.3	XP_012173986.1
OG0009106	XP_061938397.1	XP_006613219.1	XP_012347383.1	XP_043788624.1		XP_003398711.1
OG0009107	XP_016919848.1	XP_031363842.1	XP_012341532.2		NP_001229360.1	XP_003401635.2
OG0009108	XP_061940169.1	XP_006617404.1	XP_012343957.2		XP_393886.3	XP_003400318.1
OG0009109	XP_016919946.2	XP_006617395.1	XP_031773273.2	XP_043797679.1	XP_016771413.2	
OG0009110	XP_016919958.2	XP_031367891.1	XP_031773778.1	XP_043793842.1	XP_016770986.1	
OG0009111	XP_061926892.1		XP_031774526.2	XP_043800199.1	XP_016773621.2	XP_048267090.1
OG0009112	XP_061927612.1	XP_006612419.1	XP_003696877.1	XP_043800951.1		XP_003402662.1
OG0009113	XP_016920079.2	XP_006623373.1	XP_086762875.1	XP_043796635.1		XP_020724051.1
OG0009114	XP_016920083.1		XP_003696899.2	XP_043800824.1	XP_026295090.1	XP_003402622.1
OG0009115	XP_016920121.1	XP_031369483.1	XP_031774509.1	XP_043800293.1		XP_012175466.1
OG0009116	XP_016920134.1	XP_031369542.1	XP_031774488.2	XP_043801850.1	XP_026295010.1	
OG0009117	XP_016920140.1	XP_006620701.1	XP_003696903.3	XP_043797078.1	XP_006568868.2	
OG0009118	XP_016920174.1	XP_031367581.1	XP_086762926.1	XP_043799941.1		XP_048269060.1
OG0009119	XP_016920223.1	XP_031364754.1	XP_012346490.2		XP_016773618.1	XP_048266447.1
OG0009120	XP_016920275.1	XP_006618275.1		XP_043802618.1	XP_006568825.1	XP_003393704.1
OG0009121	XP_016920586.1	XP_031368034.1	XP_003692625.1	XP_043786290.1	XP_016769140.1	
OG0009122	XP_016920601.1		XP_086772675.1	XP_043786834.1	XP_001121210.2	XP_003398563.1
OG0009123	XP_061936252.1	XP_006625036.1		XP_043787015.1	XP_026298970.1	XP_003398523.2
OG0009124	XP_061936255.1	XP_006620500.1	XP_012340773.2	XP_043786891.1	XP_006566135.1	
OG0009125	XP_028525178.2	XP_031368059.1	XP_031773244.1		XP_016771575.2	XP_020722145.1
OG0009126	XP_016920733.1	XP_006619268.1	XP_086764747.1		XP_003249666.1	XP_003400732.1
OG0009127	XP_016920890.1	XP_006617609.1	XP_003692391.1	XP_043800200.1	NP_001011582.1	
OG0009128	XP_016920977.1	XP_006622096.1	XP_031774124.1	XP_043792881.1	XP_006570010.1	
OG0009129	XP_016921242.2	XP_031370178.1	XP_086772925.1	XP_043803397.1	XP_016768966.2	
OG0009130	XP_016921574.2	XP_031370172.1	XP_012348041.2		XP_016773365.1	XP_003393032.1
OG0009131	XP_061939222.1	XP_031366362.1	XP_086766343.1	XP_043793970.1	XP_006558908.1	
OG0009132	XP_016921662.1	XP_006610867.1	XP_086763579.1	XP_043803905.1		XP_003399686.1
OG0009133	XP_061935997.1	XP_006624047.1	XP_012344760.2	XP_043798091.1		XP_003398472.4
OG0009134	XP_061935992.1		XP_086771609.1	XP_043798083.1	XP_026298996.1	XP_048265124.1
OG0009135	XP_016921913.1	XP_006613052.1	XP_086759436.1		XP_016769679.1	XP_003397573.1
OG0009136	XP_016921922.2	XP_031368141.1	XP_086762102.1	XP_043797083.1		XP_020722886.1
OG0009137	XP_016922103.2		XP_003694543.1	XP_043787442.1	XP_006564123.1	XP_012170888.2
OG0009138	XP_016922231.1		XP_086770195.1	XP_043791189.1	XP_003251848.1	XP_003394114.1
OG0009139	XP_016922262.1	XP_006611976.1	XP_003693459.2	XP_043791229.1		XP_020720512.1
OG0009140	XP_061939347.1	XP_006625073.1	XP_086765797.1	XP_043796932.1		XP_012170404.2
OG0009141	XP_016922480.1		XP_003698222.1	XP_043803798.1	XP_006562334.1	XP_012169938.1
OG0009142	XP_016922542.1	XP_031369832.1	XP_031774640.2	XP_043799346.1	XP_026295534.1	
OG0009143	XP_061943131.1	XP_031369903.1	XP_086767892.1		XP_026302097.1	XP_048260808.1
OG0009144	XP_016922773.2	XP_006620998.1		XP_043795177.1	XP_026298464.1	XP_003398034.1
OG0009145	XP_028519878.2	XP_031364356.1	XP_086770747.1	XP_043793749.1		XP_020720752.2
OG0009146	XP_016922834.1	XP_031364350.1	XP_012347257.1	XP_043793765.1		XP_003400836.1
OG0009147	XP_016904632.3	XP_006622486.1	XP_003696917.2	XP_043802584.1		XP_003393838.2
OG0009148	XP_028520653.1		XP_086765899.1	XP_043788351.1	XP_026295423.1	XP_020724295.2
OG0009149	XP_028520840.1	XP_006621880.1	XP_012345985.1	XP_043792814.1	XP_026296491.1	
OG0009150	XP_061929991.1		XP_086759762.1	XP_043802420.1	XP_026296220.1	XP_003395032.1
OG0009151	XP_061933844.1	XP_006623730.1	XP_086770930.1		XP_026298258.1	XP_020719911.1
OG0009152	XP_028521913.1	XP_006614054.1	XP_031774300.2		XP_026296660.1	XP_048262182.1
OG0009153	XP_028523172.2	XP_031366881.1	XP_086767248.1	XP_043800176.1		XP_020720214.2
OG0009154	XP_028523335.1	XP_006620238.1	XP_086764602.1	XP_043800831.1	XP_006571918.1	
OG0009155	XP_061942781.1		XP_086763159.1	XP_043789218.1	XP_016772442.1	XP_012170183.1
OG0009156	XP_028523849.1	XP_031367819.1	XP_086761737.1	XP_043789398.1	XP_026298548.1	
OG0009157	XP_061928614.1	XP_031370357.1		XP_043796362.1	XP_026300794.1	XP_048263564.1
OG0009158	XP_061936584.1		XP_086772678.1	XP_043791400.1	XP_026298936.1	XP_003394641.1
OG0009159	XP_028525361.1	XP_006618064.1	XP_086772877.1		XP_001120029.4	XP_020724326.2
OG0009160	XP_028525437.2		XP_086761102.1	XP_043795242.1	XP_026298742.1	XP_020723438.1
OG0009161	XP_028525659.2	XP_006611955.1	XP_086770171.1		XP_026295161.1	XP_048260413.1
OG0009162	XP_061936634.1		XP_086772441.1	XP_043791273.1	XP_016772997.1	XP_048265088.1
OG0009163	XP_061942293.1		XP_086772239.1	XP_043797839.1	XP_001120800.1	XP_048270011.1
OG0009164	XP_061930368.1	XP_031364448.1	XP_086759897.1	XP_043802312.1		XP_012163144.2
OG0009165	XP_061927611.1		XP_086762718.1	XP_043800059.1	XP_026294818.1	XP_003402672.1
OG0009166	XP_061927980.1	XP_031368473.1	XP_086764614.1	XP_043800868.1		XP_020720765.2
OG0009167	XP_061929344.1	XP_031369333.1		XP_043795349.1	XP_026295302.1	XP_048260442.1
OG0009168	XP_061929753.1	XP_006615937.1	XP_012350602.1		XP_001123191.1	XP_003399456.1
OG0009169	XP_061930256.1	XP_031369299.1	XP_086760030.1	XP_043801926.1	XP_016767344.1	
OG0009170	XP_061931843.1		XP_086767219.1	XP_043800179.1	XP_026297079.1	XP_012163146.1
OG0009171	XP_061931848.1	XP_031365193.1	XP_086767430.1	XP_043800243.1	XP_006562537.2	
OG0009172	XP_061932180.1	XP_006608862.1	XP_086763456.1	XP_043801034.1		XP_012164606.2
OG0009173	XP_061933425.1		XP_086764146.1	XP_043784262.1	XP_026297785.1	XP_048263987.1
OG0009174	XP_061935073.1	XP_006610095.2	XP_086761076.1	XP_043789802.1	XP_026298641.1	
OG0009175	XP_061935426.1	XP_031371247.1	XP_086761058.1	XP_043789797.1		XP_012167420.1
OG0009176	XP_061936762.1		XP_031770929.2	XP_043785389.1	XP_016770130.1	XP_020720668.1
OG0009177	XP_061936935.1	XP_006616094.2		XP_043784122.1	XP_016769728.1	XP_003398475.1
OG0009178	XP_061941034.1		XP_031773144.1	XP_043785385.1	XP_001122875.1	XP_003400375.1
OG0009179	XP_061941092.1		XP_086765324.1	XP_043786050.1	XP_026300971.1	XP_012171992.1
OG0009180	XP_061942306.1		XP_086772215.1	XP_043797853.1	XP_026301688.1	XP_003399993.2
OG0009181	XP_061942833.1, XP_061942838.1	XP_031365298.1		XP_043796009.1, XP_043801638.1		
OG0009182	XP_061942850.1, YP_013613387.1		YP_008080965.1	YP_009440917.3	NP_008090.1	
OG0009183	XP_061942879.1, XP_061942880.1		XP_086763628.1		XP_026301736.1	XP_048269305.1
OG0009184	XP_061943028.1	XP_006616130.1	XP_086768042.1		XP_006571524.1	XP_020719894.2
OG0009185	XP_061943090.1	XP_006608319.1	XP_012344447.1	XP_043794428.1	XP_016770600.2	
OG0009186	XP_061943092.1	XP_031367794.1	XP_031773572.1	XP_043794360.1		XP_003393315.2
OG0009187	XP_061943105.1		XP_086767903.1	XP_043794084.1	XP_006571805.1	XP_012167550.2
OG0009188	XP_061935861.1		XP_086771040.1	XP_043791746.1	NP_001229370.1	XP_048264421.1
OG0009189	XP_016920161.1	XP_031369489.1		XP_043799780.1	XP_006569044.1	XP_048268688.1
OG0009190	XP_061935400.1		XP_012347643.1	XP_043789408.1	XP_006561837.1	XP_012167057.1
OG0009191	XP_061932493.1	XP_006623565.1	XP_086767396.1		XP_026297059.1	XP_012164758.1
OG0009192	XP_061930019.1	XP_006619699.1	XP_003694693.3	XP_043802105.1	XP_026296072.1	
OG0009193	XP_016920818.1	XP_031366195.1	XP_012343720.2		XP_001120529.2	XP_012175899.1
OG0009194	XP_016921879.2	XP_006616443.1	XP_012348498.2		XP_016770832.2	XP_003399482.1
OG0009195	XP_016911561.1	XP_031369067.1	XP_031775620.1	XP_043789745.1	NP_001035310.1	
OG0009196	XP_061939482.1	XP_031367131.1	XP_086768639.1		XP_026300353.1	XP_048267367.1
OG0009197	XP_028525686.1	XP_006611933.1	XP_086770185.1		XP_026295497.1	XP_020724228.2
OG0009198	XP_028520943.1	XP_006609389.1	XP_012345425.2	XP_043790712.1	XP_006561057.2	
OG0009199	XP_016919226.1	XP_006612371.1	XP_003692727.2	XP_043791412.1	XP_006569738.2	
OG0009200	XP_016914437.1	XP_031366624.1	XP_012341058.1	XP_043795760.1	XP_006568427.1	
OG0009201	XP_061928185.1	XP_006611647.1	XP_086769957.1	XP_043795410.1	XP_006558480.1	
OG0009202	XP_016907350.1	XP_031363946.1	XP_012349890.1	XP_043793524.1	XP_016766925.1	
OG0009203	XP_016913522.1		XP_003695002.1	XP_043785540.1	XP_624958.3	XP_003400568.1
OG0009204	XP_016917374.1	XP_006614864.1	XP_086764357.1	XP_043803804.1	XP_026295457.1	
OG0009205	XP_016916182.1		XP_003690204.1	XP_043795094.1	XP_006561691.1	XP_012167669.1
OG0009206	XP_061927345.1	XP_006622330.1	XP_003696836.1	XP_043800556.1		XP_020721333.1
OG0009207	XP_016917679.1	XP_006624880.1	XP_031772394.1		XP_016773031.1	XP_003402591.1
OG0009208	XP_061934028.1	XP_006607309.1	XP_003692630.1		XP_624871.1	XP_003403132.1
OG0009209	XP_016904251.2	XP_006613310.1	XP_012350111.1		XP_006558672.1	XP_012169548.1
OG0009210	XP_016918181.1	XP_006612560.1	XP_003693600.1		XP_001119937.1	XP_012165432.1
OG0009211	XP_016910791.1	XP_031370571.1	XP_003695075.1		XP_001122738.2	XP_003400349.1
OG0009212	XP_061937961.1	XP_031365553.1		XP_043799205.1	XP_026299605.1	XP_003398907.2
OG0009213	XP_016910255.2	XP_006608296.2	XP_012339615.1		XP_016772279.1	XP_048268428.1
OG0009214	XP_016912716.1	XP_006616285.1	XP_086765501.1		XP_001119885.1	XP_003394624.1
OG0009215	XP_061939548.1		XP_086764007.1	XP_043791631.1	XP_026300432.1	XP_048267174.1
OG0009216	XP_016917718.1	XP_006623687.1	XP_003689875.1		XP_624607.1	XP_003395286.1
OG0009217	XP_016919287.1	XP_006612972.2	XP_003692898.2		XP_391822.2	XP_003394653.2
OG0009218	XP_028524870.1		XP_086764107.1	XP_043797634.1	XP_026297585.1	XP_048264043.1
OG0009219	XP_016904953.1	XP_031367964.1	XP_012341030.1	XP_043800495.1	XP_006562620.2	
OG0009220	XP_016912355.1	XP_031366554.1	XP_012345613.2	XP_043792708.1	XP_392383.6	
OG0009221	XP_016920032.1	XP_006618948.1		XP_043793934.1	XP_391919.2	XP_003401435.1
OG0009222	XP_061931942.1	XP_031367847.1	XP_003689730.1	XP_043793623.1	XP_016767967.1	
OG0009223	XP_028523418.2	XP_006617261.2		XP_043799782.1	XP_003251600.1	XP_048262636.1
OG0009224	XP_061930339.1		XP_086759924.1	XP_043801691.1	XP_006567199.2	XP_003402465.1
OG0009225	XP_016904258.1	XP_006613334.1	XP_003690569.1		NP_001229485.1	XP_012176769.2
OG0009226	XP_016919977.1		XP_086768305.1	XP_043797749.1	XP_001122113.1	XP_020721854.1
OG0009227	XP_016910582.1	XP_006609908.1	XP_003689575.1	XP_043799093.1		XP_003393818.1
OG0009228	XP_028520129.2		XP_086769634.1	XP_043790804.1	XP_006559945.2	XP_003398898.1
OG0009229	XP_028520135.2		XP_012350310.2	XP_043791530.1	XP_026299563.1	XP_048265875.1
OG0009230	XP_061933311.1	XP_006624097.1	XP_012344573.1	XP_043794344.1	XP_006571400.1	
OG0009231	XP_061936718.1		XP_086772683.1	XP_043791265.1	XP_006569262.2	XP_048265196.1
OG0009232	XP_061939046.1		XP_086769151.1	XP_043795553.1	XP_026297287.1	XP_020719319.2
OG0009233	XP_016920182.1	XP_006620673.1	XP_003696925.1		XP_001120955.2	XP_012173382.1
OG0009234	XP_016905482.1	XP_006618875.1		XP_043793499.1	XP_001121546.2	XP_003402724.1
OG0009235	XP_016918869.1	XP_006624101.1	XP_012344644.2		XP_003251738.1	XP_003393015.1
OG0009236	XP_016907824.1	XP_006620163.1	XP_012347479.1	XP_043791873.1	XP_026298835.1	
OG0009237	XP_061930753.1		XP_086761032.1	XP_043793056.1	XP_623794.1	XP_003395443.2
OG0009238	XP_061937013.1		XP_003691652.2	XP_043784131.1	XP_006562866.2	XP_012167883.2
OG0009239	XP_016915353.2		XP_003694748.1	XP_043785383.1	XP_392037.1	XP_048267721.1
OG0009240	XP_028520389.2		XP_086758843.1	XP_043790301.1	XP_026301405.1	XP_048268865.1
OG0009241	XP_016906809.3	XP_031369942.1	XP_012345538.3	XP_043793258.1	XP_026296807.1	
OG0009242	XP_016907890.1	XP_006614295.1	XP_003691966.3		XP_001119910.3	XP_048266596.1
OG0009243	XP_061943256.1	XP_031365701.1	XP_031774763.2	XP_043804322.1	XP_026296360.1	
OG0009244	XP_016918884.2	XP_006624100.1	XP_012344700.1	XP_043794221.1	XP_026301019.1	
OG0009245	XP_061931124.1	XP_006622514.1	XP_086772933.1		XP_003251593.1	XP_020718672.1
OG0009246	XP_061931111.1		XP_003696423.1	XP_043793440.1	XP_006567820.1	XP_003395709.1
OG0009247	XP_016906631.2	XP_006614540.1	XP_012346952.2	XP_043804328.1	XP_006571175.2	
OG0009248	XP_016904818.1		XP_086773283.1	XP_043786924.1	XP_006564513.1	XP_012167802.1
OG0009249	XP_061931764.1	XP_006617303.1	XP_086772014.1	XP_043802698.1	XP_001119836.2	
OG0009250	XP_061939508.1		XP_086768421.1	XP_043797680.1	XP_026300382.1	XP_020721768.2
OG0009251	XP_016910235.1	XP_006623715.2	XP_086770925.1		XP_001121229.2	XP_003397207.1
OG0009252	XP_016904291.1	XP_006607985.1	XP_086769257.1		XP_006557421.1	XP_012166005.3
OG0009253	XP_061936261.1		XP_086772594.1	XP_043787215.1	XP_026299236.1	XP_048265704.1
OG0009254	XP_061936482.1		XP_086772684.1	XP_043787278.1	XP_006566265.2	XP_003398198.2
OG0009255	XP_016904766.2		XP_086768414.1	XP_043799223.1	XP_026300091.1	XP_003393164.1
OG0009256	XP_061941029.1	XP_031364914.1	XP_031773096.2		XP_016771641.1	XP_012171174.1
OG0009257		XP_031365444.1	XP_031772892.2	XP_043784170.1	XP_016769709.1	XP_012167860.2
OG0009258		XP_031364373.1	XP_086761965.1	XP_043797045.1	XP_006563882.1	XP_048269027.1
OG0009259		XP_006616818.1	XP_003692758.1	XP_043786890.1	XP_003250814.1	XP_003398591.1
OG0009260		XP_031369957.1	XP_012340049.1	XP_043799439.1	XP_006572305.1	XP_003395909.3
OG0009261		XP_006610715.1	XP_012347394.1	XP_043786562.1	XP_016770221.1	XP_048263075.1
OG0009262		XP_006607336.1	XP_012340389.2	XP_043786312.1	XP_026298353.1	XP_003403115.1
OG0009263		XP_006622123.1	XP_031774406.1	XP_043792138.1	XP_006570318.1	XP_003395777.1
OG0009264		XP_006609767.1	XP_003698754.2	XP_043788396.1	XP_394893.3	XP_003394193.2
OG0009265		XP_006609205.1	XP_012345201.1	XP_043790530.1	XP_006560007.3	XP_003401531.4
OG0009266		XP_006609299.1	XP_086773976.1	XP_043790705.1	XP_003249728.1	XP_012172470.1
OG0009267		XP_006616143.1	XP_031773579.1	XP_043794147.1	XP_016771524.1	XP_020719942.1
OG0009268		XP_031366192.1	XP_086766020.1	XP_043784030.1	XP_006569455.1	XP_048263545.1
OG0009269		XP_031371261.1	XP_031774932.1	XP_043789641.1	XP_003249967.1	XP_020720099.1
OG0009270		XP_006623970.1, XP_031370168.1	XP_012343504.2	XP_043785942.1	XP_003250697.2	
OG0009271		XP_031367103.1	XP_003692087.1	XP_043789050.1	XP_003250293.1	XP_012172081.1
OG0009272		XP_006611613.1	XP_012349424.3	XP_043795418.1	XP_001121598.1	XP_003394324.1
OG0009273		XP_031370203.1	XP_086771608.1	XP_043798082.1	XP_026298995.1	XP_048265405.1
OG0009274		XP_006607717.1	XP_012349521.1	XP_043797622.1	XP_006559231.1	XP_003397264.1
OG0009275		XP_006612163.1	XP_003691745.1	XP_043797478.1	XP_001122454.1	XP_003395120.1
OG0009276		XP_031371214.1	XP_086768665.1	XP_043789696.1	XP_006561812.3	XP_003397567.3
OG0009277		XP_006621389.1	XP_086761399.1	XP_043798773.1	XP_001120846.1	XP_003398680.1
OG0009278		XP_006609311.1	XP_003695993.1	XP_043790343.1	XP_006560736.1	XP_003401312.1
OG0009279		XP_006622239.2	XP_086771417.1	XP_043803294.1	XP_026294828.1	XP_048266880.1
OG0009280		XP_031365310.1	XP_031773589.2	XP_043794105.1	XP_006571572.1	XP_012174352.1
OG0009281		XP_006607272.1	XP_003692618.1	XP_043786234.1	XP_003249512.1	XP_012173233.1
OG0009282		XP_006614664.1	XP_003694680.2	XP_043802036.1	XP_001119946.2	XP_020718343.2
OG0009283		XP_031364550.1	XP_012344137.2	XP_043804141.1	XP_006565329.1	XP_020721568.2
OG0009284		XP_006617702.1	XP_031773476.1	XP_043786209.1	XP_006558931.1	XP_003403046.1
OG0009285		XP_006609717.1	XP_012348974.2	XP_043800625.1	XP_026295425.1	XP_048260367.1
OG0009286		XP_006617439.1	XP_086759955.1	XP_043801858.1	XP_016767295.1	XP_003395271.1
OG0009287		XP_006624713.1	XP_003695326.3	XP_043801609.1	XP_001122105.4	XP_048263579.1
OG0009288		XP_006615809.1	XP_012345463.1	XP_043793941.1	XP_006558364.1	XP_003401014.1
OG0009289		XP_006614916.1	XP_086768132.1	XP_043794219.1	XP_006571617.1	XP_003393282.1
OG0009290		XP_006623452.1	XP_012341492.2	XP_043797030.1	XP_006569791.3	XP_048265421.1
OG0009291		XP_006620448.1	XP_012340587.1	XP_043787085.1	XP_006566010.1	XP_003398556.1
OG0009292		XP_006624724.2	XP_031773768.2	XP_043790628.1	XP_001121683.2	XP_003402694.1
OG0009293		XP_006612285.1	XP_012350024.1	XP_043788223.1	XP_006560617.1	XP_003394967.1
OG0009294		XP_031369784.1	XP_003692260.1	XP_043794790.1	XP_016770584.1	XP_048265806.1
OG0009295		XP_006621808.1	XP_003691107.1	XP_043788538.1	XP_003249441.1	XP_048270466.1
OG0009296		XP_006607389.1	XP_003692585.1	XP_043786264.1	XP_392884.1	XP_012175167.1
OG0009297		XP_006623922.1	XP_003691572.1	XP_043785136.1	XP_006560080.1	XP_003395770.2
OG0009298		XP_006616617.1	XP_012345899.2	XP_043793170.1	XP_026296710.1	XP_003395573.1
OG0009299		XP_031369552.1	XP_086773816.1	XP_043791918.1	XP_026301114.1	XP_048269308.1
OG0009300		XP_006623925.1	XP_012338954.1	XP_043785150.1	XP_001121086.2	XP_003395767.1
OG0009301		XP_006620202.1	XP_012350243.2	XP_043795612.1	NP_001135436.1	XP_003396871.1
OG0009302		XP_006612468.1	XP_003693791.2	XP_043791018.1	XP_396388.5	XP_012168143.1
OG0009303		XP_031366492.1	XP_012339021.2	XP_043784169.1	XP_006562922.1	XP_003398476.1
OG0009304		XP_031367119.1	XP_086772023.1	XP_043802816.1	XP_006557955.1	XP_003403015.2
OG0009305		XP_031369022.1	XP_012343569.1	XP_043785700.1	XP_016771673.1	XP_020722181.1
OG0009306		XP_031371099.1	XP_003698775.1	XP_043800611.1	XP_026295229.1	XP_012176005.2
OG0009307						XP_012174385.1, XP_048267478.1, XP_048269116.1, XP_048269842.1, XP_048270140.1
OG0009308		XP_006614278.1	XP_012343195.2	XP_043787542.1		XP_003400119.2
OG0009309	XP_016922081.2		XP_031772952.2		XP_006565062.2	XP_048267504.1
OG0009310			XP_003691299.3		NP_001229897.1	XP_003393998.1, XP_048267230.1
OG0009311			XP_012345366.2			XP_003403340.2, XP_048268726.1, XP_048268946.1
OG0009312	XP_016922948.1	XP_031367569.1	XP_031774656.2		XP_016766491.1	
OG0009313	XP_061935464.1	XP_031367390.1			XP_026298752.1	XP_020720386.1
OG0009314	XP_028525505.2		XP_031774330.2		XP_026298615.1	XP_012166850.1
OG0009315	XP_016910209.1	XP_006617802.1	XP_086763359.1		XP_006567534.1	
OG0009316	XP_016905097.1		XP_086765565.1	XP_043794605.1		XP_012170367.1
OG0009317	XP_061940946.1		XP_012343489.3	XP_043785482.1		XP_003400449.1
OG0009318	XP_061937832.1		XP_086773181.1			XP_020721192.2, XP_048265909.1
OG0009319	XP_016905291.1		XP_086770419.1	XP_043794978.1		XP_048267489.1
OG0009320		XP_006614643.1	XP_012345393.1		XP_396447.3	XP_003401102.1
OG0009321		XP_006614646.1	XP_012345479.2		XP_026301105.1	XP_003401109.2
OG0009322	XP_061929428.1	XP_031370096.1	XP_086759261.1			XP_012163609.1
OG0009323	XP_028524764.2	XP_006624871.1		XP_043791264.1		XP_012175378.1
OG0009324				XP_043800867.1	XP_026301197.1	XP_048268716.1, XP_048270691.1
OG0009325	XP_028523715.2			XP_043786537.1	XP_016772644.2	XP_003402174.2
OG0009326	XP_061931411.1		XP_012345671.1	XP_043793320.1		XP_003394487.1
OG0009327		XP_006608929.1	XP_031771723.2	XP_043791845.1		XP_012169875.2
OG0009328	XP_016910611.1		XP_086771249.1	XP_043803201.1		XP_020723028.1
OG0009329		XP_031368527.1	XP_031773714.2			XP_003396672.2, XP_048266941.1
OG0009330		XP_031368137.1	XP_031772718.2	XP_043796532.1		XP_012173052.2
OG0009331	XP_016909422.2		XP_086759689.1	XP_043802090.1		XP_012171342.1
OG0009332	XP_061941458.1		XP_086759027.1	XP_043790701.1		XP_012172764.1
OG0009333	XP_061941486.1	XP_006609163.1	XP_086759017.1			XP_003401519.1
OG0009334		XP_006618238.1	XP_012346717.2	XP_043800873.1		XP_012174419.1
OG0009335	XP_016919314.1		XP_086772473.1	XP_043791256.1		XP_012176468.1
OG0009336	XP_061928137.1		XP_086764474.1	XP_043784713.1		XP_048270311.1
OG0009337		XP_006623846.1	XP_012339133.3		XP_016769182.2	XP_048264016.1
OG0009338			XP_012345422.3	XP_043790568.1	XP_001121625.2	XP_003401586.1
OG0009339		XP_006609537.1		XP_043790313.1	XP_026301134.1	XP_003397722.1
OG0009340	XP_016908128.1		XP_086767764.1	XP_043803924.1		XP_012169901.1
OG0009341	XP_028521357.1		XP_086770895.1		XP_026297054.1	XP_048262761.1
OG0009342	XP_061931846.1		XP_086770893.1		XP_006560097.1	XP_048262762.1
OG0009343	XP_016910295.1		XP_086773651.1	XP_043786196.1		XP_012166398.1
OG0009344	XP_016910594.1		XP_012344358.3	XP_043786126.1		XP_012166400.2
OG0009345	XP_061927913.1	XP_031369413.1	XP_086771381.1			XP_012170452.2
OG0009346	XP_016910700.1		XP_012351109.2	XP_043803104.1		XP_012175743.1
OG0009347		XP_006620840.1	XP_003691435.1		XP_026294802.1	XP_003394066.2
OG0009348	XP_061932804.1		XP_086767178.1	XP_043799877.1		XP_012167351.2
OG0009349	XP_016915342.1		XP_012341678.1		XP_026298823.1	XP_048263641.1
OG0009350		XP_031369677.1	XP_086772261.1		XP_026301652.1	XP_048266936.1
OG0009351	XP_016917213.1		XP_086765078.1		XP_026300715.1	XP_012171267.2
OG0009352	XP_016917944.1		XP_086772608.1	XP_043791371.1		XP_020720549.1
OG0009353		XP_031370355.1, XP_031370359.1		XP_043796374.1		XP_048263565.1
OG0009354	XP_061936379.1		XP_086772736.1		XP_026299159.1	XP_048265592.1
OG0009355	XP_028525708.1		XP_086773523.1	XP_043786371.1		XP_012173259.1
OG0009356	XP_016922364.2		XP_086773557.1	XP_043786224.1		XP_012173255.1
OG0009357	XP_061935082.1		XP_012344821.3	XP_043791673.1		XP_020722945.2
OG0009358	XP_016904674.1		XP_003690468.3		XP_006561817.2	XP_048264325.1
OG0009359		XP_006612021.1	XP_086763670.1	XP_043804156.1		XP_012170238.1
OG0009360	XP_016914374.1		XP_086767135.1	XP_043800282.1		XP_012163115.1
OG0009361		XP_031367275.1		XP_043789066.1	XP_016772074.2	XP_012172141.2
OG0009362		XP_031367534.1	XP_031771236.2		XP_026301346.1	XP_020722668.2
OG0009363	XP_028520681.1	XP_031364071.1	XP_086763645.1			XP_048266942.1
OG0009364	XP_061938734.1		XP_012347057.3		XP_016770883.1	XP_012170294.2
OG0009365	XP_061929474.1			XP_043796079.1	XP_026301654.1	XP_012165474.2
OG0009366	XP_016918175.1		XP_031772325.1		XP_026301633.1	XP_012165473.2
OG0009367	XP_061941112.1	XP_031364354.1		XP_043793740.1	XP_026300961.1	
OG0009368	XP_016921292.3	XP_031367512.1			XP_026302068.1	XP_048263374.1
OG0009369	YP_013613383.1		YP_008080961.1	YP_009440913.1	NP_008086.1	
OG0009370	YP_013613382.1		YP_008080960.1	YP_009440912.1	NP_008085.1	
OG0009371	XP_016905584.1		XP_003691733.1	XP_043801359.1	NP_001078813.1	
OG0009372	XP_061942573.1	XP_006611907.1	XP_086767621.1		NP_001011613.1	
OG0009373	YP_013613380.1		YP_008080958.1	YP_009440910.3	NP_008083.2	
OG0009374	YP_013613381.1		YP_008080959.1	YP_009440911.1	NP_008084.1	
OG0009375	YP_013613384.1		YP_008080962.1	YP_009440914.1	NP_008087.1	
OG0009376	YP_013613390.1		YP_008080968.1	YP_009440920.1	NP_008093.1	
OG0009377	XP_061928151.1	XP_031368087.1			XP_016766547.1	XP_048260681.1
OG0009378	XP_016904123.1		XP_086761998.1	XP_043797215.1		XP_012175087.1
OG0009379	XP_016904739.1	XP_031368571.1	XP_086760240.1			XP_003398590.1
OG0009380	XP_061933044.1		XP_086766242.1	XP_043800553.1		XP_012166068.3
OG0009381	XP_016905311.1		XP_086766437.1	XP_043789677.1		XP_012167051.1
OG0009382	XP_061935465.1	XP_031367334.1	XP_086761037.1		XP_016769366.2	
OG0009383	XP_016905875.1	XP_031369572.1		XP_043800963.1		XP_048267502.1
OG0009384	XP_016905953.2		XP_086767205.1	XP_043800425.1		XP_020719975.1
OG0009385	XP_061943250.1	XP_006625235.1	XP_086768418.1	XP_043804343.1		
OG0009386	XP_016906301.2		XP_003698021.3		XP_006570705.1	XP_012168856.2
OG0009387	XP_016906426.1		XP_086771130.1	XP_043791766.1		XP_012173367.1
OG0009388	XP_016907393.1	XP_006610491.1	XP_012350066.1	XP_043792349.1		
OG0009389	XP_061938037.1			XP_043798664.1	XP_026299696.1	XP_048266474.1
OG0009390	XP_016908300.1		XP_012347540.1	XP_043791776.1		XP_048269582.1
OG0009391	XP_016908465.3		XP_031775645.2	XP_043804385.1		XP_003402950.2
OG0009392	XP_061929562.1	XP_006612305.1	XP_086759621.1		XP_006558800.1	
OG0009393	XP_016908868.1	XP_006620159.1	XP_086770656.1	XP_043802933.1		
OG0009394	XP_061936734.1	XP_031368447.1	XP_086770641.1			XP_048265240.1
OG0009395	XP_016909414.1		XP_031773004.1	XP_043802005.1	XP_006567377.2	
OG0009396	XP_016909516.1		XP_012343275.1	XP_043801957.1		XP_012163277.2
OG0009397	XP_061939933.1		XP_086770529.1	XP_043794957.1		XP_012170759.3
OG0009398	XP_016909646.1		XP_086770589.1	XP_043794882.1		XP_012170742.1
OG0009399	XP_016909715.1		XP_086771028.1	XP_043791789.1		XP_012166751.1
OG0009400	XP_016909716.1	XP_031367002.1	XP_086774075.1		XP_016772131.1	
OG0009401	XP_016909722.1		XP_086773881.1	XP_043790612.1		XP_012172378.1
OG0009402	XP_061935868.1		XP_086771029.1	XP_043791784.1		XP_012166752.1
OG0009403	XP_016910002.1	XP_006610380.1	XP_031772149.1			XP_003401671.2
OG0009404	XP_016910182.1		XP_012346012.3	XP_043792794.1		XP_020718835.1
OG0009405	XP_016910210.1		XP_031774202.2	XP_043792573.1		XP_003395510.1
OG0009406	XP_016910654.1		XP_086771245.1	XP_043803036.1		XP_012175734.1
OG0009407	XP_016910717.1		XP_012351162.1	XP_043803089.1		XP_012175729.1
OG0009408	XP_016910798.1	XP_031369709.1, XP_031371266.1			XP_026300422.1	
OG0009409	XP_061928512.1		XP_086765604.1	XP_043787810.1		XP_012176063.1
OG0009410	XP_061927765.1	XP_006614429.1	XP_086764341.1			XP_048268257.1
OG0009411	XP_016911719.1		XP_086768738.1	XP_043784868.1		XP_003396597.2
OG0009412	XP_016911729.1		XP_086763795.1	XP_043786418.1		XP_012172343.1
OG0009413	XP_016911743.2		XP_086760179.1	XP_043801953.1		XP_020718371.1
OG0009414	XP_061930826.1		XP_086760967.1	XP_043793021.1		XP_048261767.1
OG0009415	XP_061928785.1	XP_006608496.1	XP_012350460.2			XP_020718236.1
OG0009416	XP_016912939.1	XP_006617487.1	XP_012350603.1		XP_006564072.1	
OG0009417	XP_061932090.1		XP_086763319.1	XP_043784346.1		XP_012175312.1
OG0009418	XP_016913007.1		XP_012339990.1	XP_043784359.1		XP_012173895.1
OG0009419	XP_016913045.2		XP_003697401.1	XP_043804241.1		XP_048266652.1
OG0009420	XP_061939116.1		XP_086763556.1	XP_043804248.1		XP_012170595.1
OG0009421	XP_061939126.1	XP_031365274.1	XP_031774893.2		XP_003250953.1	
OG0009422	XP_016913786.2		XP_031773685.2	XP_043791536.1	XP_026300486.1	
OG0009423	XP_016914128.1		XP_086760293.1	XP_043792754.1		XP_048261769.1
OG0009424	XP_016914190.1		XP_086760213.1	XP_043802072.1		XP_012163714.1
OG0009425	XP_016914552.2		XP_012340840.2	XP_043783998.1		XP_012165573.2
OG0009426	XP_016914766.1		XP_086766505.1	XP_043795722.1		XP_012165689.1
OG0009427	XP_016914782.1		XP_086766198.1	XP_043795786.1		XP_012165099.1
OG0009428	XP_016914816.1	XP_006615432.2	XP_086766032.1		XP_016768625.1	
OG0009429	XP_016915066.1		XP_012339916.1	XP_043794348.1		XP_003398995.1
OG0009430	XP_061942753.1	XP_031364011.1	XP_086763212.1	XP_043789291.1		
OG0009431	XP_016915477.1		XP_086761781.1	XP_043797127.1		XP_048269800.1
OG0009432	XP_016916203.1		XP_086772232.1	XP_043797856.1		XP_003402220.1
OG0009433	XP_028523817.2		XP_086761643.1	XP_043789399.1		XP_048264915.1
OG0009434	XP_061933803.1		XP_003691581.1	XP_043801382.1		XP_048264019.1
OG0009435	XP_016917260.2	XP_031366008.1	XP_031774426.2		XP_006564959.1	
OG0009436	XP_061941945.1		XP_086758769.1	XP_043788832.1		XP_012172294.2
OG0009437	XP_016917605.1		XP_012339014.2	XP_043784218.1		XP_003398468.1
OG0009438	XP_061938588.1	XP_031366266.1	XP_012342034.1		XP_003251870.2	
OG0009439	XP_016917698.1		XP_003692184.1		XP_394069.4	XP_003401054.1
OG0009440	XP_016917738.1		XP_086772005.1	XP_043802779.1		XP_012164276.1
OG0009441	XP_016917771.1	XP_031367120.1	XP_086771970.1		NP_001011618.1	
OG0009442	XP_061936473.1	XP_006616819.1	XP_003692871.1		XP_006566250.1	
OG0009443	XP_061934867.1	XP_031369702.1	XP_086761774.1	XP_043797096.1		
OG0009444	XP_086628155.1		XP_031772324.2		XP_016770287.1	XP_003396796.2
OG0009445	XP_061927550.1	XP_031370471.1		XP_043796377.1	XP_016771771.2	
OG0009446	XP_016918726.1		XP_086764408.1	XP_043798975.1		XP_012175904.1
OG0009447	XP_028524906.2		XP_086769510.1		XP_026302061.1	XP_048265897.1
OG0009448	XP_016919856.2	XP_031371341.1	XP_086762375.1		XP_026298041.1	
OG0009449	XP_016919943.1	XP_006616451.1		XP_043791461.1	XP_391948.3	
OG0009450	XP_016920062.2		XP_012346536.2	XP_043800801.1		XP_012174355.1
OG0009451	XP_016920179.3		XP_086762932.1	XP_043799980.1		XP_012173337.2
OG0009452	XP_016920206.1		XP_086762913.1	XP_043799650.1	XP_003251315.1	
OG0009453	XP_016920458.1		XP_012340331.3	XP_043786276.1		XP_012175120.1
OG0009454	XP_061928152.1	XP_031368093.1	XP_086765940.1		XP_026295532.1	
OG0009455	XP_061931381.1	XP_031369357.1	XP_086760418.1		XP_026296700.1	
OG0009456	XP_061929564.1		XP_086759612.1	XP_043784933.1	XP_016767468.1	
OG0009457	XP_028525459.2		XP_086763636.1		XP_016770854.2	XP_020721571.2
OG0009458	XP_061929211.1	XP_006611929.1	XP_086770197.1			XP_048260036.1
OG0009459	XP_061934044.1		XP_031771567.2	XP_043786361.1		XP_012173277.1
OG0009460	XP_061941097.1		XP_086770733.1		XP_026300708.1	XP_048267633.1
OG0009461	XP_061941111.1		XP_086770751.1	XP_043793729.1	XP_026300960.1	
OG0009462	XP_061938864.1		XP_086769160.1		XP_026301889.1	XP_012165640.3
OG0009463	XP_028520400.2	XP_031371006.1	XP_012350350.2		XP_026300424.1	
OG0009464	XP_061931019.1		XP_086760789.1		XP_026296415.1	XP_012164365.2
OG0009465	XP_028521453.1		XP_031773024.2	XP_043802045.1	XP_026295910.1	
OG0009466	XP_028521760.2		XP_031773771.2		XP_016772134.1	XP_048268691.1
OG0009467	XP_061933265.1		XP_086766392.1	XP_043796008.1		XP_048263527.1
OG0009468	XP_028525323.1	XP_031366456.1		XP_043788226.1	XP_006560668.1	
OG0009469	XP_028525619.1	XP_006614596.1	XP_086770211.1		XP_026300586.1	
OG0009470	XP_028523434.2		XP_086763174.1		XP_026301542.1	XP_020721712.1
OG0009471	XP_061940327.1	XP_031370505.1	XP_031775222.1		XP_006566030.1	
OG0009472	XP_061935752.1	XP_006625090.1	XP_086771141.1	XP_043791794.1		
OG0009473	XP_061938848.1		XP_086763844.1	XP_043804034.1		XP_048266873.1
OG0009474	XP_061926878.1		XP_086771479.1	XP_043803131.1		XP_012170936.1
OG0009475	XP_061928162.1		XP_086764413.1	XP_043784357.1		XP_012174691.1
OG0009476	XP_061928326.1		XP_086765856.1	XP_043788456.1		XP_048260198.1
OG0009477	XP_061929459.1	XP_031370545.1	XP_086759587.1		XP_026296053.1	
OG0009478	XP_061929476.1	XP_031370098.1	XP_086759544.1		XP_006557980.1	
OG0009479	XP_061929764.1		XP_086768837.1	XP_043796242.1	XP_016769069.2	
OG0009480	XP_061930004.1		XP_086759708.1	XP_043801930.1	XP_026295818.1	
OG0009481	XP_061931121.1		XP_031775331.1	XP_043803402.1		XP_003393031.1
OG0009482	XP_061932661.1		XP_086767218.1	XP_043799963.1	XP_026297193.1	
OG0009483	XP_061934721.1		XP_086762305.1	XP_043796535.1		XP_048269298.1
OG0009484	XP_061934865.1		XP_086762373.1	XP_043796543.1		XP_003401615.2
OG0009485	XP_061935785.1			XP_043791775.1	XP_026298729.1	XP_003401831.1
OG0009486	XP_061936000.1		XP_012344774.1	XP_043798096.1		XP_003398496.2
OG0009487	XP_061936051.1		XP_086773326.1	XP_043787070.1		XP_012174874.1
OG0009488	XP_061936714.1	XP_031366846.1	XP_012340562.3		XP_006566247.1	
OG0009489	XP_061936880.1	XP_006612456.1	XP_086766760.1	XP_043791045.1		
OG0009490	XP_061937097.1		XP_086764569.1	XP_043784412.1	XP_026299536.1	
OG0009491	XP_061938072.1	XP_006614414.1		XP_043799102.1	XP_006566554.2	
OG0009492	XP_061938179.1		XP_086761317.1	XP_043799098.1	XP_006566609.2	
OG0009493	XP_061939665.1	XP_031367466.1	XP_086770384.1	XP_043791528.1		
OG0009494	XP_061940558.1	XP_031364175.1	XP_086765340.1			XP_048268260.1
OG0009495	XP_061941035.1		XP_012343539.1	XP_043785735.1		XP_012171151.1
OG0009496	XP_061941036.1		XP_012343540.1	XP_043785386.1		XP_003400374.1
OG0009497	XP_061941095.1		XP_086765334.1		XP_016771536.1	XP_048268001.1
OG0009498	XP_061942806.1, XP_061942807.1, XP_061942813.1, XP_061942845.1					
OG0009499	XP_061942829.1				XP_006572345.1, XP_026301729.1, XP_026301771.1	
OG0009500	XP_061942860.1, XP_061942861.1, XP_061942862.1, XP_061942863.1					
OG0009501	YP_013613391.1		YP_008080969.1	YP_009440921.1	NP_008094.1	
OG0009502	YP_013613379.1		YP_008080957.1	YP_009440909.1	NP_008082.1	
OG0009503	YP_013613385.1		YP_008080963.1	YP_009440915.1	NP_008088.1	
OG0009504	YP_013613388.1		YP_008080966.1	YP_009440918.1	NP_008091.1	
OG0009505	YP_013613389.1		YP_008080967.1	YP_009440919.1	NP_008092.1	
OG0009506	XP_016916175.1	XP_031368710.1			NP_001129377.1	XP_020723232.1
OG0009507	XP_016910367.1	XP_006615752.1	XP_012351064.1		XP_016766508.2	
OG0009508	XP_016918757.2		XP_086764399.1		XP_026295630.1	XP_012175896.2
OG0009509	XP_016914970.1	XP_031369037.1	XP_003697344.1		XP_016769970.1	
OG0009510	XP_016918093.1		XP_086770122.1	XP_043786820.1		XP_012167853.1
OG0009511	XP_016904327.1		XP_003690547.1	XP_043786238.1		NP_001267859.1
OG0009512	XP_016917655.1	XP_031366269.1	XP_003693726.1		XP_016772711.1	
OG0009513	XP_016918461.1	XP_006624370.1	XP_012341886.1			XP_003396356.1
OG0009514	XP_016913181.1	XP_031368414.1	XP_012344212.1		XP_026297433.1	
OG0009515	XP_016907285.2	XP_006610437.1			XP_016773117.2	XP_020719058.1
OG0009516	XP_061941828.1	XP_031366980.1	XP_086758573.1		XP_016772086.1	
OG0009517		XP_006614775.1	XP_086769999.1	XP_043795351.1	XP_006558072.1	
OG0009518		XP_006608994.1	XP_003698415.1		XP_001120888.2	XP_003399542.2
OG0009519		XP_006612835.1	XP_003695557.1	XP_043794346.1	XP_001120530.1	
OG0009520		XP_031367897.1		XP_043795949.1	XP_016768706.1	XP_003396882.2
OG0009521		XP_031365071.1	XP_031775167.1		XP_026298562.1	XP_012174243.1
OG0009522		XP_006609680.1	XP_003692663.1		XP_003249680.1	XP_048267517.1
OG0009523		XP_006613874.1	XP_012339080.2	XP_043784144.1	XP_026298959.1	
OG0009524		XP_006620668.1	XP_086762938.1	XP_043800152.1	XP_026294927.1	
OG0009525		XP_031368016.1		XP_043786804.1	XP_026299194.1	XP_048265622.1
OG0009526		XP_031366966.1	XP_086758494.1	XP_043789107.1		XP_003401245.1
OG0009527		XP_006618025.1	XP_086770380.1	XP_043791497.1	XP_006559381.2	
OG0009528		XP_006620231.1	XP_086769197.1	XP_043795571.1	XP_016766340.1	
OG0009529		XP_031364823.1	XP_086768973.1		XP_026301653.1	XP_048263505.1
OG0009530		XP_006616136.1	XP_031773531.2	XP_043794347.1		XP_003393267.1
OG0009531		XP_006620683.1	XP_003696920.1		XP_001121022.1	XP_003402635.1
OG0009532		XP_006608227.1	XP_012339720.2		XP_006563576.1	XP_012172182.2
OG0009533		XP_006617679.2	XP_012344316.2		XP_006558963.1	XP_003397107.2
OG0009534		XP_006616827.1	XP_003692872.1	XP_043787042.1	XP_006566230.1	
OG0009535		XP_006617249.1	XP_012340253.1	XP_043799913.1	XP_006570736.1	
OG0009536		XP_006610560.1		XP_043786172.1	XP_006563316.1	XP_020723537.2
OG0009537		XP_031364171.1	XP_012343839.2		XP_016771535.2	XP_003400858.1
OG0009538		XP_006622685.2	XP_031774793.2	XP_043801332.1	XP_016773480.1	
OG0009539		XP_006625132.1		XP_043789545.1	XP_016769565.2	XP_003397791.1
OG0009540		XP_006624149.1	XP_003694845.1		NP_001155870.1	XP_012171202.1
OG0009541		XP_006617867.1	XP_003690224.1	XP_043789786.1	XP_006572697.1	
OG0009542		XP_031367350.1	XP_031774327.1	XP_043789457.1	XP_016769361.1	
OG0009543		XP_006611360.1	XP_003696235.2	XP_043793023.1	XP_026296690.1	
OG0009544		XP_006621218.1	XP_086760555.1	XP_043795070.1	XP_026298738.1	
OG0009545		XP_006618857.1	XP_012351062.3	XP_043793634.1	XP_026297284.1	
OG0009546		XP_006615523.1	XP_086768725.1	XP_043784809.1	XP_006568669.1	
OG0009547		XP_031364097.1, XP_031367552.1		XP_043800493.1	XP_026297763.1	
OG0009548		XP_006619737.1	XP_012343449.1		XP_003250996.1	XP_003395229.2
OG0009549		XP_031367042.1	XP_086767065.1	XP_043800181.1	XP_006570994.1	
OG0009550		XP_006621609.1	XP_086761579.1	XP_043798225.1	XP_006570344.1	
OG0009551		XP_006618692.1	XP_031771918.2	XP_043795960.1	XP_016768628.1	
OG0009552		XP_006622818.1	XP_012350902.1	XP_043797983.1	XP_026301568.1	
OG0009553		XP_006607661.1	XP_086761981.1	XP_043796752.1	XP_026298375.1	
OG0009554		XP_006624542.1	XP_086759105.1	XP_043801636.1	NP_001265261.1	
OG0009555		XP_006623810.1	XP_012342852.1	XP_043802910.1	XP_006557391.2	
OG0009556		XP_006621517.1	XP_086761511.1	XP_043798196.1		XP_048266269.1
OG0009557		XP_006616347.1	XP_086765600.1	XP_043787788.1		XP_048260597.1
OG0009558		XP_031368598.1	XP_086772493.1	XP_043786939.1	XP_016769784.2	
OG0009559		XP_031367184.1	XP_086759981.1		XP_026295866.1	XP_048261378.1
OG0009560		XP_006611042.2	XP_003695036.3	XP_043785469.1	XP_006565007.3	
OG0009561		XP_031364253.1		XP_043786646.1	XP_026301501.1	XP_048266844.1
OG0009562		XP_031369719.1	XP_086771210.1	XP_043803232.1	XP_026294759.1	
OG0009563		XP_006614446.1	XP_086764003.1		XP_006559168.2	XP_012171274.1
OG0009564		XP_031370219.1	XP_031772543.2	XP_043800696.1	XP_026297183.1	
OG0009565		XP_031364511.1	XP_012341725.2		XP_016767203.1	XP_048261540.1
OG0009566		XP_031366628.1	XP_086766433.1	XP_043795714.1	XP_026297741.1	
OG0009567		XP_031367575.1	XP_031771247.1	XP_043789081.1	XP_016772081.1	
OG0009568		XP_031367864.1	XP_086772886.1		XP_026297164.1	XP_012164971.2
OG0009569		XP_031367930.1		XP_043800458.1	XP_026297476.1	XP_012168477.2
OG0009570		XP_031368331.1	XP_086770639.1	XP_043784553.1	XP_016770753.2	
OG0009571		XP_031368920.1	XP_086767712.1	XP_043793887.1	XP_016770968.1	
OG0009572		XP_031369770.1	XP_031771359.2	XP_043794182.1		XP_020721356.1
OG0009573			XP_086759184.1	XP_043794666.1	XP_026297479.1	XP_012175288.1
OG0009574			XP_012346162.2	XP_043792753.1	XP_026296413.1	XP_048270689.1
OG0009575			XP_031770889.2	XP_043799661.1	XP_026298034.1	XP_020719915.1
OG0009576			XP_086772700.1	XP_043787385.1	XP_026299160.1	XP_048265091.1
OG0009577			XP_086771424.1	XP_043803295.1	XP_026294821.1	XP_048267270.1
OG0009578			XP_086765363.1	XP_043785800.1	XP_016771534.2	XP_020722210.2
OG0009579			XP_086761063.1	XP_043793084.1	XP_026296823.1	XP_048261974.1
OG0009580			XP_086760467.1	XP_043792125.1	XP_026296515.1	XP_048261756.1
OG0009581			XP_031774644.2	XP_043789404.1	NP_001158281.1	XP_048264917.1
OG0009582			XP_012339459.1	XP_043798947.1	XP_006566477.1	XP_003399340.1
OG0009583				XP_043797723.1	XP_026297194.1, XP_026300425.1	XP_012168301.2
OG0009584			XP_086770286.1		XP_016771320.1	XP_012170861.1
OG0009585			XP_031773518.2	XP_043796572.1		XP_048269641.1
OG0009586		XP_031365248.1	XP_086767440.1	XP_043799938.1		
OG0009587	XP_061941717.1		XP_086773896.1			XP_012172364.2
OG0009588			XP_086773898.1		XP_016772139.1	XP_012172366.1
OG0009589		XP_006625238.1	XP_003696969.1	XP_043797227.1		
OG0009590	XP_016914771.1			XP_043784067.1	XP_016768634.1	
OG0009591		XP_031366350.1		XP_043803208.1		XP_003393534.2
OG0009592			XP_086762097.1		XP_006564610.2	XP_003401919.2
OG0009593			XP_086770991.1	XP_043791752.1		XP_020720427.1
OG0009594				XP_043784648.1	XP_006559017.1	XP_012165783.1
OG0009595	XP_061942196.1			XP_043788705.1		XP_048268448.1
OG0009596				XP_043802371.1	XP_006562780.1	XP_048260822.1
OG0009597	XP_061929471.1			XP_043802017.1		XP_020718415.1
OG0009598	XP_061929469.1			XP_043802020.1		XP_020718417.1
OG0009599	XP_061929470.1			XP_043802019.1		XP_048261466.1
OG0009600		XP_031366894.1		XP_043802021.1		XP_048261469.1
OG0009601				XP_043792127.1		XP_048261517.1, XP_048270684.1
OG0009602	XP_061939976.1, XP_061939977.1					XP_020721961.2
OG0009603			XP_003694329.3		NP_001153742.1	XP_003395150.1
OG0009604	XP_061941503.1, XP_061941504.1				XP_016772239.1	
OG0009605		XP_031370819.1		XP_043790323.1, XP_043790550.1		
OG0009606	XP_016913375.2				XP_016770523.2	XP_012166107.1
OG0009607			XP_012342917.1	XP_043785255.1		XP_012171680.2
OG0009608		XP_006610165.1		XP_043789804.1		XP_020720086.2
OG0009609			XP_012349154.1		XP_003249929.1	XP_048264332.1
OG0009610		XP_031366349.1, XP_031370572.1				XP_003393536.2
OG0009611	XP_061937647.1				XP_026301814.1	XP_048263072.1
OG0009612		XP_031371146.1	XP_031772663.2			XP_020722941.2
OG0009613	XP_016913586.1, XP_061940668.1				XP_026300654.1	
OG0009614		XP_006612020.1	XP_086763677.1			XP_012170245.1
OG0009615	XP_028523158.1		XP_086767133.1			XP_012163120.1
OG0009616			XP_031773524.1		XP_026298720.1	XP_003395311.1
OG0009617			XP_031773521.1		XP_026298723.1	XP_048270196.1
OG0009618		XP_006613200.1	XP_012347423.1			XP_003396753.2
OG0009619	XP_061940557.1		XP_086765339.1			XP_048268261.1
OG0009620		XP_006608324.1	XP_012344567.1			XP_020719549.1
OG0009621		XP_006623314.1		XP_043793438.1		XP_020718846.1
OG0009622	XP_061943089.1				XP_026298093.1	XP_048270277.1
OG0009623	XP_061928863.1	XP_006612157.2			XP_026295562.1	
OG0009624	XP_016904222.1		XP_086769215.1	XP_043792457.1		
OG0009625	XP_016904488.2		XP_086766589.1		XP_003250137.2	
OG0009626	XP_061935468.1	XP_031367339.1				XP_048264662.1
OG0009627	XP_016905372.1	XP_006623467.1		XP_043793609.1		
OG0009628	XP_086628159.1	XP_031365405.1			XP_006565441.2	
OG0009629	XP_016905949.1	XP_006616234.1	XP_086767810.1			
OG0009630	XP_061931852.1		XP_086763472.1			XP_048262293.1
OG0009631	XP_028520877.1	XP_006623931.1	XP_086761097.1			
OG0009632	XP_028520908.2		XP_086766598.1		XP_026299080.1	
OG0009633	XP_086628172.1		XP_086769795.1		XP_026300935.1	
OG0009634	XP_086628165.1		XP_086769454.1		XP_016766646.1	
OG0009635	XP_061936720.1	XP_031363932.1	XP_086769607.1			
OG0009636	XP_061937963.1				XP_016770206.1	XP_020721214.1
OG0009637	XP_061934873.1			XP_043799731.1		XP_012166436.1
OG0009638	XP_061935460.1	XP_006607686.1		XP_043789695.1		
OG0009639	XP_061930102.1	XP_031368274.1	XP_086759676.1			
OG0009640	XP_061939929.1	XP_006609677.1			XP_016771251.1	
OG0009641	XP_061927945.1		XP_086771412.1			XP_048266766.1
OG0009642	XP_028522109.2	XP_031370225.1			XP_006571975.2	
OG0009643	XP_028522159.2	XP_031365831.1	XP_086769932.1			
OG0009644	XP_086628184.1			XP_043784880.1	XP_016773340.1	
OG0009645	XP_061930711.1		XP_031774068.1		XP_006562160.1	
OG0009646	XP_016913219.1		XP_086759187.1			XP_020723880.1
OG0009647	XP_016913967.2		XP_086763783.1		XP_026300246.1	
OG0009648	XP_061942756.1		XP_086763203.1			XP_048266928.1
OG0009649	XP_061939764.1	XP_031371031.1	XP_031771640.2			
OG0009650	XP_016916867.1	XP_031370521.1			XP_016773258.1	
OG0009651	XP_028524128.1	XP_031369402.1			XP_016766781.1	
OG0009652	XP_016917754.1			XP_043802713.1		XP_048261677.1
OG0009653	XP_061931562.1		XP_086771197.1		XP_026296657.1	
OG0009654	XP_016917805.2		XP_003697430.2	XP_043785132.1		
OG0009655	XP_028524344.1		XP_086770129.1			XP_012167855.1
OG0009656	XP_061927938.1			XP_043796376.1		XP_020719258.1
OG0009657	XP_086628153.1	XP_006614180.1			XP_006569319.1	
OG0009658	XP_016918886.2		XP_086768219.1			XP_020720032.2
OG0009659	XP_016919340.1	XP_031366952.1		XP_043789030.1		
OG0009660	XP_086628182.1		XP_086771653.1		XP_026300975.1	
OG0009661	XP_016921253.2		XP_003698429.2			XP_048264659.1
OG0009662	XP_016921267.2		XP_003697964.3			XP_048263376.1
OG0009663	XP_061935206.1		XP_086759212.1	XP_043795057.1		
OG0009664	XP_061939275.1		XP_086769255.1	XP_043795560.1		
OG0009665	XP_028520344.1	XP_006623462.2			XP_006564214.1	
OG0009666	XP_061932009.1		XP_086770878.1		XP_026297214.1	
OG0009667	XP_061932515.1		XP_086767417.1	XP_043800190.1		
OG0009668	XP_061936898.1	XP_031371185.1	XP_012339028.1			
OG0009669	XP_028521058.1	XP_006610495.1			XP_016768301.1	
OG0009670	XP_061935921.1			XP_043791857.1	XP_026298713.1	
OG0009671	XP_028521266.2		XP_086763965.1		XP_026297169.1	
OG0009672	XP_028521269.2	XP_031364996.1			XP_026297905.1	
OG0009673	XP_086628166.1	XP_031367721.1			XP_026297970.1	
OG0009674	XP_028522592.2		XP_031774094.1		XP_026296395.1	
OG0009675	XP_061932050.1	XP_031364855.1	XP_086763347.1			
OG0009676	XP_061940611.1		XP_086765362.1	XP_043785802.1		
OG0009677	XP_028522985.1		XP_086764034.1	XP_043791540.1		
OG0009678	XP_028523563.2		XP_086758785.1			XP_012172524.2
OG0009679	XP_061942180.1		XP_086758901.1			XP_012172702.3
OG0009680	XP_086628173.1	XP_031366855.1			XP_026299179.1	
OG0009681	XP_086628183.1	XP_031370773.1			XP_026300818.1	
OG0009682	XP_061930895.1	XP_031370143.1	XP_086760890.1			
OG0009683	XP_061931397.1		XP_086772964.1	XP_043803663.1		
OG0009684	XP_061932150.1		XP_086763407.1			XP_012164590.1
OG0009685	XP_061932897.1		XP_031771897.1		XP_016768480.1	
OG0009686	XP_086628164.1	XP_031364189.1			XP_006569517.1	
OG0009687	XP_061933553.1		XP_086764235.1		XP_026297507.1	
OG0009688	XP_061934870.1		XP_086771717.1	XP_043801383.1		
OG0009689	XP_061935289.1		XP_031775375.1	XP_043789955.1		
OG0009690	XP_061937087.1	XP_031369247.1	XP_086761644.1			
OG0009691	XP_061938729.1				XP_026300123.1	XP_048266938.1
OG0009692	XP_061938845.1	XP_006620232.2			XP_026299652.1	
OG0009693	XP_061939462.1		XP_086768697.1			XP_048267465.1
OG0009694	XP_061940428.1		XP_086764901.1			XP_048268117.1
OG0009695	XP_061941117.1, XP_061942810.1					XP_048264178.1
OG0009696	XP_061941430.1		XP_086758860.1		XP_026301404.1	
OG0009697	XP_061941711.1		XP_086773716.1		XP_026301409.1	
OG0009698	XP_061930272.1		XP_012342598.1		XP_026295871.1	
OG0009699		XP_031369424.1	XP_012341480.1		XP_006568583.2	
OG0009700		XP_006610105.1	XP_031774119.2		XP_026298757.1	
OG0009701		XP_006624477.1	XP_012342058.1		NP_001155259.1	
OG0009702		XP_031365841.1	XP_003698889.1		XP_026295315.1	
OG0009703		XP_006622114.1	XP_031774050.2		NP_001155303.1	
OG0009704		XP_031369114.1	XP_031771048.1		XP_016770179.1	
OG0009705		XP_006617939.1	XP_086770096.1		XP_026302086.1	
OG0009706		XP_031367411.1	XP_086770094.1			XP_020723565.2
OG0009707		XP_031367515.1	XP_003697940.2	XP_043803559.1		
OG0009708		XP_006618486.1	XP_003694076.1		NP_001035293.1	
OG0009709		XP_006622505.1	XP_086762967.1			XP_003393840.2
OG0009710		XP_031368757.1		XP_043792014.1		XP_003399449.1
OG0009711		XP_031368172.1	XP_086761321.1		XP_016770750.1	
OG0009712		XP_006617596.2	XP_086774033.1		XP_026301283.1	
OG0009713		XP_031364063.1			XP_016772474.2	XP_020721415.1
OG0009714		XP_031368697.1	XP_003692580.1		XP_001120568.1	
OG0009715		XP_006619100.1	XP_012347988.2			XP_048260605.1
OG0009716		XP_006620254.1	XP_003697109.1		XP_016772831.1	
OG0009717		XP_006612346.1	XP_086760139.1	XP_043802022.1		
OG0009718		XP_006620085.1	XP_086759114.1		XP_006560912.1	
OG0009719		XP_031368388.1	XP_086770889.1	XP_043804387.1		
OG0009720		XP_031367222.1	XP_012349020.1		XP_016766964.1	
OG0009721		XP_031367894.1		XP_043794693.1, XP_043795909.1		
OG0009722		XP_006609795.1	XP_031775728.2		XP_006560545.2	
OG0009723		XP_031365257.1	XP_086763603.1	XP_043804134.1		
OG0009724		XP_006614424.1	XP_086771541.1	XP_043786420.1		
OG0009725		XP_031364574.1	XP_086765827.1	XP_043787864.1		
OG0009726		XP_006613924.1	XP_031775561.2		XP_006564536.1	
OG0009727		XP_006611828.1	XP_003689966.2		NP_001011607.1	
OG0009728		XP_006621795.1	XP_003694764.1		XP_001122739.1	
OG0009729		XP_006624447.2		XP_043800178.1	XP_006570949.1	
OG0009730		XP_006621414.1	XP_086761447.1	XP_043798815.1		
OG0009731		XP_031371253.1	XP_012347581.1		XP_016769408.2	
OG0009732		XP_006609414.1	XP_031774002.1		XP_026301407.1	
OG0009733		XP_006622634.1	XP_086763883.1		NP_001011611.2	
OG0009734		XP_006624739.1	XP_012345338.1		XP_003249254.1	
OG0009735		XP_031363920.1	XP_012350188.1		XP_026296948.1	
OG0009736		XP_031365241.1	XP_003693182.3		XP_026296949.1	
OG0009737		XP_031365587.1	XP_003690930.1		XP_016766562.1	
OG0009738		XP_031366184.1	XP_086766025.1		XP_026297690.1	
OG0009739		XP_031366849.1		XP_043788972.1	XP_026301423.1	
OG0009740		XP_031367039.1	XP_003692397.1		XP_006570980.1	
OG0009741		XP_031367856.1	XP_086772813.1		XP_006557596.2	
OG0009742		XP_031368504.1	XP_086765624.1		XP_026295663.1	
OG0009743		XP_031370062.1		XP_043792053.1		XP_048264219.1
OG0009744		XP_031370148.1	XP_086767962.1		XP_026299710.1	
OG0009745		XP_031370970.1	XP_086769602.1		XP_026302046.1	
OG0009746			XP_086765504.1		XP_026295204.1	XP_048270687.1
OG0009747			XP_086765426.1	XP_043785823.1		XP_048267733.1
OG0009748			XP_012345610.2	XP_043792991.1		XP_012163973.2
OG0009749			XP_086758578.1	XP_043788958.1		XP_048268696.1
OG0009750			XP_003699027.3		NP_001011617.1	XP_003394701.1
OG0009751			XP_012339065.1		XP_026299202.1	XP_048265358.1
OG0009752			XP_086769764.1		XP_026300253.1	XP_003396840.2
OG0009753			XP_086773112.1	XP_043794591.1	XP_026299469.1	
OG0009754			XP_086761443.1	XP_043798475.1		XP_020721170.2
OG0009755			XP_086768864.1	XP_043796316.1	XP_016773333.1	
OG0009756			XP_086763414.1	XP_043800768.1	XP_006564161.1	
OG0009757			XP_086758569.1		XP_026301185.1	XP_048268714.1
OG0009758			XP_012345738.3	XP_043792979.1	XP_016767604.1	
OG0009759			XP_086774015.1	XP_043790432.1	XP_016772848.1	
OG0009760			XP_086771396.1	XP_043803091.1		XP_012170793.1
OG0009761			XP_086770748.1	XP_043793751.1	XP_026300827.1	
OG0009762			XP_086768041.1	XP_043794153.1	XP_016771533.1	
OG0009763			XP_086767412.1	XP_043800170.1		XP_048262453.1
OG0009764			XP_086766823.1	XP_043800185.1	XP_026297034.1	
OG0009765			XP_086763934.1	XP_043797857.1	XP_016772468.2	
OG0009766			XP_086763905.1	XP_043804143.1		XP_048266937.1
OG0009767			XP_086763519.1	XP_043800754.1		XP_048262480.1
OG0009768			XP_086763470.1	XP_043801058.1	XP_026297097.1	
OG0009769			XP_086763163.1	XP_043789198.1		XP_012170639.3
OG0009770			XP_086760417.1	XP_043793128.1		XP_048269967.1
OG0009771			XP_086761209.1	XP_043792383.1		XP_020718802.1
OG0009772			XP_086761101.1		XP_026296659.1	XP_048262232.1
OG0009773			XP_086758944.1	XP_043790652.1		XP_012172559.1
OG0009774			XP_086773560.1	XP_043786293.1		XP_003401867.1
OG0009775			XP_086772657.1	XP_043793566.1	XP_026297075.1	
OG0009776						XP_048269602.1, XP_048269615.1, XP_048269617.1
OG0009777				XP_043785178.1		XP_003393388.3
OG0009778	XP_061935467.1	XP_031367336.1				
OG0009779	XP_028519960.1				XP_026294961.1	
OG0009780		XP_006609021.1		XP_043797212.1		
OG0009781	XP_016903870.2					XP_012172396.1
OG0009782			XP_086764349.1			XP_048260541.1
OG0009783					XP_001119897.1	XP_012168601.1
OG0009784					XP_006562779.1	XP_048260802.1
OG0009785						XP_048260821.1, XP_048261468.1
OG0009786					NP_001011600.1	XP_003401778.1
OG0009787				XP_043784356.1	XP_026297180.1	
OG0009788			XP_086773723.1			XP_012172855.2
OG0009789			XP_086758998.1			XP_012172793.1
OG0009790			XP_012345198.3			XP_020722724.1
OG0009791		XP_031364180.1		XP_043785812.1		
OG0009792			XP_086765419.1			XP_012171522.1
OG0009793			XP_012343832.2			XP_012171521.1
OG0009794		XP_031367654.1		XP_043794426.1		
OG0009795				XP_043790563.1		XP_003401492.1
OG0009796	XP_061931703.1				XP_026296526.1	
OG0009797			XP_003689844.3			XP_012164475.1
OG0009798			XP_086772105.1			XP_012164477.2
OG0009799		XP_006623969.2		XP_043802837.1		
OG0009800			XP_031773655.2			XP_020719568.1
OG0009801	XP_061942125.1				XP_016772171.1	
OG0009802		XP_031370344.1				XP_012172864.1
OG0009803		XP_031364387.1				XP_048268263.1
OG0009804			XP_086770670.1			XP_048268147.1
OG0009805			XP_086770668.1			XP_048268148.1
OG0009806	XP_061939979.1					XP_048267284.1
OG0009807					XP_026296830.1	XP_048261755.1
OG0009808			XP_012347139.2			XP_012170656.1
OG0009809		XP_031365263.1				XP_020723781.2
OG0009810	XP_061939407.1				XP_006566966.1	
OG0009811	XP_016913722.2					XP_012171115.3
OG0009812					XP_026302063.1	XP_048261775.1
OG0009813			XP_086767865.1			XP_012164886.1
OG0009814	XP_061937050.1				XP_026299001.1	
OG0009815	XP_016904329.1		XP_086769730.1			
OG0009816	XP_061940451.1	XP_031365175.1				
OG0009817	XP_061935407.1	XP_031371235.1				
OG0009818	XP_061932971.1		XP_086766289.1			
OG0009819	XP_016905955.1					XP_048260082.1
OG0009820	XP_028520698.2		XP_086768446.1			
OG0009821	XP_061932886.1	XP_031370174.1				
OG0009822	XP_086628174.1				XP_003249311.3	
OG0009823	XP_086628168.1				XP_006562840.1	
OG0009824	XP_061937085.1				XP_006566471.2	
OG0009825	XP_061937296.1	XP_031366630.1				
OG0009826	XP_086628151.1				XP_026295464.1	
OG0009827	XP_086628156.1				XP_026296692.1	
OG0009828	XP_086628154.1				XP_006558243.2	
OG0009829	XP_016915761.2			XP_043797428.1		
OG0009830	XP_016916016.3	XP_006611908.2				
OG0009831	XP_061934467.1			XP_043797119.1		
OG0009832	XP_016918582.1	XP_006624599.1				
OG0009833	XP_061941743.1				XP_006568171.1	
OG0009834	XP_061927969.1				XP_026294959.1	
OG0009835	XP_016921060.1		XP_086759386.1			
OG0009836	XP_028525428.1				XP_006558738.3	
OG0009837	XP_016922034.1		XP_031772798.1			
OG0009838	XP_016922955.2	XP_006618237.1				
OG0009839	XP_061929195.1				XP_026295411.1	
OG0009840	XP_061934115.1		XP_031770884.2			
OG0009841	XP_086628181.1				XP_026300212.1	
OG0009842	XP_028521476.1			XP_043802373.1		
OG0009843	XP_061941752.1				XP_026301240.1	
OG0009844	XP_086628179.1				XP_026299842.1	
OG0009845	XP_061935471.1	XP_031367389.1				
OG0009846	XP_061928925.1		XP_086764455.1			
OG0009847	XP_086628152.1				XP_026295531.1	
OG0009848	XP_086628162.1				XP_026297555.1	
OG0009849	XP_086628169.1				XP_026298206.1	
OG0009850	XP_086628177.1				XP_006566560.1	
OG0009851	XP_061933391.1		XP_086766009.1			
OG0009852	XP_086628167.1				XP_026298205.1	
OG0009853	XP_086628175.1				XP_026298943.1	
OG0009854	XP_061927763.1				XP_026296875.1	
OG0009855	XP_061932561.1		XP_086767457.1			
OG0009856	XP_086628161.1				XP_026296907.1	
OG0009857	XP_061932905.1	XP_006623578.1				
OG0009858	XP_061934872.1					XP_020722864.2
OG0009859	XP_086628170.1				XP_026298057.1	
OG0009860	XP_086628171.1				XP_026298449.1	
OG0009861	XP_086628178.1				XP_026299859.1	
OG0009862	XP_086628180.1				XP_006562304.1	
OG0009863	XP_061938697.1	XP_031370778.1				
OG0009864	XP_061940444.1		XP_086765331.1			
OG0009865	XP_061941437.1		XP_086769636.1			
OG0009866	XP_061942800.1, XP_061942803.1					
OG0009867	XP_061942817.1, XP_061942818.1					
OG0009868	XP_061942819.1, XP_061942821.1					
OG0009869	XP_061942824.1, XP_061942827.1					
OG0009870	XP_061942836.1, XP_061942873.1					
OG0009871	XP_061942841.1, XP_061942858.1					
OG0009872	XP_061943244.1					XP_048263860.1
OG0009873		XP_006608740.1			XP_026298044.1	
OG0009874		XP_031370149.1			XP_026296610.1	
OG0009875		XP_006614857.1	XP_086767314.1			
OG0009876		XP_031364629.1	XP_086759279.1			
OG0009877		XP_031364821.1	XP_086768963.1			
OG0009878		XP_031369501.1			XP_006569118.1	
OG0009879		XP_006620394.2			XP_006569577.3	
OG0009880		XP_006618210.2				XP_003399562.1
OG0009881		XP_031368569.1			XP_026299051.1	
OG0009882		XP_006609006.1	XP_086767798.1			
OG0009883		XP_006622863.1		XP_043794469.1		
OG0009884		XP_006611686.1	XP_012342023.1			
OG0009885		XP_031366924.1	XP_086768354.1			
OG0009886		XP_006615053.1	XP_086764601.1			
OG0009887		XP_031369773.1		XP_043794336.1		
OG0009888		XP_006620146.1	XP_086759059.1			
OG0009889		XP_006625121.1	XP_086766802.1			
OG0009890		XP_006607700.1	XP_086764242.1			
OG0009891		XP_006607616.2			XP_026298119.1	
OG0009892		XP_031369386.1			XP_026296441.1	
OG0009893		XP_031371298.1			XP_026300258.1	
OG0009894		XP_006617088.1	XP_086758583.1			
OG0009895		XP_006612154.1		XP_043795627.1		
OG0009896		XP_006613412.2	XP_086769596.1			
OG0009897		XP_006624148.1			XP_006565703.1	
OG0009898		XP_006607722.1	XP_003699025.1			
OG0009899		XP_006609219.1	XP_003695961.1			
OG0009900		XP_031369484.1	XP_086762674.1			
OG0009901		XP_006613586.1			XP_003249206.1	
OG0009902		XP_031367376.1	XP_086763307.1			
OG0009903		XP_006610418.1	XP_086762500.1			
OG0009904		XP_031368386.1			XP_016768372.2	
OG0009905		XP_031364513.1			XP_026301550.1	
OG0009906		XP_006612711.1		XP_043784374.1		
OG0009907		XP_031364803.1	XP_086768865.1			
OG0009908		XP_006620114.1			XP_003249756.3	
OG0009909		XP_006607576.1	XP_086762015.1			
OG0009910		XP_006613944.2	XP_086769887.1			
OG0009911		XP_006613861.1	XP_086766963.1			
OG0009912		XP_031371313.1			XP_026296279.1	
OG0009913		XP_031371085.1				XP_048267565.1
OG0009914		XP_031364100.1	XP_086765114.1			
OG0009915		XP_031364860.1			XP_016768132.1	
OG0009916		XP_031365190.1			XP_006558685.1	
OG0009917		XP_031366876.1			XP_026297102.1	
OG0009918		XP_031367029.1			XP_003251670.2	
OG0009919		XP_031367946.1			XP_026297622.1	
OG0009920		XP_031368847.1	XP_086767460.1			
OG0009921		XP_031368984.1			XP_026296396.1	
OG0009922		XP_031369500.1			XP_026294945.1	
OG0009923		XP_031369895.1		XP_043793133.1		
OG0009924		XP_031370463.1			XP_026297693.1	
OG0009925		XP_031370562.1			XP_016772907.1	
OG0009926		XP_031370637.1			XP_026299406.1	
OG0009927		XP_031370925.1	XP_031773886.2			
OG0009928			XP_086763884.1		NP_001011612.1	
OG0009929			XP_086766185.1		NP_001172015.1	
OG0009930			XP_012348042.2		NP_001165874.1	
OG0009931			XP_086773265.1	XP_043786899.1		
OG0009932			XP_086763703.1			XP_003399718.2
OG0009933			XP_012347327.2	XP_043784430.1		
OG0009934			XP_086764039.1			XP_012168042.1
OG0009935			XP_086766384.1			XP_003396996.1
OG0009936			XP_031771882.2	XP_043795972.1		
OG0009937			XP_031770935.2			XP_048265572.1
OG0009938			XP_003698868.3		XP_026295428.1	
OG0009939			XP_031774494.2			XP_048264658.1
OG0009940			XP_003697008.1	XP_043802567.1		
OG0009941			XP_086760747.1	XP_043792269.1		
OG0009942			XP_031775482.2	XP_043790104.1		
OG0009943			XP_086773323.1			XP_012168427.2
OG0009944			XP_086771890.1	XP_043798671.1		
OG0009945			XP_086771647.1	XP_043801170.1		
OG0009946			XP_086770988.1			XP_048264569.1
OG0009947			XP_086770795.1	XP_043793695.1		
OG0009948			XP_086770585.1		NP_001127805.1	
OG0009949			XP_086770213.1		XP_026300587.1	
OG0009950			XP_012343162.1	XP_043787552.1		
OG0009951			XP_086769991.1			XP_012174402.2
OG0009952			XP_086769322.1	XP_043788572.1		
OG0009953			XP_086769511.1		XP_026300401.1	
OG0009954			XP_086769594.1	XP_043790935.1		
OG0009955			XP_086769744.1		XP_026302066.1	
OG0009956			XP_086767794.1	XP_043792186.1		
OG0009957			XP_086767291.1	XP_043800166.1		
OG0009958			XP_086766769.1		XP_006562430.2	
OG0009959			XP_086766318.1			XP_012166028.1
OG0009960			XP_086766299.1	XP_043800538.1		
OG0009961			XP_086765584.1			XP_012176103.3
OG0009962			XP_086764886.1	XP_043785725.1		
OG0009963			XP_086765204.1	XP_043785736.1		
OG0009964			XP_086763641.1	XP_043803996.1		
OG0009965			XP_086763254.1	XP_043789301.1		
OG0009966			XP_086763123.1			XP_048270428.1
OG0009967			XP_086762075.1	XP_043797165.1		
OG0009968			XP_086762320.1		XP_026298246.1	
OG0009969			XP_086761449.1			XP_012168629.1
OG0009970			XP_086760367.1	XP_043792974.1		
OG0009971			XP_086760470.1			XP_003395308.1
OG0009972			XP_086759722.1		XP_026296204.1	
OG0009973			XP_086760191.1	XP_043802460.1		
OG0009974			XP_086758572.1			XP_020722409.1
OG0009975			XP_086773630.1		XP_016769261.1	
OG0009976			XP_086773491.1			XP_048269520.1
OG0009977			XP_086764492.1	XP_043793651.1		
OG0009978			XP_086763054.1			XP_020720036.2
OG0009979			XP_086771839.1		XP_026298743.1	
OG0009980			XP_086768323.1		NP_001177743.1	
OG0009981				XP_043785742.1		XP_048267917.1
OG0009982				XP_043785745.1	XP_001122027.2	
OG0009983				XP_043786291.1	XP_026298356.1	
OG0009984				XP_043788047.1	XP_026295390.1	
OG0009985				XP_043788397.1	XP_006559834.1	
OG0009986				XP_043790714.1	XP_006561114.2	
OG0009987				XP_043790716.1		XP_048268722.1
OG0009988				XP_043791269.1		XP_003398154.2
OG0009989				XP_043793998.1		XP_048268948.1
OG0009990				XP_043797385.1	XP_026294934.1	
OG0009991				XP_043801976.1		XP_003394811.1
OG0009992				XP_043802008.1	XP_026295814.1	
OG0009993				XP_043802372.1	XP_006562777.1	
OG0009994					XP_016766794.1	XP_012176180.1
OG0009995					XP_625265.1	XP_003402399.1
OG0009996						XP_003398599.3, XP_020723144.2
OG0009997						XP_048262803.1, XP_048264604.1
OG0009998						XP_012174865.1, XP_048262522.1
OG0009999						XP_012168098.1, XP_048269855.1
OG0010000						XP_048270094.1, XP_048270096.1
OG0010001						XP_048260776.1, XP_048260778.1
OG0010002						XP_048267551.1, XP_048269816.1
